month_year,SN0101_LST,SN0102_LST,SN0103_LST,SN0104_LST,SN0201_LST,SN0202_LST,SN0203_LST,SN0301_LST,SN0302_LST,SN0303_LST,SN0401_LST,SN0402_LST,SN0403_LST,SN0404_LST,SN0501_LST,SN0502_LST,SN0503_LST,SN0601_LST,SN0602_LST,SN0603_LST,SN0701_LST,SN0702_LST,SN0703_LST,SN0801_LST,SN0802_LST,SN0803_LST,SN0901_LST,SN0902_LST,SN0903_LST,SN1001_LST,SN1002_LST,SN1003_LST,SN1101_LST,SN1102_LST,SN1103_LST,SN1201_LST,SN1202_LST,SN1203_LST,SN1204_LST,SN1301_LST,SN1302_LST,SN1303_LST,SN1401_LST,SN1402_LST,SN1403_LST
2010_01,30.610000000000017,29.260000000000048,31.580167464114876,35.27520054384775,37.77161904761908,37.69281534639806,38.05135734563521,36.84830976759307,33.974679572763705,38.01198974358978,37.580079376745594,37.699934926011814,38.34807422486688,37.94938709289752,37.59372096881227,36.9056221552664,37.59335003885009,37.277813169984704,36.71489829706721,37.90715041020965,33.34479766879263,35.530612009237885,33.654236408645204,37.30964845719777,37.95095892800048,37.31478088235294,36.40570680628276,36.52821902683954,37.5298340421736,36.38541908997609,35.966966762550264,36.68047286279994,33.709095904981424,29.979603128621108,31.708061433986146,39.279867236443614,37.652004193331315,38.41093920411016,37.34919540229885,37.03289600118264,37.09042944191898,36.652177053512496,29.964248227603377,28.221534908992155,28.978888888888907
2010_02,31.530000000000033,30.380000000000024,32.39000000000004,35.0214285714286,40.30355842570935,40.02155148095912,40.390931212615584,39.34699263351752,37.043333333333365,39.9798631016043,40.6995282555283,39.59281185932823,39.84437644920723,39.905845551758375,40.21293879056051,39.4711909741332,39.71030342365735,40.407513706064094,39.94973377156948,40.77958641587293,37.15035233032519,38.405915422050704,37.967678130759374,39.30402125029588,40.78075246795193,39.93975782832333,39.09511523744553,39.01632664069524,40.028247499670606,39.31368868928026,39.28036143635073,38.93637297343183,37.03225866770548,32.21368610511162,35.65300000000005,41.71064491596323,39.90645762488465,40.60990265033307,39.848662925944026,39.41080121417484,39.40869246435849,38.684889156714554,32.78256545128512,28.90621550591329,31.150819320804516
2010_03,31.102129629629655,29.950000000000017,31.79000000000003,35.27612244897962,40.40000000000003,40.40000000000003,40.97878458264367,39.90375745974556,37.80722222222224,40.972831097351246,41.79985699152542,41.40729186961412,42.110113547097086,41.550996183206095,41.091623652942864,40.65277517985615,41.59640607807184,37.530614222469936,37.46742596810937,38.10896662736924,40.21166989948866,41.52916945284726,38.77877120473753,39.43818384966992,41.30044397722572,39.5603140625965,40.27942581042869,40.280556721528846,41.21351419949802,38.56400885445496,39.84759976586997,38.17766411378558,41.15850000000005,36.15573578595321,40.28151840965346,41.80876054131836,40.96740821005323,42.26234800467409,40.46843427680499,40.34894666155026,40.44457409730938,39.55128422357687,35.67827421429889,29.848926086956546,32.907000000000025
2010_04,28.670000000000016,27.690000000000023,29.470000000000017,33.70880886426596,39.11000000000002,39.2986687725632,40.169468906037274,38.71216166077742,36.32421780257097,39.94752823795185,40.0163442122564,39.41871063894839,39.9209974894647,40.07852067333805,39.6715875946096,39.28120392141235,39.77860032894738,38.59286606806482,37.98007051564567,40.11072432893057,37.65192857689077,37.90867538800581,36.21038662152272,38.8089192591991,39.95035120066722,39.56430341970372,41.14928338371479,39.800183468139664,40.34673282761728,39.30800359297987,39.78265140761774,37.050629453681736,37.96896281271132,36.0871622550705,37.649877612652055,42.281999572994344,39.59485043204086,40.390778863775246,38.030196113516865,39.064661189696736,38.40603791174646,37.55985543117513,34.93838461538463,29.590027369141325,33.02879358222774
2010_05,30.17000000000003,28.78000000000003,30.41000000000002,35.09500000000002,39.42056639395848,39.150000000000034,38.86154829742878,38.93715842318447,35.93444444444448,38.6991400832178,40.10896236317291,40.42186014703372,41.0308993690515,40.389244996199686,39.27628086600351,39.46643422697599,40.71441325651256,41.40504721347898,41.40712619111236,40.593386737283474,41.278696782580425,40.84880022744501,40.802972982263185,38.8116400862643,40.65078971161755,39.30837702028108,40.96751733639497,41.58067958622503,41.712914111612506,38.18386190684892,40.712502837684454,36.18332541899446,38.964873382104706,37.52611660968151,38.40642857142861,41.849188605373286,40.969034529382455,41.59114398644835,41.093544766826504,38.93038877231879,38.93894300324273,37.68701192010313,35.180059197934796,29.90502946954816,33.77352125693163
2010_06,31.77000000000004,30.870000000000005,32.482530712530746,35.91400000000002,39.96594594594597,40.2104304444628,40.579582848273226,39.18372493100281,34.81133333333335,41.282846645367385,39.56377211394303,38.53749695863746,37.905165404161494,40.53182420181315,40.42673850473853,38.05813598166543,38.192848878604536,30.274535818328612,30.906091937962874,30.028777557671415,29.77904699738905,31.56194402591536,31.181523252441313,39.05787506283419,40.13958592566111,39.53124527332136,37.65319131739988,39.081063033076845,38.9039982579641,39.31231620727678,39.640388219705976,37.680911713791154,34.780293920429145,32.27428571428574,35.06306857638891,37.21433851185614,37.305877068318,38.3119830668256,35.43634496825447,39.439363094372574,39.68780651517955,37.77973365988061,33.18047512467118,29.586521145975475,31.58714285714289
2010_07,29.885000000000034,27.50000000000003,28.953333333333365,30.592277004140037,32.15472440944885,32.35000000000002,30.154560906515623,27.713637065637094,26.81576321562525,30.597136879856578,28.40000000000003,28.438552911588356,28.054263941635032,29.67710048949039,30.80161796932069,27.86250000000002,30.568636120520633,26.966914293904097,27.78463802276247,26.43145983947173,25.317055542822228,25.06628603493024,25.279087677725112,30.654168377823463,30.182768053519087,30.68138096095017,27.80494885727989,31.18316576429999,28.3490030297292,30.67734311702211,32.77983480654981,32.06786711068826,26.55572398931936,27.061333948765323,27.182654713707393,28.814257916199164,25.80640864714098,28.09328528285446,27.061796211540027,30.31256026796246,31.436218236173417,31.3118725255912,27.43443769284054,27.716635220125813,27.90992673992676
2010_08,31.765000000000043,29.81,31.510000000000048,31.65000000000003,32.710589278264536,33.028243177387935,32.46880489966963,31.28335537990002,27.174102813299267,32.35758683729435,27.674000000000017,28.40868031719736,25.533857447944484,28.162935538926128,31.596673209028488,27.27631589072723,26.7102573399809,27.028203217528635,23.78371152154794,26.939245239483153,24.089678540399703,24.212225388485717,23.589651228626472,34.81219166732426,31.592967873613343,35.20981488159637,29.436863977887672,31.435176243612503,29.810978009947945,32.35049161268893,32.347080098921495,34.45476349737222,25.610000000000017,25.785343414716586,25.64815396653431,25.67981224217428,25.15294571829671,24.40704562223321,24.349026752430365,30.93568535091855,31.70998685651701,33.68835645599357,26.65625737630509,27.218500000000024,26.438089420759617
2010_09,30.750000000000057,31.110000000000017,31.02000000000004,29.646112804878086,30.966253644314897,30.57814393939398,30.450777645402404,30.550546443443555,29.048814908630384,30.730187908496756,29.800517158047377,29.8584575279756,27.97986952817128,29.715632814670773,30.609474386987152,29.83105737458699,29.41161292554669,26.558841927748983,27.432546264564813,26.560456441126014,28.348193475627568,27.96830058460543,27.779729568765873,32.47087389630973,30.347531985389512,32.84888128504897,29.408503591452185,30.9616152084288,28.347378524626365,30.709014282226597,32.77941860938203,31.71012780548632,26.27922191619123,27.471557748733016,26.844690871035283,27.5640931551977,27.095067463642213,27.140289737917023,27.123516256313067,30.157518129079076,31.098871239808854,32.027905933615294,28.03093174507795,28.654090113735823,28.5279688465818
2010_10,32.57000000000005,32.05000000000001,33.210000000000036,33.77600000000003,36.53601952770211,34.229022556390994,33.34852834224601,32.592658080533816,30.64655037677927,32.5169584245077,32.84739184178,31.910103212918298,30.52756634719031,30.35716582316166,32.42062131204445,32.27726222994786,33.27600409394528,28.46791938784589,28.577952655889185,28.389938771479414,28.594537876217753,28.905785560783,28.65186010058134,36.343529411764735,34.09494328271664,35.71194934249854,32.84715165025287,34.59227343551841,32.71241517828562,33.7780551168237,34.778321687166105,34.52500000000003,28.964460194041177,27.979914463452587,27.949608938547534,31.59217175826619,30.09390088703175,30.3472590772027,29.28208904574459,33.71054069600234,36.47021598968411,37.02891422530959,28.27995511735708,28.793846153846175,28.34949787109091
2010_11,33.69000000000004,33.110000000000014,34.775000000000034,37.27679727427602,40.76244345332912,40.30077698309493,40.359757040309226,37.15115354433695,32.78762092793684,38.64095860956822,37.478247089262645,37.39096270928465,36.44894516534119,36.087811798653455,37.77788790773114,36.28280953385362,37.71059484326525,31.528703028197626,31.419368840030355,31.90703459158677,30.153013087448,31.46890367885969,30.282161261508858,40.210629416186464,39.71233575383341,39.4379558147175,37.71140833298511,37.71368129480776,38.96805840664714,37.43648656230715,38.714513154645,37.04500000000003,30.21490759753597,28.888836907082553,28.891500000000036,38.14886304185358,36.033320463320514,36.96712147806006,32.965776397515555,38.20962869331651,39.35001706484645,39.96460712404265,28.801011725127395,28.916442241180565,28.548169664560056
2010_12,31.635000000000034,30.660000000000025,31.690000000000055,34.78613636363638,37.97266050151168,38.04000000000003,38.261483777938,36.71198301698305,33.18578929986793,37.74000000000004,37.41982627171607,37.65461631246417,38.7145494895695,37.65558811586363,37.713002662544056,37.09138119888968,38.28393375025771,33.346836389434635,33.285453424504,34.28225677395894,31.348808428855794,33.52643207012118,30.779416517819175,37.85250298727774,38.34554497229511,37.27845344701461,38.71049672901808,37.90872968572394,39.15248671927383,35.47479659561181,37.407756178736506,34.863333333333344,31.778702030731225,29.608623110151207,30.090893776321995,39.59411642262425,37.18526866265411,39.02903616660143,34.59445902344596,37.15669680011485,37.21269292176694,37.408121855025215,29.091604616792218,28.423932151117977,28.637989304812866
2011_01,30.670000000000044,29.870000000000033,31.005380434782644,34.09459227467815,37.07000000000004,36.77266281430581,36.42129570237336,35.71526924651927,31.59253196930949,36.04826989619379,34.26563764141243,34.26624015748033,34.60989930670192,34.403946501727106,35.588884656084694,34.77953091851971,35.034573306182935,33.77908227848106,33.44880957916767,34.47018705901659,30.65366952013509,32.152058496166276,31.028876226531768,36.52791870310458,35.34806894531251,36.40742424632499,33.88960251499609,33.151760637984864,34.849276106309745,34.438801640954544,34.211792134897415,34.34200000000003,30.408301458283574,27.55232656291218,28.592082263456284,35.77898551087944,34.279582960302,34.90596397748596,33.59424569041804,36.52745037368501,36.5288111753372,36.27782367297134,27.282456140350885,25.789004464285743,26.44872500000004
2011_02,29.65000000000003,28.49000000000001,30.340000000000032,35.09500000000004,37.55263563677901,37.13928481354715,37.358746350956864,36.84991192905736,34.315124411566934,37.61268018018019,37.46762856533184,37.15457665416104,38.080399197454035,37.71219904912841,37.78150055741359,37.40469280517385,37.281966313565576,37.845959034493255,37.90723236309823,37.59167104357363,34.907325573959255,36.346901469630055,34.77851168602087,36.93782358540459,37.32961463968475,36.18710912515331,37.213653811399894,36.590119124483536,38.40799381562403,35.06508769203881,35.7113564021066,34.27953073089704,36.78388597744957,31.60941654357462,33.71025690814044,38.561010499580526,37.34609283984954,38.23026975235853,37.15385742270675,37.21091627260087,36.96930048566507,36.80843872572468,31.562192185062106,28.151033386327533,30.027429403854804
2011_03,29.390000000000015,28.690000000000055,30.21985824742271,33.031666666666695,39.49000000000003,39.614226482389675,40.201425425595026,39.445041360598275,36.44181818181822,40.27315301391039,40.13926430517714,40.41215054191901,41.20100173581951,40.65020121402881,39.966549227553145,39.52616635972993,40.591528726331184,40.96727448378613,40.638571428571446,41.17017670246026,40.53256533101052,40.53345088161215,40.05885256139083,39.31109500413485,40.700747082872546,39.31175139229681,41.54973960992548,40.78331592213552,41.96728815618223,38.5636368220126,40.02978435244789,37.4316666666667,40.02749286028123,35.77364478287716,38.90733895339592,42.77728579418352,41.78246903836122,41.96956475485658,41.150837853596464,39.21478601764133,38.93602867348912,38.313773091773086,34.06722821614706,29.034375000000033,32.08714886459212
2011_04,30.5204294478528,29.980000000000015,31.165000000000035,35.150000000000034,41.00689554419288,40.88729272873629,41.20025595164676,41.18731358257847,38.68000000000004,41.32000000000003,41.73179941002951,41.97123526044651,43.36127112493517,42.77754557598616,41.36127842820617,41.21240901007708,41.85031680514603,40.77791479019236,40.90956877389532,41.59439153252795,41.059186043477155,41.279341368395414,39.80797312211908,40.81710287645048,42.26235826370497,40.81175567462026,42.02969190313595,42.408673466185455,43.299728524278216,40.43983358593515,41.59161145723405,38.946035485747565,41.34752384167442,38.97000000000003,40.53049985426989,43.532461322520355,41.84590289091207,43.59181316336872,41.15472863381163,40.77623931623932,39.930996236942875,39.18255952836694,37.803333333333335,30.89933054393309,34.472500000000025
2011_05,30.83000000000004,29.690000000000055,31.277029501525966,34.09838609772887,40.71000000000004,41.5066740740741,42.300195227765734,41.05753595612515,38.80866666666669,42.44715686274514,42.420997169968416,43.0932082200488,43.846864676400074,43.44917233560095,42.03061019968822,42.0922623594893,43.34674369445111,40.59108068053828,40.59395791764923,40.35004761127437,41.781275603790895,42.46711516705636,40.05422914911544,40.30735589089888,43.1522829607051,41.18145956908588,44.780528181090745,43.40784010495347,44.153340400202154,41.181606262063106,43.4062200225793,37.32319696559201,41.84580211640213,39.08833333333337,40.84621621621623,44.969187567318095,43.03004431546905,44.85001571678861,42.27920482406738,40.194299937284455,39.05671069077579,37.556485055201534,37.553455963600925,31.522307692307717,35.14571428571431
2011_06,32.72595879556262,30.430000000000007,32.465000000000046,38.34444444444447,41.84487738419622,41.21282258064519,40.7860055505357,43.06811809422791,38.567746354396846,42.705240083507334,42.21453179769657,41.231108414239515,42.6515690866511,42.02908649386085,43.096624432677785,42.8030208825475,42.27617647058825,34.060908055498096,35.96613793862065,31.189694761251285,34.40642857142863,36.09000862234147,35.780245722469274,38.43544754484512,39.34777357877807,37.93746965437409,42.029227098901934,40.46786782571139,41.21384029051165,37.682339253352694,39.59351460486237,36.0656666666667,38.0920581196582,33.531455026455056,35.06640796347724,41.43770460257619,39.779829467628645,42.09438806491018,38.53181815800511,42.564904782315885,41.94197489848656,39.310402592749426,34.5588888888889,30.850328867235103,31.908276999175627
2011_07,31.25000000000006,29.980000000000047,31.69000000000004,34.69441805225656,36.47250000000003,34.90587161366317,35.17869494290379,31.812472160356386,29.181269920318748,35.536747425802574,31.19202784719747,33.68389313697729,36.90949641434269,34.05637528219671,33.856000000000016,33.42871318469589,33.96211136890955,28.52638247243181,28.843754236224456,28.712014483476068,28.02834314484896,29.675807207071134,29.181453121346777,35.30700680050761,34.93783223798872,35.18395273264406,34.96613712302018,37.34822187352896,34.21306255715825,35.05507554458392,35.96824007916107,35.09000000000003,28.474405021834087,27.444480306345756,28.284285714285733,36.05954562994415,33.779283339270954,35.09469579353796,32.31226713068524,35.55343899974743,35.686350009368596,34.940267496201194,27.4354532072812,26.90601403768012,27.063836314675925
2011_08,29.44670761670764,29.04000000000005,31.40361963190187,30.55000000000001,32.40833333333336,30.851818181818203,33.39000000000004,27.319613231552196,26.554172026451695,34.516883116883164,26.283005262132168,28.0914285714286,30.1524480582774,30.78437493938511,30.027641073080513,27.569985734664787,26.711419141914227,26.348873281890523,26.467715484625465,26.28073477493385,26.525871719103097,26.348274998902102,26.211957608237523,33.313197908286405,34.679879997605944,33.560501182565645,32.181132386363686,33.808167910904444,33.80663563167914,34.18460829088358,34.68094696328881,32.714235624123454,26.176540538295455,27.966248382923705,27.303752438548575,28.061457127979654,27.118515877478284,29.85197048410042,27.06285268490378,30.317245879120907,31.33678510998309,32.30551582969435,27.153436012538272,26.17692895683458,26.531850668216176
2011_09,31.40000000000003,31.470000000000027,32.47000000000003,30.904877944325513,33.01823529411769,32.82933333333337,33.77866278593098,32.03028594295695,29.27804396536063,33.968812372022875,31.0303646641543,32.03069426171442,29.5260226171244,30.847753192565456,33.775942440210805,31.350603286384995,28.90848437241613,27.29891964040355,27.83034297242774,27.388798017348257,28.02888204751185,27.90418925369972,28.140142709943387,34.02965647312408,33.81316226608563,36.1776693166183,30.5282322000064,34.46761895373294,30.52994885299037,38.05611036012621,35.712587506854334,35.064153110047876,27.845600663782403,28.47044175301039,28.064870011094825,28.283943144865205,28.093558868276155,28.846709328993132,27.711620724997328,31.915217391304385,32.84730438184666,34.2803930206444,28.717317354591728,29.03805571677309,27.52549831081084
2011_10,32.29000000000002,31.54000000000002,32.60000000000002,34.2820671539516,36.36000000000002,36.231203641267726,35.23000000000002,33.90796401259562,30.705555555555584,35.01966473166688,32.547498364944424,33.40949006050135,32.88949604743089,33.44933333333337,33.80014936904457,32.965769771093335,33.0336322055138,28.700675044578457,28.800440801457206,28.72851500509777,27.651896447620064,28.199474646396656,28.390790331135925,37.031639857015215,35.028132227431236,37.53063593004771,34.713080317214285,36.84846899407171,34.780476085055625,37.527535049552846,37.276217590239035,36.34198871650215,27.515586704044875,27.26332681017615,26.95049130115172,33.59167996665084,31.84728341324892,33.19939259958794,30.21407367878702,34.3479012888108,35.157010502625695,35.77923516281513,27.408141849045595,27.514529828109243,27.517063944761357
2011_11,33.47000000000003,32.180000000000035,34.08243689320392,37.154000000000025,41.02753205903704,41.67054197662064,41.58335208562024,39.06137490747598,33.650000000000034,40.857776324395054,38.8614276568502,39.209942234230915,39.466585821653496,39.350293813366456,39.782454882571066,38.34429200810647,38.58623538931851,32.034326103795586,32.77639656540875,31.96485964912282,30.776858837321573,32.96423595384453,32.40217897538261,40.811399006298686,41.406829432601064,40.55863155275386,39.09302357331397,40.34597251585624,39.652075042370186,39.94380489160646,40.77928669879747,38.824258812895465,31.09407995846316,29.078137788624023,29.303000295887184,40.34723750701855,40.0906200393214,40.4034656130301,35.65113774973718,39.0937130753378,39.34764900662254,39.81148302359435,28.47956866537719,28.8608667119258,28.61256797583085
2011_12,31.30000000000004,29.950000000000045,31.78764565043897,34.973515625000026,36.36820021173982,36.58866153634742,36.44987176652669,35.779350759448974,32.693076923076944,36.91422965954996,36.30409049977489,36.52891150985357,37.09201811171254,36.640589994020395,36.53088448296332,36.02959603079929,36.40850999659484,32.59263697265984,32.909132995480114,33.03050805203744,31.906026544691116,33.78005265783495,33.0310119846835,34.344551452000765,35.59156376854185,33.649947586328445,34.15184465489976,33.469039603960425,35.212925454406005,33.43963460436696,33.90855306302275,33.686977463544,31.586463666391445,28.516833976834008,29.154828284401567,35.59120062746367,36.15050412238771,37.46792002343637,35.467971531817376,35.65322972084411,35.15283661180253,34.77780436802974,28.090577459662786,26.91686247877761,27.33384615384618
2012_01,28.870000000000005,27.110000000000017,29.58333333333337,34.02500326583936,34.14162479740684,33.86398584905662,35.20175512578163,33.773359433962284,33.93625000000003,35.5199579242637,35.89029445727486,35.950666666666706,36.520278473251274,36.0281013259621,35.655632707774835,35.46531818181821,36.529155170625465,35.65138598614018,35.90775302614184,35.829936881969296,35.03408273809524,35.5928463709508,35.34654189254099,33.84554812917735,34.652935820287674,33.94044794031791,31.90727047207958,31.34815932341101,33.65459668753308,31.81297056966471,31.466677094260444,32.304616650213916,35.46681265739629,30.82935279187821,31.968429704673635,35.585300207039396,35.5919308924057,36.21375642490009,35.96674081688882,33.85264515027324,34.211312953164835,33.65393886883279,29.52727272727273,27.461095591444813,29.094290098199707
2012_02,26.30000000000001,24.79000000000002,27.20000000000003,31.017941176470615,36.639444511097814,36.58180079051387,36.80069266238972,36.05844811753906,34.68024775472286,37.22975138929514,37.21018192439293,36.96541147029867,37.41933585785027,37.213537748855714,37.51591227387669,36.80957697498188,37.096793665579966,36.65322843960726,36.612103960396055,36.78171439846662,36.15259614039999,36.96739881473502,36.41007970595525,35.806123247604646,37.51765675840567,36.311369589977225,33.968176667151,36.21251308521677,36.651063065509526,35.30700524970648,36.28053833521514,35.304373557381616,37.15611431638274,33.15579675705904,35.345679272379144,36.351520572450845,36.34756636640224,37.46747324054108,37.15207663984722,35.78109275575133,35.21606128946674,34.68539711483917,32.679462492417656,28.46438894792777,30.590000000000032
2012_03,30.07000000000005,28.410000000000025,31.716666666666697,35.398888888888926,37.027866555114024,36.790000000000006,37.111021485573986,37.152682588372834,35.17459214501515,37.612757352941195,37.860575354877696,37.88995835857064,38.45001052277131,38.359653362155505,38.01852861851964,36.910710204699406,37.84744674437299,35.610640573200776,35.72848457350275,35.98003882522391,37.21274474649769,37.30081306759309,36.031790731886765,36.40894485275226,37.229929078014166,36.81355085748463,35.46657878619154,34.213842878331214,37.03021480406392,35.815685136566785,35.278596050105186,36.30680779151475,37.59254120630325,35.65251161350267,37.213596614950674,36.52848327046094,36.29955868153827,38.22933025085404,36.84707029396852,37.40880105598727,37.28386557151459,36.52678294749243,35.304001511355075,29.85071428571431,32.40887442572744
2012_04,28.970000000000027,27.57000000000005,29.690000000000023,34.27519470092336,41.01394555478983,41.82833361760195,41.830361599546265,41.56198534479635,38.94655247024885,43.079399836132765,43.40772794368121,43.38952333333341,43.799568613168226,43.608546059933424,43.108636363636386,42.31516726711277,43.15317644483368,42.02985731536807,42.15459063941996,41.27915834433816,41.90869126675856,42.21085525652659,41.28061218624262,40.31793169138661,42.213062443821656,41.05910135498822,43.9671650581096,43.15359115243736,43.281671914015995,38.55596457206796,39.848819261954496,38.05679653043226,42.276994315898285,39.775607851414115,41.214795799299914,46.03160670138347,44.15163511117717,44.212855156485674,42.712948168881105,41.81273256078166,40.32125532427872,38.428150234741814,38.43489884457038,31.41000000000002,35.468947368421084
2012_05,30.914627949183323,29.74000000000004,32.29738636363639,36.160000000000025,40.448205219878474,40.39013047210304,40.76394520547946,41.06350008859491,37.80285714285718,41.19598609233152,41.27780233356212,40.481850735685185,39.467429834550224,41.53023225695044,41.342136692325646,40.6813626747846,41.71575410719098,35.26085786683563,34.40794414627496,35.85012892515277,35.84285419929121,37.90629011402379,35.09057865786586,40.43951997443276,42.6098072426004,41.56029608550809,42.11115236315939,42.67003390047338,42.08125763396925,41.32190704793711,42.279929565381586,39.67874532768505,39.40444167104575,35.53033424729079,37.27628495642288,40.02995788986585,38.777923633134655,39.03258937356514,36.46880870008311,40.56147182996072,40.31257821400405,39.558168485333894,35.56940514775981,30.3574986849027,33.21718689162885
2012_06,29.763333333333367,28.890000000000043,30.59400000000003,35.962000000000025,39.775996152201834,37.53461538461541,37.281172723615384,39.05760580053273,34.06787104383726,39.35200000000002,39.03276766363245,37.90466964431616,36.78009757171153,38.15101469123512,39.09433673469392,38.31434295978999,38.9407435309532,31.966021096686056,32.43595335453586,32.02901506967705,34.847331006612784,36.09521025970899,34.85204507286416,35.932724891227636,38.02972721001288,36.80675259990316,38.67941286509931,37.28075121308334,38.151133938454755,37.05865355344813,39.213288625441656,34.943152733920584,36.03387000000002,32.2138382946519,33.67698617774193,38.465611642294725,37.97046870040562,38.813836493576275,35.90589660809156,39.32031717263254,39.17608532583221,35.81188247217973,31.68268249347904,30.354805447470845,32.02899904214562
2012_07,30.970000000000027,29.81,31.191181434599205,33.03773542600899,35.843936597110776,35.940000000000026,34.57103448275865,30.061376571806782,27.810168888888917,34.284793684965926,34.08759119361109,34.06526397584482,34.41117701361648,34.805165184470866,32.668312368972785,33.10189884649515,29.65108122456205,27.85093559806235,27.46386254707295,27.40800611907524,27.52629280681632,28.348250000000014,27.40571033034185,34.31116220830962,35.81267687801415,35.43661645517808,32.71306990142998,35.4038167721068,33.563610156186606,34.306819134314246,35.59442054209602,33.95461323763959,27.683994688401533,27.53112850530902,27.089283887468067,29.471645263157928,30.15217085931345,32.77919768227222,29.561024524354092,34.93358431489492,33.957736736064504,33.967800722767194,27.940996906221056,27.280234783909098,27.711305799648542
2012_08,28.476666666666706,25.49000000000001,29.95744525547449,30.14673076923081,32.2828609137056,31.6509164086688,31.095569717053305,29.565496289424892,27.152912530044976,31.390000000000043,29.53457928160352,30.092117487182698,30.09271775827149,30.78169009732737,29.707103421461937,29.532155477031825,28.969273279911604,26.40885422288183,26.782069582060657,25.71150313801035,26.967664366883145,26.77884090285401,27.093535961245497,32.679321325382716,31.562666743812677,35.942475176864846,28.96710808147707,33.43065070735252,30.34558305145097,35.06367579752721,34.058477890785326,35.81339198154026,27.310550443819015,27.206040837292964,27.315131309686237,27.091575301938715,27.346920256929312,28.6521755813954,27.468844408427877,29.42946465913846,32.10166666666669,32.0658824341107,26.68479972514105,27.03249557130206,26.060475201462182
2012_09,31.57994082840241,32.400000000000034,31.08789473684214,30.784505666275923,32.0268623737374,32.05000285714287,31.76429942418428,31.654707031250027,29.05120086160477,31.578861003861046,30.26731688107118,30.111111111111136,29.078205128205163,29.46661742983755,31.517084896010935,30.59722797487696,29.289753830263408,28.2807421518942,28.57819572204371,27.590299604887942,28.71339332964128,28.40514080820776,28.262332818930048,33.910595138306824,33.06346348251376,34.84577972396718,29.52943908811363,34.1507315207157,29.347529787313025,34.439428091663395,34.280689108078185,34.30212356515871,27.20985727515393,28.05348187311181,27.465265013444903,27.781913870806203,28.214144687954914,28.330346895351116,28.27936253310796,30.906009011145393,31.71465093273039,33.466756608433215,27.2784214662978,26.7616666666667,27.446521739130464
2012_10,34.54616481774961,33.96000000000001,35.200000000000045,34.466601941747605,38.28059727207468,36.71721091939225,36.549146729128346,34.90960027273504,31.65550000000003,37.48189953335166,34.01688603988607,34.90750218449636,33.4089288766499,34.64997807226624,36.349639362087736,34.65397074610846,34.64703518942974,28.966080158919944,29.357710068529272,28.95039524796064,29.420426821321577,29.72871674876849,29.346620783778505,38.592376009227245,38.560023481383766,39.687921171867,33.90735045009095,39.467742716310205,34.712401770498026,39.80818760934908,39.55626680709934,36.1536947966769,29.63830929418799,29.138605373295572,28.918038379530977,31.15252396613257,31.01699524971122,32.57922792402541,30.408762698271275,35.21272136625212,36.347500000000025,38.658955636112594,29.049692270560566,29.201538461538497,29.3492498849517
2012_11,32.525000000000034,32.58000000000004,33.910000000000025,34.41683646112603,39.22848933649292,38.48265982636149,38.63837033299702,36.53262596244768,32.28715846994538,38.21431702437253,37.59611111111114,38.09243379212153,37.35933441950276,38.40970635559137,37.84523568490985,37.15677305825246,37.41241688538938,31.279054629490997,31.904389491859934,31.031491376573975,31.091984375000052,31.53124814968323,31.35186951273046,39.80631842266368,40.40896402261158,40.1831735286914,37.712581942489486,39.212901801329174,38.59388870246083,39.181677809770186,40.31052784419683,37.32075767472243,30.15335031724673,28.918000000000028,28.978544758257556,36.7772739781465,35.65541879582319,36.592122878152765,33.4718592845245,36.96437317397081,37.215994906621425,39.14758516020241,28.591893354333955,28.41222222222225,28.02918058513622
2012_12,29.710000000000036,28.50000000000003,31.04000000000003,34.764285714285755,38.00769260599796,37.69248618784535,37.8582056786028,36.710592193808914,32.532185358817195,37.828830057803515,36.86270953294947,37.277907542579094,36.638590533311785,37.889517241379366,37.280445049954615,36.85173735186191,37.15496225821676,32.655804873144135,33.470599683186265,31.77797962399685,30.345786180151613,31.715234561991416,31.151098556593357,36.908035902387674,37.14077573427594,36.181759848595846,34.96770762052878,34.96721600162868,35.77837868822212,34.55815283861737,34.90825427812859,34.85142857142859,30.591687174139768,28.5136210826211,29.213531347612705,36.40914535352249,35.71478327615946,36.90721446035633,34.15378213314092,36.78117223867965,37.28294139261439,36.711619818537656,28.468302777273585,27.10714285714288,27.51519645907753
2013_01,29.470160160160187,27.960000000000036,30.024971428571465,33.59194335169161,35.9748082966688,36.191882075471746,36.08000551927152,35.345729706995684,32.79850000000003,36.07633919681384,35.85683882457705,36.21257461907746,35.96909410052233,36.40505185406257,36.21248500789061,35.971867026055726,35.847441148669944,34.2137407474932,33.966062905531764,33.465260794251634,32.09062822592542,32.84748991741887,32.847744311255596,35.14999128051824,35.09235735485839,35.06579869404086,33.09175043912991,32.78034565029376,34.652293109920514,34.43371641388003,33.280166894970854,35.093481582074375,31.03004540821054,28.652266178824643,29.464935816938787,35.93474741646123,35.09183766407715,36.34667156766648,35.277415298900785,35.345744765438646,35.28033168290475,35.03027630692212,28.02678196417542,26.41437500000002,27.47571428571431
2013_02,30.390000000000015,29.52000000000001,31.63870786516856,35.150000000000034,39.80607142857144,40.32000000000003,41.1078421322399,39.44281695916027,37.44733333333336,41.61066945606696,41.27978810498437,41.8487703810902,42.63978991793676,42.910843971264704,41.40936940186357,41.06176243483717,41.53428161553746,40.90781935677795,40.47772169979766,40.965331597642695,38.09339763667431,39.77928535845298,38.4426458416767,38.44040679408302,40.90787714756408,38.81217812726281,39.15204440185278,38.40721092632584,40.90795214823151,37.67999374659592,38.21323965523889,37.69288486416562,38.029999999999994,33.71090647105059,35.78354604200322,41.349073690031794,40.52921627585857,42.78046699707618,40.652593357803816,39.090569826338715,38.938139397867225,37.81239713579531,33.68136401222366,29.65615384615387,32.21425703794373
2013_03,32.03000000000003,31.130000000000052,33.70500000000003,37.275000000000034,44.2961911373366,45.35000000000002,46.29945231782023,44.93805189387623,40.44493150684934,46.640437158470014,44.95064376250837,45.78339183071368,46.61213746975954,46.667737671581136,45.84512839191404,45.18878602364133,45.58824068224896,45.27800972647802,44.3636204653852,46.27998517053891,43.30663858257963,44.03232592436535,43.56057226489072,44.17824542518841,46.407918505030665,43.81080928137134,46.466272517755534,46.46570169694987,46.15363877577072,43.061637551717375,45.4680724749422,42.19582394151694,43.34333974975939,37.46469944374667,41.28217040273557,48.27960058386419,46.91024214502495,47.09429658858759,45.71252356743226,43.55627694518584,43.061580649122135,41.55843385214011,37.80793650793652,31.786524107322997,34.46181818181822
2013_04,31.79000000000002,30.850000000000023,32.83910112359553,36.1514285714286,44.22888888888892,44.91264111859144,45.98138483965017,44.437542916853296,40.449044585987295,46.608571428571445,45.581476345840166,45.972228778467915,46.670648244338274,46.7627514761138,46.03067335766427,45.430573845218824,46.032537069945015,43.84714986945168,42.90488147124488,45.4074704791072,41.4096775303122,41.96705427817568,41.936912927057456,44.18924964163638,46.15259349261856,44.182903456454305,47.407026413636665,47.0167405233204,47.152256677260006,43.81100762128096,46.52948917092886,41.43194940641299,41.710994593491826,38.65566666666671,40.27937972166997,48.21239601524056,46.027599399714425,46.77872072979932,44.093812839873266,43.186887107903026,42.30973316202995,41.182363583521095,38.80625967568791,31.468197776477503,34.845555555555585
2013_05,32.857034482758635,31.730000000000015,34.46500000000003,38.40232029117384,44.306801505174064,44.17072227399818,44.27933693070184,43.552975191700526,40.55945991091316,45.332735042735074,46.09701877187403,45.65760218463712,44.28195334083704,46.59482345579696,46.5980286703868,45.06403324317253,45.15128784414165,40.77926227856049,41.46463622726424,40.34621456122385,39.9694184611165,39.21282385575593,40.05505704454912,43.68507009581447,45.40793867519695,43.93719554081373,44.3464656567142,45.2776635013813,45.09634067809192,42.184368852793575,45.77848863840254,40.68352941176474,40.46593444793912,36.64864455247359,37.96376820693122,43.56072040655773,41.96774209148363,44.349190779363326,41.27849522885898,42.56064074036622,43.30879315325728,42.30405192178019,38.68729427635387,32.344285714285746,35.53083333333336
2013_06,30.03666666666669,28.77000000000004,30.70197452229304,36.27000000000004,38.852172517123314,39.14393550971363,38.348414260084496,40.44667998668002,31.053288712011607,39.276786283891575,36.94628782148263,37.34402225475843,37.609476372924675,37.90819315963676,37.90554239923457,35.8077945520184,35.31664356576636,32.52895887249079,30.59293101365232,32.531466191848025,31.46730852530029,32.03284876618617,30.713720759876978,37.56281945294961,38.65333520219362,37.96720174919148,36.4073210443424,37.91905162186897,37.59222856424444,36.688927462255194,39.03008689048883,35.55632067684691,32.090472833353616,29.71254092261908,30.96970588235297,36.53247129397916,36.27884266908769,37.2102441651706,33.56216316047296,38.17786286998882,38.435774313147675,36.808431861804245,31.527234042553214,27.279048973143787,29.34904761904765
2013_07,30.950000000000045,28.370000000000033,32.52658227848104,35.91838815789478,37.14285714285718,39.78800000000003,38.31843462840563,33.296104436778904,29.79818418766293,35.597727272727305,32.71101436656512,32.68488601036274,33.30534272178034,34.68454545454551,35.450245901639384,34.44076923076926,32.720000000000034,26.84598572236975,25.796531256162517,28.15271125630785,26.310801049146495,26.182914938921932,26.030069439807743,37.0616960935776,36.55904145433411,37.34653329429754,35.43971519708362,36.96973051989324,35.18410157987515,35.67880693245006,36.19981149143071,36.03083333333337,27.307549255165803,25.962141623488804,26.299841901066955,30.061219942872015,29.6820947817968,33.0612174826716,26.938086467197405,35.311815958815984,36.93923188756969,37.43529631940116,29.18158573644733,28.27750000000004,27.976855670103113
2013_08,31.110000000000017,30.54000000000002,32.52462025316459,33.7917726798749,33.219971910112385,34.522500000000036,33.028095238095254,30.68482375941582,28.805763329285824,31.64200000000004,29.776071166544412,30.277150418191333,30.064873272923048,32.17793931731987,30.466666666666697,30.284972458688053,28.970272931606573,26.965259143867865,27.527090056070513,27.153247597700915,27.31390245669976,27.316735176340018,27.56073078307664,35.676246312684405,30.936861689848257,33.055886287625434,29.681446474345982,34.71104687582952,32.18763050423212,33.43790547050641,34.68300869889944,33.71285714285718,27.813510244907864,27.478149331783865,27.680647417503632,27.678070602901222,28.092183331451544,29.68850047303694,27.804066177785774,31.303174955216257,32.46767376153704,33.438315360651835,28.40761547508014,26.70864958749461,27.78415019762849
2013_09,30.03000000000003,30.27000000000004,30.710000000000036,30.47076700434156,33.640000000000036,31.71309090909094,30.71299363057328,29.029728021292556,27.84781558516249,29.91374485596711,27.2115783974926,29.46448862897989,27.450549316406285,28.965041176470617,29.73459363957601,28.283023573201003,27.20979167950697,27.347721820362757,27.891231090245213,26.90799986176153,25.349377978270553,25.65276991928399,26.906694978209185,33.84786760092033,31.43595676200889,33.943921976129715,31.559137560755097,34.648313042465276,31.939257507538542,33.02992073011736,36.17518811733295,32.45750000000004,25.84811277622556,26.03077662065069,25.70863951627249,28.062440374583257,27.7795989872961,27.53237548593643,26.96810991362436,29.43219855429103,32.847914077276435,34.53216577746851,26.710401775804694,26.2844618725869,26.315133389261764
2013_10,34.216666666666704,34.25000000000006,34.690718336483975,34.217777777777805,35.51661893567005,35.080821335078575,35.1992694456382,34.28302108045824,31.21186429061003,35.29876224156692,32.48218625099921,32.71234066413311,32.480003663540465,32.95137476459514,33.58125000000004,32.80186765503527,31.51898355215698,28.848706700091157,28.638045674132687,29.110579945485178,28.779924617305653,29.40628687778888,29.150843570843616,37.65318278351979,38.685229906266194,39.966944311581855,36.6527058999701,40.21256844850068,35.96517678844124,39.18215462485116,42.059561148715325,38.68375000000003,28.920135144901405,27.700408777429512,28.23058823529414,32.055686082558346,31.029969311705468,31.61127659574471,29.846696641407785,33.532429389312995,36.207385159010634,36.59303110221902,28.016832323707614,28.0868876941458,27.469048270714136
2013_11,31.760000000000048,30.60000000000005,33.03000000000003,36.03333333333336,40.07994303242773,40.920039370078754,41.2980487804878,37.70960000000004,32.782780387551405,40.4795215663183,38.337498341075005,39.09583422269659,39.40897279799008,39.26104004320656,38.46851337958378,37.90379820051417,38.47324796070523,30.345789331228133,30.713151822030415,31.151699162655262,31.092595327519295,31.655950764640117,31.589814555399965,41.43038511537215,42.347767530779265,41.306458990935646,40.21056868060936,40.90859964306961,41.279573615407294,39.17622770323602,41.1541947324797,39.30022617124397,30.401775623596215,28.73133069306933,29.171703862087433,39.44222619764992,38.55897185340401,40.031261448792726,34.780960174988685,37.28142475273992,39.19188153846156,40.68141770776757,29.278111736510272,28.796644444444464,28.57501474926258
2013_12,28.475000000000023,27.430000000000035,29.4766666666667,32.46289635130775,35.921538461538475,35.25877796901897,36.358395868741034,35.18132004169927,31.17741327506149,36.730127832655455,36.6973087349398,36.14956065295227,36.418576182896885,36.092577290293306,36.84952006688965,36.21620819277111,36.90789083333341,32.0276187263897,33.350013627459354,32.906464017022564,31.280632302002005,31.528889329316637,31.905036807439032,35.43810729744099,35.84646965794597,35.09280816699685,35.90928383015479,35.02833318144541,36.84643983946047,34.80509293414887,34.96571326720786,33.852351025724545,30.284860808098443,28.637935026138948,28.710314950339825,37.71271456172467,37.21015023966806,38.150416420657855,35.15385649185146,35.40190476190479,35.027108721624884,34.65657486832208,28.02955059887157,27.052860347728565,27.011936960732555
2014_01,27.925425531914915,27.130000000000052,28.690000000000023,32.703333333333354,36.430000000000014,37.10000000000003,37.14049409614849,35.464636736487506,31.804324273664513,37.01667589753736,36.98220015278841,36.968064246539605,36.34518212604279,36.28158103626382,36.714300374131504,35.77723441744365,36.46803535278727,34.714121380021304,35.71282519462141,35.151561959790705,33.46925151092518,33.526419582353746,33.2785040493637,35.681225527764255,35.09215944252979,34.93690846286704,34.59203676835553,34.51789915700074,35.59331619178045,34.307202737382376,33.71268230056699,34.57707362885052,31.966859567901263,29.35999000999003,30.091684145589166,36.84652872465154,35.90710647209838,37.466984961359074,35.40638668301807,35.714414083429034,35.41186479177939,34.18331875000003,28.650612894667063,26.646228999269564,27.63851548269585
2014_02,28.170000000000016,26.710000000000036,29.147919254658422,33.91000000000003,38.19828391734056,37.77340567612691,38.57951903807621,37.17922061294714,34.56437500000003,38.88932511901432,37.91933539412676,37.71140236133529,37.093840845652856,37.73035570082679,37.28350753768847,37.56290363419722,38.02684925455551,37.529664665357096,37.82923076923081,37.65133047658867,36.65274692025076,36.14028313811417,36.78018959782285,36.93522500716586,36.9664949896434,36.43940245350218,35.151064336210915,34.48109409057885,36.53031897777888,35.559971522755944,34.65331862702931,35.690631935881655,35.15478480278428,32.59348988221085,33.84650000000001,37.84856059580231,37.34795105468952,38.02910829648235,37.28131585149673,36.53019704111025,37.56018399698059,36.68512706177761,31.46812557035959,27.96777122339064,29.263678105364946
2014_03,30.15648275862073,29.330000000000013,31.34124781849915,35.59666666666669,42.26343588000344,42.58555659997318,43.10986875745701,41.80804009101123,38.18733333333337,42.88607403799321,43.02732498501299,43.40727370190082,44.53214046747146,43.920459248232255,42.78048046309696,42.1846175805048,42.966935381691485,43.59114936057272,43.78031045170469,43.59428634686344,43.43528086411799,42.90640700630292,43.68550978799867,41.43554280114792,42.90623697762377,40.93642387557127,44.02873601477823,43.468151274321734,44.40890538154711,40.18986237174427,41.84524795249223,39.55698307410798,42.277610439210704,38.47000000000003,41.59034397070366,45.55864090764844,45.09251518037135,45.40773995835968,44.78113990378379,41.32129492652092,41.176622069818464,40.178922828500355,37.31942317508937,31.089753649635064,33.59015644047138
2014_04,31.03251859723701,30.110000000000017,32.19082706766922,35.876000000000026,43.58758244680855,43.97097522611091,44.67189524636965,43.178510865400455,39.445339628388695,44.61384731442367,44.40752530468915,44.77800121449925,45.970204743969866,46.20229713437823,44.349795533779336,43.18515727514719,43.84703621926879,43.40795779333105,42.85050122345885,44.968416477196754,41.71164018616598,41.405837008755206,41.84838930272316,43.067382079025926,45.71271321503679,43.560152111020734,47.729917898193754,46.978354353441745,47.080576681825306,43.43722090542785,45.40841406428081,41.80947690857684,42.21656409238306,38.77929352396976,41.31139073606973,48.34726425715283,46.5314481059799,46.7111035276378,44.15417777490886,42.56154856737712,42.30740385931301,41.193765447056016,38.43859454855199,31.101250000000025,34.57259278088463
2014_05,31.210000000000033,29.190000000000055,31.20175632911396,34.83785714285718,41.41965281297519,42.69210612512288,43.01682581515082,42.31527909323812,38.325384615384635,43.48010057867183,43.04940127908559,43.35015646868832,44.4816741431904,44.140241345202845,42.91049048395873,42.81438921651225,43.28310784313728,37.28074622465359,37.4518266475645,39.78231784174255,39.777250149910074,39.27998403406069,39.59498839009296,40.941117932975224,43.449608436548345,42.05742450850221,44.26267746736896,43.580569356519035,43.762909505436824,41.439510389220594,43.84699218639285,39.18875000000003,40.70976493422473,37.35146491473304,39.46512670957364,43.96979123249609,42.53054617291608,43.906722072562694,41.02982629215701,41.183071672355005,40.566744334689176,39.56390358825665,37.18892857142861,29.60500000000003,33.472518281535685
2014_06,31.137015130674047,30.27000000000004,32.48000000000002,37.27428571428574,40.40211951722111,40.46775527426163,38.34795389048995,40.810413011695914,33.05736728060674,40.15520054384776,38.08429275158342,37.03318403674994,36.09189101003221,36.849424487352216,37.58703703703707,37.69917599428439,39.30148544790225,27.778923619271445,27.53126666394881,28.52942211182652,31.52719500310092,33.71064696485626,31.40467647058828,36.561588058838446,37.52845459114088,36.93807221982453,39.03093607158959,38.34657677005952,37.77937598197149,37.81699489692526,38.59142561283649,35.93094800200638,37.96825299668455,32.210000000000036,34.85000000000001,36.588312730427305,35.18201878701991,37.84522716441622,33.063996158538195,40.1821127619712,40.547021102876535,37.310385269121824,34.43314014865888,29.906204227448676,31.587223278813273
2014_07,31.452105263157936,31.00000000000003,31.476763925729465,38.447500000000026,38.44193241167438,39.727954545454566,37.0368960432539,34.29752828175029,31.3141634156914,35.71400000000004,40.86200000000001,39.166705315001074,36.56424589686321,39.15057179707657,37.7778805719092,34.950598652550575,36.65545454545457,28.308091841016747,28.410914751326057,30.31175517921739,30.308844475811636,33.07256086357376,30.940165547024996,36.807593040909296,36.81027388147966,36.467651372605815,33.778899204437714,36.03294544149322,34.938776048653956,36.680134061865566,36.65443920111226,35.30698815808249,32.441562847608495,28.31181327223632,28.80823518010014,34.02686839135709,32.81182643445194,34.31117463153197,32.30797195425166,37.688996771790464,39.41056925145676,37.81540688295393,28.678038415003066,27.66896918172161,27.53333421610172
2014_08,33.650000000000034,32.53000000000003,34.27000000000004,34.28000000000004,33.86419540229886,33.70750000000004,36.476799637352705,32.02749098064942,29.92392343359889,32.276368580060456,38.53666666666669,32.79000000000002,34.09741815727307,30.9043238731219,32.64852639574634,32.81099026726404,30.53000000000003,27.846119579945817,24.652527217125403,27.403070420744935,28.05041003557389,26.55815442333296,28.47125551308441,35.468756919979896,34.1856073732719,35.18372956692112,32.18242638420437,34.56233346931643,34.30703429876726,34.40829628210045,34.593796505073335,34.78277777777781,27.022500000000036,26.715789473684243,26.032105263157924,32.0635659158923,29.439036271203022,30.348555896536627,28.565645575032125,33.68405866302869,36.72000000000003,34.949906299840535,27.279362880886456,28.154285714285752,27.047058823529444
2014_09,31.75000000000004,32.57000000000005,33.25195876288662,32.715757575757614,34.70168130489339,35.34452919748316,35.27738797912545,32.70538168746039,30.032096313517112,34.28050916784205,32.71013037180109,32.59179293900474,31.09156444985545,32.437656353153514,33.847460159362576,31.65409579573819,30.59272667714894,27.6542136484976,28.580678371173857,27.59232155817423,27.592859025032972,27.90537976827704,27.96473427744789,35.09193881984882,34.81373656665736,38.31488069523283,32.65016091103659,35.80416258988961,32.6859413332778,36.679865863916106,37.561804488214406,38.18316440700279,28.469293938735643,27.030778535581035,27.5323418705507,29.450031982942452,27.96704468403039,29.64968831253255,27.558821943857332,31.70868008286479,32.84266243654825,34.771312504785996,28.093804709495824,27.03765193370168,27.284754432199364
2014_10,34.165402542372895,34.07000000000002,35.25966666666672,36.97034682080928,36.6977441485069,36.25857142857148,39.5949021829444,35.90994458438289,32.149043362495284,37.70822296331592,34.59161581395353,35.469185393258456,35.966309864783895,37.14972466176127,35.52946128318586,34.718019137703514,33.088158813263554,29.589998995227365,29.025804560954835,29.592218197879887,29.153914793810888,30.15202702702708,29.28103340402974,39.4683752739364,42.03032284536955,40.30895780778554,38.406258341018855,42.52930073677163,39.59201121760434,42.05707539815128,43.09301318969689,41.07335146898805,29.07840135682245,28.801150537634424,28.53048008968173,34.06022268172421,32.53056287851799,35.77997523475391,31.09113609202277,36.09082751540044,36.84736104071636,38.28058884440151,28.652283285559008,30.07800000000003,28.8610840840841
2014_11,33.420000000000016,33.180000000000035,34.870000000000005,37.54000000000003,40.23212591756073,39.551929824561434,41.521313842482115,38.35110306265093,34.03222222222226,40.800061926605515,38.79476895119421,39.213080632879304,39.46674741456838,40.13885578069134,39.7146079238723,38.77636977665707,38.52696218226912,32.84687576759564,33.08956583160674,32.03105798927687,31.780349898035865,33.845246142542265,32.71483731439642,40.30927617201998,41.28090816993475,39.937068930167754,38.845441971103035,41.09379600842449,40.09148737151472,39.93972676488466,40.907050483274865,39.18116929842098,31.28560975609757,29.64036324786328,29.82946550313612,40.2812203724605,38.531243254334726,39.21272030878863,35.90792514239224,39.34836958066812,39.783481426448766,40.5640962052065,29.230633551650364,28.829513358778655,28.8597149017729
2014_12,29.970000000000027,29.210000000000036,31.76196850393704,34.47500000000003,36.07897485782704,36.29000000000003,36.017530717104776,35.68024408449656,32.94333464877666,36.44644570707075,36.611703867403335,36.265681065280944,35.23095404370357,36.200604105002704,36.578886105021454,36.402833249986145,36.65368491411007,33.090761450072876,33.595400956337734,31.908926121455433,30.907839790409703,32.65387902123963,31.279414245156985,34.847217678893585,34.84764862104188,34.0944723867627,30.410018848167553,30.02959769910879,32.466797778720725,33.05916397862408,30.778818352899027,33.781396438612965,30.71187815237593,28.32953977646289,28.78165852958071,33.59075912766483,32.84660658209641,35.09159862935012,33.345780968581174,36.30533040948006,36.410523282618755,35.184044378297976,27.90771600897704,27.95248780487809,27.552935887412065
2015_01,27.28000000000003,26.74000000000004,28.530753138075344,31.70400000000003,33.30298416565165,34.33094866071432,35.36205882352941,34.567493446043585,32.18615384615388,35.641407942238274,35.76307692307695,35.700640618528276,36.30032098182676,36.515566252850306,36.02978489406436,35.18832381956943,35.2838468622101,35.15195297613284,34.90720259552997,33.77850573520571,33.40691915193103,34.2612837233763,33.34556424961121,31.909404354717648,34.09363994817779,31.311402843601908,34.46797913841311,32.590198182471696,35.1526411175855,29.809953123842032,30.09101091755166,30.803109594235902,33.27506779661019,30.038510638297897,30.4036064030132,35.27960806421307,35.76159475883029,36.83018143649723,35.712625809354776,33.52995558278451,33.34867359463222,32.713647864265546,28.530835473163418,26.025505011565183,27.095835240274635
2015_02,27.57000000000005,26.57000000000005,28.86022988505749,31.46399728076142,34.7977675276753,35.79673913043481,36.70048928339472,36.02927331244179,35.0526315789474,37.2613154569704,37.63997912861995,38.08167065009565,39.10987766608163,38.86189845474615,37.15288464767454,36.93656432010235,37.84518347990238,39.28053219689252,39.212081496945835,39.30036670693654,37.96954087406374,38.19798261189008,38.21193076328007,33.67859985666511,36.211905324621185,34.681807769256466,37.27887613473489,36.84656973048565,37.710672706216926,35.310743866785316,35.40744717478833,33.42767830045526,37.529406175772,33.529141762452134,35.0244781241064,39.7151149549239,39.46640201394266,39.61000000000003,39.84801742630903,35.71133933354767,34.65729787888106,33.308808268061156,31.557630196936568,28.151809260962924,29.70902097902101
2015_03,28.393517241379335,27.970000000000027,29.71400000000003,33.54051782682516,35.700646531382766,36.6112298046781,37.17131924761664,36.27917485167275,34.299629629629656,37.70333012882141,38.97716694154299,39.04947330960855,39.98031786983405,40.07779345734448,38.03024718686589,37.65253010164196,38.654369463790715,39.57992639327033,39.45050000000004,39.77996233547837,39.15103064509725,38.978935403382344,38.85065379793122,35.05909275823405,38.01861150477855,36.308651394965565,37.38868623405855,37.5948504427978,38.5281789738905,35.80339787861188,36.347050897754855,35.556415592647404,38.467665739602914,34.96548135299223,37.77731917134833,39.96681405895695,39.35978072126644,40.30173051251972,39.41967775995451,36.3436498786408,36.402180740432655,34.81397335103126,33.94112770339859,28.347753243168672,30.850000000000023
2015_04,30.605646551724163,29.690000000000055,31.350000000000023,34.65166666666669,38.60928571428574,38.80100367588303,39.80120376751665,39.43189630029711,37.05000000000002,39.9823702664797,40.800107165561705,40.80027105694016,41.67033614886597,41.30075002175237,40.215000000000025,39.910167727442925,41.02890480481913,37.905619271607925,38.7762091503268,38.46697460018816,38.59397388859776,39.140834653608024,37.27721059030123,37.43575603815713,40.016455690501694,37.43972145365926,40.610886370241246,40.84797550226088,40.78056075148619,37.06278155360959,39.34681944834033,36.31005871075966,39.5923468685479,36.03283402922758,38.15109751121995,40.59240884580823,40.093415874057065,41.48033800673843,38.65345444169681,39.6911252548357,38.81003736980204,37.180739036562535,35.32146853146854,29.59770865733544,32.28613043478262
2015_05,31.57000000000005,30.640000000000043,33.025823389021504,36.57842975206615,40.29000000000002,40.650000000000055,41.29974176158594,40.18471967498554,37.31705882352944,41.15000000000004,40.55029030054646,40.76108888973707,41.85892732606408,42.07918246625215,40.41049403855915,40.15046301500155,40.9085475608531,37.34810186150409,37.30079778009017,37.65125630260968,39.59110339398996,39.15069026548678,39.092045009166256,39.592587344246304,41.80003619808195,39.81318571762377,42.20083630341651,42.09319339158618,42.517511138785274,39.06145359101718,41.40754742161033,38.05144917215599,39.90839887894408,35.97036328408819,38.092818925491976,42.214689666907766,40.71100320875806,42.08071065169995,39.65281732571106,39.27773696763204,39.71409806615241,38.56145052931599,36.18506048649357,30.52941258351896,33.28111111111113
2015_06,29.590000000000032,29.250000000000057,31.710000000000036,34.96500000000003,39.03389387755106,38.40832839899798,37.78131075110458,39.06485607558781,33.80486565816215,38.06223751686911,38.21452200303493,37.3595675092848,37.54991429103783,38.19948419301169,37.44330218419279,38.17987571491425,38.84869098712449,33.65456964257098,32.21587474747478,33.846155363331555,35.5916824698476,35.52675318420211,35.28053120188389,35.529632957271964,37.348067071702005,35.59339100841845,38.909954078759306,37.78019012683121,37.84909715683288,36.06245641025643,37.90726098614918,34.77194986072427,37.410442832601696,34.59290776152984,36.300818139678626,37.08898509110994,37.78124497919962,37.906770901627645,37.21159455988546,38.442466615163944,38.82027972027975,35.43172110047464,33.811317886736695,29.60000000000003,32.03029643073204
2015_07,32.72500000000004,31.31,32.7134136546185,36.35250000000002,38.17279208215513,37.69000000000003,38.20181818181822,33.313284182305644,29.92285714285717,35.4376278001149,38.924621072088755,38.55594525478314,39.81745226575099,38.4349255247123,38.690000000000026,36.29805961910023,38.82044987503475,29.911104748137493,28.96861720698257,30.18354750095388,32.969863533591756,33.436531270358344,32.06066321480245,37.941119667568934,37.81334775509698,38.312484515232015,37.68096032695377,38.15095160465419,38.05939799159757,36.80385317349691,37.59220610630598,37.18534683239779,32.44686269070739,29.682143796580487,30.81156475934726,33.311555528240426,33.30947778679275,35.31579186346913,32.685390792968256,37.94399507948528,37.055475168608226,37.93672428465061,30.18173061259489,28.21444444444447,29.85270270270272
2015_08,26.60000000000005,27.110000000000017,28.99000000000001,27.17485714285717,31.6487519151444,31.70877533039651,30.78054789678334,30.30763219214914,29.310465634674955,30.85838866396763,30.29809179379275,29.967657864523567,28.77966004822434,29.280113292620275,30.79604613576256,30.730000000000015,30.684306760291943,26.939077118145217,27.46571529494881,26.846760631896963,27.034877197356963,27.776832757770105,27.283022919677876,30.77507478825017,31.05704951458567,32.05925938326583,31.531932335289852,34.307767038355465,29.3101228736528,32.44022384496557,33.34509315094579,32.45080818775369,27.68543495363871,26.673723016205276,26.372740408570017,28.30707621940576,26.43785894499862,28.031585379328728,27.439012976940887,31.183406963376623,30.273329525985183,30.190181875859185,27.11765710171761,26.157500000000027,26.90351900393187
2015_09,31.010000000000048,30.660000000000025,31.79000000000002,30.228335343787716,30.84199552481696,30.410180947312444,30.950878585603498,30.593939393939426,28.411266430906817,30.98123445331355,27.91666422152948,28.198427430459972,28.907002958119296,28.20984363415788,29.696923076923117,28.41720255800123,27.89031092300183,27.710733309893232,27.848226638158717,26.848481998530495,27.418537389237137,26.920643863179126,27.21345977369924,31.467835614331875,32.557799242872406,35.05654626845272,30.21225458235949,33.34944688816098,32.308571598750156,33.81092020780606,33.15248873856563,33.307727272727305,26.422475124378153,26.46379942999647,26.90981445937304,28.058928235106045,27.34927537927959,28.299347745652508,27.212260823955752,31.71307692307696,31.347944104134793,31.651046579236432,26.678711289390534,26.850548549810867,26.710591311927978
2015_10,32.97000000000003,32.85000000000005,33.265707762557106,32.14137420718821,35.47018288426639,34.279211279117305,34.9054130288785,33.281636741928054,31.06345745040961,33.96443933955494,31.20049986191664,31.846021374927805,32.908127052034644,33.46933587730244,32.91468309859157,31.908207412120277,30.731762171477836,28.4802805593144,28.549732364116988,28.42172183588315,28.711007901390673,28.800004111842124,28.729725677089412,36.96632270513648,37.21279167922824,38.435810914462685,34.780436112989996,36.15183087664861,35.280949169850594,35.813075260571004,36.212205971103025,36.52502546024289,28.198961560527874,28.30062360369112,27.908014225022708,30.967591185930363,30.34716404874464,32.3445889660212,29.53282184562805,32.524080924855525,34.024174757281585,37.02997821187079,28.66927118228617,29.332469733656215,28.26180930002476
2015_11,34.020000000000024,33.33000000000004,35.193353605560425,37.142500000000034,40.35826676858401,40.11316231676798,40.30203678929767,38.31081394078447,32.72500000000002,40.60836472123813,35.781161252215,37.472202477113655,37.52873275393812,38.59377614903042,39.59279421085994,36.276757626644304,34.78036812550138,31.151236857399535,31.78510964912281,30.347459955862476,30.263979209661407,31.406450228436988,30.653084112149592,40.27666729922576,41.01799138137425,40.81450511455976,38.2795440703484,38.65335804094079,39.53028730385475,38.55410525307672,39.4077734191119,39.213985932004725,29.216458837772425,28.41960514897312,28.418988135979973,36.21402995771522,36.06162815024626,38.467622383903745,33.059645367412166,38.21570265740966,39.466845814978,39.96710713625443,28.2616136155955,28.203846153846182,28.35643339472071
2015_12,31.02789473684214,30.210000000000036,32.380000000000024,35.02899441340785,35.609612473508946,36.078880062305345,36.201199121637565,34.281035523566324,30.92583333333336,36.67092788461541,34.3579359965636,35.40811362191533,35.98014802044944,35.729662206914846,35.77512657771367,34.653719946342015,34.90579032041833,29.532208214192913,30.70988562413729,29.71111829082391,28.713284358340953,29.78118960191176,29.210011170955564,34.15435323383088,35.01586748205456,33.77894107358728,32.71346893234077,32.01713080168777,34.15242849433352,32.778839473788814,32.84842717453829,32.709881995954184,28.652354286682517,27.364586212708595,27.5924990576706,34.59328144964576,34.02704017707992,35.96802639386189,31.970922172922435,34.28025643055006,35.02750639186017,34.09263380382608,26.849397675919963,26.530092182890883,26.978515976838967
2016_01,32.1390025575448,31.370000000000005,33.46500000000003,36.64727272727277,38.473728524430385,38.77000000000003,38.98253273714471,38.21531031031034,34.59000000000004,39.026482564435796,37.85844846221874,38.13985153215372,38.30038168265935,38.260616823536395,38.65274266134812,37.90276414704672,38.15135050793445,34.84668018614181,35.84571488163524,35.14917798165141,32.850193620372806,33.97104091190247,33.96961979480994,37.472492439067814,37.88938888489475,37.283073368447866,35.90632686622686,35.405594663249204,36.53086831118893,36.05687543072294,35.65325435842058,35.96126627218938,32.78048327137547,30.702459053685207,31.152857142857197,37.848618975222905,37.21288250353702,38.550493730407545,36.40444441683032,38.09123236033257,38.0315413151004,37.156305434607376,29.966270873834834,28.66774814314656,29.417876447876477
2016_02,30.090000000000032,28.690000000000055,31.39178683385582,35.54682445759372,38.15230551181105,38.967725016767304,39.34630219303679,38.44516754850091,35.947327188940115,40.090263767023814,39.21668069508555,39.34599221789887,39.34507565600461,39.90643289371605,39.84178086296447,38.81111100258829,39.34951927472194,37.71398418597691,38.07892443391263,37.591568635275365,35.347204408817646,36.90897958134035,36.3484355742297,35.93796595671888,37.4683282292156,33.814314290223315,34.21357821575254,34.13854157403296,36.279803855876814,33.30665111568092,32.96552170775918,31.828836012861764,35.278877551020415,32.20842774068494,33.34836222627738,37.28068372483225,36.53127386029045,39.34839293741572,37.90658072607047,38.68425480036579,38.56429100019274,35.56251747302711,32.15241813124294,29.27616243654825,30.90703725060551
2016_03,31.590000000000025,30.730000000000015,32.97957055214726,36.72000000000004,42.650000000000034,42.97445197947217,43.44767270288402,42.6877646399552,39.56307692307696,43.66783604887988,43.30223232740804,43.70044454628785,44.550276940335145,43.97532623358185,42.97037078000741,42.691189444925726,43.52879280129417,44.27864230652973,44.15636295494301,44.65299224589102,42.09384615384618,42.90932435624854,43.17832052562821,41.307392153301265,43.638956055536326,41.06400786591811,43.13927969089325,43.57897646999042,44.02999844898357,40.56269196054419,43.030559369870744,39.44357639970917,42.531906295754034,38.09071428571433,41.082934435468765,46.3120474928859,44.9085930181175,44.69964082248636,44.281365863425584,42.43196469104668,42.180742386126454,40.56214446589453,36.8132030796049,31.288273874862817,34.21270371097588
2016_04,29.99000000000001,28.840000000000032,30.9064056939502,34.35090909090911,40.82769369912576,41.07876895505933,41.674530916844375,41.30624142742632,38.5426568705322,43.26061889718555,44.02352657004833,44.278533175091816,45.79957694808208,44.798478409284854,43.65112658871385,43.059761420251206,44.09448649157496,44.34334887547995,42.78042302771855,44.71122787426644,42.965476397335685,43.41050447966922,42.93232264935245,40.31055512447463,42.98051216451051,41.18088410211784,45.77858712026119,44.46833989132474,45.592669541743504,40.310670574681495,43.34794473635293,38.43062439961579,41.7821682350682,38.78613892365458,41.02308671014648,46.67734008000954,45.34789768185451,47.02960836062875,45.15306481045446,40.65612161838645,40.05784807371403,38.93568096313021,36.68295202952034,30.408570778334116,34.03562165565001
2016_05,30.77465517241384,29.33000000000004,31.970000000000027,35.270886249429005,41.72878184713378,42.26289129622714,41.84766397578208,42.807365849376794,40.065000000000026,42.015141129032294,43.65228032111091,43.267184944841034,45.351663600525626,44.469729916529346,43.02500000000003,43.93929581843622,44.850837209302355,39.27934660774914,37.584321977287935,40.408084199015896,41.59264714610747,42.09461797752813,40.81030099512675,40.93467397222982,42.6535826072244,40.44125769351354,45.15201817400386,43.77795327590707,43.03167813341319,39.06119195046443,42.28096862133575,37.802273470722966,41.53349574200755,38.96674962165801,40.179730403411014,45.40817521892767,43.34710430950046,45.03220340922099,42.152273377337785,41.680466892026274,40.31297931526394,38.94030552490881,37.178259860788906,30.784545454545484,34.27111111111114
2016_06,29.33000000000004,27.65000000000003,31.660000000000025,35.783701536210714,39.48348777818317,38.415000000000035,37.229585433262905,38.56495587340234,34.05000000000003,37.41116851168514,37.46488330902274,36.90629110871688,38.41973733583494,37.71132688320667,37.02737757274666,37.819218724514776,37.936606297250194,33.21295805123197,32.41025414364645,34.15366370548826,34.848140267256795,35.0871904210808,34.18550790483503,38.310294660973334,38.549543749772454,39.80881523774514,38.90734065863249,39.40728385402117,38.712800877324504,39.18247032292419,39.59276032424048,37.194781797836654,36.14603151288562,35.28036390295924,35.648421052631626,37.96883874420268,36.78082383545345,38.34924759188061,35.68483395861666,37.4413847900114,39.026540380705995,38.435067748261744,33.68407622837904,28.778691045796332,32.71625766871169
2016_07,31.850000000000023,28.660000000000025,32.452500000000036,36.90333333333336,39.77808946997376,39.78313034797492,39.46822630848058,40.56567394062425,30.314622146822977,40.029288583415166,36.28104737822732,35.287650893795984,35.55894817225015,36.67712144491109,39.02933537263628,35.293579994150356,32.84307692307695,26.80714300133744,26.411960833542594,27.468382382516612,29.96522493626123,29.53070864014051,27.179483985239894,36.56233558324682,36.05688711656453,35.06453935257305,35.438147668393796,33.467037952520755,35.30691634010633,33.05634245986241,32.71538397244316,34.30909272681832,30.65532744665201,28.907055958834935,29.0597529119353,35.06117348714636,31.315194665605105,34.938637556063306,28.689631293390168,39.93740416666671,39.68184001394219,37.5571477627829,28.556067896678982,27.587727272727307,27.861290322580665
2016_08,30.86000000000004,28.05000000000004,30.02500000000003,33.810042735042764,34.08435850214859,33.42532679738564,34.09769230769234,31.324000000000023,24.55961051066383,32.70728434504796,25.18004717655472,29.053255148741453,29.433559513524337,30.931347252413957,37.08800000000004,24.676380150642483,24.64774939172755,26.407546094340724,26.034158149542783,25.40893915040184,26.21369832270261,25.551376072234778,25.307323211120444,31.589697353425382,32.30859251449657,33.189247004779986,29.779174736912836,31.5329357696567,28.71277643431477,33.68812041669527,32.43631737143828,32.18875000000003,25.649237378399544,25.15182370820672,26.178047860101284,26.684941882467463,27.152989471402073,27.779162719242088,26.68411652394457,33.69483770287145,33.93298354735155,32.17700539061875,25.093900456077783,26.217500000000033,26.02076236613976
2016_09,30.65000000000001,30.970000000000027,31.72382566585958,30.920000000000016,30.77950524737634,30.581303181295553,30.40921197902294,29.280201013419475,28.03060229178313,29.967871688197977,27.6517481833427,27.851458056279576,28.214548366431817,27.4642144338902,28.351127933383825,28.70722785851388,27.83045462649316,27.847599127211296,28.51724857361834,27.22962962962965,27.905948284796416,27.229202806856108,27.558155488317382,31.27438839285717,30.53211482791901,34.34563109501255,30.21394758762097,33.40882727901084,31.909948339185547,33.65346067009849,33.468806711880276,32.85250000000002,27.279135026401818,28.09500542397399,27.526819060773487,27.65308457711447,26.781796425446252,27.03122595985738,26.90855849716744,28.53330740117749,32.90763906056863,30.347965338294355,27.407777703291583,28.3106666666667,28.463101571946822
2016_10,33.355257731958794,32.85000000000002,34.140000000000015,35.0869497784343,35.85857782754762,34.88889292196011,35.85803862401933,33.710175180529596,31.91010742374835,34.76087289688492,32.582606868569805,32.9671482624714,32.97025067901513,33.35802686489308,34.07779799480137,33.468481831333534,32.64098402555916,28.699528346476317,28.64157039532354,28.979832861983784,28.9108363087755,29.331731804999343,28.851611645202254,38.27787256497077,39.15227497855084,40.032433665008305,36.96658263537608,39.71389939244596,37.968237465025695,38.93117907868045,39.59244906018006,38.278947368421086,28.41743653194029,27.909546655987224,27.76457930007447,32.46667306052859,32.5934449110983,33.40781604012854,30.344442867281767,33.52908820023839,36.094957344370336,36.97056239907731,27.84672430260515,28.07786918753198,28.139500000000044
2016_11,32.460000000000036,31.56000000000003,33.045000000000016,36.03200000000003,40.834697556615055,40.82650793650797,40.891052631579,37.40758382302112,33.910288659793835,39.35915987898536,38.01578711352375,38.406867282450214,39.27822339133955,38.65207111052914,39.215367119901146,37.08748717948722,37.90897914159653,31.149974493914105,31.843943251127055,31.46615928476945,31.209704843948625,31.53630971786836,31.713672225079,40.56025438100624,40.465236634282135,38.93496279091816,36.090902987669566,37.6523100211929,38.40769412906363,37.81500544504139,38.59371889064126,37.0257214765101,29.09320878669684,28.76168761220829,28.85171704324406,37.59491135461801,37.21319218407226,38.27905724697308,34.56292886453146,38.407716380348006,39.71045952918417,39.68319612027163,28.40705042588081,28.97714419125889,28.844879646964458
2016_12,29.893211586901806,28.970000000000027,31.04000000000002,34.14333333333337,35.327052465067254,35.20027376033062,34.40769902152643,34.43233449720674,32.67415611415615,34.328437021146215,34.6566652452026,34.15164993530547,35.40583074928121,34.530852254613784,34.53697431687583,34.41504375410199,34.28319852520867,31.03095469999085,31.345557407793315,31.471559647979156,31.09117448747156,31.78337636761487,31.34387181688129,35.15353797717441,34.407601730563826,34.847620778299806,34.467483309143674,34.278067594266325,34.779464127083806,33.68476112600541,33.78011899264358,34.27952424519674,30.28164434471636,28.03494688535737,28.532500000000013,36.65244789629552,35.34815613424003,35.466746620673085,33.780270323212555,34.85253331291163,35.15294500346985,35.4091353745427,28.15191773850287,26.80250000000001,27.447557117750485
2017_01,29.76500000000003,28.710000000000036,31.29000000000002,34.20888888888893,36.42079243765087,37.4770737155622,37.48370575651499,36.281099900099925,33.931428571428604,37.448941866394726,36.3298875295975,36.13783357030615,36.69981778592716,36.32861124288428,37.212116564417215,36.71282246496748,36.90687739867573,34.84679634482295,35.02767096458302,35.466339388974546,32.15529084158421,33.47119047619051,32.906314756671954,35.347250541516274,36.16990741578459,35.18284459355993,33.52706006028834,33.9670424768422,35.21140342945717,33.67595002567941,34.15420871896218,33.52809523809527,31.907053773158623,29.30198083067093,30.215319148936203,35.91048921864136,34.46809870827224,36.78002975350206,35.212257478786135,35.84733772402002,36.21576527110504,35.77773101026714,29.27568181818182,27.778912877825785,28.905340673037006
2017_02,27.89000000000003,26.79000000000002,29.81000000000003,32.89750000000003,36.07000000000005,36.632314574688856,36.89020961281713,35.969005130203286,34.68105263157898,36.47235457063715,36.766224762831435,36.729837398373995,38.139498546511696,37.04971961663949,36.02792731048806,36.529816286510496,37.14897403519855,37.14972221557034,37.21009156697685,37.66959417826415,34.65158896982316,35.64104835686625,35.46946529840671,35.59107828072181,36.39005595909504,35.440024953353,35.714218577696485,35.51670853358105,36.90782825348876,34.93784179929817,35.34805465118472,34.20845964263713,34.84843925159865,31.152037218413355,32.40698850737804,37.908430879365376,36.27951067976548,38.76480931899644,36.78006726769266,36.091362832937214,36.02806735681637,35.67762804262483,31.435950416908224,27.711538461538495,29.467176705048743
2017_03,29.845000000000027,28.950000000000045,30.480000000000015,34.03857142857145,41.02923076923079,40.633492684586614,41.638536444113576,40.43678139856058,37.79500000000003,41.17016956077634,41.13980547387472,41.52627253218888,42.35827498792854,42.26348320735604,40.77524117718893,40.28252990782507,41.03063749190055,42.152224756434094,41.59516865245853,42.77914493327106,39.59062712069808,40.58709276062928,40.55577656258969,39.428793334405,41.859048226548325,40.06629681694953,42.34695258548869,42.859342229793675,43.030346246443514,38.937016872632675,41.0935924725031,37.81000000000004,39.64817373957208,34.77740740740742,37.7126287461774,44.934094804574464,42.78107693266067,43.59122934835601,42.713021337352295,40.30771934697409,40.314121056345144,38.18686229104859,35.68910447761197,30.214149417852557,32.0212477396022
2017_04,32.46333333333337,31.65000000000001,34.04593750000002,37.15812796208534,42.471685393258454,42.85821325648417,43.88894736842108,42.80986201497284,41.300000000000026,43.98047878551968,44.51869262056947,44.465617082232896,45.09725881483416,45.14865997421261,44.094039048690384,44.05859754982633,44.709052468149274,41.03017043693838,40.46394093686358,41.90777972725105,41.783861424229585,41.965934867345695,41.468800272665334,42.44153819588344,44.01849150126582,42.44115736699572,42.96561537011334,43.4681425861935,43.59335608005457,42.43657415878827,43.28001435497676,41.81350356740522,43.025863583138175,38.28449017426772,41.41000000000006,44.8462169273498,43.20945405019349,45.531564859748045,42.59359626967165,42.68619571979598,42.68244378846882,41.80931665807116,39.31586113125454,31.771884057971047,35.095000000000034
2017_05,29.250000000000057,28.190000000000055,29.975000000000023,34.525000000000034,39.92428571428573,41.108340070062,42.78943590595663,39.06198771775914,37.3160032685673,41.092312188413295,41.20747691391126,41.65155348169426,42.15263157894744,40.5293174918263,41.471496402877726,40.56239247067386,43.025455099553035,37.4688290885792,36.7052908587258,38.593645087900775,38.53294428334715,39.845604395604425,37.6863091835467,40.31243243243244,43.029872950279234,40.80908530267072,39.40835165639235,38.907069713993906,39.46821429175762,40.55571896892409,42.53050209490852,39.07046407185632,40.2136733157697,36.657309512541445,38.67746077032813,41.65210716311697,39.968339720801154,41.65038894891192,39.53167116526574,38.05888746084025,38.305267994748576,38.5626602217415,35.9394602344607,29.46227436823107,32.966428060128884
2017_06,31.54456869009586,29.00000000000003,31.585000000000036,36.4062758161226,40.09559598494357,39.965310180275736,40.46851025467661,41.67245588660692,38.43577840112204,42.02504424778763,41.77905084125825,41.78155217965654,42.65520132988555,42.15257278266762,41.77111111111113,40.44183319967926,42.424819000679854,35.05987884405315,36.5922538293217,34.14843331982172,35.777916240447674,37.84871627565984,36.062774901797575,38.43711318145909,41.77891090576672,38.810092738270946,38.346050050526074,38.280550081359614,41.03016724160524,38.68179922299926,39.52980756283669,38.68099744245527,38.707158256522455,34.78003918722788,35.81403265022578,38.593593368592416,38.06269805782633,40.0294255325043,38.31203803919515,40.68359862121796,41.30737520128826,37.81588131992023,34.79938287832829,31.022839592839627,32.96509992313608
2017_07,29.26750000000003,28.730000000000015,29.880000000000024,35.76500000000003,33.69644870349496,33.071263638670416,32.34910854893141,30.3121739130435,27.183468199679847,33.31545297582777,25.905436649964237,27.552483623129813,29.55985234670869,30.06679762845852,29.17869565217395,29.968553888131,29.849000000000025,27.06132446774912,26.40360119790372,27.406851690158405,29.088519105369073,29.652461986220075,28.09057724957558,37.0570913674011,37.30975372891076,37.18021205755286,34.46802672261489,38.09044027132275,33.933751422861896,37.30755141570006,37.968730493462694,37.68907487091224,29.529641114434135,27.69550000000004,29.43917170431651,29.681616827909735,28.560991256095548,31.05788956444261,29.312096715806863,33.18669874804387,34.678629518072334,36.56119489669621,29.181371091485712,26.46494544037415,27.565205091937788
2017_08,30.65253424657536,30.55000000000001,31.110000000000017,30.908063492063512,30.532948171638125,31.34621611445785,32.20791512488441,30.55812121212124,27.68165116759664,32.35041079092583,31.355010989011017,31.935222632226367,32.027132474397106,31.711638462290946,31.305691649899405,30.6823357335734,28.93654712913975,26.350349888184898,26.035558733401455,23.850102170021405,29.444310626480448,29.440250568794188,27.685004329004375,31.80376195050549,35.6812801127627,35.81073515470138,34.18008533638739,34.777251610305974,33.96706332014537,36.06301274807196,36.683068920288534,36.927328492739136,28.17978527844293,27.785719130762487,28.440689685012146,30.56696022974505,28.811972225406592,32.43707643476025,28.609051831794726,29.940061466539735,31.08929678577259,31.05661400000003,27.56082405513902,26.343511080332437,27.52200156831997
2017_09,31.640000000000015,31.700000000000045,31.640000000000043,31.631035971223056,31.857698139214364,30.891389983117648,30.762752373813115,31.640202082816796,29.78103927492447,31.95057082945018,30.263982769044773,30.582395563238297,29.730774848891897,30.1706866837216,31.5785599194361,30.780041688936414,29.139170124481385,27.808782214887493,28.47116794975692,27.936537811436747,27.187075376884483,27.90320721032026,27.469615264554427,33.08871652383507,33.46578868541088,34.6529425883257,31.46791484822037,33.346961043418574,31.908305791401546,35.180080805996866,36.96700646908383,33.21143790849677,29.153602283245956,28.406827655759777,28.803368137126977,29.68887660726375,28.529873990479818,29.34787412441736,28.562609558473948,30.96543508151643,32.3028516819572,32.85333648393196,28.77927349997486,28.28534886890164,29.14890055654735
2017_10,34.23000000000002,34.31,34.85616588419408,35.289166666666695,36.25923076923081,35.70443178117881,36.90726622296176,35.7121535126865,32.78716925592807,38.844282702069535,35.08118499168847,36.210140992664606,33.610117647058864,36.40892652039468,36.27909090909095,34.53070319404119,33.846869127960844,28.517325204350524,28.765123476417607,28.968358412869456,30.360403414016144,31.026811863891872,29.848973998594538,39.28282987649943,40.029601012455934,39.467746630495654,37.030075254875094,38.848042992477886,37.52935854847803,40.30683216034274,41.65249206700616,37.70812082084393,30.88817631224767,29.4490781827787,29.777844404742577,33.02900823852491,32.15231049804367,33.13990993629647,30.96676692807962,34.650829587249724,36.60873869696269,37.28065717415116,30.139902503511596,29.520952380952416,29.60654979253114
2017_11,33.83000000000004,33.31000000000003,36.09,37.407232142857175,39.73270967741938,40.08020307354559,40.26609536269808,37.59511081982844,33.597142857142885,40.26361033210334,38.36083156297422,38.78326820167904,38.27949870181746,39.42039965247616,39.21027480709358,38.21538862504347,37.97179704016916,30.905724318955745,31.213296897038113,31.90805110782865,29.77847345132745,31.212018898169276,30.529330613758574,41.649610906708375,40.8898611071255,41.43586357947437,38.467423793212646,38.78003670157245,39.09288348321152,38.9401146788991,39.46721973046731,40.07012752391076,30.654272674754537,28.698091818973065,28.96778796189379,39.5329571984436,37.71444768039474,37.84643336892501,33.53006464061747,38.02530150364285,39.467463610506975,40.68802027256418,28.533565071812504,28.329052044609707,28.26072579217564
2017_12,28.75000000000003,27.510000000000048,29.475592105263186,33.09491145218421,34.70150764525998,34.671268341208695,34.300700906344424,33.214450969529125,30.151250000000033,34.97954864100358,34.111809937653526,34.448647932131536,34.40846637479837,34.478937636689,34.468631953188684,33.530039274493014,33.65425274614539,31.53145162789263,31.593257374746408,32.09246766785034,28.40820473491168,30.0916174974568,29.783594490948836,33.847042853439035,33.46942952937407,32.652692307692355,32.65022228935384,31.468935609564653,32.40687665156668,32.06255333919569,32.09323710482529,31.341072681704297,30.208866822429947,26.092441860465147,26.967461946297277,35.03145175468261,34.09241932605414,34.96554708349222,32.469778932282345,33.78051835465742,34.21048428920078,33.96926282051285,26.780566930827984,25.347548234437596,25.645454545454577
2018_01,27.346787564766853,26.230000000000015,28.39000000000003,32.45600000000003,35.21000000000004,35.00835993047877,35.32920089143587,34.409211641530646,32.43352941176474,35.446871463217505,35.13979472464414,35.389931594425335,35.889782479303136,35.76202983212344,34.85236101578588,34.282110261144815,34.90850602099297,33.85137853420898,33.84688891233254,33.65362956810634,31.09157760381216,32.40639069057616,32.411363272190606,34.09377947737415,33.96812093988546,32.03096931207123,33.3615831991272,32.59011395348843,34.38945284300063,30.55926823998674,32.09320982829485,30.961571342564753,32.96493184722423,29.09018138261468,30.529855923523396,34.778656967454395,34.52985034347408,36.28248667916754,34.03019336754095,34.84435109289619,35.40463612288139,34.46700673625755,28.780762920023584,26.404000000000032,27.41664788732396
2018_02,27.34500000000004,26.730000000000015,28.534785276073656,32.78500000000004,36.29000000000003,36.7597045747885,37.69871741679448,36.0935919455138,33.80450000000004,37.55186711780994,38.08516962286898,37.92133074611923,38.14046697641601,38.42079115110615,37.51541647838531,36.71604169711144,37.345737257281584,37.3490683920675,37.54955153542112,37.40694135248358,36.03007461421064,36.651304540044265,37.03079835766428,35.438480117820355,36.529411264572005,36.93243785380264,36.39066407678249,36.27817709172059,36.84619859849622,36.31154560431332,35.847620065904806,35.4338916372203,36.65660896840156,32.7114359194171,34.846781767955825,38.47009224760393,37.78030583829929,38.017071942949094,37.84640417675469,35.84874790052552,35.90547012673509,34.68370931268421,30.80986283169954,27.208628133704767,29.158211065074372
2018_03,29.73000000000002,29.390000000000043,30.700862619808348,34.52765625000003,43.390407869481805,44.32951381215474,45.30153743016759,44.063152823623895,41.18536457238918,45.0075416003473,44.15443385214013,44.52812100532206,45.94957542457546,45.69940961507232,44.71001318304662,44.061357130297225,44.02653093076055,43.21169970017779,42.46317742119043,43.849304131951655,41.09059230769235,42.781168465934854,42.31133475264318,41.56354642075651,44.0278251337822,40.30724496514003,43.6390845070423,43.845675528093096,44.90737428615529,39.06174627394352,42.28033049648395,40.290818321195886,42.59356942860113,36.84179119007061,39.7823817316275,44.968447566826605,44.346714331732144,46.22967119045454,43.907413680027815,43.31216818848852,42.181629150603214,40.44220161756215,36.94420000000004,30.655000000000033,32.95523221133365
2018_04,29.393333333333377,29.350000000000023,31.34333333333336,34.59133445945948,40.414252854542475,40.94800000000003,41.85915714194494,40.6837444403572,38.80058823529413,42.136920821114416,44.02689031665904,43.78183265709708,45.4810641453467,44.94869964571582,42.59406599400058,42.31027674874702,43.84899658168353,41.97023370193101,41.21032600357969,42.84825138575242,41.28131309213809,42.151372777307394,40.96803666835389,40.065199965744654,41.9067435948989,39.68271339531736,43.58211552780804,43.405023129347775,44.40498232551143,38.05946245432046,41.530141064455314,37.80579830662235,42.653058933582855,38.52675253582356,41.34689156626506,43.21313951099241,42.59249474480787,45.409618086040375,42.34594776600111,40.27669059165859,39.43563376316238,38.44120352802422,38.3169642857143,31.4603834066625,34.721224983505635
2018_05,30.70574074074078,29.79000000000002,31.02182902584496,34.90200000000003,41.67010345586619,42.20005221629153,42.01833003186635,42.18546710332959,38.311428571428614,42.60914300117629,42.26683355471544,42.59099580105702,45.15531416736873,43.83100170223913,42.59533150508149,41.80686992854551,42.2800004647704,39.90713644638245,39.779816101348594,39.905444040558635,40.15309998470408,41.40899183055978,41.21492094158323,40.814974140079784,42.34604723437814,40.68216160617836,45.77776875734263,44.34808905380336,45.407651973661295,39.18298907892029,42.90860301378886,38.324741966893896,40.09614769955424,37.60250000000002,39.40494296272499,44.71150897817864,44.27729139738624,45.777367030918306,42.27791393916059,42.17471100189428,40.93089814440405,39.31210978594867,36.93494950132563,30.280590315560413,33.52357104843004
2018_06,28.36076923076924,27.07000000000002,29.081947368421083,32.52341647331791,36.63781729000617,36.892255353211944,34.75835149384889,36.180056202328416,32.673750000000034,36.28526981040352,36.15067351598177,37.02965489130438,37.90733891053072,36.230743182499275,36.56682261712441,35.44824317666768,37.5612328654005,36.681093257719006,38.43485101311088,33.17987839647163,33.0543946406033,33.85109496197004,34.18254174549645,35.90878678298607,34.84855124691702,36.849394441083774,35.5927631049324,34.409362608117156,36.18542590634743,35.93833190092979,35.84822294487213,34.315010526315824,35.40939512870833,30.93550454043966,32.17965818129375,34.091027384671975,35.81169159241727,37.9655438663122,35.443066761298596,36.06116415030086,34.69177807940281,35.937793605571414,32.04736056559312,28.03406803193339,28.84832861189804
2018_07,28.976027397260303,29.01000000000002,30.407865168539352,34.90500000000003,36.21333333333337,35.09000000000003,36.82079540229885,32.0866666666667,29.8122519365548,35.450000000000024,35.08000000000004,35.17821149956663,32.19850000000004,33.05777777777781,34.32060694407636,35.4269264892269,34.03032194155526,28.095156830472643,29.712502854533035,27.846223156134496,31.433800841514753,34.44787775311595,27.93568059387732,33.4356595574647,36.56081377415108,33.808526993926804,28.93495376203495,32.94289148620126,34.185012279235025,33.43861357133129,35.0621434543669,32.27954967248912,29.339473684210542,25.69256872465078,28.93182795698927,28.68498068006187,29.182044954693428,35.180792289751714,31.304967226635405,36.1854916666667,38.066792533791066,34.31932496838831,26.436562500000026,24.87531796262811,27.21161016949156
2018_08,30.77500000000003,30.410000000000025,31.950000000000035,41.94666666666669,41.185447154471575,40.309851851851874,34.05042415316644,38.30397662771288,33.05681858407082,36.71000000000003,36.81492408020245,35.536031557011036,37.5679568086383,36.67463922869588,36.20799764428744,36.935322012175625,34.06325319693098,28.282557865024387,27.782525728456317,27.65456730769236,28.470472959078787,29.056808861045695,28.59351524677778,39.1813154150198,37.18399076664805,40.05597533341969,32.810695778263764,38.553660761854054,36.06085496832024,37.56339835118142,37.93996919459353,35.96151140684413,27.322817864195667,27.71461096812515,27.05997981610232,30.055512177965397,29.811683787487304,36.43718357551451,29.439917344251608,39.43047909284199,41.421042518397414,38.45170934510673,27.80524046397993,26.939080667873704,27.852851803401258
2018_09,32.870000000000005,33.190000000000055,32.710000000000036,33.2074657534247,31.906898368456854,31.27418493362151,28.840669840190444,29.81509580291975,28.405014177261535,27.305533577769214,26.9658823529412,26.590164801377476,28.410379721570827,27.154822066248045,27.349056214543612,28.780126084970316,26.206978143002413,27.907692335554938,27.212978635990176,26.5314415874388,26.30083963901424,26.27705799151343,27.530349289077865,33.14423792598792,30.967129107034904,33.53084293980954,29.935682516932925,31.966638340965144,30.213514439549694,31.84654723916468,33.05726541807282,32.070830873049374,25.96093475533253,25.684500100180365,25.964114470842365,27.530358051926065,28.15342548580032,28.278702570722956,28.778287234253483,32.30926433607811,33.21000115340257,33.7097948401867,27.807623380008067,27.15473960612695,27.179815251892293
2018_10,32.93000000000002,32.51000000000005,33.355039525691716,35.35935279187819,35.88928571428575,34.48087792517515,33.92249345639899,34.403567161631706,31.64900441257587,35.55000000000001,33.77054018094735,34.40982311755317,32.61133333333335,33.51698343848581,35.389416475972574,33.8482044029965,32.59214672279017,28.465803683478644,28.096933778519784,29.34625607779578,28.52900344733741,29.11049716270012,28.216520503597156,36.78257142857146,37.77507147468415,40.06128592341479,36.35140014419614,40.40703655143744,36.968138459446,38.43517174959875,40.967377248892106,37.78126477024074,29.200985410188995,28.451436041834302,28.33133469902305,31.346500579891146,31.091735896938825,31.763995329786024,29.906407910102068,35.027784701047366,37.47108169785489,37.28370212226263,28.968000000000018,29.82928571428575,29.14951973684214
2018_11,29.390000000000015,28.99000000000001,30.800000000000026,34.592344213649874,38.85769695140358,38.88939106487151,39.448322947710686,38.59168072680081,34.68274227283293,39.86053362479107,39.69751178318936,39.518834951456334,39.2798098774394,39.33021168413409,40.21435151039627,39.46752334630353,38.85145992366414,33.152500922622764,33.404846690632304,33.71220210552472,31.15330496537158,32.097059436913504,31.712370522227054,39.06774746665934,40.263129288032665,39.3078172882708,40.53078199052139,39.9648455209712,40.090770576190224,37.06052737085589,39.46805092665815,36.68509847640286,31.14963280621821,28.764016638225304,29.280393023148783,39.555133582860144,38.059935387357626,39.652016136370555,35.56263447168533,38.40343173117829,38.43456704980847,38.440325196625786,29.018636363636375,28.48342783505157,28.34886259272345
2018_12,30.75500000000004,30.370000000000033,32.300000000000026,36.08650000000003,38.142288557213966,37.6681233595801,38.610013381762585,36.900847474954034,33.947272727272754,37.8299281437126,37.583198533496315,37.66988998899896,37.889063998990224,37.80126314566263,37.71834074623181,37.217230340988195,37.78203532443905,33.46766744444019,33.77533156178282,34.09401673350857,30.78288760280232,32.78456495376685,31.65310616807587,37.84777857182125,37.26130375123602,37.17881935250938,35.71367410753064,35.03012846897416,36.449699314397584,34.937083919020075,35.28010776015367,34.93634379263304,33.84032646048113,29.13816243278329,29.40585351713482,37.96851828240973,37.21387990058152,38.21262893961923,35.59225323511852,37.56135112240579,38.40619028725603,38.21509291093652,28.933113990260367,28.080857664233605,27.76739988719688
2019_01,29.100000000000023,27.90000000000003,29.523043478260902,32.4666666666667,35.01752675693104,35.263054488718204,35.71214690572588,35.06296307895747,34.951455985379255,36.09104139376477,37.4802929373997,38.28836885307631,38.27980575230736,38.02882976251337,36.717508474576306,37.43988538552144,37.52726048445409,36.968042781408,36.34614827060024,37.469794047115286,33.90447181033766,35.59277526864978,34.28418189605939,34.43721842670313,34.59308797005739,33.528451295411806,35.40812454971185,34.031774571757914,35.84828973757809,32.6824443696294,33.02915378509643,32.35250000000002,36.77797130733483,31.889285714285748,33.35042553191489,38.18204444948412,37.40763420068101,38.90971489830213,37.651923759665465,35.02957394672357,34.712713911432076,34.17959755398437,30.807238523342672,28.778332858364237,29.83876722817768
2019_02,29.281017142857173,28.330000000000013,30.463333333333367,33.830000000000034,36.61170189099001,36.42019654946496,37.16783776144716,35.52946378424205,34.57026254953768,37.16916735537192,37.51716016859855,37.63814758846498,37.516669700244606,37.55,36.85033616298812,36.56252487382846,36.84225167410717,38.968341800285756,39.09428048501491,39.278944511144786,36.470707023159505,37.96582630098455,38.15211200778624,36.21317768629296,36.710369525192576,35.935336031639,36.03102127156006,34.03165700308028,36.34503443353211,34.68760876028148,34.28208225073547,34.43462979482608,39.27873102717968,34.779442144258034,35.96273099850972,39.44086611331653,38.2119952182632,37.3516369121672,38.27902167157011,35.71225000000003,36.0252380952381,36.0617531149647,33.804992898988125,28.5302911501874,31.278059520194383
2019_03,30.665000000000035,29.590000000000032,31.720181347150294,34.97500000000004,38.82582690659814,39.273055355859114,40.14159536389984,39.31611027020967,37.91755004766448,40.41166585721228,40.60760823493795,40.63921902630918,41.94966098383081,41.20191507529891,40.533414814267786,40.18337443464641,40.781617487252376,41.21285118750551,41.092567719185816,41.40852479050281,41.55903820375339,41.46875543344541,41.05940501397477,37.55872323180618,39.0182461981911,37.184702549575114,41.348973849971394,38.84967752067845,41.27971834513862,36.44108054209372,37.409091150922364,36.31477460426705,40.966047643012935,37.40583333333337,40.30891631235095,43.02764075691417,41.6523947675387,43.15315826679978,41.90688703634323,39.212125491598165,38.78010506093536,37.81270208230859,37.310278942953026,30.08033753943221,33.209701348747636
2019_04,31.087313432835852,30.170000000000044,32.33121605667062,35.0266666666667,42.490000000000016,42.861594684385395,43.609388690779454,42.94199062774581,40.93388888888891,43.29000000000002,45.26615312087498,45.30003912175646,47.14048521031215,46.110000000000014,43.27974186491662,43.680668435013274,44.78404756185444,43.90701564085519,43.85100280504912,43.78022113067664,43.525158081054734,43.84677581294376,43.81363143073012,41.68368758614356,45.079617088318585,41.93875301701304,47.592659474081614,46.779929135687766,47.46682982535837,41.68413591645229,44.908078070746534,41.43424375917772,43.90794529217358,40.029856459330176,42.81109623430963,46.80863850560554,46.781320281494914,48.15223606655229,45.84637868639949,42.067878423390134,41.687018294914054,40.692848997005406,39.181084737110815,31.35244085617728,34.46818634423901
2019_05,32.22085106382981,31.910000000000025,33.09406976744189,36.39900000000002,42.29667934897486,43.450000000000045,44.66857896547774,43.81545581495274,41.44111111111114,45.16820919494082,45.980317384370025,46.21339637802092,47.70049058385978,46.977901470588286,45.21206145221856,45.435955128896595,46.21301151406935,42.8491798162564,43.2102407072106,43.34723274654318,44.058458980449515,44.28072882534009,43.43912023194706,41.06812971680493,45.40830080147251,41.5629903864766,46.906610380779725,45.652534970825855,47.28024595605997,40.942498052879706,45.80859893921353,39.806435393258454,44.46628578321008,40.85600000000003,43.43165003441159,48.96619998874572,46.15207785568209,48.465977119747386,45.281704759287145,43.0645261108874,41.6856406869221,39.69186801961322,39.67469387755107,31.856410978184403,36.03239512855212
2019_06,30.420000000000016,29.00000000000003,30.645000000000024,36.22000000000003,40.550000000000026,41.52459594582312,41.84877378944835,40.56283063665145,38.44080418319513,42.46384259853643,42.96224253888192,42.71083312701167,44.02737434335275,43.347397076931315,41.59704663212436,41.444987630418446,42.7142300691664,36.15515247195682,35.906433511474404,38.09402083872642,40.53229047762091,41.40595775567981,39.81061878193065,39.05832059686359,41.092013883705306,38.557216201879406,45.153216546728046,42.59122785610995,43.280324589708954,39.0630449448658,40.7116848790102,37.57211228716064,42.21272749070857,36.707264096662875,39.30782587187731,44.59495968433701,42.711530483632856,44.52787189970027,41.06336508130955,40.68153239066102,40.941297031411835,38.55711136571957,36.31071434839844,30.40865373645182,33.718750000000036
2019_07,31.350000000000023,30.970000000000027,32.46853794642859,36.65000000000003,38.67796204620466,37.90928571428576,37.56603896103899,36.074053833605255,29.943962411902927,37.7772555012225,33.70216216216219,34.77670059670062,33.677499163599904,34.77886933333334,35.85166478767383,35.6806666666667,32.5969275461381,28.212998325519138,28.03091168460643,29.15126798845373,28.810700596921148,31.441919235545033,27.563754435770065,37.17857169961679,38.15189409038812,37.93416897088051,36.4362371660963,37.53017146642768,37.31133136273155,37.312825948358316,37.40782077211616,36.14875000000003,34.58769230769234,27.403879649228937,30.322844645786148,32.27950703046536,32.43950829189489,36.93556906134746,32.312890385424815,38.56347022860183,39.445206908960095,38.185477908886135,31.561426758179792,27.55192176224842,27.52289655172417
2019_08,29.690000000000055,30.27000000000001,34.03000000000003,38.180000000000035,40.423333333333346,39.59000000000003,37.59000000000003,32.07524898561419,28.54738658091434,37.5252529761905,34.057622673434885,29.304636410520903,29.148562378167675,33.81416201117321,37.71000000000003,34.55667877094975,29.93134055319775,25.433729046785103,25.52691190590496,25.935954922085465,27.715149750416007,28.82691117582818,26.688121983326056,37.42864334013098,37.812711365593024,37.436260517799376,36.559266215106746,35.80383051449373,36.932590935517304,36.68323194353881,36.34660904233854,37.30858870967744,29.81856039603962,26.564133879996877,26.943110949963778,35.56083443708613,33.812376399122556,35.67661043449643,28.94071029828363,41.18062500000004,42.05356460852962,37.807055965449,29.279797979797987,27.97416666666669,28.58516935777593
2019_09,30.53000000000003,30.430000000000007,31.260282258064567,31.204000000000036,31.86157024793391,31.91964542258907,31.278272535423596,30.779701492537338,29.6513753980892,31.858518951410943,30.65380307136408,31.087362327909943,30.90753848728251,30.859969084423316,30.642132894227075,30.4050569759648,30.84767712107961,28.348254435744565,27.78322998648542,28.59131397354807,25.68248659544451,26.466992671797957,26.59311746830143,30.846829332283903,31.557606439724612,34.943649540517995,33.43461227471169,33.934125735329324,32.6815882084529,33.437185680396816,37.18338148003919,33.92570245573961,28.027085285091264,27.0328621089224,26.526338722937812,29.64821921903971,29.02992894628864,29.65471522970426,28.09317386086897,31.27378498885313,31.274954495005566,31.2791461010266,28.847853386454197,27.468265874019764,28.936568276122248
2019_10,32.33000000000003,32.370000000000005,33.13725000000005,32.394000000000034,36.20116219963036,36.91658190224573,35.96947187797905,34.96801209934198,31.530467289719645,36.51831388012622,34.15499910889329,33.84754440402313,33.59337679170482,33.71270045896332,34.348954428202944,33.09498646453713,31.580844367267236,28.890593933877337,28.950828011689612,28.550283217170055,28.517656912109285,29.19858264546008,28.38972443314834,36.28225473695641,37.15307555026774,39.18295674986166,35.02857328651324,38.02931415929208,36.529830813663345,37.56005774615029,39.71109528154713,39.55676875337294,28.967115662334287,28.199934671765497,28.02942551866228,31.34771456633425,31.152509313464645,32.77953143115688,29.78021452838112,35.2166666666667,35.90864095655106,36.71337605832554,28.5932335262274,28.802000000000017,29.092056009740865
2019_11,31.482639405204484,31.140000000000015,32.078869565217424,34.0914285714286,40.04857142857145,40.51764063353362,40.831257515671,39.061453794614664,35.57446345636766,40.17156898938629,40.5769958847737,40.780078342321886,41.52961793393333,41.079834335640605,39.46768712070131,38.85468946266575,39.34811950475507,32.278555265660465,32.84598051871848,32.468193869335195,30.52879323562574,32.965452099031246,31.153748255651745,40.68071997145984,41.593361353582615,40.312012024347446,40.90836800512605,40.21513864764273,41.21362089819687,38.311222951988185,40.59062426472431,38.68560106382982,32.2055555555556,29.671249387555154,29.78557588552665,41.31489226553747,40.56021125909039,41.14982255326146,35.55742801625157,39.938699016393485,39.84578721295228,40.56627470434165,29.095119650573892,29.141111111111147,29.088021541950148
2019_12,31.43000000000002,30.49000000000001,32.196666666666694,35.9605202312139,38.7010374462861,37.911848675914285,38.919974653465395,38.18777384075505,34.680434782608735,39.08692290893213,38.64005923344952,39.27788064361195,39.85906142139939,39.57962981899998,38.59224629890005,37.843484902733046,39.277935898015464,35.03288437339799,36.097006298252786,35.846595058699826,31.64492794956474,35.21484467588439,32.7167425600574,37.90837638681906,38.86060631622578,37.809669252099845,38.21441284587624,36.906398319327735,38.40752469073136,35.56082709546258,36.59189886631939,35.81097003080948,33.71491421347303,29.671476768274665,30.84399486740807,40.02880636965798,40.211641986448015,40.408956918937555,38.05725109276354,38.410610869890746,37.71574991340496,38.0606514618093,30.34560000000002,28.975384930384948,29.22889856334351
2020_01,27.296482758620705,26.33000000000004,29.351357733175924,34.086000000000034,35.27278483412326,35.450000000000045,33.84450283616953,34.567174626478995,31.311428571428603,33.35977955911826,32.341542602276256,33.03210766642636,32.341841190779576,34.20945958825776,33.532266405135545,34.437516043199274,32.77923631840796,32.15087666423797,32.533459728757286,32.59364848552906,28.208675128588055,30.46726634201164,29.40724700513412,33.27916104429452,32.969762086922216,32.686346908360996,30.405282983296267,28.210490895396784,30.777602726838584,31.440796132196365,30.347697887196777,30.467095736122307,30.910790450928424,27.278836584511165,28.713431620640364,33.2160376819869,32.34743952135739,32.6511582132479,31.71151115919895,35.848951780081144,36.15746082764167,34.15061817472703,28.35007556828572,25.099534690486113,26.027110340342546
2020_02,31.65750000000002,30.630000000000052,33.35270547945208,36.65000000000003,38.79000000000003,38.7513578274761,39.42611206403662,38.688741397288894,36.957826086956544,39.76114936894991,40.04828196058617,40.34866541584645,41.39033424584956,41.01841430073613,39.849867370589735,39.46755053908358,39.709449965010535,39.594410559305736,39.846362347604206,39.65273653787651,38.21453857110731,40.28180377543918,39.14893204900018,38.151308072487694,39.517583883388426,37.81129615388269,38.90680200333896,37.2124804957259,39.47903981522223,36.43857925672671,36.96777065379519,36.802420593730574,40.59725837691269,35.14767189384805,37.90736800212262,41.28078988311326,41.84935612903239,42.01794684453573,40.84929432450561,38.40948391576029,38.52920924244478,38.2828182169544,36.44290752092812,30.606666666666698,32.9034966592428
2020_03,31.680000000000035,30.870000000000033,32.9188767720829,37.205000000000034,42.72731652949248,43.167401739690774,43.88964280900396,42.68517068580686,41.30571428571432,43.52777019748656,43.80163061315829,44.08916613621905,45.30012544129798,44.978265458776626,43.46386101117216,42.93895763921943,43.711964640788494,44.84879232301283,44.15225483841102,45.09397418698245,43.80845088646625,44.42003772290809,43.680543469107064,42.06252970831836,44.2606963517628,42.06044638299851,44.71254312973777,43.70852942112469,45.017674202539645,40.43156264328293,42.46817052874151,39.69342387871134,44.46790225109536,40.592777777777805,43.437346052537954,46.81060844650997,46.652589468086255,46.549712172696424,45.781659103043374,42.40501732550742,42.31122104974648,41.94265218712029,40.43985739592562,32.087692307692336,35.71235163440181
2020_04,32.25000000000006,30.940000000000023,32.9565158371041,35.522500000000036,42.360917578020825,43.44641760680605,43.82973979470041,42.311309495176246,40.69428571428575,44.26457809694796,44.76442758450532,45.23004018236614,47.01866350191717,46.551094107551485,43.78192776964376,43.06270612320869,44.40502859803142,43.40662163251056,42.53336975349769,43.90547053255622,43.1544363251258,44.02915942788686,43.063141574146115,42.5603022496995,44.906872112430754,42.56176274488583,46.96811593114428,45.52000000000004,46.46718782184936,42.06285463347763,44.03230207975123,41.05324257425746,44.408190843556376,40.96672092602644,42.7841761308951,48.02922116596044,46.5942276896822,47.41769283143661,44.590813429096436,42.060866860079095,41.68220678947592,41.182553455477944,41.55820512820516,32.90889447236184,37.214136858475925
2020_05,32.04500000000003,30.970000000000027,32.45000000000003,37.1147093023256,42.19822243346012,43.04985872855703,44.22950253425945,42.3051065221454,40.429166666666696,44.350000000000016,43.35982505248427,43.51611011437544,44.8294964028777,45.05149048096191,43.91542525614128,43.05604293737549,44.154775590779835,40.847804040538726,39.20995838575441,41.591173784442944,41.529371442560766,42.65191660264028,39.811064664275435,42.30820860868013,45.15373010712571,42.68033535573782,46.15249193919851,45.58972591447713,45.27913931899464,41.31507365255137,44.77835157366029,40.305117187500024,43.34287091696184,38.847393638171,41.31491943581162,47.64944765971798,45.53017647058832,46.0921887530321,42.46565686152313,41.93889846384417,42.18641260555222,40.806935551634325,38.93183959680072,30.65600000000003,35.06348103962509
2020_06,28.460000000000036,25.630000000000052,26.200000000000045,32.923333333333346,33.195608316942995,34.44241379310348,34.070406328059974,33.82600000000002,29.04989005095203,36.03600000000002,31.856421428571466,32.408640251163845,31.592273163078595,31.533401872027024,35.71368872549023,34.062278672032214,32.43509290917201,33.46733228729708,34.27994539614563,31.343136038186167,33.40528084252761,31.93588110403399,31.8083041900363,30.31309205903022,31.05897969125842,31.44237264975008,31.43735641101698,31.40702827119133,31.181386345372665,30.59469359935564,31.15342090013525,30.90909756097564,33.43647314593671,34.80496504464593,33.82014294067964,30.46785963716891,30.93806574109565,31.809755490516935,32.30812627915775,34.19493609671851,35.6684764207981,30.68039992804896,33.07031586384612,29.335000000000036,33.59514884568654
2020_07,30.295782312925184,31.00000000000003,30.225000000000037,33.063333333333354,34.060603499115416,33.40908121410995,31.086111111111148,30.436651053864193,29.888301520326863,31.34333333333336,32.08015444015449,34.55637130339543,36.06318999856029,35.09804287045669,30.90528776978421,30.68186159449619,33.79018469656993,25.968712352217445,26.203468237704957,25.531258898674743,26.34919620853082,28.56933333333336,26.465073019499098,31.96678242870288,30.94037641309179,32.815806231473,31.67858366870055,33.0600713232418,32.93799800088853,32.21107821737157,33.346780428106314,32.094118959107846,27.2832086970845,26.583022040445393,26.778604689159383,29.52686340640811,30.312625301673837,36.17905001748869,31.436925613115957,34.801555343511474,33.43759375000002,32.808058389779646,26.91046040691571,26.528764346764373,27.52756624359834
2020_08,30.862984869326016,30.06000000000003,31.65805263157898,31.783981117230557,31.843467974610537,31.716254260395395,30.71814853693744,30.93476627112552,27.560679925419556,29.46864969562814,28.391311560394023,28.67966314236541,30.28062115675965,29.052573299365378,28.846391605904333,28.561157118383285,28.154132037133017,26.911200147515988,27.78243643184662,27.68005712000918,26.813422483468035,26.593461510556523,27.02507839388147,31.713762057877847,30.684371204428235,32.529078761964925,32.52892466563883,33.4072726140821,32.847557194408424,32.30944890045685,32.59167445034116,32.71218080149118,25.81019821605552,26.56437865972677,26.404679508468988,29.52953859804791,28.968245629524976,30.3094422677115,28.312935334309437,31.845277466653116,31.349545682730955,31.53457675172135,27.558506134231436,27.03307692307695,27.280095102234935
2020_09,28.990000000000023,30.10000000000005,30.108766233766257,28.212949308755796,29.40511802407382,29.777101118093533,29.26204964744521,30.154723330914393,28.96236884454461,29.213854420404104,28.280585960162455,28.549208899876415,28.41783432051392,28.198601439694475,29.02686976389949,29.03052224988828,29.015919630678848,26.34616364154707,25.912654221962995,27.6811712683348,26.846651297589247,27.153041147094008,26.409992915917364,31.53237189117012,29.97160721303895,32.21404031508394,31.279444669446143,33.46640223235159,30.969372063108693,30.528638153677093,32.5921420065908,32.271111111111146,27.209913359903,26.970875032748253,26.80602645960717,28.681451568841755,27.96877378828428,28.46738984409553,27.18224396470531,30.4663133372161,29.96997653958947,31.14830144702344,27.31097823634386,26.944091231387404,28.018689581095632
2020_10,35.150000000000034,34.09000000000003,36.89000000000004,37.203333333333376,34.766586538461574,34.26042275305038,34.35901609363572,33.15396362258435,31.15600142806144,34.01858880000004,32.169103060147755,32.70029208924953,32.199581625322274,32.641443902439086,33.17178820899695,32.91178568252561,32.46505156520948,29.40762980941395,29.015705730682864,29.82935563816608,29.71255327433632,29.781021798815782,29.594105081826047,36.59002847650691,34.15270398003349,38.964082675336776,37.77748704361501,38.20840222808566,35.531675933004465,37.18793446357387,37.09413677542111,38.02580193756731,30.031985370051647,28.27995628813405,28.650449317467334,34.52816756603239,33.31325378603912,31.909050163934456,30.212799902101352,33.27681728880157,35.68184416239392,37.09582274356471,29.212719076196727,28.728333333333357,29.275362108321257
2020_11,34.55498938428877,33.420000000000044,34.463492462311585,39.4116666666667,42.27459346685746,40.80111111111114,43.10892467620997,40.06017004737037,34.93625000000003,42.67072086596042,40.231130063965914,39.712011954992995,40.15004109940925,39.4095007551603,41.77956150726595,39.34535875112582,40.21580675502355,33.77846099926012,33.65462045524775,34.90883810294269,31.970753409983597,32.96531101739592,32.03256004449614,43.05775722152453,42.846064278972726,42.8086548897647,41.05870374582095,40.52762287383915,41.65110884600277,40.94731741832281,41.55882730466535,40.80888888888892,31.646834443065163,30.199923498661267,30.20575091575095,42.178628303152294,42.30706998974441,41.46783199687073,35.063985251138476,39.6860972404731,42.31729517836144,43.06002887633401,30.09170219135438,30.32913043478264,30.03494821249585
2020_12,28.200000000000017,29.190000000000055,30.77250000000003,33.0333057423694,37.2146536666165,38.2742451361868,38.5942610935024,37.31324239471693,34.82500000000003,38.76568284981252,39.05100000000003,39.4063742428756,39.714506985219735,39.21265975706367,38.71335388263193,38.15636808846767,39.40961412751843,35.52902264453631,35.96710759198885,37.28199563318779,32.028549445895386,33.90284201007626,32.65245525809797,35.56161378174681,37.65274743554198,35.436235413818366,37.65201645310491,35.97003186968842,37.562082041595744,33.430233260252336,35.092531693339865,31.33214257735999,32.70983532196039,30.30084139264992,30.903371788148988,40.812224340969415,40.18449856767019,40.780404553227946,37.31221212490852,37.43267470371889,37.77684917531033,33.816078605200964,29.650600721943924,28.969327628361885,29.462630331753587
2021_01,30.510000000000048,28.510000000000048,30.590000000000032,34.906666666666695,39.016638885433544,38.97645683930946,39.700525139024286,38.564579286036334,33.952135242156594,39.80555819477435,39.19805119609939,38.96680642410463,39.52904099214243,39.28200019750162,39.65039446990764,38.18831198667512,38.65490622603366,38.46668908564618,38.90931725948919,39.71489771326852,33.90797921373706,35.778402417292945,35.210584023585604,38.30573492122285,38.27928794370022,37.43788858128713,37.777647943181584,36.84836724736676,37.78077938884938,34.809558049554234,35.84627619441953,35.29475675675679,34.970063829787264,31.53351412233585,32.275540596520315,41.18026591595987,41.40766211628538,40.46801868901074,39.21358459903746,38.18443365965428,38.152332816079266,36.679904879947,30.34543257717598,28.973988220445957,30.02884615384618
2021_02,26.760000000000048,24.57000000000005,26.953669064748233,33.03160173160176,34.547671232876745,35.45135638297876,37.8004,37.177503133268395,32.18241379310348,38.88959393128071,36.64125472887772,36.653516050054435,37.03404330111051,37.46879935275084,38.03505658436216,36.80375573432619,36.03374014443782,40.59156754032255,39.84504338394797,40.96838689277183,34.5341522722218,36.52786521014632,37.03061063819323,36.315171686951814,37.15289738430585,34.436184667293944,37.65056403582304,36.90523744105745,37.90711165308749,33.43687754315331,35.151654891908784,34.30939072107325,34.905961442163296,30.71841029523091,32.150254381572424,40.43950231481484,40.21220143327039,38.64021066348144,38.968287664300036,34.31308946816874,34.176455504587196,34.810645975710635,31.062284629283702,27.27890200916464,29.476764705882367
2021_03,30.79542553191493,28.910000000000025,31.146271929824582,34.47787638668782,39.91761825817862,40.33351784790485,40.521384714816634,39.347688922900346,37.57692307692311,40.36160556257904,41.60847891566267,42.4684898753003,43.46972498578738,43.031631280962515,40.777897398843976,40.557853316527535,41.033665405262695,42.092465046010176,42.34474216276934,42.904731173328656,40.468153433662025,41.46896309866531,40.940359873491566,40.06002850162869,42.262720066289326,39.93443575304249,42.03073225417013,40.71061177182023,42.40795285846835,38.43837610371204,40.280424027979166,38.43355837141673,40.71484747784598,34.964181256436696,38.405000000000065,45.063218440594106,44.4668489270958,44.03268757654831,42.84863404334928,39.43913251638648,39.69020249044324,39.06030717911535,35.061730769230806,29.279245908889894,31.408650007618498
2021_04,30.027056856187325,29.99000000000001,31.46798114689712,35.183481012658255,44.07976264923256,44.888378212221895,45.01731804190249,44.05945306902319,41.82187500000002,45.61095563806921,46.219260827982,46.467703616786324,47.594577804426606,46.65355994704994,45.71043390804602,45.185847902097926,46.31622547051739,45.28024656001797,44.27690592482481,46.151886869512,42.65160758402764,44.46805213103208,43.18486944416154,44.69040914526511,45.52852897451913,44.06268435678465,49.09222735559271,47.530651710245714,47.96591492060509,41.30964158338926,45.44035223026158,40.818131970260254,44.47091928251123,39.78145985401463,41.93900312864244,49.43328240983154,47.779855986078175,49.03207573716518,46.469556560183506,43.188166571100965,42.302849046060544,41.68539940703097,38.30527710500073,30.7806666666667,34.09500000000003
2021_05,29.850000000000016,28.51000000000002,30.665000000000035,33.47600000000002,38.643033135089254,39.70249637856112,40.09457961484268,39.81284462151397,37.16625000000002,41.360977337110505,42.47961876832847,42.41060858375601,42.40574448807007,42.20310731707321,41.27554734721292,40.3154906864436,42.35166827541827,37.847173803526445,37.46716456143454,38.85082903397969,38.467457364341115,39.71369481077984,38.96591266263045,37.93707354705987,40.5934037380086,38.309742804736615,42.40662878868337,41.78123974249164,41.59142894889816,37.80569530867651,40.21373314518659,35.69579108700781,39.40731956066949,35.21199315514997,36.90624894157499,43.77860853016909,41.71386854855088,41.65009500401763,40.59152945583968,38.82054066522121,37.68289194778342,36.56247918376922,35.93692203573365,29.531654676259016,32.34412035969567
2021_06,31.983884892086344,30.710000000000036,32.08000000000004,33.32116322701691,39.16144307982998,39.556163435851815,39.147045121056536,38.057625053748055,34.66500000000003,38.78285714285716,39.56062202978142,36.84700778274551,36.09307160804024,35.652870435640814,39.10625929861852,39.06653830948053,39.30171784088947,34.96680070987784,33.65116837686571,35.968963040427106,35.90684417689285,38.53181810979956,34.94047366747909,37.556623968908646,37.53006822432376,37.178620990998915,39.21139951662185,40.806873748314075,38.27685995268358,35.09196334265306,36.65228661155253,34.40500792811842,37.463437533114366,34.527500000000025,35.27562456466219,38.27937030704039,36.71323176718092,39.03015671177483,36.68427316215956,39.30818881821229,37.94226689271013,36.057335140419525,35.06495327102808,30.800818356867808,32.712648008611446
2021_07,30.65605790645884,28.81000000000003,31.475687645687685,35.2725222551929,37.29731892523366,38.32265807962531,36.939359501704125,33.54545150501675,30.564846553137265,37.79859854554422,36.46937500000003,35.5948490610887,34.59220094086027,36.02689245810057,34.35366379310347,34.44552449282537,32.40761198688937,28.211055623847592,28.300356829482315,28.470205745623577,29.2796604850214,30.814218046280512,28.713427605633832,37.55475017729359,37.060260197336845,36.559956529187595,37.53049114611287,37.594714985722895,36.77915660761886,34.931496989811684,37.652578073364225,35.464035799522705,29.438981504015615,28.784709302325588,29.154470964566972,34.52737433422104,32.591507918466306,34.80862239931179,29.30795519019324,38.8079341633256,37.80674801061011,36.67907523579737,28.18422706352967,28.286464079273347,28.58889071337351
2021_08,33.47666666666669,32.59000000000003,33.230000000000025,32.98208191126282,33.71343847820855,32.39000000000004,31.19995627703619,34.09820610687025,31.931869158878538,31.34709186510944,31.15088191157804,31.466144315214834,33.27775516693165,32.40972256728784,31.524523384130333,33.78049421455189,33.176483560950984,28.967324524490856,29.85261589403975,29.468456560053166,29.274745466115217,29.972137706772255,28.058196943420793,34.527711633663394,32.02938839958919,36.429445279992,31.070420494242516,31.307496909401312,31.806686048853862,38.43800241351573,32.55831969234711,38.82000000000003,29.537103064066866,29.468787335722848,29.06263586581385,25.809426156990767,27.30856876795803,31.678322300963114,29.56252796507281,34.422921282798875,33.058921568627476,34.90336178107609,28.346041666666693,27.208750000000027,28.96142788691905
2021_09,31.480000000000015,31.190000000000055,32.05000000000001,31.014542635658955,34.155059643687096,33.654226648811566,33.16961729812481,31.41003982422414,29.02532048113365,32.65127119987323,29.64409873708385,30.46750340268329,29.846038019009516,30.77930795092348,31.358074277854215,29.9644602823139,29.04903543307089,26.213071053886544,26.405525417796884,27.27794165227167,28.20076594821355,27.713143954100374,27.468078347461137,33.53231439236831,32.84667453215894,35.09054275673569,32.18161274746503,35.05720838941235,33.68336882178349,34.77990430341104,34.77866221090609,33.348152436083005,28.22991460973985,28.140178786881705,27.907540777408126,26.091201990936813,25.847854492579227,28.53007401234203,26.468937662651015,31.408623080733065,32.71131265508688,33.46548815713463,28.092861994552,28.35928571428573,28.844124276576338
2021_10,33.16165467625902,32.190000000000055,33.48333333333335,32.57631188118815,35.7134273937857,36.34702912621361,37.27912635555016,36.439641092852135,32.46766055045874,39.091692743009354,34.96480099502491,35.27808802098516,34.909902731013894,39.21077111050777,38.910181620050885,34.9663876181763,32.851620817843894,29.43609197886647,29.276750633552975,29.091581092754616,29.96874782117119,30.650930133137962,29.90834661280067,38.18356319719743,39.31224528084721,39.685915670844295,37.0323901019969,39.0618147578786,38.40718764198093,38.06114839768513,39.55866905563402,36.84878576413122,30.155314785192008,29.211061974658172,29.464750130511177,33.434038162934385,32.061926518711566,33.8143528769014,30.81162897202849,34.929865796831336,34.346250000000026,38.43866401364414,29.71297297297301,30.409166666666692,30.217088927289673
2021_11,31.090000000000032,30.81,32.01000000000005,33.589518072289195,40.21515523932733,40.200895015105786,40.96304965646474,39.44079815455597,34.34771877655058,41.82995845450772,41.34978905887809,41.78200350653491,41.40669601720084,43.093785065727104,41.082213172804565,39.40035183349855,39.28344081152069,31.092315063117347,30.912051209904376,32.780145061728405,30.210160715442974,31.309802698389685,30.440550844386497,41.8124191870028,43.02988012605308,41.9384404929457,40.529571977873786,41.17983240338493,42.469597936071786,40.30481134513504,43.30720269998362,38.43854961832063,30.782192442882252,28.90831230018514,28.97050794455716,40.179004695415856,37.94112167399506,40.210943396226455,34.182832450164064,38.80623296756302,37.85166666666669,40.05993950971031,29.273997483643697,30.14125000000003,29.96400000000003
2021_12,31.574387755102084,31.02000000000004,32.9854897739505,35.59400000000003,38.518400050832405,38.75953850392619,38.84661955019475,37.80897784267668,33.7939303294207,38.57965964160942,38.6713112884835,39.0932821187078,39.26223921654931,38.980576939417126,38.4706098181356,37.55691521240969,38.78001957585643,34.031512589846784,34.08944863234983,36.68177663332168,31.092941983685336,33.18829618454355,32.84847457627118,38.09226839431479,38.90861256911892,37.18678221775946,37.909274482680786,36.908528915154086,38.03063911910974,37.3116289266811,36.59115594329337,36.322174320524866,31.537463230508937,28.5891666666667,29.531014745520864,40.439784764393906,39.46593933838847,39.71185664357106,37.65475140953362,37.81167589790443,37.71002302218505,37.81276918944731,28.908531596961403,28.35833333333336,28.151875000000032
2022_01,31.966666666666686,30.610000000000017,31.981741618969767,35.11049678012882,37.902647835269306,38.2981170623965,38.212078600636104,36.561066102378106,35.4369230769231,39.25525974025978,38.71285452322741,38.46762067076514,39.08126042319379,38.40930340421811,38.28052895080542,38.44017065628226,38.20776710155151,37.21506550218344,37.213140192791315,38.464617498706694,33.47165136428297,35.46408378612493,36.15075640575648,37.185226167315214,38.53043311047309,37.31350603817688,38.02810444205357,36.0904048731818,38.28142610147851,35.43964411438493,36.408241632076354,33.43923300714099,32.466443237739725,29.53349217766593,30.090968219768428,40.058616972123886,39.5318055703012,39.967880193290384,39.09161451724879,37.08628571428577,36.96888013896935,36.814236676113005,28.41268292682931,27.276666666666696,28.34292749039985
2022_02,28.920000000000016,28.28000000000003,30.344378571428603,33.031898734177254,37.230415667466055,37.490000000000016,38.48040587940539,36.96681744949811,36.18250000000003,38.4812175962294,39.34860803764468,39.15182992788466,40.080549632248186,40.04941999317639,38.85172392684983,38.150287658064094,38.532066292017944,38.907443158499554,38.58023263506067,39.712476935684286,37.53347845702685,38.65209228725485,38.591741299259496,36.68760046212581,38.40730946480147,36.436054925495775,38.59259343208058,36.09571335028123,39.34784655974249,35.937883392496886,36.59124279822437,35.312777777777804,37.02832635534086,32.9059807692308,34.03075702075704,40.77991204760659,40.468137602122155,40.859941100878096,39.84978967815876,37.15522119591645,37.27615594570672,36.31213310164014,32.18123430962348,29.16308876593701,30.712747207281787
2022_03,27.953333333333365,27.450000000000045,29.203145161290365,33.70375000000004,39.517783588818794,40.35000000000003,41.16917856307049,39.553236729175254,37.17714285714289,41.33136324117548,40.71363099631,41.71543814202774,42.80054054054054,42.695465196416315,41.34629025207634,38.94475079820339,39.96062990671473,40.09270052398232,39.40768803260472,41.28152065728624,38.94317777295424,40.5897080436942,38.438742414731166,38.06171495723205,39.40631944444448,38.56297397190993,41.77883630858077,40.77981838755306,41.90536746804624,37.30711880433128,39.28130346492153,37.44292688851108,40.46640638323794,35.4008613345954,36.53369130100079,42.682976511051315,42.09451673500714,43.71492235177374,40.09214950323298,39.152965894654606,38.80690830403031,38.31223449616685,34.05772151898737,29.848678959333185,31.909230769230795
2022_04,31.072105263157944,30.77000000000004,32.30000000000002,35.85333333333336,42.44939024390249,42.48213443771904,43.54947282163345,41.9347465763095,39.56049394221811,43.299387896653386,42.15135147433567,43.09501230061113,45.0295733825112,44.63939678649243,42.466176684616535,41.313630217448654,41.969495573212264,43.02782064797251,42.71288514632803,43.96928793471926,42.653554056174535,42.96743740982776,42.93648020577719,42.06197725009176,44.65172700997604,42.56279977250471,46.46869662990576,45.09033720505967,45.65279067927985,41.56200032725195,44.21189413724785,40.18179771388988,42.53025620280473,37.43762365191523,40.68343743975327,47.81196799008349,46.52879610446013,46.59241310209142,45.09253428883297,42.93802652007889,41.68051754974294,40.05873314887859,36.31062500000001,29.846666666666692,33.155582595870236
2022_05,31.14000000000003,29.950000000000017,32.76000000000005,37.73000000000003,42.94837786259547,42.638000000000034,41.902284800787065,42.81583293464743,38.05795851528387,41.03403463203465,41.9769230769231,43.40363654020463,44.48001918649274,44.40830645161292,40.47346991037134,39.807531149742594,42.718907508443785,41.71357898264694,41.41542036489156,43.56167200812947,39.410679415073176,40.68544437062406,40.431773378737454,43.17754196326572,44.27991140931207,41.679143299168494,45.183563513927176,43.34951228849248,44.59259480532631,38.808694650627096,43.43820421544846,37.92698570035753,40.715586607637,37.18332297231672,38.43996535484224,46.94704837584136,44.77915657567862,44.776794705601446,43.80829099191554,42.81335814926478,42.06391932851484,41.81430327868854,36.55709677419356,31.09409027291815,32.80871878040872
2022_06,28.090000000000032,27.630000000000052,28.98241823587712,32.03253424657537,36.1549724925942,37.91130426164521,36.70967443906735,34.817093350486466,31.672241520787782,36.21138516992795,33.35151291512917,33.94947270471469,32.90820439645204,33.65117276166461,34.647333333333364,33.05152910667981,32.40590278937701,31.932422557941464,30.90276544691064,32.81824904974385,33.651184781399536,33.96633876221501,33.30502561090992,35.55089290208914,35.906513992884086,36.1844452019772,35.44309144889939,36.154221214085155,35.5633536889063,36.55305948758658,36.21122461665979,34.824682174113335,32.090453200645534,32.02739130434785,31.91063448619064,34.55455043948074,32.808899591242174,34.02807013477273,33.4372686006313,34.67868294558744,35.30201830715338,34.56378310104534,30.155852013057725,29.475000000000023,30.405496688741753
2022_07,27.710000000000036,26.670000000000016,28.960000000000036,32.57229607250759,36.17003906250003,36.18500000000005,38.04750000000002,31.30059311691485,29.18367903661836,39.68673815333249,36.93580799195781,37.565531933207126,37.81848715968336,39.5632167247387,38.797516756756785,36.153000000000034,34.82473684210529,28.031871723292785,27.550000000000004,28.279991756543236,30.30382476875642,31.310107604017244,28.439949543667016,36.18318940917813,37.68229955690087,35.93774072704872,36.93620984023878,37.31100582072179,37.183356811697536,33.90325581395354,36.53022511601029,33.156000000000034,28.6546666666667,28.781722620599748,28.446093400776412,34.06048130487103,29.937926101628634,34.932657720511855,30.30168368682901,36.92017277856137,36.79596017069705,33.81662982021474,28.969019607843165,27.40752908001412,28.585380212592025
2022_08,26.410000000000025,26.870000000000033,29.710000000000036,28.702000000000044,35.798554757630185,35.08677725118487,33.09149936467602,26.554522402287915,23.42928762243993,32.289181628392505,27.906500419111534,28.190544162882706,29.34936785245025,28.522965499078246,28.589865002547153,28.439544445431164,28.087227842367543,25.468200928553035,24.47076905470362,25.84829881796692,25.770764104842325,26.530601733809313,25.779882606732546,33.68550982276322,34.437647284750526,34.30141397371745,30.844686943339028,35.55778293530669,32.34555287724066,34.1854312576313,36.93402747135436,32.29254703734908,26.407124947764355,25.690000000000055,26.680654610671105,28.71370562911221,28.030310052939328,30.465493540907616,27.783804065342487,26.57128965801404,28.131142857142912,34.437414383561666,23.31178239584377,21.41666666666669,25.845000000000027
2022_09,29.630000000000052,29.730000000000047,30.511679389313027,30.921428571428585,31.347010418881588,31.04930862437635,30.410961121157374,30.03020575141382,28.65151569186881,30.094021995286756,27.27825205479455,27.28177027027029,27.28283576384803,27.84904713853253,28.599720361200134,28.65002786485547,29.029797767709145,28.65167006382205,27.054693190815534,29.28113036817791,28.40922438557299,27.40987354663503,27.90811246431282,31.77828461666946,30.941949379832124,33.40537241215203,28.28119997818227,29.8044308495581,28.71140387679238,33.560476026611646,31.440287616694143,34.77125000000004,26.093290295710148,26.850827067669197,26.404845041322343,29.21308269710293,27.809037939092423,27.451478655923236,26.81273140616824,30.178888287963517,30.210192588269656,30.96579741867314,26.308247577295813,23.31000000000004,26.060143277986104
2022_10,31.712698412698433,33.97000000000003,32.81000000000003,31.7693242816546,32.58220892274214,32.89018954018959,31.91073405032894,30.348143678524075,28.780352750371705,30.84910733404713,30.52387547169813,30.78289301126493,30.15431577398473,30.859303118419756,31.701098188324796,31.346491183879102,30.345687919463114,29.652904263710745,29.861748146914294,27.90967619047619,28.90731627966323,28.530286739864913,29.23039328734688,34.18072545612515,31.80685287978358,36.67983266291236,29.779911134108804,33.71281819026387,31.93652147275061,37.81413781550144,33.18302839410399,38.17562760537289,26.408520247530173,25.970659081992967,26.528825000000012,30.406662217278516,29.966095540491544,29.27758949995983,29.71126044874613,32.81053375649165,32.031200851900415,33.030669050051095,26.96818376068379,27.207777777777817,26.95375000000004
2022_11,21.33000000000004,26.090000000000032,34.710000000000036,37.655000000000015,41.80913779210315,38.55029686864582,39.0619652244238,35.06173708229062,32.18550023430181,38.30005232441138,37.71402881271737,39.15687716032975,37.064698036309785,38.93683103665676,37.55971003211056,36.19032063151744,37.81060577545139,32.436561049927334,31.34421486885532,33.05881229163288,28.307284910595925,31.18520689655175,29.65623181179463,36.558509860403305,42.93601725819163,40.67839357126694,39.18264171262603,40.59116032351817,40.18222647870054,41.05818706554125,43.062130760606664,39.9435045146727,31.094584040747076,28.40262957843818,29.344914623579182,38.4371160019858,37.55883901978106,37.810184770553946,32.1798397113892,37.68350029120562,41.280513375599206,37.31444444444448,29.184622188673444,29.344264829912877,28.444781384564465
