system:index,VHI_M,adm4_id,month,season,year,ym,.geo
VHI_M_2021-01_00000000000000000017,0.3499999940395355,24,1,Dry,2021,2021-01,"{""type"":""MultiPoint"",""coordinates"":[]}"
VHI_M_2021-01_00000000000000000018,0.4449999928474426,25,1,Dry,2021,2021-01,"{""type"":""MultiPoint"",""coordinates"":[]}"
VHI_M_2021-01_00000000000000000019,0.4000000059604645,26,1,Dry,2021,2021-01,"{""type"":""MultiPoint"",""coordinates"":[]}"
VHI_M_2021-01_0000000000000000001a,0.4000000059604645,27,1,Dry,2021,2021-01,"{""type"":""MultiPoint"",""coordinates"":[]}"
VHI_M_2021-01_0000000000000000005b,0.44999998807907104,92,1,Dry,2021,2021-01,"{""type"":""MultiPoint"",""coordinates"":[]}"
VHI_M_2021-01_0000000000000000005c,0.30000001192092896,93,1,Dry,2021,2021-01,"{""type"":""MultiPoint"",""coordinates"":[]}"
VHI_M_2021-01_0000000000000000005d,,94,1,Dry,2021,2021-01,"{""type"":""MultiPoint"",""coordinates"":[]}"
VHI_M_2021-01_0000000000000000005e,0.3100000023841858,95,1,Dry,2021,2021-01,"{""type"":""MultiPoint"",""coordinates"":[]}"
VHI_M_2021-01_0000000000000000005f,0.4050000011920929,96,1,Dry,2021,2021-01,"{""type"":""MultiPoint"",""coordinates"":[]}"
VHI_M_2021-01_000000000000000000b6,0.4350000023841858,183,1,Dry,2021,2021-01,"{""type"":""MultiPoint"",""coordinates"":[]}"
VHI_M_2021-01_000000000000000000b7,0.7850000262260437,184,1,Dry,2021,2021-01,"{""type"":""MultiPoint"",""coordinates"":[]}"
VHI_M_2021-01_000000000000000000b8,0.26499998569488525,185,1,Dry,2021,2021-01,"{""type"":""MultiPoint"",""coordinates"":[]}"
VHI_M_2021-01_000000000000000000b9,0.38499999046325684,186,1,Dry,2021,2021-01,"{""type"":""MultiPoint"",""coordinates"":[]}"
VHI_M_2021-01_000000000000000000ba,0.4749999940395355,187,1,Dry,2021,2021-01,"{""type"":""MultiPoint"",""coordinates"":[]}"
VHI_M_2021-01_000000000000000000bb,0.41999998688697815,188,1,Dry,2021,2021-01,"{""type"":""MultiPoint"",""coordinates"":[]}"
VHI_M_2021-01_000000000000000001a0,0.7049999833106995,417,1,Dry,2021,2021-01,"{""type"":""MultiPoint"",""coordinates"":[]}"
VHI_M_2021-01_000000000000000001a1,0.5249999761581421,418,1,Dry,2021,2021-01,"{""type"":""MultiPoint"",""coordinates"":[]}"
VHI_M_2021-01_000000000000000001a2,0.6899999976158142,419,1,Dry,2021,2021-01,"{""type"":""MultiPoint"",""coordinates"":[]}"
VHI_M_2021-01_000000000000000001a3,0.5249999761581421,420,1,Dry,2021,2021-01,"{""type"":""MultiPoint"",""coordinates"":[]}"
VHI_M_2021-01_000000000000000001cb,0.3700000047683716,460,1,Dry,2021,2021-01,"{""type"":""MultiPoint"",""coordinates"":[]}"
VHI_M_2021-01_000000000000000001cc,0.39500001072883606,461,1,Dry,2021,2021-01,"{""type"":""MultiPoint"",""coordinates"":[]}"
VHI_M_2021-01_0000000000000000021b,0.38499999046325684,540,1,Dry,2021,2021-01,"{""type"":""MultiPoint"",""coordinates"":[]}"
VHI_M_2021-01_0000000000000000021c,0.39500001072883606,541,1,Dry,2021,2021-01,"{""type"":""MultiPoint"",""coordinates"":[]}"
VHI_M_2021-01_0000000000000000021d,0.4449999928474426,542,1,Dry,2021,2021-01,"{""type"":""MultiPoint"",""coordinates"":[]}"
VHI_M_2021-01_000000000000000000bf,0.4650000035762787,192,1,Dry,2021,2021-01,"{""type"":""MultiPoint"",""coordinates"":[]}"
VHI_M_2021-01_000000000000000000c0,0.47999998927116394,193,1,Dry,2021,2021-01,"{""type"":""MultiPoint"",""coordinates"":[]}"
VHI_M_2021-01_0000000000000000010a,0.46000000834465027,267,1,Dry,2021,2021-01,"{""type"":""MultiPoint"",""coordinates"":[]}"
VHI_M_2021-01_0000000000000000010b,0.4300000071525574,268,1,Dry,2021,2021-01,"{""type"":""MultiPoint"",""coordinates"":[]}"
VHI_M_2021-01_00000000000000000226,0.41999998688697815,551,1,Dry,2021,2021-01,"{""type"":""MultiPoint"",""coordinates"":[]}"
VHI_M_2021-01_00000000000000000227,0.4300000071525574,552,1,Dry,2021,2021-01,"{""type"":""MultiPoint"",""coordinates"":[]}"
VHI_M_2021-01_000000000000000001a4,0.39500001072883606,421,1,Dry,2021,2021-01,"{""type"":""MultiPoint"",""coordinates"":[]}"
VHI_M_2021-01_000000000000000001a5,0.39500001072883606,422,1,Dry,2021,2021-01,"{""type"":""MultiPoint"",""coordinates"":[]}"
VHI_M_2021-01_000000000000000001a6,0.3499999940395355,423,1,Dry,2021,2021-01,"{""type"":""MultiPoint"",""coordinates"":[]}"
VHI_M_2021-01_000000000000000001a7,0.4000000059604645,424,1,Dry,2021,2021-01,"{""type"":""MultiPoint"",""coordinates"":[]}"
VHI_M_2021-01_000000000000000001a8,0.3100000023841858,425,1,Dry,2021,2021-01,"{""type"":""MultiPoint"",""coordinates"":[]}"
VHI_M_2021-01_000000000000000001a9,0.3100000023841858,426,1,Dry,2021,2021-01,"{""type"":""MultiPoint"",""coordinates"":[]}"
VHI_M_2021-01_000000000000000001aa,0.2750000059604645,427,1,Dry,2021,2021-01,"{""type"":""MultiPoint"",""coordinates"":[]}"
VHI_M_2021-01_000000000000000001fe,0.5,511,1,Dry,2021,2021-01,"{""type"":""MultiPoint"",""coordinates"":[]}"
VHI_M_2021-01_000000000000000001ff,0.4300000071525574,512,1,Dry,2021,2021-01,"{""type"":""MultiPoint"",""coordinates"":[]}"
VHI_M_2021-01_00000000000000000200,0.42500001192092896,513,1,Dry,2021,2021-01,"{""type"":""MultiPoint"",""coordinates"":[]}"
VHI_M_2021-01_00000000000000000201,0.4300000071525574,514,1,Dry,2021,2021-01,"{""type"":""MultiPoint"",""coordinates"":[]}"
VHI_M_2021-01_00000000000000000202,0.35499998927116394,515,1,Dry,2021,2021-01,"{""type"":""MultiPoint"",""coordinates"":[]}"
VHI_M_2021-01_00000000000000000002,0.4449999928474426,3,1,Dry,2021,2021-01,"{""type"":""MultiPoint"",""coordinates"":[]}"
VHI_M_2021-01_0000000000000000000d,0.5299999713897705,14,1,Dry,2021,2021-01,"{""type"":""MultiPoint"",""coordinates"":[]}"
VHI_M_2021-01_00000000000000000027,0.43500000238418574,40,1,Dry,2021,2021-01,"{""type"":""MultiPoint"",""coordinates"":[]}"
VHI_M_2021-01_00000000000000000070,0.42500001192092896,113,1,Dry,2021,2021-01,"{""type"":""MultiPoint"",""coordinates"":[]}"
VHI_M_2021-01_00000000000000000071,0.4300000071525574,114,1,Dry,2021,2021-01,"{""type"":""MultiPoint"",""coordinates"":[]}"
VHI_M_2021-01_000000000000000001b0,0.4050000011920929,433,1,Dry,2021,2021-01,"{""type"":""MultiPoint"",""coordinates"":[]}"
VHI_M_2021-01_000000000000000001b1,0.49000000953674316,434,1,Dry,2021,2021-01,"{""type"":""MultiPoint"",""coordinates"":[]}"
VHI_M_2021-01_000000000000000001b2,0.41999998688697815,435,1,Dry,2021,2021-01,"{""type"":""MultiPoint"",""coordinates"":[]}"
VHI_M_2021-01_000000000000000001cd,0.46000000834465016,462,1,Dry,2021,2021-01,"{""type"":""MultiPoint"",""coordinates"":[]}"
VHI_M_2021-01_000000000000000001ce,0.4449999928474426,463,1,Dry,2021,2021-01,"{""type"":""MultiPoint"",""coordinates"":[]}"
VHI_M_2021-01_000000000000000001cf,0.4600000083446502,464,1,Dry,2021,2021-01,"{""type"":""MultiPoint"",""coordinates"":[]}"
VHI_M_2021-01_0000000000000000001c,0.48500001430511475,29,1,Dry,2021,2021-01,"{""type"":""MultiPoint"",""coordinates"":[]}"
VHI_M_2021-01_0000000000000000001d,0.4749999940395356,30,1,Dry,2021,2021-01,"{""type"":""MultiPoint"",""coordinates"":[]}"
VHI_M_2021-01_0000000000000000001e,0.4149999916553498,31,1,Dry,2021,2021-01,"{""type"":""MultiPoint"",""coordinates"":[]}"
VHI_M_2021-01_00000000000000000026,0.45500001311302185,39,1,Dry,2021,2021-01,"{""type"":""MultiPoint"",""coordinates"":[]}"
VHI_M_2021-01_000000000000000000f9,0.47999998927116416,250,1,Dry,2021,2021-01,"{""type"":""MultiPoint"",""coordinates"":[]}"
VHI_M_2021-01_000000000000000000fa,0.5,251,1,Dry,2021,2021-01,"{""type"":""MultiPoint"",""coordinates"":[]}"
VHI_M_2021-01_000000000000000000fb,0.5,252,1,Dry,2021,2021-01,"{""type"":""MultiPoint"",""coordinates"":[]}"
VHI_M_2021-01_000000000000000000fc,0.4650000035762787,253,1,Dry,2021,2021-01,"{""type"":""MultiPoint"",""coordinates"":[]}"
VHI_M_2021-01_00000000000000000163,0.46000000834465027,356,1,Dry,2021,2021-01,"{""type"":""MultiPoint"",""coordinates"":[]}"
VHI_M_2021-01_00000000000000000164,0.44999998807907104,357,1,Dry,2021,2021-01,"{""type"":""MultiPoint"",""coordinates"":[]}"
VHI_M_2021-01_00000000000000000165,0.49000000953674316,358,1,Dry,2021,2021-01,"{""type"":""MultiPoint"",""coordinates"":[]}"
VHI_M_2021-01_00000000000000000166,0.449999988079071,359,1,Dry,2021,2021-01,"{""type"":""MultiPoint"",""coordinates"":[]}"
VHI_M_2021-01_00000000000000000149,0.4850000143051147,330,1,Dry,2021,2021-01,"{""type"":""MultiPoint"",""coordinates"":[]}"
VHI_M_2021-01_0000000000000000014a,0.4000000059604645,331,1,Dry,2021,2021-01,"{""type"":""MultiPoint"",""coordinates"":[]}"
VHI_M_2021-01_0000000000000000014b,0.41499999165534973,332,1,Dry,2021,2021-01,"{""type"":""MultiPoint"",""coordinates"":[]}"
VHI_M_2021-01_0000000000000000014c,0.4950000047683716,333,1,Dry,2021,2021-01,"{""type"":""MultiPoint"",""coordinates"":[]}"
VHI_M_2021-01_0000000000000000014d,0.4449999928474426,334,1,Dry,2021,2021-01,"{""type"":""MultiPoint"",""coordinates"":[]}"
VHI_M_2021-01_0000000000000000014e,0.45500001311302185,335,1,Dry,2021,2021-01,"{""type"":""MultiPoint"",""coordinates"":[]}"
VHI_M_2021-01_00000000000000000158,0.4699999988079071,345,1,Dry,2021,2021-01,"{""type"":""MultiPoint"",""coordinates"":[]}"
VHI_M_2021-01_00000000000000000159,0.4650000035762787,346,1,Dry,2021,2021-01,"{""type"":""MultiPoint"",""coordinates"":[]}"
VHI_M_2021-01_0000000000000000015a,0.5,347,1,Dry,2021,2021-01,"{""type"":""MultiPoint"",""coordinates"":[]}"
VHI_M_2021-01_0000000000000000015b,0.45500001311302185,348,1,Dry,2021,2021-01,"{""type"":""MultiPoint"",""coordinates"":[]}"
VHI_M_2021-01_0000000000000000015c,0.41999998688697815,349,1,Dry,2021,2021-01,"{""type"":""MultiPoint"",""coordinates"":[]}"
VHI_M_2021-01_0000000000000000015d,0.49000000953674316,350,1,Dry,2021,2021-01,"{""type"":""MultiPoint"",""coordinates"":[]}"
VHI_M_2021-01_00000000000000000008,0.38499999046325684,9,1,Dry,2021,2021-01,"{""type"":""MultiPoint"",""coordinates"":[]}"
VHI_M_2021-01_000000000000000000c2,0.3400000035762787,195,1,Dry,2021,2021-01,"{""type"":""MultiPoint"",""coordinates"":[]}"
VHI_M_2021-01_000000000000000000c3,0.6150000095367432,196,1,Dry,2021,2021-01,"{""type"":""MultiPoint"",""coordinates"":[]}"
VHI_M_2021-01_000000000000000000c4,0.4000000059604645,197,1,Dry,2021,2021-01,"{""type"":""MultiPoint"",""coordinates"":[]}"
VHI_M_2021-01_000000000000000000c5,0.40999999642372137,198,1,Dry,2021,2021-01,"{""type"":""MultiPoint"",""coordinates"":[]}"
VHI_M_2021-01_000000000000000000c6,0.5350000262260437,199,1,Dry,2021,2021-01,"{""type"":""MultiPoint"",""coordinates"":[]}"
VHI_M_2021-01_000000000000000000c7,0.3799999952316284,200,1,Dry,2021,2021-01,"{""type"":""MultiPoint"",""coordinates"":[]}"
VHI_M_2021-01_000000000000000000c8,0.3100000023841858,201,1,Dry,2021,2021-01,"{""type"":""MultiPoint"",""coordinates"":[]}"
VHI_M_2021-01_000000000000000000c9,0.4350000023841858,202,1,Dry,2021,2021-01,"{""type"":""MultiPoint"",""coordinates"":[]}"
VHI_M_2021-01_00000000000000000136,0.38999998569488525,311,1,Dry,2021,2021-01,"{""type"":""MultiPoint"",""coordinates"":[]}"
VHI_M_2021-01_00000000000000000137,0.4399999976158142,312,1,Dry,2021,2021-01,"{""type"":""MultiPoint"",""coordinates"":[]}"
VHI_M_2021-01_00000000000000000138,0.4650000035762787,313,1,Dry,2021,2021-01,"{""type"":""MultiPoint"",""coordinates"":[]}"
VHI_M_2021-01_00000000000000000139,0.4600000083446504,314,1,Dry,2021,2021-01,"{""type"":""MultiPoint"",""coordinates"":[]}"
VHI_M_2021-01_0000000000000000013a,0.4699999988079071,315,1,Dry,2021,2021-01,"{""type"":""MultiPoint"",""coordinates"":[]}"
VHI_M_2021-01_000000000000000001ef,0.4300000071525573,496,1,Dry,2021,2021-01,"{""type"":""MultiPoint"",""coordinates"":[]}"
VHI_M_2021-01_000000000000000001f0,0.4950000047683716,497,1,Dry,2021,2021-01,"{""type"":""MultiPoint"",""coordinates"":[]}"
VHI_M_2021-01_00000000000000000081,0.4300000071525574,130,1,Dry,2021,2021-01,"{""type"":""MultiPoint"",""coordinates"":[]}"
VHI_M_2021-01_000000000000000000a0,0.44999998807907104,161,1,Dry,2021,2021-01,"{""type"":""MultiPoint"",""coordinates"":[]}"
VHI_M_2021-01_000000000000000000a1,0.45500001311302185,162,1,Dry,2021,2021-01,"{""type"":""MultiPoint"",""coordinates"":[]}"
VHI_M_2021-01_000000000000000000a2,0.49500000476837164,163,1,Dry,2021,2021-01,"{""type"":""MultiPoint"",""coordinates"":[]}"
VHI_M_2021-01_000000000000000000a3,0.4350000023841858,164,1,Dry,2021,2021-01,"{""type"":""MultiPoint"",""coordinates"":[]}"
VHI_M_2021-01_000000000000000000a4,0.5199999809265137,165,1,Dry,2021,2021-01,"{""type"":""MultiPoint"",""coordinates"":[]}"
VHI_M_2021-01_0000000000000000014f,0.39500001072883606,336,1,Dry,2021,2021-01,"{""type"":""MultiPoint"",""coordinates"":[]}"
VHI_M_2021-01_00000000000000000150,0.425000011920929,337,1,Dry,2021,2021-01,"{""type"":""MultiPoint"",""coordinates"":[]}"
VHI_M_2021-01_00000000000000000151,0.49000000953674316,338,1,Dry,2021,2021-01,"{""type"":""MultiPoint"",""coordinates"":[]}"
VHI_M_2021-01_00000000000000000152,0.45500001311302185,339,1,Dry,2021,2021-01,"{""type"":""MultiPoint"",""coordinates"":[]}"
VHI_M_2021-01_00000000000000000153,0.43999999761581415,340,1,Dry,2021,2021-01,"{""type"":""MultiPoint"",""coordinates"":[]}"
VHI_M_2021-01_00000000000000000171,0.4950000047683715,370,1,Dry,2021,2021-01,"{""type"":""MultiPoint"",""coordinates"":[]}"
VHI_M_2021-01_00000000000000000172,0.4050000011920929,371,1,Dry,2021,2021-01,"{""type"":""MultiPoint"",""coordinates"":[]}"
VHI_M_2021-01_00000000000000000173,0.44999998807907104,372,1,Dry,2021,2021-01,"{""type"":""MultiPoint"",""coordinates"":[]}"
VHI_M_2021-01_000000000000000001f1,0.4799999892711638,498,1,Dry,2021,2021-01,"{""type"":""MultiPoint"",""coordinates"":[]}"
VHI_M_2021-01_000000000000000001f2,0.4749999940395355,499,1,Dry,2021,2021-01,"{""type"":""MultiPoint"",""coordinates"":[]}"
VHI_M_2021-01_000000000000000001f3,0.3650000095367432,500,1,Dry,2021,2021-01,"{""type"":""MultiPoint"",""coordinates"":[]}"
VHI_M_2021-01_00000000000000000092,0.5299999713897705,147,1,Dry,2021,2021-01,"{""type"":""MultiPoint"",""coordinates"":[]}"
VHI_M_2021-01_00000000000000000093,0.4250000119209289,148,1,Dry,2021,2021-01,"{""type"":""MultiPoint"",""coordinates"":[]}"
VHI_M_2021-01_00000000000000000094,0.4050000011920929,149,1,Dry,2021,2021-01,"{""type"":""MultiPoint"",""coordinates"":[]}"
VHI_M_2021-01_00000000000000000095,0.3499999940395355,150,1,Dry,2021,2021-01,"{""type"":""MultiPoint"",""coordinates"":[]}"
VHI_M_2021-01_00000000000000000096,0.46000000834465027,151,1,Dry,2021,2021-01,"{""type"":""MultiPoint"",""coordinates"":[]}"
VHI_M_2021-01_00000000000000000097,0.6000000238418579,152,1,Dry,2021,2021-01,"{""type"":""MultiPoint"",""coordinates"":[]}"
VHI_M_2021-01_00000000000000000098,0.35499998927116394,153,1,Dry,2021,2021-01,"{""type"":""MultiPoint"",""coordinates"":[]}"
VHI_M_2021-01_000000000000000000a9,0.3400000035762787,170,1,Dry,2021,2021-01,"{""type"":""MultiPoint"",""coordinates"":[]}"
VHI_M_2021-01_0000000000000000017c,0.4650000035762787,381,1,Dry,2021,2021-01,"{""type"":""MultiPoint"",""coordinates"":[]}"
VHI_M_2021-01_0000000000000000017d,0.425000011920929,382,1,Dry,2021,2021-01,"{""type"":""MultiPoint"",""coordinates"":[]}"
VHI_M_2021-01_0000000000000000017e,0.46999999880790705,383,1,Dry,2021,2021-01,"{""type"":""MultiPoint"",""coordinates"":[]}"
VHI_M_2021-01_000000000000000001ee,0.48500001430511475,495,1,Dry,2021,2021-01,"{""type"":""MultiPoint"",""coordinates"":[]}"
VHI_M_2021-01_0000000000000000020d,0.48500001430511475,526,1,Dry,2021,2021-01,"{""type"":""MultiPoint"",""coordinates"":[]}"
VHI_M_2021-01_0000000000000000020e,0.3899999856948852,527,1,Dry,2021,2021-01,"{""type"":""MultiPoint"",""coordinates"":[]}"
VHI_M_2021-01_0000000000000000020f,0.3950000107288361,528,1,Dry,2021,2021-01,"{""type"":""MultiPoint"",""coordinates"":[]}"
VHI_M_2021-01_00000000000000000210,0.4000000059604644,529,1,Dry,2021,2021-01,"{""type"":""MultiPoint"",""coordinates"":[]}"
VHI_M_2021-01_00000000000000000211,0.4449999928474426,530,1,Dry,2021,2021-01,"{""type"":""MultiPoint"",""coordinates"":[]}"
VHI_M_2021-01_00000000000000000058,0.44499999284744274,89,1,Dry,2021,2021-01,"{""type"":""MultiPoint"",""coordinates"":[]}"
VHI_M_2021-01_00000000000000000059,0.4050000011920929,90,1,Dry,2021,2021-01,"{""type"":""MultiPoint"",""coordinates"":[]}"
VHI_M_2021-01_0000000000000000018b,0.4399999976158142,396,1,Dry,2021,2021-01,"{""type"":""MultiPoint"",""coordinates"":[]}"
VHI_M_2021-01_0000000000000000018c,0.39500001072883606,397,1,Dry,2021,2021-01,"{""type"":""MultiPoint"",""coordinates"":[]}"
VHI_M_2021-01_0000000000000000018d,0.3499999940395355,398,1,Dry,2021,2021-01,"{""type"":""MultiPoint"",""coordinates"":[]}"
VHI_M_2021-01_0000000000000000018e,0.39500001072883606,399,1,Dry,2021,2021-01,"{""type"":""MultiPoint"",""coordinates"":[]}"
VHI_M_2021-01_00000000000000000036,0.4000000059604645,55,1,Dry,2021,2021-01,"{""type"":""MultiPoint"",""coordinates"":[]}"
VHI_M_2021-01_000000000000000000db,0.39500001072883606,220,1,Dry,2021,2021-01,"{""type"":""MultiPoint"",""coordinates"":[]}"
VHI_M_2021-01_000000000000000000dc,0.4149999916553498,221,1,Dry,2021,2021-01,"{""type"":""MultiPoint"",""coordinates"":[]}"
VHI_M_2021-01_000000000000000000dd,0.3650000095367433,222,1,Dry,2021,2021-01,"{""type"":""MultiPoint"",""coordinates"":[]}"
VHI_M_2021-01_00000000000000000102,0.4850000143051148,259,1,Dry,2021,2021-01,"{""type"":""MultiPoint"",""coordinates"":[]}"
VHI_M_2021-01_00000000000000000103,0.49000000953674316,260,1,Dry,2021,2021-01,"{""type"":""MultiPoint"",""coordinates"":[]}"
VHI_M_2021-01_00000000000000000104,0.4300000071525573,261,1,Dry,2021,2021-01,"{""type"":""MultiPoint"",""coordinates"":[]}"
VHI_M_2021-01_00000000000000000105,0.4000000059604645,262,1,Dry,2021,2021-01,"{""type"":""MultiPoint"",""coordinates"":[]}"
VHI_M_2021-01_0000000000000000000a,0.49000000953674316,11,1,Dry,2021,2021-01,"{""type"":""MultiPoint"",""coordinates"":[]}"
VHI_M_2021-01_000000000000000000b1,0.4350000023841858,178,1,Dry,2021,2021-01,"{""type"":""MultiPoint"",""coordinates"":[]}"
VHI_M_2021-01_000000000000000000b2,0.44999998807907104,179,1,Dry,2021,2021-01,"{""type"":""MultiPoint"",""coordinates"":[]}"
VHI_M_2021-01_000000000000000000b3,0.4199999868869781,180,1,Dry,2021,2021-01,"{""type"":""MultiPoint"",""coordinates"":[]}"
VHI_M_2021-01_000000000000000000ca,0.4300000071525574,203,1,Dry,2021,2021-01,"{""type"":""MultiPoint"",""coordinates"":[]}"
VHI_M_2021-01_000000000000000000d2,0.4749999940395355,211,1,Dry,2021,2021-01,"{""type"":""MultiPoint"",""coordinates"":[]}"
VHI_M_2021-01_000000000000000000d3,0.4250000119209289,212,1,Dry,2021,2021-01,"{""type"":""MultiPoint"",""coordinates"":[]}"
VHI_M_2021-01_000000000000000000d4,0.46999999880790716,213,1,Dry,2021,2021-01,"{""type"":""MultiPoint"",""coordinates"":[]}"
VHI_M_2021-01_000000000000000000d5,0.5450000166893005,214,1,Dry,2021,2021-01,"{""type"":""MultiPoint"",""coordinates"":[]}"
VHI_M_2021-01_000000000000000000bc,0.37500000000000006,189,1,Dry,2021,2021-01,"{""type"":""MultiPoint"",""coordinates"":[]}"
VHI_M_2021-01_000000000000000000bd,0.3499999940395355,190,1,Dry,2021,2021-01,"{""type"":""MultiPoint"",""coordinates"":[]}"
VHI_M_2021-01_000000000000000000be,0.37499999999999994,191,1,Dry,2021,2021-01,"{""type"":""MultiPoint"",""coordinates"":[]}"
VHI_M_2021-01_000000000000000000f1,0.3400000035762787,242,1,Dry,2021,2021-01,"{""type"":""MultiPoint"",""coordinates"":[]}"
VHI_M_2021-01_00000000000000000100,0.3100000023841858,257,1,Dry,2021,2021-01,"{""type"":""MultiPoint"",""coordinates"":[]}"
VHI_M_2021-01_00000000000000000101,0.41999998688697815,258,1,Dry,2021,2021-01,"{""type"":""MultiPoint"",""coordinates"":[]}"
VHI_M_2021-01_0000000000000000012f,0.41999998688697815,304,1,Dry,2021,2021-01,"{""type"":""MultiPoint"",""coordinates"":[]}"
VHI_M_2021-01_00000000000000000130,0.3700000047683717,305,1,Dry,2021,2021-01,"{""type"":""MultiPoint"",""coordinates"":[]}"
VHI_M_2021-01_00000000000000000131,0.4050000011920929,306,1,Dry,2021,2021-01,"{""type"":""MultiPoint"",""coordinates"":[]}"
VHI_M_2021-01_00000000000000000065,0.46500000357627874,102,1,Dry,2021,2021-01,"{""type"":""MultiPoint"",""coordinates"":[]}"
VHI_M_2021-01_00000000000000000066,0.43999999761581415,103,1,Dry,2021,2021-01,"{""type"":""MultiPoint"",""coordinates"":[]}"
VHI_M_2021-01_00000000000000000067,0.41499999165534973,104,1,Dry,2021,2021-01,"{""type"":""MultiPoint"",""coordinates"":[]}"
VHI_M_2021-01_00000000000000000068,0.40500000119209284,105,1,Dry,2021,2021-01,"{""type"":""MultiPoint"",""coordinates"":[]}"
VHI_M_2021-01_00000000000000000109,0.41499999165534973,266,1,Dry,2021,2021-01,"{""type"":""MultiPoint"",""coordinates"":[]}"
VHI_M_2021-01_000000000000000001c1,0.44499999284744257,450,1,Dry,2021,2021-01,"{""type"":""MultiPoint"",""coordinates"":[]}"
VHI_M_2021-01_000000000000000001c2,0.43000000715255743,451,1,Dry,2021,2021-01,"{""type"":""MultiPoint"",""coordinates"":[]}"
VHI_M_2021-01_00000000000000000113,0.2849999964237213,276,1,Dry,2021,2021-01,"{""type"":""MultiPoint"",""coordinates"":[]}"
VHI_M_2021-01_00000000000000000114,0.4499999880790711,277,1,Dry,2021,2021-01,"{""type"":""MultiPoint"",""coordinates"":[]}"
VHI_M_2021-01_00000000000000000115,0.4449999928474427,278,1,Dry,2021,2021-01,"{""type"":""MultiPoint"",""coordinates"":[]}"
VHI_M_2021-01_00000000000000000116,0.3700000047683716,279,1,Dry,2021,2021-01,"{""type"":""MultiPoint"",""coordinates"":[]}"
VHI_M_2021-01_00000000000000000117,0.40500000119209273,280,1,Dry,2021,2021-01,"{""type"":""MultiPoint"",""coordinates"":[]}"
VHI_M_2021-01_00000000000000000167,0.4300000071525574,360,1,Dry,2021,2021-01,"{""type"":""MultiPoint"",""coordinates"":[]}"
VHI_M_2021-01_00000000000000000168,0.41499999165534973,361,1,Dry,2021,2021-01,"{""type"":""MultiPoint"",""coordinates"":[]}"
VHI_M_2021-01_00000000000000000169,0.3449999988079071,362,1,Dry,2021,2021-01,"{""type"":""MultiPoint"",""coordinates"":[]}"
VHI_M_2021-01_0000000000000000016a,0.395000010728836,363,1,Dry,2021,2021-01,"{""type"":""MultiPoint"",""coordinates"":[]}"
VHI_M_2021-01_0000000000000000016b,0.3050000071525573,364,1,Dry,2021,2021-01,"{""type"":""MultiPoint"",""coordinates"":[]}"
VHI_M_2021-01_0000000000000000016c,0.3449999988079071,365,1,Dry,2021,2021-01,"{""type"":""MultiPoint"",""coordinates"":[]}"
VHI_M_2021-01_0000000000000000016d,0.39500001072883606,366,1,Dry,2021,2021-01,"{""type"":""MultiPoint"",""coordinates"":[]}"
VHI_M_2021-01_000000000000000000cb,0.4749999940395355,204,1,Dry,2021,2021-01,"{""type"":""MultiPoint"",""coordinates"":[]}"
VHI_M_2021-01_000000000000000000eb,0.4900000095367432,236,1,Dry,2021,2021-01,"{""type"":""MultiPoint"",""coordinates"":[]}"
VHI_M_2021-01_000000000000000000ec,0.4300000071525573,237,1,Dry,2021,2021-01,"{""type"":""MultiPoint"",""coordinates"":[]}"
VHI_M_2021-01_000000000000000000ed,0.42500001192092896,238,1,Dry,2021,2021-01,"{""type"":""MultiPoint"",""coordinates"":[]}"
VHI_M_2021-01_000000000000000000ee,0.49000000953674316,239,1,Dry,2021,2021-01,"{""type"":""MultiPoint"",""coordinates"":[]}"
VHI_M_2021-01_000000000000000000ef,0.4300000071525574,240,1,Dry,2021,2021-01,"{""type"":""MultiPoint"",""coordinates"":[]}"
VHI_M_2021-01_00000000000000000146,0.46999999880790705,327,1,Dry,2021,2021-01,"{""type"":""MultiPoint"",""coordinates"":[]}"
VHI_M_2021-01_00000000000000000147,0.46999999880790705,328,1,Dry,2021,2021-01,"{""type"":""MultiPoint"",""coordinates"":[]}"
VHI_M_2021-01_00000000000000000148,0.4350000023841858,329,1,Dry,2021,2021-01,"{""type"":""MultiPoint"",""coordinates"":[]}"
VHI_M_2021-01_0000000000000000015e,0.4600000083446502,351,1,Dry,2021,2021-01,"{""type"":""MultiPoint"",""coordinates"":[]}"
VHI_M_2021-01_0000000000000000015f,0.4900000095367431,352,1,Dry,2021,2021-01,"{""type"":""MultiPoint"",""coordinates"":[]}"
VHI_M_2021-01_00000000000000000160,0.4300000071525574,353,1,Dry,2021,2021-01,"{""type"":""MultiPoint"",""coordinates"":[]}"
VHI_M_2021-01_00000000000000000161,0.5099999904632568,354,1,Dry,2021,2021-01,"{""type"":""MultiPoint"",""coordinates"":[]}"
VHI_M_2021-01_00000000000000000162,0.4600000083446502,355,1,Dry,2021,2021-01,"{""type"":""MultiPoint"",""coordinates"":[]}"
VHI_M_2021-01_00000000000000000010,0.38999998569488525,17,1,Dry,2021,2021-01,"{""type"":""MultiPoint"",""coordinates"":[]}"
VHI_M_2021-01_00000000000000000121,0.4449999928474426,290,1,Dry,2021,2021-01,"{""type"":""MultiPoint"",""coordinates"":[]}"
VHI_M_2021-01_00000000000000000122,0.3950000107288361,291,1,Dry,2021,2021-01,"{""type"":""MultiPoint"",""coordinates"":[]}"
VHI_M_2021-01_00000000000000000123,0.41499999165534973,292,1,Dry,2021,2021-01,"{""type"":""MultiPoint"",""coordinates"":[]}"
VHI_M_2021-01_0000000000000000019a,0.40500000119209284,411,1,Dry,2021,2021-01,"{""type"":""MultiPoint"",""coordinates"":[]}"
VHI_M_2021-01_0000000000000000019b,0.3849999904632568,412,1,Dry,2021,2021-01,"{""type"":""MultiPoint"",""coordinates"":[]}"
VHI_M_2021-01_0000000000000000019c,0.395000010728836,413,1,Dry,2021,2021-01,"{""type"":""MultiPoint"",""coordinates"":[]}"
VHI_M_2021-01_0000000000000000019d,0.39500001072883606,414,1,Dry,2021,2021-01,"{""type"":""MultiPoint"",""coordinates"":[]}"
VHI_M_2021-01_0000000000000000019e,0.38999998569488525,415,1,Dry,2021,2021-01,"{""type"":""MultiPoint"",""coordinates"":[]}"
VHI_M_2021-01_0000000000000000019f,0.36500000953674316,416,1,Dry,2021,2021-01,"{""type"":""MultiPoint"",""coordinates"":[]}"
VHI_M_2021-01_00000000000000000216,0.41499999165534973,535,1,Dry,2021,2021-01,"{""type"":""MultiPoint"",""coordinates"":[]}"
VHI_M_2021-01_00000000000000000217,0.38499999046325684,536,1,Dry,2021,2021-01,"{""type"":""MultiPoint"",""coordinates"":[]}"
VHI_M_2021-01_00000000000000000218,0.39500001072883606,537,1,Dry,2021,2021-01,"{""type"":""MultiPoint"",""coordinates"":[]}"
VHI_M_2021-01_00000000000000000219,0.36500000953674316,538,1,Dry,2021,2021-01,"{""type"":""MultiPoint"",""coordinates"":[]}"
VHI_M_2021-01_0000000000000000021a,0.36500000953674316,539,1,Dry,2021,2021-01,"{""type"":""MultiPoint"",""coordinates"":[]}"
VHI_M_2021-01_00000000000000000004,0.5,5,1,Dry,2021,2021-01,"{""type"":""MultiPoint"",""coordinates"":[]}"
VHI_M_2021-01_00000000000000000028,0.39500001072883595,41,1,Dry,2021,2021-01,"{""type"":""MultiPoint"",""coordinates"":[]}"
VHI_M_2021-01_00000000000000000029,0.4449999928474426,42,1,Dry,2021,2021-01,"{""type"":""MultiPoint"",""coordinates"":[]}"
VHI_M_2021-01_0000000000000000002a,0.4950000047683716,43,1,Dry,2021,2021-01,"{""type"":""MultiPoint"",""coordinates"":[]}"
VHI_M_2021-01_0000000000000000002b,0.3700000047683715,44,1,Dry,2021,2021-01,"{""type"":""MultiPoint"",""coordinates"":[]}"
VHI_M_2021-01_000000000000000000a7,0.43500000238418557,168,1,Dry,2021,2021-01,"{""type"":""MultiPoint"",""coordinates"":[]}"
VHI_M_2021-01_000000000000000000a8,0.4499999880790711,169,1,Dry,2021,2021-01,"{""type"":""MultiPoint"",""coordinates"":[]}"
VHI_M_2021-01_0000000000000000000c,0.44999998807907104,13,1,Dry,2021,2021-01,"{""type"":""MultiPoint"",""coordinates"":[]}"
VHI_M_2021-01_00000000000000000060,0.44999998807907104,97,1,Dry,2021,2021-01,"{""type"":""MultiPoint"",""coordinates"":[]}"
VHI_M_2021-01_00000000000000000061,0.45500001311302185,98,1,Dry,2021,2021-01,"{""type"":""MultiPoint"",""coordinates"":[]}"
VHI_M_2021-01_00000000000000000062,0.5249999761581421,99,1,Dry,2021,2021-01,"{""type"":""MultiPoint"",""coordinates"":[]}"
VHI_M_2021-01_00000000000000000063,0.47999998927116405,100,1,Dry,2021,2021-01,"{""type"":""MultiPoint"",""coordinates"":[]}"
VHI_M_2021-01_00000000000000000064,0.4699999988079071,101,1,Dry,2021,2021-01,"{""type"":""MultiPoint"",""coordinates"":[]}"
VHI_M_2021-01_00000000000000000011,0.4050000011920929,18,1,Dry,2021,2021-01,"{""type"":""MultiPoint"",""coordinates"":[]}"
VHI_M_2021-01_00000000000000000033,0.37499999999999994,52,1,Dry,2021,2021-01,"{""type"":""MultiPoint"",""coordinates"":[]}"
VHI_M_2021-01_00000000000000000034,0.4099999964237213,53,1,Dry,2021,2021-01,"{""type"":""MultiPoint"",""coordinates"":[]}"
VHI_M_2021-01_000000000000000001b3,0.3199999928474426,436,1,Dry,2021,2021-01,"{""type"":""MultiPoint"",""coordinates"":[]}"
VHI_M_2021-01_000000000000000001b4,0.28499999642372137,437,1,Dry,2021,2021-01,"{""type"":""MultiPoint"",""coordinates"":[]}"
VHI_M_2021-01_000000000000000001b5,0.3350000083446503,438,1,Dry,2021,2021-01,"{""type"":""MultiPoint"",""coordinates"":[]}"
VHI_M_2021-01_00000000000000000005,0.574999988079071,6,1,Dry,2021,2021-01,"{""type"":""MultiPoint"",""coordinates"":[]}"
VHI_M_2021-01_00000000000000000082,0.6299999952316284,131,1,Dry,2021,2021-01,"{""type"":""MultiPoint"",""coordinates"":[]}"
VHI_M_2021-01_00000000000000000083,0.6299999952316284,132,1,Dry,2021,2021-01,"{""type"":""MultiPoint"",""coordinates"":[]}"
VHI_M_2021-01_00000000000000000084,0.6150000095367432,133,1,Dry,2021,2021-01,"{""type"":""MultiPoint"",""coordinates"":[]}"
VHI_M_2021-01_00000000000000000085,0.6650000214576721,134,1,Dry,2021,2021-01,"{""type"":""MultiPoint"",""coordinates"":[]}"
VHI_M_2021-01_00000000000000000086,0.6449999809265137,135,1,Dry,2021,2021-01,"{""type"":""MultiPoint"",""coordinates"":[]}"
VHI_M_2021-01_00000000000000000087,0.5550000071525574,136,1,Dry,2021,2021-01,"{""type"":""MultiPoint"",""coordinates"":[]}"
VHI_M_2021-01_0000000000000000010c,0.6150000095367432,269,1,Dry,2021,2021-01,"{""type"":""MultiPoint"",""coordinates"":[]}"
VHI_M_2021-01_0000000000000000010d,0.6800000071525574,270,1,Dry,2021,2021-01,"{""type"":""MultiPoint"",""coordinates"":[]}"
VHI_M_2021-01_0000000000000000010e,0.6549999713897704,271,1,Dry,2021,2021-01,"{""type"":""MultiPoint"",""coordinates"":[]}"
VHI_M_2021-01_0000000000000000010f,0.6150000095367432,272,1,Dry,2021,2021-01,"{""type"":""MultiPoint"",""coordinates"":[]}"
VHI_M_2021-01_00000000000000000110,0.6399999856948851,273,1,Dry,2021,2021-01,"{""type"":""MultiPoint"",""coordinates"":[]}"
VHI_M_2021-01_00000000000000000111,0.5550000071525574,274,1,Dry,2021,2021-01,"{""type"":""MultiPoint"",""coordinates"":[]}"
VHI_M_2021-01_000000000000000001d0,0.6549999713897705,465,1,Dry,2021,2021-01,"{""type"":""MultiPoint"",""coordinates"":[]}"
VHI_M_2021-01_000000000000000001d1,0.625,466,1,Dry,2021,2021-01,"{""type"":""MultiPoint"",""coordinates"":[]}"
VHI_M_2021-01_00000000000000000009,0.5400000214576721,10,1,Dry,2021,2021-01,"{""type"":""MultiPoint"",""coordinates"":[]}"
VHI_M_2021-01_0000000000000000009e,0.5799999833106995,159,1,Dry,2021,2021-01,"{""type"":""MultiPoint"",""coordinates"":[]}"
VHI_M_2021-01_0000000000000000009f,0.5950000286102295,160,1,Dry,2021,2021-01,"{""type"":""MultiPoint"",""coordinates"":[]}"
VHI_M_2021-01_00000000000000000154,0.6600000262260437,341,1,Dry,2021,2021-01,"{""type"":""MultiPoint"",""coordinates"":[]}"
VHI_M_2021-01_00000000000000000155,0.5299999713897705,342,1,Dry,2021,2021-01,"{""type"":""MultiPoint"",""coordinates"":[]}"
VHI_M_2021-01_00000000000000000156,0.6000000238418579,343,1,Dry,2021,2021-01,"{""type"":""MultiPoint"",""coordinates"":[]}"
VHI_M_2021-01_00000000000000000157,0.6449999809265137,344,1,Dry,2021,2021-01,"{""type"":""MultiPoint"",""coordinates"":[]}"
VHI_M_2021-01_00000000000000000178,0.6299999952316284,377,1,Dry,2021,2021-01,"{""type"":""MultiPoint"",""coordinates"":[]}"
VHI_M_2021-01_00000000000000000179,0.4550000131130218,378,1,Dry,2021,2021-01,"{""type"":""MultiPoint"",""coordinates"":[]}"
VHI_M_2021-01_0000000000000000017a,0.550000011920929,379,1,Dry,2021,2021-01,"{""type"":""MultiPoint"",""coordinates"":[]}"
VHI_M_2021-01_0000000000000000017b,0.4650000035762787,380,1,Dry,2021,2021-01,"{""type"":""MultiPoint"",""coordinates"":[]}"
VHI_M_2021-01_0000000000000000000f,0.6100000143051147,16,1,Dry,2021,2021-01,"{""type"":""MultiPoint"",""coordinates"":[]}"
VHI_M_2021-01_00000000000000000040,0.6150000095367432,65,1,Dry,2021,2021-01,"{""type"":""MultiPoint"",""coordinates"":[]}"
VHI_M_2021-01_00000000000000000041,0.574999988079071,66,1,Dry,2021,2021-01,"{""type"":""MultiPoint"",""coordinates"":[]}"
VHI_M_2021-01_00000000000000000042,0.6150000095367432,67,1,Dry,2021,2021-01,"{""type"":""MultiPoint"",""coordinates"":[]}"
VHI_M_2021-01_00000000000000000043,0.5950000286102295,68,1,Dry,2021,2021-01,"{""type"":""MultiPoint"",""coordinates"":[]}"
VHI_M_2021-01_00000000000000000192,0.625,403,1,Dry,2021,2021-01,"{""type"":""MultiPoint"",""coordinates"":[]}"
VHI_M_2021-01_00000000000000000193,0.5550000071525574,404,1,Dry,2021,2021-01,"{""type"":""MultiPoint"",""coordinates"":[]}"
VHI_M_2021-01_00000000000000000194,0.5749999880790713,405,1,Dry,2021,2021-01,"{""type"":""MultiPoint"",""coordinates"":[]}"
VHI_M_2021-01_000000000000000001d2,0.6449999809265137,467,1,Dry,2021,2021-01,"{""type"":""MultiPoint"",""coordinates"":[]}"
VHI_M_2021-01_000000000000000001d3,0.5350000262260437,468,1,Dry,2021,2021-01,"{""type"":""MultiPoint"",""coordinates"":[]}"
VHI_M_2021-01_000000000000000001d4,0.5149999856948853,469,1,Dry,2021,2021-01,"{""type"":""MultiPoint"",""coordinates"":[]}"
VHI_M_2021-01_000000000000000001d5,0.6150000095367432,470,1,Dry,2021,2021-01,"{""type"":""MultiPoint"",""coordinates"":[]}"
VHI_M_2021-01_000000000000000001d6,0.479999989271164,471,1,Dry,2021,2021-01,"{""type"":""MultiPoint"",""coordinates"":[]}"
VHI_M_2021-01_000000000000000001d7,0.5400000214576721,472,1,Dry,2021,2021-01,"{""type"":""MultiPoint"",""coordinates"":[]}"
VHI_M_2021-01_00000000000000000069,0.5550000071525574,106,1,Dry,2021,2021-01,"{""type"":""MultiPoint"",""coordinates"":[]}"
VHI_M_2021-01_0000000000000000006a,0.46999999880790716,107,1,Dry,2021,2021-01,"{""type"":""MultiPoint"",""coordinates"":[]}"
VHI_M_2021-01_0000000000000000006b,0.5400000214576721,108,1,Dry,2021,2021-01,"{""type"":""MultiPoint"",""coordinates"":[]}"
VHI_M_2021-01_0000000000000000006c,0.5350000262260437,109,1,Dry,2021,2021-01,"{""type"":""MultiPoint"",""coordinates"":[]}"
VHI_M_2021-01_0000000000000000006d,0.6349999904632568,110,1,Dry,2021,2021-01,"{""type"":""MultiPoint"",""coordinates"":[]}"
VHI_M_2021-01_0000000000000000006e,0.610000014305115,111,1,Dry,2021,2021-01,"{""type"":""MultiPoint"",""coordinates"":[]}"
VHI_M_2021-01_0000000000000000006f,0.6299999952316283,112,1,Dry,2021,2021-01,"{""type"":""MultiPoint"",""coordinates"":[]}"
VHI_M_2021-01_000000000000000000d6,0.5049999952316284,215,1,Dry,2021,2021-01,"{""type"":""MultiPoint"",""coordinates"":[]}"
VHI_M_2021-01_0000000000000000013b,0.5649999976158142,316,1,Dry,2021,2021-01,"{""type"":""MultiPoint"",""coordinates"":[]}"
VHI_M_2021-01_0000000000000000013c,0.5649999976158142,317,1,Dry,2021,2021-01,"{""type"":""MultiPoint"",""coordinates"":[]}"
VHI_M_2021-01_0000000000000000013d,0.46500000357627863,318,1,Dry,2021,2021-01,"{""type"":""MultiPoint"",""coordinates"":[]}"
VHI_M_2021-01_0000000000000000013e,0.41499999165534973,319,1,Dry,2021,2021-01,"{""type"":""MultiPoint"",""coordinates"":[]}"
VHI_M_2021-01_0000000000000000013f,0.46999999880790716,320,1,Dry,2021,2021-01,"{""type"":""MultiPoint"",""coordinates"":[]}"
VHI_M_2021-01_00000000000000000140,0.4900000095367431,321,1,Dry,2021,2021-01,"{""type"":""MultiPoint"",""coordinates"":[]}"
VHI_M_2021-01_000000000000000001bc,0.584999978542328,445,1,Dry,2021,2021-01,"{""type"":""MultiPoint"",""coordinates"":[]}"
VHI_M_2021-01_000000000000000001bd,0.6399999856948854,446,1,Dry,2021,2021-01,"{""type"":""MultiPoint"",""coordinates"":[]}"
VHI_M_2021-01_000000000000000001be,0.5600000023841859,447,1,Dry,2021,2021-01,"{""type"":""MultiPoint"",""coordinates"":[]}"
VHI_M_2021-01_000000000000000001bf,0.574999988079071,448,1,Dry,2021,2021-01,"{""type"":""MultiPoint"",""coordinates"":[]}"
VHI_M_2021-01_000000000000000001c0,0.5500000119209291,449,1,Dry,2021,2021-01,"{""type"":""MultiPoint"",""coordinates"":[]}"
VHI_M_2021-01_00000000000000000006,0.6499999761581421,7,1,Dry,2021,2021-01,"{""type"":""MultiPoint"",""coordinates"":[]}"
VHI_M_2021-01_0000000000000000002c,0.5950000286102295,45,1,Dry,2021,2021-01,"{""type"":""MultiPoint"",""coordinates"":[]}"
VHI_M_2021-01_0000000000000000002d,0.5550000071525574,46,1,Dry,2021,2021-01,"{""type"":""MultiPoint"",""coordinates"":[]}"
VHI_M_2021-01_0000000000000000002e,0.6949999928474426,47,1,Dry,2021,2021-01,"{""type"":""MultiPoint"",""coordinates"":[]}"
VHI_M_2021-01_0000000000000000002f,0.5550000071525573,48,1,Dry,2021,2021-01,"{""type"":""MultiPoint"",""coordinates"":[]}"
VHI_M_2021-01_0000000000000000009b,0.6399999856948853,156,1,Dry,2021,2021-01,"{""type"":""MultiPoint"",""coordinates"":[]}"
VHI_M_2021-01_0000000000000000009c,0.5550000071525573,157,1,Dry,2021,2021-01,"{""type"":""MultiPoint"",""coordinates"":[]}"
VHI_M_2021-01_0000000000000000009d,0.6650000214576722,158,1,Dry,2021,2021-01,"{""type"":""MultiPoint"",""coordinates"":[]}"
VHI_M_2021-01_000000000000000001b6,0.6449999809265137,439,1,Dry,2021,2021-01,"{""type"":""MultiPoint"",""coordinates"":[]}"
VHI_M_2021-01_000000000000000001b7,0.6100000143051147,440,1,Dry,2021,2021-01,"{""type"":""MultiPoint"",""coordinates"":[]}"
VHI_M_2021-01_000000000000000001b8,0.6150000095367432,441,1,Dry,2021,2021-01,"{""type"":""MultiPoint"",""coordinates"":[]}"
VHI_M_2021-01_000000000000000001b9,0.5550000071525574,442,1,Dry,2021,2021-01,"{""type"":""MultiPoint"",""coordinates"":[]}"
VHI_M_2021-01_000000000000000001ba,0.5950000286102295,443,1,Dry,2021,2021-01,"{""type"":""MultiPoint"",""coordinates"":[]}"
VHI_M_2021-01_000000000000000001bb,0.6399999856948854,444,1,Dry,2021,2021-01,"{""type"":""MultiPoint"",""coordinates"":[]}"
VHI_M_2021-01_00000000000000000221,0.6299999952316284,546,1,Dry,2021,2021-01,"{""type"":""MultiPoint"",""coordinates"":[]}"
VHI_M_2021-01_00000000000000000222,0.5649999976158142,547,1,Dry,2021,2021-01,"{""type"":""MultiPoint"",""coordinates"":[]}"
VHI_M_2021-01_00000000000000000223,0.6349999904632568,548,1,Dry,2021,2021-01,"{""type"":""MultiPoint"",""coordinates"":[]}"
VHI_M_2021-01_00000000000000000224,0.6250000000000001,549,1,Dry,2021,2021-01,"{""type"":""MultiPoint"",""coordinates"":[]}"
VHI_M_2021-01_00000000000000000225,0.5749999880790713,550,1,Dry,2021,2021-01,"{""type"":""MultiPoint"",""coordinates"":[]}"
VHI_M_2021-01_00000000000000000053,0.5649999976158142,84,1,Dry,2021,2021-01,"{""type"":""MultiPoint"",""coordinates"":[]}"
VHI_M_2021-01_00000000000000000054,0.6050000190734863,85,1,Dry,2021,2021-01,"{""type"":""MultiPoint"",""coordinates"":[]}"
VHI_M_2021-01_00000000000000000055,0.5950000286102295,86,1,Dry,2021,2021-01,"{""type"":""MultiPoint"",""coordinates"":[]}"
VHI_M_2021-01_00000000000000000056,0.5649999976158142,87,1,Dry,2021,2021-01,"{""type"":""MultiPoint"",""coordinates"":[]}"
VHI_M_2021-01_00000000000000000057,0.6000000238418579,88,1,Dry,2021,2021-01,"{""type"":""MultiPoint"",""coordinates"":[]}"
VHI_M_2021-01_000000000000000000de,0.574999988079071,223,1,Dry,2021,2021-01,"{""type"":""MultiPoint"",""coordinates"":[]}"
VHI_M_2021-01_000000000000000000df,0.649999976158142,224,1,Dry,2021,2021-01,"{""type"":""MultiPoint"",""coordinates"":[]}"
VHI_M_2021-01_000000000000000000e0,0.5799999833106995,225,1,Dry,2021,2021-01,"{""type"":""MultiPoint"",""coordinates"":[]}"
VHI_M_2021-01_000000000000000000e1,0.6700000166893006,226,1,Dry,2021,2021-01,"{""type"":""MultiPoint"",""coordinates"":[]}"
VHI_M_2021-01_000000000000000000ff,0.5950000286102295,256,1,Dry,2021,2021-01,"{""type"":""MultiPoint"",""coordinates"":[]}"
VHI_M_2021-01_0000000000000000011c,0.5649999976158142,285,1,Dry,2021,2021-01,"{""type"":""MultiPoint"",""coordinates"":[]}"
VHI_M_2021-01_0000000000000000011d,0.5849999785423278,286,1,Dry,2021,2021-01,"{""type"":""MultiPoint"",""coordinates"":[]}"
VHI_M_2021-01_0000000000000000011e,0.625,287,1,Dry,2021,2021-01,"{""type"":""MultiPoint"",""coordinates"":[]}"
VHI_M_2021-01_0000000000000000011f,0.625,288,1,Dry,2021,2021-01,"{""type"":""MultiPoint"",""coordinates"":[]}"
VHI_M_2021-01_000000000000000001c4,0.5299999713897705,453,1,Dry,2021,2021-01,"{""type"":""MultiPoint"",""coordinates"":[]}"
VHI_M_2021-01_000000000000000001c5,0.5899999737739563,454,1,Dry,2021,2021-01,"{""type"":""MultiPoint"",""coordinates"":[]}"
VHI_M_2021-01_000000000000000001c6,0.6299999952316284,455,1,Dry,2021,2021-01,"{""type"":""MultiPoint"",""coordinates"":[]}"
VHI_M_2021-01_00000000000000000003,0.5799999833106995,4,1,Dry,2021,2021-01,"{""type"":""MultiPoint"",""coordinates"":[]}"
VHI_M_2021-01_0000000000000000001b,0.5,28,1,Dry,2021,2021-01,"{""type"":""MultiPoint"",""coordinates"":[]}"
VHI_M_2021-01_00000000000000000186,0.5649999976158142,391,1,Dry,2021,2021-01,"{""type"":""MultiPoint"",""coordinates"":[]}"
VHI_M_2021-01_00000000000000000187,0.375,392,1,Dry,2021,2021-01,"{""type"":""MultiPoint"",""coordinates"":[]}"
VHI_M_2021-01_00000000000000000188,0.4699999988079071,393,1,Dry,2021,2021-01,"{""type"":""MultiPoint"",""coordinates"":[]}"
VHI_M_2021-01_00000000000000000189,0.5950000286102295,394,1,Dry,2021,2021-01,"{""type"":""MultiPoint"",""coordinates"":[]}"
VHI_M_2021-01_0000000000000000018a,0.5199999809265137,395,1,Dry,2021,2021-01,"{""type"":""MultiPoint"",""coordinates"":[]}"
VHI_M_2021-01_0000000000000000018f,0.5649999976158142,400,1,Dry,2021,2021-01,"{""type"":""MultiPoint"",""coordinates"":[]}"
VHI_M_2021-01_00000000000000000190,0.5600000023841858,401,1,Dry,2021,2021-01,"{""type"":""MultiPoint"",""coordinates"":[]}"
VHI_M_2021-01_0000000000000000021e,0.6399999856948853,543,1,Dry,2021,2021-01,"{""type"":""MultiPoint"",""coordinates"":[]}"
VHI_M_2021-01_0000000000000000021f,0.44999998807907104,544,1,Dry,2021,2021-01,"{""type"":""MultiPoint"",""coordinates"":[]}"
VHI_M_2021-01_00000000000000000220,0.425000011920929,545,1,Dry,2021,2021-01,"{""type"":""MultiPoint"",""coordinates"":[]}"
VHI_M_2021-01_00000000000000000007,0.6549999713897705,8,1,Dry,2021,2021-01,"{""type"":""MultiPoint"",""coordinates"":[]}"
VHI_M_2021-01_0000000000000000000b,0.6349999904632568,12,1,Dry,2021,2021-01,"{""type"":""MultiPoint"",""coordinates"":[]}"
VHI_M_2021-01_00000000000000000012,0.5199999809265137,19,1,Dry,2021,2021-01,"{""type"":""MultiPoint"",""coordinates"":[]}"
VHI_M_2021-01_00000000000000000013,0.4699999988079072,20,1,Dry,2021,2021-01,"{""type"":""MultiPoint"",""coordinates"":[]}"
VHI_M_2021-01_00000000000000000014,0.38999998569488525,21,1,Dry,2021,2021-01,"{""type"":""MultiPoint"",""coordinates"":[]}"
VHI_M_2021-01_00000000000000000015,0.479999989271164,22,1,Dry,2021,2021-01,"{""type"":""MultiPoint"",""coordinates"":[]}"
VHI_M_2021-01_00000000000000000016,0.4300000071525574,23,1,Dry,2021,2021-01,"{""type"":""MultiPoint"",""coordinates"":[]}"
VHI_M_2021-01_00000000000000000183,0.5099999904632568,388,1,Dry,2021,2021-01,"{""type"":""MultiPoint"",""coordinates"":[]}"
VHI_M_2021-01_00000000000000000184,0.5249999761581421,389,1,Dry,2021,2021-01,"{""type"":""MultiPoint"",""coordinates"":[]}"
VHI_M_2021-01_00000000000000000185,0.4799999892711639,390,1,Dry,2021,2021-01,"{""type"":""MultiPoint"",""coordinates"":[]}"
VHI_M_2021-01_00000000000000000212,0.4699999988079071,531,1,Dry,2021,2021-01,"{""type"":""MultiPoint"",""coordinates"":[]}"
VHI_M_2021-01_00000000000000000213,0.6100000143051149,532,1,Dry,2021,2021-01,"{""type"":""MultiPoint"",""coordinates"":[]}"
VHI_M_2021-01_00000000000000000214,0.46000000834465027,533,1,Dry,2021,2021-01,"{""type"":""MultiPoint"",""coordinates"":[]}"
VHI_M_2021-01_00000000000000000215,0.46999999880790705,534,1,Dry,2021,2021-01,"{""type"":""MultiPoint"",""coordinates"":[]}"
VHI_M_2021-01_0000000000000000005a,0.39500001072883606,91,1,Dry,2021,2021-01,"{""type"":""MultiPoint"",""coordinates"":[]}"
VHI_M_2021-01_00000000000000000118,0.5649999976158142,281,1,Dry,2021,2021-01,"{""type"":""MultiPoint"",""coordinates"":[]}"
VHI_M_2021-01_00000000000000000119,0.4449999928474427,282,1,Dry,2021,2021-01,"{""type"":""MultiPoint"",""coordinates"":[]}"
VHI_M_2021-01_0000000000000000011a,0.6100000143051146,283,1,Dry,2021,2021-01,"{""type"":""MultiPoint"",""coordinates"":[]}"
VHI_M_2021-01_0000000000000000011b,0.46000000834465027,284,1,Dry,2021,2021-01,"{""type"":""MultiPoint"",""coordinates"":[]}"
VHI_M_2021-01_00000000000000000141,0.5699999928474426,322,1,Dry,2021,2021-01,"{""type"":""MultiPoint"",""coordinates"":[]}"
VHI_M_2021-01_00000000000000000142,0.5249999761581421,323,1,Dry,2021,2021-01,"{""type"":""MultiPoint"",""coordinates"":[]}"
VHI_M_2021-01_00000000000000000143,0.5429122981707606,324,1,Dry,2021,2021-01,"{""type"":""MultiPoint"",""coordinates"":[]}"
VHI_M_2021-01_00000000000000000144,0.6949999928474426,325,1,Dry,2021,2021-01,"{""type"":""MultiPoint"",""coordinates"":[]}"
VHI_M_2021-01_00000000000000000145,0.5677018762516189,326,1,Dry,2021,2021-01,"{""type"":""MultiPoint"",""coordinates"":[]}"
VHI_M_2021-01_000000000000000001af,0.3499999940395355,432,1,Dry,2021,2021-01,"{""type"":""MultiPoint"",""coordinates"":[]}"
VHI_M_2021-01_0000000000000000004b,0.675000011920929,76,1,Dry,2021,2021-01,"{""type"":""MultiPoint"",""coordinates"":[]}"
VHI_M_2021-01_0000000000000000004c,0.6549999713897705,77,1,Dry,2021,2021-01,"{""type"":""MultiPoint"",""coordinates"":[]}"
VHI_M_2021-01_0000000000000000004d,0.5500000119209292,78,1,Dry,2021,2021-01,"{""type"":""MultiPoint"",""coordinates"":[]}"
VHI_M_2021-01_0000000000000000004e,0.5,79,1,Dry,2021,2021-01,"{""type"":""MultiPoint"",""coordinates"":[]}"
VHI_M_2021-01_0000000000000000004f,0.4749999940395355,80,1,Dry,2021,2021-01,"{""type"":""MultiPoint"",""coordinates"":[]}"
VHI_M_2021-01_00000000000000000050,0.6600000262260437,81,1,Dry,2021,2021-01,"{""type"":""MultiPoint"",""coordinates"":[]}"
VHI_M_2021-01_00000000000000000051,0.5299999713897705,82,1,Dry,2021,2021-01,"{""type"":""MultiPoint"",""coordinates"":[]}"
VHI_M_2021-01_00000000000000000052,0.4350000023841858,83,1,Dry,2021,2021-01,"{""type"":""MultiPoint"",""coordinates"":[]}"
VHI_M_2021-01_000000000000000000aa,0.4399999976158142,171,1,Dry,2021,2021-01,"{""type"":""MultiPoint"",""coordinates"":[]}"
VHI_M_2021-01_000000000000000000ab,0.509999990463257,172,1,Dry,2021,2021-01,"{""type"":""MultiPoint"",""coordinates"":[]}"
VHI_M_2021-01_000000000000000000ac,0.5199999809265133,173,1,Dry,2021,2021-01,"{""type"":""MultiPoint"",""coordinates"":[]}"
VHI_M_2021-01_000000000000000000ad,0.550000011920929,174,1,Dry,2021,2021-01,"{""type"":""MultiPoint"",""coordinates"":[]}"
VHI_M_2021-01_000000000000000000ae,0.3499999940395355,175,1,Dry,2021,2021-01,"{""type"":""MultiPoint"",""coordinates"":[]}"
VHI_M_2021-01_000000000000000000af,0.36500000953674316,176,1,Dry,2021,2021-01,"{""type"":""MultiPoint"",""coordinates"":[]}"
VHI_M_2021-01_000000000000000000b0,0.5350000262260437,177,1,Dry,2021,2021-01,"{""type"":""MultiPoint"",""coordinates"":[]}"
VHI_M_2021-01_000000000000000001c7,0.3149999976158142,456,1,Dry,2021,2021-01,"{""type"":""MultiPoint"",""coordinates"":[]}"
VHI_M_2021-01_000000000000000001c8,0.5400000214576722,457,1,Dry,2021,2021-01,"{""type"":""MultiPoint"",""coordinates"":[]}"
VHI_M_2021-01_000000000000000001c9,0.479999989271164,458,1,Dry,2021,2021-01,"{""type"":""MultiPoint"",""coordinates"":[]}"
VHI_M_2021-01_000000000000000001ca,0.7049999833106995,459,1,Dry,2021,2021-01,"{""type"":""MultiPoint"",""coordinates"":[]}"
VHI_M_2021-01_0000000000000000020a,0.6200000047683716,523,1,Dry,2021,2021-01,"{""type"":""MultiPoint"",""coordinates"":[]}"
VHI_M_2021-01_0000000000000000020b,0.5849999785423278,524,1,Dry,2021,2021-01,"{""type"":""MultiPoint"",""coordinates"":[]}"
VHI_M_2021-01_0000000000000000020c,0.5899999737739562,525,1,Dry,2021,2021-01,"{""type"":""MultiPoint"",""coordinates"":[]}"
VHI_M_2021-01_000000000000000001ab,0.5849999785423279,428,1,Dry,2021,2021-01,"{""type"":""MultiPoint"",""coordinates"":[]}"
VHI_M_2021-01_000000000000000001ac,0.5699999928474426,429,1,Dry,2021,2021-01,"{""type"":""MultiPoint"",""coordinates"":[]}"
VHI_M_2021-01_000000000000000001ad,0.5600000023841858,430,1,Dry,2021,2021-01,"{""type"":""MultiPoint"",""coordinates"":[]}"
VHI_M_2021-01_000000000000000001ae,0.48500001430511475,431,1,Dry,2021,2021-01,"{""type"":""MultiPoint"",""coordinates"":[]}"
VHI_M_2021-01_000000000000000001c3,0.49000000953674316,452,1,Dry,2021,2021-01,"{""type"":""MultiPoint"",""coordinates"":[]}"
VHI_M_2021-01_00000000000000000037,0.5450000166893005,56,1,Dry,2021,2021-01,"{""type"":""MultiPoint"",""coordinates"":[]}"
VHI_M_2021-01_00000000000000000038,0.5600000023841858,57,1,Dry,2021,2021-01,"{""type"":""MultiPoint"",""coordinates"":[]}"
VHI_M_2021-01_00000000000000000039,0.5099999904632568,58,1,Dry,2021,2021-01,"{""type"":""MultiPoint"",""coordinates"":[]}"
VHI_M_2021-01_0000000000000000003a,0.5249999761581421,59,1,Dry,2021,2021-01,"{""type"":""MultiPoint"",""coordinates"":[]}"
VHI_M_2021-01_0000000000000000003b,0.5400000214576721,60,1,Dry,2021,2021-01,"{""type"":""MultiPoint"",""coordinates"":[]}"
VHI_M_2021-01_0000000000000000003c,0.6150000095367432,61,1,Dry,2021,2021-01,"{""type"":""MultiPoint"",""coordinates"":[]}"
VHI_M_2021-01_0000000000000000003d,0.6100000143051146,62,1,Dry,2021,2021-01,"{""type"":""MultiPoint"",""coordinates"":[]}"
VHI_M_2021-01_0000000000000000003e,0.5649999976158142,63,1,Dry,2021,2021-01,"{""type"":""MultiPoint"",""coordinates"":[]}"
VHI_M_2021-01_0000000000000000003f,0.615000009536743,64,1,Dry,2021,2021-01,"{""type"":""MultiPoint"",""coordinates"":[]}"
VHI_M_2021-01_00000000000000000044,0.5,69,1,Dry,2021,2021-01,"{""type"":""MultiPoint"",""coordinates"":[]}"
VHI_M_2021-01_00000000000000000076,0.5699999928474427,119,1,Dry,2021,2021-01,"{""type"":""MultiPoint"",""coordinates"":[]}"
VHI_M_2021-01_00000000000000000077,0.5799999833106996,120,1,Dry,2021,2021-01,"{""type"":""MultiPoint"",""coordinates"":[]}"
VHI_M_2021-01_00000000000000000078,0.5299999713897704,121,1,Dry,2021,2021-01,"{""type"":""MultiPoint"",""coordinates"":[]}"
VHI_M_2021-01_00000000000000000079,0.5,122,1,Dry,2021,2021-01,"{""type"":""MultiPoint"",""coordinates"":[]}"
VHI_M_2021-01_0000000000000000008b,0.2549999952316284,140,1,Dry,2021,2021-01,"{""type"":""MultiPoint"",""coordinates"":[]}"
VHI_M_2021-01_0000000000000000008c,0.5500000119209291,141,1,Dry,2021,2021-01,"{""type"":""MultiPoint"",""coordinates"":[]}"
VHI_M_2021-01_0000000000000000008d,0.6000000238418578,142,1,Dry,2021,2021-01,"{""type"":""MultiPoint"",""coordinates"":[]}"
VHI_M_2021-01_0000000000000000008e,0.6449999809265138,143,1,Dry,2021,2021-01,"{""type"":""MultiPoint"",""coordinates"":[]}"
VHI_M_2021-01_0000000000000000008f,0.7099999785423279,144,1,Dry,2021,2021-01,"{""type"":""MultiPoint"",""coordinates"":[]}"
VHI_M_2021-01_00000000000000000090,0.6050000190734862,145,1,Dry,2021,2021-01,"{""type"":""MultiPoint"",""coordinates"":[]}"
VHI_M_2021-01_00000000000000000091,0.6750000119209287,146,1,Dry,2021,2021-01,"{""type"":""MultiPoint"",""coordinates"":[]}"
VHI_M_2021-01_000000000000000000b5,0.5450000166893005,182,1,Dry,2021,2021-01,"{""type"":""MultiPoint"",""coordinates"":[]}"
VHI_M_2021-01_000000000000000000cc,0.6399999856948853,205,1,Dry,2021,2021-01,"{""type"":""MultiPoint"",""coordinates"":[]}"
VHI_M_2021-01_000000000000000000cd,0.6399999856948853,206,1,Dry,2021,2021-01,"{""type"":""MultiPoint"",""coordinates"":[]}"
VHI_M_2021-01_000000000000000001dd,0.6150000095367432,478,1,Dry,2021,2021-01,"{""type"":""MultiPoint"",""coordinates"":[]}"
VHI_M_2021-01_000000000000000001de,0.6549999713897704,479,1,Dry,2021,2021-01,"{""type"":""MultiPoint"",""coordinates"":[]}"
VHI_M_2021-01_000000000000000001df,0.6100000143051147,480,1,Dry,2021,2021-01,"{""type"":""MultiPoint"",""coordinates"":[]}"
VHI_M_2021-01_000000000000000001e0,0.6899999976158142,481,1,Dry,2021,2021-01,"{""type"":""MultiPoint"",""coordinates"":[]}"
VHI_M_2021-01_000000000000000001e1,0.7099999785423279,482,1,Dry,2021,2021-01,"{""type"":""MultiPoint"",""coordinates"":[]}"
VHI_M_2021-01_0000000000000000007a,0.6949999928474426,123,1,Dry,2021,2021-01,"{""type"":""MultiPoint"",""coordinates"":[]}"
VHI_M_2021-01_0000000000000000007b,0.6700000166893005,124,1,Dry,2021,2021-01,"{""type"":""MultiPoint"",""coordinates"":[]}"
VHI_M_2021-01_0000000000000000007c,0.6499999761581421,125,1,Dry,2021,2021-01,"{""type"":""MultiPoint"",""coordinates"":[]}"
VHI_M_2021-01_0000000000000000007d,0.699999988079071,126,1,Dry,2021,2021-01,"{""type"":""MultiPoint"",""coordinates"":[]}"
VHI_M_2021-01_0000000000000000007e,0.6349999904632567,127,1,Dry,2021,2021-01,"{""type"":""MultiPoint"",""coordinates"":[]}"
VHI_M_2021-01_0000000000000000007f,0.7099999785423278,128,1,Dry,2021,2021-01,"{""type"":""MultiPoint"",""coordinates"":[]}"
VHI_M_2021-01_00000000000000000080,0.7200000286102295,129,1,Dry,2021,2021-01,"{""type"":""MultiPoint"",""coordinates"":[]}"
VHI_M_2021-01_00000000000000000088,0.5899999737739563,137,1,Dry,2021,2021-01,"{""type"":""MultiPoint"",""coordinates"":[]}"
VHI_M_2021-01_00000000000000000089,0.6700000166893004,138,1,Dry,2021,2021-01,"{""type"":""MultiPoint"",""coordinates"":[]}"
VHI_M_2021-01_0000000000000000008a,0.6499999761581421,139,1,Dry,2021,2021-01,"{""type"":""MultiPoint"",""coordinates"":[]}"
VHI_M_2021-01_00000000000000000099,0.6000000238418579,154,1,Dry,2021,2021-01,"{""type"":""MultiPoint"",""coordinates"":[]}"
VHI_M_2021-01_0000000000000000009a,0.5699999928474426,155,1,Dry,2021,2021-01,"{""type"":""MultiPoint"",""coordinates"":[]}"
VHI_M_2021-01_00000000000000000112,0.7250000238418579,275,1,Dry,2021,2021-01,"{""type"":""MultiPoint"",""coordinates"":[]}"
VHI_M_2021-01_000000000000000001d8,0.4350000023841858,473,1,Dry,2021,2021-01,"{""type"":""MultiPoint"",""coordinates"":[]}"
VHI_M_2021-01_00000000000000000001,0.5299999713897705,2,1,Dry,2021,2021-01,"{""type"":""MultiPoint"",""coordinates"":[]}"
VHI_M_2021-01_00000000000000000030,0.31000000238418574,49,1,Dry,2021,2021-01,"{""type"":""MultiPoint"",""coordinates"":[]}"
VHI_M_2021-01_00000000000000000031,0.3249999880790711,50,1,Dry,2021,2021-01,"{""type"":""MultiPoint"",""coordinates"":[]}"
VHI_M_2021-01_00000000000000000032,0.37999999523162836,51,1,Dry,2021,2021-01,"{""type"":""MultiPoint"",""coordinates"":[]}"
VHI_M_2021-01_000000000000000000d7,0.37000000476837147,216,1,Dry,2021,2021-01,"{""type"":""MultiPoint"",""coordinates"":[]}"
VHI_M_2021-01_000000000000000000d8,0.37499999999999994,217,1,Dry,2021,2021-01,"{""type"":""MultiPoint"",""coordinates"":[]}"
VHI_M_2021-01_000000000000000000d9,0.3400000035762787,218,1,Dry,2021,2021-01,"{""type"":""MultiPoint"",""coordinates"":[]}"
VHI_M_2021-01_000000000000000000da,0.41499999165534973,219,1,Dry,2021,2021-01,"{""type"":""MultiPoint"",""coordinates"":[]}"
VHI_M_2021-01_00000000000000000132,0.354999989271164,307,1,Dry,2021,2021-01,"{""type"":""MultiPoint"",""coordinates"":[]}"
VHI_M_2021-01_00000000000000000133,0.5,308,1,Dry,2021,2021-01,"{""type"":""MultiPoint"",""coordinates"":[]}"
VHI_M_2021-01_00000000000000000134,0.3799999952316284,309,1,Dry,2021,2021-01,"{""type"":""MultiPoint"",""coordinates"":[]}"
VHI_M_2021-01_00000000000000000135,0.4399999976158142,310,1,Dry,2021,2021-01,"{""type"":""MultiPoint"",""coordinates"":[]}"
VHI_M_2021-01_0000000000000000001f,0.324999988079071,32,1,Dry,2021,2021-01,"{""type"":""MultiPoint"",""coordinates"":[]}"
VHI_M_2021-01_00000000000000000020,0.4749999940395356,33,1,Dry,2021,2021-01,"{""type"":""MultiPoint"",""coordinates"":[]}"
VHI_M_2021-01_00000000000000000021,0.3499999940395356,34,1,Dry,2021,2021-01,"{""type"":""MultiPoint"",""coordinates"":[]}"
VHI_M_2021-01_00000000000000000045,0.29499998688697815,70,1,Dry,2021,2021-01,"{""type"":""MultiPoint"",""coordinates"":[]}"
VHI_M_2021-01_00000000000000000046,0.3400000035762787,71,1,Dry,2021,2021-01,"{""type"":""MultiPoint"",""coordinates"":[]}"
VHI_M_2021-01_00000000000000000047,0.30000001192092896,72,1,Dry,2021,2021-01,"{""type"":""MultiPoint"",""coordinates"":[]}"
VHI_M_2021-01_00000000000000000048,0.28000000119209295,73,1,Dry,2021,2021-01,"{""type"":""MultiPoint"",""coordinates"":[]}"
VHI_M_2021-01_00000000000000000072,0.34499999880790705,115,1,Dry,2021,2021-01,"{""type"":""MultiPoint"",""coordinates"":[]}"
VHI_M_2021-01_00000000000000000073,0.4199999868869781,116,1,Dry,2021,2021-01,"{""type"":""MultiPoint"",""coordinates"":[]}"
VHI_M_2021-01_00000000000000000074,0.43999999761581415,117,1,Dry,2021,2021-01,"{""type"":""MultiPoint"",""coordinates"":[]}"
VHI_M_2021-01_00000000000000000075,0.41999998688697815,118,1,Dry,2021,2021-01,"{""type"":""MultiPoint"",""coordinates"":[]}"
VHI_M_2021-01_000000000000000000b4,0.4000000059604645,181,1,Dry,2021,2021-01,"{""type"":""MultiPoint"",""coordinates"":[]}"
VHI_M_2021-01_000000000000000000e8,0.4399999976158142,233,1,Dry,2021,2021-01,"{""type"":""MultiPoint"",""coordinates"":[]}"
VHI_M_2021-01_000000000000000000e9,0.31499999761581426,234,1,Dry,2021,2021-01,"{""type"":""MultiPoint"",""coordinates"":[]}"
VHI_M_2021-01_000000000000000000ea,0.30500000715255726,235,1,Dry,2021,2021-01,"{""type"":""MultiPoint"",""coordinates"":[]}"
VHI_M_2021-01_00000000000000000022,0.4650000035762787,35,1,Dry,2021,2021-01,"{""type"":""MultiPoint"",""coordinates"":[]}"
VHI_M_2021-01_00000000000000000023,0.36500000953674316,36,1,Dry,2021,2021-01,"{""type"":""MultiPoint"",""coordinates"":[]}"
VHI_M_2021-01_00000000000000000024,0.38499999046325684,37,1,Dry,2021,2021-01,"{""type"":""MultiPoint"",""coordinates"":[]}"
VHI_M_2021-01_00000000000000000025,0.3549999892711639,38,1,Dry,2021,2021-01,"{""type"":""MultiPoint"",""coordinates"":[]}"
VHI_M_2021-01_000000000000000000f0,0.3799999952316284,241,1,Dry,2021,2021-01,"{""type"":""MultiPoint"",""coordinates"":[]}"
VHI_M_2021-01_000000000000000000f4,0.2800000011920929,245,1,Dry,2021,2021-01,"{""type"":""MultiPoint"",""coordinates"":[]}"
VHI_M_2021-01_000000000000000000f5,0.33000001311302163,246,1,Dry,2021,2021-01,"{""type"":""MultiPoint"",""coordinates"":[]}"
VHI_M_2021-01_000000000000000000f6,0.4000000059604644,247,1,Dry,2021,2021-01,"{""type"":""MultiPoint"",""coordinates"":[]}"
VHI_M_2021-01_000000000000000000f7,0.43000000715255743,248,1,Dry,2021,2021-01,"{""type"":""MultiPoint"",""coordinates"":[]}"
VHI_M_2021-01_000000000000000000f8,0.33500000834465027,249,1,Dry,2021,2021-01,"{""type"":""MultiPoint"",""coordinates"":[]}"
VHI_M_2021-01_00000000000000000000,0.41999998688697815,1,1,Dry,2021,2021-01,"{""type"":""MultiPoint"",""coordinates"":[]}"
VHI_M_2021-01_000000000000000000f2,0.3100000023841858,243,1,Dry,2021,2021-01,"{""type"":""MultiPoint"",""coordinates"":[]}"
VHI_M_2021-01_000000000000000000f3,0.3149999976158142,244,1,Dry,2021,2021-01,"{""type"":""MultiPoint"",""coordinates"":[]}"
VHI_M_2021-01_00000000000000000106,0.509999990463257,263,1,Dry,2021,2021-01,"{""type"":""MultiPoint"",""coordinates"":[]}"
VHI_M_2021-01_00000000000000000107,0.39500001072883606,264,1,Dry,2021,2021-01,"{""type"":""MultiPoint"",""coordinates"":[]}"
VHI_M_2021-01_00000000000000000108,0.4449999928474426,265,1,Dry,2021,2021-01,"{""type"":""MultiPoint"",""coordinates"":[]}"
VHI_M_2021-01_0000000000000000012c,0.5249999761581421,301,1,Dry,2021,2021-01,"{""type"":""MultiPoint"",""coordinates"":[]}"
VHI_M_2021-01_0000000000000000012d,0.5400000214576721,302,1,Dry,2021,2021-01,"{""type"":""MultiPoint"",""coordinates"":[]}"
VHI_M_2021-01_0000000000000000012e,0.46000000834465027,303,1,Dry,2021,2021-01,"{""type"":""MultiPoint"",""coordinates"":[]}"
VHI_M_2021-01_000000000000000000a5,0.4499999880790711,166,1,Dry,2021,2021-01,"{""type"":""MultiPoint"",""coordinates"":[]}"
VHI_M_2021-01_000000000000000000a6,0.40500000119209295,167,1,Dry,2021,2021-01,"{""type"":""MultiPoint"",""coordinates"":[]}"
VHI_M_2021-01_000000000000000000c1,0.4749999940395355,194,1,Dry,2021,2021-01,"{""type"":""MultiPoint"",""coordinates"":[]}"
VHI_M_2021-01_00000000000000000120,0.5,289,1,Dry,2021,2021-01,"{""type"":""MultiPoint"",""coordinates"":[]}"
VHI_M_2021-01_000000000000000001d9,0.43500000238418574,474,1,Dry,2021,2021-01,"{""type"":""MultiPoint"",""coordinates"":[]}"
VHI_M_2021-01_000000000000000001da,0.3849999904632567,475,1,Dry,2021,2021-01,"{""type"":""MultiPoint"",""coordinates"":[]}"
VHI_M_2021-01_000000000000000001db,0.36500000953674316,476,1,Dry,2021,2021-01,"{""type"":""MultiPoint"",""coordinates"":[]}"
VHI_M_2021-01_000000000000000001dc,0.38499999046325684,477,1,Dry,2021,2021-01,"{""type"":""MultiPoint"",""coordinates"":[]}"
VHI_M_2021-01_000000000000000001e2,0.4399999976158142,483,1,Dry,2021,2021-01,"{""type"":""MultiPoint"",""coordinates"":[]}"
VHI_M_2021-01_000000000000000001e3,0.4749999940395355,484,1,Dry,2021,2021-01,"{""type"":""MultiPoint"",""coordinates"":[]}"
VHI_M_2021-01_000000000000000001e4,0.45500001311302185,485,1,Dry,2021,2021-01,"{""type"":""MultiPoint"",""coordinates"":[]}"
VHI_M_2021-01_000000000000000001e5,0.4300000071525574,486,1,Dry,2021,2021-01,"{""type"":""MultiPoint"",""coordinates"":[]}"
VHI_M_2021-01_000000000000000001e6,0.43999999761581415,487,1,Dry,2021,2021-01,"{""type"":""MultiPoint"",""coordinates"":[]}"
VHI_M_2021-01_000000000000000001e7,0.4350000023841858,488,1,Dry,2021,2021-01,"{""type"":""MultiPoint"",""coordinates"":[]}"
VHI_M_2021-01_000000000000000001e8,0.4900000095367432,489,1,Dry,2021,2021-01,"{""type"":""MultiPoint"",""coordinates"":[]}"
VHI_M_2021-01_000000000000000001e9,0.4699999988079071,490,1,Dry,2021,2021-01,"{""type"":""MultiPoint"",""coordinates"":[]}"
VHI_M_2021-01_000000000000000000e2,0.37499999999999994,227,1,Dry,2021,2021-01,"{""type"":""MultiPoint"",""coordinates"":[]}"
VHI_M_2021-01_000000000000000000e3,0.42500001192092896,228,1,Dry,2021,2021-01,"{""type"":""MultiPoint"",""coordinates"":[]}"
VHI_M_2021-01_000000000000000000e4,0.5299999713897705,229,1,Dry,2021,2021-01,"{""type"":""MultiPoint"",""coordinates"":[]}"
VHI_M_2021-01_000000000000000000e5,0.5199999809265138,230,1,Dry,2021,2021-01,"{""type"":""MultiPoint"",""coordinates"":[]}"
VHI_M_2021-01_000000000000000000e6,0.3449999988079071,231,1,Dry,2021,2021-01,"{""type"":""MultiPoint"",""coordinates"":[]}"
VHI_M_2021-01_000000000000000000e7,0.5699999928474426,232,1,Dry,2021,2021-01,"{""type"":""MultiPoint"",""coordinates"":[]}"
VHI_M_2021-01_0000000000000000017f,0.4199999868869782,384,1,Dry,2021,2021-01,"{""type"":""MultiPoint"",""coordinates"":[]}"
VHI_M_2021-01_00000000000000000180,0.4300000071525574,385,1,Dry,2021,2021-01,"{""type"":""MultiPoint"",""coordinates"":[]}"
VHI_M_2021-01_00000000000000000203,0.4399999976158142,516,1,Dry,2021,2021-01,"{""type"":""MultiPoint"",""coordinates"":[]}"
VHI_M_2021-01_00000000000000000204,0.41999998688697815,517,1,Dry,2021,2021-01,"{""type"":""MultiPoint"",""coordinates"":[]}"
VHI_M_2021-01_00000000000000000205,0.41999998688697826,518,1,Dry,2021,2021-01,"{""type"":""MultiPoint"",""coordinates"":[]}"
VHI_M_2021-01_00000000000000000206,0.4300000071525574,519,1,Dry,2021,2021-01,"{""type"":""MultiPoint"",""coordinates"":[]}"
VHI_M_2021-01_00000000000000000207,0.4300000071525574,520,1,Dry,2021,2021-01,"{""type"":""MultiPoint"",""coordinates"":[]}"
VHI_M_2021-01_00000000000000000208,0.3149999976158142,521,1,Dry,2021,2021-01,"{""type"":""MultiPoint"",""coordinates"":[]}"
VHI_M_2021-01_00000000000000000209,0.49000000953674316,522,1,Dry,2021,2021-01,"{""type"":""MultiPoint"",""coordinates"":[]}"
VHI_M_2021-01_0000000000000000000e,0.4350000023841858,15,1,Dry,2021,2021-01,"{""type"":""MultiPoint"",""coordinates"":[]}"
VHI_M_2021-01_00000000000000000124,0.5799999833106995,293,1,Dry,2021,2021-01,"{""type"":""MultiPoint"",""coordinates"":[]}"
VHI_M_2021-01_00000000000000000125,0.5350000262260437,294,1,Dry,2021,2021-01,"{""type"":""MultiPoint"",""coordinates"":[]}"
VHI_M_2021-01_00000000000000000126,0.46999999880790705,295,1,Dry,2021,2021-01,"{""type"":""MultiPoint"",""coordinates"":[]}"
VHI_M_2021-01_00000000000000000127,0.49000000953674316,296,1,Dry,2021,2021-01,"{""type"":""MultiPoint"",""coordinates"":[]}"
VHI_M_2021-01_00000000000000000128,0.4650000035762787,297,1,Dry,2021,2021-01,"{""type"":""MultiPoint"",""coordinates"":[]}"
VHI_M_2021-01_00000000000000000129,0.47999998927116405,298,1,Dry,2021,2021-01,"{""type"":""MultiPoint"",""coordinates"":[]}"
VHI_M_2021-01_0000000000000000012a,0.4950000047683716,299,1,Dry,2021,2021-01,"{""type"":""MultiPoint"",""coordinates"":[]}"
VHI_M_2021-01_0000000000000000012b,0.4950000047683716,300,1,Dry,2021,2021-01,"{""type"":""MultiPoint"",""coordinates"":[]}"
VHI_M_2021-01_00000000000000000174,0.49000000953674316,373,1,Dry,2021,2021-01,"{""type"":""MultiPoint"",""coordinates"":[]}"
VHI_M_2021-01_00000000000000000175,0.540000021457672,374,1,Dry,2021,2021-01,"{""type"":""MultiPoint"",""coordinates"":[]}"
VHI_M_2021-01_00000000000000000176,0.479999989271164,375,1,Dry,2021,2021-01,"{""type"":""MultiPoint"",""coordinates"":[]}"
VHI_M_2021-01_00000000000000000177,0.5049999952316284,376,1,Dry,2021,2021-01,"{""type"":""MultiPoint"",""coordinates"":[]}"
VHI_M_2021-01_00000000000000000195,0.4199999868869782,406,1,Dry,2021,2021-01,"{""type"":""MultiPoint"",""coordinates"":[]}"
VHI_M_2021-01_00000000000000000196,0.43000000715255743,407,1,Dry,2021,2021-01,"{""type"":""MultiPoint"",""coordinates"":[]}"
VHI_M_2021-01_00000000000000000197,0.5299999713897705,408,1,Dry,2021,2021-01,"{""type"":""MultiPoint"",""coordinates"":[]}"
VHI_M_2021-01_00000000000000000198,0.42500001192092896,409,1,Dry,2021,2021-01,"{""type"":""MultiPoint"",""coordinates"":[]}"
VHI_M_2021-01_00000000000000000199,0.4550000131130219,410,1,Dry,2021,2021-01,"{""type"":""MultiPoint"",""coordinates"":[]}"
VHI_M_2021-01_00000000000000000035,0.5899999737739563,54,1,Dry,2021,2021-01,"{""type"":""MultiPoint"",""coordinates"":[]}"
VHI_M_2021-01_000000000000000000ce,0.5749999880790709,207,1,Dry,2021,2021-01,"{""type"":""MultiPoint"",""coordinates"":[]}"
VHI_M_2021-01_000000000000000000cf,0.5400000214576721,208,1,Dry,2021,2021-01,"{""type"":""MultiPoint"",""coordinates"":[]}"
VHI_M_2021-01_000000000000000000d0,0.5950000286102295,209,1,Dry,2021,2021-01,"{""type"":""MultiPoint"",""coordinates"":[]}"
VHI_M_2021-01_000000000000000000d1,0.5350000262260437,210,1,Dry,2021,2021-01,"{""type"":""MultiPoint"",""coordinates"":[]}"
VHI_M_2021-01_000000000000000001ea,0.5400000214576721,491,1,Dry,2021,2021-01,"{""type"":""MultiPoint"",""coordinates"":[]}"
VHI_M_2021-01_000000000000000001eb,0.5950000286102295,492,1,Dry,2021,2021-01,"{""type"":""MultiPoint"",""coordinates"":[]}"
VHI_M_2021-01_000000000000000001ec,0.6100000143051147,493,1,Dry,2021,2021-01,"{""type"":""MultiPoint"",""coordinates"":[]}"
VHI_M_2021-01_000000000000000001ed,0.6549999713897705,494,1,Dry,2021,2021-01,"{""type"":""MultiPoint"",""coordinates"":[]}"
VHI_M_2021-01_000000000000000001f4,0.5550000071525573,501,1,Dry,2021,2021-01,"{""type"":""MultiPoint"",""coordinates"":[]}"
VHI_M_2021-01_000000000000000001f5,0.5699999928474426,502,1,Dry,2021,2021-01,"{""type"":""MultiPoint"",""coordinates"":[]}"
VHI_M_2021-01_000000000000000001f6,0.6100000143051146,503,1,Dry,2021,2021-01,"{""type"":""MultiPoint"",""coordinates"":[]}"
VHI_M_2021-01_000000000000000001f7,0.5350000262260437,504,1,Dry,2021,2021-01,"{""type"":""MultiPoint"",""coordinates"":[]}"
VHI_M_2021-01_000000000000000001f8,0.5950000286102295,505,1,Dry,2021,2021-01,"{""type"":""MultiPoint"",""coordinates"":[]}"
VHI_M_2021-01_000000000000000001f9,0.5600000023841859,506,1,Dry,2021,2021-01,"{""type"":""MultiPoint"",""coordinates"":[]}"
VHI_M_2021-01_000000000000000001fa,0.5699999928474426,507,1,Dry,2021,2021-01,"{""type"":""MultiPoint"",""coordinates"":[]}"
VHI_M_2021-01_000000000000000001fb,0.5799999833106995,508,1,Dry,2021,2021-01,"{""type"":""MultiPoint"",""coordinates"":[]}"
VHI_M_2021-01_000000000000000001fc,0.5400000214576721,509,1,Dry,2021,2021-01,"{""type"":""MultiPoint"",""coordinates"":[]}"
VHI_M_2021-01_000000000000000001fd,0.6349999904632568,510,1,Dry,2021,2021-01,"{""type"":""MultiPoint"",""coordinates"":[]}"
VHI_M_2021-01_00000000000000000049,0.5450000166893005,74,1,Dry,2021,2021-01,"{""type"":""MultiPoint"",""coordinates"":[]}"
VHI_M_2021-01_0000000000000000004a,0.5049999952316284,75,1,Dry,2021,2021-01,"{""type"":""MultiPoint"",""coordinates"":[]}"
VHI_M_2021-01_000000000000000000fd,0.5400000214576721,254,1,Dry,2021,2021-01,"{""type"":""MultiPoint"",""coordinates"":[]}"
VHI_M_2021-01_000000000000000000fe,0.5600000023841857,255,1,Dry,2021,2021-01,"{""type"":""MultiPoint"",""coordinates"":[]}"
VHI_M_2021-01_00000000000000000191,0.5400000214576721,402,1,Dry,2021,2021-01,"{""type"":""MultiPoint"",""coordinates"":[]}"
VHI_M_2021-01_0000000000000000016e,0.5699999928474426,367,1,Dry,2021,2021-01,"{""type"":""MultiPoint"",""coordinates"":[]}"
VHI_M_2021-01_0000000000000000016f,0.5749999880790713,368,1,Dry,2021,2021-01,"{""type"":""MultiPoint"",""coordinates"":[]}"
VHI_M_2021-01_00000000000000000170,0.5649999976158142,369,1,Dry,2021,2021-01,"{""type"":""MultiPoint"",""coordinates"":[]}"
VHI_M_2021-01_00000000000000000181,0.5600000023841859,386,1,Dry,2021,2021-01,"{""type"":""MultiPoint"",""coordinates"":[]}"
VHI_M_2021-01_00000000000000000182,0.6299999952316284,387,1,Dry,2021,2021-01,"{""type"":""MultiPoint"",""coordinates"":[]}"
VHI_M_2021-01_00000000000000000228,0.5699999928474426,553,1,Dry,2021,2021-01,"{""type"":""MultiPoint"",""coordinates"":[]}"
VHI_M_2021-02_00000000000000000017,0.4650000035762787,24,2,Dry,2021,2021-02,"{""type"":""MultiPoint"",""coordinates"":[]}"
VHI_M_2021-02_00000000000000000018,0.41499999165534973,25,2,Dry,2021,2021-02,"{""type"":""MultiPoint"",""coordinates"":[]}"
VHI_M_2021-02_00000000000000000019,0.4950000047683716,26,2,Dry,2021,2021-02,"{""type"":""MultiPoint"",""coordinates"":[]}"
VHI_M_2021-02_0000000000000000001a,0.4650000035762787,27,2,Dry,2021,2021-02,"{""type"":""MultiPoint"",""coordinates"":[]}"
VHI_M_2021-02_0000000000000000005b,0.5400000214576721,92,2,Dry,2021,2021-02,"{""type"":""MultiPoint"",""coordinates"":[]}"
VHI_M_2021-02_0000000000000000005c,0.41999998688697815,93,2,Dry,2021,2021-02,"{""type"":""MultiPoint"",""coordinates"":[]}"
VHI_M_2021-02_0000000000000000005d,,94,2,Dry,2021,2021-02,"{""type"":""MultiPoint"",""coordinates"":[]}"
VHI_M_2021-02_0000000000000000005e,0.5,95,2,Dry,2021,2021-02,"{""type"":""MultiPoint"",""coordinates"":[]}"
VHI_M_2021-02_0000000000000000005f,0.5649999976158142,96,2,Dry,2021,2021-02,"{""type"":""MultiPoint"",""coordinates"":[]}"
VHI_M_2021-02_000000000000000000b6,0.574999988079071,183,2,Dry,2021,2021-02,"{""type"":""MultiPoint"",""coordinates"":[]}"
VHI_M_2021-02_000000000000000000b7,0.6899999976158142,184,2,Dry,2021,2021-02,"{""type"":""MultiPoint"",""coordinates"":[]}"
VHI_M_2021-02_000000000000000000b8,0.44999998807907104,185,2,Dry,2021,2021-02,"{""type"":""MultiPoint"",""coordinates"":[]}"
VHI_M_2021-02_000000000000000000b9,0.5450000166893005,186,2,Dry,2021,2021-02,"{""type"":""MultiPoint"",""coordinates"":[]}"
VHI_M_2021-02_000000000000000000ba,0.6150000095367432,187,2,Dry,2021,2021-02,"{""type"":""MultiPoint"",""coordinates"":[]}"
VHI_M_2021-02_000000000000000000bb,0.5350000262260437,188,2,Dry,2021,2021-02,"{""type"":""MultiPoint"",""coordinates"":[]}"
VHI_M_2021-02_000000000000000001a0,0.7400000095367432,417,2,Dry,2021,2021-02,"{""type"":""MultiPoint"",""coordinates"":[]}"
VHI_M_2021-02_000000000000000001a1,0.6700000166893005,418,2,Dry,2021,2021-02,"{""type"":""MultiPoint"",""coordinates"":[]}"
VHI_M_2021-02_000000000000000001a2,0.6650000214576721,419,2,Dry,2021,2021-02,"{""type"":""MultiPoint"",""coordinates"":[]}"
VHI_M_2021-02_000000000000000001a3,0.4699999988079071,420,2,Dry,2021,2021-02,"{""type"":""MultiPoint"",""coordinates"":[]}"
VHI_M_2021-02_000000000000000001cb,0.36500000953674316,460,2,Dry,2021,2021-02,"{""type"":""MultiPoint"",""coordinates"":[]}"
VHI_M_2021-02_000000000000000001cc,0.5099999904632568,461,2,Dry,2021,2021-02,"{""type"":""MultiPoint"",""coordinates"":[]}"
VHI_M_2021-02_0000000000000000021b,0.46000000834465027,540,2,Dry,2021,2021-02,"{""type"":""MultiPoint"",""coordinates"":[]}"
VHI_M_2021-02_0000000000000000021c,0.5450000166893005,541,2,Dry,2021,2021-02,"{""type"":""MultiPoint"",""coordinates"":[]}"
VHI_M_2021-02_0000000000000000021d,0.49000000953674316,542,2,Dry,2021,2021-02,"{""type"":""MultiPoint"",""coordinates"":[]}"
VHI_M_2021-02_000000000000000000bf,0.5649999976158142,192,2,Dry,2021,2021-02,"{""type"":""MultiPoint"",""coordinates"":[]}"
VHI_M_2021-02_000000000000000000c0,0.6299999952316284,193,2,Dry,2021,2021-02,"{""type"":""MultiPoint"",""coordinates"":[]}"
VHI_M_2021-02_0000000000000000010a,0.5699999928474426,267,2,Dry,2021,2021-02,"{""type"":""MultiPoint"",""coordinates"":[]}"
VHI_M_2021-02_0000000000000000010b,0.5400000214576721,268,2,Dry,2021,2021-02,"{""type"":""MultiPoint"",""coordinates"":[]}"
VHI_M_2021-02_00000000000000000226,0.5450000166893005,551,2,Dry,2021,2021-02,"{""type"":""MultiPoint"",""coordinates"":[]}"
VHI_M_2021-02_00000000000000000227,0.6499999761581421,552,2,Dry,2021,2021-02,"{""type"":""MultiPoint"",""coordinates"":[]}"
VHI_M_2021-02_000000000000000001a4,0.5299999713897705,421,2,Dry,2021,2021-02,"{""type"":""MultiPoint"",""coordinates"":[]}"
VHI_M_2021-02_000000000000000001a5,0.49000000953674316,422,2,Dry,2021,2021-02,"{""type"":""MultiPoint"",""coordinates"":[]}"
VHI_M_2021-02_000000000000000001a6,0.5099999904632568,423,2,Dry,2021,2021-02,"{""type"":""MultiPoint"",""coordinates"":[]}"
VHI_M_2021-02_000000000000000001a7,0.5350000262260437,424,2,Dry,2021,2021-02,"{""type"":""MultiPoint"",""coordinates"":[]}"
VHI_M_2021-02_000000000000000001a8,0.49000000953674316,425,2,Dry,2021,2021-02,"{""type"":""MultiPoint"",""coordinates"":[]}"
VHI_M_2021-02_000000000000000001a9,0.4449999928474426,426,2,Dry,2021,2021-02,"{""type"":""MultiPoint"",""coordinates"":[]}"
VHI_M_2021-02_000000000000000001aa,0.4950000047683716,427,2,Dry,2021,2021-02,"{""type"":""MultiPoint"",""coordinates"":[]}"
VHI_M_2021-02_000000000000000001fe,0.7200000286102295,511,2,Dry,2021,2021-02,"{""type"":""MultiPoint"",""coordinates"":[]}"
VHI_M_2021-02_000000000000000001ff,0.5950000286102295,512,2,Dry,2021,2021-02,"{""type"":""MultiPoint"",""coordinates"":[]}"
VHI_M_2021-02_00000000000000000200,0.8149999976158142,513,2,Dry,2021,2021-02,"{""type"":""MultiPoint"",""coordinates"":[]}"
VHI_M_2021-02_00000000000000000201,0.5649999976158142,514,2,Dry,2021,2021-02,"{""type"":""MultiPoint"",""coordinates"":[]}"
VHI_M_2021-02_00000000000000000202,0.5649999976158142,515,2,Dry,2021,2021-02,"{""type"":""MultiPoint"",""coordinates"":[]}"
VHI_M_2021-02_00000000000000000002,0.5699999928474426,3,2,Dry,2021,2021-02,"{""type"":""MultiPoint"",""coordinates"":[]}"
VHI_M_2021-02_0000000000000000000d,0.6399999856948853,14,2,Dry,2021,2021-02,"{""type"":""MultiPoint"",""coordinates"":[]}"
VHI_M_2021-02_00000000000000000027,0.5199999809265137,40,2,Dry,2021,2021-02,"{""type"":""MultiPoint"",""coordinates"":[]}"
VHI_M_2021-02_00000000000000000070,0.5450000166893006,113,2,Dry,2021,2021-02,"{""type"":""MultiPoint"",""coordinates"":[]}"
VHI_M_2021-02_00000000000000000071,0.5350000262260437,114,2,Dry,2021,2021-02,"{""type"":""MultiPoint"",""coordinates"":[]}"
VHI_M_2021-02_000000000000000001b0,0.5099999904632568,433,2,Dry,2021,2021-02,"{""type"":""MultiPoint"",""coordinates"":[]}"
VHI_M_2021-02_000000000000000001b1,0.6150000095367432,434,2,Dry,2021,2021-02,"{""type"":""MultiPoint"",""coordinates"":[]}"
VHI_M_2021-02_000000000000000001b2,0.5450000166893005,435,2,Dry,2021,2021-02,"{""type"":""MultiPoint"",""coordinates"":[]}"
VHI_M_2021-02_000000000000000001cd,0.584999978542328,462,2,Dry,2021,2021-02,"{""type"":""MultiPoint"",""coordinates"":[]}"
VHI_M_2021-02_000000000000000001ce,0.550000011920929,463,2,Dry,2021,2021-02,"{""type"":""MultiPoint"",""coordinates"":[]}"
VHI_M_2021-02_000000000000000001cf,0.5749999880790712,464,2,Dry,2021,2021-02,"{""type"":""MultiPoint"",""coordinates"":[]}"
VHI_M_2021-02_0000000000000000001c,0.44999998807907104,29,2,Dry,2021,2021-02,"{""type"":""MultiPoint"",""coordinates"":[]}"
VHI_M_2021-02_0000000000000000001d,0.4650000035762787,30,2,Dry,2021,2021-02,"{""type"":""MultiPoint"",""coordinates"":[]}"
VHI_M_2021-02_0000000000000000001e,0.4399999976158144,31,2,Dry,2021,2021-02,"{""type"":""MultiPoint"",""coordinates"":[]}"
VHI_M_2021-02_00000000000000000026,0.4350000023841858,39,2,Dry,2021,2021-02,"{""type"":""MultiPoint"",""coordinates"":[]}"
VHI_M_2021-02_000000000000000000f9,0.479999989271164,250,2,Dry,2021,2021-02,"{""type"":""MultiPoint"",""coordinates"":[]}"
VHI_M_2021-02_000000000000000000fa,0.4650000035762787,251,2,Dry,2021,2021-02,"{""type"":""MultiPoint"",""coordinates"":[]}"
VHI_M_2021-02_000000000000000000fb,0.46500000357627863,252,2,Dry,2021,2021-02,"{""type"":""MultiPoint"",""coordinates"":[]}"
VHI_M_2021-02_000000000000000000fc,0.4600000083446502,253,2,Dry,2021,2021-02,"{""type"":""MultiPoint"",""coordinates"":[]}"
VHI_M_2021-02_00000000000000000163,0.44499999284744257,356,2,Dry,2021,2021-02,"{""type"":""MultiPoint"",""coordinates"":[]}"
VHI_M_2021-02_00000000000000000164,0.44999998807907104,357,2,Dry,2021,2021-02,"{""type"":""MultiPoint"",""coordinates"":[]}"
VHI_M_2021-02_00000000000000000165,0.4600000083446501,358,2,Dry,2021,2021-02,"{""type"":""MultiPoint"",""coordinates"":[]}"
VHI_M_2021-02_00000000000000000166,0.48500001430511475,359,2,Dry,2021,2021-02,"{""type"":""MultiPoint"",""coordinates"":[]}"
VHI_M_2021-02_00000000000000000149,0.479999989271164,330,2,Dry,2021,2021-02,"{""type"":""MultiPoint"",""coordinates"":[]}"
VHI_M_2021-02_0000000000000000014a,0.4449999928474427,331,2,Dry,2021,2021-02,"{""type"":""MultiPoint"",""coordinates"":[]}"
VHI_M_2021-02_0000000000000000014b,0.48500001430511475,332,2,Dry,2021,2021-02,"{""type"":""MultiPoint"",""coordinates"":[]}"
VHI_M_2021-02_0000000000000000014c,0.4900000095367432,333,2,Dry,2021,2021-02,"{""type"":""MultiPoint"",""coordinates"":[]}"
VHI_M_2021-02_0000000000000000014d,0.49000000953674316,334,2,Dry,2021,2021-02,"{""type"":""MultiPoint"",""coordinates"":[]}"
VHI_M_2021-02_0000000000000000014e,0.47999998927116394,335,2,Dry,2021,2021-02,"{""type"":""MultiPoint"",""coordinates"":[]}"
VHI_M_2021-02_00000000000000000158,0.5249999761581421,345,2,Dry,2021,2021-02,"{""type"":""MultiPoint"",""coordinates"":[]}"
VHI_M_2021-02_00000000000000000159,0.5149999856948853,346,2,Dry,2021,2021-02,"{""type"":""MultiPoint"",""coordinates"":[]}"
VHI_M_2021-02_0000000000000000015a,0.5149999856948853,347,2,Dry,2021,2021-02,"{""type"":""MultiPoint"",""coordinates"":[]}"
VHI_M_2021-02_0000000000000000015b,0.5299999713897705,348,2,Dry,2021,2021-02,"{""type"":""MultiPoint"",""coordinates"":[]}"
VHI_M_2021-02_0000000000000000015c,0.4950000047683716,349,2,Dry,2021,2021-02,"{""type"":""MultiPoint"",""coordinates"":[]}"
VHI_M_2021-02_0000000000000000015d,0.4900000095367431,350,2,Dry,2021,2021-02,"{""type"":""MultiPoint"",""coordinates"":[]}"
VHI_M_2021-02_00000000000000000008,0.4699999988079071,9,2,Dry,2021,2021-02,"{""type"":""MultiPoint"",""coordinates"":[]}"
VHI_M_2021-02_000000000000000000c2,0.46500000357627863,195,2,Dry,2021,2021-02,"{""type"":""MultiPoint"",""coordinates"":[]}"
VHI_M_2021-02_000000000000000000c3,0.5099999904632568,196,2,Dry,2021,2021-02,"{""type"":""MultiPoint"",""coordinates"":[]}"
VHI_M_2021-02_000000000000000000c4,0.5249999761581422,197,2,Dry,2021,2021-02,"{""type"":""MultiPoint"",""coordinates"":[]}"
VHI_M_2021-02_000000000000000000c5,0.49500000476837147,198,2,Dry,2021,2021-02,"{""type"":""MultiPoint"",""coordinates"":[]}"
VHI_M_2021-02_000000000000000000c6,0.5249999761581421,199,2,Dry,2021,2021-02,"{""type"":""MultiPoint"",""coordinates"":[]}"
VHI_M_2021-02_000000000000000000c7,0.5049999952316285,200,2,Dry,2021,2021-02,"{""type"":""MultiPoint"",""coordinates"":[]}"
VHI_M_2021-02_000000000000000000c8,0.4449999928474426,201,2,Dry,2021,2021-02,"{""type"":""MultiPoint"",""coordinates"":[]}"
VHI_M_2021-02_000000000000000000c9,0.509999990463257,202,2,Dry,2021,2021-02,"{""type"":""MultiPoint"",""coordinates"":[]}"
VHI_M_2021-02_00000000000000000136,0.49000000953674316,311,2,Dry,2021,2021-02,"{""type"":""MultiPoint"",""coordinates"":[]}"
VHI_M_2021-02_00000000000000000137,0.5049999952316283,312,2,Dry,2021,2021-02,"{""type"":""MultiPoint"",""coordinates"":[]}"
VHI_M_2021-02_00000000000000000138,0.47999998927116394,313,2,Dry,2021,2021-02,"{""type"":""MultiPoint"",""coordinates"":[]}"
VHI_M_2021-02_00000000000000000139,0.469999998807907,314,2,Dry,2021,2021-02,"{""type"":""MultiPoint"",""coordinates"":[]}"
VHI_M_2021-02_0000000000000000013a,0.5099999904632568,315,2,Dry,2021,2021-02,"{""type"":""MultiPoint"",""coordinates"":[]}"
VHI_M_2021-02_000000000000000001ef,0.4699999988079071,496,2,Dry,2021,2021-02,"{""type"":""MultiPoint"",""coordinates"":[]}"
VHI_M_2021-02_000000000000000001f0,0.5,497,2,Dry,2021,2021-02,"{""type"":""MultiPoint"",""coordinates"":[]}"
VHI_M_2021-02_00000000000000000081,0.4749999940395355,130,2,Dry,2021,2021-02,"{""type"":""MultiPoint"",""coordinates"":[]}"
VHI_M_2021-02_000000000000000000a0,0.5950000286102295,161,2,Dry,2021,2021-02,"{""type"":""MultiPoint"",""coordinates"":[]}"
VHI_M_2021-02_000000000000000000a1,0.550000011920929,162,2,Dry,2021,2021-02,"{""type"":""MultiPoint"",""coordinates"":[]}"
VHI_M_2021-02_000000000000000000a2,0.6449999809265137,163,2,Dry,2021,2021-02,"{""type"":""MultiPoint"",""coordinates"":[]}"
VHI_M_2021-02_000000000000000000a3,0.5199999809265138,164,2,Dry,2021,2021-02,"{""type"":""MultiPoint"",""coordinates"":[]}"
VHI_M_2021-02_000000000000000000a4,0.6499999761581422,165,2,Dry,2021,2021-02,"{""type"":""MultiPoint"",""coordinates"":[]}"
VHI_M_2021-02_0000000000000000014f,0.4449999928474426,336,2,Dry,2021,2021-02,"{""type"":""MultiPoint"",""coordinates"":[]}"
VHI_M_2021-02_00000000000000000150,0.4399999976158142,337,2,Dry,2021,2021-02,"{""type"":""MultiPoint"",""coordinates"":[]}"
VHI_M_2021-02_00000000000000000151,0.5350000262260437,338,2,Dry,2021,2021-02,"{""type"":""MultiPoint"",""coordinates"":[]}"
VHI_M_2021-02_00000000000000000152,0.5049999952316284,339,2,Dry,2021,2021-02,"{""type"":""MultiPoint"",""coordinates"":[]}"
VHI_M_2021-02_00000000000000000153,0.47499999403953547,340,2,Dry,2021,2021-02,"{""type"":""MultiPoint"",""coordinates"":[]}"
VHI_M_2021-02_00000000000000000171,0.4399999976158142,370,2,Dry,2021,2021-02,"{""type"":""MultiPoint"",""coordinates"":[]}"
VHI_M_2021-02_00000000000000000172,0.4900000095367431,371,2,Dry,2021,2021-02,"{""type"":""MultiPoint"",""coordinates"":[]}"
VHI_M_2021-02_00000000000000000173,0.46999999880790716,372,2,Dry,2021,2021-02,"{""type"":""MultiPoint"",""coordinates"":[]}"
VHI_M_2021-02_000000000000000001f1,0.47999998927116394,498,2,Dry,2021,2021-02,"{""type"":""MultiPoint"",""coordinates"":[]}"
VHI_M_2021-02_000000000000000001f2,0.5400000214576721,499,2,Dry,2021,2021-02,"{""type"":""MultiPoint"",""coordinates"":[]}"
VHI_M_2021-02_000000000000000001f3,0.4300000071525574,500,2,Dry,2021,2021-02,"{""type"":""MultiPoint"",""coordinates"":[]}"
VHI_M_2021-02_00000000000000000092,0.5199999809265137,147,2,Dry,2021,2021-02,"{""type"":""MultiPoint"",""coordinates"":[]}"
VHI_M_2021-02_00000000000000000093,0.5199999809265138,148,2,Dry,2021,2021-02,"{""type"":""MultiPoint"",""coordinates"":[]}"
VHI_M_2021-02_00000000000000000094,0.524999976158142,149,2,Dry,2021,2021-02,"{""type"":""MultiPoint"",""coordinates"":[]}"
VHI_M_2021-02_00000000000000000095,0.5450000166893005,150,2,Dry,2021,2021-02,"{""type"":""MultiPoint"",""coordinates"":[]}"
VHI_M_2021-02_00000000000000000096,0.4850000143051148,151,2,Dry,2021,2021-02,"{""type"":""MultiPoint"",""coordinates"":[]}"
VHI_M_2021-02_00000000000000000097,0.6050000190734863,152,2,Dry,2021,2021-02,"{""type"":""MultiPoint"",""coordinates"":[]}"
VHI_M_2021-02_00000000000000000098,0.5550000071525574,153,2,Dry,2021,2021-02,"{""type"":""MultiPoint"",""coordinates"":[]}"
VHI_M_2021-02_000000000000000000a9,0.4749999940395355,170,2,Dry,2021,2021-02,"{""type"":""MultiPoint"",""coordinates"":[]}"
VHI_M_2021-02_0000000000000000017c,0.6200000047683715,381,2,Dry,2021,2021-02,"{""type"":""MultiPoint"",""coordinates"":[]}"
VHI_M_2021-02_0000000000000000017d,0.574999988079071,382,2,Dry,2021,2021-02,"{""type"":""MultiPoint"",""coordinates"":[]}"
VHI_M_2021-02_0000000000000000017e,0.6349999904632568,383,2,Dry,2021,2021-02,"{""type"":""MultiPoint"",""coordinates"":[]}"
VHI_M_2021-02_000000000000000001ee,0.574999988079071,495,2,Dry,2021,2021-02,"{""type"":""MultiPoint"",""coordinates"":[]}"
VHI_M_2021-02_0000000000000000020d,0.574999988079071,526,2,Dry,2021,2021-02,"{""type"":""MultiPoint"",""coordinates"":[]}"
VHI_M_2021-02_0000000000000000020e,0.44999998807907093,527,2,Dry,2021,2021-02,"{""type"":""MultiPoint"",""coordinates"":[]}"
VHI_M_2021-02_0000000000000000020f,0.40500000119209295,528,2,Dry,2021,2021-02,"{""type"":""MultiPoint"",""coordinates"":[]}"
VHI_M_2021-02_00000000000000000210,0.5099999904632568,529,2,Dry,2021,2021-02,"{""type"":""MultiPoint"",""coordinates"":[]}"
VHI_M_2021-02_00000000000000000211,0.5600000023841858,530,2,Dry,2021,2021-02,"{""type"":""MultiPoint"",""coordinates"":[]}"
VHI_M_2021-02_00000000000000000058,0.47499999403953563,89,2,Dry,2021,2021-02,"{""type"":""MultiPoint"",""coordinates"":[]}"
VHI_M_2021-02_00000000000000000059,0.4850000143051148,90,2,Dry,2021,2021-02,"{""type"":""MultiPoint"",""coordinates"":[]}"
VHI_M_2021-02_0000000000000000018b,0.36500000953674316,396,2,Dry,2021,2021-02,"{""type"":""MultiPoint"",""coordinates"":[]}"
VHI_M_2021-02_0000000000000000018c,0.4900000095367432,397,2,Dry,2021,2021-02,"{""type"":""MultiPoint"",""coordinates"":[]}"
VHI_M_2021-02_0000000000000000018d,0.4250000119209289,398,2,Dry,2021,2021-02,"{""type"":""MultiPoint"",""coordinates"":[]}"
VHI_M_2021-02_0000000000000000018e,0.4399999976158142,399,2,Dry,2021,2021-02,"{""type"":""MultiPoint"",""coordinates"":[]}"
VHI_M_2021-02_00000000000000000036,0.4650000035762787,55,2,Dry,2021,2021-02,"{""type"":""MultiPoint"",""coordinates"":[]}"
VHI_M_2021-02_000000000000000000db,0.4449999928474426,220,2,Dry,2021,2021-02,"{""type"":""MultiPoint"",""coordinates"":[]}"
VHI_M_2021-02_000000000000000000dc,0.44999998807907104,221,2,Dry,2021,2021-02,"{""type"":""MultiPoint"",""coordinates"":[]}"
VHI_M_2021-02_000000000000000000dd,0.45500001311302185,222,2,Dry,2021,2021-02,"{""type"":""MultiPoint"",""coordinates"":[]}"
VHI_M_2021-02_00000000000000000102,0.4799999892711639,259,2,Dry,2021,2021-02,"{""type"":""MultiPoint"",""coordinates"":[]}"
VHI_M_2021-02_00000000000000000103,0.47499999403953563,260,2,Dry,2021,2021-02,"{""type"":""MultiPoint"",""coordinates"":[]}"
VHI_M_2021-02_00000000000000000104,0.43500000238418574,261,2,Dry,2021,2021-02,"{""type"":""MultiPoint"",""coordinates"":[]}"
VHI_M_2021-02_00000000000000000105,0.375,262,2,Dry,2021,2021-02,"{""type"":""MultiPoint"",""coordinates"":[]}"
VHI_M_2021-02_0000000000000000000a,0.550000011920929,11,2,Dry,2021,2021-02,"{""type"":""MultiPoint"",""coordinates"":[]}"
VHI_M_2021-02_000000000000000000b1,0.4900000095367431,178,2,Dry,2021,2021-02,"{""type"":""MultiPoint"",""coordinates"":[]}"
VHI_M_2021-02_000000000000000000b2,0.5,179,2,Dry,2021,2021-02,"{""type"":""MultiPoint"",""coordinates"":[]}"
VHI_M_2021-02_000000000000000000b3,0.4449999928474426,180,2,Dry,2021,2021-02,"{""type"":""MultiPoint"",""coordinates"":[]}"
VHI_M_2021-02_000000000000000000ca,0.4749999940395355,203,2,Dry,2021,2021-02,"{""type"":""MultiPoint"",""coordinates"":[]}"
VHI_M_2021-02_000000000000000000d2,0.4950000047683715,211,2,Dry,2021,2021-02,"{""type"":""MultiPoint"",""coordinates"":[]}"
VHI_M_2021-02_000000000000000000d3,0.4749999940395356,212,2,Dry,2021,2021-02,"{""type"":""MultiPoint"",""coordinates"":[]}"
VHI_M_2021-02_000000000000000000d4,0.490000009536743,213,2,Dry,2021,2021-02,"{""type"":""MultiPoint"",""coordinates"":[]}"
VHI_M_2021-02_000000000000000000d5,0.5799999833106995,214,2,Dry,2021,2021-02,"{""type"":""MultiPoint"",""coordinates"":[]}"
VHI_M_2021-02_000000000000000000bc,0.5,189,2,Dry,2021,2021-02,"{""type"":""MultiPoint"",""coordinates"":[]}"
VHI_M_2021-02_000000000000000000bd,0.5,190,2,Dry,2021,2021-02,"{""type"":""MultiPoint"",""coordinates"":[]}"
VHI_M_2021-02_000000000000000000be,0.5149999856948853,191,2,Dry,2021,2021-02,"{""type"":""MultiPoint"",""coordinates"":[]}"
VHI_M_2021-02_000000000000000000f1,0.5350000262260437,242,2,Dry,2021,2021-02,"{""type"":""MultiPoint"",""coordinates"":[]}"
VHI_M_2021-02_00000000000000000100,0.46000000834465044,257,2,Dry,2021,2021-02,"{""type"":""MultiPoint"",""coordinates"":[]}"
VHI_M_2021-02_00000000000000000101,0.5099999904632568,258,2,Dry,2021,2021-02,"{""type"":""MultiPoint"",""coordinates"":[]}"
VHI_M_2021-02_0000000000000000012f,0.5199999809265137,304,2,Dry,2021,2021-02,"{""type"":""MultiPoint"",""coordinates"":[]}"
VHI_M_2021-02_00000000000000000130,0.5,305,2,Dry,2021,2021-02,"{""type"":""MultiPoint"",""coordinates"":[]}"
VHI_M_2021-02_00000000000000000131,0.5,306,2,Dry,2021,2021-02,"{""type"":""MultiPoint"",""coordinates"":[]}"
VHI_M_2021-02_00000000000000000065,0.5450000166893005,102,2,Dry,2021,2021-02,"{""type"":""MultiPoint"",""coordinates"":[]}"
VHI_M_2021-02_00000000000000000066,0.5149999856948853,103,2,Dry,2021,2021-02,"{""type"":""MultiPoint"",""coordinates"":[]}"
VHI_M_2021-02_00000000000000000067,0.5400000214576721,104,2,Dry,2021,2021-02,"{""type"":""MultiPoint"",""coordinates"":[]}"
VHI_M_2021-02_00000000000000000068,0.5450000166893005,105,2,Dry,2021,2021-02,"{""type"":""MultiPoint"",""coordinates"":[]}"
VHI_M_2021-02_00000000000000000109,0.46000000834465027,266,2,Dry,2021,2021-02,"{""type"":""MultiPoint"",""coordinates"":[]}"
VHI_M_2021-02_000000000000000001c1,0.48500001430511475,450,2,Dry,2021,2021-02,"{""type"":""MultiPoint"",""coordinates"":[]}"
VHI_M_2021-02_000000000000000001c2,0.49000000953674305,451,2,Dry,2021,2021-02,"{""type"":""MultiPoint"",""coordinates"":[]}"
VHI_M_2021-02_00000000000000000113,0.4050000011920929,276,2,Dry,2021,2021-02,"{""type"":""MultiPoint"",""coordinates"":[]}"
VHI_M_2021-02_00000000000000000114,0.47499999403953547,277,2,Dry,2021,2021-02,"{""type"":""MultiPoint"",""coordinates"":[]}"
VHI_M_2021-02_00000000000000000115,0.469999998807907,278,2,Dry,2021,2021-02,"{""type"":""MultiPoint"",""coordinates"":[]}"
VHI_M_2021-02_00000000000000000116,0.5049999952316284,279,2,Dry,2021,2021-02,"{""type"":""MultiPoint"",""coordinates"":[]}"
VHI_M_2021-02_00000000000000000117,0.4699999988079071,280,2,Dry,2021,2021-02,"{""type"":""MultiPoint"",""coordinates"":[]}"
VHI_M_2021-02_00000000000000000167,0.5400000214576721,360,2,Dry,2021,2021-02,"{""type"":""MultiPoint"",""coordinates"":[]}"
VHI_M_2021-02_00000000000000000168,0.5249999761581421,361,2,Dry,2021,2021-02,"{""type"":""MultiPoint"",""coordinates"":[]}"
VHI_M_2021-02_00000000000000000169,0.4699999988079071,362,2,Dry,2021,2021-02,"{""type"":""MultiPoint"",""coordinates"":[]}"
VHI_M_2021-02_0000000000000000016a,0.5099999904632568,363,2,Dry,2021,2021-02,"{""type"":""MultiPoint"",""coordinates"":[]}"
VHI_M_2021-02_0000000000000000016b,0.46000000834465016,364,2,Dry,2021,2021-02,"{""type"":""MultiPoint"",""coordinates"":[]}"
VHI_M_2021-02_0000000000000000016c,0.42500001192092896,365,2,Dry,2021,2021-02,"{""type"":""MultiPoint"",""coordinates"":[]}"
VHI_M_2021-02_0000000000000000016d,0.5,366,2,Dry,2021,2021-02,"{""type"":""MultiPoint"",""coordinates"":[]}"
VHI_M_2021-02_000000000000000000cb,0.5049999952316284,204,2,Dry,2021,2021-02,"{""type"":""MultiPoint"",""coordinates"":[]}"
VHI_M_2021-02_000000000000000000eb,0.4699999988079071,236,2,Dry,2021,2021-02,"{""type"":""MultiPoint"",""coordinates"":[]}"
VHI_M_2021-02_000000000000000000ec,0.43000000715255726,237,2,Dry,2021,2021-02,"{""type"":""MultiPoint"",""coordinates"":[]}"
VHI_M_2021-02_000000000000000000ed,0.4600000083446502,238,2,Dry,2021,2021-02,"{""type"":""MultiPoint"",""coordinates"":[]}"
VHI_M_2021-02_000000000000000000ee,0.44999998807907104,239,2,Dry,2021,2021-02,"{""type"":""MultiPoint"",""coordinates"":[]}"
VHI_M_2021-02_000000000000000000ef,0.43500000238418585,240,2,Dry,2021,2021-02,"{""type"":""MultiPoint"",""coordinates"":[]}"
VHI_M_2021-02_00000000000000000146,0.4749999940395355,327,2,Dry,2021,2021-02,"{""type"":""MultiPoint"",""coordinates"":[]}"
VHI_M_2021-02_00000000000000000147,0.4550000131130219,328,2,Dry,2021,2021-02,"{""type"":""MultiPoint"",""coordinates"":[]}"
VHI_M_2021-02_00000000000000000148,0.46999999880790716,329,2,Dry,2021,2021-02,"{""type"":""MultiPoint"",""coordinates"":[]}"
VHI_M_2021-02_0000000000000000015e,0.46999999880790716,351,2,Dry,2021,2021-02,"{""type"":""MultiPoint"",""coordinates"":[]}"
VHI_M_2021-02_0000000000000000015f,0.4950000047683716,352,2,Dry,2021,2021-02,"{""type"":""MultiPoint"",""coordinates"":[]}"
VHI_M_2021-02_00000000000000000160,0.44499999284744257,353,2,Dry,2021,2021-02,"{""type"":""MultiPoint"",""coordinates"":[]}"
VHI_M_2021-02_00000000000000000161,0.4449999928474426,354,2,Dry,2021,2021-02,"{""type"":""MultiPoint"",""coordinates"":[]}"
VHI_M_2021-02_00000000000000000162,0.5149999856948853,355,2,Dry,2021,2021-02,"{""type"":""MultiPoint"",""coordinates"":[]}"
VHI_M_2021-02_00000000000000000010,0.4050000011920929,17,2,Dry,2021,2021-02,"{""type"":""MultiPoint"",""coordinates"":[]}"
VHI_M_2021-02_00000000000000000121,0.44999998807907104,290,2,Dry,2021,2021-02,"{""type"":""MultiPoint"",""coordinates"":[]}"
VHI_M_2021-02_00000000000000000122,0.4099999964237213,291,2,Dry,2021,2021-02,"{""type"":""MultiPoint"",""coordinates"":[]}"
VHI_M_2021-02_00000000000000000123,0.4350000023841858,292,2,Dry,2021,2021-02,"{""type"":""MultiPoint"",""coordinates"":[]}"
VHI_M_2021-02_0000000000000000019a,0.42500001192092896,411,2,Dry,2021,2021-02,"{""type"":""MultiPoint"",""coordinates"":[]}"
VHI_M_2021-02_0000000000000000019b,0.46999999880790716,412,2,Dry,2021,2021-02,"{""type"":""MultiPoint"",""coordinates"":[]}"
VHI_M_2021-02_0000000000000000019c,0.449999988079071,413,2,Dry,2021,2021-02,"{""type"":""MultiPoint"",""coordinates"":[]}"
VHI_M_2021-02_0000000000000000019d,0.46000000834465027,414,2,Dry,2021,2021-02,"{""type"":""MultiPoint"",""coordinates"":[]}"
VHI_M_2021-02_0000000000000000019e,0.40500000119209295,415,2,Dry,2021,2021-02,"{""type"":""MultiPoint"",""coordinates"":[]}"
VHI_M_2021-02_0000000000000000019f,0.4699999988079071,416,2,Dry,2021,2021-02,"{""type"":""MultiPoint"",""coordinates"":[]}"
VHI_M_2021-02_00000000000000000216,0.5099999904632568,535,2,Dry,2021,2021-02,"{""type"":""MultiPoint"",""coordinates"":[]}"
VHI_M_2021-02_00000000000000000217,0.40500000119209295,536,2,Dry,2021,2021-02,"{""type"":""MultiPoint"",""coordinates"":[]}"
VHI_M_2021-02_00000000000000000218,0.479999989271164,537,2,Dry,2021,2021-02,"{""type"":""MultiPoint"",""coordinates"":[]}"
VHI_M_2021-02_00000000000000000219,0.5,538,2,Dry,2021,2021-02,"{""type"":""MultiPoint"",""coordinates"":[]}"
VHI_M_2021-02_0000000000000000021a,0.4399999976158142,539,2,Dry,2021,2021-02,"{""type"":""MultiPoint"",""coordinates"":[]}"
VHI_M_2021-02_00000000000000000004,0.4900000095367432,5,2,Dry,2021,2021-02,"{""type"":""MultiPoint"",""coordinates"":[]}"
VHI_M_2021-02_00000000000000000028,0.4499999880790711,41,2,Dry,2021,2021-02,"{""type"":""MultiPoint"",""coordinates"":[]}"
VHI_M_2021-02_00000000000000000029,0.4900000095367431,42,2,Dry,2021,2021-02,"{""type"":""MultiPoint"",""coordinates"":[]}"
VHI_M_2021-02_0000000000000000002a,0.4399999976158144,43,2,Dry,2021,2021-02,"{""type"":""MultiPoint"",""coordinates"":[]}"
VHI_M_2021-02_0000000000000000002b,0.43999999761581426,44,2,Dry,2021,2021-02,"{""type"":""MultiPoint"",""coordinates"":[]}"
VHI_M_2021-02_000000000000000000a7,0.550000011920929,168,2,Dry,2021,2021-02,"{""type"":""MultiPoint"",""coordinates"":[]}"
VHI_M_2021-02_000000000000000000a8,0.5350000262260437,169,2,Dry,2021,2021-02,"{""type"":""MultiPoint"",""coordinates"":[]}"
VHI_M_2021-02_0000000000000000000c,0.46999999880790716,13,2,Dry,2021,2021-02,"{""type"":""MultiPoint"",""coordinates"":[]}"
VHI_M_2021-02_00000000000000000060,0.3950000107288361,97,2,Dry,2021,2021-02,"{""type"":""MultiPoint"",""coordinates"":[]}"
VHI_M_2021-02_00000000000000000061,0.48500001430511475,98,2,Dry,2021,2021-02,"{""type"":""MultiPoint"",""coordinates"":[]}"
VHI_M_2021-02_00000000000000000062,0.524999976158142,99,2,Dry,2021,2021-02,"{""type"":""MultiPoint"",""coordinates"":[]}"
VHI_M_2021-02_00000000000000000063,0.45500001311302185,100,2,Dry,2021,2021-02,"{""type"":""MultiPoint"",""coordinates"":[]}"
VHI_M_2021-02_00000000000000000064,0.4799999892711639,101,2,Dry,2021,2021-02,"{""type"":""MultiPoint"",""coordinates"":[]}"
VHI_M_2021-02_00000000000000000011,0.5299999713897705,18,2,Dry,2021,2021-02,"{""type"":""MultiPoint"",""coordinates"":[]}"
VHI_M_2021-02_00000000000000000033,0.46999999880790716,52,2,Dry,2021,2021-02,"{""type"":""MultiPoint"",""coordinates"":[]}"
VHI_M_2021-02_00000000000000000034,0.4449999928474427,53,2,Dry,2021,2021-02,"{""type"":""MultiPoint"",""coordinates"":[]}"
VHI_M_2021-02_000000000000000001b3,0.4749999940395354,436,2,Dry,2021,2021-02,"{""type"":""MultiPoint"",""coordinates"":[]}"
VHI_M_2021-02_000000000000000001b4,0.44499999284744257,437,2,Dry,2021,2021-02,"{""type"":""MultiPoint"",""coordinates"":[]}"
VHI_M_2021-02_000000000000000001b5,0.46000000834465027,438,2,Dry,2021,2021-02,"{""type"":""MultiPoint"",""coordinates"":[]}"
VHI_M_2021-02_00000000000000000005,0.5049999952316284,6,2,Dry,2021,2021-02,"{""type"":""MultiPoint"",""coordinates"":[]}"
VHI_M_2021-02_00000000000000000082,0.6349999904632568,131,2,Dry,2021,2021-02,"{""type"":""MultiPoint"",""coordinates"":[]}"
VHI_M_2021-02_00000000000000000083,0.6200000047683716,132,2,Dry,2021,2021-02,"{""type"":""MultiPoint"",""coordinates"":[]}"
VHI_M_2021-02_00000000000000000084,0.6850000023841856,133,2,Dry,2021,2021-02,"{""type"":""MultiPoint"",""coordinates"":[]}"
VHI_M_2021-02_00000000000000000085,0.5950000286102295,134,2,Dry,2021,2021-02,"{""type"":""MultiPoint"",""coordinates"":[]}"
VHI_M_2021-02_00000000000000000086,0.675000011920929,135,2,Dry,2021,2021-02,"{""type"":""MultiPoint"",""coordinates"":[]}"
VHI_M_2021-02_00000000000000000087,0.5950000286102295,136,2,Dry,2021,2021-02,"{""type"":""MultiPoint"",""coordinates"":[]}"
VHI_M_2021-02_0000000000000000010c,0.574999988079071,269,2,Dry,2021,2021-02,"{""type"":""MultiPoint"",""coordinates"":[]}"
VHI_M_2021-02_0000000000000000010d,0.5899999737739562,270,2,Dry,2021,2021-02,"{""type"":""MultiPoint"",""coordinates"":[]}"
VHI_M_2021-02_0000000000000000010e,0.5350000262260437,271,2,Dry,2021,2021-02,"{""type"":""MultiPoint"",""coordinates"":[]}"
VHI_M_2021-02_0000000000000000010f,0.5400000214576721,272,2,Dry,2021,2021-02,"{""type"":""MultiPoint"",""coordinates"":[]}"
VHI_M_2021-02_00000000000000000110,0.5600000023841858,273,2,Dry,2021,2021-02,"{""type"":""MultiPoint"",""coordinates"":[]}"
VHI_M_2021-02_00000000000000000111,0.5,274,2,Dry,2021,2021-02,"{""type"":""MultiPoint"",""coordinates"":[]}"
VHI_M_2021-02_000000000000000001d0,0.6349999904632568,465,2,Dry,2021,2021-02,"{""type"":""MultiPoint"",""coordinates"":[]}"
VHI_M_2021-02_000000000000000001d1,0.5950000286102297,466,2,Dry,2021,2021-02,"{""type"":""MultiPoint"",""coordinates"":[]}"
VHI_M_2021-02_00000000000000000009,0.47999998927116394,10,2,Dry,2021,2021-02,"{""type"":""MultiPoint"",""coordinates"":[]}"
VHI_M_2021-02_0000000000000000009e,0.48500001430511475,159,2,Dry,2021,2021-02,"{""type"":""MultiPoint"",""coordinates"":[]}"
VHI_M_2021-02_0000000000000000009f,0.5600000023841858,160,2,Dry,2021,2021-02,"{""type"":""MultiPoint"",""coordinates"":[]}"
VHI_M_2021-02_00000000000000000154,0.550000011920929,341,2,Dry,2021,2021-02,"{""type"":""MultiPoint"",""coordinates"":[]}"
VHI_M_2021-02_00000000000000000155,0.4900000095367431,342,2,Dry,2021,2021-02,"{""type"":""MultiPoint"",""coordinates"":[]}"
VHI_M_2021-02_00000000000000000156,0.45500001311302185,343,2,Dry,2021,2021-02,"{""type"":""MultiPoint"",""coordinates"":[]}"
VHI_M_2021-02_00000000000000000157,0.4950000047683715,344,2,Dry,2021,2021-02,"{""type"":""MultiPoint"",""coordinates"":[]}"
VHI_M_2021-02_00000000000000000178,0.574999988079071,377,2,Dry,2021,2021-02,"{""type"":""MultiPoint"",""coordinates"":[]}"
VHI_M_2021-02_00000000000000000179,0.4300000071525574,378,2,Dry,2021,2021-02,"{""type"":""MultiPoint"",""coordinates"":[]}"
VHI_M_2021-02_0000000000000000017a,0.5400000214576721,379,2,Dry,2021,2021-02,"{""type"":""MultiPoint"",""coordinates"":[]}"
VHI_M_2021-02_0000000000000000017b,0.38999998569488525,380,2,Dry,2021,2021-02,"{""type"":""MultiPoint"",""coordinates"":[]}"
VHI_M_2021-02_0000000000000000000f,0.5299999713897705,16,2,Dry,2021,2021-02,"{""type"":""MultiPoint"",""coordinates"":[]}"
VHI_M_2021-02_00000000000000000040,0.4449999928474427,65,2,Dry,2021,2021-02,"{""type"":""MultiPoint"",""coordinates"":[]}"
VHI_M_2021-02_00000000000000000041,0.5299999713897705,66,2,Dry,2021,2021-02,"{""type"":""MultiPoint"",""coordinates"":[]}"
VHI_M_2021-02_00000000000000000042,0.5149999856948853,67,2,Dry,2021,2021-02,"{""type"":""MultiPoint"",""coordinates"":[]}"
VHI_M_2021-02_00000000000000000043,0.5,68,2,Dry,2021,2021-02,"{""type"":""MultiPoint"",""coordinates"":[]}"
VHI_M_2021-02_00000000000000000192,0.5749999880790709,403,2,Dry,2021,2021-02,"{""type"":""MultiPoint"",""coordinates"":[]}"
VHI_M_2021-02_00000000000000000193,0.5199999809265138,404,2,Dry,2021,2021-02,"{""type"":""MultiPoint"",""coordinates"":[]}"
VHI_M_2021-02_00000000000000000194,0.5400000214576721,405,2,Dry,2021,2021-02,"{""type"":""MultiPoint"",""coordinates"":[]}"
VHI_M_2021-02_000000000000000001d2,0.4950000047683716,467,2,Dry,2021,2021-02,"{""type"":""MultiPoint"",""coordinates"":[]}"
VHI_M_2021-02_000000000000000001d3,0.4900000095367432,468,2,Dry,2021,2021-02,"{""type"":""MultiPoint"",""coordinates"":[]}"
VHI_M_2021-02_000000000000000001d4,0.47999998927116394,469,2,Dry,2021,2021-02,"{""type"":""MultiPoint"",""coordinates"":[]}"
VHI_M_2021-02_000000000000000001d5,0.5099999904632568,470,2,Dry,2021,2021-02,"{""type"":""MultiPoint"",""coordinates"":[]}"
VHI_M_2021-02_000000000000000001d6,0.5,471,2,Dry,2021,2021-02,"{""type"":""MultiPoint"",""coordinates"":[]}"
VHI_M_2021-02_000000000000000001d7,0.46999999880790716,472,2,Dry,2021,2021-02,"{""type"":""MultiPoint"",""coordinates"":[]}"
VHI_M_2021-02_00000000000000000069,0.5699999928474425,106,2,Dry,2021,2021-02,"{""type"":""MultiPoint"",""coordinates"":[]}"
VHI_M_2021-02_0000000000000000006a,0.5350000262260437,107,2,Dry,2021,2021-02,"{""type"":""MultiPoint"",""coordinates"":[]}"
VHI_M_2021-02_0000000000000000006b,0.5149999856948853,108,2,Dry,2021,2021-02,"{""type"":""MultiPoint"",""coordinates"":[]}"
VHI_M_2021-02_0000000000000000006c,0.5550000071525574,109,2,Dry,2021,2021-02,"{""type"":""MultiPoint"",""coordinates"":[]}"
VHI_M_2021-02_0000000000000000006d,0.5799999833106995,110,2,Dry,2021,2021-02,"{""type"":""MultiPoint"",""coordinates"":[]}"
VHI_M_2021-02_0000000000000000006e,0.6000000238418579,111,2,Dry,2021,2021-02,"{""type"":""MultiPoint"",""coordinates"":[]}"
VHI_M_2021-02_0000000000000000006f,0.5600000023841858,112,2,Dry,2021,2021-02,"{""type"":""MultiPoint"",""coordinates"":[]}"
VHI_M_2021-02_000000000000000000d6,0.4749999940395355,215,2,Dry,2021,2021-02,"{""type"":""MultiPoint"",""coordinates"":[]}"
VHI_M_2021-02_0000000000000000013b,0.5600000023841858,316,2,Dry,2021,2021-02,"{""type"":""MultiPoint"",""coordinates"":[]}"
VHI_M_2021-02_0000000000000000013c,0.5500000119209291,317,2,Dry,2021,2021-02,"{""type"":""MultiPoint"",""coordinates"":[]}"
VHI_M_2021-02_0000000000000000013d,0.5,318,2,Dry,2021,2021-02,"{""type"":""MultiPoint"",""coordinates"":[]}"
VHI_M_2021-02_0000000000000000013e,0.44499999284744257,319,2,Dry,2021,2021-02,"{""type"":""MultiPoint"",""coordinates"":[]}"
VHI_M_2021-02_0000000000000000013f,0.44499999284744257,320,2,Dry,2021,2021-02,"{""type"":""MultiPoint"",""coordinates"":[]}"
VHI_M_2021-02_00000000000000000140,0.4900000095367431,321,2,Dry,2021,2021-02,"{""type"":""MultiPoint"",""coordinates"":[]}"
VHI_M_2021-02_000000000000000001bc,0.5099999904632568,445,2,Dry,2021,2021-02,"{""type"":""MultiPoint"",""coordinates"":[]}"
VHI_M_2021-02_000000000000000001bd,0.5049999952316284,446,2,Dry,2021,2021-02,"{""type"":""MultiPoint"",""coordinates"":[]}"
VHI_M_2021-02_000000000000000001be,0.5199999809265137,447,2,Dry,2021,2021-02,"{""type"":""MultiPoint"",""coordinates"":[]}"
VHI_M_2021-02_000000000000000001bf,0.5099999904632568,448,2,Dry,2021,2021-02,"{""type"":""MultiPoint"",""coordinates"":[]}"
VHI_M_2021-02_000000000000000001c0,0.47999998927116405,449,2,Dry,2021,2021-02,"{""type"":""MultiPoint"",""coordinates"":[]}"
VHI_M_2021-02_00000000000000000006,0.625,7,2,Dry,2021,2021-02,"{""type"":""MultiPoint"",""coordinates"":[]}"
VHI_M_2021-02_0000000000000000002c,0.6000000238418579,45,2,Dry,2021,2021-02,"{""type"":""MultiPoint"",""coordinates"":[]}"
VHI_M_2021-02_0000000000000000002d,0.5550000071525575,46,2,Dry,2021,2021-02,"{""type"":""MultiPoint"",""coordinates"":[]}"
VHI_M_2021-02_0000000000000000002e,0.6200000047683716,47,2,Dry,2021,2021-02,"{""type"":""MultiPoint"",""coordinates"":[]}"
VHI_M_2021-02_0000000000000000002f,0.5899999737739563,48,2,Dry,2021,2021-02,"{""type"":""MultiPoint"",""coordinates"":[]}"
VHI_M_2021-02_0000000000000000009b,0.5950000286102295,156,2,Dry,2021,2021-02,"{""type"":""MultiPoint"",""coordinates"":[]}"
VHI_M_2021-02_0000000000000000009c,0.5350000262260438,157,2,Dry,2021,2021-02,"{""type"":""MultiPoint"",""coordinates"":[]}"
VHI_M_2021-02_0000000000000000009d,0.625,158,2,Dry,2021,2021-02,"{""type"":""MultiPoint"",""coordinates"":[]}"
VHI_M_2021-02_000000000000000001b6,0.6650000214576721,439,2,Dry,2021,2021-02,"{""type"":""MultiPoint"",""coordinates"":[]}"
VHI_M_2021-02_000000000000000001b7,0.5799999833106995,440,2,Dry,2021,2021-02,"{""type"":""MultiPoint"",""coordinates"":[]}"
VHI_M_2021-02_000000000000000001b8,0.5950000286102295,441,2,Dry,2021,2021-02,"{""type"":""MultiPoint"",""coordinates"":[]}"
VHI_M_2021-02_000000000000000001b9,0.5699999928474427,442,2,Dry,2021,2021-02,"{""type"":""MultiPoint"",""coordinates"":[]}"
VHI_M_2021-02_000000000000000001ba,0.6000000238418579,443,2,Dry,2021,2021-02,"{""type"":""MultiPoint"",""coordinates"":[]}"
VHI_M_2021-02_000000000000000001bb,0.6349999904632568,444,2,Dry,2021,2021-02,"{""type"":""MultiPoint"",""coordinates"":[]}"
VHI_M_2021-02_00000000000000000221,0.5450000166893005,546,2,Dry,2021,2021-02,"{""type"":""MultiPoint"",""coordinates"":[]}"
VHI_M_2021-02_00000000000000000222,0.5649999976158142,547,2,Dry,2021,2021-02,"{""type"":""MultiPoint"",""coordinates"":[]}"
VHI_M_2021-02_00000000000000000223,0.5550000071525574,548,2,Dry,2021,2021-02,"{""type"":""MultiPoint"",""coordinates"":[]}"
VHI_M_2021-02_00000000000000000224,0.5550000071525573,549,2,Dry,2021,2021-02,"{""type"":""MultiPoint"",""coordinates"":[]}"
VHI_M_2021-02_00000000000000000225,0.5450000166893005,550,2,Dry,2021,2021-02,"{""type"":""MultiPoint"",""coordinates"":[]}"
VHI_M_2021-02_00000000000000000053,0.4900000095367431,84,2,Dry,2021,2021-02,"{""type"":""MultiPoint"",""coordinates"":[]}"
VHI_M_2021-02_00000000000000000054,0.5149999856948853,85,2,Dry,2021,2021-02,"{""type"":""MultiPoint"",""coordinates"":[]}"
VHI_M_2021-02_00000000000000000055,0.49000000953674316,86,2,Dry,2021,2021-02,"{""type"":""MultiPoint"",""coordinates"":[]}"
VHI_M_2021-02_00000000000000000056,0.49000000953674305,87,2,Dry,2021,2021-02,"{""type"":""MultiPoint"",""coordinates"":[]}"
VHI_M_2021-02_00000000000000000057,0.5149999856948853,88,2,Dry,2021,2021-02,"{""type"":""MultiPoint"",""coordinates"":[]}"
VHI_M_2021-02_000000000000000000de,0.5199999809265138,223,2,Dry,2021,2021-02,"{""type"":""MultiPoint"",""coordinates"":[]}"
VHI_M_2021-02_000000000000000000df,0.5600000023841858,224,2,Dry,2021,2021-02,"{""type"":""MultiPoint"",""coordinates"":[]}"
VHI_M_2021-02_000000000000000000e0,0.5249999761581423,225,2,Dry,2021,2021-02,"{""type"":""MultiPoint"",""coordinates"":[]}"
VHI_M_2021-02_000000000000000000e1,0.5600000023841857,226,2,Dry,2021,2021-02,"{""type"":""MultiPoint"",""coordinates"":[]}"
VHI_M_2021-02_000000000000000000ff,0.5099999904632568,256,2,Dry,2021,2021-02,"{""type"":""MultiPoint"",""coordinates"":[]}"
VHI_M_2021-02_0000000000000000011c,0.5299999713897705,285,2,Dry,2021,2021-02,"{""type"":""MultiPoint"",""coordinates"":[]}"
VHI_M_2021-02_0000000000000000011d,0.4950000047683716,286,2,Dry,2021,2021-02,"{""type"":""MultiPoint"",""coordinates"":[]}"
VHI_M_2021-02_0000000000000000011e,0.5550000071525573,287,2,Dry,2021,2021-02,"{""type"":""MultiPoint"",""coordinates"":[]}"
VHI_M_2021-02_0000000000000000011f,0.550000011920929,288,2,Dry,2021,2021-02,"{""type"":""MultiPoint"",""coordinates"":[]}"
VHI_M_2021-02_000000000000000001c4,0.4900000095367431,453,2,Dry,2021,2021-02,"{""type"":""MultiPoint"",""coordinates"":[]}"
VHI_M_2021-02_000000000000000001c5,0.5450000166893004,454,2,Dry,2021,2021-02,"{""type"":""MultiPoint"",""coordinates"":[]}"
VHI_M_2021-02_000000000000000001c6,0.5600000023841858,455,2,Dry,2021,2021-02,"{""type"":""MultiPoint"",""coordinates"":[]}"
VHI_M_2021-02_00000000000000000003,0.625,4,2,Dry,2021,2021-02,"{""type"":""MultiPoint"",""coordinates"":[]}"
VHI_M_2021-02_0000000000000000001b,0.4749999940395355,28,2,Dry,2021,2021-02,"{""type"":""MultiPoint"",""coordinates"":[]}"
VHI_M_2021-02_00000000000000000186,0.47999998927116394,391,2,Dry,2021,2021-02,"{""type"":""MultiPoint"",""coordinates"":[]}"
VHI_M_2021-02_00000000000000000187,0.4600000083446502,392,2,Dry,2021,2021-02,"{""type"":""MultiPoint"",""coordinates"":[]}"
VHI_M_2021-02_00000000000000000188,0.4850000143051147,393,2,Dry,2021,2021-02,"{""type"":""MultiPoint"",""coordinates"":[]}"
VHI_M_2021-02_00000000000000000189,0.5099999904632567,394,2,Dry,2021,2021-02,"{""type"":""MultiPoint"",""coordinates"":[]}"
VHI_M_2021-02_0000000000000000018a,0.4900000095367431,395,2,Dry,2021,2021-02,"{""type"":""MultiPoint"",""coordinates"":[]}"
VHI_M_2021-02_0000000000000000018f,0.5699999928474426,400,2,Dry,2021,2021-02,"{""type"":""MultiPoint"",""coordinates"":[]}"
VHI_M_2021-02_00000000000000000190,0.5099999904632568,401,2,Dry,2021,2021-02,"{""type"":""MultiPoint"",""coordinates"":[]}"
VHI_M_2021-02_0000000000000000021e,0.5699999928474426,543,2,Dry,2021,2021-02,"{""type"":""MultiPoint"",""coordinates"":[]}"
VHI_M_2021-02_0000000000000000021f,0.4850000143051147,544,2,Dry,2021,2021-02,"{""type"":""MultiPoint"",""coordinates"":[]}"
VHI_M_2021-02_00000000000000000220,0.49500000476837164,545,2,Dry,2021,2021-02,"{""type"":""MultiPoint"",""coordinates"":[]}"
VHI_M_2021-02_00000000000000000007,0.6449999809265137,8,2,Dry,2021,2021-02,"{""type"":""MultiPoint"",""coordinates"":[]}"
VHI_M_2021-02_0000000000000000000b,0.6000000238418579,12,2,Dry,2021,2021-02,"{""type"":""MultiPoint"",""coordinates"":[]}"
VHI_M_2021-02_00000000000000000012,0.5,19,2,Dry,2021,2021-02,"{""type"":""MultiPoint"",""coordinates"":[]}"
VHI_M_2021-02_00000000000000000013,0.4600000083446503,20,2,Dry,2021,2021-02,"{""type"":""MultiPoint"",""coordinates"":[]}"
VHI_M_2021-02_00000000000000000014,0.41499999165534973,21,2,Dry,2021,2021-02,"{""type"":""MultiPoint"",""coordinates"":[]}"
VHI_M_2021-02_00000000000000000015,0.4749999940395355,22,2,Dry,2021,2021-02,"{""type"":""MultiPoint"",""coordinates"":[]}"
VHI_M_2021-02_00000000000000000016,0.4699999988079071,23,2,Dry,2021,2021-02,"{""type"":""MultiPoint"",""coordinates"":[]}"
VHI_M_2021-02_00000000000000000183,0.4749999940395355,388,2,Dry,2021,2021-02,"{""type"":""MultiPoint"",""coordinates"":[]}"
VHI_M_2021-02_00000000000000000184,0.5299999713897704,389,2,Dry,2021,2021-02,"{""type"":""MultiPoint"",""coordinates"":[]}"
VHI_M_2021-02_00000000000000000185,0.5099999904632568,390,2,Dry,2021,2021-02,"{""type"":""MultiPoint"",""coordinates"":[]}"
VHI_M_2021-02_00000000000000000212,0.4699999988079071,531,2,Dry,2021,2021-02,"{""type"":""MultiPoint"",""coordinates"":[]}"
VHI_M_2021-02_00000000000000000213,0.625,532,2,Dry,2021,2021-02,"{""type"":""MultiPoint"",""coordinates"":[]}"
VHI_M_2021-02_00000000000000000214,0.5,533,2,Dry,2021,2021-02,"{""type"":""MultiPoint"",""coordinates"":[]}"
VHI_M_2021-02_00000000000000000215,0.550000011920929,534,2,Dry,2021,2021-02,"{""type"":""MultiPoint"",""coordinates"":[]}"
VHI_M_2021-02_0000000000000000005a,0.3799999952316284,91,2,Dry,2021,2021-02,"{""type"":""MultiPoint"",""coordinates"":[]}"
VHI_M_2021-02_00000000000000000118,0.5099999904632568,281,2,Dry,2021,2021-02,"{""type"":""MultiPoint"",""coordinates"":[]}"
VHI_M_2021-02_00000000000000000119,0.4099999964237213,282,2,Dry,2021,2021-02,"{""type"":""MultiPoint"",""coordinates"":[]}"
VHI_M_2021-02_0000000000000000011a,0.5649999976158142,283,2,Dry,2021,2021-02,"{""type"":""MultiPoint"",""coordinates"":[]}"
VHI_M_2021-02_0000000000000000011b,0.5899999737739563,284,2,Dry,2021,2021-02,"{""type"":""MultiPoint"",""coordinates"":[]}"
VHI_M_2021-02_00000000000000000141,0.5099999904632568,322,2,Dry,2021,2021-02,"{""type"":""MultiPoint"",""coordinates"":[]}"
VHI_M_2021-02_00000000000000000142,0.5950000286102295,323,2,Dry,2021,2021-02,"{""type"":""MultiPoint"",""coordinates"":[]}"
VHI_M_2021-02_00000000000000000143,0.5199999809265136,324,2,Dry,2021,2021-02,"{""type"":""MultiPoint"",""coordinates"":[]}"
VHI_M_2021-02_00000000000000000144,0.5972837862747861,325,2,Dry,2021,2021-02,"{""type"":""MultiPoint"",""coordinates"":[]}"
VHI_M_2021-02_00000000000000000145,0.5899999737739566,326,2,Dry,2021,2021-02,"{""type"":""MultiPoint"",""coordinates"":[]}"
VHI_M_2021-02_000000000000000001af,0.25999999046325684,432,2,Dry,2021,2021-02,"{""type"":""MultiPoint"",""coordinates"":[]}"
VHI_M_2021-02_0000000000000000004b,0.6449999809265137,76,2,Dry,2021,2021-02,"{""type"":""MultiPoint"",""coordinates"":[]}"
VHI_M_2021-02_0000000000000000004c,0.6200000047683716,77,2,Dry,2021,2021-02,"{""type"":""MultiPoint"",""coordinates"":[]}"
VHI_M_2021-02_0000000000000000004d,0.5699999928474426,78,2,Dry,2021,2021-02,"{""type"":""MultiPoint"",""coordinates"":[]}"
VHI_M_2021-02_0000000000000000004e,0.5199999809265137,79,2,Dry,2021,2021-02,"{""type"":""MultiPoint"",""coordinates"":[]}"
VHI_M_2021-02_0000000000000000004f,0.5149999856948853,80,2,Dry,2021,2021-02,"{""type"":""MultiPoint"",""coordinates"":[]}"
VHI_M_2021-02_00000000000000000050,0.6949999928474426,81,2,Dry,2021,2021-02,"{""type"":""MultiPoint"",""coordinates"":[]}"
VHI_M_2021-02_00000000000000000051,0.5550000071525574,82,2,Dry,2021,2021-02,"{""type"":""MultiPoint"",""coordinates"":[]}"
VHI_M_2021-02_00000000000000000052,0.4099999964237213,83,2,Dry,2021,2021-02,"{""type"":""MultiPoint"",""coordinates"":[]}"
VHI_M_2021-02_000000000000000000aa,0.49000000953674316,171,2,Dry,2021,2021-02,"{""type"":""MultiPoint"",""coordinates"":[]}"
VHI_M_2021-02_000000000000000000ab,0.5299999713897704,172,2,Dry,2021,2021-02,"{""type"":""MultiPoint"",""coordinates"":[]}"
VHI_M_2021-02_000000000000000000ac,0.49000000953674316,173,2,Dry,2021,2021-02,"{""type"":""MultiPoint"",""coordinates"":[]}"
VHI_M_2021-02_000000000000000000ad,0.5,174,2,Dry,2021,2021-02,"{""type"":""MultiPoint"",""coordinates"":[]}"
VHI_M_2021-02_000000000000000000ae,0.3100000023841858,175,2,Dry,2021,2021-02,"{""type"":""MultiPoint"",""coordinates"":[]}"
VHI_M_2021-02_000000000000000000af,0.36500000953674316,176,2,Dry,2021,2021-02,"{""type"":""MultiPoint"",""coordinates"":[]}"
VHI_M_2021-02_000000000000000000b0,0.49000000953674316,177,2,Dry,2021,2021-02,"{""type"":""MultiPoint"",""coordinates"":[]}"
VHI_M_2021-02_000000000000000001c7,0.44999998807907104,456,2,Dry,2021,2021-02,"{""type"":""MultiPoint"",""coordinates"":[]}"
VHI_M_2021-02_000000000000000001c8,0.5950000286102296,457,2,Dry,2021,2021-02,"{""type"":""MultiPoint"",""coordinates"":[]}"
VHI_M_2021-02_000000000000000001c9,0.5450000166893005,458,2,Dry,2021,2021-02,"{""type"":""MultiPoint"",""coordinates"":[]}"
VHI_M_2021-02_000000000000000001ca,0.6650000214576721,459,2,Dry,2021,2021-02,"{""type"":""MultiPoint"",""coordinates"":[]}"
VHI_M_2021-02_0000000000000000020a,0.6100000143051147,523,2,Dry,2021,2021-02,"{""type"":""MultiPoint"",""coordinates"":[]}"
VHI_M_2021-02_0000000000000000020b,0.4850000143051147,524,2,Dry,2021,2021-02,"{""type"":""MultiPoint"",""coordinates"":[]}"
VHI_M_2021-02_0000000000000000020c,0.509999990463257,525,2,Dry,2021,2021-02,"{""type"":""MultiPoint"",""coordinates"":[]}"
VHI_M_2021-02_000000000000000001ab,0.5350000262260437,428,2,Dry,2021,2021-02,"{""type"":""MultiPoint"",""coordinates"":[]}"
VHI_M_2021-02_000000000000000001ac,0.5249999761581423,429,2,Dry,2021,2021-02,"{""type"":""MultiPoint"",""coordinates"":[]}"
VHI_M_2021-02_000000000000000001ad,0.5550000071525573,430,2,Dry,2021,2021-02,"{""type"":""MultiPoint"",""coordinates"":[]}"
VHI_M_2021-02_000000000000000001ae,0.5099999904632571,431,2,Dry,2021,2021-02,"{""type"":""MultiPoint"",""coordinates"":[]}"
VHI_M_2021-02_000000000000000001c3,0.5,452,2,Dry,2021,2021-02,"{""type"":""MultiPoint"",""coordinates"":[]}"
VHI_M_2021-02_00000000000000000037,0.4900000095367432,56,2,Dry,2021,2021-02,"{""type"":""MultiPoint"",""coordinates"":[]}"
VHI_M_2021-02_00000000000000000038,0.574999988079071,57,2,Dry,2021,2021-02,"{""type"":""MultiPoint"",""coordinates"":[]}"
VHI_M_2021-02_00000000000000000039,0.5400000214576721,58,2,Dry,2021,2021-02,"{""type"":""MultiPoint"",""coordinates"":[]}"
VHI_M_2021-02_0000000000000000003a,0.479999989271164,59,2,Dry,2021,2021-02,"{""type"":""MultiPoint"",""coordinates"":[]}"
VHI_M_2021-02_0000000000000000003b,0.4399999976158142,60,2,Dry,2021,2021-02,"{""type"":""MultiPoint"",""coordinates"":[]}"
VHI_M_2021-02_0000000000000000003c,0.5249999761581421,61,2,Dry,2021,2021-02,"{""type"":""MultiPoint"",""coordinates"":[]}"
VHI_M_2021-02_0000000000000000003d,0.615000009536743,62,2,Dry,2021,2021-02,"{""type"":""MultiPoint"",""coordinates"":[]}"
VHI_M_2021-02_0000000000000000003e,0.5049999952316284,63,2,Dry,2021,2021-02,"{""type"":""MultiPoint"",""coordinates"":[]}"
VHI_M_2021-02_0000000000000000003f,0.5799999833106995,64,2,Dry,2021,2021-02,"{""type"":""MultiPoint"",""coordinates"":[]}"
VHI_M_2021-02_00000000000000000044,0.5199999809265137,69,2,Dry,2021,2021-02,"{""type"":""MultiPoint"",""coordinates"":[]}"
VHI_M_2021-02_00000000000000000076,0.46999999880790716,119,2,Dry,2021,2021-02,"{""type"":""MultiPoint"",""coordinates"":[]}"
VHI_M_2021-02_00000000000000000077,0.6000000238418579,120,2,Dry,2021,2021-02,"{""type"":""MultiPoint"",""coordinates"":[]}"
VHI_M_2021-02_00000000000000000078,0.5249999761581422,121,2,Dry,2021,2021-02,"{""type"":""MultiPoint"",""coordinates"":[]}"
VHI_M_2021-02_00000000000000000079,0.42500001192092896,122,2,Dry,2021,2021-02,"{""type"":""MultiPoint"",""coordinates"":[]}"
VHI_M_2021-02_0000000000000000008b,0.3449999988079071,140,2,Dry,2021,2021-02,"{""type"":""MultiPoint"",""coordinates"":[]}"
VHI_M_2021-02_0000000000000000008c,0.6899999976158143,141,2,Dry,2021,2021-02,"{""type"":""MultiPoint"",""coordinates"":[]}"
VHI_M_2021-02_0000000000000000008d,0.7200000286102295,142,2,Dry,2021,2021-02,"{""type"":""MultiPoint"",""coordinates"":[]}"
VHI_M_2021-02_0000000000000000008e,0.7300000190734862,143,2,Dry,2021,2021-02,"{""type"":""MultiPoint"",""coordinates"":[]}"
VHI_M_2021-02_0000000000000000008f,0.7749999761581421,144,2,Dry,2021,2021-02,"{""type"":""MultiPoint"",""coordinates"":[]}"
VHI_M_2021-02_00000000000000000090,0.7099999785423279,145,2,Dry,2021,2021-02,"{""type"":""MultiPoint"",""coordinates"":[]}"
VHI_M_2021-02_00000000000000000091,0.7200000286102295,146,2,Dry,2021,2021-02,"{""type"":""MultiPoint"",""coordinates"":[]}"
VHI_M_2021-02_000000000000000000b5,0.7049999833106995,182,2,Dry,2021,2021-02,"{""type"":""MultiPoint"",""coordinates"":[]}"
VHI_M_2021-02_000000000000000000cc,0.6700000166893006,205,2,Dry,2021,2021-02,"{""type"":""MultiPoint"",""coordinates"":[]}"
VHI_M_2021-02_000000000000000000cd,0.665000021457672,206,2,Dry,2021,2021-02,"{""type"":""MultiPoint"",""coordinates"":[]}"
VHI_M_2021-02_000000000000000001dd,0.699999988079071,478,2,Dry,2021,2021-02,"{""type"":""MultiPoint"",""coordinates"":[]}"
VHI_M_2021-02_000000000000000001de,0.740000009536743,479,2,Dry,2021,2021-02,"{""type"":""MultiPoint"",""coordinates"":[]}"
VHI_M_2021-02_000000000000000001df,0.6800000071525574,480,2,Dry,2021,2021-02,"{""type"":""MultiPoint"",""coordinates"":[]}"
VHI_M_2021-02_000000000000000001e0,0.790000021457672,481,2,Dry,2021,2021-02,"{""type"":""MultiPoint"",""coordinates"":[]}"
VHI_M_2021-02_000000000000000001e1,0.8100000023841858,482,2,Dry,2021,2021-02,"{""type"":""MultiPoint"",""coordinates"":[]}"
VHI_M_2021-02_0000000000000000007a,0.6549999713897705,123,2,Dry,2021,2021-02,"{""type"":""MultiPoint"",""coordinates"":[]}"
VHI_M_2021-02_0000000000000000007b,0.6399999856948851,124,2,Dry,2021,2021-02,"{""type"":""MultiPoint"",""coordinates"":[]}"
VHI_M_2021-02_0000000000000000007c,0.6700000166893009,125,2,Dry,2021,2021-02,"{""type"":""MultiPoint"",""coordinates"":[]}"
VHI_M_2021-02_0000000000000000007d,0.675000011920929,126,2,Dry,2021,2021-02,"{""type"":""MultiPoint"",""coordinates"":[]}"
VHI_M_2021-02_0000000000000000007e,0.6650000214576721,127,2,Dry,2021,2021-02,"{""type"":""MultiPoint"",""coordinates"":[]}"
VHI_M_2021-02_0000000000000000007f,0.7149999737739563,128,2,Dry,2021,2021-02,"{""type"":""MultiPoint"",""coordinates"":[]}"
VHI_M_2021-02_00000000000000000080,0.6800000071525573,129,2,Dry,2021,2021-02,"{""type"":""MultiPoint"",""coordinates"":[]}"
VHI_M_2021-02_00000000000000000088,0.6600000262260437,137,2,Dry,2021,2021-02,"{""type"":""MultiPoint"",""coordinates"":[]}"
VHI_M_2021-02_00000000000000000089,0.7099999785423279,138,2,Dry,2021,2021-02,"{""type"":""MultiPoint"",""coordinates"":[]}"
VHI_M_2021-02_0000000000000000008a,0.675000011920929,139,2,Dry,2021,2021-02,"{""type"":""MultiPoint"",""coordinates"":[]}"
VHI_M_2021-02_00000000000000000099,0.6899999976158142,154,2,Dry,2021,2021-02,"{""type"":""MultiPoint"",""coordinates"":[]}"
VHI_M_2021-02_0000000000000000009a,0.6499999761581419,155,2,Dry,2021,2021-02,"{""type"":""MultiPoint"",""coordinates"":[]}"
VHI_M_2021-02_00000000000000000112,0.7250000238418579,275,2,Dry,2021,2021-02,"{""type"":""MultiPoint"",""coordinates"":[]}"
VHI_M_2021-02_000000000000000001d8,0.6299999952316284,473,2,Dry,2021,2021-02,"{""type"":""MultiPoint"",""coordinates"":[]}"
VHI_M_2021-02_00000000000000000001,0.5400000214576721,2,2,Dry,2021,2021-02,"{""type"":""MultiPoint"",""coordinates"":[]}"
VHI_M_2021-02_00000000000000000030,0.4099999964237213,49,2,Dry,2021,2021-02,"{""type"":""MultiPoint"",""coordinates"":[]}"
VHI_M_2021-02_00000000000000000031,0.3950000107288361,50,2,Dry,2021,2021-02,"{""type"":""MultiPoint"",""coordinates"":[]}"
VHI_M_2021-02_00000000000000000032,0.4749999940395355,51,2,Dry,2021,2021-02,"{""type"":""MultiPoint"",""coordinates"":[]}"
VHI_M_2021-02_000000000000000000d7,0.4399999976158142,216,2,Dry,2021,2021-02,"{""type"":""MultiPoint"",""coordinates"":[]}"
VHI_M_2021-02_000000000000000000d8,0.4050000011920929,217,2,Dry,2021,2021-02,"{""type"":""MultiPoint"",""coordinates"":[]}"
VHI_M_2021-02_000000000000000000d9,0.4300000071525573,218,2,Dry,2021,2021-02,"{""type"":""MultiPoint"",""coordinates"":[]}"
VHI_M_2021-02_000000000000000000da,0.40500000119209295,219,2,Dry,2021,2021-02,"{""type"":""MultiPoint"",""coordinates"":[]}"
VHI_M_2021-02_00000000000000000132,0.4300000071525573,307,2,Dry,2021,2021-02,"{""type"":""MultiPoint"",""coordinates"":[]}"
VHI_M_2021-02_00000000000000000133,0.6000000238418579,308,2,Dry,2021,2021-02,"{""type"":""MultiPoint"",""coordinates"":[]}"
VHI_M_2021-02_00000000000000000134,0.4300000071525573,309,2,Dry,2021,2021-02,"{""type"":""MultiPoint"",""coordinates"":[]}"
VHI_M_2021-02_00000000000000000135,0.5,310,2,Dry,2021,2021-02,"{""type"":""MultiPoint"",""coordinates"":[]}"
VHI_M_2021-02_0000000000000000001f,0.4000000059604644,32,2,Dry,2021,2021-02,"{""type"":""MultiPoint"",""coordinates"":[]}"
VHI_M_2021-02_00000000000000000020,0.44999998807907104,33,2,Dry,2021,2021-02,"{""type"":""MultiPoint"",""coordinates"":[]}"
VHI_M_2021-02_00000000000000000021,0.39500001072883606,34,2,Dry,2021,2021-02,"{""type"":""MultiPoint"",""coordinates"":[]}"
VHI_M_2021-02_00000000000000000045,0.3849999904632569,70,2,Dry,2021,2021-02,"{""type"":""MultiPoint"",""coordinates"":[]}"
VHI_M_2021-02_00000000000000000046,0.38499999046325684,71,2,Dry,2021,2021-02,"{""type"":""MultiPoint"",""coordinates"":[]}"
VHI_M_2021-02_00000000000000000047,0.3700000047683716,72,2,Dry,2021,2021-02,"{""type"":""MultiPoint"",""coordinates"":[]}"
VHI_M_2021-02_00000000000000000048,0.375,73,2,Dry,2021,2021-02,"{""type"":""MultiPoint"",""coordinates"":[]}"
VHI_M_2021-02_00000000000000000072,0.40500000119209284,115,2,Dry,2021,2021-02,"{""type"":""MultiPoint"",""coordinates"":[]}"
VHI_M_2021-02_00000000000000000073,0.46500000357627885,116,2,Dry,2021,2021-02,"{""type"":""MultiPoint"",""coordinates"":[]}"
VHI_M_2021-02_00000000000000000074,0.4449999928474425,117,2,Dry,2021,2021-02,"{""type"":""MultiPoint"",""coordinates"":[]}"
VHI_M_2021-02_00000000000000000075,0.42500001192092896,118,2,Dry,2021,2021-02,"{""type"":""MultiPoint"",""coordinates"":[]}"
VHI_M_2021-02_000000000000000000b4,0.44999998807907104,181,2,Dry,2021,2021-02,"{""type"":""MultiPoint"",""coordinates"":[]}"
VHI_M_2021-02_000000000000000000e8,0.44999998807907104,233,2,Dry,2021,2021-02,"{""type"":""MultiPoint"",""coordinates"":[]}"
VHI_M_2021-02_000000000000000000e9,0.405000001192093,234,2,Dry,2021,2021-02,"{""type"":""MultiPoint"",""coordinates"":[]}"
VHI_M_2021-02_000000000000000000ea,0.3899999856948852,235,2,Dry,2021,2021-02,"{""type"":""MultiPoint"",""coordinates"":[]}"
VHI_M_2021-02_00000000000000000022,0.5249999761581421,35,2,Dry,2021,2021-02,"{""type"":""MultiPoint"",""coordinates"":[]}"
VHI_M_2021-02_00000000000000000023,0.4900000095367431,36,2,Dry,2021,2021-02,"{""type"":""MultiPoint"",""coordinates"":[]}"
VHI_M_2021-02_00000000000000000024,0.5049999952316283,37,2,Dry,2021,2021-02,"{""type"":""MultiPoint"",""coordinates"":[]}"
VHI_M_2021-02_00000000000000000025,0.449999988079071,38,2,Dry,2021,2021-02,"{""type"":""MultiPoint"",""coordinates"":[]}"
VHI_M_2021-02_000000000000000000f0,0.5,241,2,Dry,2021,2021-02,"{""type"":""MultiPoint"",""coordinates"":[]}"
VHI_M_2021-02_000000000000000000f4,0.4099999964237212,245,2,Dry,2021,2021-02,"{""type"":""MultiPoint"",""coordinates"":[]}"
VHI_M_2021-02_000000000000000000f5,0.43500000238418574,246,2,Dry,2021,2021-02,"{""type"":""MultiPoint"",""coordinates"":[]}"
VHI_M_2021-02_000000000000000000f6,0.47499999403953536,247,2,Dry,2021,2021-02,"{""type"":""MultiPoint"",""coordinates"":[]}"
VHI_M_2021-02_000000000000000000f7,0.46999999880790705,248,2,Dry,2021,2021-02,"{""type"":""MultiPoint"",""coordinates"":[]}"
VHI_M_2021-02_000000000000000000f8,0.43999999761581426,249,2,Dry,2021,2021-02,"{""type"":""MultiPoint"",""coordinates"":[]}"
VHI_M_2021-02_00000000000000000000,0.46500000357627874,1,2,Dry,2021,2021-02,"{""type"":""MultiPoint"",""coordinates"":[]}"
VHI_M_2021-02_000000000000000000f2,0.4399999976158141,243,2,Dry,2021,2021-02,"{""type"":""MultiPoint"",""coordinates"":[]}"
VHI_M_2021-02_000000000000000000f3,0.39500001072883606,244,2,Dry,2021,2021-02,"{""type"":""MultiPoint"",""coordinates"":[]}"
VHI_M_2021-02_00000000000000000106,0.49000000953674305,263,2,Dry,2021,2021-02,"{""type"":""MultiPoint"",""coordinates"":[]}"
VHI_M_2021-02_00000000000000000107,0.41499999165534973,264,2,Dry,2021,2021-02,"{""type"":""MultiPoint"",""coordinates"":[]}"
VHI_M_2021-02_00000000000000000108,0.4749999940395355,265,2,Dry,2021,2021-02,"{""type"":""MultiPoint"",""coordinates"":[]}"
VHI_M_2021-02_0000000000000000012c,0.4600000083446503,301,2,Dry,2021,2021-02,"{""type"":""MultiPoint"",""coordinates"":[]}"
VHI_M_2021-02_0000000000000000012d,0.46500000357627874,302,2,Dry,2021,2021-02,"{""type"":""MultiPoint"",""coordinates"":[]}"
VHI_M_2021-02_0000000000000000012e,0.4749999940395356,303,2,Dry,2021,2021-02,"{""type"":""MultiPoint"",""coordinates"":[]}"
VHI_M_2021-02_000000000000000000a5,0.46000000834465027,166,2,Dry,2021,2021-02,"{""type"":""MultiPoint"",""coordinates"":[]}"
VHI_M_2021-02_000000000000000000a6,0.4149999916553498,167,2,Dry,2021,2021-02,"{""type"":""MultiPoint"",""coordinates"":[]}"
VHI_M_2021-02_000000000000000000c1,0.5199999809265137,194,2,Dry,2021,2021-02,"{""type"":""MultiPoint"",""coordinates"":[]}"
VHI_M_2021-02_00000000000000000120,0.6200000047683716,289,2,Dry,2021,2021-02,"{""type"":""MultiPoint"",""coordinates"":[]}"
VHI_M_2021-02_000000000000000001d9,0.5099999904632568,474,2,Dry,2021,2021-02,"{""type"":""MultiPoint"",""coordinates"":[]}"
VHI_M_2021-02_000000000000000001da,0.49000000953674316,475,2,Dry,2021,2021-02,"{""type"":""MultiPoint"",""coordinates"":[]}"
VHI_M_2021-02_000000000000000001db,0.4399999976158142,476,2,Dry,2021,2021-02,"{""type"":""MultiPoint"",""coordinates"":[]}"
VHI_M_2021-02_000000000000000001dc,0.4050000011920929,477,2,Dry,2021,2021-02,"{""type"":""MultiPoint"",""coordinates"":[]}"
VHI_M_2021-02_000000000000000001e2,0.5400000214576721,483,2,Dry,2021,2021-02,"{""type"":""MultiPoint"",""coordinates"":[]}"
VHI_M_2021-02_000000000000000001e3,0.5400000214576722,484,2,Dry,2021,2021-02,"{""type"":""MultiPoint"",""coordinates"":[]}"
VHI_M_2021-02_000000000000000001e4,0.5550000071525574,485,2,Dry,2021,2021-02,"{""type"":""MultiPoint"",""coordinates"":[]}"
VHI_M_2021-02_000000000000000001e5,0.5249999761581421,486,2,Dry,2021,2021-02,"{""type"":""MultiPoint"",""coordinates"":[]}"
VHI_M_2021-02_000000000000000001e6,0.5699999928474426,487,2,Dry,2021,2021-02,"{""type"":""MultiPoint"",""coordinates"":[]}"
VHI_M_2021-02_000000000000000001e7,0.5350000262260437,488,2,Dry,2021,2021-02,"{""type"":""MultiPoint"",""coordinates"":[]}"
VHI_M_2021-02_000000000000000001e8,0.5849999785423279,489,2,Dry,2021,2021-02,"{""type"":""MultiPoint"",""coordinates"":[]}"
VHI_M_2021-02_000000000000000001e9,0.5450000166893005,490,2,Dry,2021,2021-02,"{""type"":""MultiPoint"",""coordinates"":[]}"
VHI_M_2021-02_000000000000000000e2,0.46999999880790716,227,2,Dry,2021,2021-02,"{""type"":""MultiPoint"",""coordinates"":[]}"
VHI_M_2021-02_000000000000000000e3,0.5299999713897705,228,2,Dry,2021,2021-02,"{""type"":""MultiPoint"",""coordinates"":[]}"
VHI_M_2021-02_000000000000000000e4,0.6549999713897705,229,2,Dry,2021,2021-02,"{""type"":""MultiPoint"",""coordinates"":[]}"
VHI_M_2021-02_000000000000000000e5,0.6499999761581421,230,2,Dry,2021,2021-02,"{""type"":""MultiPoint"",""coordinates"":[]}"
VHI_M_2021-02_000000000000000000e6,0.42500001192092896,231,2,Dry,2021,2021-02,"{""type"":""MultiPoint"",""coordinates"":[]}"
VHI_M_2021-02_000000000000000000e7,0.49000000953674316,232,2,Dry,2021,2021-02,"{""type"":""MultiPoint"",""coordinates"":[]}"
VHI_M_2021-02_0000000000000000017f,0.47999998927116394,384,2,Dry,2021,2021-02,"{""type"":""MultiPoint"",""coordinates"":[]}"
VHI_M_2021-02_00000000000000000180,0.45500001311302185,385,2,Dry,2021,2021-02,"{""type"":""MultiPoint"",""coordinates"":[]}"
VHI_M_2021-02_00000000000000000203,0.4000000059604645,516,2,Dry,2021,2021-02,"{""type"":""MultiPoint"",""coordinates"":[]}"
VHI_M_2021-02_00000000000000000204,0.4000000059604645,517,2,Dry,2021,2021-02,"{""type"":""MultiPoint"",""coordinates"":[]}"
VHI_M_2021-02_00000000000000000205,0.44499999284744257,518,2,Dry,2021,2021-02,"{""type"":""MultiPoint"",""coordinates"":[]}"
VHI_M_2021-02_00000000000000000206,0.43500000238418585,519,2,Dry,2021,2021-02,"{""type"":""MultiPoint"",""coordinates"":[]}"
VHI_M_2021-02_00000000000000000207,0.5099999904632568,520,2,Dry,2021,2021-02,"{""type"":""MultiPoint"",""coordinates"":[]}"
VHI_M_2021-02_00000000000000000208,0.47999998927116394,521,2,Dry,2021,2021-02,"{""type"":""MultiPoint"",""coordinates"":[]}"
VHI_M_2021-02_00000000000000000209,0.5550000071525574,522,2,Dry,2021,2021-02,"{""type"":""MultiPoint"",""coordinates"":[]}"
VHI_M_2021-02_0000000000000000000e,0.550000011920929,15,2,Dry,2021,2021-02,"{""type"":""MultiPoint"",""coordinates"":[]}"
VHI_M_2021-02_00000000000000000124,0.6399999856948853,293,2,Dry,2021,2021-02,"{""type"":""MultiPoint"",""coordinates"":[]}"
VHI_M_2021-02_00000000000000000125,0.6150000095367432,294,2,Dry,2021,2021-02,"{""type"":""MultiPoint"",""coordinates"":[]}"
VHI_M_2021-02_00000000000000000126,0.5,295,2,Dry,2021,2021-02,"{""type"":""MultiPoint"",""coordinates"":[]}"
VHI_M_2021-02_00000000000000000127,0.5699999928474426,296,2,Dry,2021,2021-02,"{""type"":""MultiPoint"",""coordinates"":[]}"
VHI_M_2021-02_00000000000000000128,0.4699999988079071,297,2,Dry,2021,2021-02,"{""type"":""MultiPoint"",""coordinates"":[]}"
VHI_M_2021-02_00000000000000000129,0.5,298,2,Dry,2021,2021-02,"{""type"":""MultiPoint"",""coordinates"":[]}"
VHI_M_2021-02_0000000000000000012a,0.46500000357627863,299,2,Dry,2021,2021-02,"{""type"":""MultiPoint"",""coordinates"":[]}"
VHI_M_2021-02_0000000000000000012b,0.49000000953674316,300,2,Dry,2021,2021-02,"{""type"":""MultiPoint"",""coordinates"":[]}"
VHI_M_2021-02_00000000000000000174,0.5049999952316284,373,2,Dry,2021,2021-02,"{""type"":""MultiPoint"",""coordinates"":[]}"
VHI_M_2021-02_00000000000000000175,0.4799999892711639,374,2,Dry,2021,2021-02,"{""type"":""MultiPoint"",""coordinates"":[]}"
VHI_M_2021-02_00000000000000000176,0.4699999988079071,375,2,Dry,2021,2021-02,"{""type"":""MultiPoint"",""coordinates"":[]}"
VHI_M_2021-02_00000000000000000177,0.4900000095367432,376,2,Dry,2021,2021-02,"{""type"":""MultiPoint"",""coordinates"":[]}"
VHI_M_2021-02_00000000000000000195,0.5099999904632568,406,2,Dry,2021,2021-02,"{""type"":""MultiPoint"",""coordinates"":[]}"
VHI_M_2021-02_00000000000000000196,0.5400000214576721,407,2,Dry,2021,2021-02,"{""type"":""MultiPoint"",""coordinates"":[]}"
VHI_M_2021-02_00000000000000000197,0.6399999856948853,408,2,Dry,2021,2021-02,"{""type"":""MultiPoint"",""coordinates"":[]}"
VHI_M_2021-02_00000000000000000198,0.5099999904632568,409,2,Dry,2021,2021-02,"{""type"":""MultiPoint"",""coordinates"":[]}"
VHI_M_2021-02_00000000000000000199,0.5099999904632568,410,2,Dry,2021,2021-02,"{""type"":""MultiPoint"",""coordinates"":[]}"
VHI_M_2021-02_00000000000000000035,0.6549999713897705,54,2,Dry,2021,2021-02,"{""type"":""MultiPoint"",""coordinates"":[]}"
VHI_M_2021-02_000000000000000000ce,0.5299999713897705,207,2,Dry,2021,2021-02,"{""type"":""MultiPoint"",""coordinates"":[]}"
VHI_M_2021-02_000000000000000000cf,0.5199999809265137,208,2,Dry,2021,2021-02,"{""type"":""MultiPoint"",""coordinates"":[]}"
VHI_M_2021-02_000000000000000000d0,0.550000011920929,209,2,Dry,2021,2021-02,"{""type"":""MultiPoint"",""coordinates"":[]}"
VHI_M_2021-02_000000000000000000d1,0.5649999976158142,210,2,Dry,2021,2021-02,"{""type"":""MultiPoint"",""coordinates"":[]}"
VHI_M_2021-02_000000000000000001ea,0.5350000262260437,491,2,Dry,2021,2021-02,"{""type"":""MultiPoint"",""coordinates"":[]}"
VHI_M_2021-02_000000000000000001eb,0.5799999833106995,492,2,Dry,2021,2021-02,"{""type"":""MultiPoint"",""coordinates"":[]}"
VHI_M_2021-02_000000000000000001ec,0.574999988079071,493,2,Dry,2021,2021-02,"{""type"":""MultiPoint"",""coordinates"":[]}"
VHI_M_2021-02_000000000000000001ed,0.584999978542328,494,2,Dry,2021,2021-02,"{""type"":""MultiPoint"",""coordinates"":[]}"
VHI_M_2021-02_000000000000000001f4,0.5649999976158143,501,2,Dry,2021,2021-02,"{""type"":""MultiPoint"",""coordinates"":[]}"
VHI_M_2021-02_000000000000000001f5,0.5299999713897705,502,2,Dry,2021,2021-02,"{""type"":""MultiPoint"",""coordinates"":[]}"
VHI_M_2021-02_000000000000000001f6,0.5849999785423279,503,2,Dry,2021,2021-02,"{""type"":""MultiPoint"",""coordinates"":[]}"
VHI_M_2021-02_000000000000000001f7,0.5049999952316284,504,2,Dry,2021,2021-02,"{""type"":""MultiPoint"",""coordinates"":[]}"
VHI_M_2021-02_000000000000000001f8,0.5199999809265137,505,2,Dry,2021,2021-02,"{""type"":""MultiPoint"",""coordinates"":[]}"
VHI_M_2021-02_000000000000000001f9,0.5299999713897705,506,2,Dry,2021,2021-02,"{""type"":""MultiPoint"",""coordinates"":[]}"
VHI_M_2021-02_000000000000000001fa,0.625,507,2,Dry,2021,2021-02,"{""type"":""MultiPoint"",""coordinates"":[]}"
VHI_M_2021-02_000000000000000001fb,0.6100000143051147,508,2,Dry,2021,2021-02,"{""type"":""MultiPoint"",""coordinates"":[]}"
VHI_M_2021-02_000000000000000001fc,0.6250000000000001,509,2,Dry,2021,2021-02,"{""type"":""MultiPoint"",""coordinates"":[]}"
VHI_M_2021-02_000000000000000001fd,0.6349999904632568,510,2,Dry,2021,2021-02,"{""type"":""MultiPoint"",""coordinates"":[]}"
VHI_M_2021-02_00000000000000000049,0.5350000262260437,74,2,Dry,2021,2021-02,"{""type"":""MultiPoint"",""coordinates"":[]}"
VHI_M_2021-02_0000000000000000004a,0.5149999856948851,75,2,Dry,2021,2021-02,"{""type"":""MultiPoint"",""coordinates"":[]}"
VHI_M_2021-02_000000000000000000fd,0.5299999713897705,254,2,Dry,2021,2021-02,"{""type"":""MultiPoint"",""coordinates"":[]}"
VHI_M_2021-02_000000000000000000fe,0.5799999833106995,255,2,Dry,2021,2021-02,"{""type"":""MultiPoint"",""coordinates"":[]}"
VHI_M_2021-02_00000000000000000191,0.5149999856948853,402,2,Dry,2021,2021-02,"{""type"":""MultiPoint"",""coordinates"":[]}"
VHI_M_2021-02_0000000000000000016e,0.6700000166893005,367,2,Dry,2021,2021-02,"{""type"":""MultiPoint"",""coordinates"":[]}"
VHI_M_2021-02_0000000000000000016f,0.6499999761581421,368,2,Dry,2021,2021-02,"{""type"":""MultiPoint"",""coordinates"":[]}"
VHI_M_2021-02_00000000000000000170,0.6050000190734863,369,2,Dry,2021,2021-02,"{""type"":""MultiPoint"",""coordinates"":[]}"
VHI_M_2021-02_00000000000000000181,0.5400000214576721,386,2,Dry,2021,2021-02,"{""type"":""MultiPoint"",""coordinates"":[]}"
VHI_M_2021-02_00000000000000000182,0.6299999952316284,387,2,Dry,2021,2021-02,"{""type"":""MultiPoint"",""coordinates"":[]}"
VHI_M_2021-02_00000000000000000228,0.5950000286102295,553,2,Dry,2021,2021-02,"{""type"":""MultiPoint"",""coordinates"":[]}"
VHI_M_2021-03_00000000000000000017,0.4050000011920929,24,3,Dry,2021,2021-03,"{""type"":""MultiPoint"",""coordinates"":[]}"
VHI_M_2021-03_00000000000000000018,0.38499999046325684,25,3,Dry,2021,2021-03,"{""type"":""MultiPoint"",""coordinates"":[]}"
VHI_M_2021-03_00000000000000000019,0.4350000023841858,26,3,Dry,2021,2021-03,"{""type"":""MultiPoint"",""coordinates"":[]}"
VHI_M_2021-03_0000000000000000001a,0.4399999976158142,27,3,Dry,2021,2021-03,"{""type"":""MultiPoint"",""coordinates"":[]}"
VHI_M_2021-03_0000000000000000005b,0.6349999904632568,92,3,Dry,2021,2021-03,"{""type"":""MultiPoint"",""coordinates"":[]}"
VHI_M_2021-03_0000000000000000005c,0.32499998807907104,93,3,Dry,2021,2021-03,"{""type"":""MultiPoint"",""coordinates"":[]}"
VHI_M_2021-03_0000000000000000005d,,94,3,Dry,2021,2021-03,"{""type"":""MultiPoint"",""coordinates"":[]}"
VHI_M_2021-03_0000000000000000005e,0.4050000011920929,95,3,Dry,2021,2021-03,"{""type"":""MultiPoint"",""coordinates"":[]}"
VHI_M_2021-03_0000000000000000005f,0.6650000214576721,96,3,Dry,2021,2021-03,"{""type"":""MultiPoint"",""coordinates"":[]}"
VHI_M_2021-03_000000000000000000b6,0.6100000143051147,183,3,Dry,2021,2021-03,"{""type"":""MultiPoint"",""coordinates"":[]}"
VHI_M_2021-03_000000000000000000b7,0.6150000095367432,184,3,Dry,2021,2021-03,"{""type"":""MultiPoint"",""coordinates"":[]}"
VHI_M_2021-03_000000000000000000b8,0.4350000023841858,185,3,Dry,2021,2021-03,"{""type"":""MultiPoint"",""coordinates"":[]}"
VHI_M_2021-03_000000000000000000b9,0.5550000071525574,186,3,Dry,2021,2021-03,"{""type"":""MultiPoint"",""coordinates"":[]}"
VHI_M_2021-03_000000000000000000ba,0.6650000214576721,187,3,Dry,2021,2021-03,"{""type"":""MultiPoint"",""coordinates"":[]}"
VHI_M_2021-03_000000000000000000bb,0.4050000011920929,188,3,Dry,2021,2021-03,"{""type"":""MultiPoint"",""coordinates"":[]}"
VHI_M_2021-03_000000000000000001a0,0.6449999809265137,417,3,Dry,2021,2021-03,"{""type"":""MultiPoint"",""coordinates"":[]}"
VHI_M_2021-03_000000000000000001a1,0.5450000166893005,418,3,Dry,2021,2021-03,"{""type"":""MultiPoint"",""coordinates"":[]}"
VHI_M_2021-03_000000000000000001a2,0.5049999952316284,419,3,Dry,2021,2021-03,"{""type"":""MultiPoint"",""coordinates"":[]}"
VHI_M_2021-03_000000000000000001a3,0.5450000166893005,420,3,Dry,2021,2021-03,"{""type"":""MultiPoint"",""coordinates"":[]}"
VHI_M_2021-03_000000000000000001cb,0.30000001192092896,460,3,Dry,2021,2021-03,"{""type"":""MultiPoint"",""coordinates"":[]}"
VHI_M_2021-03_000000000000000001cc,0.4350000023841858,461,3,Dry,2021,2021-03,"{""type"":""MultiPoint"",""coordinates"":[]}"
VHI_M_2021-03_0000000000000000021b,0.41999998688697815,540,3,Dry,2021,2021-03,"{""type"":""MultiPoint"",""coordinates"":[]}"
VHI_M_2021-03_0000000000000000021c,0.46000000834465027,541,3,Dry,2021,2021-03,"{""type"":""MultiPoint"",""coordinates"":[]}"
VHI_M_2021-03_0000000000000000021d,0.4350000023841858,542,3,Dry,2021,2021-03,"{""type"":""MultiPoint"",""coordinates"":[]}"
VHI_M_2021-03_000000000000000000bf,0.4650000035762787,192,3,Dry,2021,2021-03,"{""type"":""MultiPoint"",""coordinates"":[]}"
VHI_M_2021-03_000000000000000000c0,0.5899999737739563,193,3,Dry,2021,2021-03,"{""type"":""MultiPoint"",""coordinates"":[]}"
VHI_M_2021-03_0000000000000000010a,0.4699999988079071,267,3,Dry,2021,2021-03,"{""type"":""MultiPoint"",""coordinates"":[]}"
VHI_M_2021-03_0000000000000000010b,0.5550000071525574,268,3,Dry,2021,2021-03,"{""type"":""MultiPoint"",""coordinates"":[]}"
VHI_M_2021-03_00000000000000000226,0.42500001192092896,551,3,Dry,2021,2021-03,"{""type"":""MultiPoint"",""coordinates"":[]}"
VHI_M_2021-03_00000000000000000227,0.5649999976158142,552,3,Dry,2021,2021-03,"{""type"":""MultiPoint"",""coordinates"":[]}"
VHI_M_2021-03_000000000000000001a4,0.39500001072883606,421,3,Dry,2021,2021-03,"{""type"":""MultiPoint"",""coordinates"":[]}"
VHI_M_2021-03_000000000000000001a5,0.41999998688697815,422,3,Dry,2021,2021-03,"{""type"":""MultiPoint"",""coordinates"":[]}"
VHI_M_2021-03_000000000000000001a6,0.3100000023841858,423,3,Dry,2021,2021-03,"{""type"":""MultiPoint"",""coordinates"":[]}"
VHI_M_2021-03_000000000000000001a7,0.30000001192092896,424,3,Dry,2021,2021-03,"{""type"":""MultiPoint"",""coordinates"":[]}"
VHI_M_2021-03_000000000000000001a8,0.32499998807907104,425,3,Dry,2021,2021-03,"{""type"":""MultiPoint"",""coordinates"":[]}"
VHI_M_2021-03_000000000000000001a9,0.32499998807907104,426,3,Dry,2021,2021-03,"{""type"":""MultiPoint"",""coordinates"":[]}"
VHI_M_2021-03_000000000000000001aa,0.30000001192092896,427,3,Dry,2021,2021-03,"{""type"":""MultiPoint"",""coordinates"":[]}"
VHI_M_2021-03_000000000000000001fe,0.46000000834465027,511,3,Dry,2021,2021-03,"{""type"":""MultiPoint"",""coordinates"":[]}"
VHI_M_2021-03_000000000000000001ff,0.5149999856948853,512,3,Dry,2021,2021-03,"{""type"":""MultiPoint"",""coordinates"":[]}"
VHI_M_2021-03_00000000000000000200,0.36500000953674316,513,3,Dry,2021,2021-03,"{""type"":""MultiPoint"",""coordinates"":[]}"
VHI_M_2021-03_00000000000000000201,0.2750000059604645,514,3,Dry,2021,2021-03,"{""type"":""MultiPoint"",""coordinates"":[]}"
VHI_M_2021-03_00000000000000000202,0.3499999940395355,515,3,Dry,2021,2021-03,"{""type"":""MultiPoint"",""coordinates"":[]}"
VHI_M_2021-03_00000000000000000002,0.47999998927116394,3,3,Dry,2021,2021-03,"{""type"":""MultiPoint"",""coordinates"":[]}"
VHI_M_2021-03_0000000000000000000d,0.5950000286102295,14,3,Dry,2021,2021-03,"{""type"":""MultiPoint"",""coordinates"":[]}"
VHI_M_2021-03_00000000000000000027,0.5199999809265137,40,3,Dry,2021,2021-03,"{""type"":""MultiPoint"",""coordinates"":[]}"
VHI_M_2021-03_00000000000000000070,0.5,113,3,Dry,2021,2021-03,"{""type"":""MultiPoint"",""coordinates"":[]}"
VHI_M_2021-03_00000000000000000071,0.4699999988079071,114,3,Dry,2021,2021-03,"{""type"":""MultiPoint"",""coordinates"":[]}"
VHI_M_2021-03_000000000000000001b0,0.46000000834465027,433,3,Dry,2021,2021-03,"{""type"":""MultiPoint"",""coordinates"":[]}"
VHI_M_2021-03_000000000000000001b1,0.5099999904632568,434,3,Dry,2021,2021-03,"{""type"":""MultiPoint"",""coordinates"":[]}"
VHI_M_2021-03_000000000000000001b2,0.4650000035762787,435,3,Dry,2021,2021-03,"{""type"":""MultiPoint"",""coordinates"":[]}"
VHI_M_2021-03_000000000000000001cd,0.5,462,3,Dry,2021,2021-03,"{""type"":""MultiPoint"",""coordinates"":[]}"
VHI_M_2021-03_000000000000000001ce,0.479999989271164,463,3,Dry,2021,2021-03,"{""type"":""MultiPoint"",""coordinates"":[]}"
VHI_M_2021-03_000000000000000001cf,0.45500001311302185,464,3,Dry,2021,2021-03,"{""type"":""MultiPoint"",""coordinates"":[]}"
VHI_M_2021-03_0000000000000000001c,0.3899999856948853,29,3,Dry,2021,2021-03,"{""type"":""MultiPoint"",""coordinates"":[]}"
VHI_M_2021-03_0000000000000000001d,0.4399999976158142,30,3,Dry,2021,2021-03,"{""type"":""MultiPoint"",""coordinates"":[]}"
VHI_M_2021-03_0000000000000000001e,0.3650000095367431,31,3,Dry,2021,2021-03,"{""type"":""MultiPoint"",""coordinates"":[]}"
VHI_M_2021-03_00000000000000000026,0.4099999964237213,39,3,Dry,2021,2021-03,"{""type"":""MultiPoint"",""coordinates"":[]}"
VHI_M_2021-03_000000000000000000f9,0.375,250,3,Dry,2021,2021-03,"{""type"":""MultiPoint"",""coordinates"":[]}"
VHI_M_2021-03_000000000000000000fa,0.375,251,3,Dry,2021,2021-03,"{""type"":""MultiPoint"",""coordinates"":[]}"
VHI_M_2021-03_000000000000000000fb,0.40500000119209295,252,3,Dry,2021,2021-03,"{""type"":""MultiPoint"",""coordinates"":[]}"
VHI_M_2021-03_000000000000000000fc,0.39500001072883617,253,3,Dry,2021,2021-03,"{""type"":""MultiPoint"",""coordinates"":[]}"
VHI_M_2021-03_00000000000000000163,0.43500000238418574,356,3,Dry,2021,2021-03,"{""type"":""MultiPoint"",""coordinates"":[]}"
VHI_M_2021-03_00000000000000000164,0.4199999868869782,357,3,Dry,2021,2021-03,"{""type"":""MultiPoint"",""coordinates"":[]}"
VHI_M_2021-03_00000000000000000165,0.4550000131130218,358,3,Dry,2021,2021-03,"{""type"":""MultiPoint"",""coordinates"":[]}"
VHI_M_2021-03_00000000000000000166,0.4449999928474427,359,3,Dry,2021,2021-03,"{""type"":""MultiPoint"",""coordinates"":[]}"
VHI_M_2021-03_00000000000000000149,0.4900000095367432,330,3,Dry,2021,2021-03,"{""type"":""MultiPoint"",""coordinates"":[]}"
VHI_M_2021-03_0000000000000000014a,0.41999998688697815,331,3,Dry,2021,2021-03,"{""type"":""MultiPoint"",""coordinates"":[]}"
VHI_M_2021-03_0000000000000000014b,0.44499999284744257,332,3,Dry,2021,2021-03,"{""type"":""MultiPoint"",""coordinates"":[]}"
VHI_M_2021-03_0000000000000000014c,0.479999989271164,333,3,Dry,2021,2021-03,"{""type"":""MultiPoint"",""coordinates"":[]}"
VHI_M_2021-03_0000000000000000014d,0.4699999988079071,334,3,Dry,2021,2021-03,"{""type"":""MultiPoint"",""coordinates"":[]}"
VHI_M_2021-03_0000000000000000014e,0.43999999761581426,335,3,Dry,2021,2021-03,"{""type"":""MultiPoint"",""coordinates"":[]}"
VHI_M_2021-03_00000000000000000158,0.4650000035762787,345,3,Dry,2021,2021-03,"{""type"":""MultiPoint"",""coordinates"":[]}"
VHI_M_2021-03_00000000000000000159,0.4900000095367432,346,3,Dry,2021,2021-03,"{""type"":""MultiPoint"",""coordinates"":[]}"
VHI_M_2021-03_0000000000000000015a,0.48500001430511475,347,3,Dry,2021,2021-03,"{""type"":""MultiPoint"",""coordinates"":[]}"
VHI_M_2021-03_0000000000000000015b,0.479999989271164,348,3,Dry,2021,2021-03,"{""type"":""MultiPoint"",""coordinates"":[]}"
VHI_M_2021-03_0000000000000000015c,0.45500001311302185,349,3,Dry,2021,2021-03,"{""type"":""MultiPoint"",""coordinates"":[]}"
VHI_M_2021-03_0000000000000000015d,0.4900000095367431,350,3,Dry,2021,2021-03,"{""type"":""MultiPoint"",""coordinates"":[]}"
VHI_M_2021-03_00000000000000000008,0.5099999904632568,9,3,Dry,2021,2021-03,"{""type"":""MultiPoint"",""coordinates"":[]}"
VHI_M_2021-03_000000000000000000c2,0.4449999928474426,195,3,Dry,2021,2021-03,"{""type"":""MultiPoint"",""coordinates"":[]}"
VHI_M_2021-03_000000000000000000c3,0.5699999928474426,196,3,Dry,2021,2021-03,"{""type"":""MultiPoint"",""coordinates"":[]}"
VHI_M_2021-03_000000000000000000c4,0.4900000095367432,197,3,Dry,2021,2021-03,"{""type"":""MultiPoint"",""coordinates"":[]}"
VHI_M_2021-03_000000000000000000c5,0.5199999809265137,198,3,Dry,2021,2021-03,"{""type"":""MultiPoint"",""coordinates"":[]}"
VHI_M_2021-03_000000000000000000c6,0.550000011920929,199,3,Dry,2021,2021-03,"{""type"":""MultiPoint"",""coordinates"":[]}"
VHI_M_2021-03_000000000000000000c7,0.47999998927116394,200,3,Dry,2021,2021-03,"{""type"":""MultiPoint"",""coordinates"":[]}"
VHI_M_2021-03_000000000000000000c8,0.4300000071525573,201,3,Dry,2021,2021-03,"{""type"":""MultiPoint"",""coordinates"":[]}"
VHI_M_2021-03_000000000000000000c9,0.5049999952316284,202,3,Dry,2021,2021-03,"{""type"":""MultiPoint"",""coordinates"":[]}"
VHI_M_2021-03_00000000000000000136,0.5,311,3,Dry,2021,2021-03,"{""type"":""MultiPoint"",""coordinates"":[]}"
VHI_M_2021-03_00000000000000000137,0.5,312,3,Dry,2021,2021-03,"{""type"":""MultiPoint"",""coordinates"":[]}"
VHI_M_2021-03_00000000000000000138,0.4900000095367431,313,3,Dry,2021,2021-03,"{""type"":""MultiPoint"",""coordinates"":[]}"
VHI_M_2021-03_00000000000000000139,0.47999998927116394,314,3,Dry,2021,2021-03,"{""type"":""MultiPoint"",""coordinates"":[]}"
VHI_M_2021-03_0000000000000000013a,0.574999988079071,315,3,Dry,2021,2021-03,"{""type"":""MultiPoint"",""coordinates"":[]}"
VHI_M_2021-03_000000000000000001ef,0.6349999904632568,496,3,Dry,2021,2021-03,"{""type"":""MultiPoint"",""coordinates"":[]}"
VHI_M_2021-03_000000000000000001f0,0.6050000190734864,497,3,Dry,2021,2021-03,"{""type"":""MultiPoint"",""coordinates"":[]}"
VHI_M_2021-03_00000000000000000081,0.5049999952316284,130,3,Dry,2021,2021-03,"{""type"":""MultiPoint"",""coordinates"":[]}"
VHI_M_2021-03_000000000000000000a0,0.6050000190734863,161,3,Dry,2021,2021-03,"{""type"":""MultiPoint"",""coordinates"":[]}"
VHI_M_2021-03_000000000000000000a1,0.5600000023841857,162,3,Dry,2021,2021-03,"{""type"":""MultiPoint"",""coordinates"":[]}"
VHI_M_2021-03_000000000000000000a2,0.649999976158142,163,3,Dry,2021,2021-03,"{""type"":""MultiPoint"",""coordinates"":[]}"
VHI_M_2021-03_000000000000000000a3,0.5899999737739563,164,3,Dry,2021,2021-03,"{""type"":""MultiPoint"",""coordinates"":[]}"
VHI_M_2021-03_000000000000000000a4,0.6299999952316284,165,3,Dry,2021,2021-03,"{""type"":""MultiPoint"",""coordinates"":[]}"
VHI_M_2021-03_0000000000000000014f,0.42500001192092896,336,3,Dry,2021,2021-03,"{""type"":""MultiPoint"",""coordinates"":[]}"
VHI_M_2021-03_00000000000000000150,0.45500001311302185,337,3,Dry,2021,2021-03,"{""type"":""MultiPoint"",""coordinates"":[]}"
VHI_M_2021-03_00000000000000000151,0.5550000071525574,338,3,Dry,2021,2021-03,"{""type"":""MultiPoint"",""coordinates"":[]}"
VHI_M_2021-03_00000000000000000152,0.47999998927116394,339,3,Dry,2021,2021-03,"{""type"":""MultiPoint"",""coordinates"":[]}"
VHI_M_2021-03_00000000000000000153,0.4550000131130219,340,3,Dry,2021,2021-03,"{""type"":""MultiPoint"",""coordinates"":[]}"
VHI_M_2021-03_00000000000000000171,0.4650000035762787,370,3,Dry,2021,2021-03,"{""type"":""MultiPoint"",""coordinates"":[]}"
VHI_M_2021-03_00000000000000000172,0.5350000262260437,371,3,Dry,2021,2021-03,"{""type"":""MultiPoint"",""coordinates"":[]}"
VHI_M_2021-03_00000000000000000173,0.4449999928474426,372,3,Dry,2021,2021-03,"{""type"":""MultiPoint"",""coordinates"":[]}"
VHI_M_2021-03_000000000000000001f1,0.4950000047683717,498,3,Dry,2021,2021-03,"{""type"":""MultiPoint"",""coordinates"":[]}"
VHI_M_2021-03_000000000000000001f2,0.6000000238418579,499,3,Dry,2021,2021-03,"{""type"":""MultiPoint"",""coordinates"":[]}"
VHI_M_2021-03_000000000000000001f3,0.47999998927116405,500,3,Dry,2021,2021-03,"{""type"":""MultiPoint"",""coordinates"":[]}"
VHI_M_2021-03_00000000000000000092,0.5299999713897705,147,3,Dry,2021,2021-03,"{""type"":""MultiPoint"",""coordinates"":[]}"
VHI_M_2021-03_00000000000000000093,0.48500001430511475,148,3,Dry,2021,2021-03,"{""type"":""MultiPoint"",""coordinates"":[]}"
VHI_M_2021-03_00000000000000000094,0.4950000047683716,149,3,Dry,2021,2021-03,"{""type"":""MultiPoint"",""coordinates"":[]}"
VHI_M_2021-03_00000000000000000095,0.45500001311302185,150,3,Dry,2021,2021-03,"{""type"":""MultiPoint"",""coordinates"":[]}"
VHI_M_2021-03_00000000000000000096,0.4350000023841858,151,3,Dry,2021,2021-03,"{""type"":""MultiPoint"",""coordinates"":[]}"
VHI_M_2021-03_00000000000000000097,0.5099999904632568,152,3,Dry,2021,2021-03,"{""type"":""MultiPoint"",""coordinates"":[]}"
VHI_M_2021-03_00000000000000000098,0.4749999940395355,153,3,Dry,2021,2021-03,"{""type"":""MultiPoint"",""coordinates"":[]}"
VHI_M_2021-03_000000000000000000a9,0.4050000011920929,170,3,Dry,2021,2021-03,"{""type"":""MultiPoint"",""coordinates"":[]}"
VHI_M_2021-03_0000000000000000017c,0.6050000190734863,381,3,Dry,2021,2021-03,"{""type"":""MultiPoint"",""coordinates"":[]}"
VHI_M_2021-03_0000000000000000017d,0.6150000095367432,382,3,Dry,2021,2021-03,"{""type"":""MultiPoint"",""coordinates"":[]}"
VHI_M_2021-03_0000000000000000017e,0.6000000238418579,383,3,Dry,2021,2021-03,"{""type"":""MultiPoint"",""coordinates"":[]}"
VHI_M_2021-03_000000000000000001ee,0.675000011920929,495,3,Dry,2021,2021-03,"{""type"":""MultiPoint"",""coordinates"":[]}"
VHI_M_2021-03_0000000000000000020d,0.6150000095367432,526,3,Dry,2021,2021-03,"{""type"":""MultiPoint"",""coordinates"":[]}"
VHI_M_2021-03_0000000000000000020e,0.47999998927116394,527,3,Dry,2021,2021-03,"{""type"":""MultiPoint"",""coordinates"":[]}"
VHI_M_2021-03_0000000000000000020f,0.5,528,3,Dry,2021,2021-03,"{""type"":""MultiPoint"",""coordinates"":[]}"
VHI_M_2021-03_00000000000000000210,0.4600000083446502,529,3,Dry,2021,2021-03,"{""type"":""MultiPoint"",""coordinates"":[]}"
VHI_M_2021-03_00000000000000000211,0.6200000047683716,530,3,Dry,2021,2021-03,"{""type"":""MultiPoint"",""coordinates"":[]}"
VHI_M_2021-03_00000000000000000058,0.5450000166893005,89,3,Dry,2021,2021-03,"{""type"":""MultiPoint"",""coordinates"":[]}"
VHI_M_2021-03_00000000000000000059,0.5049999952316283,90,3,Dry,2021,2021-03,"{""type"":""MultiPoint"",""coordinates"":[]}"
VHI_M_2021-03_0000000000000000018b,0.4350000023841858,396,3,Dry,2021,2021-03,"{""type"":""MultiPoint"",""coordinates"":[]}"
VHI_M_2021-03_0000000000000000018c,0.44999998807907093,397,3,Dry,2021,2021-03,"{""type"":""MultiPoint"",""coordinates"":[]}"
VHI_M_2021-03_0000000000000000018d,0.41499999165534984,398,3,Dry,2021,2021-03,"{""type"":""MultiPoint"",""coordinates"":[]}"
VHI_M_2021-03_0000000000000000018e,0.4399999976158141,399,3,Dry,2021,2021-03,"{""type"":""MultiPoint"",""coordinates"":[]}"
VHI_M_2021-03_00000000000000000036,0.699999988079071,55,3,Dry,2021,2021-03,"{""type"":""MultiPoint"",""coordinates"":[]}"
VHI_M_2021-03_000000000000000000db,0.6399999856948851,220,3,Dry,2021,2021-03,"{""type"":""MultiPoint"",""coordinates"":[]}"
VHI_M_2021-03_000000000000000000dc,0.6150000095367432,221,3,Dry,2021,2021-03,"{""type"":""MultiPoint"",""coordinates"":[]}"
VHI_M_2021-03_000000000000000000dd,0.6499999761581422,222,3,Dry,2021,2021-03,"{""type"":""MultiPoint"",""coordinates"":[]}"
VHI_M_2021-03_00000000000000000102,0.6449999809265136,259,3,Dry,2021,2021-03,"{""type"":""MultiPoint"",""coordinates"":[]}"
VHI_M_2021-03_00000000000000000103,0.6299999952316284,260,3,Dry,2021,2021-03,"{""type"":""MultiPoint"",""coordinates"":[]}"
VHI_M_2021-03_00000000000000000104,0.6349999904632568,261,3,Dry,2021,2021-03,"{""type"":""MultiPoint"",""coordinates"":[]}"
VHI_M_2021-03_00000000000000000105,0.5649999976158142,262,3,Dry,2021,2021-03,"{""type"":""MultiPoint"",""coordinates"":[]}"
VHI_M_2021-03_0000000000000000000a,0.6650000214576722,11,3,Dry,2021,2021-03,"{""type"":""MultiPoint"",""coordinates"":[]}"
VHI_M_2021-03_000000000000000000b1,0.7049999833106995,178,3,Dry,2021,2021-03,"{""type"":""MultiPoint"",""coordinates"":[]}"
VHI_M_2021-03_000000000000000000b2,0.649999976158142,179,3,Dry,2021,2021-03,"{""type"":""MultiPoint"",""coordinates"":[]}"
VHI_M_2021-03_000000000000000000b3,0.649999976158142,180,3,Dry,2021,2021-03,"{""type"":""MultiPoint"",""coordinates"":[]}"
VHI_M_2021-03_000000000000000000ca,0.6899999976158142,203,3,Dry,2021,2021-03,"{""type"":""MultiPoint"",""coordinates"":[]}"
VHI_M_2021-03_000000000000000000d2,0.6349999904632567,211,3,Dry,2021,2021-03,"{""type"":""MultiPoint"",""coordinates"":[]}"
VHI_M_2021-03_000000000000000000d3,0.615000009536743,212,3,Dry,2021,2021-03,"{""type"":""MultiPoint"",""coordinates"":[]}"
VHI_M_2021-03_000000000000000000d4,0.6449999809265137,213,3,Dry,2021,2021-03,"{""type"":""MultiPoint"",""coordinates"":[]}"
VHI_M_2021-03_000000000000000000d5,0.649999976158142,214,3,Dry,2021,2021-03,"{""type"":""MultiPoint"",""coordinates"":[]}"
VHI_M_2021-03_000000000000000000bc,0.6600000262260437,189,3,Dry,2021,2021-03,"{""type"":""MultiPoint"",""coordinates"":[]}"
VHI_M_2021-03_000000000000000000bd,0.6700000166893004,190,3,Dry,2021,2021-03,"{""type"":""MultiPoint"",""coordinates"":[]}"
VHI_M_2021-03_000000000000000000be,0.6499999761581421,191,3,Dry,2021,2021-03,"{""type"":""MultiPoint"",""coordinates"":[]}"
VHI_M_2021-03_000000000000000000f1,0.6700000166893005,242,3,Dry,2021,2021-03,"{""type"":""MultiPoint"",""coordinates"":[]}"
VHI_M_2021-03_00000000000000000100,0.6549999713897704,257,3,Dry,2021,2021-03,"{""type"":""MultiPoint"",""coordinates"":[]}"
VHI_M_2021-03_00000000000000000101,0.6800000071525573,258,3,Dry,2021,2021-03,"{""type"":""MultiPoint"",""coordinates"":[]}"
VHI_M_2021-03_0000000000000000012f,0.6949999928474426,304,3,Dry,2021,2021-03,"{""type"":""MultiPoint"",""coordinates"":[]}"
VHI_M_2021-03_00000000000000000130,0.6600000262260438,305,3,Dry,2021,2021-03,"{""type"":""MultiPoint"",""coordinates"":[]}"
VHI_M_2021-03_00000000000000000131,0.6349999904632568,306,3,Dry,2021,2021-03,"{""type"":""MultiPoint"",""coordinates"":[]}"
VHI_M_2021-03_00000000000000000065,0.6949999928474427,102,3,Dry,2021,2021-03,"{""type"":""MultiPoint"",""coordinates"":[]}"
VHI_M_2021-03_00000000000000000066,0.6800000071525574,103,3,Dry,2021,2021-03,"{""type"":""MultiPoint"",""coordinates"":[]}"
VHI_M_2021-03_00000000000000000067,0.6850000023841857,104,3,Dry,2021,2021-03,"{""type"":""MultiPoint"",""coordinates"":[]}"
VHI_M_2021-03_00000000000000000068,0.6449999809265137,105,3,Dry,2021,2021-03,"{""type"":""MultiPoint"",""coordinates"":[]}"
VHI_M_2021-03_00000000000000000109,0.5950000286102296,266,3,Dry,2021,2021-03,"{""type"":""MultiPoint"",""coordinates"":[]}"
VHI_M_2021-03_000000000000000001c1,0.6700000166893004,450,3,Dry,2021,2021-03,"{""type"":""MultiPoint"",""coordinates"":[]}"
VHI_M_2021-03_000000000000000001c2,0.639999985694885,451,3,Dry,2021,2021-03,"{""type"":""MultiPoint"",""coordinates"":[]}"
VHI_M_2021-03_00000000000000000113,0.375,276,3,Dry,2021,2021-03,"{""type"":""MultiPoint"",""coordinates"":[]}"
VHI_M_2021-03_00000000000000000114,0.5400000214576722,277,3,Dry,2021,2021-03,"{""type"":""MultiPoint"",""coordinates"":[]}"
VHI_M_2021-03_00000000000000000115,0.6150000095367433,278,3,Dry,2021,2021-03,"{""type"":""MultiPoint"",""coordinates"":[]}"
VHI_M_2021-03_00000000000000000116,0.6100000143051147,279,3,Dry,2021,2021-03,"{""type"":""MultiPoint"",""coordinates"":[]}"
VHI_M_2021-03_00000000000000000117,0.5849999785423279,280,3,Dry,2021,2021-03,"{""type"":""MultiPoint"",""coordinates"":[]}"
VHI_M_2021-03_00000000000000000167,0.6449999809265137,360,3,Dry,2021,2021-03,"{""type"":""MultiPoint"",""coordinates"":[]}"
VHI_M_2021-03_00000000000000000168,0.6399999856948853,361,3,Dry,2021,2021-03,"{""type"":""MultiPoint"",""coordinates"":[]}"
VHI_M_2021-03_00000000000000000169,0.6349999904632568,362,3,Dry,2021,2021-03,"{""type"":""MultiPoint"",""coordinates"":[]}"
VHI_M_2021-03_0000000000000000016a,0.5950000286102295,363,3,Dry,2021,2021-03,"{""type"":""MultiPoint"",""coordinates"":[]}"
VHI_M_2021-03_0000000000000000016b,0.43000000715255726,364,3,Dry,2021,2021-03,"{""type"":""MultiPoint"",""coordinates"":[]}"
VHI_M_2021-03_0000000000000000016c,0.43000000715255743,365,3,Dry,2021,2021-03,"{""type"":""MultiPoint"",""coordinates"":[]}"
VHI_M_2021-03_0000000000000000016d,0.5950000286102295,366,3,Dry,2021,2021-03,"{""type"":""MultiPoint"",""coordinates"":[]}"
VHI_M_2021-03_000000000000000000cb,0.6899999976158142,204,3,Dry,2021,2021-03,"{""type"":""MultiPoint"",""coordinates"":[]}"
VHI_M_2021-03_000000000000000000eb,0.5950000286102296,236,3,Dry,2021,2021-03,"{""type"":""MultiPoint"",""coordinates"":[]}"
VHI_M_2021-03_000000000000000000ec,0.5049999952316284,237,3,Dry,2021,2021-03,"{""type"":""MultiPoint"",""coordinates"":[]}"
VHI_M_2021-03_000000000000000000ed,0.5350000262260437,238,3,Dry,2021,2021-03,"{""type"":""MultiPoint"",""coordinates"":[]}"
VHI_M_2021-03_000000000000000000ee,0.5849999785423279,239,3,Dry,2021,2021-03,"{""type"":""MultiPoint"",""coordinates"":[]}"
VHI_M_2021-03_000000000000000000ef,0.5749999880790709,240,3,Dry,2021,2021-03,"{""type"":""MultiPoint"",""coordinates"":[]}"
VHI_M_2021-03_00000000000000000146,0.43999999761581426,327,3,Dry,2021,2021-03,"{""type"":""MultiPoint"",""coordinates"":[]}"
VHI_M_2021-03_00000000000000000147,0.4900000095367431,328,3,Dry,2021,2021-03,"{""type"":""MultiPoint"",""coordinates"":[]}"
VHI_M_2021-03_00000000000000000148,0.4199999868869781,329,3,Dry,2021,2021-03,"{""type"":""MultiPoint"",""coordinates"":[]}"
VHI_M_2021-03_0000000000000000015e,0.5099999904632568,351,3,Dry,2021,2021-03,"{""type"":""MultiPoint"",""coordinates"":[]}"
VHI_M_2021-03_0000000000000000015f,0.5249999761581422,352,3,Dry,2021,2021-03,"{""type"":""MultiPoint"",""coordinates"":[]}"
VHI_M_2021-03_00000000000000000160,0.4749999940395355,353,3,Dry,2021,2021-03,"{""type"":""MultiPoint"",""coordinates"":[]}"
VHI_M_2021-03_00000000000000000161,0.5699999928474426,354,3,Dry,2021,2021-03,"{""type"":""MultiPoint"",""coordinates"":[]}"
VHI_M_2021-03_00000000000000000162,0.5600000023841858,355,3,Dry,2021,2021-03,"{""type"":""MultiPoint"",""coordinates"":[]}"
VHI_M_2021-03_00000000000000000010,0.5,17,3,Dry,2021,2021-03,"{""type"":""MultiPoint"",""coordinates"":[]}"
VHI_M_2021-03_00000000000000000121,0.6000000238418579,290,3,Dry,2021,2021-03,"{""type"":""MultiPoint"",""coordinates"":[]}"
VHI_M_2021-03_00000000000000000122,0.5400000214576721,291,3,Dry,2021,2021-03,"{""type"":""MultiPoint"",""coordinates"":[]}"
VHI_M_2021-03_00000000000000000123,0.5400000214576721,292,3,Dry,2021,2021-03,"{""type"":""MultiPoint"",""coordinates"":[]}"
VHI_M_2021-03_0000000000000000019a,0.5799999833106994,411,3,Dry,2021,2021-03,"{""type"":""MultiPoint"",""coordinates"":[]}"
VHI_M_2021-03_0000000000000000019b,0.5899999737739563,412,3,Dry,2021,2021-03,"{""type"":""MultiPoint"",""coordinates"":[]}"
VHI_M_2021-03_0000000000000000019c,0.46500000357627874,413,3,Dry,2021,2021-03,"{""type"":""MultiPoint"",""coordinates"":[]}"
VHI_M_2021-03_0000000000000000019d,0.5649999976158142,414,3,Dry,2021,2021-03,"{""type"":""MultiPoint"",""coordinates"":[]}"
VHI_M_2021-03_0000000000000000019e,0.5550000071525574,415,3,Dry,2021,2021-03,"{""type"":""MultiPoint"",""coordinates"":[]}"
VHI_M_2021-03_0000000000000000019f,0.5649999976158142,416,3,Dry,2021,2021-03,"{""type"":""MultiPoint"",""coordinates"":[]}"
VHI_M_2021-03_00000000000000000216,0.4399999976158142,535,3,Dry,2021,2021-03,"{""type"":""MultiPoint"",""coordinates"":[]}"
VHI_M_2021-03_00000000000000000217,0.5350000262260437,536,3,Dry,2021,2021-03,"{""type"":""MultiPoint"",""coordinates"":[]}"
VHI_M_2021-03_00000000000000000218,0.4199999868869782,537,3,Dry,2021,2021-03,"{""type"":""MultiPoint"",""coordinates"":[]}"
VHI_M_2021-03_00000000000000000219,0.4449999928474426,538,3,Dry,2021,2021-03,"{""type"":""MultiPoint"",""coordinates"":[]}"
VHI_M_2021-03_0000000000000000021a,0.46999999880790716,539,3,Dry,2021,2021-03,"{""type"":""MultiPoint"",""coordinates"":[]}"
VHI_M_2021-03_00000000000000000004,0.5950000286102295,5,3,Dry,2021,2021-03,"{""type"":""MultiPoint"",""coordinates"":[]}"
VHI_M_2021-03_00000000000000000028,0.46500000357627863,41,3,Dry,2021,2021-03,"{""type"":""MultiPoint"",""coordinates"":[]}"
VHI_M_2021-03_00000000000000000029,0.5299999713897704,42,3,Dry,2021,2021-03,"{""type"":""MultiPoint"",""coordinates"":[]}"
VHI_M_2021-03_0000000000000000002a,0.5350000262260438,43,3,Dry,2021,2021-03,"{""type"":""MultiPoint"",""coordinates"":[]}"
VHI_M_2021-03_0000000000000000002b,0.49500000476837164,44,3,Dry,2021,2021-03,"{""type"":""MultiPoint"",""coordinates"":[]}"
VHI_M_2021-03_000000000000000000a7,0.5099999904632567,168,3,Dry,2021,2021-03,"{""type"":""MultiPoint"",""coordinates"":[]}"
VHI_M_2021-03_000000000000000000a8,0.5,169,3,Dry,2021,2021-03,"{""type"":""MultiPoint"",""coordinates"":[]}"
VHI_M_2021-03_0000000000000000000c,0.5649999976158142,13,3,Dry,2021,2021-03,"{""type"":""MultiPoint"",""coordinates"":[]}"
VHI_M_2021-03_00000000000000000060,0.574999988079071,97,3,Dry,2021,2021-03,"{""type"":""MultiPoint"",""coordinates"":[]}"
VHI_M_2021-03_00000000000000000061,0.6150000095367432,98,3,Dry,2021,2021-03,"{""type"":""MultiPoint"",""coordinates"":[]}"
VHI_M_2021-03_00000000000000000062,0.5799999833106996,99,3,Dry,2021,2021-03,"{""type"":""MultiPoint"",""coordinates"":[]}"
VHI_M_2021-03_00000000000000000063,0.5799999833106994,100,3,Dry,2021,2021-03,"{""type"":""MultiPoint"",""coordinates"":[]}"
VHI_M_2021-03_00000000000000000064,0.5699999928474426,101,3,Dry,2021,2021-03,"{""type"":""MultiPoint"",""coordinates"":[]}"
VHI_M_2021-03_00000000000000000011,0.45500001311302185,18,3,Dry,2021,2021-03,"{""type"":""MultiPoint"",""coordinates"":[]}"
VHI_M_2021-03_00000000000000000033,0.5049999952316283,52,3,Dry,2021,2021-03,"{""type"":""MultiPoint"",""coordinates"":[]}"
VHI_M_2021-03_00000000000000000034,0.5649999976158143,53,3,Dry,2021,2021-03,"{""type"":""MultiPoint"",""coordinates"":[]}"
VHI_M_2021-03_000000000000000001b3,0.5749999880790712,436,3,Dry,2021,2021-03,"{""type"":""MultiPoint"",""coordinates"":[]}"
VHI_M_2021-03_000000000000000001b4,0.5299999713897704,437,3,Dry,2021,2021-03,"{""type"":""MultiPoint"",""coordinates"":[]}"
VHI_M_2021-03_000000000000000001b5,0.5849999785423281,438,3,Dry,2021,2021-03,"{""type"":""MultiPoint"",""coordinates"":[]}"
VHI_M_2021-03_00000000000000000005,0.6800000071525573,6,3,Dry,2021,2021-03,"{""type"":""MultiPoint"",""coordinates"":[]}"
VHI_M_2021-03_00000000000000000082,0.6600000262260437,131,3,Dry,2021,2021-03,"{""type"":""MultiPoint"",""coordinates"":[]}"
VHI_M_2021-03_00000000000000000083,0.6050000190734863,132,3,Dry,2021,2021-03,"{""type"":""MultiPoint"",""coordinates"":[]}"
VHI_M_2021-03_00000000000000000084,0.675000011920929,133,3,Dry,2021,2021-03,"{""type"":""MultiPoint"",""coordinates"":[]}"
VHI_M_2021-03_00000000000000000085,0.6449999809265137,134,3,Dry,2021,2021-03,"{""type"":""MultiPoint"",""coordinates"":[]}"
VHI_M_2021-03_00000000000000000086,0.7649999856948853,135,3,Dry,2021,2021-03,"{""type"":""MultiPoint"",""coordinates"":[]}"
VHI_M_2021-03_00000000000000000087,0.7400000095367432,136,3,Dry,2021,2021-03,"{""type"":""MultiPoint"",""coordinates"":[]}"
VHI_M_2021-03_0000000000000000010c,0.6050000190734864,269,3,Dry,2021,2021-03,"{""type"":""MultiPoint"",""coordinates"":[]}"
VHI_M_2021-03_0000000000000000010d,0.5649999976158142,270,3,Dry,2021,2021-03,"{""type"":""MultiPoint"",""coordinates"":[]}"
VHI_M_2021-03_0000000000000000010e,0.550000011920929,271,3,Dry,2021,2021-03,"{""type"":""MultiPoint"",""coordinates"":[]}"
VHI_M_2021-03_0000000000000000010f,0.6399999856948855,272,3,Dry,2021,2021-03,"{""type"":""MultiPoint"",""coordinates"":[]}"
VHI_M_2021-03_00000000000000000110,0.6349999904632568,273,3,Dry,2021,2021-03,"{""type"":""MultiPoint"",""coordinates"":[]}"
VHI_M_2021-03_00000000000000000111,0.615000009536743,274,3,Dry,2021,2021-03,"{""type"":""MultiPoint"",""coordinates"":[]}"
VHI_M_2021-03_000000000000000001d0,0.6549999713897705,465,3,Dry,2021,2021-03,"{""type"":""MultiPoint"",""coordinates"":[]}"
VHI_M_2021-03_000000000000000001d1,0.709999978542328,466,3,Dry,2021,2021-03,"{""type"":""MultiPoint"",""coordinates"":[]}"
VHI_M_2021-03_00000000000000000009,0.6100000143051147,10,3,Dry,2021,2021-03,"{""type"":""MultiPoint"",""coordinates"":[]}"
VHI_M_2021-03_0000000000000000009e,0.615000009536743,159,3,Dry,2021,2021-03,"{""type"":""MultiPoint"",""coordinates"":[]}"
VHI_M_2021-03_0000000000000000009f,0.649999976158142,160,3,Dry,2021,2021-03,"{""type"":""MultiPoint"",""coordinates"":[]}"
VHI_M_2021-03_00000000000000000154,0.6899999976158142,341,3,Dry,2021,2021-03,"{""type"":""MultiPoint"",""coordinates"":[]}"
VHI_M_2021-03_00000000000000000155,0.6449999809265137,342,3,Dry,2021,2021-03,"{""type"":""MultiPoint"",""coordinates"":[]}"
VHI_M_2021-03_00000000000000000156,0.5950000286102296,343,3,Dry,2021,2021-03,"{""type"":""MultiPoint"",""coordinates"":[]}"
VHI_M_2021-03_00000000000000000157,0.6000000238418578,344,3,Dry,2021,2021-03,"{""type"":""MultiPoint"",""coordinates"":[]}"
VHI_M_2021-03_00000000000000000178,0.6700000166893005,377,3,Dry,2021,2021-03,"{""type"":""MultiPoint"",""coordinates"":[]}"
VHI_M_2021-03_00000000000000000179,0.5649999976158142,378,3,Dry,2021,2021-03,"{""type"":""MultiPoint"",""coordinates"":[]}"
VHI_M_2021-03_0000000000000000017a,0.6349999904632567,379,3,Dry,2021,2021-03,"{""type"":""MultiPoint"",""coordinates"":[]}"
VHI_M_2021-03_0000000000000000017b,0.5899999737739563,380,3,Dry,2021,2021-03,"{""type"":""MultiPoint"",""coordinates"":[]}"
VHI_M_2021-03_0000000000000000000f,0.6349999904632568,16,3,Dry,2021,2021-03,"{""type"":""MultiPoint"",""coordinates"":[]}"
VHI_M_2021-03_00000000000000000040,0.6449999809265138,65,3,Dry,2021,2021-03,"{""type"":""MultiPoint"",""coordinates"":[]}"
VHI_M_2021-03_00000000000000000041,0.6600000262260436,66,3,Dry,2021,2021-03,"{""type"":""MultiPoint"",""coordinates"":[]}"
VHI_M_2021-03_00000000000000000042,0.6999999880790708,67,3,Dry,2021,2021-03,"{""type"":""MultiPoint"",""coordinates"":[]}"
VHI_M_2021-03_00000000000000000043,0.709999978542328,68,3,Dry,2021,2021-03,"{""type"":""MultiPoint"",""coordinates"":[]}"
VHI_M_2021-03_00000000000000000192,0.649999976158142,403,3,Dry,2021,2021-03,"{""type"":""MultiPoint"",""coordinates"":[]}"
VHI_M_2021-03_00000000000000000193,0.7049999833106995,404,3,Dry,2021,2021-03,"{""type"":""MultiPoint"",""coordinates"":[]}"
VHI_M_2021-03_00000000000000000194,0.6800000071525573,405,3,Dry,2021,2021-03,"{""type"":""MultiPoint"",""coordinates"":[]}"
VHI_M_2021-03_000000000000000001d2,0.625,467,3,Dry,2021,2021-03,"{""type"":""MultiPoint"",""coordinates"":[]}"
VHI_M_2021-03_000000000000000001d3,0.5699999928474426,468,3,Dry,2021,2021-03,"{""type"":""MultiPoint"",""coordinates"":[]}"
VHI_M_2021-03_000000000000000001d4,0.5699999928474426,469,3,Dry,2021,2021-03,"{""type"":""MultiPoint"",""coordinates"":[]}"
VHI_M_2021-03_000000000000000001d5,0.6549999713897704,470,3,Dry,2021,2021-03,"{""type"":""MultiPoint"",""coordinates"":[]}"
VHI_M_2021-03_000000000000000001d6,0.6150000095367432,471,3,Dry,2021,2021-03,"{""type"":""MultiPoint"",""coordinates"":[]}"
VHI_M_2021-03_000000000000000001d7,0.6200000047683716,472,3,Dry,2021,2021-03,"{""type"":""MultiPoint"",""coordinates"":[]}"
VHI_M_2021-03_00000000000000000069,0.5350000262260437,106,3,Dry,2021,2021-03,"{""type"":""MultiPoint"",""coordinates"":[]}"
VHI_M_2021-03_0000000000000000006a,0.4950000047683714,107,3,Dry,2021,2021-03,"{""type"":""MultiPoint"",""coordinates"":[]}"
VHI_M_2021-03_0000000000000000006b,0.5299999713897705,108,3,Dry,2021,2021-03,"{""type"":""MultiPoint"",""coordinates"":[]}"
VHI_M_2021-03_0000000000000000006c,0.5699999928474425,109,3,Dry,2021,2021-03,"{""type"":""MultiPoint"",""coordinates"":[]}"
VHI_M_2021-03_0000000000000000006d,0.5350000262260437,110,3,Dry,2021,2021-03,"{""type"":""MultiPoint"",""coordinates"":[]}"
VHI_M_2021-03_0000000000000000006e,0.625,111,3,Dry,2021,2021-03,"{""type"":""MultiPoint"",""coordinates"":[]}"
VHI_M_2021-03_0000000000000000006f,0.5600000023841857,112,3,Dry,2021,2021-03,"{""type"":""MultiPoint"",""coordinates"":[]}"
VHI_M_2021-03_000000000000000000d6,0.5,215,3,Dry,2021,2021-03,"{""type"":""MultiPoint"",""coordinates"":[]}"
VHI_M_2021-03_0000000000000000013b,0.5350000262260437,316,3,Dry,2021,2021-03,"{""type"":""MultiPoint"",""coordinates"":[]}"
VHI_M_2021-03_0000000000000000013c,0.4900000095367432,317,3,Dry,2021,2021-03,"{""type"":""MultiPoint"",""coordinates"":[]}"
VHI_M_2021-03_0000000000000000013d,0.46500000357627863,318,3,Dry,2021,2021-03,"{""type"":""MultiPoint"",""coordinates"":[]}"
VHI_M_2021-03_0000000000000000013e,0.4300000071525574,319,3,Dry,2021,2021-03,"{""type"":""MultiPoint"",""coordinates"":[]}"
VHI_M_2021-03_0000000000000000013f,0.4399999976158142,320,3,Dry,2021,2021-03,"{""type"":""MultiPoint"",""coordinates"":[]}"
VHI_M_2021-03_00000000000000000140,0.4900000095367432,321,3,Dry,2021,2021-03,"{""type"":""MultiPoint"",""coordinates"":[]}"
VHI_M_2021-03_000000000000000001bc,0.48500001430511475,445,3,Dry,2021,2021-03,"{""type"":""MultiPoint"",""coordinates"":[]}"
VHI_M_2021-03_000000000000000001bd,0.4900000095367432,446,3,Dry,2021,2021-03,"{""type"":""MultiPoint"",""coordinates"":[]}"
VHI_M_2021-03_000000000000000001be,0.4900000095367432,447,3,Dry,2021,2021-03,"{""type"":""MultiPoint"",""coordinates"":[]}"
VHI_M_2021-03_000000000000000001bf,0.5099999904632568,448,3,Dry,2021,2021-03,"{""type"":""MultiPoint"",""coordinates"":[]}"
VHI_M_2021-03_000000000000000001c0,0.49000000953674316,449,3,Dry,2021,2021-03,"{""type"":""MultiPoint"",""coordinates"":[]}"
VHI_M_2021-03_00000000000000000006,0.7599999904632568,7,3,Dry,2021,2021-03,"{""type"":""MultiPoint"",""coordinates"":[]}"
VHI_M_2021-03_0000000000000000002c,0.7099999785423279,45,3,Dry,2021,2021-03,"{""type"":""MultiPoint"",""coordinates"":[]}"
VHI_M_2021-03_0000000000000000002d,0.7599999904632568,46,3,Dry,2021,2021-03,"{""type"":""MultiPoint"",""coordinates"":[]}"
VHI_M_2021-03_0000000000000000002e,0.7300000190734862,47,3,Dry,2021,2021-03,"{""type"":""MultiPoint"",""coordinates"":[]}"
VHI_M_2021-03_0000000000000000002f,0.7549999952316283,48,3,Dry,2021,2021-03,"{""type"":""MultiPoint"",""coordinates"":[]}"
VHI_M_2021-03_0000000000000000009b,0.634999990463257,156,3,Dry,2021,2021-03,"{""type"":""MultiPoint"",""coordinates"":[]}"
VHI_M_2021-03_0000000000000000009c,0.6700000166893005,157,3,Dry,2021,2021-03,"{""type"":""MultiPoint"",""coordinates"":[]}"
VHI_M_2021-03_0000000000000000009d,0.6999999880790712,158,3,Dry,2021,2021-03,"{""type"":""MultiPoint"",""coordinates"":[]}"
VHI_M_2021-03_000000000000000001b6,0.7200000286102295,439,3,Dry,2021,2021-03,"{""type"":""MultiPoint"",""coordinates"":[]}"
VHI_M_2021-03_000000000000000001b7,0.6999999880790709,440,3,Dry,2021,2021-03,"{""type"":""MultiPoint"",""coordinates"":[]}"
VHI_M_2021-03_000000000000000001b8,0.6449999809265136,441,3,Dry,2021,2021-03,"{""type"":""MultiPoint"",""coordinates"":[]}"
VHI_M_2021-03_000000000000000001b9,0.699999988079071,442,3,Dry,2021,2021-03,"{""type"":""MultiPoint"",""coordinates"":[]}"
VHI_M_2021-03_000000000000000001ba,0.6899999976158141,443,3,Dry,2021,2021-03,"{""type"":""MultiPoint"",""coordinates"":[]}"
VHI_M_2021-03_000000000000000001bb,0.7049999833106995,444,3,Dry,2021,2021-03,"{""type"":""MultiPoint"",""coordinates"":[]}"
VHI_M_2021-03_00000000000000000221,0.47999998927116394,546,3,Dry,2021,2021-03,"{""type"":""MultiPoint"",""coordinates"":[]}"
VHI_M_2021-03_00000000000000000222,0.5849999785423279,547,3,Dry,2021,2021-03,"{""type"":""MultiPoint"",""coordinates"":[]}"
VHI_M_2021-03_00000000000000000223,0.6050000190734864,548,3,Dry,2021,2021-03,"{""type"":""MultiPoint"",""coordinates"":[]}"
VHI_M_2021-03_00000000000000000224,0.5550000071525575,549,3,Dry,2021,2021-03,"{""type"":""MultiPoint"",""coordinates"":[]}"
VHI_M_2021-03_00000000000000000225,0.5049999952316284,550,3,Dry,2021,2021-03,"{""type"":""MultiPoint"",""coordinates"":[]}"
VHI_M_2021-03_00000000000000000053,0.47999998927116383,84,3,Dry,2021,2021-03,"{""type"":""MultiPoint"",""coordinates"":[]}"
VHI_M_2021-03_00000000000000000054,0.4699999988079071,85,3,Dry,2021,2021-03,"{""type"":""MultiPoint"",""coordinates"":[]}"
VHI_M_2021-03_00000000000000000055,0.46000000834465027,86,3,Dry,2021,2021-03,"{""type"":""MultiPoint"",""coordinates"":[]}"
VHI_M_2021-03_00000000000000000056,0.4499999880790711,87,3,Dry,2021,2021-03,"{""type"":""MultiPoint"",""coordinates"":[]}"
VHI_M_2021-03_00000000000000000057,0.5600000023841858,88,3,Dry,2021,2021-03,"{""type"":""MultiPoint"",""coordinates"":[]}"
VHI_M_2021-03_000000000000000000de,0.574999988079071,223,3,Dry,2021,2021-03,"{""type"":""MultiPoint"",""coordinates"":[]}"
VHI_M_2021-03_000000000000000000df,0.682136279898827,224,3,Dry,2021,2021-03,"{""type"":""MultiPoint"",""coordinates"":[]}"
VHI_M_2021-03_000000000000000000e0,0.524999976158142,225,3,Dry,2021,2021-03,"{""type"":""MultiPoint"",""coordinates"":[]}"
VHI_M_2021-03_000000000000000000e1,0.6999999880790712,226,3,Dry,2021,2021-03,"{""type"":""MultiPoint"",""coordinates"":[]}"
VHI_M_2021-03_000000000000000000ff,0.425000011920929,256,3,Dry,2021,2021-03,"{""type"":""MultiPoint"",""coordinates"":[]}"
VHI_M_2021-03_0000000000000000011c,0.4449999928474426,285,3,Dry,2021,2021-03,"{""type"":""MultiPoint"",""coordinates"":[]}"
VHI_M_2021-03_0000000000000000011d,0.45500001311302185,286,3,Dry,2021,2021-03,"{""type"":""MultiPoint"",""coordinates"":[]}"
VHI_M_2021-03_0000000000000000011e,0.4650000035762787,287,3,Dry,2021,2021-03,"{""type"":""MultiPoint"",""coordinates"":[]}"
VHI_M_2021-03_0000000000000000011f,0.4950000047683716,288,3,Dry,2021,2021-03,"{""type"":""MultiPoint"",""coordinates"":[]}"
VHI_M_2021-03_000000000000000001c4,0.5049999952316284,453,3,Dry,2021,2021-03,"{""type"":""MultiPoint"",""coordinates"":[]}"
VHI_M_2021-03_000000000000000001c5,0.509999990463257,454,3,Dry,2021,2021-03,"{""type"":""MultiPoint"",""coordinates"":[]}"
VHI_M_2021-03_000000000000000001c6,0.5849999785423279,455,3,Dry,2021,2021-03,"{""type"":""MultiPoint"",""coordinates"":[]}"
VHI_M_2021-03_00000000000000000003,0.6499999761581421,4,3,Dry,2021,2021-03,"{""type"":""MultiPoint"",""coordinates"":[]}"
VHI_M_2021-03_0000000000000000001b,0.5849999785423279,28,3,Dry,2021,2021-03,"{""type"":""MultiPoint"",""coordinates"":[]}"
VHI_M_2021-03_00000000000000000186,0.6600000262260437,391,3,Dry,2021,2021-03,"{""type"":""MultiPoint"",""coordinates"":[]}"
VHI_M_2021-03_00000000000000000187,0.5899999737739562,392,3,Dry,2021,2021-03,"{""type"":""MultiPoint"",""coordinates"":[]}"
VHI_M_2021-03_00000000000000000188,0.6399999856948853,393,3,Dry,2021,2021-03,"{""type"":""MultiPoint"",""coordinates"":[]}"
VHI_M_2021-03_00000000000000000189,0.5899999737739563,394,3,Dry,2021,2021-03,"{""type"":""MultiPoint"",""coordinates"":[]}"
VHI_M_2021-03_0000000000000000018a,0.5600000023841858,395,3,Dry,2021,2021-03,"{""type"":""MultiPoint"",""coordinates"":[]}"
VHI_M_2021-03_0000000000000000018f,0.6349999904632568,400,3,Dry,2021,2021-03,"{""type"":""MultiPoint"",""coordinates"":[]}"
VHI_M_2021-03_00000000000000000190,0.5299999713897705,401,3,Dry,2021,2021-03,"{""type"":""MultiPoint"",""coordinates"":[]}"
VHI_M_2021-03_0000000000000000021e,0.6549999713897705,543,3,Dry,2021,2021-03,"{""type"":""MultiPoint"",""coordinates"":[]}"
VHI_M_2021-03_0000000000000000021f,0.6700000166893003,544,3,Dry,2021,2021-03,"{""type"":""MultiPoint"",""coordinates"":[]}"
VHI_M_2021-03_00000000000000000220,0.6349999904632568,545,3,Dry,2021,2021-03,"{""type"":""MultiPoint"",""coordinates"":[]}"
VHI_M_2021-03_00000000000000000007,0.7149999737739563,8,3,Dry,2021,2021-03,"{""type"":""MultiPoint"",""coordinates"":[]}"
VHI_M_2021-03_0000000000000000000b,0.6299999952316284,12,3,Dry,2021,2021-03,"{""type"":""MultiPoint"",""coordinates"":[]}"
VHI_M_2021-03_00000000000000000012,0.5950000286102295,19,3,Dry,2021,2021-03,"{""type"":""MultiPoint"",""coordinates"":[]}"
VHI_M_2021-03_00000000000000000013,0.5749999880790712,20,3,Dry,2021,2021-03,"{""type"":""MultiPoint"",""coordinates"":[]}"
VHI_M_2021-03_00000000000000000014,0.5600000023841858,21,3,Dry,2021,2021-03,"{""type"":""MultiPoint"",""coordinates"":[]}"
VHI_M_2021-03_00000000000000000015,0.5699999928474427,22,3,Dry,2021,2021-03,"{""type"":""MultiPoint"",""coordinates"":[]}"
VHI_M_2021-03_00000000000000000016,0.6200000047683716,23,3,Dry,2021,2021-03,"{""type"":""MultiPoint"",""coordinates"":[]}"
VHI_M_2021-03_00000000000000000183,0.5899999737739564,388,3,Dry,2021,2021-03,"{""type"":""MultiPoint"",""coordinates"":[]}"
VHI_M_2021-03_00000000000000000184,0.6000000238418579,389,3,Dry,2021,2021-03,"{""type"":""MultiPoint"",""coordinates"":[]}"
VHI_M_2021-03_00000000000000000185,0.6549999713897705,390,3,Dry,2021,2021-03,"{""type"":""MultiPoint"",""coordinates"":[]}"
VHI_M_2021-03_00000000000000000212,0.675000011920929,531,3,Dry,2021,2021-03,"{""type"":""MultiPoint"",""coordinates"":[]}"
VHI_M_2021-03_00000000000000000213,0.7500000000000001,532,3,Dry,2021,2021-03,"{""type"":""MultiPoint"",""coordinates"":[]}"
VHI_M_2021-03_00000000000000000214,0.6549999713897705,533,3,Dry,2021,2021-03,"{""type"":""MultiPoint"",""coordinates"":[]}"
VHI_M_2021-03_00000000000000000215,0.6800000071525575,534,3,Dry,2021,2021-03,"{""type"":""MultiPoint"",""coordinates"":[]}"
VHI_M_2021-03_0000000000000000005a,0.375,91,3,Dry,2021,2021-03,"{""type"":""MultiPoint"",""coordinates"":[]}"
VHI_M_2021-03_00000000000000000118,0.6050000190734863,281,3,Dry,2021,2021-03,"{""type"":""MultiPoint"",""coordinates"":[]}"
VHI_M_2021-03_00000000000000000119,0.46000000834465027,282,3,Dry,2021,2021-03,"{""type"":""MultiPoint"",""coordinates"":[]}"
VHI_M_2021-03_0000000000000000011a,0.6521599503785162,283,3,Dry,2021,2021-03,"{""type"":""MultiPoint"",""coordinates"":[]}"
VHI_M_2021-03_0000000000000000011b,0.5600000023841858,284,3,Dry,2021,2021-03,"{""type"":""MultiPoint"",""coordinates"":[]}"
VHI_M_2021-03_00000000000000000141,0.5950000286102295,322,3,Dry,2021,2021-03,"{""type"":""MultiPoint"",""coordinates"":[]}"
VHI_M_2021-03_00000000000000000142,0.6600000262260437,323,3,Dry,2021,2021-03,"{""type"":""MultiPoint"",""coordinates"":[]}"
VHI_M_2021-03_00000000000000000143,0.6449999809265138,324,3,Dry,2021,2021-03,"{""type"":""MultiPoint"",""coordinates"":[]}"
VHI_M_2021-03_00000000000000000144,0.6670238851265586,325,3,Dry,2021,2021-03,"{""type"":""MultiPoint"",""coordinates"":[]}"
VHI_M_2021-03_00000000000000000145,0.6826017563457281,326,3,Dry,2021,2021-03,"{""type"":""MultiPoint"",""coordinates"":[]}"
VHI_M_2021-03_000000000000000001af,0.30000001192092896,432,3,Dry,2021,2021-03,"{""type"":""MultiPoint"",""coordinates"":[]}"
VHI_M_2021-03_0000000000000000004b,0.6499999761581421,76,3,Dry,2021,2021-03,"{""type"":""MultiPoint"",""coordinates"":[]}"
VHI_M_2021-03_0000000000000000004c,0.6949999928474426,77,3,Dry,2021,2021-03,"{""type"":""MultiPoint"",""coordinates"":[]}"
VHI_M_2021-03_0000000000000000004d,0.675000011920929,78,3,Dry,2021,2021-03,"{""type"":""MultiPoint"",""coordinates"":[]}"
VHI_M_2021-03_0000000000000000004e,0.6250000000000001,79,3,Dry,2021,2021-03,"{""type"":""MultiPoint"",""coordinates"":[]}"
VHI_M_2021-03_0000000000000000004f,0.6549999713897704,80,3,Dry,2021,2021-03,"{""type"":""MultiPoint"",""coordinates"":[]}"
VHI_M_2021-03_00000000000000000050,0.7300000190734863,81,3,Dry,2021,2021-03,"{""type"":""MultiPoint"",""coordinates"":[]}"
VHI_M_2021-03_00000000000000000051,0.7850000262260437,82,3,Dry,2021,2021-03,"{""type"":""MultiPoint"",""coordinates"":[]}"
VHI_M_2021-03_00000000000000000052,0.6150000095367432,83,3,Dry,2021,2021-03,"{""type"":""MultiPoint"",""coordinates"":[]}"
VHI_M_2021-03_000000000000000000aa,0.5249999761581421,171,3,Dry,2021,2021-03,"{""type"":""MultiPoint"",""coordinates"":[]}"
VHI_M_2021-03_000000000000000000ab,0.584999978542328,172,3,Dry,2021,2021-03,"{""type"":""MultiPoint"",""coordinates"":[]}"
VHI_M_2021-03_000000000000000000ac,0.5550000071525574,173,3,Dry,2021,2021-03,"{""type"":""MultiPoint"",""coordinates"":[]}"
VHI_M_2021-03_000000000000000000ad,0.5649999976158142,174,3,Dry,2021,2021-03,"{""type"":""MultiPoint"",""coordinates"":[]}"
VHI_M_2021-03_000000000000000000ae,0.41999998688697815,175,3,Dry,2021,2021-03,"{""type"":""MultiPoint"",""coordinates"":[]}"
VHI_M_2021-03_000000000000000000af,0.4399999976158142,176,3,Dry,2021,2021-03,"{""type"":""MultiPoint"",""coordinates"":[]}"
VHI_M_2021-03_000000000000000000b0,0.550000011920929,177,3,Dry,2021,2021-03,"{""type"":""MultiPoint"",""coordinates"":[]}"
VHI_M_2021-03_000000000000000001c7,0.5450000166893005,456,3,Dry,2021,2021-03,"{""type"":""MultiPoint"",""coordinates"":[]}"
VHI_M_2021-03_000000000000000001c8,0.6999999880790709,457,3,Dry,2021,2021-03,"{""type"":""MultiPoint"",""coordinates"":[]}"
VHI_M_2021-03_000000000000000001c9,0.6349999904632568,458,3,Dry,2021,2021-03,"{""type"":""MultiPoint"",""coordinates"":[]}"
VHI_M_2021-03_000000000000000001ca,0.8149999976158142,459,3,Dry,2021,2021-03,"{""type"":""MultiPoint"",""coordinates"":[]}"
VHI_M_2021-03_0000000000000000020a,0.7200000286102294,523,3,Dry,2021,2021-03,"{""type"":""MultiPoint"",""coordinates"":[]}"
VHI_M_2021-03_0000000000000000020b,0.5249999761581421,524,3,Dry,2021,2021-03,"{""type"":""MultiPoint"",""coordinates"":[]}"
VHI_M_2021-03_0000000000000000020c,0.5649999976158142,525,3,Dry,2021,2021-03,"{""type"":""MultiPoint"",""coordinates"":[]}"
VHI_M_2021-03_000000000000000001ab,0.5550000071525574,428,3,Dry,2021,2021-03,"{""type"":""MultiPoint"",""coordinates"":[]}"
VHI_M_2021-03_000000000000000001ac,0.5450000166893003,429,3,Dry,2021,2021-03,"{""type"":""MultiPoint"",""coordinates"":[]}"
VHI_M_2021-03_000000000000000001ad,0.5950000286102295,430,3,Dry,2021,2021-03,"{""type"":""MultiPoint"",""coordinates"":[]}"
VHI_M_2021-03_000000000000000001ae,0.5550000071525574,431,3,Dry,2021,2021-03,"{""type"":""MultiPoint"",""coordinates"":[]}"
VHI_M_2021-03_000000000000000001c3,0.6650000214576721,452,3,Dry,2021,2021-03,"{""type"":""MultiPoint"",""coordinates"":[]}"
VHI_M_2021-03_00000000000000000037,0.6650000214576721,56,3,Dry,2021,2021-03,"{""type"":""MultiPoint"",""coordinates"":[]}"
VHI_M_2021-03_00000000000000000038,0.7099999785423278,57,3,Dry,2021,2021-03,"{""type"":""MultiPoint"",""coordinates"":[]}"
VHI_M_2021-03_00000000000000000039,0.6850000023841858,58,3,Dry,2021,2021-03,"{""type"":""MultiPoint"",""coordinates"":[]}"
VHI_M_2021-03_0000000000000000003a,0.6800000071525574,59,3,Dry,2021,2021-03,"{""type"":""MultiPoint"",""coordinates"":[]}"
VHI_M_2021-03_0000000000000000003b,0.6299999952316283,60,3,Dry,2021,2021-03,"{""type"":""MultiPoint"",""coordinates"":[]}"
VHI_M_2021-03_0000000000000000003c,0.6650000214576721,61,3,Dry,2021,2021-03,"{""type"":""MultiPoint"",""coordinates"":[]}"
VHI_M_2021-03_0000000000000000003d,0.6449999809265137,62,3,Dry,2021,2021-03,"{""type"":""MultiPoint"",""coordinates"":[]}"
VHI_M_2021-03_0000000000000000003e,0.5950000286102295,63,3,Dry,2021,2021-03,"{""type"":""MultiPoint"",""coordinates"":[]}"
VHI_M_2021-03_0000000000000000003f,0.6449999809265138,64,3,Dry,2021,2021-03,"{""type"":""MultiPoint"",""coordinates"":[]}"
VHI_M_2021-03_00000000000000000044,0.5049999952316284,69,3,Dry,2021,2021-03,"{""type"":""MultiPoint"",""coordinates"":[]}"
VHI_M_2021-03_00000000000000000076,0.574999988079071,119,3,Dry,2021,2021-03,"{""type"":""MultiPoint"",""coordinates"":[]}"
VHI_M_2021-03_00000000000000000077,0.5950000286102293,120,3,Dry,2021,2021-03,"{""type"":""MultiPoint"",""coordinates"":[]}"
VHI_M_2021-03_00000000000000000078,0.5649999976158142,121,3,Dry,2021,2021-03,"{""type"":""MultiPoint"",""coordinates"":[]}"
VHI_M_2021-03_00000000000000000079,0.6100000143051147,122,3,Dry,2021,2021-03,"{""type"":""MultiPoint"",""coordinates"":[]}"
VHI_M_2021-03_0000000000000000008b,0.49000000953674316,140,3,Dry,2021,2021-03,"{""type"":""MultiPoint"",""coordinates"":[]}"
VHI_M_2021-03_0000000000000000008c,0.7950000166893004,141,3,Dry,2021,2021-03,"{""type"":""MultiPoint"",""coordinates"":[]}"
VHI_M_2021-03_0000000000000000008d,0.7499999999999998,142,3,Dry,2021,2021-03,"{""type"":""MultiPoint"",""coordinates"":[]}"
VHI_M_2021-03_0000000000000000008e,0.8399999737739561,143,3,Dry,2021,2021-03,"{""type"":""MultiPoint"",""coordinates"":[]}"
VHI_M_2021-03_0000000000000000008f,0.8399999737739563,144,3,Dry,2021,2021-03,"{""type"":""MultiPoint"",""coordinates"":[]}"
VHI_M_2021-03_00000000000000000090,0.8050000071525573,145,3,Dry,2021,2021-03,"{""type"":""MultiPoint"",""coordinates"":[]}"
VHI_M_2021-03_00000000000000000091,0.8199999928474427,146,3,Dry,2021,2021-03,"{""type"":""MultiPoint"",""coordinates"":[]}"
VHI_M_2021-03_000000000000000000b5,0.675000011920929,182,3,Dry,2021,2021-03,"{""type"":""MultiPoint"",""coordinates"":[]}"
VHI_M_2021-03_000000000000000000cc,0.7149999737739564,205,3,Dry,2021,2021-03,"{""type"":""MultiPoint"",""coordinates"":[]}"
VHI_M_2021-03_000000000000000000cd,0.7300000190734864,206,3,Dry,2021,2021-03,"{""type"":""MultiPoint"",""coordinates"":[]}"
VHI_M_2021-03_000000000000000001dd,0.7149999737739562,478,3,Dry,2021,2021-03,"{""type"":""MultiPoint"",""coordinates"":[]}"
VHI_M_2021-03_000000000000000001de,0.7850000262260438,479,3,Dry,2021,2021-03,"{""type"":""MultiPoint"",""coordinates"":[]}"
VHI_M_2021-03_000000000000000001df,0.7250000238418581,480,3,Dry,2021,2021-03,"{""type"":""MultiPoint"",""coordinates"":[]}"
VHI_M_2021-03_000000000000000001e0,0.8399999737739562,481,3,Dry,2021,2021-03,"{""type"":""MultiPoint"",""coordinates"":[]}"
VHI_M_2021-03_000000000000000001e1,0.7850000262260437,482,3,Dry,2021,2021-03,"{""type"":""MultiPoint"",""coordinates"":[]}"
VHI_M_2021-03_0000000000000000007a,0.6150000095367432,123,3,Dry,2021,2021-03,"{""type"":""MultiPoint"",""coordinates"":[]}"
VHI_M_2021-03_0000000000000000007b,0.7200000286102295,124,3,Dry,2021,2021-03,"{""type"":""MultiPoint"",""coordinates"":[]}"
VHI_M_2021-03_0000000000000000007c,0.6899999976158143,125,3,Dry,2021,2021-03,"{""type"":""MultiPoint"",""coordinates"":[]}"
VHI_M_2021-03_0000000000000000007d,0.6499999761581421,126,3,Dry,2021,2021-03,"{""type"":""MultiPoint"",""coordinates"":[]}"
VHI_M_2021-03_0000000000000000007e,0.6150000095367433,127,3,Dry,2021,2021-03,"{""type"":""MultiPoint"",""coordinates"":[]}"
VHI_M_2021-03_0000000000000000007f,0.6600000262260437,128,3,Dry,2021,2021-03,"{""type"":""MultiPoint"",""coordinates"":[]}"
VHI_M_2021-03_00000000000000000080,0.6700000166893005,129,3,Dry,2021,2021-03,"{""type"":""MultiPoint"",""coordinates"":[]}"
VHI_M_2021-03_00000000000000000088,0.7300000190734863,137,3,Dry,2021,2021-03,"{""type"":""MultiPoint"",""coordinates"":[]}"
VHI_M_2021-03_00000000000000000089,0.7200000286102296,138,3,Dry,2021,2021-03,"{""type"":""MultiPoint"",""coordinates"":[]}"
VHI_M_2021-03_0000000000000000008a,0.7200000286102294,139,3,Dry,2021,2021-03,"{""type"":""MultiPoint"",""coordinates"":[]}"
VHI_M_2021-03_00000000000000000099,0.7549999952316284,154,3,Dry,2021,2021-03,"{""type"":""MultiPoint"",""coordinates"":[]}"
VHI_M_2021-03_0000000000000000009a,0.7200000286102294,155,3,Dry,2021,2021-03,"{""type"":""MultiPoint"",""coordinates"":[]}"
VHI_M_2021-03_00000000000000000112,0.8299999833106995,275,3,Dry,2021,2021-03,"{""type"":""MultiPoint"",""coordinates"":[]}"
VHI_M_2021-03_000000000000000001d8,0.6700000166893005,473,3,Dry,2021,2021-03,"{""type"":""MultiPoint"",""coordinates"":[]}"
VHI_M_2021-03_00000000000000000001,0.7300000190734863,2,3,Dry,2021,2021-03,"{""type"":""MultiPoint"",""coordinates"":[]}"
VHI_M_2021-03_00000000000000000030,0.5600000023841857,49,3,Dry,2021,2021-03,"{""type"":""MultiPoint"",""coordinates"":[]}"
VHI_M_2021-03_00000000000000000031,0.5799999833106995,50,3,Dry,2021,2021-03,"{""type"":""MultiPoint"",""coordinates"":[]}"
VHI_M_2021-03_00000000000000000032,0.5799999833106995,51,3,Dry,2021,2021-03,"{""type"":""MultiPoint"",""coordinates"":[]}"
VHI_M_2021-03_000000000000000000d7,0.6899999976158142,216,3,Dry,2021,2021-03,"{""type"":""MultiPoint"",""coordinates"":[]}"
VHI_M_2021-03_000000000000000000d8,0.6650000214576721,217,3,Dry,2021,2021-03,"{""type"":""MultiPoint"",""coordinates"":[]}"
VHI_M_2021-03_000000000000000000d9,0.6050000190734862,218,3,Dry,2021,2021-03,"{""type"":""MultiPoint"",""coordinates"":[]}"
VHI_M_2021-03_000000000000000000da,0.6449999809265137,219,3,Dry,2021,2021-03,"{""type"":""MultiPoint"",""coordinates"":[]}"
VHI_M_2021-03_00000000000000000132,0.615000009536743,307,3,Dry,2021,2021-03,"{""type"":""MultiPoint"",""coordinates"":[]}"
VHI_M_2021-03_00000000000000000133,0.7799999713897705,308,3,Dry,2021,2021-03,"{""type"":""MultiPoint"",""coordinates"":[]}"
VHI_M_2021-03_00000000000000000134,0.6299999952316284,309,3,Dry,2021,2021-03,"{""type"":""MultiPoint"",""coordinates"":[]}"
VHI_M_2021-03_00000000000000000135,0.6800000071525574,310,3,Dry,2021,2021-03,"{""type"":""MultiPoint"",""coordinates"":[]}"
VHI_M_2021-03_0000000000000000001f,0.5950000286102295,32,3,Dry,2021,2021-03,"{""type"":""MultiPoint"",""coordinates"":[]}"
VHI_M_2021-03_00000000000000000020,0.6100000143051147,33,3,Dry,2021,2021-03,"{""type"":""MultiPoint"",""coordinates"":[]}"
VHI_M_2021-03_00000000000000000021,0.5450000166893004,34,3,Dry,2021,2021-03,"{""type"":""MultiPoint"",""coordinates"":[]}"
VHI_M_2021-03_00000000000000000045,0.5199999809265138,70,3,Dry,2021,2021-03,"{""type"":""MultiPoint"",""coordinates"":[]}"
VHI_M_2021-03_00000000000000000046,0.615000009536743,71,3,Dry,2021,2021-03,"{""type"":""MultiPoint"",""coordinates"":[]}"
VHI_M_2021-03_00000000000000000047,0.5649999976158142,72,3,Dry,2021,2021-03,"{""type"":""MultiPoint"",""coordinates"":[]}"
VHI_M_2021-03_00000000000000000048,0.5450000166893005,73,3,Dry,2021,2021-03,"{""type"":""MultiPoint"",""coordinates"":[]}"
VHI_M_2021-03_00000000000000000072,0.6200000047683715,115,3,Dry,2021,2021-03,"{""type"":""MultiPoint"",""coordinates"":[]}"
VHI_M_2021-03_00000000000000000073,0.6299999952316284,116,3,Dry,2021,2021-03,"{""type"":""MultiPoint"",""coordinates"":[]}"
VHI_M_2021-03_00000000000000000074,0.6299999952316283,117,3,Dry,2021,2021-03,"{""type"":""MultiPoint"",""coordinates"":[]}"
VHI_M_2021-03_00000000000000000075,0.625,118,3,Dry,2021,2021-03,"{""type"":""MultiPoint"",""coordinates"":[]}"
VHI_M_2021-03_000000000000000000b4,0.5600000023841858,181,3,Dry,2021,2021-03,"{""type"":""MultiPoint"",""coordinates"":[]}"
VHI_M_2021-03_000000000000000000e8,0.5849999785423279,233,3,Dry,2021,2021-03,"{""type"":""MultiPoint"",""coordinates"":[]}"
VHI_M_2021-03_000000000000000000e9,0.5899999737739562,234,3,Dry,2021,2021-03,"{""type"":""MultiPoint"",""coordinates"":[]}"
VHI_M_2021-03_000000000000000000ea,0.6200000047683716,235,3,Dry,2021,2021-03,"{""type"":""MultiPoint"",""coordinates"":[]}"
VHI_M_2021-03_00000000000000000022,0.6850000023841857,35,3,Dry,2021,2021-03,"{""type"":""MultiPoint"",""coordinates"":[]}"
VHI_M_2021-03_00000000000000000023,0.6349999904632568,36,3,Dry,2021,2021-03,"{""type"":""MultiPoint"",""coordinates"":[]}"
VHI_M_2021-03_00000000000000000024,0.6700000166893005,37,3,Dry,2021,2021-03,"{""type"":""MultiPoint"",""coordinates"":[]}"
VHI_M_2021-03_00000000000000000025,0.6399999856948853,38,3,Dry,2021,2021-03,"{""type"":""MultiPoint"",""coordinates"":[]}"
VHI_M_2021-03_000000000000000000f0,0.6399999856948853,241,3,Dry,2021,2021-03,"{""type"":""MultiPoint"",""coordinates"":[]}"
VHI_M_2021-03_000000000000000000f4,0.5600000023841857,245,3,Dry,2021,2021-03,"{""type"":""MultiPoint"",""coordinates"":[]}"
VHI_M_2021-03_000000000000000000f5,0.6000000238418579,246,3,Dry,2021,2021-03,"{""type"":""MultiPoint"",""coordinates"":[]}"
VHI_M_2021-03_000000000000000000f6,0.6299999952316285,247,3,Dry,2021,2021-03,"{""type"":""MultiPoint"",""coordinates"":[]}"
VHI_M_2021-03_000000000000000000f7,0.6349999904632568,248,3,Dry,2021,2021-03,"{""type"":""MultiPoint"",""coordinates"":[]}"
VHI_M_2021-03_000000000000000000f8,0.5950000286102294,249,3,Dry,2021,2021-03,"{""type"":""MultiPoint"",""coordinates"":[]}"
VHI_M_2021-03_00000000000000000000,0.6299999952316284,1,3,Dry,2021,2021-03,"{""type"":""MultiPoint"",""coordinates"":[]}"
VHI_M_2021-03_000000000000000000f2,0.5849999785423278,243,3,Dry,2021,2021-03,"{""type"":""MultiPoint"",""coordinates"":[]}"
VHI_M_2021-03_000000000000000000f3,0.5849999785423277,244,3,Dry,2021,2021-03,"{""type"":""MultiPoint"",""coordinates"":[]}"
VHI_M_2021-03_00000000000000000106,0.634999990463257,263,3,Dry,2021,2021-03,"{""type"":""MultiPoint"",""coordinates"":[]}"
VHI_M_2021-03_00000000000000000107,0.6150000095367433,264,3,Dry,2021,2021-03,"{""type"":""MultiPoint"",""coordinates"":[]}"
VHI_M_2021-03_00000000000000000108,0.625,265,3,Dry,2021,2021-03,"{""type"":""MultiPoint"",""coordinates"":[]}"
VHI_M_2021-03_0000000000000000012c,0.6150000095367432,301,3,Dry,2021,2021-03,"{""type"":""MultiPoint"",""coordinates"":[]}"
VHI_M_2021-03_0000000000000000012d,0.665000021457672,302,3,Dry,2021,2021-03,"{""type"":""MultiPoint"",""coordinates"":[]}"
VHI_M_2021-03_0000000000000000012e,0.6000000238418579,303,3,Dry,2021,2021-03,"{""type"":""MultiPoint"",""coordinates"":[]}"
VHI_M_2021-03_000000000000000000a5,0.4149999916553497,166,3,Dry,2021,2021-03,"{""type"":""MultiPoint"",""coordinates"":[]}"
VHI_M_2021-03_000000000000000000a6,0.39500001072883606,167,3,Dry,2021,2021-03,"{""type"":""MultiPoint"",""coordinates"":[]}"
VHI_M_2021-03_000000000000000000c1,0.5600000023841858,194,3,Dry,2021,2021-03,"{""type"":""MultiPoint"",""coordinates"":[]}"
VHI_M_2021-03_00000000000000000120,0.5299999713897705,289,3,Dry,2021,2021-03,"{""type"":""MultiPoint"",""coordinates"":[]}"
VHI_M_2021-03_000000000000000001d9,0.5249999761581421,474,3,Dry,2021,2021-03,"{""type"":""MultiPoint"",""coordinates"":[]}"
VHI_M_2021-03_000000000000000001da,0.4749999940395355,475,3,Dry,2021,2021-03,"{""type"":""MultiPoint"",""coordinates"":[]}"
VHI_M_2021-03_000000000000000001db,0.4250000119209289,476,3,Dry,2021,2021-03,"{""type"":""MultiPoint"",""coordinates"":[]}"
VHI_M_2021-03_000000000000000001dc,0.5,477,3,Dry,2021,2021-03,"{""type"":""MultiPoint"",""coordinates"":[]}"
VHI_M_2021-03_000000000000000001e2,0.5699999928474426,483,3,Dry,2021,2021-03,"{""type"":""MultiPoint"",""coordinates"":[]}"
VHI_M_2021-03_000000000000000001e3,0.46999999880790716,484,3,Dry,2021,2021-03,"{""type"":""MultiPoint"",""coordinates"":[]}"
VHI_M_2021-03_000000000000000001e4,0.46000000834465027,485,3,Dry,2021,2021-03,"{""type"":""MultiPoint"",""coordinates"":[]}"
VHI_M_2021-03_000000000000000001e5,0.4699999988079071,486,3,Dry,2021,2021-03,"{""type"":""MultiPoint"",""coordinates"":[]}"
VHI_M_2021-03_000000000000000001e6,0.5450000166893006,487,3,Dry,2021,2021-03,"{""type"":""MultiPoint"",""coordinates"":[]}"
VHI_M_2021-03_000000000000000001e7,0.5199999809265137,488,3,Dry,2021,2021-03,"{""type"":""MultiPoint"",""coordinates"":[]}"
VHI_M_2021-03_000000000000000001e8,0.4749999940395356,489,3,Dry,2021,2021-03,"{""type"":""MultiPoint"",""coordinates"":[]}"
VHI_M_2021-03_000000000000000001e9,0.4399999976158142,490,3,Dry,2021,2021-03,"{""type"":""MultiPoint"",""coordinates"":[]}"
VHI_M_2021-03_000000000000000000e2,0.4399999976158142,227,3,Dry,2021,2021-03,"{""type"":""MultiPoint"",""coordinates"":[]}"
VHI_M_2021-03_000000000000000000e3,0.47999998927116383,228,3,Dry,2021,2021-03,"{""type"":""MultiPoint"",""coordinates"":[]}"
VHI_M_2021-03_000000000000000000e4,0.5550000071525574,229,3,Dry,2021,2021-03,"{""type"":""MultiPoint"",""coordinates"":[]}"
VHI_M_2021-03_000000000000000000e5,0.5649999976158142,230,3,Dry,2021,2021-03,"{""type"":""MultiPoint"",""coordinates"":[]}"
VHI_M_2021-03_000000000000000000e6,0.46000000834465027,231,3,Dry,2021,2021-03,"{""type"":""MultiPoint"",""coordinates"":[]}"
VHI_M_2021-03_000000000000000000e7,0.4650000035762787,232,3,Dry,2021,2021-03,"{""type"":""MultiPoint"",""coordinates"":[]}"
VHI_M_2021-03_0000000000000000017f,0.47999998927116394,384,3,Dry,2021,2021-03,"{""type"":""MultiPoint"",""coordinates"":[]}"
VHI_M_2021-03_00000000000000000180,0.4600000083446503,385,3,Dry,2021,2021-03,"{""type"":""MultiPoint"",""coordinates"":[]}"
VHI_M_2021-03_00000000000000000203,0.37999999523162836,516,3,Dry,2021,2021-03,"{""type"":""MultiPoint"",""coordinates"":[]}"
VHI_M_2021-03_00000000000000000204,0.375,517,3,Dry,2021,2021-03,"{""type"":""MultiPoint"",""coordinates"":[]}"
VHI_M_2021-03_00000000000000000205,0.3849999904632569,518,3,Dry,2021,2021-03,"{""type"":""MultiPoint"",""coordinates"":[]}"
VHI_M_2021-03_00000000000000000206,0.3849999904632568,519,3,Dry,2021,2021-03,"{""type"":""MultiPoint"",""coordinates"":[]}"
VHI_M_2021-03_00000000000000000207,0.44999998807907104,520,3,Dry,2021,2021-03,"{""type"":""MultiPoint"",""coordinates"":[]}"
VHI_M_2021-03_00000000000000000208,0.42500001192092896,521,3,Dry,2021,2021-03,"{""type"":""MultiPoint"",""coordinates"":[]}"
VHI_M_2021-03_00000000000000000209,0.5049999952316284,522,3,Dry,2021,2021-03,"{""type"":""MultiPoint"",""coordinates"":[]}"
VHI_M_2021-03_0000000000000000000e,0.425000011920929,15,3,Dry,2021,2021-03,"{""type"":""MultiPoint"",""coordinates"":[]}"
VHI_M_2021-03_00000000000000000124,0.5699999928474426,293,3,Dry,2021,2021-03,"{""type"":""MultiPoint"",""coordinates"":[]}"
VHI_M_2021-03_00000000000000000125,0.5199999809265137,294,3,Dry,2021,2021-03,"{""type"":""MultiPoint"",""coordinates"":[]}"
VHI_M_2021-03_00000000000000000126,0.4300000071525576,295,3,Dry,2021,2021-03,"{""type"":""MultiPoint"",""coordinates"":[]}"
VHI_M_2021-03_00000000000000000127,0.4699999988079071,296,3,Dry,2021,2021-03,"{""type"":""MultiPoint"",""coordinates"":[]}"
VHI_M_2021-03_00000000000000000128,0.4449999928474426,297,3,Dry,2021,2021-03,"{""type"":""MultiPoint"",""coordinates"":[]}"
VHI_M_2021-03_00000000000000000129,0.4449999928474427,298,3,Dry,2021,2021-03,"{""type"":""MultiPoint"",""coordinates"":[]}"
VHI_M_2021-03_0000000000000000012a,0.4449999928474426,299,3,Dry,2021,2021-03,"{""type"":""MultiPoint"",""coordinates"":[]}"
VHI_M_2021-03_0000000000000000012b,0.4600000083446502,300,3,Dry,2021,2021-03,"{""type"":""MultiPoint"",""coordinates"":[]}"
VHI_M_2021-03_00000000000000000174,0.5,373,3,Dry,2021,2021-03,"{""type"":""MultiPoint"",""coordinates"":[]}"
VHI_M_2021-03_00000000000000000175,0.4699999988079071,374,3,Dry,2021,2021-03,"{""type"":""MultiPoint"",""coordinates"":[]}"
VHI_M_2021-03_00000000000000000176,0.47999998927116394,375,3,Dry,2021,2021-03,"{""type"":""MultiPoint"",""coordinates"":[]}"
VHI_M_2021-03_00000000000000000177,0.509999990463257,376,3,Dry,2021,2021-03,"{""type"":""MultiPoint"",""coordinates"":[]}"
VHI_M_2021-03_00000000000000000195,0.43999999761581415,406,3,Dry,2021,2021-03,"{""type"":""MultiPoint"",""coordinates"":[]}"
VHI_M_2021-03_00000000000000000196,0.4300000071525573,407,3,Dry,2021,2021-03,"{""type"":""MultiPoint"",""coordinates"":[]}"
VHI_M_2021-03_00000000000000000197,0.5199999809265137,408,3,Dry,2021,2021-03,"{""type"":""MultiPoint"",""coordinates"":[]}"
VHI_M_2021-03_00000000000000000198,0.43000000715255743,409,3,Dry,2021,2021-03,"{""type"":""MultiPoint"",""coordinates"":[]}"
VHI_M_2021-03_00000000000000000199,0.4149999916553498,410,3,Dry,2021,2021-03,"{""type"":""MultiPoint"",""coordinates"":[]}"
VHI_M_2021-03_00000000000000000035,0.675000011920929,54,3,Dry,2021,2021-03,"{""type"":""MultiPoint"",""coordinates"":[]}"
VHI_M_2021-03_000000000000000000ce,0.625,207,3,Dry,2021,2021-03,"{""type"":""MultiPoint"",""coordinates"":[]}"
VHI_M_2021-03_000000000000000000cf,0.6150000095367433,208,3,Dry,2021,2021-03,"{""type"":""MultiPoint"",""coordinates"":[]}"
VHI_M_2021-03_000000000000000000d0,0.6299999952316286,209,3,Dry,2021,2021-03,"{""type"":""MultiPoint"",""coordinates"":[]}"
VHI_M_2021-03_000000000000000000d1,0.6050000190734863,210,3,Dry,2021,2021-03,"{""type"":""MultiPoint"",""coordinates"":[]}"
VHI_M_2021-03_000000000000000001ea,0.6399999856948851,491,3,Dry,2021,2021-03,"{""type"":""MultiPoint"",""coordinates"":[]}"
VHI_M_2021-03_000000000000000001eb,0.6200000047683717,492,3,Dry,2021,2021-03,"{""type"":""MultiPoint"",""coordinates"":[]}"
VHI_M_2021-03_000000000000000001ec,0.6399999856948853,493,3,Dry,2021,2021-03,"{""type"":""MultiPoint"",""coordinates"":[]}"
VHI_M_2021-03_000000000000000001ed,0.7049999833106995,494,3,Dry,2021,2021-03,"{""type"":""MultiPoint"",""coordinates"":[]}"
VHI_M_2021-03_000000000000000001f4,0.7300000190734863,501,3,Dry,2021,2021-03,"{""type"":""MultiPoint"",""coordinates"":[]}"
VHI_M_2021-03_000000000000000001f5,0.6650000214576722,502,3,Dry,2021,2021-03,"{""type"":""MultiPoint"",""coordinates"":[]}"
VHI_M_2021-03_000000000000000001f6,0.7549999952316285,503,3,Dry,2021,2021-03,"{""type"":""MultiPoint"",""coordinates"":[]}"
VHI_M_2021-03_000000000000000001f7,0.6499999761581422,504,3,Dry,2021,2021-03,"{""type"":""MultiPoint"",""coordinates"":[]}"
VHI_M_2021-03_000000000000000001f8,0.7450000047683716,505,3,Dry,2021,2021-03,"{""type"":""MultiPoint"",""coordinates"":[]}"
VHI_M_2021-03_000000000000000001f9,0.6700000166893006,506,3,Dry,2021,2021-03,"{""type"":""MultiPoint"",""coordinates"":[]}"
VHI_M_2021-03_000000000000000001fa,0.6700000166893005,507,3,Dry,2021,2021-03,"{""type"":""MultiPoint"",""coordinates"":[]}"
VHI_M_2021-03_000000000000000001fb,0.7499999999999999,508,3,Dry,2021,2021-03,"{""type"":""MultiPoint"",""coordinates"":[]}"
VHI_M_2021-03_000000000000000001fc,0.6499999761581421,509,3,Dry,2021,2021-03,"{""type"":""MultiPoint"",""coordinates"":[]}"
VHI_M_2021-03_000000000000000001fd,0.6949999928474426,510,3,Dry,2021,2021-03,"{""type"":""MultiPoint"",""coordinates"":[]}"
VHI_M_2021-03_00000000000000000049,0.574999988079071,74,3,Dry,2021,2021-03,"{""type"":""MultiPoint"",""coordinates"":[]}"
VHI_M_2021-03_0000000000000000004a,0.5649999976158142,75,3,Dry,2021,2021-03,"{""type"":""MultiPoint"",""coordinates"":[]}"
VHI_M_2021-03_000000000000000000fd,0.6349999904632568,254,3,Dry,2021,2021-03,"{""type"":""MultiPoint"",""coordinates"":[]}"
VHI_M_2021-03_000000000000000000fe,0.6449999809265137,255,3,Dry,2021,2021-03,"{""type"":""MultiPoint"",""coordinates"":[]}"
VHI_M_2021-03_00000000000000000191,0.6050000190734863,402,3,Dry,2021,2021-03,"{""type"":""MultiPoint"",""coordinates"":[]}"
VHI_M_2021-03_0000000000000000016e,0.6850000023841858,367,3,Dry,2021,2021-03,"{""type"":""MultiPoint"",""coordinates"":[]}"
VHI_M_2021-03_0000000000000000016f,0.7300000190734863,368,3,Dry,2021,2021-03,"{""type"":""MultiPoint"",""coordinates"":[]}"
VHI_M_2021-03_00000000000000000170,0.6650000214576722,369,3,Dry,2021,2021-03,"{""type"":""MultiPoint"",""coordinates"":[]}"
VHI_M_2021-03_00000000000000000181,0.6700000166893005,386,3,Dry,2021,2021-03,"{""type"":""MultiPoint"",""coordinates"":[]}"
VHI_M_2021-03_00000000000000000182,0.7099999785423278,387,3,Dry,2021,2021-03,"{""type"":""MultiPoint"",""coordinates"":[]}"
VHI_M_2021-03_00000000000000000228,0.7300000190734863,553,3,Dry,2021,2021-03,"{""type"":""MultiPoint"",""coordinates"":[]}"
VHI_M_2021-04_00000000000000000017,0.4699999988079071,24,4,Dry,2021,2021-04,"{""type"":""MultiPoint"",""coordinates"":[]}"
VHI_M_2021-04_00000000000000000018,0.4350000023841858,25,4,Dry,2021,2021-04,"{""type"":""MultiPoint"",""coordinates"":[]}"
VHI_M_2021-04_00000000000000000019,0.47999998927116394,26,4,Dry,2021,2021-04,"{""type"":""MultiPoint"",""coordinates"":[]}"
VHI_M_2021-04_0000000000000000001a,0.4449999928474426,27,4,Dry,2021,2021-04,"{""type"":""MultiPoint"",""coordinates"":[]}"
VHI_M_2021-04_0000000000000000005b,0.5,92,4,Dry,2021,2021-04,"{""type"":""MultiPoint"",""coordinates"":[]}"
VHI_M_2021-04_0000000000000000005c,0.41499999165534973,93,4,Dry,2021,2021-04,"{""type"":""MultiPoint"",""coordinates"":[]}"
VHI_M_2021-04_0000000000000000005d,,94,4,Dry,2021,2021-04,"{""type"":""MultiPoint"",""coordinates"":[]}"
VHI_M_2021-04_0000000000000000005e,0.45500001311302185,95,4,Dry,2021,2021-04,"{""type"":""MultiPoint"",""coordinates"":[]}"
VHI_M_2021-04_0000000000000000005f,0.5450000166893005,96,4,Dry,2021,2021-04,"{""type"":""MultiPoint"",""coordinates"":[]}"
VHI_M_2021-04_000000000000000000b6,0.6100000143051147,183,4,Dry,2021,2021-04,"{""type"":""MultiPoint"",""coordinates"":[]}"
VHI_M_2021-04_000000000000000000b7,0.7300000190734863,184,4,Dry,2021,2021-04,"{""type"":""MultiPoint"",""coordinates"":[]}"
VHI_M_2021-04_000000000000000000b8,0.4350000023841858,185,4,Dry,2021,2021-04,"{""type"":""MultiPoint"",""coordinates"":[]}"
VHI_M_2021-04_000000000000000000b9,0.6499999761581421,186,4,Dry,2021,2021-04,"{""type"":""MultiPoint"",""coordinates"":[]}"
VHI_M_2021-04_000000000000000000ba,0.6349999904632568,187,4,Dry,2021,2021-04,"{""type"":""MultiPoint"",""coordinates"":[]}"
VHI_M_2021-04_000000000000000000bb,0.47999998927116394,188,4,Dry,2021,2021-04,"{""type"":""MultiPoint"",""coordinates"":[]}"
VHI_M_2021-04_000000000000000001a0,0.6700000166893005,417,4,Dry,2021,2021-04,"{""type"":""MultiPoint"",""coordinates"":[]}"
VHI_M_2021-04_000000000000000001a1,0.5550000071525574,418,4,Dry,2021,2021-04,"{""type"":""MultiPoint"",""coordinates"":[]}"
VHI_M_2021-04_000000000000000001a2,0.6549999713897705,419,4,Dry,2021,2021-04,"{""type"":""MultiPoint"",""coordinates"":[]}"
VHI_M_2021-04_000000000000000001a3,0.5199999809265137,420,4,Dry,2021,2021-04,"{""type"":""MultiPoint"",""coordinates"":[]}"
VHI_M_2021-04_000000000000000001cb,0.45500001311302185,460,4,Dry,2021,2021-04,"{""type"":""MultiPoint"",""coordinates"":[]}"
VHI_M_2021-04_000000000000000001cc,0.5249999761581421,461,4,Dry,2021,2021-04,"{""type"":""MultiPoint"",""coordinates"":[]}"
VHI_M_2021-04_0000000000000000021b,0.5,540,4,Dry,2021,2021-04,"{""type"":""MultiPoint"",""coordinates"":[]}"
VHI_M_2021-04_0000000000000000021c,0.5350000262260437,541,4,Dry,2021,2021-04,"{""type"":""MultiPoint"",""coordinates"":[]}"
VHI_M_2021-04_0000000000000000021d,0.5450000166893005,542,4,Dry,2021,2021-04,"{""type"":""MultiPoint"",""coordinates"":[]}"
VHI_M_2021-04_000000000000000000bf,0.5600000023841858,192,4,Dry,2021,2021-04,"{""type"":""MultiPoint"",""coordinates"":[]}"
VHI_M_2021-04_000000000000000000c0,0.6349999904632568,193,4,Dry,2021,2021-04,"{""type"":""MultiPoint"",""coordinates"":[]}"
VHI_M_2021-04_0000000000000000010a,0.6000000238418579,267,4,Dry,2021,2021-04,"{""type"":""MultiPoint"",""coordinates"":[]}"
VHI_M_2021-04_0000000000000000010b,0.6050000190734863,268,4,Dry,2021,2021-04,"{""type"":""MultiPoint"",""coordinates"":[]}"
VHI_M_2021-04_00000000000000000226,0.5249999761581421,551,4,Dry,2021,2021-04,"{""type"":""MultiPoint"",""coordinates"":[]}"
VHI_M_2021-04_00000000000000000227,0.5799999833106995,552,4,Dry,2021,2021-04,"{""type"":""MultiPoint"",""coordinates"":[]}"
VHI_M_2021-04_000000000000000001a4,0.5600000023841858,421,4,Dry,2021,2021-04,"{""type"":""MultiPoint"",""coordinates"":[]}"
VHI_M_2021-04_000000000000000001a5,0.4650000035762787,422,4,Dry,2021,2021-04,"{""type"":""MultiPoint"",""coordinates"":[]}"
VHI_M_2021-04_000000000000000001a6,0.45500001311302185,423,4,Dry,2021,2021-04,"{""type"":""MultiPoint"",""coordinates"":[]}"
VHI_M_2021-04_000000000000000001a7,0.5699999928474426,424,4,Dry,2021,2021-04,"{""type"":""MultiPoint"",""coordinates"":[]}"
VHI_M_2021-04_000000000000000001a8,0.5799999833106995,425,4,Dry,2021,2021-04,"{""type"":""MultiPoint"",""coordinates"":[]}"
VHI_M_2021-04_000000000000000001a9,0.4650000035762787,426,4,Dry,2021,2021-04,"{""type"":""MultiPoint"",""coordinates"":[]}"
VHI_M_2021-04_000000000000000001aa,0.41999998688697815,427,4,Dry,2021,2021-04,"{""type"":""MultiPoint"",""coordinates"":[]}"
VHI_M_2021-04_000000000000000001fe,0.6499999761581421,511,4,Dry,2021,2021-04,"{""type"":""MultiPoint"",""coordinates"":[]}"
VHI_M_2021-04_000000000000000001ff,0.5649999976158142,512,4,Dry,2021,2021-04,"{""type"":""MultiPoint"",""coordinates"":[]}"
VHI_M_2021-04_00000000000000000200,0.46000000834465027,513,4,Dry,2021,2021-04,"{""type"":""MultiPoint"",""coordinates"":[]}"
VHI_M_2021-04_00000000000000000201,0.49000000953674316,514,4,Dry,2021,2021-04,"{""type"":""MultiPoint"",""coordinates"":[]}"
VHI_M_2021-04_00000000000000000202,0.5649999976158142,515,4,Dry,2021,2021-04,"{""type"":""MultiPoint"",""coordinates"":[]}"
VHI_M_2021-04_00000000000000000002,0.5149999856948853,3,4,Dry,2021,2021-04,"{""type"":""MultiPoint"",""coordinates"":[]}"
VHI_M_2021-04_0000000000000000000d,0.6150000095367432,14,4,Dry,2021,2021-04,"{""type"":""MultiPoint"",""coordinates"":[]}"
VHI_M_2021-04_00000000000000000027,0.5,40,4,Dry,2021,2021-04,"{""type"":""MultiPoint"",""coordinates"":[]}"
VHI_M_2021-04_00000000000000000070,0.524999976158142,113,4,Dry,2021,2021-04,"{""type"":""MultiPoint"",""coordinates"":[]}"
VHI_M_2021-04_00000000000000000071,0.5350000262260437,114,4,Dry,2021,2021-04,"{""type"":""MultiPoint"",""coordinates"":[]}"
VHI_M_2021-04_000000000000000001b0,0.47999998927116394,433,4,Dry,2021,2021-04,"{""type"":""MultiPoint"",""coordinates"":[]}"
VHI_M_2021-04_000000000000000001b1,0.5550000071525574,434,4,Dry,2021,2021-04,"{""type"":""MultiPoint"",""coordinates"":[]}"
VHI_M_2021-04_000000000000000001b2,0.46000000834465027,435,4,Dry,2021,2021-04,"{""type"":""MultiPoint"",""coordinates"":[]}"
VHI_M_2021-04_000000000000000001cd,0.5799999833106995,462,4,Dry,2021,2021-04,"{""type"":""MultiPoint"",""coordinates"":[]}"
VHI_M_2021-04_000000000000000001ce,0.5500000119209288,463,4,Dry,2021,2021-04,"{""type"":""MultiPoint"",""coordinates"":[]}"
VHI_M_2021-04_000000000000000001cf,0.5699999928474426,464,4,Dry,2021,2021-04,"{""type"":""MultiPoint"",""coordinates"":[]}"
VHI_M_2021-04_0000000000000000001c,0.6150000095367433,29,4,Dry,2021,2021-04,"{""type"":""MultiPoint"",""coordinates"":[]}"
VHI_M_2021-04_0000000000000000001d,0.6200000047683716,30,4,Dry,2021,2021-04,"{""type"":""MultiPoint"",""coordinates"":[]}"
VHI_M_2021-04_0000000000000000001e,0.6000000238418579,31,4,Dry,2021,2021-04,"{""type"":""MultiPoint"",""coordinates"":[]}"
VHI_M_2021-04_00000000000000000026,0.5950000286102295,39,4,Dry,2021,2021-04,"{""type"":""MultiPoint"",""coordinates"":[]}"
VHI_M_2021-04_000000000000000000f9,0.6100000143051146,250,4,Dry,2021,2021-04,"{""type"":""MultiPoint"",""coordinates"":[]}"
VHI_M_2021-04_000000000000000000fa,0.6000000238418579,251,4,Dry,2021,2021-04,"{""type"":""MultiPoint"",""coordinates"":[]}"
VHI_M_2021-04_000000000000000000fb,0.6050000190734862,252,4,Dry,2021,2021-04,"{""type"":""MultiPoint"",""coordinates"":[]}"
VHI_M_2021-04_000000000000000000fc,0.6349999904632568,253,4,Dry,2021,2021-04,"{""type"":""MultiPoint"",""coordinates"":[]}"
VHI_M_2021-04_00000000000000000163,0.5899999737739562,356,4,Dry,2021,2021-04,"{""type"":""MultiPoint"",""coordinates"":[]}"
VHI_M_2021-04_00000000000000000164,0.600000023841858,357,4,Dry,2021,2021-04,"{""type"":""MultiPoint"",""coordinates"":[]}"
VHI_M_2021-04_00000000000000000165,0.5950000286102295,358,4,Dry,2021,2021-04,"{""type"":""MultiPoint"",""coordinates"":[]}"
VHI_M_2021-04_00000000000000000166,0.6150000095367432,359,4,Dry,2021,2021-04,"{""type"":""MultiPoint"",""coordinates"":[]}"
VHI_M_2021-04_00000000000000000149,0.6600000262260436,330,4,Dry,2021,2021-04,"{""type"":""MultiPoint"",""coordinates"":[]}"
VHI_M_2021-04_0000000000000000014a,0.5699999928474426,331,4,Dry,2021,2021-04,"{""type"":""MultiPoint"",""coordinates"":[]}"
VHI_M_2021-04_0000000000000000014b,0.625,332,4,Dry,2021,2021-04,"{""type"":""MultiPoint"",""coordinates"":[]}"
VHI_M_2021-04_0000000000000000014c,0.6449999809265137,333,4,Dry,2021,2021-04,"{""type"":""MultiPoint"",""coordinates"":[]}"
VHI_M_2021-04_0000000000000000014d,0.625,334,4,Dry,2021,2021-04,"{""type"":""MultiPoint"",""coordinates"":[]}"
VHI_M_2021-04_0000000000000000014e,0.5849999785423279,335,4,Dry,2021,2021-04,"{""type"":""MultiPoint"",""coordinates"":[]}"
VHI_M_2021-04_00000000000000000158,0.6000000238418578,345,4,Dry,2021,2021-04,"{""type"":""MultiPoint"",""coordinates"":[]}"
VHI_M_2021-04_00000000000000000159,0.649999976158142,346,4,Dry,2021,2021-04,"{""type"":""MultiPoint"",""coordinates"":[]}"
VHI_M_2021-04_0000000000000000015a,0.574999988079071,347,4,Dry,2021,2021-04,"{""type"":""MultiPoint"",""coordinates"":[]}"
VHI_M_2021-04_0000000000000000015b,0.6150000095367432,348,4,Dry,2021,2021-04,"{""type"":""MultiPoint"",""coordinates"":[]}"
VHI_M_2021-04_0000000000000000015c,0.5450000166893005,349,4,Dry,2021,2021-04,"{""type"":""MultiPoint"",""coordinates"":[]}"
VHI_M_2021-04_0000000000000000015d,0.6299999952316283,350,4,Dry,2021,2021-04,"{""type"":""MultiPoint"",""coordinates"":[]}"
VHI_M_2021-04_00000000000000000008,0.5450000166893005,9,4,Dry,2021,2021-04,"{""type"":""MultiPoint"",""coordinates"":[]}"
VHI_M_2021-04_000000000000000000c2,0.5400000214576722,195,4,Dry,2021,2021-04,"{""type"":""MultiPoint"",""coordinates"":[]}"
VHI_M_2021-04_000000000000000000c3,0.5899999737739562,196,4,Dry,2021,2021-04,"{""type"":""MultiPoint"",""coordinates"":[]}"
VHI_M_2021-04_000000000000000000c4,0.5950000286102295,197,4,Dry,2021,2021-04,"{""type"":""MultiPoint"",""coordinates"":[]}"
VHI_M_2021-04_000000000000000000c5,0.5450000166893004,198,4,Dry,2021,2021-04,"{""type"":""MultiPoint"",""coordinates"":[]}"
VHI_M_2021-04_000000000000000000c6,0.5550000071525574,199,4,Dry,2021,2021-04,"{""type"":""MultiPoint"",""coordinates"":[]}"
VHI_M_2021-04_000000000000000000c7,0.5649999976158143,200,4,Dry,2021,2021-04,"{""type"":""MultiPoint"",""coordinates"":[]}"
VHI_M_2021-04_000000000000000000c8,0.5099999904632568,201,4,Dry,2021,2021-04,"{""type"":""MultiPoint"",""coordinates"":[]}"
VHI_M_2021-04_000000000000000000c9,0.5600000023841858,202,4,Dry,2021,2021-04,"{""type"":""MultiPoint"",""coordinates"":[]}"
VHI_M_2021-04_00000000000000000136,0.5950000286102295,311,4,Dry,2021,2021-04,"{""type"":""MultiPoint"",""coordinates"":[]}"
VHI_M_2021-04_00000000000000000137,0.6549999713897705,312,4,Dry,2021,2021-04,"{""type"":""MultiPoint"",""coordinates"":[]}"
VHI_M_2021-04_00000000000000000138,0.6399999856948855,313,4,Dry,2021,2021-04,"{""type"":""MultiPoint"",""coordinates"":[]}"
VHI_M_2021-04_00000000000000000139,0.6449999809265139,314,4,Dry,2021,2021-04,"{""type"":""MultiPoint"",""coordinates"":[]}"
VHI_M_2021-04_0000000000000000013a,0.6150000095367432,315,4,Dry,2021,2021-04,"{""type"":""MultiPoint"",""coordinates"":[]}"
VHI_M_2021-04_000000000000000001ef,0.5400000214576721,496,4,Dry,2021,2021-04,"{""type"":""MultiPoint"",""coordinates"":[]}"
VHI_M_2021-04_000000000000000001f0,0.5500000119209288,497,4,Dry,2021,2021-04,"{""type"":""MultiPoint"",""coordinates"":[]}"
VHI_M_2021-04_00000000000000000081,0.44999998807907104,130,4,Dry,2021,2021-04,"{""type"":""MultiPoint"",""coordinates"":[]}"
VHI_M_2021-04_000000000000000000a0,0.5649999976158142,161,4,Dry,2021,2021-04,"{""type"":""MultiPoint"",""coordinates"":[]}"
VHI_M_2021-04_000000000000000000a1,0.5799999833106995,162,4,Dry,2021,2021-04,"{""type"":""MultiPoint"",""coordinates"":[]}"
VHI_M_2021-04_000000000000000000a2,0.6600000262260436,163,4,Dry,2021,2021-04,"{""type"":""MultiPoint"",""coordinates"":[]}"
VHI_M_2021-04_000000000000000000a3,0.5649999976158142,164,4,Dry,2021,2021-04,"{""type"":""MultiPoint"",""coordinates"":[]}"
VHI_M_2021-04_000000000000000000a4,0.675000011920929,165,4,Dry,2021,2021-04,"{""type"":""MultiPoint"",""coordinates"":[]}"
VHI_M_2021-04_0000000000000000014f,0.5600000023841858,336,4,Dry,2021,2021-04,"{""type"":""MultiPoint"",""coordinates"":[]}"
VHI_M_2021-04_00000000000000000150,0.550000011920929,337,4,Dry,2021,2021-04,"{""type"":""MultiPoint"",""coordinates"":[]}"
VHI_M_2021-04_00000000000000000151,0.5950000286102295,338,4,Dry,2021,2021-04,"{""type"":""MultiPoint"",""coordinates"":[]}"
VHI_M_2021-04_00000000000000000152,0.5600000023841858,339,4,Dry,2021,2021-04,"{""type"":""MultiPoint"",""coordinates"":[]}"
VHI_M_2021-04_00000000000000000153,0.550000011920929,340,4,Dry,2021,2021-04,"{""type"":""MultiPoint"",""coordinates"":[]}"
VHI_M_2021-04_00000000000000000171,0.5950000286102294,370,4,Dry,2021,2021-04,"{""type"":""MultiPoint"",""coordinates"":[]}"
VHI_M_2021-04_00000000000000000172,0.5899999737739563,371,4,Dry,2021,2021-04,"{""type"":""MultiPoint"",""coordinates"":[]}"
VHI_M_2021-04_00000000000000000173,0.6050000190734863,372,4,Dry,2021,2021-04,"{""type"":""MultiPoint"",""coordinates"":[]}"
VHI_M_2021-04_000000000000000001f1,0.574999988079071,498,4,Dry,2021,2021-04,"{""type"":""MultiPoint"",""coordinates"":[]}"
VHI_M_2021-04_000000000000000001f2,0.5649999976158142,499,4,Dry,2021,2021-04,"{""type"":""MultiPoint"",""coordinates"":[]}"
VHI_M_2021-04_000000000000000001f3,0.5550000071525574,500,4,Dry,2021,2021-04,"{""type"":""MultiPoint"",""coordinates"":[]}"
VHI_M_2021-04_00000000000000000092,0.6449999809265137,147,4,Dry,2021,2021-04,"{""type"":""MultiPoint"",""coordinates"":[]}"
VHI_M_2021-04_00000000000000000093,0.5950000286102295,148,4,Dry,2021,2021-04,"{""type"":""MultiPoint"",""coordinates"":[]}"
VHI_M_2021-04_00000000000000000094,0.550000011920929,149,4,Dry,2021,2021-04,"{""type"":""MultiPoint"",""coordinates"":[]}"
VHI_M_2021-04_00000000000000000095,0.5199999809265137,150,4,Dry,2021,2021-04,"{""type"":""MultiPoint"",""coordinates"":[]}"
VHI_M_2021-04_00000000000000000096,0.6150000095367432,151,4,Dry,2021,2021-04,"{""type"":""MultiPoint"",""coordinates"":[]}"
VHI_M_2021-04_00000000000000000097,0.6800000071525574,152,4,Dry,2021,2021-04,"{""type"":""MultiPoint"",""coordinates"":[]}"
VHI_M_2021-04_00000000000000000098,0.5400000214576721,153,4,Dry,2021,2021-04,"{""type"":""MultiPoint"",""coordinates"":[]}"
VHI_M_2021-04_000000000000000000a9,0.5450000166893005,170,4,Dry,2021,2021-04,"{""type"":""MultiPoint"",""coordinates"":[]}"
VHI_M_2021-04_0000000000000000017c,0.5400000214576721,381,4,Dry,2021,2021-04,"{""type"":""MultiPoint"",""coordinates"":[]}"
VHI_M_2021-04_0000000000000000017d,0.5249999761581421,382,4,Dry,2021,2021-04,"{""type"":""MultiPoint"",""coordinates"":[]}"
VHI_M_2021-04_0000000000000000017e,0.5649999976158143,383,4,Dry,2021,2021-04,"{""type"":""MultiPoint"",""coordinates"":[]}"
VHI_M_2021-04_000000000000000001ee,0.6549999713897705,495,4,Dry,2021,2021-04,"{""type"":""MultiPoint"",""coordinates"":[]}"
VHI_M_2021-04_0000000000000000020d,0.5849999785423279,526,4,Dry,2021,2021-04,"{""type"":""MultiPoint"",""coordinates"":[]}"
VHI_M_2021-04_0000000000000000020e,0.5849999785423281,527,4,Dry,2021,2021-04,"{""type"":""MultiPoint"",""coordinates"":[]}"
VHI_M_2021-04_0000000000000000020f,0.5899999737739563,528,4,Dry,2021,2021-04,"{""type"":""MultiPoint"",""coordinates"":[]}"
VHI_M_2021-04_00000000000000000210,0.5950000286102295,529,4,Dry,2021,2021-04,"{""type"":""MultiPoint"",""coordinates"":[]}"
VHI_M_2021-04_00000000000000000211,0.5249999761581421,530,4,Dry,2021,2021-04,"{""type"":""MultiPoint"",""coordinates"":[]}"
VHI_M_2021-04_00000000000000000058,0.5350000262260437,89,4,Dry,2021,2021-04,"{""type"":""MultiPoint"",""coordinates"":[]}"
VHI_M_2021-04_00000000000000000059,0.5400000214576721,90,4,Dry,2021,2021-04,"{""type"":""MultiPoint"",""coordinates"":[]}"
VHI_M_2021-04_0000000000000000018b,0.5,396,4,Dry,2021,2021-04,"{""type"":""MultiPoint"",""coordinates"":[]}"
VHI_M_2021-04_0000000000000000018c,0.5149999856948854,397,4,Dry,2021,2021-04,"{""type"":""MultiPoint"",""coordinates"":[]}"
VHI_M_2021-04_0000000000000000018d,0.4749999940395355,398,4,Dry,2021,2021-04,"{""type"":""MultiPoint"",""coordinates"":[]}"
VHI_M_2021-04_0000000000000000018e,0.5049999952316284,399,4,Dry,2021,2021-04,"{""type"":""MultiPoint"",""coordinates"":[]}"
VHI_M_2021-04_00000000000000000036,0.6200000047683716,55,4,Dry,2021,2021-04,"{""type"":""MultiPoint"",""coordinates"":[]}"
VHI_M_2021-04_000000000000000000db,0.5299999713897705,220,4,Dry,2021,2021-04,"{""type"":""MultiPoint"",""coordinates"":[]}"
VHI_M_2021-04_000000000000000000dc,0.5600000023841858,221,4,Dry,2021,2021-04,"{""type"":""MultiPoint"",""coordinates"":[]}"
VHI_M_2021-04_000000000000000000dd,0.5350000262260437,222,4,Dry,2021,2021-04,"{""type"":""MultiPoint"",""coordinates"":[]}"
VHI_M_2021-04_00000000000000000102,0.6449999809265137,259,4,Dry,2021,2021-04,"{""type"":""MultiPoint"",""coordinates"":[]}"
VHI_M_2021-04_00000000000000000103,0.625,260,4,Dry,2021,2021-04,"{""type"":""MultiPoint"",""coordinates"":[]}"
VHI_M_2021-04_00000000000000000104,0.6150000095367433,261,4,Dry,2021,2021-04,"{""type"":""MultiPoint"",""coordinates"":[]}"
VHI_M_2021-04_00000000000000000105,0.6150000095367433,262,4,Dry,2021,2021-04,"{""type"":""MultiPoint"",""coordinates"":[]}"
VHI_M_2021-04_0000000000000000000a,0.6700000166893004,11,4,Dry,2021,2021-04,"{""type"":""MultiPoint"",""coordinates"":[]}"
VHI_M_2021-04_000000000000000000b1,0.5699999928474426,178,4,Dry,2021,2021-04,"{""type"":""MultiPoint"",""coordinates"":[]}"
VHI_M_2021-04_000000000000000000b2,0.5849999785423279,179,4,Dry,2021,2021-04,"{""type"":""MultiPoint"",""coordinates"":[]}"
VHI_M_2021-04_000000000000000000b3,0.5450000166893005,180,4,Dry,2021,2021-04,"{""type"":""MultiPoint"",""coordinates"":[]}"
VHI_M_2021-04_000000000000000000ca,0.5799999833106995,203,4,Dry,2021,2021-04,"{""type"":""MultiPoint"",""coordinates"":[]}"
VHI_M_2021-04_000000000000000000d2,0.6000000238418578,211,4,Dry,2021,2021-04,"{""type"":""MultiPoint"",""coordinates"":[]}"
VHI_M_2021-04_000000000000000000d3,0.6050000190734862,212,4,Dry,2021,2021-04,"{""type"":""MultiPoint"",""coordinates"":[]}"
VHI_M_2021-04_000000000000000000d4,0.6549999713897706,213,4,Dry,2021,2021-04,"{""type"":""MultiPoint"",""coordinates"":[]}"
VHI_M_2021-04_000000000000000000d5,0.5950000286102295,214,4,Dry,2021,2021-04,"{""type"":""MultiPoint"",""coordinates"":[]}"
VHI_M_2021-04_000000000000000000bc,0.6449999809265137,189,4,Dry,2021,2021-04,"{""type"":""MultiPoint"",""coordinates"":[]}"
VHI_M_2021-04_000000000000000000bd,0.6299999952316283,190,4,Dry,2021,2021-04,"{""type"":""MultiPoint"",""coordinates"":[]}"
VHI_M_2021-04_000000000000000000be,0.6600000262260438,191,4,Dry,2021,2021-04,"{""type"":""MultiPoint"",""coordinates"":[]}"
VHI_M_2021-04_000000000000000000f1,0.6399999856948853,242,4,Dry,2021,2021-04,"{""type"":""MultiPoint"",""coordinates"":[]}"
VHI_M_2021-04_00000000000000000100,0.6200000047683716,257,4,Dry,2021,2021-04,"{""type"":""MultiPoint"",""coordinates"":[]}"
VHI_M_2021-04_00000000000000000101,0.6200000047683716,258,4,Dry,2021,2021-04,"{""type"":""MultiPoint"",""coordinates"":[]}"
VHI_M_2021-04_0000000000000000012f,0.6100000143051147,304,4,Dry,2021,2021-04,"{""type"":""MultiPoint"",""coordinates"":[]}"
VHI_M_2021-04_00000000000000000130,0.5849999785423279,305,4,Dry,2021,2021-04,"{""type"":""MultiPoint"",""coordinates"":[]}"
VHI_M_2021-04_00000000000000000131,0.6000000238418579,306,4,Dry,2021,2021-04,"{""type"":""MultiPoint"",""coordinates"":[]}"
VHI_M_2021-04_00000000000000000065,0.5899999737739563,102,4,Dry,2021,2021-04,"{""type"":""MultiPoint"",""coordinates"":[]}"
VHI_M_2021-04_00000000000000000066,0.5799999833106996,103,4,Dry,2021,2021-04,"{""type"":""MultiPoint"",""coordinates"":[]}"
VHI_M_2021-04_00000000000000000067,0.6100000143051147,104,4,Dry,2021,2021-04,"{""type"":""MultiPoint"",""coordinates"":[]}"
VHI_M_2021-04_00000000000000000068,0.5649999976158142,105,4,Dry,2021,2021-04,"{""type"":""MultiPoint"",""coordinates"":[]}"
VHI_M_2021-04_00000000000000000109,0.5400000214576721,266,4,Dry,2021,2021-04,"{""type"":""MultiPoint"",""coordinates"":[]}"
VHI_M_2021-04_000000000000000001c1,0.5749999880790709,450,4,Dry,2021,2021-04,"{""type"":""MultiPoint"",""coordinates"":[]}"
VHI_M_2021-04_000000000000000001c2,0.5899999737739564,451,4,Dry,2021,2021-04,"{""type"":""MultiPoint"",""coordinates"":[]}"
VHI_M_2021-04_00000000000000000113,0.4950000047683716,276,4,Dry,2021,2021-04,"{""type"":""MultiPoint"",""coordinates"":[]}"
VHI_M_2021-04_00000000000000000114,0.5199999809265137,277,4,Dry,2021,2021-04,"{""type"":""MultiPoint"",""coordinates"":[]}"
VHI_M_2021-04_00000000000000000115,0.4900000095367431,278,4,Dry,2021,2021-04,"{""type"":""MultiPoint"",""coordinates"":[]}"
VHI_M_2021-04_00000000000000000116,0.574999988079071,279,4,Dry,2021,2021-04,"{""type"":""MultiPoint"",""coordinates"":[]}"
VHI_M_2021-04_00000000000000000117,0.5649999976158142,280,4,Dry,2021,2021-04,"{""type"":""MultiPoint"",""coordinates"":[]}"
VHI_M_2021-04_00000000000000000167,0.5649999976158142,360,4,Dry,2021,2021-04,"{""type"":""MultiPoint"",""coordinates"":[]}"
VHI_M_2021-04_00000000000000000168,0.6299999952316284,361,4,Dry,2021,2021-04,"{""type"":""MultiPoint"",""coordinates"":[]}"
VHI_M_2021-04_00000000000000000169,0.5849999785423279,362,4,Dry,2021,2021-04,"{""type"":""MultiPoint"",""coordinates"":[]}"
VHI_M_2021-04_0000000000000000016a,0.5299999713897705,363,4,Dry,2021,2021-04,"{""type"":""MultiPoint"",""coordinates"":[]}"
VHI_M_2021-04_0000000000000000016b,0.4900000095367433,364,4,Dry,2021,2021-04,"{""type"":""MultiPoint"",""coordinates"":[]}"
VHI_M_2021-04_0000000000000000016c,0.5199999809265137,365,4,Dry,2021,2021-04,"{""type"":""MultiPoint"",""coordinates"":[]}"
VHI_M_2021-04_0000000000000000016d,0.5600000023841858,366,4,Dry,2021,2021-04,"{""type"":""MultiPoint"",""coordinates"":[]}"
VHI_M_2021-04_000000000000000000cb,0.6200000047683716,204,4,Dry,2021,2021-04,"{""type"":""MultiPoint"",""coordinates"":[]}"
VHI_M_2021-04_000000000000000000eb,0.5849999785423278,236,4,Dry,2021,2021-04,"{""type"":""MultiPoint"",""coordinates"":[]}"
VHI_M_2021-04_000000000000000000ec,0.5600000023841858,237,4,Dry,2021,2021-04,"{""type"":""MultiPoint"",""coordinates"":[]}"
VHI_M_2021-04_000000000000000000ed,0.5299999713897703,238,4,Dry,2021,2021-04,"{""type"":""MultiPoint"",""coordinates"":[]}"
VHI_M_2021-04_000000000000000000ee,0.5950000286102295,239,4,Dry,2021,2021-04,"{""type"":""MultiPoint"",""coordinates"":[]}"
VHI_M_2021-04_000000000000000000ef,0.6150000095367432,240,4,Dry,2021,2021-04,"{""type"":""MultiPoint"",""coordinates"":[]}"
VHI_M_2021-04_00000000000000000146,0.625,327,4,Dry,2021,2021-04,"{""type"":""MultiPoint"",""coordinates"":[]}"
VHI_M_2021-04_00000000000000000147,0.5849999785423278,328,4,Dry,2021,2021-04,"{""type"":""MultiPoint"",""coordinates"":[]}"
VHI_M_2021-04_00000000000000000148,0.6000000238418579,329,4,Dry,2021,2021-04,"{""type"":""MultiPoint"",""coordinates"":[]}"
VHI_M_2021-04_0000000000000000015e,0.574999988079071,351,4,Dry,2021,2021-04,"{""type"":""MultiPoint"",""coordinates"":[]}"
VHI_M_2021-04_0000000000000000015f,0.6150000095367432,352,4,Dry,2021,2021-04,"{""type"":""MultiPoint"",""coordinates"":[]}"
VHI_M_2021-04_00000000000000000160,0.5199999809265137,353,4,Dry,2021,2021-04,"{""type"":""MultiPoint"",""coordinates"":[]}"
VHI_M_2021-04_00000000000000000161,0.625,354,4,Dry,2021,2021-04,"{""type"":""MultiPoint"",""coordinates"":[]}"
VHI_M_2021-04_00000000000000000162,0.5849999785423279,355,4,Dry,2021,2021-04,"{""type"":""MultiPoint"",""coordinates"":[]}"
VHI_M_2021-04_00000000000000000010,0.6349999904632568,17,4,Dry,2021,2021-04,"{""type"":""MultiPoint"",""coordinates"":[]}"
VHI_M_2021-04_00000000000000000121,0.5350000262260437,290,4,Dry,2021,2021-04,"{""type"":""MultiPoint"",""coordinates"":[]}"
VHI_M_2021-04_00000000000000000122,0.5699999928474426,291,4,Dry,2021,2021-04,"{""type"":""MultiPoint"",""coordinates"":[]}"
VHI_M_2021-04_00000000000000000123,0.5299999713897706,292,4,Dry,2021,2021-04,"{""type"":""MultiPoint"",""coordinates"":[]}"
VHI_M_2021-04_0000000000000000019a,0.584999978542328,411,4,Dry,2021,2021-04,"{""type"":""MultiPoint"",""coordinates"":[]}"
VHI_M_2021-04_0000000000000000019b,0.6499999761581421,412,4,Dry,2021,2021-04,"{""type"":""MultiPoint"",""coordinates"":[]}"
VHI_M_2021-04_0000000000000000019c,0.6000000238418579,413,4,Dry,2021,2021-04,"{""type"":""MultiPoint"",""coordinates"":[]}"
VHI_M_2021-04_0000000000000000019d,0.665000021457672,414,4,Dry,2021,2021-04,"{""type"":""MultiPoint"",""coordinates"":[]}"
VHI_M_2021-04_0000000000000000019e,0.6050000190734863,415,4,Dry,2021,2021-04,"{""type"":""MultiPoint"",""coordinates"":[]}"
VHI_M_2021-04_0000000000000000019f,0.6499999761581421,416,4,Dry,2021,2021-04,"{""type"":""MultiPoint"",""coordinates"":[]}"
VHI_M_2021-04_00000000000000000216,0.6200000047683716,535,4,Dry,2021,2021-04,"{""type"":""MultiPoint"",""coordinates"":[]}"
VHI_M_2021-04_00000000000000000217,0.6200000047683716,536,4,Dry,2021,2021-04,"{""type"":""MultiPoint"",""coordinates"":[]}"
VHI_M_2021-04_00000000000000000218,0.5849999785423279,537,4,Dry,2021,2021-04,"{""type"":""MultiPoint"",""coordinates"":[]}"
VHI_M_2021-04_00000000000000000219,0.6050000190734864,538,4,Dry,2021,2021-04,"{""type"":""MultiPoint"",""coordinates"":[]}"
VHI_M_2021-04_0000000000000000021a,0.6000000238418579,539,4,Dry,2021,2021-04,"{""type"":""MultiPoint"",""coordinates"":[]}"
VHI_M_2021-04_00000000000000000004,0.6600000262260436,5,4,Dry,2021,2021-04,"{""type"":""MultiPoint"",""coordinates"":[]}"
VHI_M_2021-04_00000000000000000028,0.5699999928474427,41,4,Dry,2021,2021-04,"{""type"":""MultiPoint"",""coordinates"":[]}"
VHI_M_2021-04_00000000000000000029,0.6299999952316284,42,4,Dry,2021,2021-04,"{""type"":""MultiPoint"",""coordinates"":[]}"
VHI_M_2021-04_0000000000000000002a,0.6499999761581422,43,4,Dry,2021,2021-04,"{""type"":""MultiPoint"",""coordinates"":[]}"
VHI_M_2021-04_0000000000000000002b,0.5550000071525573,44,4,Dry,2021,2021-04,"{""type"":""MultiPoint"",""coordinates"":[]}"
VHI_M_2021-04_000000000000000000a7,0.6650000214576722,168,4,Dry,2021,2021-04,"{""type"":""MultiPoint"",""coordinates"":[]}"
VHI_M_2021-04_000000000000000000a8,0.6100000143051146,169,4,Dry,2021,2021-04,"{""type"":""MultiPoint"",""coordinates"":[]}"
VHI_M_2021-04_0000000000000000000c,0.5550000071525574,13,4,Dry,2021,2021-04,"{""type"":""MultiPoint"",""coordinates"":[]}"
VHI_M_2021-04_00000000000000000060,0.6299999952316284,97,4,Dry,2021,2021-04,"{""type"":""MultiPoint"",""coordinates"":[]}"
VHI_M_2021-04_00000000000000000061,0.699999988079071,98,4,Dry,2021,2021-04,"{""type"":""MultiPoint"",""coordinates"":[]}"
VHI_M_2021-04_00000000000000000062,0.5899999737739563,99,4,Dry,2021,2021-04,"{""type"":""MultiPoint"",""coordinates"":[]}"
VHI_M_2021-04_00000000000000000063,0.6449999809265138,100,4,Dry,2021,2021-04,"{""type"":""MultiPoint"",""coordinates"":[]}"
VHI_M_2021-04_00000000000000000064,0.5550000071525574,101,4,Dry,2021,2021-04,"{""type"":""MultiPoint"",""coordinates"":[]}"
VHI_M_2021-04_00000000000000000011,0.6349999904632568,18,4,Dry,2021,2021-04,"{""type"":""MultiPoint"",""coordinates"":[]}"
VHI_M_2021-04_00000000000000000033,0.7099999785423278,52,4,Dry,2021,2021-04,"{""type"":""MultiPoint"",""coordinates"":[]}"
VHI_M_2021-04_00000000000000000034,0.759999990463257,53,4,Dry,2021,2021-04,"{""type"":""MultiPoint"",""coordinates"":[]}"
VHI_M_2021-04_000000000000000001b3,0.6600000262260437,436,4,Dry,2021,2021-04,"{""type"":""MultiPoint"",""coordinates"":[]}"
VHI_M_2021-04_000000000000000001b4,0.675000011920929,437,4,Dry,2021,2021-04,"{""type"":""MultiPoint"",""coordinates"":[]}"
VHI_M_2021-04_000000000000000001b5,0.6200000047683716,438,4,Dry,2021,2021-04,"{""type"":""MultiPoint"",""coordinates"":[]}"
VHI_M_2021-04_00000000000000000005,0.6999999880790708,6,4,Dry,2021,2021-04,"{""type"":""MultiPoint"",""coordinates"":[]}"
VHI_M_2021-04_00000000000000000082,0.6650000214576719,131,4,Dry,2021,2021-04,"{""type"":""MultiPoint"",""coordinates"":[]}"
VHI_M_2021-04_00000000000000000083,0.6399999856948854,132,4,Dry,2021,2021-04,"{""type"":""MultiPoint"",""coordinates"":[]}"
VHI_M_2021-04_00000000000000000084,0.6650000214576721,133,4,Dry,2021,2021-04,"{""type"":""MultiPoint"",""coordinates"":[]}"
VHI_M_2021-04_00000000000000000085,0.6600000262260437,134,4,Dry,2021,2021-04,"{""type"":""MultiPoint"",""coordinates"":[]}"
VHI_M_2021-04_00000000000000000086,0.6850000023841858,135,4,Dry,2021,2021-04,"{""type"":""MultiPoint"",""coordinates"":[]}"
VHI_M_2021-04_00000000000000000087,0.6800000071525574,136,4,Dry,2021,2021-04,"{""type"":""MultiPoint"",""coordinates"":[]}"
VHI_M_2021-04_0000000000000000010c,0.5699999928474427,269,4,Dry,2021,2021-04,"{""type"":""MultiPoint"",""coordinates"":[]}"
VHI_M_2021-04_0000000000000000010d,0.6449999809265137,270,4,Dry,2021,2021-04,"{""type"":""MultiPoint"",""coordinates"":[]}"
VHI_M_2021-04_0000000000000000010e,0.6100000143051147,271,4,Dry,2021,2021-04,"{""type"":""MultiPoint"",""coordinates"":[]}"
VHI_M_2021-04_0000000000000000010f,0.6150000095367432,272,4,Dry,2021,2021-04,"{""type"":""MultiPoint"",""coordinates"":[]}"
VHI_M_2021-04_00000000000000000110,0.6299999952316285,273,4,Dry,2021,2021-04,"{""type"":""MultiPoint"",""coordinates"":[]}"
VHI_M_2021-04_00000000000000000111,0.6449999809265137,274,4,Dry,2021,2021-04,"{""type"":""MultiPoint"",""coordinates"":[]}"
VHI_M_2021-04_000000000000000001d0,0.6150000095367432,465,4,Dry,2021,2021-04,"{""type"":""MultiPoint"",""coordinates"":[]}"
VHI_M_2021-04_000000000000000001d1,0.6499999761581421,466,4,Dry,2021,2021-04,"{""type"":""MultiPoint"",""coordinates"":[]}"
VHI_M_2021-04_00000000000000000009,0.574999988079071,10,4,Dry,2021,2021-04,"{""type"":""MultiPoint"",""coordinates"":[]}"
VHI_M_2021-04_0000000000000000009e,0.6150000095367429,159,4,Dry,2021,2021-04,"{""type"":""MultiPoint"",""coordinates"":[]}"
VHI_M_2021-04_0000000000000000009f,0.5799999833106996,160,4,Dry,2021,2021-04,"{""type"":""MultiPoint"",""coordinates"":[]}"
VHI_M_2021-04_00000000000000000154,0.6600000262260437,341,4,Dry,2021,2021-04,"{""type"":""MultiPoint"",""coordinates"":[]}"
VHI_M_2021-04_00000000000000000155,0.5350000262260437,342,4,Dry,2021,2021-04,"{""type"":""MultiPoint"",""coordinates"":[]}"
VHI_M_2021-04_00000000000000000156,0.5649999976158142,343,4,Dry,2021,2021-04,"{""type"":""MultiPoint"",""coordinates"":[]}"
VHI_M_2021-04_00000000000000000157,0.5350000262260436,344,4,Dry,2021,2021-04,"{""type"":""MultiPoint"",""coordinates"":[]}"
VHI_M_2021-04_00000000000000000178,0.6449999809265138,377,4,Dry,2021,2021-04,"{""type"":""MultiPoint"",""coordinates"":[]}"
VHI_M_2021-04_00000000000000000179,0.4699999988079071,378,4,Dry,2021,2021-04,"{""type"":""MultiPoint"",""coordinates"":[]}"
VHI_M_2021-04_0000000000000000017a,0.5799999833106994,379,4,Dry,2021,2021-04,"{""type"":""MultiPoint"",""coordinates"":[]}"
VHI_M_2021-04_0000000000000000017b,0.4300000071525574,380,4,Dry,2021,2021-04,"{""type"":""MultiPoint"",""coordinates"":[]}"
VHI_M_2021-04_0000000000000000000f,0.7149999737739563,16,4,Dry,2021,2021-04,"{""type"":""MultiPoint"",""coordinates"":[]}"
VHI_M_2021-04_00000000000000000040,0.5849999785423279,65,4,Dry,2021,2021-04,"{""type"":""MultiPoint"",""coordinates"":[]}"
VHI_M_2021-04_00000000000000000041,0.6999999880790709,66,4,Dry,2021,2021-04,"{""type"":""MultiPoint"",""coordinates"":[]}"
VHI_M_2021-04_00000000000000000042,0.6650000214576721,67,4,Dry,2021,2021-04,"{""type"":""MultiPoint"",""coordinates"":[]}"
VHI_M_2021-04_00000000000000000043,0.665000021457672,68,4,Dry,2021,2021-04,"{""type"":""MultiPoint"",""coordinates"":[]}"
VHI_M_2021-04_00000000000000000192,0.6700000166893005,403,4,Dry,2021,2021-04,"{""type"":""MultiPoint"",""coordinates"":[]}"
VHI_M_2021-04_00000000000000000193,0.7300000190734864,404,4,Dry,2021,2021-04,"{""type"":""MultiPoint"",""coordinates"":[]}"
VHI_M_2021-04_00000000000000000194,0.699999988079071,405,4,Dry,2021,2021-04,"{""type"":""MultiPoint"",""coordinates"":[]}"
VHI_M_2021-04_000000000000000001d2,0.6549999713897706,467,4,Dry,2021,2021-04,"{""type"":""MultiPoint"",""coordinates"":[]}"
VHI_M_2021-04_000000000000000001d3,0.6549999713897705,468,4,Dry,2021,2021-04,"{""type"":""MultiPoint"",""coordinates"":[]}"
VHI_M_2021-04_000000000000000001d4,0.5450000166893005,469,4,Dry,2021,2021-04,"{""type"":""MultiPoint"",""coordinates"":[]}"
VHI_M_2021-04_000000000000000001d5,0.6850000023841858,470,4,Dry,2021,2021-04,"{""type"":""MultiPoint"",""coordinates"":[]}"
VHI_M_2021-04_000000000000000001d6,0.5649999976158142,471,4,Dry,2021,2021-04,"{""type"":""MultiPoint"",""coordinates"":[]}"
VHI_M_2021-04_000000000000000001d7,0.6449999809265134,472,4,Dry,2021,2021-04,"{""type"":""MultiPoint"",""coordinates"":[]}"
VHI_M_2021-04_00000000000000000069,0.6399999856948853,106,4,Dry,2021,2021-04,"{""type"":""MultiPoint"",""coordinates"":[]}"
VHI_M_2021-04_0000000000000000006a,0.6050000190734864,107,4,Dry,2021,2021-04,"{""type"":""MultiPoint"",""coordinates"":[]}"
VHI_M_2021-04_0000000000000000006b,0.5799999833106995,108,4,Dry,2021,2021-04,"{""type"":""MultiPoint"",""coordinates"":[]}"
VHI_M_2021-04_0000000000000000006c,0.6050000190734864,109,4,Dry,2021,2021-04,"{""type"":""MultiPoint"",""coordinates"":[]}"
VHI_M_2021-04_0000000000000000006d,0.6949999928474426,110,4,Dry,2021,2021-04,"{""type"":""MultiPoint"",""coordinates"":[]}"
VHI_M_2021-04_0000000000000000006e,0.6750000119209288,111,4,Dry,2021,2021-04,"{""type"":""MultiPoint"",""coordinates"":[]}"
VHI_M_2021-04_0000000000000000006f,0.6549999713897704,112,4,Dry,2021,2021-04,"{""type"":""MultiPoint"",""coordinates"":[]}"
VHI_M_2021-04_000000000000000000d6,0.6899999976158142,215,4,Dry,2021,2021-04,"{""type"":""MultiPoint"",""coordinates"":[]}"
VHI_M_2021-04_0000000000000000013b,0.7400000095367432,316,4,Dry,2021,2021-04,"{""type"":""MultiPoint"",""coordinates"":[]}"
VHI_M_2021-04_0000000000000000013c,0.7149999737739565,317,4,Dry,2021,2021-04,"{""type"":""MultiPoint"",""coordinates"":[]}"
VHI_M_2021-04_0000000000000000013d,0.6700000166893008,318,4,Dry,2021,2021-04,"{""type"":""MultiPoint"",""coordinates"":[]}"
VHI_M_2021-04_0000000000000000013e,0.6150000095367432,319,4,Dry,2021,2021-04,"{""type"":""MultiPoint"",""coordinates"":[]}"
VHI_M_2021-04_0000000000000000013f,0.6449999809265137,320,4,Dry,2021,2021-04,"{""type"":""MultiPoint"",""coordinates"":[]}"
VHI_M_2021-04_00000000000000000140,0.675000011920929,321,4,Dry,2021,2021-04,"{""type"":""MultiPoint"",""coordinates"":[]}"
VHI_M_2021-04_000000000000000001bc,0.5799999833106996,445,4,Dry,2021,2021-04,"{""type"":""MultiPoint"",""coordinates"":[]}"
VHI_M_2021-04_000000000000000001bd,0.6000000238418578,446,4,Dry,2021,2021-04,"{""type"":""MultiPoint"",""coordinates"":[]}"
VHI_M_2021-04_000000000000000001be,0.709999978542328,447,4,Dry,2021,2021-04,"{""type"":""MultiPoint"",""coordinates"":[]}"
VHI_M_2021-04_000000000000000001bf,0.6200000047683716,448,4,Dry,2021,2021-04,"{""type"":""MultiPoint"",""coordinates"":[]}"
VHI_M_2021-04_000000000000000001c0,0.6899999976158142,449,4,Dry,2021,2021-04,"{""type"":""MultiPoint"",""coordinates"":[]}"
VHI_M_2021-04_00000000000000000006,0.7250000238418579,7,4,Dry,2021,2021-04,"{""type"":""MultiPoint"",""coordinates"":[]}"
VHI_M_2021-04_0000000000000000002c,0.6549999713897706,45,4,Dry,2021,2021-04,"{""type"":""MultiPoint"",""coordinates"":[]}"
VHI_M_2021-04_0000000000000000002d,0.5899999737739563,46,4,Dry,2021,2021-04,"{""type"":""MultiPoint"",""coordinates"":[]}"
VHI_M_2021-04_0000000000000000002e,0.6700000166893005,47,4,Dry,2021,2021-04,"{""type"":""MultiPoint"",""coordinates"":[]}"
VHI_M_2021-04_0000000000000000002f,0.6349999904632568,48,4,Dry,2021,2021-04,"{""type"":""MultiPoint"",""coordinates"":[]}"
VHI_M_2021-04_0000000000000000009b,0.6899999976158143,156,4,Dry,2021,2021-04,"{""type"":""MultiPoint"",""coordinates"":[]}"
VHI_M_2021-04_0000000000000000009c,0.6650000214576719,157,4,Dry,2021,2021-04,"{""type"":""MultiPoint"",""coordinates"":[]}"
VHI_M_2021-04_0000000000000000009d,0.7099999785423279,158,4,Dry,2021,2021-04,"{""type"":""MultiPoint"",""coordinates"":[]}"
VHI_M_2021-04_000000000000000001b6,0.7200000286102295,439,4,Dry,2021,2021-04,"{""type"":""MultiPoint"",""coordinates"":[]}"
VHI_M_2021-04_000000000000000001b7,0.6200000047683717,440,4,Dry,2021,2021-04,"{""type"":""MultiPoint"",""coordinates"":[]}"
VHI_M_2021-04_000000000000000001b8,0.649999976158142,441,4,Dry,2021,2021-04,"{""type"":""MultiPoint"",""coordinates"":[]}"
VHI_M_2021-04_000000000000000001b9,0.6399999856948854,442,4,Dry,2021,2021-04,"{""type"":""MultiPoint"",""coordinates"":[]}"
VHI_M_2021-04_000000000000000001ba,0.649999976158142,443,4,Dry,2021,2021-04,"{""type"":""MultiPoint"",""coordinates"":[]}"
VHI_M_2021-04_000000000000000001bb,0.6850000023841858,444,4,Dry,2021,2021-04,"{""type"":""MultiPoint"",""coordinates"":[]}"
VHI_M_2021-04_00000000000000000221,0.5950000286102295,546,4,Dry,2021,2021-04,"{""type"":""MultiPoint"",""coordinates"":[]}"
VHI_M_2021-04_00000000000000000222,0.6050000190734863,547,4,Dry,2021,2021-04,"{""type"":""MultiPoint"",""coordinates"":[]}"
VHI_M_2021-04_00000000000000000223,0.6650000214576721,548,4,Dry,2021,2021-04,"{""type"":""MultiPoint"",""coordinates"":[]}"
VHI_M_2021-04_00000000000000000224,0.6600000262260437,549,4,Dry,2021,2021-04,"{""type"":""MultiPoint"",""coordinates"":[]}"
VHI_M_2021-04_00000000000000000225,0.5950000286102295,550,4,Dry,2021,2021-04,"{""type"":""MultiPoint"",""coordinates"":[]}"
VHI_M_2021-04_00000000000000000053,0.6150000095367433,84,4,Dry,2021,2021-04,"{""type"":""MultiPoint"",""coordinates"":[]}"
VHI_M_2021-04_00000000000000000054,0.6349999904632567,85,4,Dry,2021,2021-04,"{""type"":""MultiPoint"",""coordinates"":[]}"
VHI_M_2021-04_00000000000000000055,0.625,86,4,Dry,2021,2021-04,"{""type"":""MultiPoint"",""coordinates"":[]}"
VHI_M_2021-04_00000000000000000056,0.6050000190734863,87,4,Dry,2021,2021-04,"{""type"":""MultiPoint"",""coordinates"":[]}"
VHI_M_2021-04_00000000000000000057,0.6150000095367429,88,4,Dry,2021,2021-04,"{""type"":""MultiPoint"",""coordinates"":[]}"
VHI_M_2021-04_000000000000000000de,0.634999990463257,223,4,Dry,2021,2021-04,"{""type"":""MultiPoint"",""coordinates"":[]}"
VHI_M_2021-04_000000000000000000df,0.7300000190734864,224,4,Dry,2021,2021-04,"{""type"":""MultiPoint"",""coordinates"":[]}"
VHI_M_2021-04_000000000000000000e0,0.6700000166893004,225,4,Dry,2021,2021-04,"{""type"":""MultiPoint"",""coordinates"":[]}"
VHI_M_2021-04_000000000000000000e1,0.7400000095367432,226,4,Dry,2021,2021-04,"{""type"":""MultiPoint"",""coordinates"":[]}"
VHI_M_2021-04_000000000000000000ff,0.6299999952316284,256,4,Dry,2021,2021-04,"{""type"":""MultiPoint"",""coordinates"":[]}"
VHI_M_2021-04_0000000000000000011c,0.6899999976158142,285,4,Dry,2021,2021-04,"{""type"":""MultiPoint"",""coordinates"":[]}"
VHI_M_2021-04_0000000000000000011d,0.625,286,4,Dry,2021,2021-04,"{""type"":""MultiPoint"",""coordinates"":[]}"
VHI_M_2021-04_0000000000000000011e,0.6750000119209292,287,4,Dry,2021,2021-04,"{""type"":""MultiPoint"",""coordinates"":[]}"
VHI_M_2021-04_0000000000000000011f,0.6700000166893004,288,4,Dry,2021,2021-04,"{""type"":""MultiPoint"",""coordinates"":[]}"
VHI_M_2021-04_000000000000000001c4,0.6200000047683717,453,4,Dry,2021,2021-04,"{""type"":""MultiPoint"",""coordinates"":[]}"
VHI_M_2021-04_000000000000000001c5,0.699999988079071,454,4,Dry,2021,2021-04,"{""type"":""MultiPoint"",""coordinates"":[]}"
VHI_M_2021-04_000000000000000001c6,0.7099999785423279,455,4,Dry,2021,2021-04,"{""type"":""MultiPoint"",""coordinates"":[]}"
VHI_M_2021-04_00000000000000000003,0.625,4,4,Dry,2021,2021-04,"{""type"":""MultiPoint"",""coordinates"":[]}"
VHI_M_2021-04_0000000000000000001b,0.6600000262260437,28,4,Dry,2021,2021-04,"{""type"":""MultiPoint"",""coordinates"":[]}"
VHI_M_2021-04_00000000000000000186,0.7749999761581421,391,4,Dry,2021,2021-04,"{""type"":""MultiPoint"",""coordinates"":[]}"
VHI_M_2021-04_00000000000000000187,0.5849999785423279,392,4,Dry,2021,2021-04,"{""type"":""MultiPoint"",""coordinates"":[]}"
VHI_M_2021-04_00000000000000000188,0.7099999785423277,393,4,Dry,2021,2021-04,"{""type"":""MultiPoint"",""coordinates"":[]}"
VHI_M_2021-04_00000000000000000189,0.6650000214576721,394,4,Dry,2021,2021-04,"{""type"":""MultiPoint"",""coordinates"":[]}"
VHI_M_2021-04_0000000000000000018a,0.6549999713897705,395,4,Dry,2021,2021-04,"{""type"":""MultiPoint"",""coordinates"":[]}"
VHI_M_2021-04_0000000000000000018f,0.7599999904632568,400,4,Dry,2021,2021-04,"{""type"":""MultiPoint"",""coordinates"":[]}"
VHI_M_2021-04_00000000000000000190,0.5249999761581421,401,4,Dry,2021,2021-04,"{""type"":""MultiPoint"",""coordinates"":[]}"
VHI_M_2021-04_0000000000000000021e,0.6899999976158142,543,4,Dry,2021,2021-04,"{""type"":""MultiPoint"",""coordinates"":[]}"
VHI_M_2021-04_0000000000000000021f,0.6499999761581421,544,4,Dry,2021,2021-04,"{""type"":""MultiPoint"",""coordinates"":[]}"
VHI_M_2021-04_00000000000000000220,0.5799999833106996,545,4,Dry,2021,2021-04,"{""type"":""MultiPoint"",""coordinates"":[]}"
VHI_M_2021-04_00000000000000000007,0.7200000286102295,8,4,Dry,2021,2021-04,"{""type"":""MultiPoint"",""coordinates"":[]}"
VHI_M_2021-04_0000000000000000000b,0.699999988079071,12,4,Dry,2021,2021-04,"{""type"":""MultiPoint"",""coordinates"":[]}"
VHI_M_2021-04_00000000000000000012,0.5950000286102295,19,4,Dry,2021,2021-04,"{""type"":""MultiPoint"",""coordinates"":[]}"
VHI_M_2021-04_00000000000000000013,0.5899999737739564,20,4,Dry,2021,2021-04,"{""type"":""MultiPoint"",""coordinates"":[]}"
VHI_M_2021-04_00000000000000000014,0.615000009536743,21,4,Dry,2021,2021-04,"{""type"":""MultiPoint"",""coordinates"":[]}"
VHI_M_2021-04_00000000000000000015,0.5699999928474426,22,4,Dry,2021,2021-04,"{""type"":""MultiPoint"",""coordinates"":[]}"
VHI_M_2021-04_00000000000000000016,0.5749999880790709,23,4,Dry,2021,2021-04,"{""type"":""MultiPoint"",""coordinates"":[]}"
VHI_M_2021-04_00000000000000000183,0.6200000047683714,388,4,Dry,2021,2021-04,"{""type"":""MultiPoint"",""coordinates"":[]}"
VHI_M_2021-04_00000000000000000184,0.6449999809265138,389,4,Dry,2021,2021-04,"{""type"":""MultiPoint"",""coordinates"":[]}"
VHI_M_2021-04_00000000000000000185,0.6249999999999999,390,4,Dry,2021,2021-04,"{""type"":""MultiPoint"",""coordinates"":[]}"
VHI_M_2021-04_00000000000000000212,0.550000011920929,531,4,Dry,2021,2021-04,"{""type"":""MultiPoint"",""coordinates"":[]}"
VHI_M_2021-04_00000000000000000213,0.6750000119209291,532,4,Dry,2021,2021-04,"{""type"":""MultiPoint"",""coordinates"":[]}"
VHI_M_2021-04_00000000000000000214,0.5950000286102295,533,4,Dry,2021,2021-04,"{""type"":""MultiPoint"",""coordinates"":[]}"
VHI_M_2021-04_00000000000000000215,0.6050000190734863,534,4,Dry,2021,2021-04,"{""type"":""MultiPoint"",""coordinates"":[]}"
VHI_M_2021-04_0000000000000000005a,0.5450000166893005,91,4,Dry,2021,2021-04,"{""type"":""MultiPoint"",""coordinates"":[]}"
VHI_M_2021-04_00000000000000000118,0.7549999952316284,281,4,Dry,2021,2021-04,"{""type"":""MultiPoint"",""coordinates"":[]}"
VHI_M_2021-04_00000000000000000119,0.5950000286102295,282,4,Dry,2021,2021-04,"{""type"":""MultiPoint"",""coordinates"":[]}"
VHI_M_2021-04_0000000000000000011a,0.7086261341868143,283,4,Dry,2021,2021-04,"{""type"":""MultiPoint"",""coordinates"":[]}"
VHI_M_2021-04_0000000000000000011b,0.875,284,4,Dry,2021,2021-04,"{""type"":""MultiPoint"",""coordinates"":[]}"
VHI_M_2021-04_00000000000000000141,0.6700000166893005,322,4,Dry,2021,2021-04,"{""type"":""MultiPoint"",""coordinates"":[]}"
VHI_M_2021-04_00000000000000000142,0.7900000214576722,323,4,Dry,2021,2021-04,"{""type"":""MultiPoint"",""coordinates"":[]}"
VHI_M_2021-04_00000000000000000143,0.6927818708303498,324,4,Dry,2021,2021-04,"{""type"":""MultiPoint"",""coordinates"":[]}"
VHI_M_2021-04_00000000000000000144,0.7387029666552458,325,4,Dry,2021,2021-04,"{""type"":""MultiPoint"",""coordinates"":[]}"
VHI_M_2021-04_00000000000000000145,0.7649999856948854,326,4,Dry,2021,2021-04,"{""type"":""MultiPoint"",""coordinates"":[]}"
VHI_M_2021-04_000000000000000001af,0.375,432,4,Dry,2021,2021-04,"{""type"":""MultiPoint"",""coordinates"":[]}"
VHI_M_2021-04_0000000000000000004b,0.6549999713897705,76,4,Dry,2021,2021-04,"{""type"":""MultiPoint"",""coordinates"":[]}"
VHI_M_2021-04_0000000000000000004c,0.5899999737739563,77,4,Dry,2021,2021-04,"{""type"":""MultiPoint"",""coordinates"":[]}"
VHI_M_2021-04_0000000000000000004d,0.6449999809265138,78,4,Dry,2021,2021-04,"{""type"":""MultiPoint"",""coordinates"":[]}"
VHI_M_2021-04_0000000000000000004e,0.6449999809265138,79,4,Dry,2021,2021-04,"{""type"":""MultiPoint"",""coordinates"":[]}"
VHI_M_2021-04_0000000000000000004f,0.6999999880790709,80,4,Dry,2021,2021-04,"{""type"":""MultiPoint"",""coordinates"":[]}"
VHI_M_2021-04_00000000000000000050,0.7250000238418579,81,4,Dry,2021,2021-04,"{""type"":""MultiPoint"",""coordinates"":[]}"
VHI_M_2021-04_00000000000000000051,0.8050000071525574,82,4,Dry,2021,2021-04,"{""type"":""MultiPoint"",""coordinates"":[]}"
VHI_M_2021-04_00000000000000000052,0.5950000286102295,83,4,Dry,2021,2021-04,"{""type"":""MultiPoint"",""coordinates"":[]}"
VHI_M_2021-04_000000000000000000aa,0.574999988079071,171,4,Dry,2021,2021-04,"{""type"":""MultiPoint"",""coordinates"":[]}"
VHI_M_2021-04_000000000000000000ab,0.6700000166893005,172,4,Dry,2021,2021-04,"{""type"":""MultiPoint"",""coordinates"":[]}"
VHI_M_2021-04_000000000000000000ac,0.6050000190734862,173,4,Dry,2021,2021-04,"{""type"":""MultiPoint"",""coordinates"":[]}"
VHI_M_2021-04_000000000000000000ad,0.6600000262260436,174,4,Dry,2021,2021-04,"{""type"":""MultiPoint"",""coordinates"":[]}"
VHI_M_2021-04_000000000000000000ae,0.41999998688697815,175,4,Dry,2021,2021-04,"{""type"":""MultiPoint"",""coordinates"":[]}"
VHI_M_2021-04_000000000000000000af,0.5199999809265137,176,4,Dry,2021,2021-04,"{""type"":""MultiPoint"",""coordinates"":[]}"
VHI_M_2021-04_000000000000000000b0,0.7850000262260437,177,4,Dry,2021,2021-04,"{""type"":""MultiPoint"",""coordinates"":[]}"
VHI_M_2021-04_000000000000000001c7,0.6349999904632568,456,4,Dry,2021,2021-04,"{""type"":""MultiPoint"",""coordinates"":[]}"
VHI_M_2021-04_000000000000000001c8,0.6850000023841857,457,4,Dry,2021,2021-04,"{""type"":""MultiPoint"",""coordinates"":[]}"
VHI_M_2021-04_000000000000000001c9,0.615000009536743,458,4,Dry,2021,2021-04,"{""type"":""MultiPoint"",""coordinates"":[]}"
VHI_M_2021-04_000000000000000001ca,0.7850000262260437,459,4,Dry,2021,2021-04,"{""type"":""MultiPoint"",""coordinates"":[]}"
VHI_M_2021-04_0000000000000000020a,0.7250000238418579,523,4,Dry,2021,2021-04,"{""type"":""MultiPoint"",""coordinates"":[]}"
VHI_M_2021-04_0000000000000000020b,0.7049999833106992,524,4,Dry,2021,2021-04,"{""type"":""MultiPoint"",""coordinates"":[]}"
VHI_M_2021-04_0000000000000000020c,0.7300000190734864,525,4,Dry,2021,2021-04,"{""type"":""MultiPoint"",""coordinates"":[]}"
VHI_M_2021-04_000000000000000001ab,0.6349999904632568,428,4,Dry,2021,2021-04,"{""type"":""MultiPoint"",""coordinates"":[]}"
VHI_M_2021-04_000000000000000001ac,0.6299999952316284,429,4,Dry,2021,2021-04,"{""type"":""MultiPoint"",""coordinates"":[]}"
VHI_M_2021-04_000000000000000001ad,0.6499999761581421,430,4,Dry,2021,2021-04,"{""type"":""MultiPoint"",""coordinates"":[]}"
VHI_M_2021-04_000000000000000001ae,0.5849999785423279,431,4,Dry,2021,2021-04,"{""type"":""MultiPoint"",""coordinates"":[]}"
VHI_M_2021-04_000000000000000001c3,0.6600000262260437,452,4,Dry,2021,2021-04,"{""type"":""MultiPoint"",""coordinates"":[]}"
VHI_M_2021-04_00000000000000000037,0.5550000071525574,56,4,Dry,2021,2021-04,"{""type"":""MultiPoint"",""coordinates"":[]}"
VHI_M_2021-04_00000000000000000038,0.6650000214576721,57,4,Dry,2021,2021-04,"{""type"":""MultiPoint"",""coordinates"":[]}"
VHI_M_2021-04_00000000000000000039,0.5099999904632568,58,4,Dry,2021,2021-04,"{""type"":""MultiPoint"",""coordinates"":[]}"
VHI_M_2021-04_0000000000000000003a,0.584999978542328,59,4,Dry,2021,2021-04,"{""type"":""MultiPoint"",""coordinates"":[]}"
VHI_M_2021-04_0000000000000000003b,0.509999990463257,60,4,Dry,2021,2021-04,"{""type"":""MultiPoint"",""coordinates"":[]}"
VHI_M_2021-04_0000000000000000003c,0.6949999928474425,61,4,Dry,2021,2021-04,"{""type"":""MultiPoint"",""coordinates"":[]}"
VHI_M_2021-04_0000000000000000003d,0.7649999856948853,62,4,Dry,2021,2021-04,"{""type"":""MultiPoint"",""coordinates"":[]}"
VHI_M_2021-04_0000000000000000003e,0.5649999976158142,63,4,Dry,2021,2021-04,"{""type"":""MultiPoint"",""coordinates"":[]}"
VHI_M_2021-04_0000000000000000003f,0.675000011920929,64,4,Dry,2021,2021-04,"{""type"":""MultiPoint"",""coordinates"":[]}"
VHI_M_2021-04_00000000000000000044,0.4350000023841858,69,4,Dry,2021,2021-04,"{""type"":""MultiPoint"",""coordinates"":[]}"
VHI_M_2021-04_00000000000000000076,0.46500000357627863,119,4,Dry,2021,2021-04,"{""type"":""MultiPoint"",""coordinates"":[]}"
VHI_M_2021-04_00000000000000000077,0.574999988079071,120,4,Dry,2021,2021-04,"{""type"":""MultiPoint"",""coordinates"":[]}"
VHI_M_2021-04_00000000000000000078,0.5099999904632568,121,4,Dry,2021,2021-04,"{""type"":""MultiPoint"",""coordinates"":[]}"
VHI_M_2021-04_00000000000000000079,0.6800000071525574,122,4,Dry,2021,2021-04,"{""type"":""MultiPoint"",""coordinates"":[]}"
VHI_M_2021-04_0000000000000000008b,0.5199999809265137,140,4,Dry,2021,2021-04,"{""type"":""MultiPoint"",""coordinates"":[]}"
VHI_M_2021-04_0000000000000000008c,0.7450000047683716,141,4,Dry,2021,2021-04,"{""type"":""MultiPoint"",""coordinates"":[]}"
VHI_M_2021-04_0000000000000000008d,0.6899999976158142,142,4,Dry,2021,2021-04,"{""type"":""MultiPoint"",""coordinates"":[]}"
VHI_M_2021-04_0000000000000000008e,0.8650000095367432,143,4,Dry,2021,2021-04,"{""type"":""MultiPoint"",""coordinates"":[]}"
VHI_M_2021-04_0000000000000000008f,0.9200000166893005,144,4,Dry,2021,2021-04,"{""type"":""MultiPoint"",""coordinates"":[]}"
VHI_M_2021-04_00000000000000000090,0.8299999833106995,145,4,Dry,2021,2021-04,"{""type"":""MultiPoint"",""coordinates"":[]}"
VHI_M_2021-04_00000000000000000091,0.8799999952316284,146,4,Dry,2021,2021-04,"{""type"":""MultiPoint"",""coordinates"":[]}"
VHI_M_2021-04_000000000000000000b5,0.5600000023841858,182,4,Dry,2021,2021-04,"{""type"":""MultiPoint"",""coordinates"":[]}"
VHI_M_2021-04_000000000000000000cc,0.7549999952316283,205,4,Dry,2021,2021-04,"{""type"":""MultiPoint"",""coordinates"":[]}"
VHI_M_2021-04_000000000000000000cd,0.699999988079071,206,4,Dry,2021,2021-04,"{""type"":""MultiPoint"",""coordinates"":[]}"
VHI_M_2021-04_000000000000000001dd,0.75,478,4,Dry,2021,2021-04,"{""type"":""MultiPoint"",""coordinates"":[]}"
VHI_M_2021-04_000000000000000001de,0.7950000166893005,479,4,Dry,2021,2021-04,"{""type"":""MultiPoint"",""coordinates"":[]}"
VHI_M_2021-04_000000000000000001df,0.6949999928474426,480,4,Dry,2021,2021-04,"{""type"":""MultiPoint"",""coordinates"":[]}"
VHI_M_2021-04_000000000000000001e0,0.8700000047683716,481,4,Dry,2021,2021-04,"{""type"":""MultiPoint"",""coordinates"":[]}"
VHI_M_2021-04_000000000000000001e1,0.8050000071525574,482,4,Dry,2021,2021-04,"{""type"":""MultiPoint"",""coordinates"":[]}"
VHI_M_2021-04_0000000000000000007a,0.5649999976158142,123,4,Dry,2021,2021-04,"{""type"":""MultiPoint"",""coordinates"":[]}"
VHI_M_2021-04_0000000000000000007b,0.6700000166893005,124,4,Dry,2021,2021-04,"{""type"":""MultiPoint"",""coordinates"":[]}"
VHI_M_2021-04_0000000000000000007c,0.6349999904632568,125,4,Dry,2021,2021-04,"{""type"":""MultiPoint"",""coordinates"":[]}"
VHI_M_2021-04_0000000000000000007d,0.634999990463257,126,4,Dry,2021,2021-04,"{""type"":""MultiPoint"",""coordinates"":[]}"
VHI_M_2021-04_0000000000000000007e,0.6050000190734863,127,4,Dry,2021,2021-04,"{""type"":""MultiPoint"",""coordinates"":[]}"
VHI_M_2021-04_0000000000000000007f,0.6399999856948853,128,4,Dry,2021,2021-04,"{""type"":""MultiPoint"",""coordinates"":[]}"
VHI_M_2021-04_00000000000000000080,0.5350000262260437,129,4,Dry,2021,2021-04,"{""type"":""MultiPoint"",""coordinates"":[]}"
VHI_M_2021-04_00000000000000000088,0.6949999928474426,137,4,Dry,2021,2021-04,"{""type"":""MultiPoint"",""coordinates"":[]}"
VHI_M_2021-04_00000000000000000089,0.6800000071525574,138,4,Dry,2021,2021-04,"{""type"":""MultiPoint"",""coordinates"":[]}"
VHI_M_2021-04_0000000000000000008a,0.699999988079071,139,4,Dry,2021,2021-04,"{""type"":""MultiPoint"",""coordinates"":[]}"
VHI_M_2021-04_00000000000000000099,0.8050000071525574,154,4,Dry,2021,2021-04,"{""type"":""MultiPoint"",""coordinates"":[]}"
VHI_M_2021-04_0000000000000000009a,0.7499999999999999,155,4,Dry,2021,2021-04,"{""type"":""MultiPoint"",""coordinates"":[]}"
VHI_M_2021-04_00000000000000000112,0.7149999737739563,275,4,Dry,2021,2021-04,"{""type"":""MultiPoint"",""coordinates"":[]}"
VHI_M_2021-04_000000000000000001d8,0.7049999833106995,473,4,Dry,2021,2021-04,"{""type"":""MultiPoint"",""coordinates"":[]}"
VHI_M_2021-04_00000000000000000001,0.824999988079071,2,4,Dry,2021,2021-04,"{""type"":""MultiPoint"",""coordinates"":[]}"
VHI_M_2021-04_00000000000000000030,0.5649999976158143,49,4,Dry,2021,2021-04,"{""type"":""MultiPoint"",""coordinates"":[]}"
VHI_M_2021-04_00000000000000000031,0.6249999999999999,50,4,Dry,2021,2021-04,"{""type"":""MultiPoint"",""coordinates"":[]}"
VHI_M_2021-04_00000000000000000032,0.6349999904632568,51,4,Dry,2021,2021-04,"{""type"":""MultiPoint"",""coordinates"":[]}"
VHI_M_2021-04_000000000000000000d7,0.7049999833106994,216,4,Dry,2021,2021-04,"{""type"":""MultiPoint"",""coordinates"":[]}"
VHI_M_2021-04_000000000000000000d8,0.7149999737739562,217,4,Dry,2021,2021-04,"{""type"":""MultiPoint"",""coordinates"":[]}"
VHI_M_2021-04_000000000000000000d9,0.6549999713897705,218,4,Dry,2021,2021-04,"{""type"":""MultiPoint"",""coordinates"":[]}"
VHI_M_2021-04_000000000000000000da,0.7049999833106996,219,4,Dry,2021,2021-04,"{""type"":""MultiPoint"",""coordinates"":[]}"
VHI_M_2021-04_00000000000000000132,0.5749999880790712,307,4,Dry,2021,2021-04,"{""type"":""MultiPoint"",""coordinates"":[]}"
VHI_M_2021-04_00000000000000000133,0.75,308,4,Dry,2021,2021-04,"{""type"":""MultiPoint"",""coordinates"":[]}"
VHI_M_2021-04_00000000000000000134,0.6600000262260438,309,4,Dry,2021,2021-04,"{""type"":""MultiPoint"",""coordinates"":[]}"
VHI_M_2021-04_00000000000000000135,0.7499999999999998,310,4,Dry,2021,2021-04,"{""type"":""MultiPoint"",""coordinates"":[]}"
VHI_M_2021-04_0000000000000000001f,0.6349999904632568,32,4,Dry,2021,2021-04,"{""type"":""MultiPoint"",""coordinates"":[]}"
VHI_M_2021-04_00000000000000000020,0.6899999976158142,33,4,Dry,2021,2021-04,"{""type"":""MultiPoint"",""coordinates"":[]}"
VHI_M_2021-04_00000000000000000021,0.5950000286102295,34,4,Dry,2021,2021-04,"{""type"":""MultiPoint"",""coordinates"":[]}"
VHI_M_2021-04_00000000000000000045,0.5649999976158142,70,4,Dry,2021,2021-04,"{""type"":""MultiPoint"",""coordinates"":[]}"
VHI_M_2021-04_00000000000000000046,0.649999976158142,71,4,Dry,2021,2021-04,"{""type"":""MultiPoint"",""coordinates"":[]}"
VHI_M_2021-04_00000000000000000047,0.6000000238418578,72,4,Dry,2021,2021-04,"{""type"":""MultiPoint"",""coordinates"":[]}"
VHI_M_2021-04_00000000000000000048,0.4449999928474427,73,4,Dry,2021,2021-04,"{""type"":""MultiPoint"",""coordinates"":[]}"
VHI_M_2021-04_00000000000000000072,0.649999976158142,115,4,Dry,2021,2021-04,"{""type"":""MultiPoint"",""coordinates"":[]}"
VHI_M_2021-04_00000000000000000073,0.6549999713897706,116,4,Dry,2021,2021-04,"{""type"":""MultiPoint"",""coordinates"":[]}"
VHI_M_2021-04_00000000000000000074,0.6349999904632567,117,4,Dry,2021,2021-04,"{""type"":""MultiPoint"",""coordinates"":[]}"
VHI_M_2021-04_00000000000000000075,0.675000011920929,118,4,Dry,2021,2021-04,"{""type"":""MultiPoint"",""coordinates"":[]}"
VHI_M_2021-04_000000000000000000b4,0.5950000286102295,181,4,Dry,2021,2021-04,"{""type"":""MultiPoint"",""coordinates"":[]}"
VHI_M_2021-04_000000000000000000e8,0.6299999952316284,233,4,Dry,2021,2021-04,"{""type"":""MultiPoint"",""coordinates"":[]}"
VHI_M_2021-04_000000000000000000e9,0.5350000262260436,234,4,Dry,2021,2021-04,"{""type"":""MultiPoint"",""coordinates"":[]}"
VHI_M_2021-04_000000000000000000ea,0.46500000357627863,235,4,Dry,2021,2021-04,"{""type"":""MultiPoint"",""coordinates"":[]}"
VHI_M_2021-04_00000000000000000022,0.7149999737739563,35,4,Dry,2021,2021-04,"{""type"":""MultiPoint"",""coordinates"":[]}"
VHI_M_2021-04_00000000000000000023,0.6299999952316284,36,4,Dry,2021,2021-04,"{""type"":""MultiPoint"",""coordinates"":[]}"
VHI_M_2021-04_00000000000000000024,0.6549999713897705,37,4,Dry,2021,2021-04,"{""type"":""MultiPoint"",""coordinates"":[]}"
VHI_M_2021-04_00000000000000000025,0.6549999713897704,38,4,Dry,2021,2021-04,"{""type"":""MultiPoint"",""coordinates"":[]}"
VHI_M_2021-04_000000000000000000f0,0.6299999952316284,241,4,Dry,2021,2021-04,"{""type"":""MultiPoint"",""coordinates"":[]}"
VHI_M_2021-04_000000000000000000f4,0.5199999809265138,245,4,Dry,2021,2021-04,"{""type"":""MultiPoint"",""coordinates"":[]}"
VHI_M_2021-04_000000000000000000f5,0.6000000238418579,246,4,Dry,2021,2021-04,"{""type"":""MultiPoint"",""coordinates"":[]}"
VHI_M_2021-04_000000000000000000f6,0.6100000143051147,247,4,Dry,2021,2021-04,"{""type"":""MultiPoint"",""coordinates"":[]}"
VHI_M_2021-04_000000000000000000f7,0.6650000214576721,248,4,Dry,2021,2021-04,"{""type"":""MultiPoint"",""coordinates"":[]}"
VHI_M_2021-04_000000000000000000f8,0.6050000190734863,249,4,Dry,2021,2021-04,"{""type"":""MultiPoint"",""coordinates"":[]}"
VHI_M_2021-04_00000000000000000000,0.6899999976158142,1,4,Dry,2021,2021-04,"{""type"":""MultiPoint"",""coordinates"":[]}"
VHI_M_2021-04_000000000000000000f2,0.5299999713897705,243,4,Dry,2021,2021-04,"{""type"":""MultiPoint"",""coordinates"":[]}"
VHI_M_2021-04_000000000000000000f3,0.5799999833106995,244,4,Dry,2021,2021-04,"{""type"":""MultiPoint"",""coordinates"":[]}"
VHI_M_2021-04_00000000000000000106,0.5649999976158143,263,4,Dry,2021,2021-04,"{""type"":""MultiPoint"",""coordinates"":[]}"
VHI_M_2021-04_00000000000000000107,0.574999988079071,264,4,Dry,2021,2021-04,"{""type"":""MultiPoint"",""coordinates"":[]}"
VHI_M_2021-04_00000000000000000108,0.5799999833106994,265,4,Dry,2021,2021-04,"{""type"":""MultiPoint"",""coordinates"":[]}"
VHI_M_2021-04_0000000000000000012c,0.6349999904632568,301,4,Dry,2021,2021-04,"{""type"":""MultiPoint"",""coordinates"":[]}"
VHI_M_2021-04_0000000000000000012d,0.7049999833106994,302,4,Dry,2021,2021-04,"{""type"":""MultiPoint"",""coordinates"":[]}"
VHI_M_2021-04_0000000000000000012e,0.6850000023841858,303,4,Dry,2021,2021-04,"{""type"":""MultiPoint"",""coordinates"":[]}"
VHI_M_2021-04_000000000000000000a5,0.5899999737739563,166,4,Dry,2021,2021-04,"{""type"":""MultiPoint"",""coordinates"":[]}"
VHI_M_2021-04_000000000000000000a6,0.5649999976158141,167,4,Dry,2021,2021-04,"{""type"":""MultiPoint"",""coordinates"":[]}"
VHI_M_2021-04_000000000000000000c1,0.5649999976158142,194,4,Dry,2021,2021-04,"{""type"":""MultiPoint"",""coordinates"":[]}"
VHI_M_2021-04_00000000000000000120,0.5099999904632568,289,4,Dry,2021,2021-04,"{""type"":""MultiPoint"",""coordinates"":[]}"
VHI_M_2021-04_000000000000000001d9,0.535000026226044,474,4,Dry,2021,2021-04,"{""type"":""MultiPoint"",""coordinates"":[]}"
VHI_M_2021-04_000000000000000001da,0.5550000071525574,475,4,Dry,2021,2021-04,"{""type"":""MultiPoint"",""coordinates"":[]}"
VHI_M_2021-04_000000000000000001db,0.5649999976158143,476,4,Dry,2021,2021-04,"{""type"":""MultiPoint"",""coordinates"":[]}"
VHI_M_2021-04_000000000000000001dc,0.5699999928474426,477,4,Dry,2021,2021-04,"{""type"":""MultiPoint"",""coordinates"":[]}"
VHI_M_2021-04_000000000000000001e2,0.4950000047683716,483,4,Dry,2021,2021-04,"{""type"":""MultiPoint"",""coordinates"":[]}"
VHI_M_2021-04_000000000000000001e3,0.5400000214576721,484,4,Dry,2021,2021-04,"{""type"":""MultiPoint"",""coordinates"":[]}"
VHI_M_2021-04_000000000000000001e4,0.5299999713897705,485,4,Dry,2021,2021-04,"{""type"":""MultiPoint"",""coordinates"":[]}"
VHI_M_2021-04_000000000000000001e5,0.4650000035762787,486,4,Dry,2021,2021-04,"{""type"":""MultiPoint"",""coordinates"":[]}"
VHI_M_2021-04_000000000000000001e6,0.5400000214576721,487,4,Dry,2021,2021-04,"{""type"":""MultiPoint"",""coordinates"":[]}"
VHI_M_2021-04_000000000000000001e7,0.5049999952316284,488,4,Dry,2021,2021-04,"{""type"":""MultiPoint"",""coordinates"":[]}"
VHI_M_2021-04_000000000000000001e8,0.5199999809265137,489,4,Dry,2021,2021-04,"{""type"":""MultiPoint"",""coordinates"":[]}"
VHI_M_2021-04_000000000000000001e9,0.49000000953674316,490,4,Dry,2021,2021-04,"{""type"":""MultiPoint"",""coordinates"":[]}"
VHI_M_2021-04_000000000000000000e2,0.6050000190734863,227,4,Dry,2021,2021-04,"{""type"":""MultiPoint"",""coordinates"":[]}"
VHI_M_2021-04_000000000000000000e3,0.5600000023841858,228,4,Dry,2021,2021-04,"{""type"":""MultiPoint"",""coordinates"":[]}"
VHI_M_2021-04_000000000000000000e4,0.5799999833106995,229,4,Dry,2021,2021-04,"{""type"":""MultiPoint"",""coordinates"":[]}"
VHI_M_2021-04_000000000000000000e5,0.6150000095367433,230,4,Dry,2021,2021-04,"{""type"":""MultiPoint"",""coordinates"":[]}"
VHI_M_2021-04_000000000000000000e6,0.5099999904632568,231,4,Dry,2021,2021-04,"{""type"":""MultiPoint"",""coordinates"":[]}"
VHI_M_2021-04_000000000000000000e7,0.6600000262260437,232,4,Dry,2021,2021-04,"{""type"":""MultiPoint"",""coordinates"":[]}"
VHI_M_2021-04_0000000000000000017f,0.6050000190734862,384,4,Dry,2021,2021-04,"{""type"":""MultiPoint"",""coordinates"":[]}"
VHI_M_2021-04_00000000000000000180,0.584999978542328,385,4,Dry,2021,2021-04,"{""type"":""MultiPoint"",""coordinates"":[]}"
VHI_M_2021-04_00000000000000000203,0.5699999928474426,516,4,Dry,2021,2021-04,"{""type"":""MultiPoint"",""coordinates"":[]}"
VHI_M_2021-04_00000000000000000204,0.574999988079071,517,4,Dry,2021,2021-04,"{""type"":""MultiPoint"",""coordinates"":[]}"
VHI_M_2021-04_00000000000000000205,0.6150000095367433,518,4,Dry,2021,2021-04,"{""type"":""MultiPoint"",""coordinates"":[]}"
VHI_M_2021-04_00000000000000000206,0.6200000047683717,519,4,Dry,2021,2021-04,"{""type"":""MultiPoint"",""coordinates"":[]}"
VHI_M_2021-04_00000000000000000207,0.5550000071525574,520,4,Dry,2021,2021-04,"{""type"":""MultiPoint"",""coordinates"":[]}"
VHI_M_2021-04_00000000000000000208,0.5149999856948853,521,4,Dry,2021,2021-04,"{""type"":""MultiPoint"",""coordinates"":[]}"
VHI_M_2021-04_00000000000000000209,0.699999988079071,522,4,Dry,2021,2021-04,"{""type"":""MultiPoint"",""coordinates"":[]}"
VHI_M_2021-04_0000000000000000000e,0.6549999713897705,15,4,Dry,2021,2021-04,"{""type"":""MultiPoint"",""coordinates"":[]}"
VHI_M_2021-04_00000000000000000124,0.6549999713897705,293,4,Dry,2021,2021-04,"{""type"":""MultiPoint"",""coordinates"":[]}"
VHI_M_2021-04_00000000000000000125,0.6549999713897706,294,4,Dry,2021,2021-04,"{""type"":""MultiPoint"",""coordinates"":[]}"
VHI_M_2021-04_00000000000000000126,0.6700000166893005,295,4,Dry,2021,2021-04,"{""type"":""MultiPoint"",""coordinates"":[]}"
VHI_M_2021-04_00000000000000000127,0.6000000238418579,296,4,Dry,2021,2021-04,"{""type"":""MultiPoint"",""coordinates"":[]}"
VHI_M_2021-04_00000000000000000128,0.6800000071525574,297,4,Dry,2021,2021-04,"{""type"":""MultiPoint"",""coordinates"":[]}"
VHI_M_2021-04_00000000000000000129,0.699999988079071,298,4,Dry,2021,2021-04,"{""type"":""MultiPoint"",""coordinates"":[]}"
VHI_M_2021-04_0000000000000000012a,0.6499999761581421,299,4,Dry,2021,2021-04,"{""type"":""MultiPoint"",""coordinates"":[]}"
VHI_M_2021-04_0000000000000000012b,0.6349999904632571,300,4,Dry,2021,2021-04,"{""type"":""MultiPoint"",""coordinates"":[]}"
VHI_M_2021-04_00000000000000000174,0.6050000190734863,373,4,Dry,2021,2021-04,"{""type"":""MultiPoint"",""coordinates"":[]}"
VHI_M_2021-04_00000000000000000175,0.6899999976158142,374,4,Dry,2021,2021-04,"{""type"":""MultiPoint"",""coordinates"":[]}"
VHI_M_2021-04_00000000000000000176,0.6349999904632568,375,4,Dry,2021,2021-04,"{""type"":""MultiPoint"",""coordinates"":[]}"
VHI_M_2021-04_00000000000000000177,0.6100000143051147,376,4,Dry,2021,2021-04,"{""type"":""MultiPoint"",""coordinates"":[]}"
VHI_M_2021-04_00000000000000000195,0.6349999904632568,406,4,Dry,2021,2021-04,"{""type"":""MultiPoint"",""coordinates"":[]}"
VHI_M_2021-04_00000000000000000196,0.5649999976158142,407,4,Dry,2021,2021-04,"{""type"":""MultiPoint"",""coordinates"":[]}"
VHI_M_2021-04_00000000000000000197,0.5899999737739564,408,4,Dry,2021,2021-04,"{""type"":""MultiPoint"",""coordinates"":[]}"
VHI_M_2021-04_00000000000000000198,0.5899999737739563,409,4,Dry,2021,2021-04,"{""type"":""MultiPoint"",""coordinates"":[]}"
VHI_M_2021-04_00000000000000000199,0.675000011920929,410,4,Dry,2021,2021-04,"{""type"":""MultiPoint"",""coordinates"":[]}"
VHI_M_2021-04_00000000000000000035,0.6449999809265137,54,4,Dry,2021,2021-04,"{""type"":""MultiPoint"",""coordinates"":[]}"
VHI_M_2021-04_000000000000000000ce,0.5450000166893005,207,4,Dry,2021,2021-04,"{""type"":""MultiPoint"",""coordinates"":[]}"
VHI_M_2021-04_000000000000000000cf,0.6050000190734863,208,4,Dry,2021,2021-04,"{""type"":""MultiPoint"",""coordinates"":[]}"
VHI_M_2021-04_000000000000000000d0,0.625,209,4,Dry,2021,2021-04,"{""type"":""MultiPoint"",""coordinates"":[]}"
VHI_M_2021-04_000000000000000000d1,0.6050000190734863,210,4,Dry,2021,2021-04,"{""type"":""MultiPoint"",""coordinates"":[]}"
VHI_M_2021-04_000000000000000001ea,0.5550000071525574,491,4,Dry,2021,2021-04,"{""type"":""MultiPoint"",""coordinates"":[]}"
VHI_M_2021-04_000000000000000001eb,0.6050000190734862,492,4,Dry,2021,2021-04,"{""type"":""MultiPoint"",""coordinates"":[]}"
VHI_M_2021-04_000000000000000001ec,0.6600000262260438,493,4,Dry,2021,2021-04,"{""type"":""MultiPoint"",""coordinates"":[]}"
VHI_M_2021-04_000000000000000001ed,0.6949999928474426,494,4,Dry,2021,2021-04,"{""type"":""MultiPoint"",""coordinates"":[]}"
VHI_M_2021-04_000000000000000001f4,0.6850000023841857,501,4,Dry,2021,2021-04,"{""type"":""MultiPoint"",""coordinates"":[]}"
VHI_M_2021-04_000000000000000001f5,0.5849999785423279,502,4,Dry,2021,2021-04,"{""type"":""MultiPoint"",""coordinates"":[]}"
VHI_M_2021-04_000000000000000001f6,0.6449999809265137,503,4,Dry,2021,2021-04,"{""type"":""MultiPoint"",""coordinates"":[]}"
VHI_M_2021-04_000000000000000001f7,0.6000000238418578,504,4,Dry,2021,2021-04,"{""type"":""MultiPoint"",""coordinates"":[]}"
VHI_M_2021-04_000000000000000001f8,0.6800000071525575,505,4,Dry,2021,2021-04,"{""type"":""MultiPoint"",""coordinates"":[]}"
VHI_M_2021-04_000000000000000001f9,0.625,506,4,Dry,2021,2021-04,"{""type"":""MultiPoint"",""coordinates"":[]}"
VHI_M_2021-04_000000000000000001fa,0.6349999904632568,507,4,Dry,2021,2021-04,"{""type"":""MultiPoint"",""coordinates"":[]}"
VHI_M_2021-04_000000000000000001fb,0.6850000023841858,508,4,Dry,2021,2021-04,"{""type"":""MultiPoint"",""coordinates"":[]}"
VHI_M_2021-04_000000000000000001fc,0.574999988079071,509,4,Dry,2021,2021-04,"{""type"":""MultiPoint"",""coordinates"":[]}"
VHI_M_2021-04_000000000000000001fd,0.649999976158142,510,4,Dry,2021,2021-04,"{""type"":""MultiPoint"",""coordinates"":[]}"
VHI_M_2021-04_00000000000000000049,0.5400000214576722,74,4,Dry,2021,2021-04,"{""type"":""MultiPoint"",""coordinates"":[]}"
VHI_M_2021-04_0000000000000000004a,0.6299999952316285,75,4,Dry,2021,2021-04,"{""type"":""MultiPoint"",""coordinates"":[]}"
VHI_M_2021-04_000000000000000000fd,0.5950000286102295,254,4,Dry,2021,2021-04,"{""type"":""MultiPoint"",""coordinates"":[]}"
VHI_M_2021-04_000000000000000000fe,0.5950000286102295,255,4,Dry,2021,2021-04,"{""type"":""MultiPoint"",""coordinates"":[]}"
VHI_M_2021-04_00000000000000000191,0.4350000023841858,402,4,Dry,2021,2021-04,"{""type"":""MultiPoint"",""coordinates"":[]}"
VHI_M_2021-04_0000000000000000016e,0.6600000262260437,367,4,Dry,2021,2021-04,"{""type"":""MultiPoint"",""coordinates"":[]}"
VHI_M_2021-04_0000000000000000016f,0.6200000047683716,368,4,Dry,2021,2021-04,"{""type"":""MultiPoint"",""coordinates"":[]}"
VHI_M_2021-04_00000000000000000170,0.6150000095367432,369,4,Dry,2021,2021-04,"{""type"":""MultiPoint"",""coordinates"":[]}"
VHI_M_2021-04_00000000000000000181,0.6200000047683716,386,4,Dry,2021,2021-04,"{""type"":""MultiPoint"",""coordinates"":[]}"
VHI_M_2021-04_00000000000000000182,0.6399999856948853,387,4,Dry,2021,2021-04,"{""type"":""MultiPoint"",""coordinates"":[]}"
VHI_M_2021-04_00000000000000000228,0.6299999952316284,553,4,Dry,2021,2021-04,"{""type"":""MultiPoint"",""coordinates"":[]}"
VHI_M_2021-05_00000000000000000017,0.42500001192092896,24,5,Dry,2021,2021-05,"{""type"":""MultiPoint"",""coordinates"":[]}"
VHI_M_2021-05_00000000000000000018,0.4050000011920929,25,5,Dry,2021,2021-05,"{""type"":""MultiPoint"",""coordinates"":[]}"
VHI_M_2021-05_00000000000000000019,0.4449999928474426,26,5,Dry,2021,2021-05,"{""type"":""MultiPoint"",""coordinates"":[]}"
VHI_M_2021-05_0000000000000000001a,0.4000000059604645,27,5,Dry,2021,2021-05,"{""type"":""MultiPoint"",""coordinates"":[]}"
VHI_M_2021-05_0000000000000000005b,0.7200000286102295,92,5,Dry,2021,2021-05,"{""type"":""MultiPoint"",""coordinates"":[]}"
VHI_M_2021-05_0000000000000000005c,0.3700000047683716,93,5,Dry,2021,2021-05,"{""type"":""MultiPoint"",""coordinates"":[]}"
VHI_M_2021-05_0000000000000000005d,,94,5,Dry,2021,2021-05,"{""type"":""MultiPoint"",""coordinates"":[]}"
VHI_M_2021-05_0000000000000000005e,0.41499999165534973,95,5,Dry,2021,2021-05,"{""type"":""MultiPoint"",""coordinates"":[]}"
VHI_M_2021-05_0000000000000000005f,0.5199999809265137,96,5,Dry,2021,2021-05,"{""type"":""MultiPoint"",""coordinates"":[]}"
VHI_M_2021-05_000000000000000000b6,0.5600000023841858,183,5,Dry,2021,2021-05,"{""type"":""MultiPoint"",""coordinates"":[]}"
VHI_M_2021-05_000000000000000000b7,0.6050000190734863,184,5,Dry,2021,2021-05,"{""type"":""MultiPoint"",""coordinates"":[]}"
VHI_M_2021-05_000000000000000000b8,0.3700000047683716,185,5,Dry,2021,2021-05,"{""type"":""MultiPoint"",""coordinates"":[]}"
VHI_M_2021-05_000000000000000000b9,0.6399999856948853,186,5,Dry,2021,2021-05,"{""type"":""MultiPoint"",""coordinates"":[]}"
VHI_M_2021-05_000000000000000000ba,0.625,187,5,Dry,2021,2021-05,"{""type"":""MultiPoint"",""coordinates"":[]}"
VHI_M_2021-05_000000000000000000bb,0.4300000071525574,188,5,Dry,2021,2021-05,"{""type"":""MultiPoint"",""coordinates"":[]}"
VHI_M_2021-05_000000000000000001a0,0.6050000190734863,417,5,Dry,2021,2021-05,"{""type"":""MultiPoint"",""coordinates"":[]}"
VHI_M_2021-05_000000000000000001a1,0.6050000190734863,418,5,Dry,2021,2021-05,"{""type"":""MultiPoint"",""coordinates"":[]}"
VHI_M_2021-05_000000000000000001a2,0.574999988079071,419,5,Dry,2021,2021-05,"{""type"":""MultiPoint"",""coordinates"":[]}"
VHI_M_2021-05_000000000000000001a3,0.4050000011920929,420,5,Dry,2021,2021-05,"{""type"":""MultiPoint"",""coordinates"":[]}"
VHI_M_2021-05_000000000000000001cb,0.3700000047683716,460,5,Dry,2021,2021-05,"{""type"":""MultiPoint"",""coordinates"":[]}"
VHI_M_2021-05_000000000000000001cc,0.4300000071525574,461,5,Dry,2021,2021-05,"{""type"":""MultiPoint"",""coordinates"":[]}"
VHI_M_2021-05_0000000000000000021b,0.39500001072883606,540,5,Dry,2021,2021-05,"{""type"":""MultiPoint"",""coordinates"":[]}"
VHI_M_2021-05_0000000000000000021c,0.4300000071525574,541,5,Dry,2021,2021-05,"{""type"":""MultiPoint"",""coordinates"":[]}"
VHI_M_2021-05_0000000000000000021d,0.42500001192092896,542,5,Dry,2021,2021-05,"{""type"":""MultiPoint"",""coordinates"":[]}"
VHI_M_2021-05_000000000000000000bf,0.5400000214576721,192,5,Dry,2021,2021-05,"{""type"":""MultiPoint"",""coordinates"":[]}"
VHI_M_2021-05_000000000000000000c0,0.5600000023841858,193,5,Dry,2021,2021-05,"{""type"":""MultiPoint"",""coordinates"":[]}"
VHI_M_2021-05_0000000000000000010a,0.5099999904632568,267,5,Dry,2021,2021-05,"{""type"":""MultiPoint"",""coordinates"":[]}"
VHI_M_2021-05_0000000000000000010b,0.5199999809265137,268,5,Dry,2021,2021-05,"{""type"":""MultiPoint"",""coordinates"":[]}"
VHI_M_2021-05_00000000000000000226,0.5249999761581421,551,5,Dry,2021,2021-05,"{""type"":""MultiPoint"",""coordinates"":[]}"
VHI_M_2021-05_00000000000000000227,0.5450000166893005,552,5,Dry,2021,2021-05,"{""type"":""MultiPoint"",""coordinates"":[]}"
VHI_M_2021-05_000000000000000001a4,0.5849999785423279,421,5,Dry,2021,2021-05,"{""type"":""MultiPoint"",""coordinates"":[]}"
VHI_M_2021-05_000000000000000001a5,0.41999998688697815,422,5,Dry,2021,2021-05,"{""type"":""MultiPoint"",""coordinates"":[]}"
VHI_M_2021-05_000000000000000001a6,0.4350000023841858,423,5,Dry,2021,2021-05,"{""type"":""MultiPoint"",""coordinates"":[]}"
VHI_M_2021-05_000000000000000001a7,0.5049999952316284,424,5,Dry,2021,2021-05,"{""type"":""MultiPoint"",""coordinates"":[]}"
VHI_M_2021-05_000000000000000001a8,0.5,425,5,Dry,2021,2021-05,"{""type"":""MultiPoint"",""coordinates"":[]}"
VHI_M_2021-05_000000000000000001a9,0.41999998688697815,426,5,Dry,2021,2021-05,"{""type"":""MultiPoint"",""coordinates"":[]}"
VHI_M_2021-05_000000000000000001aa,0.4099999964237213,427,5,Dry,2021,2021-05,"{""type"":""MultiPoint"",""coordinates"":[]}"
VHI_M_2021-05_000000000000000001fe,0.4950000047683716,511,5,Dry,2021,2021-05,"{""type"":""MultiPoint"",""coordinates"":[]}"
VHI_M_2021-05_000000000000000001ff,0.5,512,5,Dry,2021,2021-05,"{""type"":""MultiPoint"",""coordinates"":[]}"
VHI_M_2021-05_00000000000000000200,0.41999998688697815,513,5,Dry,2021,2021-05,"{""type"":""MultiPoint"",""coordinates"":[]}"
VHI_M_2021-05_00000000000000000201,0.48500001430511475,514,5,Dry,2021,2021-05,"{""type"":""MultiPoint"",""coordinates"":[]}"
VHI_M_2021-05_00000000000000000202,0.5,515,5,Dry,2021,2021-05,"{""type"":""MultiPoint"",""coordinates"":[]}"
VHI_M_2021-05_00000000000000000002,0.574999988079071,3,5,Dry,2021,2021-05,"{""type"":""MultiPoint"",""coordinates"":[]}"
VHI_M_2021-05_0000000000000000000d,0.6899999976158142,14,5,Dry,2021,2021-05,"{""type"":""MultiPoint"",""coordinates"":[]}"
VHI_M_2021-05_00000000000000000027,0.625,40,5,Dry,2021,2021-05,"{""type"":""MultiPoint"",""coordinates"":[]}"
VHI_M_2021-05_00000000000000000070,0.5350000262260438,113,5,Dry,2021,2021-05,"{""type"":""MultiPoint"",""coordinates"":[]}"
VHI_M_2021-05_00000000000000000071,0.5400000214576721,114,5,Dry,2021,2021-05,"{""type"":""MultiPoint"",""coordinates"":[]}"
VHI_M_2021-05_000000000000000001b0,0.5,433,5,Dry,2021,2021-05,"{""type"":""MultiPoint"",""coordinates"":[]}"
VHI_M_2021-05_000000000000000001b1,0.5049999952316284,434,5,Dry,2021,2021-05,"{""type"":""MultiPoint"",""coordinates"":[]}"
VHI_M_2021-05_000000000000000001b2,0.4749999940395355,435,5,Dry,2021,2021-05,"{""type"":""MultiPoint"",""coordinates"":[]}"
VHI_M_2021-05_000000000000000001cd,0.550000011920929,462,5,Dry,2021,2021-05,"{""type"":""MultiPoint"",""coordinates"":[]}"
VHI_M_2021-05_000000000000000001ce,0.5049999952316283,463,5,Dry,2021,2021-05,"{""type"":""MultiPoint"",""coordinates"":[]}"
VHI_M_2021-05_000000000000000001cf,0.4900000095367432,464,5,Dry,2021,2021-05,"{""type"":""MultiPoint"",""coordinates"":[]}"
VHI_M_2021-05_0000000000000000001c,0.615000009536743,29,5,Dry,2021,2021-05,"{""type"":""MultiPoint"",""coordinates"":[]}"
VHI_M_2021-05_0000000000000000001d,0.6299999952316283,30,5,Dry,2021,2021-05,"{""type"":""MultiPoint"",""coordinates"":[]}"
VHI_M_2021-05_0000000000000000001e,0.6000000238418579,31,5,Dry,2021,2021-05,"{""type"":""MultiPoint"",""coordinates"":[]}"
VHI_M_2021-05_00000000000000000026,0.6549999713897705,39,5,Dry,2021,2021-05,"{""type"":""MultiPoint"",""coordinates"":[]}"
VHI_M_2021-05_000000000000000000f9,0.6200000047683716,250,5,Dry,2021,2021-05,"{""type"":""MultiPoint"",""coordinates"":[]}"
VHI_M_2021-05_000000000000000000fa,0.6399999856948853,251,5,Dry,2021,2021-05,"{""type"":""MultiPoint"",""coordinates"":[]}"
VHI_M_2021-05_000000000000000000fb,0.625,252,5,Dry,2021,2021-05,"{""type"":""MultiPoint"",""coordinates"":[]}"
VHI_M_2021-05_000000000000000000fc,0.6650000214576721,253,5,Dry,2021,2021-05,"{""type"":""MultiPoint"",""coordinates"":[]}"
VHI_M_2021-05_00000000000000000163,0.6800000071525575,356,5,Dry,2021,2021-05,"{""type"":""MultiPoint"",""coordinates"":[]}"
VHI_M_2021-05_00000000000000000164,0.699999988079071,357,5,Dry,2021,2021-05,"{""type"":""MultiPoint"",""coordinates"":[]}"
VHI_M_2021-05_00000000000000000165,0.615000009536743,358,5,Dry,2021,2021-05,"{""type"":""MultiPoint"",""coordinates"":[]}"
VHI_M_2021-05_00000000000000000166,0.6399999856948853,359,5,Dry,2021,2021-05,"{""type"":""MultiPoint"",""coordinates"":[]}"
VHI_M_2021-05_00000000000000000149,0.6449999809265137,330,5,Dry,2021,2021-05,"{""type"":""MultiPoint"",""coordinates"":[]}"
VHI_M_2021-05_0000000000000000014a,0.574999988079071,331,5,Dry,2021,2021-05,"{""type"":""MultiPoint"",""coordinates"":[]}"
VHI_M_2021-05_0000000000000000014b,0.6000000238418578,332,5,Dry,2021,2021-05,"{""type"":""MultiPoint"",""coordinates"":[]}"
VHI_M_2021-05_0000000000000000014c,0.639999985694885,333,5,Dry,2021,2021-05,"{""type"":""MultiPoint"",""coordinates"":[]}"
VHI_M_2021-05_0000000000000000014d,0.6600000262260438,334,5,Dry,2021,2021-05,"{""type"":""MultiPoint"",""coordinates"":[]}"
VHI_M_2021-05_0000000000000000014e,0.6050000190734864,335,5,Dry,2021,2021-05,"{""type"":""MultiPoint"",""coordinates"":[]}"
VHI_M_2021-05_00000000000000000158,0.7099999785423279,345,5,Dry,2021,2021-05,"{""type"":""MultiPoint"",""coordinates"":[]}"
VHI_M_2021-05_00000000000000000159,0.8050000071525574,346,5,Dry,2021,2021-05,"{""type"":""MultiPoint"",""coordinates"":[]}"
VHI_M_2021-05_0000000000000000015a,0.6150000095367432,347,5,Dry,2021,2021-05,"{""type"":""MultiPoint"",""coordinates"":[]}"
VHI_M_2021-05_0000000000000000015b,0.7850000262260438,348,5,Dry,2021,2021-05,"{""type"":""MultiPoint"",""coordinates"":[]}"
VHI_M_2021-05_0000000000000000015c,0.5899999737739563,349,5,Dry,2021,2021-05,"{""type"":""MultiPoint"",""coordinates"":[]}"
VHI_M_2021-05_0000000000000000015d,0.7549999952316284,350,5,Dry,2021,2021-05,"{""type"":""MultiPoint"",""coordinates"":[]}"
VHI_M_2021-05_00000000000000000008,0.6050000190734863,9,5,Dry,2021,2021-05,"{""type"":""MultiPoint"",""coordinates"":[]}"
VHI_M_2021-05_000000000000000000c2,0.6399999856948853,195,5,Dry,2021,2021-05,"{""type"":""MultiPoint"",""coordinates"":[]}"
VHI_M_2021-05_000000000000000000c3,0.6850000023841859,196,5,Dry,2021,2021-05,"{""type"":""MultiPoint"",""coordinates"":[]}"
VHI_M_2021-05_000000000000000000c4,0.7699999809265137,197,5,Dry,2021,2021-05,"{""type"":""MultiPoint"",""coordinates"":[]}"
VHI_M_2021-05_000000000000000000c5,0.6299999952316284,198,5,Dry,2021,2021-05,"{""type"":""MultiPoint"",""coordinates"":[]}"
VHI_M_2021-05_000000000000000000c6,0.6499999761581421,199,5,Dry,2021,2021-05,"{""type"":""MultiPoint"",""coordinates"":[]}"
VHI_M_2021-05_000000000000000000c7,0.6399999856948853,200,5,Dry,2021,2021-05,"{""type"":""MultiPoint"",""coordinates"":[]}"
VHI_M_2021-05_000000000000000000c8,0.6150000095367432,201,5,Dry,2021,2021-05,"{""type"":""MultiPoint"",""coordinates"":[]}"
VHI_M_2021-05_000000000000000000c9,0.6499999761581422,202,5,Dry,2021,2021-05,"{""type"":""MultiPoint"",""coordinates"":[]}"
VHI_M_2021-05_00000000000000000136,0.634999990463257,311,5,Dry,2021,2021-05,"{""type"":""MultiPoint"",""coordinates"":[]}"
VHI_M_2021-05_00000000000000000137,0.6299999952316284,312,5,Dry,2021,2021-05,"{""type"":""MultiPoint"",""coordinates"":[]}"
VHI_M_2021-05_00000000000000000138,0.6499999761581422,313,5,Dry,2021,2021-05,"{""type"":""MultiPoint"",""coordinates"":[]}"
VHI_M_2021-05_00000000000000000139,0.6250000000000001,314,5,Dry,2021,2021-05,"{""type"":""MultiPoint"",""coordinates"":[]}"
VHI_M_2021-05_0000000000000000013a,0.6700000166893004,315,5,Dry,2021,2021-05,"{""type"":""MultiPoint"",""coordinates"":[]}"
VHI_M_2021-05_000000000000000001ef,0.6600000262260436,496,5,Dry,2021,2021-05,"{""type"":""MultiPoint"",""coordinates"":[]}"
VHI_M_2021-05_000000000000000001f0,0.6549999713897706,497,5,Dry,2021,2021-05,"{""type"":""MultiPoint"",""coordinates"":[]}"
VHI_M_2021-05_00000000000000000081,0.5649999976158142,130,5,Dry,2021,2021-05,"{""type"":""MultiPoint"",""coordinates"":[]}"
VHI_M_2021-05_000000000000000000a0,0.6100000143051147,161,5,Dry,2021,2021-05,"{""type"":""MultiPoint"",""coordinates"":[]}"
VHI_M_2021-05_000000000000000000a1,0.675000011920929,162,5,Dry,2021,2021-05,"{""type"":""MultiPoint"",""coordinates"":[]}"
VHI_M_2021-05_000000000000000000a2,0.709999978542328,163,5,Dry,2021,2021-05,"{""type"":""MultiPoint"",""coordinates"":[]}"
VHI_M_2021-05_000000000000000000a3,0.6600000262260437,164,5,Dry,2021,2021-05,"{""type"":""MultiPoint"",""coordinates"":[]}"
VHI_M_2021-05_000000000000000000a4,0.6800000071525575,165,5,Dry,2021,2021-05,"{""type"":""MultiPoint"",""coordinates"":[]}"
VHI_M_2021-05_0000000000000000014f,0.6349999904632568,336,5,Dry,2021,2021-05,"{""type"":""MultiPoint"",""coordinates"":[]}"
VHI_M_2021-05_00000000000000000150,0.6150000095367432,337,5,Dry,2021,2021-05,"{""type"":""MultiPoint"",""coordinates"":[]}"
VHI_M_2021-05_00000000000000000151,0.6700000166893004,338,5,Dry,2021,2021-05,"{""type"":""MultiPoint"",""coordinates"":[]}"
VHI_M_2021-05_00000000000000000152,0.5950000286102295,339,5,Dry,2021,2021-05,"{""type"":""MultiPoint"",""coordinates"":[]}"
VHI_M_2021-05_00000000000000000153,0.6399999856948853,340,5,Dry,2021,2021-05,"{""type"":""MultiPoint"",""coordinates"":[]}"
VHI_M_2021-05_00000000000000000171,0.6499999761581421,370,5,Dry,2021,2021-05,"{""type"":""MultiPoint"",""coordinates"":[]}"
VHI_M_2021-05_00000000000000000172,0.6899999976158142,371,5,Dry,2021,2021-05,"{""type"":""MultiPoint"",""coordinates"":[]}"
VHI_M_2021-05_00000000000000000173,0.6449999809265136,372,5,Dry,2021,2021-05,"{""type"":""MultiPoint"",""coordinates"":[]}"
VHI_M_2021-05_000000000000000001f1,0.6800000071525574,498,5,Dry,2021,2021-05,"{""type"":""MultiPoint"",""coordinates"":[]}"
VHI_M_2021-05_000000000000000001f2,0.6100000143051149,499,5,Dry,2021,2021-05,"{""type"":""MultiPoint"",""coordinates"":[]}"
VHI_M_2021-05_000000000000000001f3,0.6700000166893009,500,5,Dry,2021,2021-05,"{""type"":""MultiPoint"",""coordinates"":[]}"
VHI_M_2021-05_00000000000000000092,0.7149999737739563,147,5,Dry,2021,2021-05,"{""type"":""MultiPoint"",""coordinates"":[]}"
VHI_M_2021-05_00000000000000000093,0.7400000095367432,148,5,Dry,2021,2021-05,"{""type"":""MultiPoint"",""coordinates"":[]}"
VHI_M_2021-05_00000000000000000094,0.6650000214576722,149,5,Dry,2021,2021-05,"{""type"":""MultiPoint"",""coordinates"":[]}"
VHI_M_2021-05_00000000000000000095,0.6449999809265137,150,5,Dry,2021,2021-05,"{""type"":""MultiPoint"",""coordinates"":[]}"
VHI_M_2021-05_00000000000000000096,0.7200000286102295,151,5,Dry,2021,2021-05,"{""type"":""MultiPoint"",""coordinates"":[]}"
VHI_M_2021-05_00000000000000000097,0.7300000190734863,152,5,Dry,2021,2021-05,"{""type"":""MultiPoint"",""coordinates"":[]}"
VHI_M_2021-05_00000000000000000098,0.6549999713897705,153,5,Dry,2021,2021-05,"{""type"":""MultiPoint"",""coordinates"":[]}"
VHI_M_2021-05_000000000000000000a9,0.6150000095367432,170,5,Dry,2021,2021-05,"{""type"":""MultiPoint"",""coordinates"":[]}"
VHI_M_2021-05_0000000000000000017c,0.7250000238418579,381,5,Dry,2021,2021-05,"{""type"":""MultiPoint"",""coordinates"":[]}"
VHI_M_2021-05_0000000000000000017d,0.6499999761581421,382,5,Dry,2021,2021-05,"{""type"":""MultiPoint"",""coordinates"":[]}"
VHI_M_2021-05_0000000000000000017e,0.7200000286102295,383,5,Dry,2021,2021-05,"{""type"":""MultiPoint"",""coordinates"":[]}"
VHI_M_2021-05_000000000000000001ee,0.7900000214576721,495,5,Dry,2021,2021-05,"{""type"":""MultiPoint"",""coordinates"":[]}"
VHI_M_2021-05_0000000000000000020d,0.6050000190734863,526,5,Dry,2021,2021-05,"{""type"":""MultiPoint"",""coordinates"":[]}"
VHI_M_2021-05_0000000000000000020e,0.7049999833106995,527,5,Dry,2021,2021-05,"{""type"":""MultiPoint"",""coordinates"":[]}"
VHI_M_2021-05_0000000000000000020f,0.665000021457672,528,5,Dry,2021,2021-05,"{""type"":""MultiPoint"",""coordinates"":[]}"
VHI_M_2021-05_00000000000000000210,0.7300000190734862,529,5,Dry,2021,2021-05,"{""type"":""MultiPoint"",""coordinates"":[]}"
VHI_M_2021-05_00000000000000000211,0.6800000071525575,530,5,Dry,2021,2021-05,"{""type"":""MultiPoint"",""coordinates"":[]}"
VHI_M_2021-05_00000000000000000058,0.675000011920929,89,5,Dry,2021,2021-05,"{""type"":""MultiPoint"",""coordinates"":[]}"
VHI_M_2021-05_00000000000000000059,0.6800000071525576,90,5,Dry,2021,2021-05,"{""type"":""MultiPoint"",""coordinates"":[]}"
VHI_M_2021-05_0000000000000000018b,0.5149999856948853,396,5,Dry,2021,2021-05,"{""type"":""MultiPoint"",""coordinates"":[]}"
VHI_M_2021-05_0000000000000000018c,0.574999988079071,397,5,Dry,2021,2021-05,"{""type"":""MultiPoint"",""coordinates"":[]}"
VHI_M_2021-05_0000000000000000018d,0.5299999713897703,398,5,Dry,2021,2021-05,"{""type"":""MultiPoint"",""coordinates"":[]}"
VHI_M_2021-05_0000000000000000018e,0.5400000214576721,399,5,Dry,2021,2021-05,"{""type"":""MultiPoint"",""coordinates"":[]}"
VHI_M_2021-05_00000000000000000036,0.7400000095367432,55,5,Dry,2021,2021-05,"{""type"":""MultiPoint"",""coordinates"":[]}"
VHI_M_2021-05_000000000000000000db,0.7200000286102294,220,5,Dry,2021,2021-05,"{""type"":""MultiPoint"",""coordinates"":[]}"
VHI_M_2021-05_000000000000000000dc,0.7099999785423278,221,5,Dry,2021,2021-05,"{""type"":""MultiPoint"",""coordinates"":[]}"
VHI_M_2021-05_000000000000000000dd,0.6600000262260437,222,5,Dry,2021,2021-05,"{""type"":""MultiPoint"",""coordinates"":[]}"
VHI_M_2021-05_00000000000000000102,0.759999990463257,259,5,Dry,2021,2021-05,"{""type"":""MultiPoint"",""coordinates"":[]}"
VHI_M_2021-05_00000000000000000103,0.7549999952316284,260,5,Dry,2021,2021-05,"{""type"":""MultiPoint"",""coordinates"":[]}"
VHI_M_2021-05_00000000000000000104,0.7649999856948851,261,5,Dry,2021,2021-05,"{""type"":""MultiPoint"",""coordinates"":[]}"
VHI_M_2021-05_00000000000000000105,0.7500000000000001,262,5,Dry,2021,2021-05,"{""type"":""MultiPoint"",""coordinates"":[]}"
VHI_M_2021-05_0000000000000000000a,0.7749999761581421,11,5,Dry,2021,2021-05,"{""type"":""MultiPoint"",""coordinates"":[]}"
VHI_M_2021-05_000000000000000000b1,0.7200000286102294,178,5,Dry,2021,2021-05,"{""type"":""MultiPoint"",""coordinates"":[]}"
VHI_M_2021-05_000000000000000000b2,0.7400000095367432,179,5,Dry,2021,2021-05,"{""type"":""MultiPoint"",""coordinates"":[]}"
VHI_M_2021-05_000000000000000000b3,0.7300000190734862,180,5,Dry,2021,2021-05,"{""type"":""MultiPoint"",""coordinates"":[]}"
VHI_M_2021-05_000000000000000000ca,0.7599999904632568,203,5,Dry,2021,2021-05,"{""type"":""MultiPoint"",""coordinates"":[]}"
VHI_M_2021-05_000000000000000000d2,0.7200000286102295,211,5,Dry,2021,2021-05,"{""type"":""MultiPoint"",""coordinates"":[]}"
VHI_M_2021-05_000000000000000000d3,0.7549999952316283,212,5,Dry,2021,2021-05,"{""type"":""MultiPoint"",""coordinates"":[]}"
VHI_M_2021-05_000000000000000000d4,0.8299999833106996,213,5,Dry,2021,2021-05,"{""type"":""MultiPoint"",""coordinates"":[]}"
VHI_M_2021-05_000000000000000000d5,0.7400000095367429,214,5,Dry,2021,2021-05,"{""type"":""MultiPoint"",""coordinates"":[]}"
VHI_M_2021-05_000000000000000000bc,0.7900000214576721,189,5,Dry,2021,2021-05,"{""type"":""MultiPoint"",""coordinates"":[]}"
VHI_M_2021-05_000000000000000000bd,0.75,190,5,Dry,2021,2021-05,"{""type"":""MultiPoint"",""coordinates"":[]}"
VHI_M_2021-05_000000000000000000be,0.7850000262260438,191,5,Dry,2021,2021-05,"{""type"":""MultiPoint"",""coordinates"":[]}"
VHI_M_2021-05_000000000000000000f1,0.7850000262260437,242,5,Dry,2021,2021-05,"{""type"":""MultiPoint"",""coordinates"":[]}"
VHI_M_2021-05_00000000000000000100,0.7699999809265137,257,5,Dry,2021,2021-05,"{""type"":""MultiPoint"",""coordinates"":[]}"
VHI_M_2021-05_00000000000000000101,0.8349999785423279,258,5,Dry,2021,2021-05,"{""type"":""MultiPoint"",""coordinates"":[]}"
VHI_M_2021-05_0000000000000000012f,0.8100000023841858,304,5,Dry,2021,2021-05,"{""type"":""MultiPoint"",""coordinates"":[]}"
VHI_M_2021-05_00000000000000000130,0.7850000262260437,305,5,Dry,2021,2021-05,"{""type"":""MultiPoint"",""coordinates"":[]}"
VHI_M_2021-05_00000000000000000131,0.7450000047683716,306,5,Dry,2021,2021-05,"{""type"":""MultiPoint"",""coordinates"":[]}"
VHI_M_2021-05_00000000000000000065,0.7900000214576721,102,5,Dry,2021,2021-05,"{""type"":""MultiPoint"",""coordinates"":[]}"
VHI_M_2021-05_00000000000000000066,0.7300000190734862,103,5,Dry,2021,2021-05,"{""type"":""MultiPoint"",""coordinates"":[]}"
VHI_M_2021-05_00000000000000000067,0.8450000286102295,104,5,Dry,2021,2021-05,"{""type"":""MultiPoint"",""coordinates"":[]}"
VHI_M_2021-05_00000000000000000068,0.8149999976158141,105,5,Dry,2021,2021-05,"{""type"":""MultiPoint"",""coordinates"":[]}"
VHI_M_2021-05_00000000000000000109,0.7749999761581421,266,5,Dry,2021,2021-05,"{""type"":""MultiPoint"",""coordinates"":[]}"
VHI_M_2021-05_000000000000000001c1,0.7850000262260437,450,5,Dry,2021,2021-05,"{""type"":""MultiPoint"",""coordinates"":[]}"
VHI_M_2021-05_000000000000000001c2,0.800000011920929,451,5,Dry,2021,2021-05,"{""type"":""MultiPoint"",""coordinates"":[]}"
VHI_M_2021-05_00000000000000000113,0.5249999761581421,276,5,Dry,2021,2021-05,"{""type"":""MultiPoint"",""coordinates"":[]}"
VHI_M_2021-05_00000000000000000114,0.6700000166893004,277,5,Dry,2021,2021-05,"{""type"":""MultiPoint"",""coordinates"":[]}"
VHI_M_2021-05_00000000000000000115,0.6750000119209288,278,5,Dry,2021,2021-05,"{""type"":""MultiPoint"",""coordinates"":[]}"
VHI_M_2021-05_00000000000000000116,0.6850000023841858,279,5,Dry,2021,2021-05,"{""type"":""MultiPoint"",""coordinates"":[]}"
VHI_M_2021-05_00000000000000000117,0.6549999713897705,280,5,Dry,2021,2021-05,"{""type"":""MultiPoint"",""coordinates"":[]}"
VHI_M_2021-05_00000000000000000167,0.699999988079071,360,5,Dry,2021,2021-05,"{""type"":""MultiPoint"",""coordinates"":[]}"
VHI_M_2021-05_00000000000000000168,0.7250000238418579,361,5,Dry,2021,2021-05,"{""type"":""MultiPoint"",""coordinates"":[]}"
VHI_M_2021-05_00000000000000000169,0.7049999833106995,362,5,Dry,2021,2021-05,"{""type"":""MultiPoint"",""coordinates"":[]}"
VHI_M_2021-05_0000000000000000016a,0.7099999785423279,363,5,Dry,2021,2021-05,"{""type"":""MultiPoint"",""coordinates"":[]}"
VHI_M_2021-05_0000000000000000016b,0.5799999833106995,364,5,Dry,2021,2021-05,"{""type"":""MultiPoint"",""coordinates"":[]}"
VHI_M_2021-05_0000000000000000016c,0.625,365,5,Dry,2021,2021-05,"{""type"":""MultiPoint"",""coordinates"":[]}"
VHI_M_2021-05_0000000000000000016d,0.6899999976158143,366,5,Dry,2021,2021-05,"{""type"":""MultiPoint"",""coordinates"":[]}"
VHI_M_2021-05_000000000000000000cb,0.7649999856948853,204,5,Dry,2021,2021-05,"{""type"":""MultiPoint"",""coordinates"":[]}"
VHI_M_2021-05_000000000000000000eb,0.6800000071525574,236,5,Dry,2021,2021-05,"{""type"":""MultiPoint"",""coordinates"":[]}"
VHI_M_2021-05_000000000000000000ec,0.7200000286102296,237,5,Dry,2021,2021-05,"{""type"":""MultiPoint"",""coordinates"":[]}"
VHI_M_2021-05_000000000000000000ed,0.7200000286102296,238,5,Dry,2021,2021-05,"{""type"":""MultiPoint"",""coordinates"":[]}"
VHI_M_2021-05_000000000000000000ee,0.699999988079071,239,5,Dry,2021,2021-05,"{""type"":""MultiPoint"",""coordinates"":[]}"
VHI_M_2021-05_000000000000000000ef,0.7599999904632568,240,5,Dry,2021,2021-05,"{""type"":""MultiPoint"",""coordinates"":[]}"
VHI_M_2021-05_00000000000000000146,0.7149999737739561,327,5,Dry,2021,2021-05,"{""type"":""MultiPoint"",""coordinates"":[]}"
VHI_M_2021-05_00000000000000000147,0.6949999928474427,328,5,Dry,2021,2021-05,"{""type"":""MultiPoint"",""coordinates"":[]}"
VHI_M_2021-05_00000000000000000148,0.7149999737739562,329,5,Dry,2021,2021-05,"{""type"":""MultiPoint"",""coordinates"":[]}"
VHI_M_2021-05_0000000000000000015e,0.6600000262260437,351,5,Dry,2021,2021-05,"{""type"":""MultiPoint"",""coordinates"":[]}"
VHI_M_2021-05_0000000000000000015f,0.6899999976158142,352,5,Dry,2021,2021-05,"{""type"":""MultiPoint"",""coordinates"":[]}"
VHI_M_2021-05_00000000000000000160,0.665000021457672,353,5,Dry,2021,2021-05,"{""type"":""MultiPoint"",""coordinates"":[]}"
VHI_M_2021-05_00000000000000000161,0.6449999809265137,354,5,Dry,2021,2021-05,"{""type"":""MultiPoint"",""coordinates"":[]}"
VHI_M_2021-05_00000000000000000162,0.6650000214576723,355,5,Dry,2021,2021-05,"{""type"":""MultiPoint"",""coordinates"":[]}"
VHI_M_2021-05_00000000000000000010,0.7850000262260437,17,5,Dry,2021,2021-05,"{""type"":""MultiPoint"",""coordinates"":[]}"
VHI_M_2021-05_00000000000000000121,0.6650000214576721,290,5,Dry,2021,2021-05,"{""type"":""MultiPoint"",""coordinates"":[]}"
VHI_M_2021-05_00000000000000000122,0.6299999952316284,291,5,Dry,2021,2021-05,"{""type"":""MultiPoint"",""coordinates"":[]}"
VHI_M_2021-05_00000000000000000123,0.6399999856948853,292,5,Dry,2021,2021-05,"{""type"":""MultiPoint"",""coordinates"":[]}"
VHI_M_2021-05_0000000000000000019a,0.7200000286102295,411,5,Dry,2021,2021-05,"{""type"":""MultiPoint"",""coordinates"":[]}"
VHI_M_2021-05_0000000000000000019b,0.800000011920929,412,5,Dry,2021,2021-05,"{""type"":""MultiPoint"",""coordinates"":[]}"
VHI_M_2021-05_0000000000000000019c,0.6800000071525573,413,5,Dry,2021,2021-05,"{""type"":""MultiPoint"",""coordinates"":[]}"
VHI_M_2021-05_0000000000000000019d,0.8199999928474427,414,5,Dry,2021,2021-05,"{""type"":""MultiPoint"",""coordinates"":[]}"
VHI_M_2021-05_0000000000000000019e,0.800000011920929,415,5,Dry,2021,2021-05,"{""type"":""MultiPoint"",""coordinates"":[]}"
VHI_M_2021-05_0000000000000000019f,0.7799999713897704,416,5,Dry,2021,2021-05,"{""type"":""MultiPoint"",""coordinates"":[]}"
VHI_M_2021-05_00000000000000000216,0.6399999856948853,535,5,Dry,2021,2021-05,"{""type"":""MultiPoint"",""coordinates"":[]}"
VHI_M_2021-05_00000000000000000217,0.7149999737739562,536,5,Dry,2021,2021-05,"{""type"":""MultiPoint"",""coordinates"":[]}"
VHI_M_2021-05_00000000000000000218,0.7099999785423277,537,5,Dry,2021,2021-05,"{""type"":""MultiPoint"",""coordinates"":[]}"
VHI_M_2021-05_00000000000000000219,0.7250000238418579,538,5,Dry,2021,2021-05,"{""type"":""MultiPoint"",""coordinates"":[]}"
VHI_M_2021-05_0000000000000000021a,0.6899999976158143,539,5,Dry,2021,2021-05,"{""type"":""MultiPoint"",""coordinates"":[]}"
VHI_M_2021-05_00000000000000000004,0.6499999761581422,5,5,Dry,2021,2021-05,"{""type"":""MultiPoint"",""coordinates"":[]}"
VHI_M_2021-05_00000000000000000028,0.615000009536743,41,5,Dry,2021,2021-05,"{""type"":""MultiPoint"",""coordinates"":[]}"
VHI_M_2021-05_00000000000000000029,0.6299999952316284,42,5,Dry,2021,2021-05,"{""type"":""MultiPoint"",""coordinates"":[]}"
VHI_M_2021-05_0000000000000000002a,0.6399999856948854,43,5,Dry,2021,2021-05,"{""type"":""MultiPoint"",""coordinates"":[]}"
VHI_M_2021-05_0000000000000000002b,0.5099999904632567,44,5,Dry,2021,2021-05,"{""type"":""MultiPoint"",""coordinates"":[]}"
VHI_M_2021-05_000000000000000000a7,0.625,168,5,Dry,2021,2021-05,"{""type"":""MultiPoint"",""coordinates"":[]}"
VHI_M_2021-05_000000000000000000a8,0.5600000023841858,169,5,Dry,2021,2021-05,"{""type"":""MultiPoint"",""coordinates"":[]}"
VHI_M_2021-05_0000000000000000000c,0.7099999785423278,13,5,Dry,2021,2021-05,"{""type"":""MultiPoint"",""coordinates"":[]}"
VHI_M_2021-05_00000000000000000060,0.649999976158142,97,5,Dry,2021,2021-05,"{""type"":""MultiPoint"",""coordinates"":[]}"
VHI_M_2021-05_00000000000000000061,0.6750000119209288,98,5,Dry,2021,2021-05,"{""type"":""MultiPoint"",""coordinates"":[]}"
VHI_M_2021-05_00000000000000000062,0.7099999785423279,99,5,Dry,2021,2021-05,"{""type"":""MultiPoint"",""coordinates"":[]}"
VHI_M_2021-05_00000000000000000063,0.709999978542328,100,5,Dry,2021,2021-05,"{""type"":""MultiPoint"",""coordinates"":[]}"
VHI_M_2021-05_00000000000000000064,0.7450000047683716,101,5,Dry,2021,2021-05,"{""type"":""MultiPoint"",""coordinates"":[]}"
VHI_M_2021-05_00000000000000000011,0.6050000190734863,18,5,Dry,2021,2021-05,"{""type"":""MultiPoint"",""coordinates"":[]}"
VHI_M_2021-05_00000000000000000033,0.615000009536743,52,5,Dry,2021,2021-05,"{""type"":""MultiPoint"",""coordinates"":[]}"
VHI_M_2021-05_00000000000000000034,0.5849999785423277,53,5,Dry,2021,2021-05,"{""type"":""MultiPoint"",""coordinates"":[]}"
VHI_M_2021-05_000000000000000001b3,0.5,436,5,Dry,2021,2021-05,"{""type"":""MultiPoint"",""coordinates"":[]}"
VHI_M_2021-05_000000000000000001b4,0.574999988079071,437,5,Dry,2021,2021-05,"{""type"":""MultiPoint"",""coordinates"":[]}"
VHI_M_2021-05_000000000000000001b5,0.4699999988079072,438,5,Dry,2021,2021-05,"{""type"":""MultiPoint"",""coordinates"":[]}"
VHI_M_2021-05_00000000000000000005,0.8399999737739563,6,5,Dry,2021,2021-05,"{""type"":""MultiPoint"",""coordinates"":[]}"
VHI_M_2021-05_00000000000000000082,0.8100000023841857,131,5,Dry,2021,2021-05,"{""type"":""MultiPoint"",""coordinates"":[]}"
VHI_M_2021-05_00000000000000000083,0.7450000047683716,132,5,Dry,2021,2021-05,"{""type"":""MultiPoint"",""coordinates"":[]}"
VHI_M_2021-05_00000000000000000084,0.699999988079071,133,5,Dry,2021,2021-05,"{""type"":""MultiPoint"",""coordinates"":[]}"
VHI_M_2021-05_00000000000000000085,0.7200000286102295,134,5,Dry,2021,2021-05,"{""type"":""MultiPoint"",""coordinates"":[]}"
VHI_M_2021-05_00000000000000000086,0.7450000047683715,135,5,Dry,2021,2021-05,"{""type"":""MultiPoint"",""coordinates"":[]}"
VHI_M_2021-05_00000000000000000087,0.7799999713897705,136,5,Dry,2021,2021-05,"{""type"":""MultiPoint"",""coordinates"":[]}"
VHI_M_2021-05_0000000000000000010c,0.699999988079071,269,5,Dry,2021,2021-05,"{""type"":""MultiPoint"",""coordinates"":[]}"
VHI_M_2021-05_0000000000000000010d,0.5849999785423278,270,5,Dry,2021,2021-05,"{""type"":""MultiPoint"",""coordinates"":[]}"
VHI_M_2021-05_0000000000000000010e,0.5649999976158142,271,5,Dry,2021,2021-05,"{""type"":""MultiPoint"",""coordinates"":[]}"
VHI_M_2021-05_0000000000000000010f,0.5600000023841858,272,5,Dry,2021,2021-05,"{""type"":""MultiPoint"",""coordinates"":[]}"
VHI_M_2021-05_00000000000000000110,0.5299999713897707,273,5,Dry,2021,2021-05,"{""type"":""MultiPoint"",""coordinates"":[]}"
VHI_M_2021-05_00000000000000000111,0.5199999809265137,274,5,Dry,2021,2021-05,"{""type"":""MultiPoint"",""coordinates"":[]}"
VHI_M_2021-05_000000000000000001d0,0.7300000190734863,465,5,Dry,2021,2021-05,"{""type"":""MultiPoint"",""coordinates"":[]}"
VHI_M_2021-05_000000000000000001d1,0.7500000000000001,466,5,Dry,2021,2021-05,"{""type"":""MultiPoint"",""coordinates"":[]}"
VHI_M_2021-05_00000000000000000009,0.6899999976158141,10,5,Dry,2021,2021-05,"{""type"":""MultiPoint"",""coordinates"":[]}"
VHI_M_2021-05_0000000000000000009e,0.675000011920929,159,5,Dry,2021,2021-05,"{""type"":""MultiPoint"",""coordinates"":[]}"
VHI_M_2021-05_0000000000000000009f,0.6150000095367432,160,5,Dry,2021,2021-05,"{""type"":""MultiPoint"",""coordinates"":[]}"
VHI_M_2021-05_00000000000000000154,0.800000011920929,341,5,Dry,2021,2021-05,"{""type"":""MultiPoint"",""coordinates"":[]}"
VHI_M_2021-05_00000000000000000155,0.5299999713897705,342,5,Dry,2021,2021-05,"{""type"":""MultiPoint"",""coordinates"":[]}"
VHI_M_2021-05_00000000000000000156,0.6449999809265138,343,5,Dry,2021,2021-05,"{""type"":""MultiPoint"",""coordinates"":[]}"
VHI_M_2021-05_00000000000000000157,0.6050000190734863,344,5,Dry,2021,2021-05,"{""type"":""MultiPoint"",""coordinates"":[]}"
VHI_M_2021-05_00000000000000000178,0.8199999928474426,377,5,Dry,2021,2021-05,"{""type"":""MultiPoint"",""coordinates"":[]}"
VHI_M_2021-05_00000000000000000179,0.5550000071525575,378,5,Dry,2021,2021-05,"{""type"":""MultiPoint"",""coordinates"":[]}"
VHI_M_2021-05_0000000000000000017a,0.6899999976158144,379,5,Dry,2021,2021-05,"{""type"":""MultiPoint"",""coordinates"":[]}"
VHI_M_2021-05_0000000000000000017b,0.5600000023841858,380,5,Dry,2021,2021-05,"{""type"":""MultiPoint"",""coordinates"":[]}"
VHI_M_2021-05_0000000000000000000f,0.625,16,5,Dry,2021,2021-05,"{""type"":""MultiPoint"",""coordinates"":[]}"
VHI_M_2021-05_00000000000000000040,0.5400000214576721,65,5,Dry,2021,2021-05,"{""type"":""MultiPoint"",""coordinates"":[]}"
VHI_M_2021-05_00000000000000000041,0.5299999713897705,66,5,Dry,2021,2021-05,"{""type"":""MultiPoint"",""coordinates"":[]}"
VHI_M_2021-05_00000000000000000042,0.6150000095367434,67,5,Dry,2021,2021-05,"{""type"":""MultiPoint"",""coordinates"":[]}"
VHI_M_2021-05_00000000000000000043,0.6949999928474425,68,5,Dry,2021,2021-05,"{""type"":""MultiPoint"",""coordinates"":[]}"
VHI_M_2021-05_00000000000000000192,0.5450000166893006,403,5,Dry,2021,2021-05,"{""type"":""MultiPoint"",""coordinates"":[]}"
VHI_M_2021-05_00000000000000000193,0.5849999785423279,404,5,Dry,2021,2021-05,"{""type"":""MultiPoint"",""coordinates"":[]}"
VHI_M_2021-05_00000000000000000194,0.47999998927116394,405,5,Dry,2021,2021-05,"{""type"":""MultiPoint"",""coordinates"":[]}"
VHI_M_2021-05_000000000000000001d2,0.5199999809265138,467,5,Dry,2021,2021-05,"{""type"":""MultiPoint"",""coordinates"":[]}"
VHI_M_2021-05_000000000000000001d3,0.5350000262260438,468,5,Dry,2021,2021-05,"{""type"":""MultiPoint"",""coordinates"":[]}"
VHI_M_2021-05_000000000000000001d4,0.5299999713897705,469,5,Dry,2021,2021-05,"{""type"":""MultiPoint"",""coordinates"":[]}"
VHI_M_2021-05_000000000000000001d5,0.5600000023841858,470,5,Dry,2021,2021-05,"{""type"":""MultiPoint"",""coordinates"":[]}"
VHI_M_2021-05_000000000000000001d6,0.6700000166893004,471,5,Dry,2021,2021-05,"{""type"":""MultiPoint"",""coordinates"":[]}"
VHI_M_2021-05_000000000000000001d7,0.5799999833106994,472,5,Dry,2021,2021-05,"{""type"":""MultiPoint"",""coordinates"":[]}"
VHI_M_2021-05_00000000000000000069,0.625,106,5,Dry,2021,2021-05,"{""type"":""MultiPoint"",""coordinates"":[]}"
VHI_M_2021-05_0000000000000000006a,0.6349999904632566,107,5,Dry,2021,2021-05,"{""type"":""MultiPoint"",""coordinates"":[]}"
VHI_M_2021-05_0000000000000000006b,0.6050000190734862,108,5,Dry,2021,2021-05,"{""type"":""MultiPoint"",""coordinates"":[]}"
VHI_M_2021-05_0000000000000000006c,0.6700000166893006,109,5,Dry,2021,2021-05,"{""type"":""MultiPoint"",""coordinates"":[]}"
VHI_M_2021-05_0000000000000000006d,0.6349999904632568,110,5,Dry,2021,2021-05,"{""type"":""MultiPoint"",""coordinates"":[]}"
VHI_M_2021-05_0000000000000000006e,0.699999988079071,111,5,Dry,2021,2021-05,"{""type"":""MultiPoint"",""coordinates"":[]}"
VHI_M_2021-05_0000000000000000006f,0.6650000214576721,112,5,Dry,2021,2021-05,"{""type"":""MultiPoint"",""coordinates"":[]}"
VHI_M_2021-05_000000000000000000d6,0.5950000286102295,215,5,Dry,2021,2021-05,"{""type"":""MultiPoint"",""coordinates"":[]}"
VHI_M_2021-05_0000000000000000013b,0.7049999833106995,316,5,Dry,2021,2021-05,"{""type"":""MultiPoint"",""coordinates"":[]}"
VHI_M_2021-05_0000000000000000013c,0.6549999713897704,317,5,Dry,2021,2021-05,"{""type"":""MultiPoint"",""coordinates"":[]}"
VHI_M_2021-05_0000000000000000013d,0.6050000190734864,318,5,Dry,2021,2021-05,"{""type"":""MultiPoint"",""coordinates"":[]}"
VHI_M_2021-05_0000000000000000013e,0.6150000095367432,319,5,Dry,2021,2021-05,"{""type"":""MultiPoint"",""coordinates"":[]}"
VHI_M_2021-05_0000000000000000013f,0.5550000071525574,320,5,Dry,2021,2021-05,"{""type"":""MultiPoint"",""coordinates"":[]}"
VHI_M_2021-05_00000000000000000140,0.5849999785423279,321,5,Dry,2021,2021-05,"{""type"":""MultiPoint"",""coordinates"":[]}"
VHI_M_2021-05_000000000000000001bc,0.6000000238418579,445,5,Dry,2021,2021-05,"{""type"":""MultiPoint"",""coordinates"":[]}"
VHI_M_2021-05_000000000000000001bd,0.625,446,5,Dry,2021,2021-05,"{""type"":""MultiPoint"",""coordinates"":[]}"
VHI_M_2021-05_000000000000000001be,0.6399999856948854,447,5,Dry,2021,2021-05,"{""type"":""MultiPoint"",""coordinates"":[]}"
VHI_M_2021-05_000000000000000001bf,0.5849999785423278,448,5,Dry,2021,2021-05,"{""type"":""MultiPoint"",""coordinates"":[]}"
VHI_M_2021-05_000000000000000001c0,0.634999990463257,449,5,Dry,2021,2021-05,"{""type"":""MultiPoint"",""coordinates"":[]}"
VHI_M_2021-05_00000000000000000006,0.7850000262260437,7,5,Dry,2021,2021-05,"{""type"":""MultiPoint"",""coordinates"":[]}"
VHI_M_2021-05_0000000000000000002c,0.8050000071525575,45,5,Dry,2021,2021-05,"{""type"":""MultiPoint"",""coordinates"":[]}"
VHI_M_2021-05_0000000000000000002d,0.7300000190734862,46,5,Dry,2021,2021-05,"{""type"":""MultiPoint"",""coordinates"":[]}"
VHI_M_2021-05_0000000000000000002e,0.8199999928474425,47,5,Dry,2021,2021-05,"{""type"":""MultiPoint"",""coordinates"":[]}"
VHI_M_2021-05_0000000000000000002f,0.8600000143051147,48,5,Dry,2021,2021-05,"{""type"":""MultiPoint"",""coordinates"":[]}"
VHI_M_2021-05_0000000000000000009b,0.8050000071525576,156,5,Dry,2021,2021-05,"{""type"":""MultiPoint"",""coordinates"":[]}"
VHI_M_2021-05_0000000000000000009c,0.7699999809265136,157,5,Dry,2021,2021-05,"{""type"":""MultiPoint"",""coordinates"":[]}"
VHI_M_2021-05_0000000000000000009d,0.8149999976158142,158,5,Dry,2021,2021-05,"{""type"":""MultiPoint"",""coordinates"":[]}"
VHI_M_2021-05_000000000000000001b6,0.8500000238418578,439,5,Dry,2021,2021-05,"{""type"":""MultiPoint"",""coordinates"":[]}"
VHI_M_2021-05_000000000000000001b7,0.759999990463257,440,5,Dry,2021,2021-05,"{""type"":""MultiPoint"",""coordinates"":[]}"
VHI_M_2021-05_000000000000000001b8,0.689999997615814,441,5,Dry,2021,2021-05,"{""type"":""MultiPoint"",""coordinates"":[]}"
VHI_M_2021-05_000000000000000001b9,0.7300000190734864,442,5,Dry,2021,2021-05,"{""type"":""MultiPoint"",""coordinates"":[]}"
VHI_M_2021-05_000000000000000001ba,0.7499999999999999,443,5,Dry,2021,2021-05,"{""type"":""MultiPoint"",""coordinates"":[]}"
VHI_M_2021-05_000000000000000001bb,0.800000011920929,444,5,Dry,2021,2021-05,"{""type"":""MultiPoint"",""coordinates"":[]}"
VHI_M_2021-05_00000000000000000221,0.699999988079071,546,5,Dry,2021,2021-05,"{""type"":""MultiPoint"",""coordinates"":[]}"
VHI_M_2021-05_00000000000000000222,0.8000000119209288,547,5,Dry,2021,2021-05,"{""type"":""MultiPoint"",""coordinates"":[]}"
VHI_M_2021-05_00000000000000000223,0.7599999904632571,548,5,Dry,2021,2021-05,"{""type"":""MultiPoint"",""coordinates"":[]}"
VHI_M_2021-05_00000000000000000224,0.7400000095367432,549,5,Dry,2021,2021-05,"{""type"":""MultiPoint"",""coordinates"":[]}"
VHI_M_2021-05_00000000000000000225,0.7450000047683715,550,5,Dry,2021,2021-05,"{""type"":""MultiPoint"",""coordinates"":[]}"
VHI_M_2021-05_00000000000000000053,0.6499999761581422,84,5,Dry,2021,2021-05,"{""type"":""MultiPoint"",""coordinates"":[]}"
VHI_M_2021-05_00000000000000000054,0.649999976158142,85,5,Dry,2021,2021-05,"{""type"":""MultiPoint"",""coordinates"":[]}"
VHI_M_2021-05_00000000000000000055,0.6600000262260437,86,5,Dry,2021,2021-05,"{""type"":""MultiPoint"",""coordinates"":[]}"
VHI_M_2021-05_00000000000000000056,0.6200000047683717,87,5,Dry,2021,2021-05,"{""type"":""MultiPoint"",""coordinates"":[]}"
VHI_M_2021-05_00000000000000000057,0.6499999761581421,88,5,Dry,2021,2021-05,"{""type"":""MultiPoint"",""coordinates"":[]}"
VHI_M_2021-05_000000000000000000de,0.6600000262260437,223,5,Dry,2021,2021-05,"{""type"":""MultiPoint"",""coordinates"":[]}"
VHI_M_2021-05_000000000000000000df,0.7300000190734862,224,5,Dry,2021,2021-05,"{""type"":""MultiPoint"",""coordinates"":[]}"
VHI_M_2021-05_000000000000000000e0,0.6299999952316284,225,5,Dry,2021,2021-05,"{""type"":""MultiPoint"",""coordinates"":[]}"
VHI_M_2021-05_000000000000000000e1,0.7799999713897704,226,5,Dry,2021,2021-05,"{""type"":""MultiPoint"",""coordinates"":[]}"
VHI_M_2021-05_000000000000000000ff,0.6449999809265137,256,5,Dry,2021,2021-05,"{""type"":""MultiPoint"",""coordinates"":[]}"
VHI_M_2021-05_0000000000000000011c,0.6299999952316284,285,5,Dry,2021,2021-05,"{""type"":""MultiPoint"",""coordinates"":[]}"
VHI_M_2021-05_0000000000000000011d,0.6200000047683715,286,5,Dry,2021,2021-05,"{""type"":""MultiPoint"",""coordinates"":[]}"
VHI_M_2021-05_0000000000000000011e,0.6499999761581422,287,5,Dry,2021,2021-05,"{""type"":""MultiPoint"",""coordinates"":[]}"
VHI_M_2021-05_0000000000000000011f,0.6499999761581421,288,5,Dry,2021,2021-05,"{""type"":""MultiPoint"",""coordinates"":[]}"
VHI_M_2021-05_000000000000000001c4,0.5950000286102296,453,5,Dry,2021,2021-05,"{""type"":""MultiPoint"",""coordinates"":[]}"
VHI_M_2021-05_000000000000000001c5,0.6499999761581421,454,5,Dry,2021,2021-05,"{""type"":""MultiPoint"",""coordinates"":[]}"
VHI_M_2021-05_000000000000000001c6,0.7200000286102296,455,5,Dry,2021,2021-05,"{""type"":""MultiPoint"",""coordinates"":[]}"
VHI_M_2021-05_00000000000000000003,0.800000011920929,4,5,Dry,2021,2021-05,"{""type"":""MultiPoint"",""coordinates"":[]}"
VHI_M_2021-05_0000000000000000001b,0.8450000286102295,28,5,Dry,2021,2021-05,"{""type"":""MultiPoint"",""coordinates"":[]}"
VHI_M_2021-05_00000000000000000186,0.7799999713897705,391,5,Dry,2021,2021-05,"{""type"":""MultiPoint"",""coordinates"":[]}"
VHI_M_2021-05_00000000000000000187,0.6349999904632568,392,5,Dry,2021,2021-05,"{""type"":""MultiPoint"",""coordinates"":[]}"
VHI_M_2021-05_00000000000000000188,0.7649999856948854,393,5,Dry,2021,2021-05,"{""type"":""MultiPoint"",""coordinates"":[]}"
VHI_M_2021-05_00000000000000000189,0.7749999761581419,394,5,Dry,2021,2021-05,"{""type"":""MultiPoint"",""coordinates"":[]}"
VHI_M_2021-05_0000000000000000018a,0.7599999904632568,395,5,Dry,2021,2021-05,"{""type"":""MultiPoint"",""coordinates"":[]}"
VHI_M_2021-05_0000000000000000018f,0.7799999713897705,400,5,Dry,2021,2021-05,"{""type"":""MultiPoint"",""coordinates"":[]}"
VHI_M_2021-05_00000000000000000190,0.6949999928474426,401,5,Dry,2021,2021-05,"{""type"":""MultiPoint"",""coordinates"":[]}"
VHI_M_2021-05_0000000000000000021e,0.8450000286102295,543,5,Dry,2021,2021-05,"{""type"":""MultiPoint"",""coordinates"":[]}"
VHI_M_2021-05_0000000000000000021f,0.7300000190734862,544,5,Dry,2021,2021-05,"{""type"":""MultiPoint"",""coordinates"":[]}"
VHI_M_2021-05_00000000000000000220,0.6899999976158141,545,5,Dry,2021,2021-05,"{""type"":""MultiPoint"",""coordinates"":[]}"
VHI_M_2021-05_00000000000000000007,0.75,8,5,Dry,2021,2021-05,"{""type"":""MultiPoint"",""coordinates"":[]}"
VHI_M_2021-05_0000000000000000000b,0.800000011920929,12,5,Dry,2021,2021-05,"{""type"":""MultiPoint"",""coordinates"":[]}"
VHI_M_2021-05_00000000000000000012,0.7099999785423279,19,5,Dry,2021,2021-05,"{""type"":""MultiPoint"",""coordinates"":[]}"
VHI_M_2021-05_00000000000000000013,0.7099999785423278,20,5,Dry,2021,2021-05,"{""type"":""MultiPoint"",""coordinates"":[]}"
VHI_M_2021-05_00000000000000000014,0.6899999976158143,21,5,Dry,2021,2021-05,"{""type"":""MultiPoint"",""coordinates"":[]}"
VHI_M_2021-05_00000000000000000015,0.6800000071525575,22,5,Dry,2021,2021-05,"{""type"":""MultiPoint"",""coordinates"":[]}"
VHI_M_2021-05_00000000000000000016,0.665000021457672,23,5,Dry,2021,2021-05,"{""type"":""MultiPoint"",""coordinates"":[]}"
VHI_M_2021-05_00000000000000000183,0.709999978542328,388,5,Dry,2021,2021-05,"{""type"":""MultiPoint"",""coordinates"":[]}"
VHI_M_2021-05_00000000000000000184,0.7649999856948853,389,5,Dry,2021,2021-05,"{""type"":""MultiPoint"",""coordinates"":[]}"
VHI_M_2021-05_00000000000000000185,0.7799999713897704,390,5,Dry,2021,2021-05,"{""type"":""MultiPoint"",""coordinates"":[]}"
VHI_M_2021-05_00000000000000000212,0.7300000190734863,531,5,Dry,2021,2021-05,"{""type"":""MultiPoint"",""coordinates"":[]}"
VHI_M_2021-05_00000000000000000213,0.8050000071525574,532,5,Dry,2021,2021-05,"{""type"":""MultiPoint"",""coordinates"":[]}"
VHI_M_2021-05_00000000000000000214,0.740000009536743,533,5,Dry,2021,2021-05,"{""type"":""MultiPoint"",""coordinates"":[]}"
VHI_M_2021-05_00000000000000000215,0.824999988079071,534,5,Dry,2021,2021-05,"{""type"":""MultiPoint"",""coordinates"":[]}"
VHI_M_2021-05_0000000000000000005a,0.6499999761581421,91,5,Dry,2021,2021-05,"{""type"":""MultiPoint"",""coordinates"":[]}"
VHI_M_2021-05_00000000000000000118,0.8349999785423279,281,5,Dry,2021,2021-05,"{""type"":""MultiPoint"",""coordinates"":[]}"
VHI_M_2021-05_00000000000000000119,0.7200000286102294,282,5,Dry,2021,2021-05,"{""type"":""MultiPoint"",""coordinates"":[]}"
VHI_M_2021-05_0000000000000000011a,0.7513512305626378,283,5,Dry,2021,2021-05,"{""type"":""MultiPoint"",""coordinates"":[]}"
VHI_M_2021-05_0000000000000000011b,0.9399999976158142,284,5,Dry,2021,2021-05,"{""type"":""MultiPoint"",""coordinates"":[]}"
VHI_M_2021-05_00000000000000000141,0.6800000071525573,322,5,Dry,2021,2021-05,"{""type"":""MultiPoint"",""coordinates"":[]}"
VHI_M_2021-05_00000000000000000142,0.884999990463257,323,5,Dry,2021,2021-05,"{""type"":""MultiPoint"",""coordinates"":[]}"
VHI_M_2021-05_00000000000000000143,0.7619071481437174,324,5,Dry,2021,2021-05,"{""type"":""MultiPoint"",""coordinates"":[]}"
VHI_M_2021-05_00000000000000000144,0.7950000166893004,325,5,Dry,2021,2021-05,"{""type"":""MultiPoint"",""coordinates"":[]}"
VHI_M_2021-05_00000000000000000145,0.8500000238418579,326,5,Dry,2021,2021-05,"{""type"":""MultiPoint"",""coordinates"":[]}"
VHI_M_2021-05_000000000000000001af,0.5699999928474426,432,5,Dry,2021,2021-05,"{""type"":""MultiPoint"",""coordinates"":[]}"
VHI_M_2021-05_0000000000000000004b,0.7450000047683716,76,5,Dry,2021,2021-05,"{""type"":""MultiPoint"",""coordinates"":[]}"
VHI_M_2021-05_0000000000000000004c,0.8050000071525574,77,5,Dry,2021,2021-05,"{""type"":""MultiPoint"",""coordinates"":[]}"
VHI_M_2021-05_0000000000000000004d,0.7450000047683716,78,5,Dry,2021,2021-05,"{""type"":""MultiPoint"",""coordinates"":[]}"
VHI_M_2021-05_0000000000000000004e,0.7149999737739565,79,5,Dry,2021,2021-05,"{""type"":""MultiPoint"",""coordinates"":[]}"
VHI_M_2021-05_0000000000000000004f,0.7300000190734863,80,5,Dry,2021,2021-05,"{""type"":""MultiPoint"",""coordinates"":[]}"
VHI_M_2021-05_00000000000000000050,0.7900000214576721,81,5,Dry,2021,2021-05,"{""type"":""MultiPoint"",""coordinates"":[]}"
VHI_M_2021-05_00000000000000000051,0.800000011920929,82,5,Dry,2021,2021-05,"{""type"":""MultiPoint"",""coordinates"":[]}"
VHI_M_2021-05_00000000000000000052,0.8450000286102295,83,5,Dry,2021,2021-05,"{""type"":""MultiPoint"",""coordinates"":[]}"
VHI_M_2021-05_000000000000000000aa,0.7350000143051147,171,5,Dry,2021,2021-05,"{""type"":""MultiPoint"",""coordinates"":[]}"
VHI_M_2021-05_000000000000000000ab,0.7500000000000001,172,5,Dry,2021,2021-05,"{""type"":""MultiPoint"",""coordinates"":[]}"
VHI_M_2021-05_000000000000000000ac,0.7200000286102292,173,5,Dry,2021,2021-05,"{""type"":""MultiPoint"",""coordinates"":[]}"
VHI_M_2021-05_000000000000000000ad,0.7350000143051146,174,5,Dry,2021,2021-05,"{""type"":""MultiPoint"",""coordinates"":[]}"
VHI_M_2021-05_000000000000000000ae,0.6850000023841858,175,5,Dry,2021,2021-05,"{""type"":""MultiPoint"",""coordinates"":[]}"
VHI_M_2021-05_000000000000000000af,0.6100000143051147,176,5,Dry,2021,2021-05,"{""type"":""MultiPoint"",""coordinates"":[]}"
VHI_M_2021-05_000000000000000000b0,0.8899999856948853,177,5,Dry,2021,2021-05,"{""type"":""MultiPoint"",""coordinates"":[]}"
VHI_M_2021-05_000000000000000001c7,0.699999988079071,456,5,Dry,2021,2021-05,"{""type"":""MultiPoint"",""coordinates"":[]}"
VHI_M_2021-05_000000000000000001c8,0.7799999713897704,457,5,Dry,2021,2021-05,"{""type"":""MultiPoint"",""coordinates"":[]}"
VHI_M_2021-05_000000000000000001c9,0.709999978542328,458,5,Dry,2021,2021-05,"{""type"":""MultiPoint"",""coordinates"":[]}"
VHI_M_2021-05_000000000000000001ca,0.8949999809265137,459,5,Dry,2021,2021-05,"{""type"":""MultiPoint"",""coordinates"":[]}"
VHI_M_2021-05_0000000000000000020a,0.865000009536743,523,5,Dry,2021,2021-05,"{""type"":""MultiPoint"",""coordinates"":[]}"
VHI_M_2021-05_0000000000000000020b,0.7149999737739564,524,5,Dry,2021,2021-05,"{""type"":""MultiPoint"",""coordinates"":[]}"
VHI_M_2021-05_0000000000000000020c,0.7250000238418581,525,5,Dry,2021,2021-05,"{""type"":""MultiPoint"",""coordinates"":[]}"
VHI_M_2021-05_000000000000000001ab,0.7099999785423279,428,5,Dry,2021,2021-05,"{""type"":""MultiPoint"",""coordinates"":[]}"
VHI_M_2021-05_000000000000000001ac,0.6949999928474425,429,5,Dry,2021,2021-05,"{""type"":""MultiPoint"",""coordinates"":[]}"
VHI_M_2021-05_000000000000000001ad,0.6600000262260437,430,5,Dry,2021,2021-05,"{""type"":""MultiPoint"",""coordinates"":[]}"
VHI_M_2021-05_000000000000000001ae,0.5749999880790712,431,5,Dry,2021,2021-05,"{""type"":""MultiPoint"",""coordinates"":[]}"
VHI_M_2021-05_000000000000000001c3,0.6399999856948853,452,5,Dry,2021,2021-05,"{""type"":""MultiPoint"",""coordinates"":[]}"
VHI_M_2021-05_00000000000000000037,0.6100000143051147,56,5,Dry,2021,2021-05,"{""type"":""MultiPoint"",""coordinates"":[]}"
VHI_M_2021-05_00000000000000000038,0.7450000047683716,57,5,Dry,2021,2021-05,"{""type"":""MultiPoint"",""coordinates"":[]}"
VHI_M_2021-05_00000000000000000039,0.574999988079071,58,5,Dry,2021,2021-05,"{""type"":""MultiPoint"",""coordinates"":[]}"
VHI_M_2021-05_0000000000000000003a,0.7250000238418579,59,5,Dry,2021,2021-05,"{""type"":""MultiPoint"",""coordinates"":[]}"
VHI_M_2021-05_0000000000000000003b,0.5099999904632568,60,5,Dry,2021,2021-05,"{""type"":""MultiPoint"",""coordinates"":[]}"
VHI_M_2021-05_0000000000000000003c,0.7400000095367433,61,5,Dry,2021,2021-05,"{""type"":""MultiPoint"",""coordinates"":[]}"
VHI_M_2021-05_0000000000000000003d,0.8299999833106995,62,5,Dry,2021,2021-05,"{""type"":""MultiPoint"",""coordinates"":[]}"
VHI_M_2021-05_0000000000000000003e,0.5400000214576721,63,5,Dry,2021,2021-05,"{""type"":""MultiPoint"",""coordinates"":[]}"
VHI_M_2021-05_0000000000000000003f,0.7599999904632568,64,5,Dry,2021,2021-05,"{""type"":""MultiPoint"",""coordinates"":[]}"
VHI_M_2021-05_00000000000000000044,0.4350000023841858,69,5,Dry,2021,2021-05,"{""type"":""MultiPoint"",""coordinates"":[]}"
VHI_M_2021-05_00000000000000000076,0.5199999809265136,119,5,Dry,2021,2021-05,"{""type"":""MultiPoint"",""coordinates"":[]}"
VHI_M_2021-05_00000000000000000077,0.6399999856948853,120,5,Dry,2021,2021-05,"{""type"":""MultiPoint"",""coordinates"":[]}"
VHI_M_2021-05_00000000000000000078,0.5049999952316284,121,5,Dry,2021,2021-05,"{""type"":""MultiPoint"",""coordinates"":[]}"
VHI_M_2021-05_00000000000000000079,0.6000000238418579,122,5,Dry,2021,2021-05,"{""type"":""MultiPoint"",""coordinates"":[]}"
VHI_M_2021-05_0000000000000000008b,0.5,140,5,Dry,2021,2021-05,"{""type"":""MultiPoint"",""coordinates"":[]}"
VHI_M_2021-05_0000000000000000008c,0.824999988079071,141,5,Dry,2021,2021-05,"{""type"":""MultiPoint"",""coordinates"":[]}"
VHI_M_2021-05_0000000000000000008d,0.8299999833106994,142,5,Dry,2021,2021-05,"{""type"":""MultiPoint"",""coordinates"":[]}"
VHI_M_2021-05_0000000000000000008e,0.8199999928474426,143,5,Dry,2021,2021-05,"{""type"":""MultiPoint"",""coordinates"":[]}"
VHI_M_2021-05_0000000000000000008f,0.9399999976158142,144,5,Dry,2021,2021-05,"{""type"":""MultiPoint"",""coordinates"":[]}"
VHI_M_2021-05_00000000000000000090,0.8199999928474426,145,5,Dry,2021,2021-05,"{""type"":""MultiPoint"",""coordinates"":[]}"
VHI_M_2021-05_00000000000000000091,0.875,146,5,Dry,2021,2021-05,"{""type"":""MultiPoint"",""coordinates"":[]}"
VHI_M_2021-05_000000000000000000b5,0.6549999713897705,182,5,Dry,2021,2021-05,"{""type"":""MultiPoint"",""coordinates"":[]}"
VHI_M_2021-05_000000000000000000cc,0.875,205,5,Dry,2021,2021-05,"{""type"":""MultiPoint"",""coordinates"":[]}"
VHI_M_2021-05_000000000000000000cd,0.7749999761581422,206,5,Dry,2021,2021-05,"{""type"":""MultiPoint"",""coordinates"":[]}"
VHI_M_2021-05_000000000000000001dd,0.8399999737739564,478,5,Dry,2021,2021-05,"{""type"":""MultiPoint"",""coordinates"":[]}"
VHI_M_2021-05_000000000000000001de,0.8899999856948851,479,5,Dry,2021,2021-05,"{""type"":""MultiPoint"",""coordinates"":[]}"
VHI_M_2021-05_000000000000000001df,0.8149999976158142,480,5,Dry,2021,2021-05,"{""type"":""MultiPoint"",""coordinates"":[]}"
VHI_M_2021-05_000000000000000001e0,0.8750000000000001,481,5,Dry,2021,2021-05,"{""type"":""MultiPoint"",""coordinates"":[]}"
VHI_M_2021-05_000000000000000001e1,0.875,482,5,Dry,2021,2021-05,"{""type"":""MultiPoint"",""coordinates"":[]}"
VHI_M_2021-05_0000000000000000007a,0.6949999928474426,123,5,Dry,2021,2021-05,"{""type"":""MultiPoint"",""coordinates"":[]}"
VHI_M_2021-05_0000000000000000007b,0.759999990463257,124,5,Dry,2021,2021-05,"{""type"":""MultiPoint"",""coordinates"":[]}"
VHI_M_2021-05_0000000000000000007c,0.7950000166893006,125,5,Dry,2021,2021-05,"{""type"":""MultiPoint"",""coordinates"":[]}"
VHI_M_2021-05_0000000000000000007d,0.7950000166893006,126,5,Dry,2021,2021-05,"{""type"":""MultiPoint"",""coordinates"":[]}"
VHI_M_2021-05_0000000000000000007e,0.6949999928474426,127,5,Dry,2021,2021-05,"{""type"":""MultiPoint"",""coordinates"":[]}"
VHI_M_2021-05_0000000000000000007f,0.7649999856948854,128,5,Dry,2021,2021-05,"{""type"":""MultiPoint"",""coordinates"":[]}"
VHI_M_2021-05_00000000000000000080,0.7149999737739562,129,5,Dry,2021,2021-05,"{""type"":""MultiPoint"",""coordinates"":[]}"
VHI_M_2021-05_00000000000000000088,0.824999988079071,137,5,Dry,2021,2021-05,"{""type"":""MultiPoint"",""coordinates"":[]}"
VHI_M_2021-05_00000000000000000089,0.8349999785423279,138,5,Dry,2021,2021-05,"{""type"":""MultiPoint"",""coordinates"":[]}"
VHI_M_2021-05_0000000000000000008a,0.8199999928474427,139,5,Dry,2021,2021-05,"{""type"":""MultiPoint"",""coordinates"":[]}"
VHI_M_2021-05_00000000000000000099,0.8149999976158143,154,5,Dry,2021,2021-05,"{""type"":""MultiPoint"",""coordinates"":[]}"
VHI_M_2021-05_0000000000000000009a,0.8625397442782883,155,5,Dry,2021,2021-05,"{""type"":""MultiPoint"",""coordinates"":[]}"
VHI_M_2021-05_00000000000000000112,0.8500000238418579,275,5,Dry,2021,2021-05,"{""type"":""MultiPoint"",""coordinates"":[]}"
VHI_M_2021-05_000000000000000001d8,0.7850000262260437,473,5,Dry,2021,2021-05,"{""type"":""MultiPoint"",""coordinates"":[]}"
VHI_M_2021-05_00000000000000000001,0.8299999833106995,2,5,Dry,2021,2021-05,"{""type"":""MultiPoint"",""coordinates"":[]}"
VHI_M_2021-05_00000000000000000030,0.6349999904632568,49,5,Dry,2021,2021-05,"{""type"":""MultiPoint"",""coordinates"":[]}"
VHI_M_2021-05_00000000000000000031,0.6499999761581423,50,5,Dry,2021,2021-05,"{""type"":""MultiPoint"",""coordinates"":[]}"
VHI_M_2021-05_00000000000000000032,0.6549999713897705,51,5,Dry,2021,2021-05,"{""type"":""MultiPoint"",""coordinates"":[]}"
VHI_M_2021-05_000000000000000000d7,0.5699999928474427,216,5,Dry,2021,2021-05,"{""type"":""MultiPoint"",""coordinates"":[]}"
VHI_M_2021-05_000000000000000000d8,0.5299999713897705,217,5,Dry,2021,2021-05,"{""type"":""MultiPoint"",""coordinates"":[]}"
VHI_M_2021-05_000000000000000000d9,0.5249999761581421,218,5,Dry,2021,2021-05,"{""type"":""MultiPoint"",""coordinates"":[]}"
VHI_M_2021-05_000000000000000000da,0.5899999737739562,219,5,Dry,2021,2021-05,"{""type"":""MultiPoint"",""coordinates"":[]}"
VHI_M_2021-05_00000000000000000132,0.6200000047683715,307,5,Dry,2021,2021-05,"{""type"":""MultiPoint"",""coordinates"":[]}"
VHI_M_2021-05_00000000000000000133,0.8450000286102295,308,5,Dry,2021,2021-05,"{""type"":""MultiPoint"",""coordinates"":[]}"
VHI_M_2021-05_00000000000000000134,0.7149999737739563,309,5,Dry,2021,2021-05,"{""type"":""MultiPoint"",""coordinates"":[]}"
VHI_M_2021-05_00000000000000000135,0.8199999928474426,310,5,Dry,2021,2021-05,"{""type"":""MultiPoint"",""coordinates"":[]}"
VHI_M_2021-05_0000000000000000001f,0.6249999999999999,32,5,Dry,2021,2021-05,"{""type"":""MultiPoint"",""coordinates"":[]}"
VHI_M_2021-05_00000000000000000020,0.550000011920929,33,5,Dry,2021,2021-05,"{""type"":""MultiPoint"",""coordinates"":[]}"
VHI_M_2021-05_00000000000000000021,0.6050000190734863,34,5,Dry,2021,2021-05,"{""type"":""MultiPoint"",""coordinates"":[]}"
VHI_M_2021-05_00000000000000000045,0.6150000095367432,70,5,Dry,2021,2021-05,"{""type"":""MultiPoint"",""coordinates"":[]}"
VHI_M_2021-05_00000000000000000046,0.6000000238418579,71,5,Dry,2021,2021-05,"{""type"":""MultiPoint"",""coordinates"":[]}"
VHI_M_2021-05_00000000000000000047,0.615000009536743,72,5,Dry,2021,2021-05,"{""type"":""MultiPoint"",""coordinates"":[]}"
VHI_M_2021-05_00000000000000000048,0.6050000190734864,73,5,Dry,2021,2021-05,"{""type"":""MultiPoint"",""coordinates"":[]}"
VHI_M_2021-05_00000000000000000072,0.5299999713897706,115,5,Dry,2021,2021-05,"{""type"":""MultiPoint"",""coordinates"":[]}"
VHI_M_2021-05_00000000000000000073,0.5649999976158143,116,5,Dry,2021,2021-05,"{""type"":""MultiPoint"",""coordinates"":[]}"
VHI_M_2021-05_00000000000000000074,0.5649999976158142,117,5,Dry,2021,2021-05,"{""type"":""MultiPoint"",""coordinates"":[]}"
VHI_M_2021-05_00000000000000000075,0.5649999976158142,118,5,Dry,2021,2021-05,"{""type"":""MultiPoint"",""coordinates"":[]}"
VHI_M_2021-05_000000000000000000b4,0.6399999856948853,181,5,Dry,2021,2021-05,"{""type"":""MultiPoint"",""coordinates"":[]}"
VHI_M_2021-05_000000000000000000e8,0.6000000238418579,233,5,Dry,2021,2021-05,"{""type"":""MultiPoint"",""coordinates"":[]}"
VHI_M_2021-05_000000000000000000e9,0.6000000238418581,234,5,Dry,2021,2021-05,"{""type"":""MultiPoint"",""coordinates"":[]}"
VHI_M_2021-05_000000000000000000ea,0.6050000190734863,235,5,Dry,2021,2021-05,"{""type"":""MultiPoint"",""coordinates"":[]}"
VHI_M_2021-05_00000000000000000022,0.774999976158142,35,5,Dry,2021,2021-05,"{""type"":""MultiPoint"",""coordinates"":[]}"
VHI_M_2021-05_00000000000000000023,0.7149999737739563,36,5,Dry,2021,2021-05,"{""type"":""MultiPoint"",""coordinates"":[]}"
VHI_M_2021-05_00000000000000000024,0.7300000190734862,37,5,Dry,2021,2021-05,"{""type"":""MultiPoint"",""coordinates"":[]}"
VHI_M_2021-05_00000000000000000025,0.7149999737739563,38,5,Dry,2021,2021-05,"{""type"":""MultiPoint"",""coordinates"":[]}"
VHI_M_2021-05_000000000000000000f0,0.7049999833106995,241,5,Dry,2021,2021-05,"{""type"":""MultiPoint"",""coordinates"":[]}"
VHI_M_2021-05_000000000000000000f4,0.5950000286102296,245,5,Dry,2021,2021-05,"{""type"":""MultiPoint"",""coordinates"":[]}"
VHI_M_2021-05_000000000000000000f5,0.7599999904632568,246,5,Dry,2021,2021-05,"{""type"":""MultiPoint"",""coordinates"":[]}"
VHI_M_2021-05_000000000000000000f6,0.8050000071525573,247,5,Dry,2021,2021-05,"{""type"":""MultiPoint"",""coordinates"":[]}"
VHI_M_2021-05_000000000000000000f7,0.7350000143051147,248,5,Dry,2021,2021-05,"{""type"":""MultiPoint"",""coordinates"":[]}"
VHI_M_2021-05_000000000000000000f8,0.6700000166893006,249,5,Dry,2021,2021-05,"{""type"":""MultiPoint"",""coordinates"":[]}"
VHI_M_2021-05_00000000000000000000,0.5199999809265137,1,5,Dry,2021,2021-05,"{""type"":""MultiPoint"",""coordinates"":[]}"
VHI_M_2021-05_000000000000000000f2,0.5950000286102298,243,5,Dry,2021,2021-05,"{""type"":""MultiPoint"",""coordinates"":[]}"
VHI_M_2021-05_000000000000000000f3,0.574999988079071,244,5,Dry,2021,2021-05,"{""type"":""MultiPoint"",""coordinates"":[]}"
VHI_M_2021-05_00000000000000000106,0.7149999737739564,263,5,Dry,2021,2021-05,"{""type"":""MultiPoint"",""coordinates"":[]}"
VHI_M_2021-05_00000000000000000107,0.6349999904632568,264,5,Dry,2021,2021-05,"{""type"":""MultiPoint"",""coordinates"":[]}"
VHI_M_2021-05_00000000000000000108,0.6700000166893006,265,5,Dry,2021,2021-05,"{""type"":""MultiPoint"",""coordinates"":[]}"
VHI_M_2021-05_0000000000000000012c,0.5600000023841859,301,5,Dry,2021,2021-05,"{""type"":""MultiPoint"",""coordinates"":[]}"
VHI_M_2021-05_0000000000000000012d,0.5749999880790712,302,5,Dry,2021,2021-05,"{""type"":""MultiPoint"",""coordinates"":[]}"
VHI_M_2021-05_0000000000000000012e,0.6000000238418579,303,5,Dry,2021,2021-05,"{""type"":""MultiPoint"",""coordinates"":[]}"
VHI_M_2021-05_000000000000000000a5,0.7200000286102296,166,5,Dry,2021,2021-05,"{""type"":""MultiPoint"",""coordinates"":[]}"
VHI_M_2021-05_000000000000000000a6,0.699999988079071,167,5,Dry,2021,2021-05,"{""type"":""MultiPoint"",""coordinates"":[]}"
VHI_M_2021-05_000000000000000000c1,0.6299999952316284,194,5,Dry,2021,2021-05,"{""type"":""MultiPoint"",""coordinates"":[]}"
VHI_M_2021-05_00000000000000000120,0.574999988079071,289,5,Dry,2021,2021-05,"{""type"":""MultiPoint"",""coordinates"":[]}"
VHI_M_2021-05_000000000000000001d9,0.6449999809265137,474,5,Dry,2021,2021-05,"{""type"":""MultiPoint"",""coordinates"":[]}"
VHI_M_2021-05_000000000000000001da,0.6850000023841858,475,5,Dry,2021,2021-05,"{""type"":""MultiPoint"",""coordinates"":[]}"
VHI_M_2021-05_000000000000000001db,0.6899999976158142,476,5,Dry,2021,2021-05,"{""type"":""MultiPoint"",""coordinates"":[]}"
VHI_M_2021-05_000000000000000001dc,0.6899999976158142,477,5,Dry,2021,2021-05,"{""type"":""MultiPoint"",""coordinates"":[]}"
VHI_M_2021-05_000000000000000001e2,0.6200000047683716,483,5,Dry,2021,2021-05,"{""type"":""MultiPoint"",""coordinates"":[]}"
VHI_M_2021-05_000000000000000001e3,0.6600000262260438,484,5,Dry,2021,2021-05,"{""type"":""MultiPoint"",""coordinates"":[]}"
VHI_M_2021-05_000000000000000001e4,0.6200000047683716,485,5,Dry,2021,2021-05,"{""type"":""MultiPoint"",""coordinates"":[]}"
VHI_M_2021-05_000000000000000001e5,0.5249999761581421,486,5,Dry,2021,2021-05,"{""type"":""MultiPoint"",""coordinates"":[]}"
VHI_M_2021-05_000000000000000001e6,0.6549999713897705,487,5,Dry,2021,2021-05,"{""type"":""MultiPoint"",""coordinates"":[]}"
VHI_M_2021-05_000000000000000001e7,0.6499999761581421,488,5,Dry,2021,2021-05,"{""type"":""MultiPoint"",""coordinates"":[]}"
VHI_M_2021-05_000000000000000001e8,0.6349999904632568,489,5,Dry,2021,2021-05,"{""type"":""MultiPoint"",""coordinates"":[]}"
VHI_M_2021-05_000000000000000001e9,0.6050000190734863,490,5,Dry,2021,2021-05,"{""type"":""MultiPoint"",""coordinates"":[]}"
VHI_M_2021-05_000000000000000000e2,0.665000021457672,227,5,Dry,2021,2021-05,"{""type"":""MultiPoint"",""coordinates"":[]}"
VHI_M_2021-05_000000000000000000e3,0.6100000143051147,228,5,Dry,2021,2021-05,"{""type"":""MultiPoint"",""coordinates"":[]}"
VHI_M_2021-05_000000000000000000e4,0.5799999833106995,229,5,Dry,2021,2021-05,"{""type"":""MultiPoint"",""coordinates"":[]}"
VHI_M_2021-05_000000000000000000e5,0.6050000190734862,230,5,Dry,2021,2021-05,"{""type"":""MultiPoint"",""coordinates"":[]}"
VHI_M_2021-05_000000000000000000e6,0.5950000286102295,231,5,Dry,2021,2021-05,"{""type"":""MultiPoint"",""coordinates"":[]}"
VHI_M_2021-05_000000000000000000e7,0.6600000262260437,232,5,Dry,2021,2021-05,"{""type"":""MultiPoint"",""coordinates"":[]}"
VHI_M_2021-05_0000000000000000017f,0.6750000119209288,384,5,Dry,2021,2021-05,"{""type"":""MultiPoint"",""coordinates"":[]}"
VHI_M_2021-05_00000000000000000180,0.6949999928474426,385,5,Dry,2021,2021-05,"{""type"":""MultiPoint"",""coordinates"":[]}"
VHI_M_2021-05_00000000000000000203,0.6600000262260437,516,5,Dry,2021,2021-05,"{""type"":""MultiPoint"",""coordinates"":[]}"
VHI_M_2021-05_00000000000000000204,0.6299999952316283,517,5,Dry,2021,2021-05,"{""type"":""MultiPoint"",""coordinates"":[]}"
VHI_M_2021-05_00000000000000000205,0.6399999856948853,518,5,Dry,2021,2021-05,"{""type"":""MultiPoint"",""coordinates"":[]}"
VHI_M_2021-05_00000000000000000206,0.6399999856948853,519,5,Dry,2021,2021-05,"{""type"":""MultiPoint"",""coordinates"":[]}"
VHI_M_2021-05_00000000000000000207,0.625,520,5,Dry,2021,2021-05,"{""type"":""MultiPoint"",""coordinates"":[]}"
VHI_M_2021-05_00000000000000000208,0.6025000214576721,521,5,Dry,2021,2021-05,"{""type"":""MultiPoint"",""coordinates"":[]}"
VHI_M_2021-05_00000000000000000209,0.7049999833106995,522,5,Dry,2021,2021-05,"{""type"":""MultiPoint"",""coordinates"":[]}"
VHI_M_2021-05_0000000000000000000e,0.6399999856948854,15,5,Dry,2021,2021-05,"{""type"":""MultiPoint"",""coordinates"":[]}"
VHI_M_2021-05_00000000000000000124,0.7099999785423279,293,5,Dry,2021,2021-05,"{""type"":""MultiPoint"",""coordinates"":[]}"
VHI_M_2021-05_00000000000000000125,0.6899999976158143,294,5,Dry,2021,2021-05,"{""type"":""MultiPoint"",""coordinates"":[]}"
VHI_M_2021-05_00000000000000000126,0.6100000143051146,295,5,Dry,2021,2021-05,"{""type"":""MultiPoint"",""coordinates"":[]}"
VHI_M_2021-05_00000000000000000127,0.6700000166893003,296,5,Dry,2021,2021-05,"{""type"":""MultiPoint"",""coordinates"":[]}"
VHI_M_2021-05_00000000000000000128,0.5550000071525574,297,5,Dry,2021,2021-05,"{""type"":""MultiPoint"",""coordinates"":[]}"
VHI_M_2021-05_00000000000000000129,0.6150000095367433,298,5,Dry,2021,2021-05,"{""type"":""MultiPoint"",""coordinates"":[]}"
VHI_M_2021-05_0000000000000000012a,0.6050000190734863,299,5,Dry,2021,2021-05,"{""type"":""MultiPoint"",""coordinates"":[]}"
VHI_M_2021-05_0000000000000000012b,0.6499999761581422,300,5,Dry,2021,2021-05,"{""type"":""MultiPoint"",""coordinates"":[]}"
VHI_M_2021-05_00000000000000000174,0.6399999856948851,373,5,Dry,2021,2021-05,"{""type"":""MultiPoint"",""coordinates"":[]}"
VHI_M_2021-05_00000000000000000175,0.6150000095367432,374,5,Dry,2021,2021-05,"{""type"":""MultiPoint"",""coordinates"":[]}"
VHI_M_2021-05_00000000000000000176,0.6449999809265136,375,5,Dry,2021,2021-05,"{""type"":""MultiPoint"",""coordinates"":[]}"
VHI_M_2021-05_00000000000000000177,0.625,376,5,Dry,2021,2021-05,"{""type"":""MultiPoint"",""coordinates"":[]}"
VHI_M_2021-05_00000000000000000195,0.634999990463257,406,5,Dry,2021,2021-05,"{""type"":""MultiPoint"",""coordinates"":[]}"
VHI_M_2021-05_00000000000000000196,0.5950000286102296,407,5,Dry,2021,2021-05,"{""type"":""MultiPoint"",""coordinates"":[]}"
VHI_M_2021-05_00000000000000000197,0.6150000095367432,408,5,Dry,2021,2021-05,"{""type"":""MultiPoint"",""coordinates"":[]}"
VHI_M_2021-05_00000000000000000198,0.6399999856948851,409,5,Dry,2021,2021-05,"{""type"":""MultiPoint"",""coordinates"":[]}"
VHI_M_2021-05_00000000000000000199,0.6449999809265137,410,5,Dry,2021,2021-05,"{""type"":""MultiPoint"",""coordinates"":[]}"
VHI_M_2021-05_00000000000000000035,0.7450000047683716,54,5,Dry,2021,2021-05,"{""type"":""MultiPoint"",""coordinates"":[]}"
VHI_M_2021-05_000000000000000000ce,0.5950000286102294,207,5,Dry,2021,2021-05,"{""type"":""MultiPoint"",""coordinates"":[]}"
VHI_M_2021-05_000000000000000000cf,0.5550000071525574,208,5,Dry,2021,2021-05,"{""type"":""MultiPoint"",""coordinates"":[]}"
VHI_M_2021-05_000000000000000000d0,0.6899999976158142,209,5,Dry,2021,2021-05,"{""type"":""MultiPoint"",""coordinates"":[]}"
VHI_M_2021-05_000000000000000000d1,0.75,210,5,Dry,2021,2021-05,"{""type"":""MultiPoint"",""coordinates"":[]}"
VHI_M_2021-05_000000000000000001ea,0.7350000143051147,491,5,Dry,2021,2021-05,"{""type"":""MultiPoint"",""coordinates"":[]}"
VHI_M_2021-05_000000000000000001eb,0.6999999880790712,492,5,Dry,2021,2021-05,"{""type"":""MultiPoint"",""coordinates"":[]}"
VHI_M_2021-05_000000000000000001ec,0.7400000095367432,493,5,Dry,2021,2021-05,"{""type"":""MultiPoint"",""coordinates"":[]}"
VHI_M_2021-05_000000000000000001ed,0.7749999761581421,494,5,Dry,2021,2021-05,"{""type"":""MultiPoint"",""coordinates"":[]}"
VHI_M_2021-05_000000000000000001f4,0.699999988079071,501,5,Dry,2021,2021-05,"{""type"":""MultiPoint"",""coordinates"":[]}"
VHI_M_2021-05_000000000000000001f5,0.6700000166893005,502,5,Dry,2021,2021-05,"{""type"":""MultiPoint"",""coordinates"":[]}"
VHI_M_2021-05_000000000000000001f6,0.774999976158142,503,5,Dry,2021,2021-05,"{""type"":""MultiPoint"",""coordinates"":[]}"
VHI_M_2021-05_000000000000000001f7,0.7749999761581421,504,5,Dry,2021,2021-05,"{""type"":""MultiPoint"",""coordinates"":[]}"
VHI_M_2021-05_000000000000000001f8,0.75,505,5,Dry,2021,2021-05,"{""type"":""MultiPoint"",""coordinates"":[]}"
VHI_M_2021-05_000000000000000001f9,0.7149999737739564,506,5,Dry,2021,2021-05,"{""type"":""MultiPoint"",""coordinates"":[]}"
VHI_M_2021-05_000000000000000001fa,0.740000009536743,507,5,Dry,2021,2021-05,"{""type"":""MultiPoint"",""coordinates"":[]}"
VHI_M_2021-05_000000000000000001fb,0.8149999976158142,508,5,Dry,2021,2021-05,"{""type"":""MultiPoint"",""coordinates"":[]}"
VHI_M_2021-05_000000000000000001fc,0.699999988079071,509,5,Dry,2021,2021-05,"{""type"":""MultiPoint"",""coordinates"":[]}"
VHI_M_2021-05_000000000000000001fd,0.7300000190734863,510,5,Dry,2021,2021-05,"{""type"":""MultiPoint"",""coordinates"":[]}"
VHI_M_2021-05_00000000000000000049,0.75,74,5,Dry,2021,2021-05,"{""type"":""MultiPoint"",""coordinates"":[]}"
VHI_M_2021-05_0000000000000000004a,0.7400000095367432,75,5,Dry,2021,2021-05,"{""type"":""MultiPoint"",""coordinates"":[]}"
VHI_M_2021-05_000000000000000000fd,0.7200000286102295,254,5,Dry,2021,2021-05,"{""type"":""MultiPoint"",""coordinates"":[]}"
VHI_M_2021-05_000000000000000000fe,0.7950000166893006,255,5,Dry,2021,2021-05,"{""type"":""MultiPoint"",""coordinates"":[]}"
VHI_M_2021-05_00000000000000000191,0.6299999952316284,402,5,Dry,2021,2021-05,"{""type"":""MultiPoint"",""coordinates"":[]}"
VHI_M_2021-05_0000000000000000016e,0.7911147744929204,367,5,Dry,2021,2021-05,"{""type"":""MultiPoint"",""coordinates"":[]}"
VHI_M_2021-05_0000000000000000016f,0.8149999976158142,368,5,Dry,2021,2021-05,"{""type"":""MultiPoint"",""coordinates"":[]}"
VHI_M_2021-05_00000000000000000170,0.7450000047683716,369,5,Dry,2021,2021-05,"{""type"":""MultiPoint"",""coordinates"":[]}"
VHI_M_2021-05_00000000000000000181,0.7350000143051147,386,5,Dry,2021,2021-05,"{""type"":""MultiPoint"",""coordinates"":[]}"
VHI_M_2021-05_00000000000000000182,0.8749999999999999,387,5,Dry,2021,2021-05,"{""type"":""MultiPoint"",""coordinates"":[]}"
VHI_M_2021-05_00000000000000000228,0.7599999904632568,553,5,Dry,2021,2021-05,"{""type"":""MultiPoint"",""coordinates"":[]}"
VHI_M_2021-06_00000000000000000017,0.38999998569488525,24,6,Wet,2021,2021-06,"{""type"":""MultiPoint"",""coordinates"":[]}"
VHI_M_2021-06_00000000000000000018,0.33000001311302185,25,6,Wet,2021,2021-06,"{""type"":""MultiPoint"",""coordinates"":[]}"
VHI_M_2021-06_00000000000000000019,0.36500000953674316,26,6,Wet,2021,2021-06,"{""type"":""MultiPoint"",""coordinates"":[]}"
VHI_M_2021-06_0000000000000000001a,0.36500000953674316,27,6,Wet,2021,2021-06,"{""type"":""MultiPoint"",""coordinates"":[]}"
VHI_M_2021-06_0000000000000000005b,0.75,92,6,Wet,2021,2021-06,"{""type"":""MultiPoint"",""coordinates"":[]}"
VHI_M_2021-06_0000000000000000005c,0.27000001072883606,93,6,Wet,2021,2021-06,"{""type"":""MultiPoint"",""coordinates"":[]}"
VHI_M_2021-06_0000000000000000005d,,94,6,Wet,2021,2021-06,"{""type"":""MultiPoint"",""coordinates"":[]}"
VHI_M_2021-06_0000000000000000005e,0.39500001072883606,95,6,Wet,2021,2021-06,"{""type"":""MultiPoint"",""coordinates"":[]}"
VHI_M_2021-06_0000000000000000005f,0.4449999928474426,96,6,Wet,2021,2021-06,"{""type"":""MultiPoint"",""coordinates"":[]}"
VHI_M_2021-06_000000000000000000b6,0.7099999785423279,183,6,Wet,2021,2021-06,"{""type"":""MultiPoint"",""coordinates"":[]}"
VHI_M_2021-06_000000000000000000b7,0.5450000166893005,184,6,Wet,2021,2021-06,"{""type"":""MultiPoint"",""coordinates"":[]}"
VHI_M_2021-06_000000000000000000b8,0.36500000953674316,185,6,Wet,2021,2021-06,"{""type"":""MultiPoint"",""coordinates"":[]}"
VHI_M_2021-06_000000000000000000b9,0.6949999928474426,186,6,Wet,2021,2021-06,"{""type"":""MultiPoint"",""coordinates"":[]}"
VHI_M_2021-06_000000000000000000ba,0.7099999785423279,187,6,Wet,2021,2021-06,"{""type"":""MultiPoint"",""coordinates"":[]}"
VHI_M_2021-06_000000000000000000bb,0.47999998927116394,188,6,Wet,2021,2021-06,"{""type"":""MultiPoint"",""coordinates"":[]}"
VHI_M_2021-06_000000000000000001a0,0.8450000286102295,417,6,Wet,2021,2021-06,"{""type"":""MultiPoint"",""coordinates"":[]}"
VHI_M_2021-06_000000000000000001a1,0.6150000095367432,418,6,Wet,2021,2021-06,"{""type"":""MultiPoint"",""coordinates"":[]}"
VHI_M_2021-06_000000000000000001a2,0.7400000095367432,419,6,Wet,2021,2021-06,"{""type"":""MultiPoint"",""coordinates"":[]}"
VHI_M_2021-06_000000000000000001a3,0.3499999940395355,420,6,Wet,2021,2021-06,"{""type"":""MultiPoint"",""coordinates"":[]}"
VHI_M_2021-06_000000000000000001cb,0.2800000011920929,460,6,Wet,2021,2021-06,"{""type"":""MultiPoint"",""coordinates"":[]}"
VHI_M_2021-06_000000000000000001cc,0.5600000023841858,461,6,Wet,2021,2021-06,"{""type"":""MultiPoint"",""coordinates"":[]}"
VHI_M_2021-06_0000000000000000021b,0.5550000071525574,540,6,Wet,2021,2021-06,"{""type"":""MultiPoint"",""coordinates"":[]}"
VHI_M_2021-06_0000000000000000021c,0.7049999833106995,541,6,Wet,2021,2021-06,"{""type"":""MultiPoint"",""coordinates"":[]}"
VHI_M_2021-06_0000000000000000021d,0.5649999976158142,542,6,Wet,2021,2021-06,"{""type"":""MultiPoint"",""coordinates"":[]}"
VHI_M_2021-06_000000000000000000bf,0.7749999761581421,192,6,Wet,2021,2021-06,"{""type"":""MultiPoint"",""coordinates"":[]}"
VHI_M_2021-06_000000000000000000c0,0.7200000286102295,193,6,Wet,2021,2021-06,"{""type"":""MultiPoint"",""coordinates"":[]}"
VHI_M_2021-06_0000000000000000010a,0.6499999761581421,267,6,Wet,2021,2021-06,"{""type"":""MultiPoint"",""coordinates"":[]}"
VHI_M_2021-06_0000000000000000010b,0.7250000238418579,268,6,Wet,2021,2021-06,"{""type"":""MultiPoint"",""coordinates"":[]}"
VHI_M_2021-06_00000000000000000226,0.7200000286102295,551,6,Wet,2021,2021-06,"{""type"":""MultiPoint"",""coordinates"":[]}"
VHI_M_2021-06_00000000000000000227,0.7599999904632568,552,6,Wet,2021,2021-06,"{""type"":""MultiPoint"",""coordinates"":[]}"
VHI_M_2021-06_000000000000000001a4,0.574999988079071,421,6,Wet,2021,2021-06,"{""type"":""MultiPoint"",""coordinates"":[]}"
VHI_M_2021-06_000000000000000001a5,0.5550000071525574,422,6,Wet,2021,2021-06,"{""type"":""MultiPoint"",""coordinates"":[]}"
VHI_M_2021-06_000000000000000001a6,0.39500001072883606,423,6,Wet,2021,2021-06,"{""type"":""MultiPoint"",""coordinates"":[]}"
VHI_M_2021-06_000000000000000001a7,0.39500001072883606,424,6,Wet,2021,2021-06,"{""type"":""MultiPoint"",""coordinates"":[]}"
VHI_M_2021-06_000000000000000001a8,0.5199999809265137,425,6,Wet,2021,2021-06,"{""type"":""MultiPoint"",""coordinates"":[]}"
VHI_M_2021-06_000000000000000001a9,0.4749999940395355,426,6,Wet,2021,2021-06,"{""type"":""MultiPoint"",""coordinates"":[]}"
VHI_M_2021-06_000000000000000001aa,0.44999998807907104,427,6,Wet,2021,2021-06,"{""type"":""MultiPoint"",""coordinates"":[]}"
VHI_M_2021-06_000000000000000001fe,0.6899999976158142,511,6,Wet,2021,2021-06,"{""type"":""MultiPoint"",""coordinates"":[]}"
VHI_M_2021-06_000000000000000001ff,0.6949999928474426,512,6,Wet,2021,2021-06,"{""type"":""MultiPoint"",""coordinates"":[]}"
VHI_M_2021-06_00000000000000000200,0.47999998927116394,513,6,Wet,2021,2021-06,"{""type"":""MultiPoint"",""coordinates"":[]}"
VHI_M_2021-06_00000000000000000201,0.625,514,6,Wet,2021,2021-06,"{""type"":""MultiPoint"",""coordinates"":[]}"
VHI_M_2021-06_00000000000000000202,0.6899999976158142,515,6,Wet,2021,2021-06,"{""type"":""MultiPoint"",""coordinates"":[]}"
VHI_M_2021-06_00000000000000000002,0.6299999952316284,3,6,Wet,2021,2021-06,"{""type"":""MultiPoint"",""coordinates"":[]}"
VHI_M_2021-06_0000000000000000000d,0.6650000214576721,14,6,Wet,2021,2021-06,"{""type"":""MultiPoint"",""coordinates"":[]}"
VHI_M_2021-06_00000000000000000027,0.6449999809265137,40,6,Wet,2021,2021-06,"{""type"":""MultiPoint"",""coordinates"":[]}"
VHI_M_2021-06_00000000000000000070,0.6600000262260437,113,6,Wet,2021,2021-06,"{""type"":""MultiPoint"",""coordinates"":[]}"
VHI_M_2021-06_00000000000000000071,0.6499999761581421,114,6,Wet,2021,2021-06,"{""type"":""MultiPoint"",""coordinates"":[]}"
VHI_M_2021-06_000000000000000001b0,0.5799999833106995,433,6,Wet,2021,2021-06,"{""type"":""MultiPoint"",""coordinates"":[]}"
VHI_M_2021-06_000000000000000001b1,0.7400000095367432,434,6,Wet,2021,2021-06,"{""type"":""MultiPoint"",""coordinates"":[]}"
VHI_M_2021-06_000000000000000001b2,0.7250000238418579,435,6,Wet,2021,2021-06,"{""type"":""MultiPoint"",""coordinates"":[]}"
VHI_M_2021-06_000000000000000001cd,0.7950000166893006,462,6,Wet,2021,2021-06,"{""type"":""MultiPoint"",""coordinates"":[]}"
VHI_M_2021-06_000000000000000001ce,0.7099999785423279,463,6,Wet,2021,2021-06,"{""type"":""MultiPoint"",""coordinates"":[]}"
VHI_M_2021-06_000000000000000001cf,0.699999988079071,464,6,Wet,2021,2021-06,"{""type"":""MultiPoint"",""coordinates"":[]}"
VHI_M_2021-06_0000000000000000001c,0.7200000286102295,29,6,Wet,2021,2021-06,"{""type"":""MultiPoint"",""coordinates"":[]}"
VHI_M_2021-06_0000000000000000001d,0.75,30,6,Wet,2021,2021-06,"{""type"":""MultiPoint"",""coordinates"":[]}"
VHI_M_2021-06_0000000000000000001e,0.7200000286102294,31,6,Wet,2021,2021-06,"{""type"":""MultiPoint"",""coordinates"":[]}"
VHI_M_2021-06_00000000000000000026,0.6800000071525574,39,6,Wet,2021,2021-06,"{""type"":""MultiPoint"",""coordinates"":[]}"
VHI_M_2021-06_000000000000000000f9,0.6549999713897706,250,6,Wet,2021,2021-06,"{""type"":""MultiPoint"",""coordinates"":[]}"
VHI_M_2021-06_000000000000000000fa,0.6850000023841858,251,6,Wet,2021,2021-06,"{""type"":""MultiPoint"",""coordinates"":[]}"
VHI_M_2021-06_000000000000000000fb,0.7049999833106996,252,6,Wet,2021,2021-06,"{""type"":""MultiPoint"",""coordinates"":[]}"
VHI_M_2021-06_000000000000000000fc,0.7099999785423278,253,6,Wet,2021,2021-06,"{""type"":""MultiPoint"",""coordinates"":[]}"
VHI_M_2021-06_00000000000000000163,0.665000021457672,356,6,Wet,2021,2021-06,"{""type"":""MultiPoint"",""coordinates"":[]}"
VHI_M_2021-06_00000000000000000164,0.6700000166893005,357,6,Wet,2021,2021-06,"{""type"":""MultiPoint"",""coordinates"":[]}"
VHI_M_2021-06_00000000000000000165,0.6850000023841858,358,6,Wet,2021,2021-06,"{""type"":""MultiPoint"",""coordinates"":[]}"
VHI_M_2021-06_00000000000000000166,0.6850000023841858,359,6,Wet,2021,2021-06,"{""type"":""MultiPoint"",""coordinates"":[]}"
VHI_M_2021-06_00000000000000000149,0.7599999904632568,330,6,Wet,2021,2021-06,"{""type"":""MultiPoint"",""coordinates"":[]}"
VHI_M_2021-06_0000000000000000014a,0.7599999904632568,331,6,Wet,2021,2021-06,"{""type"":""MultiPoint"",""coordinates"":[]}"
VHI_M_2021-06_0000000000000000014b,0.6449999809265137,332,6,Wet,2021,2021-06,"{""type"":""MultiPoint"",""coordinates"":[]}"
VHI_M_2021-06_0000000000000000014c,0.7200000286102296,333,6,Wet,2021,2021-06,"{""type"":""MultiPoint"",""coordinates"":[]}"
VHI_M_2021-06_0000000000000000014d,0.5799999833106995,334,6,Wet,2021,2021-06,"{""type"":""MultiPoint"",""coordinates"":[]}"
VHI_M_2021-06_0000000000000000014e,0.7950000166893006,335,6,Wet,2021,2021-06,"{""type"":""MultiPoint"",""coordinates"":[]}"
VHI_M_2021-06_00000000000000000158,0.6850000023841858,345,6,Wet,2021,2021-06,"{""type"":""MultiPoint"",""coordinates"":[]}"
VHI_M_2021-06_00000000000000000159,0.7599999904632568,346,6,Wet,2021,2021-06,"{""type"":""MultiPoint"",""coordinates"":[]}"
VHI_M_2021-06_0000000000000000015a,0.6499999761581422,347,6,Wet,2021,2021-06,"{""type"":""MultiPoint"",""coordinates"":[]}"
VHI_M_2021-06_0000000000000000015b,0.6949999928474425,348,6,Wet,2021,2021-06,"{""type"":""MultiPoint"",""coordinates"":[]}"
VHI_M_2021-06_0000000000000000015c,0.6050000190734864,349,6,Wet,2021,2021-06,"{""type"":""MultiPoint"",""coordinates"":[]}"
VHI_M_2021-06_0000000000000000015d,0.709999978542328,350,6,Wet,2021,2021-06,"{""type"":""MultiPoint"",""coordinates"":[]}"
VHI_M_2021-06_00000000000000000008,0.699999988079071,9,6,Wet,2021,2021-06,"{""type"":""MultiPoint"",""coordinates"":[]}"
VHI_M_2021-06_000000000000000000c2,0.6050000190734863,195,6,Wet,2021,2021-06,"{""type"":""MultiPoint"",""coordinates"":[]}"
VHI_M_2021-06_000000000000000000c3,0.6600000262260437,196,6,Wet,2021,2021-06,"{""type"":""MultiPoint"",""coordinates"":[]}"
VHI_M_2021-06_000000000000000000c4,0.6899999976158142,197,6,Wet,2021,2021-06,"{""type"":""MultiPoint"",""coordinates"":[]}"
VHI_M_2021-06_000000000000000000c5,0.6499999761581422,198,6,Wet,2021,2021-06,"{""type"":""MultiPoint"",""coordinates"":[]}"
VHI_M_2021-06_000000000000000000c6,0.7350000143051146,199,6,Wet,2021,2021-06,"{""type"":""MultiPoint"",""coordinates"":[]}"
VHI_M_2021-06_000000000000000000c7,0.6549999713897705,200,6,Wet,2021,2021-06,"{""type"":""MultiPoint"",""coordinates"":[]}"
VHI_M_2021-06_000000000000000000c8,0.5899999737739563,201,6,Wet,2021,2021-06,"{""type"":""MultiPoint"",""coordinates"":[]}"
VHI_M_2021-06_000000000000000000c9,0.6700000166893006,202,6,Wet,2021,2021-06,"{""type"":""MultiPoint"",""coordinates"":[]}"
VHI_M_2021-06_00000000000000000136,0.6299999952316284,311,6,Wet,2021,2021-06,"{""type"":""MultiPoint"",""coordinates"":[]}"
VHI_M_2021-06_00000000000000000137,0.8299999833106998,312,6,Wet,2021,2021-06,"{""type"":""MultiPoint"",""coordinates"":[]}"
VHI_M_2021-06_00000000000000000138,0.7549999952316285,313,6,Wet,2021,2021-06,"{""type"":""MultiPoint"",""coordinates"":[]}"
VHI_M_2021-06_00000000000000000139,0.824999988079071,314,6,Wet,2021,2021-06,"{""type"":""MultiPoint"",""coordinates"":[]}"
VHI_M_2021-06_0000000000000000013a,0.7850000262260436,315,6,Wet,2021,2021-06,"{""type"":""MultiPoint"",""coordinates"":[]}"
VHI_M_2021-06_000000000000000001ef,0.7099999785423278,496,6,Wet,2021,2021-06,"{""type"":""MultiPoint"",""coordinates"":[]}"
VHI_M_2021-06_000000000000000001f0,0.6800000071525573,497,6,Wet,2021,2021-06,"{""type"":""MultiPoint"",""coordinates"":[]}"
VHI_M_2021-06_00000000000000000081,0.41999998688697815,130,6,Wet,2021,2021-06,"{""type"":""MultiPoint"",""coordinates"":[]}"
VHI_M_2021-06_000000000000000000a0,0.5849999785423279,161,6,Wet,2021,2021-06,"{""type"":""MultiPoint"",""coordinates"":[]}"
VHI_M_2021-06_000000000000000000a1,0.5350000262260437,162,6,Wet,2021,2021-06,"{""type"":""MultiPoint"",""coordinates"":[]}"
VHI_M_2021-06_000000000000000000a2,0.6549999713897707,163,6,Wet,2021,2021-06,"{""type"":""MultiPoint"",""coordinates"":[]}"
VHI_M_2021-06_000000000000000000a3,0.574999988079071,164,6,Wet,2021,2021-06,"{""type"":""MultiPoint"",""coordinates"":[]}"
VHI_M_2021-06_000000000000000000a4,0.6100000143051147,165,6,Wet,2021,2021-06,"{""type"":""MultiPoint"",""coordinates"":[]}"
VHI_M_2021-06_0000000000000000014f,0.625,336,6,Wet,2021,2021-06,"{""type"":""MultiPoint"",""coordinates"":[]}"
VHI_M_2021-06_00000000000000000150,0.7099999785423278,337,6,Wet,2021,2021-06,"{""type"":""MultiPoint"",""coordinates"":[]}"
VHI_M_2021-06_00000000000000000151,0.7149999737739564,338,6,Wet,2021,2021-06,"{""type"":""MultiPoint"",""coordinates"":[]}"
VHI_M_2021-06_00000000000000000152,0.6499999761581421,339,6,Wet,2021,2021-06,"{""type"":""MultiPoint"",""coordinates"":[]}"
VHI_M_2021-06_00000000000000000153,0.6850000023841857,340,6,Wet,2021,2021-06,"{""type"":""MultiPoint"",""coordinates"":[]}"
VHI_M_2021-06_00000000000000000171,0.6899999976158142,370,6,Wet,2021,2021-06,"{""type"":""MultiPoint"",""coordinates"":[]}"
VHI_M_2021-06_00000000000000000172,0.6700000166893004,371,6,Wet,2021,2021-06,"{""type"":""MultiPoint"",""coordinates"":[]}"
VHI_M_2021-06_00000000000000000173,0.6549999713897706,372,6,Wet,2021,2021-06,"{""type"":""MultiPoint"",""coordinates"":[]}"
VHI_M_2021-06_000000000000000001f1,0.7049999833106994,498,6,Wet,2021,2021-06,"{""type"":""MultiPoint"",""coordinates"":[]}"
VHI_M_2021-06_000000000000000001f2,0.5600000023841858,499,6,Wet,2021,2021-06,"{""type"":""MultiPoint"",""coordinates"":[]}"
VHI_M_2021-06_000000000000000001f3,0.4699999988079071,500,6,Wet,2021,2021-06,"{""type"":""MultiPoint"",""coordinates"":[]}"
VHI_M_2021-06_00000000000000000092,0.6899999976158142,147,6,Wet,2021,2021-06,"{""type"":""MultiPoint"",""coordinates"":[]}"
VHI_M_2021-06_00000000000000000093,0.6499999761581421,148,6,Wet,2021,2021-06,"{""type"":""MultiPoint"",""coordinates"":[]}"
VHI_M_2021-06_00000000000000000094,0.6150000095367433,149,6,Wet,2021,2021-06,"{""type"":""MultiPoint"",""coordinates"":[]}"
VHI_M_2021-06_00000000000000000095,0.6850000023841858,150,6,Wet,2021,2021-06,"{""type"":""MultiPoint"",""coordinates"":[]}"
VHI_M_2021-06_00000000000000000096,0.6200000047683716,151,6,Wet,2021,2021-06,"{""type"":""MultiPoint"",""coordinates"":[]}"
VHI_M_2021-06_00000000000000000097,0.7300000190734863,152,6,Wet,2021,2021-06,"{""type"":""MultiPoint"",""coordinates"":[]}"
VHI_M_2021-06_00000000000000000098,0.7599999904632568,153,6,Wet,2021,2021-06,"{""type"":""MultiPoint"",""coordinates"":[]}"
VHI_M_2021-06_000000000000000000a9,0.6299999952316284,170,6,Wet,2021,2021-06,"{""type"":""MultiPoint"",""coordinates"":[]}"
VHI_M_2021-06_0000000000000000017c,0.5199999809265137,381,6,Wet,2021,2021-06,"{""type"":""MultiPoint"",""coordinates"":[]}"
VHI_M_2021-06_0000000000000000017d,0.5600000023841858,382,6,Wet,2021,2021-06,"{""type"":""MultiPoint"",""coordinates"":[]}"
VHI_M_2021-06_0000000000000000017e,0.5950000286102296,383,6,Wet,2021,2021-06,"{""type"":""MultiPoint"",""coordinates"":[]}"
VHI_M_2021-06_000000000000000001ee,0.6349999904632568,495,6,Wet,2021,2021-06,"{""type"":""MultiPoint"",""coordinates"":[]}"
VHI_M_2021-06_0000000000000000020d,0.5350000262260437,526,6,Wet,2021,2021-06,"{""type"":""MultiPoint"",""coordinates"":[]}"
VHI_M_2021-06_0000000000000000020e,0.5849999785423279,527,6,Wet,2021,2021-06,"{""type"":""MultiPoint"",""coordinates"":[]}"
VHI_M_2021-06_0000000000000000020f,0.6050000190734864,528,6,Wet,2021,2021-06,"{""type"":""MultiPoint"",""coordinates"":[]}"
VHI_M_2021-06_00000000000000000210,0.550000011920929,529,6,Wet,2021,2021-06,"{""type"":""MultiPoint"",""coordinates"":[]}"
VHI_M_2021-06_00000000000000000211,0.5350000262260438,530,6,Wet,2021,2021-06,"{""type"":""MultiPoint"",""coordinates"":[]}"
VHI_M_2021-06_00000000000000000058,0.5899999737739563,89,6,Wet,2021,2021-06,"{""type"":""MultiPoint"",""coordinates"":[]}"
VHI_M_2021-06_00000000000000000059,0.615000009536743,90,6,Wet,2021,2021-06,"{""type"":""MultiPoint"",""coordinates"":[]}"
VHI_M_2021-06_0000000000000000018b,0.5249999761581421,396,6,Wet,2021,2021-06,"{""type"":""MultiPoint"",""coordinates"":[]}"
VHI_M_2021-06_0000000000000000018c,0.6850000023841858,397,6,Wet,2021,2021-06,"{""type"":""MultiPoint"",""coordinates"":[]}"
VHI_M_2021-06_0000000000000000018d,0.6449999809265137,398,6,Wet,2021,2021-06,"{""type"":""MultiPoint"",""coordinates"":[]}"
VHI_M_2021-06_0000000000000000018e,0.5849999785423279,399,6,Wet,2021,2021-06,"{""type"":""MultiPoint"",""coordinates"":[]}"
VHI_M_2021-06_00000000000000000036,0.550000011920929,55,6,Wet,2021,2021-06,"{""type"":""MultiPoint"",""coordinates"":[]}"
VHI_M_2021-06_000000000000000000db,0.5899999737739563,220,6,Wet,2021,2021-06,"{""type"":""MultiPoint"",""coordinates"":[]}"
VHI_M_2021-06_000000000000000000dc,0.6299999952316284,221,6,Wet,2021,2021-06,"{""type"":""MultiPoint"",""coordinates"":[]}"
VHI_M_2021-06_000000000000000000dd,0.6150000095367432,222,6,Wet,2021,2021-06,"{""type"":""MultiPoint"",""coordinates"":[]}"
VHI_M_2021-06_00000000000000000102,0.6499999761581421,259,6,Wet,2021,2021-06,"{""type"":""MultiPoint"",""coordinates"":[]}"
VHI_M_2021-06_00000000000000000103,0.5950000286102295,260,6,Wet,2021,2021-06,"{""type"":""MultiPoint"",""coordinates"":[]}"
VHI_M_2021-06_00000000000000000104,0.6050000190734863,261,6,Wet,2021,2021-06,"{""type"":""MultiPoint"",""coordinates"":[]}"
VHI_M_2021-06_00000000000000000105,0.5950000286102295,262,6,Wet,2021,2021-06,"{""type"":""MultiPoint"",""coordinates"":[]}"
VHI_M_2021-06_0000000000000000000a,0.6449999809265137,11,6,Wet,2021,2021-06,"{""type"":""MultiPoint"",""coordinates"":[]}"
VHI_M_2021-06_000000000000000000b1,0.7200000286102293,178,6,Wet,2021,2021-06,"{""type"":""MultiPoint"",""coordinates"":[]}"
VHI_M_2021-06_000000000000000000b2,0.6499999761581421,179,6,Wet,2021,2021-06,"{""type"":""MultiPoint"",""coordinates"":[]}"
VHI_M_2021-06_000000000000000000b3,0.6549999713897705,180,6,Wet,2021,2021-06,"{""type"":""MultiPoint"",""coordinates"":[]}"
VHI_M_2021-06_000000000000000000ca,0.6349999904632568,203,6,Wet,2021,2021-06,"{""type"":""MultiPoint"",""coordinates"":[]}"
VHI_M_2021-06_000000000000000000d2,0.6100000143051147,211,6,Wet,2021,2021-06,"{""type"":""MultiPoint"",""coordinates"":[]}"
VHI_M_2021-06_000000000000000000d3,0.6449999809265136,212,6,Wet,2021,2021-06,"{""type"":""MultiPoint"",""coordinates"":[]}"
VHI_M_2021-06_000000000000000000d4,0.6600000262260437,213,6,Wet,2021,2021-06,"{""type"":""MultiPoint"",""coordinates"":[]}"
VHI_M_2021-06_000000000000000000d5,0.7049999833106995,214,6,Wet,2021,2021-06,"{""type"":""MultiPoint"",""coordinates"":[]}"
VHI_M_2021-06_000000000000000000bc,0.7450000047683716,189,6,Wet,2021,2021-06,"{""type"":""MultiPoint"",""coordinates"":[]}"
VHI_M_2021-06_000000000000000000bd,0.7200000286102296,190,6,Wet,2021,2021-06,"{""type"":""MultiPoint"",""coordinates"":[]}"
VHI_M_2021-06_000000000000000000be,0.7149999737739561,191,6,Wet,2021,2021-06,"{""type"":""MultiPoint"",""coordinates"":[]}"
VHI_M_2021-06_000000000000000000f1,0.824999988079071,242,6,Wet,2021,2021-06,"{""type"":""MultiPoint"",""coordinates"":[]}"
VHI_M_2021-06_00000000000000000100,0.7649999856948853,257,6,Wet,2021,2021-06,"{""type"":""MultiPoint"",""coordinates"":[]}"
VHI_M_2021-06_00000000000000000101,0.7350000143051147,258,6,Wet,2021,2021-06,"{""type"":""MultiPoint"",""coordinates"":[]}"
VHI_M_2021-06_0000000000000000012f,0.8450000286102298,304,6,Wet,2021,2021-06,"{""type"":""MultiPoint"",""coordinates"":[]}"
VHI_M_2021-06_00000000000000000130,0.7699999809265137,305,6,Wet,2021,2021-06,"{""type"":""MultiPoint"",""coordinates"":[]}"
VHI_M_2021-06_00000000000000000131,0.7149999737739563,306,6,Wet,2021,2021-06,"{""type"":""MultiPoint"",""coordinates"":[]}"
VHI_M_2021-06_00000000000000000065,0.8949999809265138,102,6,Wet,2021,2021-06,"{""type"":""MultiPoint"",""coordinates"":[]}"
VHI_M_2021-06_00000000000000000066,0.8550000190734862,103,6,Wet,2021,2021-06,"{""type"":""MultiPoint"",""coordinates"":[]}"
VHI_M_2021-06_00000000000000000067,0.860000014305115,104,6,Wet,2021,2021-06,"{""type"":""MultiPoint"",""coordinates"":[]}"
VHI_M_2021-06_00000000000000000068,0.8450000286102295,105,6,Wet,2021,2021-06,"{""type"":""MultiPoint"",""coordinates"":[]}"
VHI_M_2021-06_00000000000000000109,0.865000009536743,266,6,Wet,2021,2021-06,"{""type"":""MultiPoint"",""coordinates"":[]}"
VHI_M_2021-06_000000000000000001c1,0.8500000238418579,450,6,Wet,2021,2021-06,"{""type"":""MultiPoint"",""coordinates"":[]}"
VHI_M_2021-06_000000000000000001c2,0.7850000262260437,451,6,Wet,2021,2021-06,"{""type"":""MultiPoint"",""coordinates"":[]}"
VHI_M_2021-06_00000000000000000113,0.6399999856948853,276,6,Wet,2021,2021-06,"{""type"":""MultiPoint"",""coordinates"":[]}"
VHI_M_2021-06_00000000000000000114,0.699999988079071,277,6,Wet,2021,2021-06,"{""type"":""MultiPoint"",""coordinates"":[]}"
VHI_M_2021-06_00000000000000000115,0.6150000095367432,278,6,Wet,2021,2021-06,"{""type"":""MultiPoint"",""coordinates"":[]}"
VHI_M_2021-06_00000000000000000116,0.6150000095367432,279,6,Wet,2021,2021-06,"{""type"":""MultiPoint"",""coordinates"":[]}"
VHI_M_2021-06_00000000000000000117,0.6249999999999999,280,6,Wet,2021,2021-06,"{""type"":""MultiPoint"",""coordinates"":[]}"
VHI_M_2021-06_00000000000000000167,0.6399999856948853,360,6,Wet,2021,2021-06,"{""type"":""MultiPoint"",""coordinates"":[]}"
VHI_M_2021-06_00000000000000000168,0.6100000143051147,361,6,Wet,2021,2021-06,"{""type"":""MultiPoint"",""coordinates"":[]}"
VHI_M_2021-06_00000000000000000169,0.6050000190734863,362,6,Wet,2021,2021-06,"{""type"":""MultiPoint"",""coordinates"":[]}"
VHI_M_2021-06_0000000000000000016a,0.709999978542328,363,6,Wet,2021,2021-06,"{""type"":""MultiPoint"",""coordinates"":[]}"
VHI_M_2021-06_0000000000000000016b,0.6050000190734863,364,6,Wet,2021,2021-06,"{""type"":""MultiPoint"",""coordinates"":[]}"
VHI_M_2021-06_0000000000000000016c,0.7300000190734864,365,6,Wet,2021,2021-06,"{""type"":""MultiPoint"",""coordinates"":[]}"
VHI_M_2021-06_0000000000000000016d,0.5550000071525575,366,6,Wet,2021,2021-06,"{""type"":""MultiPoint"",""coordinates"":[]}"
VHI_M_2021-06_000000000000000000cb,0.6150000095367432,204,6,Wet,2021,2021-06,"{""type"":""MultiPoint"",""coordinates"":[]}"
VHI_M_2021-06_000000000000000000eb,0.6349999904632567,236,6,Wet,2021,2021-06,"{""type"":""MultiPoint"",""coordinates"":[]}"
VHI_M_2021-06_000000000000000000ec,0.5550000071525575,237,6,Wet,2021,2021-06,"{""type"":""MultiPoint"",""coordinates"":[]}"
VHI_M_2021-06_000000000000000000ed,0.6000000238418579,238,6,Wet,2021,2021-06,"{""type"":""MultiPoint"",""coordinates"":[]}"
VHI_M_2021-06_000000000000000000ee,0.47999998927116394,239,6,Wet,2021,2021-06,"{""type"":""MultiPoint"",""coordinates"":[]}"
VHI_M_2021-06_000000000000000000ef,0.5849999785423279,240,6,Wet,2021,2021-06,"{""type"":""MultiPoint"",""coordinates"":[]}"
VHI_M_2021-06_00000000000000000146,0.5799999833106995,327,6,Wet,2021,2021-06,"{""type"":""MultiPoint"",""coordinates"":[]}"
VHI_M_2021-06_00000000000000000147,0.6600000262260437,328,6,Wet,2021,2021-06,"{""type"":""MultiPoint"",""coordinates"":[]}"
VHI_M_2021-06_00000000000000000148,0.540000021457672,329,6,Wet,2021,2021-06,"{""type"":""MultiPoint"",""coordinates"":[]}"
VHI_M_2021-06_0000000000000000015e,0.6899999976158141,351,6,Wet,2021,2021-06,"{""type"":""MultiPoint"",""coordinates"":[]}"
VHI_M_2021-06_0000000000000000015f,0.6499999761581421,352,6,Wet,2021,2021-06,"{""type"":""MultiPoint"",""coordinates"":[]}"
VHI_M_2021-06_00000000000000000160,0.7149999737739563,353,6,Wet,2021,2021-06,"{""type"":""MultiPoint"",""coordinates"":[]}"
VHI_M_2021-06_00000000000000000161,0.6899999976158142,354,6,Wet,2021,2021-06,"{""type"":""MultiPoint"",""coordinates"":[]}"
VHI_M_2021-06_00000000000000000162,0.5950000286102295,355,6,Wet,2021,2021-06,"{""type"":""MultiPoint"",""coordinates"":[]}"
VHI_M_2021-06_00000000000000000010,0.47999998927116394,17,6,Wet,2021,2021-06,"{""type"":""MultiPoint"",""coordinates"":[]}"
VHI_M_2021-06_00000000000000000121,0.6299999952316283,290,6,Wet,2021,2021-06,"{""type"":""MultiPoint"",""coordinates"":[]}"
VHI_M_2021-06_00000000000000000122,0.5899999737739563,291,6,Wet,2021,2021-06,"{""type"":""MultiPoint"",""coordinates"":[]}"
VHI_M_2021-06_00000000000000000123,0.6600000262260436,292,6,Wet,2021,2021-06,"{""type"":""MultiPoint"",""coordinates"":[]}"
VHI_M_2021-06_0000000000000000019a,0.5199999809265137,411,6,Wet,2021,2021-06,"{""type"":""MultiPoint"",""coordinates"":[]}"
VHI_M_2021-06_0000000000000000019b,0.574999988079071,412,6,Wet,2021,2021-06,"{""type"":""MultiPoint"",""coordinates"":[]}"
VHI_M_2021-06_0000000000000000019c,0.5,413,6,Wet,2021,2021-06,"{""type"":""MultiPoint"",""coordinates"":[]}"
VHI_M_2021-06_0000000000000000019d,0.5799999833106995,414,6,Wet,2021,2021-06,"{""type"":""MultiPoint"",""coordinates"":[]}"
VHI_M_2021-06_0000000000000000019e,0.5099999904632568,415,6,Wet,2021,2021-06,"{""type"":""MultiPoint"",""coordinates"":[]}"
VHI_M_2021-06_0000000000000000019f,0.5099999904632567,416,6,Wet,2021,2021-06,"{""type"":""MultiPoint"",""coordinates"":[]}"
VHI_M_2021-06_00000000000000000216,0.4449999928474426,535,6,Wet,2021,2021-06,"{""type"":""MultiPoint"",""coordinates"":[]}"
VHI_M_2021-06_00000000000000000217,0.5350000262260437,536,6,Wet,2021,2021-06,"{""type"":""MultiPoint"",""coordinates"":[]}"
VHI_M_2021-06_00000000000000000218,0.5450000166893006,537,6,Wet,2021,2021-06,"{""type"":""MultiPoint"",""coordinates"":[]}"
VHI_M_2021-06_00000000000000000219,0.550000011920929,538,6,Wet,2021,2021-06,"{""type"":""MultiPoint"",""coordinates"":[]}"
VHI_M_2021-06_0000000000000000021a,0.574999988079071,539,6,Wet,2021,2021-06,"{""type"":""MultiPoint"",""coordinates"":[]}"
VHI_M_2021-06_00000000000000000004,0.5849999785423279,5,6,Wet,2021,2021-06,"{""type"":""MultiPoint"",""coordinates"":[]}"
VHI_M_2021-06_00000000000000000028,0.5649999976158142,41,6,Wet,2021,2021-06,"{""type"":""MultiPoint"",""coordinates"":[]}"
VHI_M_2021-06_00000000000000000029,0.5799999833106994,42,6,Wet,2021,2021-06,"{""type"":""MultiPoint"",""coordinates"":[]}"
VHI_M_2021-06_0000000000000000002a,0.8000000119209288,43,6,Wet,2021,2021-06,"{""type"":""MultiPoint"",""coordinates"":[]}"
VHI_M_2021-06_0000000000000000002b,0.6449999809265138,44,6,Wet,2021,2021-06,"{""type"":""MultiPoint"",""coordinates"":[]}"
VHI_M_2021-06_000000000000000000a7,0.550000011920929,168,6,Wet,2021,2021-06,"{""type"":""MultiPoint"",""coordinates"":[]}"
VHI_M_2021-06_000000000000000000a8,0.5249999761581421,169,6,Wet,2021,2021-06,"{""type"":""MultiPoint"",""coordinates"":[]}"
VHI_M_2021-06_0000000000000000000c,0.7950000166893005,13,6,Wet,2021,2021-06,"{""type"":""MultiPoint"",""coordinates"":[]}"
VHI_M_2021-06_00000000000000000060,0.6000000238418578,97,6,Wet,2021,2021-06,"{""type"":""MultiPoint"",""coordinates"":[]}"
VHI_M_2021-06_00000000000000000061,0.634999990463257,98,6,Wet,2021,2021-06,"{""type"":""MultiPoint"",""coordinates"":[]}"
VHI_M_2021-06_00000000000000000062,0.8149999976158142,99,6,Wet,2021,2021-06,"{""type"":""MultiPoint"",""coordinates"":[]}"
VHI_M_2021-06_00000000000000000063,0.7699999809265137,100,6,Wet,2021,2021-06,"{""type"":""MultiPoint"",""coordinates"":[]}"
VHI_M_2021-06_00000000000000000064,0.7599999904632568,101,6,Wet,2021,2021-06,"{""type"":""MultiPoint"",""coordinates"":[]}"
VHI_M_2021-06_00000000000000000011,0.5450000166893005,18,6,Wet,2021,2021-06,"{""type"":""MultiPoint"",""coordinates"":[]}"
VHI_M_2021-06_00000000000000000033,0.6050000190734863,52,6,Wet,2021,2021-06,"{""type"":""MultiPoint"",""coordinates"":[]}"
VHI_M_2021-06_00000000000000000034,0.6449999809265137,53,6,Wet,2021,2021-06,"{""type"":""MultiPoint"",""coordinates"":[]}"
VHI_M_2021-06_000000000000000001b3,0.7300000190734863,436,6,Wet,2021,2021-06,"{""type"":""MultiPoint"",""coordinates"":[]}"
VHI_M_2021-06_000000000000000001b4,0.6600000262260437,437,6,Wet,2021,2021-06,"{""type"":""MultiPoint"",""coordinates"":[]}"
VHI_M_2021-06_000000000000000001b5,0.7149999737739564,438,6,Wet,2021,2021-06,"{""type"":""MultiPoint"",""coordinates"":[]}"
VHI_M_2021-06_00000000000000000005,0.7599999904632568,6,6,Wet,2021,2021-06,"{""type"":""MultiPoint"",""coordinates"":[]}"
VHI_M_2021-06_00000000000000000082,0.8100000023841858,131,6,Wet,2021,2021-06,"{""type"":""MultiPoint"",""coordinates"":[]}"
VHI_M_2021-06_00000000000000000083,0.8999999761581421,132,6,Wet,2021,2021-06,"{""type"":""MultiPoint"",""coordinates"":[]}"
VHI_M_2021-06_00000000000000000084,0.759999990463257,133,6,Wet,2021,2021-06,"{""type"":""MultiPoint"",""coordinates"":[]}"
VHI_M_2021-06_00000000000000000085,0.9900000095367432,134,6,Wet,2021,2021-06,"{""type"":""MultiPoint"",""coordinates"":[]}"
VHI_M_2021-06_00000000000000000086,0.7500000000000001,135,6,Wet,2021,2021-06,"{""type"":""MultiPoint"",""coordinates"":[]}"
VHI_M_2021-06_00000000000000000087,0.8100000023841858,136,6,Wet,2021,2021-06,"{""type"":""MultiPoint"",""coordinates"":[]}"
VHI_M_2021-06_0000000000000000010c,0.8550000190734863,269,6,Wet,2021,2021-06,"{""type"":""MultiPoint"",""coordinates"":[]}"
VHI_M_2021-06_0000000000000000010d,0.824999988079071,270,6,Wet,2021,2021-06,"{""type"":""MultiPoint"",""coordinates"":[]}"
VHI_M_2021-06_0000000000000000010e,0.7699999809265137,271,6,Wet,2021,2021-06,"{""type"":""MultiPoint"",""coordinates"":[]}"
VHI_M_2021-06_0000000000000000010f,0.7799999713897705,272,6,Wet,2021,2021-06,"{""type"":""MultiPoint"",""coordinates"":[]}"
VHI_M_2021-06_00000000000000000110,0.6650000214576721,273,6,Wet,2021,2021-06,"{""type"":""MultiPoint"",""coordinates"":[]}"
VHI_M_2021-06_00000000000000000111,0.6399999856948853,274,6,Wet,2021,2021-06,"{""type"":""MultiPoint"",""coordinates"":[]}"
VHI_M_2021-06_000000000000000001d0,0.7799999713897705,465,6,Wet,2021,2021-06,"{""type"":""MultiPoint"",""coordinates"":[]}"
VHI_M_2021-06_000000000000000001d1,0.7900000214576719,466,6,Wet,2021,2021-06,"{""type"":""MultiPoint"",""coordinates"":[]}"
VHI_M_2021-06_00000000000000000009,0.6399999856948853,10,6,Wet,2021,2021-06,"{""type"":""MultiPoint"",""coordinates"":[]}"
VHI_M_2021-06_0000000000000000009e,0.7300000190734864,159,6,Wet,2021,2021-06,"{""type"":""MultiPoint"",""coordinates"":[]}"
VHI_M_2021-06_0000000000000000009f,0.8100000023841858,160,6,Wet,2021,2021-06,"{""type"":""MultiPoint"",""coordinates"":[]}"
VHI_M_2021-06_00000000000000000154,0.8249999880790713,341,6,Wet,2021,2021-06,"{""type"":""MultiPoint"",""coordinates"":[]}"
VHI_M_2021-06_00000000000000000155,0.5899999737739563,342,6,Wet,2021,2021-06,"{""type"":""MultiPoint"",""coordinates"":[]}"
VHI_M_2021-06_00000000000000000156,0.774999976158142,343,6,Wet,2021,2021-06,"{""type"":""MultiPoint"",""coordinates"":[]}"
VHI_M_2021-06_00000000000000000157,0.725000023841858,344,6,Wet,2021,2021-06,"{""type"":""MultiPoint"",""coordinates"":[]}"
VHI_M_2021-06_00000000000000000178,0.759999990463257,377,6,Wet,2021,2021-06,"{""type"":""MultiPoint"",""coordinates"":[]}"
VHI_M_2021-06_00000000000000000179,0.5199999809265136,378,6,Wet,2021,2021-06,"{""type"":""MultiPoint"",""coordinates"":[]}"
VHI_M_2021-06_0000000000000000017a,0.7200000286102295,379,6,Wet,2021,2021-06,"{""type"":""MultiPoint"",""coordinates"":[]}"
VHI_M_2021-06_0000000000000000017b,0.38999998569488525,380,6,Wet,2021,2021-06,"{""type"":""MultiPoint"",""coordinates"":[]}"
VHI_M_2021-06_0000000000000000000f,0.7799999713897705,16,6,Wet,2021,2021-06,"{""type"":""MultiPoint"",""coordinates"":[]}"
VHI_M_2021-06_00000000000000000040,0.7250000238418579,65,6,Wet,2021,2021-06,"{""type"":""MultiPoint"",""coordinates"":[]}"
VHI_M_2021-06_00000000000000000041,0.6499999761581422,66,6,Wet,2021,2021-06,"{""type"":""MultiPoint"",""coordinates"":[]}"
VHI_M_2021-06_00000000000000000042,0.7950000166893006,67,6,Wet,2021,2021-06,"{""type"":""MultiPoint"",""coordinates"":[]}"
VHI_M_2021-06_00000000000000000043,0.8149999976158141,68,6,Wet,2021,2021-06,"{""type"":""MultiPoint"",""coordinates"":[]}"
VHI_M_2021-06_00000000000000000192,0.6150000095367433,403,6,Wet,2021,2021-06,"{""type"":""MultiPoint"",""coordinates"":[]}"
VHI_M_2021-06_00000000000000000193,0.5899999737739563,404,6,Wet,2021,2021-06,"{""type"":""MultiPoint"",""coordinates"":[]}"
VHI_M_2021-06_00000000000000000194,0.4872133502138173,405,6,Wet,2021,2021-06,"{""type"":""MultiPoint"",""coordinates"":[]}"
VHI_M_2021-06_000000000000000001d2,0.6600000262260437,467,6,Wet,2021,2021-06,"{""type"":""MultiPoint"",""coordinates"":[]}"
VHI_M_2021-06_000000000000000001d3,0.6600000262260437,468,6,Wet,2021,2021-06,"{""type"":""MultiPoint"",""coordinates"":[]}"
VHI_M_2021-06_000000000000000001d4,0.6050000190734863,469,6,Wet,2021,2021-06,"{""type"":""MultiPoint"",""coordinates"":[]}"
VHI_M_2021-06_000000000000000001d5,0.675000011920929,470,6,Wet,2021,2021-06,"{""type"":""MultiPoint"",""coordinates"":[]}"
VHI_M_2021-06_000000000000000001d6,0.7300000190734863,471,6,Wet,2021,2021-06,"{""type"":""MultiPoint"",""coordinates"":[]}"
VHI_M_2021-06_000000000000000001d7,0.6999999880790712,472,6,Wet,2021,2021-06,"{""type"":""MultiPoint"",""coordinates"":[]}"
VHI_M_2021-06_00000000000000000069,0.7950000166893006,106,6,Wet,2021,2021-06,"{""type"":""MultiPoint"",""coordinates"":[]}"
VHI_M_2021-06_0000000000000000006a,0.7799999713897706,107,6,Wet,2021,2021-06,"{""type"":""MultiPoint"",""coordinates"":[]}"
VHI_M_2021-06_0000000000000000006b,0.7900000214576722,108,6,Wet,2021,2021-06,"{""type"":""MultiPoint"",""coordinates"":[]}"
VHI_M_2021-06_0000000000000000006c,0.675000011920929,109,6,Wet,2021,2021-06,"{""type"":""MultiPoint"",""coordinates"":[]}"
VHI_M_2021-06_0000000000000000006d,0.7950000166893005,110,6,Wet,2021,2021-06,"{""type"":""MultiPoint"",""coordinates"":[]}"
VHI_M_2021-06_0000000000000000006e,0.7200000286102295,111,6,Wet,2021,2021-06,"{""type"":""MultiPoint"",""coordinates"":[]}"
VHI_M_2021-06_0000000000000000006f,0.7499999999999999,112,6,Wet,2021,2021-06,"{""type"":""MultiPoint"",""coordinates"":[]}"
VHI_M_2021-06_000000000000000000d6,0.7649999856948853,215,6,Wet,2021,2021-06,"{""type"":""MultiPoint"",""coordinates"":[]}"
VHI_M_2021-06_0000000000000000013b,0.699999988079071,316,6,Wet,2021,2021-06,"{""type"":""MultiPoint"",""coordinates"":[]}"
VHI_M_2021-06_0000000000000000013c,0.7799999713897703,317,6,Wet,2021,2021-06,"{""type"":""MultiPoint"",""coordinates"":[]}"
VHI_M_2021-06_0000000000000000013d,0.7200000286102296,318,6,Wet,2021,2021-06,"{""type"":""MultiPoint"",""coordinates"":[]}"
VHI_M_2021-06_0000000000000000013e,0.6549999713897705,319,6,Wet,2021,2021-06,"{""type"":""MultiPoint"",""coordinates"":[]}"
VHI_M_2021-06_0000000000000000013f,0.6549999713897704,320,6,Wet,2021,2021-06,"{""type"":""MultiPoint"",""coordinates"":[]}"
VHI_M_2021-06_00000000000000000140,0.7049999833106996,321,6,Wet,2021,2021-06,"{""type"":""MultiPoint"",""coordinates"":[]}"
VHI_M_2021-06_000000000000000001bc,0.5950000286102296,445,6,Wet,2021,2021-06,"{""type"":""MultiPoint"",""coordinates"":[]}"
VHI_M_2021-06_000000000000000001bd,0.615000009536743,446,6,Wet,2021,2021-06,"{""type"":""MultiPoint"",""coordinates"":[]}"
VHI_M_2021-06_000000000000000001be,0.7099999785423277,447,6,Wet,2021,2021-06,"{""type"":""MultiPoint"",""coordinates"":[]}"
VHI_M_2021-06_000000000000000001bf,0.75,448,6,Wet,2021,2021-06,"{""type"":""MultiPoint"",""coordinates"":[]}"
VHI_M_2021-06_000000000000000001c0,0.7300000190734862,449,6,Wet,2021,2021-06,"{""type"":""MultiPoint"",""coordinates"":[]}"
VHI_M_2021-06_00000000000000000006,0.5199999809265137,7,6,Wet,2021,2021-06,"{""type"":""MultiPoint"",""coordinates"":[]}"
VHI_M_2021-06_0000000000000000002c,0.6399999856948851,45,6,Wet,2021,2021-06,"{""type"":""MultiPoint"",""coordinates"":[]}"
VHI_M_2021-06_0000000000000000002d,0.8450000286102295,46,6,Wet,2021,2021-06,"{""type"":""MultiPoint"",""coordinates"":[]}"
VHI_M_2021-06_0000000000000000002e,0.6800000071525574,47,6,Wet,2021,2021-06,"{""type"":""MultiPoint"",""coordinates"":[]}"
VHI_M_2021-06_0000000000000000002f,0.9049999713897706,48,6,Wet,2021,2021-06,"{""type"":""MultiPoint"",""coordinates"":[]}"
VHI_M_2021-06_0000000000000000009b,0.5600000023841856,156,6,Wet,2021,2021-06,"{""type"":""MultiPoint"",""coordinates"":[]}"
VHI_M_2021-06_0000000000000000009c,0.6999999880790712,157,6,Wet,2021,2021-06,"{""type"":""MultiPoint"",""coordinates"":[]}"
VHI_M_2021-06_0000000000000000009d,0.5299999713897705,158,6,Wet,2021,2021-06,"{""type"":""MultiPoint"",""coordinates"":[]}"
VHI_M_2021-06_000000000000000001b6,0.5450000166893005,439,6,Wet,2021,2021-06,"{""type"":""MultiPoint"",""coordinates"":[]}"
VHI_M_2021-06_000000000000000001b7,0.6100000143051147,440,6,Wet,2021,2021-06,"{""type"":""MultiPoint"",""coordinates"":[]}"
VHI_M_2021-06_000000000000000001b8,0.5649999976158142,441,6,Wet,2021,2021-06,"{""type"":""MultiPoint"",""coordinates"":[]}"
VHI_M_2021-06_000000000000000001b9,0.7250000238418579,442,6,Wet,2021,2021-06,"{""type"":""MultiPoint"",""coordinates"":[]}"
VHI_M_2021-06_000000000000000001ba,0.5699999928474426,443,6,Wet,2021,2021-06,"{""type"":""MultiPoint"",""coordinates"":[]}"
VHI_M_2021-06_000000000000000001bb,0.5450000166893005,444,6,Wet,2021,2021-06,"{""type"":""MultiPoint"",""coordinates"":[]}"
VHI_M_2021-06_00000000000000000221,0.42500001192092896,546,6,Wet,2021,2021-06,"{""type"":""MultiPoint"",""coordinates"":[]}"
VHI_M_2021-06_00000000000000000222,0.47999998927116383,547,6,Wet,2021,2021-06,"{""type"":""MultiPoint"",""coordinates"":[]}"
VHI_M_2021-06_00000000000000000223,0.6549999713897705,548,6,Wet,2021,2021-06,"{""type"":""MultiPoint"",""coordinates"":[]}"
VHI_M_2021-06_00000000000000000224,0.8100000023841859,549,6,Wet,2021,2021-06,"{""type"":""MultiPoint"",""coordinates"":[]}"
VHI_M_2021-06_00000000000000000225,0.4600000083446503,550,6,Wet,2021,2021-06,"{""type"":""MultiPoint"",""coordinates"":[]}"
VHI_M_2021-06_00000000000000000053,0.5699999928474426,84,6,Wet,2021,2021-06,"{""type"":""MultiPoint"",""coordinates"":[]}"
VHI_M_2021-06_00000000000000000054,0.5849999785423278,85,6,Wet,2021,2021-06,"{""type"":""MultiPoint"",""coordinates"":[]}"
VHI_M_2021-06_00000000000000000055,0.6050000190734863,86,6,Wet,2021,2021-06,"{""type"":""MultiPoint"",""coordinates"":[]}"
VHI_M_2021-06_00000000000000000056,0.6299999952316283,87,6,Wet,2021,2021-06,"{""type"":""MultiPoint"",""coordinates"":[]}"
VHI_M_2021-06_00000000000000000057,0.5350000262260436,88,6,Wet,2021,2021-06,"{""type"":""MultiPoint"",""coordinates"":[]}"
VHI_M_2021-06_000000000000000000de,0.699999988079071,223,6,Wet,2021,2021-06,"{""type"":""MultiPoint"",""coordinates"":[]}"
VHI_M_2021-06_000000000000000000df,0.8249999880790709,224,6,Wet,2021,2021-06,"{""type"":""MultiPoint"",""coordinates"":[]}"
VHI_M_2021-06_000000000000000000e0,0.6800000071525574,225,6,Wet,2021,2021-06,"{""type"":""MultiPoint"",""coordinates"":[]}"
VHI_M_2021-06_000000000000000000e1,0.8450000286102296,226,6,Wet,2021,2021-06,"{""type"":""MultiPoint"",""coordinates"":[]}"
VHI_M_2021-06_000000000000000000ff,0.7300000190734863,256,6,Wet,2021,2021-06,"{""type"":""MultiPoint"",""coordinates"":[]}"
VHI_M_2021-06_0000000000000000011c,0.7049999833106996,285,6,Wet,2021,2021-06,"{""type"":""MultiPoint"",""coordinates"":[]}"
VHI_M_2021-06_0000000000000000011d,0.6449999809265137,286,6,Wet,2021,2021-06,"{""type"":""MultiPoint"",""coordinates"":[]}"
VHI_M_2021-06_0000000000000000011e,0.7250000238418578,287,6,Wet,2021,2021-06,"{""type"":""MultiPoint"",""coordinates"":[]}"
VHI_M_2021-06_0000000000000000011f,0.7149999737739564,288,6,Wet,2021,2021-06,"{""type"":""MultiPoint"",""coordinates"":[]}"
VHI_M_2021-06_000000000000000001c4,0.6999999880790712,453,6,Wet,2021,2021-06,"{""type"":""MultiPoint"",""coordinates"":[]}"
VHI_M_2021-06_000000000000000001c5,0.7400000095367432,454,6,Wet,2021,2021-06,"{""type"":""MultiPoint"",""coordinates"":[]}"
VHI_M_2021-06_000000000000000001c6,0.7499999999999999,455,6,Wet,2021,2021-06,"{""type"":""MultiPoint"",""coordinates"":[]}"
VHI_M_2021-06_00000000000000000003,0.675000011920929,4,6,Wet,2021,2021-06,"{""type"":""MultiPoint"",""coordinates"":[]}"
VHI_M_2021-06_0000000000000000001b,0.6150000095367432,28,6,Wet,2021,2021-06,"{""type"":""MultiPoint"",""coordinates"":[]}"
VHI_M_2021-06_00000000000000000186,0.574999988079071,391,6,Wet,2021,2021-06,"{""type"":""MultiPoint"",""coordinates"":[]}"
VHI_M_2021-06_00000000000000000187,0.5099999904632568,392,6,Wet,2021,2021-06,"{""type"":""MultiPoint"",""coordinates"":[]}"
VHI_M_2021-06_00000000000000000188,0.5199999809265137,393,6,Wet,2021,2021-06,"{""type"":""MultiPoint"",""coordinates"":[]}"
VHI_M_2021-06_00000000000000000189,0.6800000071525574,394,6,Wet,2021,2021-06,"{""type"":""MultiPoint"",""coordinates"":[]}"
VHI_M_2021-06_0000000000000000018a,0.5249999761581421,395,6,Wet,2021,2021-06,"{""type"":""MultiPoint"",""coordinates"":[]}"
VHI_M_2021-06_0000000000000000018f,0.8399999737739563,400,6,Wet,2021,2021-06,"{""type"":""MultiPoint"",""coordinates"":[]}"
VHI_M_2021-06_00000000000000000190,0.5199999809265137,401,6,Wet,2021,2021-06,"{""type"":""MultiPoint"",""coordinates"":[]}"
VHI_M_2021-06_0000000000000000021e,0.6700000166893005,543,6,Wet,2021,2021-06,"{""type"":""MultiPoint"",""coordinates"":[]}"
VHI_M_2021-06_0000000000000000021f,0.5450000166893004,544,6,Wet,2021,2021-06,"{""type"":""MultiPoint"",""coordinates"":[]}"
VHI_M_2021-06_00000000000000000220,0.5699999928474426,545,6,Wet,2021,2021-06,"{""type"":""MultiPoint"",""coordinates"":[]}"
VHI_M_2021-06_00000000000000000007,0.7799999713897704,8,6,Wet,2021,2021-06,"{""type"":""MultiPoint"",""coordinates"":[]}"
VHI_M_2021-06_0000000000000000000b,0.6549999713897705,12,6,Wet,2021,2021-06,"{""type"":""MultiPoint"",""coordinates"":[]}"
VHI_M_2021-06_00000000000000000012,0.6949999928474426,19,6,Wet,2021,2021-06,"{""type"":""MultiPoint"",""coordinates"":[]}"
VHI_M_2021-06_00000000000000000013,0.6800000071525575,20,6,Wet,2021,2021-06,"{""type"":""MultiPoint"",""coordinates"":[]}"
VHI_M_2021-06_00000000000000000014,0.8000000119209291,21,6,Wet,2021,2021-06,"{""type"":""MultiPoint"",""coordinates"":[]}"
VHI_M_2021-06_00000000000000000015,0.6650000214576721,22,6,Wet,2021,2021-06,"{""type"":""MultiPoint"",""coordinates"":[]}"
VHI_M_2021-06_00000000000000000016,0.6449999809265136,23,6,Wet,2021,2021-06,"{""type"":""MultiPoint"",""coordinates"":[]}"
VHI_M_2021-06_00000000000000000183,0.6850000023841859,388,6,Wet,2021,2021-06,"{""type"":""MultiPoint"",""coordinates"":[]}"
VHI_M_2021-06_00000000000000000184,0.6150000095367433,389,6,Wet,2021,2021-06,"{""type"":""MultiPoint"",""coordinates"":[]}"
VHI_M_2021-06_00000000000000000185,0.5699999928474425,390,6,Wet,2021,2021-06,"{""type"":""MultiPoint"",""coordinates"":[]}"
VHI_M_2021-06_00000000000000000212,0.5950000286102295,531,6,Wet,2021,2021-06,"{""type"":""MultiPoint"",""coordinates"":[]}"
VHI_M_2021-06_00000000000000000213,0.6499999761581421,532,6,Wet,2021,2021-06,"{""type"":""MultiPoint"",""coordinates"":[]}"
VHI_M_2021-06_00000000000000000214,0.6399999856948853,533,6,Wet,2021,2021-06,"{""type"":""MultiPoint"",""coordinates"":[]}"
VHI_M_2021-06_00000000000000000215,0.8149999976158141,534,6,Wet,2021,2021-06,"{""type"":""MultiPoint"",""coordinates"":[]}"
VHI_M_2021-06_0000000000000000005a,0.699999988079071,91,6,Wet,2021,2021-06,"{""type"":""MultiPoint"",""coordinates"":[]}"
VHI_M_2021-06_00000000000000000118,0.824999988079071,281,6,Wet,2021,2021-06,"{""type"":""MultiPoint"",""coordinates"":[]}"
VHI_M_2021-06_00000000000000000119,0.7149999737739562,282,6,Wet,2021,2021-06,"{""type"":""MultiPoint"",""coordinates"":[]}"
VHI_M_2021-06_0000000000000000011a,0.800000011920929,283,6,Wet,2021,2021-06,"{""type"":""MultiPoint"",""coordinates"":[]}"
VHI_M_2021-06_0000000000000000011b,0.9549999833106995,284,6,Wet,2021,2021-06,"{""type"":""MultiPoint"",""coordinates"":[]}"
VHI_M_2021-06_00000000000000000141,0.6299999952316284,322,6,Wet,2021,2021-06,"{""type"":""MultiPoint"",""coordinates"":[]}"
VHI_M_2021-06_00000000000000000142,0.9150000214576721,323,6,Wet,2021,2021-06,"{""type"":""MultiPoint"",""coordinates"":[]}"
VHI_M_2021-06_00000000000000000143,0.7850000262260437,324,6,Wet,2021,2021-06,"{""type"":""MultiPoint"",""coordinates"":[]}"
VHI_M_2021-06_00000000000000000144,0.8100000023841858,325,6,Wet,2021,2021-06,"{""type"":""MultiPoint"",""coordinates"":[]}"
VHI_M_2021-06_00000000000000000145,0.8750000000000001,326,6,Wet,2021,2021-06,"{""type"":""MultiPoint"",""coordinates"":[]}"
VHI_M_2021-06_000000000000000001af,0.6600000262260437,432,6,Wet,2021,2021-06,"{""type"":""MultiPoint"",""coordinates"":[]}"
VHI_M_2021-06_0000000000000000004b,0.6000000238418579,76,6,Wet,2021,2021-06,"{""type"":""MultiPoint"",""coordinates"":[]}"
VHI_M_2021-06_0000000000000000004c,0.6050000190734863,77,6,Wet,2021,2021-06,"{""type"":""MultiPoint"",""coordinates"":[]}"
VHI_M_2021-06_0000000000000000004d,0.6999999880790712,78,6,Wet,2021,2021-06,"{""type"":""MultiPoint"",""coordinates"":[]}"
VHI_M_2021-06_0000000000000000004e,0.6999999880790708,79,6,Wet,2021,2021-06,"{""type"":""MultiPoint"",""coordinates"":[]}"
VHI_M_2021-06_0000000000000000004f,0.7300000190734862,80,6,Wet,2021,2021-06,"{""type"":""MultiPoint"",""coordinates"":[]}"
VHI_M_2021-06_00000000000000000050,0.8299999833106995,81,6,Wet,2021,2021-06,"{""type"":""MultiPoint"",""coordinates"":[]}"
VHI_M_2021-06_00000000000000000051,0.7400000095367432,82,6,Wet,2021,2021-06,"{""type"":""MultiPoint"",""coordinates"":[]}"
VHI_M_2021-06_00000000000000000052,0.6899999976158142,83,6,Wet,2021,2021-06,"{""type"":""MultiPoint"",""coordinates"":[]}"
VHI_M_2021-06_000000000000000000aa,0.6299999952316284,171,6,Wet,2021,2021-06,"{""type"":""MultiPoint"",""coordinates"":[]}"
VHI_M_2021-06_000000000000000000ab,0.6650000214576722,172,6,Wet,2021,2021-06,"{""type"":""MultiPoint"",""coordinates"":[]}"
VHI_M_2021-06_000000000000000000ac,0.7200000286102293,173,6,Wet,2021,2021-06,"{""type"":""MultiPoint"",""coordinates"":[]}"
VHI_M_2021-06_000000000000000000ad,0.7450000047683715,174,6,Wet,2021,2021-06,"{""type"":""MultiPoint"",""coordinates"":[]}"
VHI_M_2021-06_000000000000000000ae,0.625,175,6,Wet,2021,2021-06,"{""type"":""MultiPoint"",""coordinates"":[]}"
VHI_M_2021-06_000000000000000000af,0.5600000023841858,176,6,Wet,2021,2021-06,"{""type"":""MultiPoint"",""coordinates"":[]}"
VHI_M_2021-06_000000000000000000b0,0.8050000071525574,177,6,Wet,2021,2021-06,"{""type"":""MultiPoint"",""coordinates"":[]}"
VHI_M_2021-06_000000000000000001c7,0.7599999904632568,456,6,Wet,2021,2021-06,"{""type"":""MultiPoint"",""coordinates"":[]}"
VHI_M_2021-06_000000000000000001c8,0.7049999833106994,457,6,Wet,2021,2021-06,"{""type"":""MultiPoint"",""coordinates"":[]}"
VHI_M_2021-06_000000000000000001c9,0.6299999952316284,458,6,Wet,2021,2021-06,"{""type"":""MultiPoint"",""coordinates"":[]}"
VHI_M_2021-06_000000000000000001ca,0.8700000047683716,459,6,Wet,2021,2021-06,"{""type"":""MultiPoint"",""coordinates"":[]}"
VHI_M_2021-06_0000000000000000020a,0.9549999833106995,523,6,Wet,2021,2021-06,"{""type"":""MultiPoint"",""coordinates"":[]}"
VHI_M_2021-06_0000000000000000020b,0.7799999713897704,524,6,Wet,2021,2021-06,"{""type"":""MultiPoint"",""coordinates"":[]}"
VHI_M_2021-06_0000000000000000020c,0.7799999713897704,525,6,Wet,2021,2021-06,"{""type"":""MultiPoint"",""coordinates"":[]}"
VHI_M_2021-06_000000000000000001ab,0.675000011920929,428,6,Wet,2021,2021-06,"{""type"":""MultiPoint"",""coordinates"":[]}"
VHI_M_2021-06_000000000000000001ac,0.7200000286102297,429,6,Wet,2021,2021-06,"{""type"":""MultiPoint"",""coordinates"":[]}"
VHI_M_2021-06_000000000000000001ad,0.800000011920929,430,6,Wet,2021,2021-06,"{""type"":""MultiPoint"",""coordinates"":[]}"
VHI_M_2021-06_000000000000000001ae,0.7350000143051147,431,6,Wet,2021,2021-06,"{""type"":""MultiPoint"",""coordinates"":[]}"
VHI_M_2021-06_000000000000000001c3,0.7699999809265137,452,6,Wet,2021,2021-06,"{""type"":""MultiPoint"",""coordinates"":[]}"
VHI_M_2021-06_00000000000000000037,0.5450000166893004,56,6,Wet,2021,2021-06,"{""type"":""MultiPoint"",""coordinates"":[]}"
VHI_M_2021-06_00000000000000000038,0.5249999761581421,57,6,Wet,2021,2021-06,"{""type"":""MultiPoint"",""coordinates"":[]}"
VHI_M_2021-06_00000000000000000039,0.5199999809265137,58,6,Wet,2021,2021-06,"{""type"":""MultiPoint"",""coordinates"":[]}"
VHI_M_2021-06_0000000000000000003a,0.5600000023841858,59,6,Wet,2021,2021-06,"{""type"":""MultiPoint"",""coordinates"":[]}"
VHI_M_2021-06_0000000000000000003b,0.5799999833106995,60,6,Wet,2021,2021-06,"{""type"":""MultiPoint"",""coordinates"":[]}"
VHI_M_2021-06_0000000000000000003c,0.6949999928474426,61,6,Wet,2021,2021-06,"{""type"":""MultiPoint"",""coordinates"":[]}"
VHI_M_2021-06_0000000000000000003d,0.6800000071525574,62,6,Wet,2021,2021-06,"{""type"":""MultiPoint"",""coordinates"":[]}"
VHI_M_2021-06_0000000000000000003e,0.49000000953674316,63,6,Wet,2021,2021-06,"{""type"":""MultiPoint"",""coordinates"":[]}"
VHI_M_2021-06_0000000000000000003f,0.550000011920929,64,6,Wet,2021,2021-06,"{""type"":""MultiPoint"",""coordinates"":[]}"
VHI_M_2021-06_00000000000000000044,0.39500001072883606,69,6,Wet,2021,2021-06,"{""type"":""MultiPoint"",""coordinates"":[]}"
VHI_M_2021-06_00000000000000000076,0.6449999809265137,119,6,Wet,2021,2021-06,"{""type"":""MultiPoint"",""coordinates"":[]}"
VHI_M_2021-06_00000000000000000077,0.5849999785423279,120,6,Wet,2021,2021-06,"{""type"":""MultiPoint"",""coordinates"":[]}"
VHI_M_2021-06_00000000000000000078,0.5350000262260437,121,6,Wet,2021,2021-06,"{""type"":""MultiPoint"",""coordinates"":[]}"
VHI_M_2021-06_00000000000000000079,0.6899999976158142,122,6,Wet,2021,2021-06,"{""type"":""MultiPoint"",""coordinates"":[]}"
VHI_M_2021-06_0000000000000000008b,0.5099999904632568,140,6,Wet,2021,2021-06,"{""type"":""MultiPoint"",""coordinates"":[]}"
VHI_M_2021-06_0000000000000000008c,0.8349999785423278,141,6,Wet,2021,2021-06,"{""type"":""MultiPoint"",""coordinates"":[]}"
VHI_M_2021-06_0000000000000000008d,0.8349999785423279,142,6,Wet,2021,2021-06,"{""type"":""MultiPoint"",""coordinates"":[]}"
VHI_M_2021-06_0000000000000000008e,0.699999988079071,143,6,Wet,2021,2021-06,"{""type"":""MultiPoint"",""coordinates"":[]}"
VHI_M_2021-06_0000000000000000008f,0.7799999713897705,144,6,Wet,2021,2021-06,"{""type"":""MultiPoint"",""coordinates"":[]}"
VHI_M_2021-06_00000000000000000090,0.7649999856948853,145,6,Wet,2021,2021-06,"{""type"":""MultiPoint"",""coordinates"":[]}"
VHI_M_2021-06_00000000000000000091,0.7099999785423278,146,6,Wet,2021,2021-06,"{""type"":""MultiPoint"",""coordinates"":[]}"
VHI_M_2021-06_000000000000000000b5,0.75,182,6,Wet,2021,2021-06,"{""type"":""MultiPoint"",""coordinates"":[]}"
VHI_M_2021-06_000000000000000000cc,0.824999988079071,205,6,Wet,2021,2021-06,"{""type"":""MultiPoint"",""coordinates"":[]}"
VHI_M_2021-06_000000000000000000cd,0.8550000190734864,206,6,Wet,2021,2021-06,"{""type"":""MultiPoint"",""coordinates"":[]}"
VHI_M_2021-06_000000000000000001dd,0.8450000286102295,478,6,Wet,2021,2021-06,"{""type"":""MultiPoint"",""coordinates"":[]}"
VHI_M_2021-06_000000000000000001de,0.9200000166893005,479,6,Wet,2021,2021-06,"{""type"":""MultiPoint"",""coordinates"":[]}"
VHI_M_2021-06_000000000000000001df,0.7950000166893005,480,6,Wet,2021,2021-06,"{""type"":""MultiPoint"",""coordinates"":[]}"
VHI_M_2021-06_000000000000000001e0,0.8450000286102296,481,6,Wet,2021,2021-06,"{""type"":""MultiPoint"",""coordinates"":[]}"
VHI_M_2021-06_000000000000000001e1,0.8849999904632568,482,6,Wet,2021,2021-06,"{""type"":""MultiPoint"",""coordinates"":[]}"
VHI_M_2021-06_0000000000000000007a,0.9300000071525574,123,6,Wet,2021,2021-06,"{""type"":""MultiPoint"",""coordinates"":[]}"
VHI_M_2021-06_0000000000000000007b,0.8650000095367432,124,6,Wet,2021,2021-06,"{""type"":""MultiPoint"",""coordinates"":[]}"
VHI_M_2021-06_0000000000000000007c,0.7699999809265138,125,6,Wet,2021,2021-06,"{""type"":""MultiPoint"",""coordinates"":[]}"
VHI_M_2021-06_0000000000000000007d,0.7450000047683716,126,6,Wet,2021,2021-06,"{""type"":""MultiPoint"",""coordinates"":[]}"
VHI_M_2021-06_0000000000000000007e,0.7450000047683715,127,6,Wet,2021,2021-06,"{""type"":""MultiPoint"",""coordinates"":[]}"
VHI_M_2021-06_0000000000000000007f,0.7099999785423279,128,6,Wet,2021,2021-06,"{""type"":""MultiPoint"",""coordinates"":[]}"
VHI_M_2021-06_00000000000000000080,0.8700000047683717,129,6,Wet,2021,2021-06,"{""type"":""MultiPoint"",""coordinates"":[]}"
VHI_M_2021-06_00000000000000000088,0.6499999761581422,137,6,Wet,2021,2021-06,"{""type"":""MultiPoint"",""coordinates"":[]}"
VHI_M_2021-06_00000000000000000089,0.6949999928474426,138,6,Wet,2021,2021-06,"{""type"":""MultiPoint"",""coordinates"":[]}"
VHI_M_2021-06_0000000000000000008a,0.6899999976158142,139,6,Wet,2021,2021-06,"{""type"":""MultiPoint"",""coordinates"":[]}"
VHI_M_2021-06_00000000000000000099,0.7699999809265137,154,6,Wet,2021,2021-06,"{""type"":""MultiPoint"",""coordinates"":[]}"
VHI_M_2021-06_0000000000000000009a,0.7500000000000001,155,6,Wet,2021,2021-06,"{""type"":""MultiPoint"",""coordinates"":[]}"
VHI_M_2021-06_00000000000000000112,0.7950000166893005,275,6,Wet,2021,2021-06,"{""type"":""MultiPoint"",""coordinates"":[]}"
VHI_M_2021-06_000000000000000001d8,0.6899999976158142,473,6,Wet,2021,2021-06,"{""type"":""MultiPoint"",""coordinates"":[]}"
VHI_M_2021-06_00000000000000000001,0.5699999928474426,2,6,Wet,2021,2021-06,"{""type"":""MultiPoint"",""coordinates"":[]}"
VHI_M_2021-06_00000000000000000030,0.5,49,6,Wet,2021,2021-06,"{""type"":""MultiPoint"",""coordinates"":[]}"
VHI_M_2021-06_00000000000000000031,0.5699999928474427,50,6,Wet,2021,2021-06,"{""type"":""MultiPoint"",""coordinates"":[]}"
VHI_M_2021-06_00000000000000000032,0.6000000238418579,51,6,Wet,2021,2021-06,"{""type"":""MultiPoint"",""coordinates"":[]}"
VHI_M_2021-06_000000000000000000d7,0.5400000214576721,216,6,Wet,2021,2021-06,"{""type"":""MultiPoint"",""coordinates"":[]}"
VHI_M_2021-06_000000000000000000d8,0.6800000071525574,217,6,Wet,2021,2021-06,"{""type"":""MultiPoint"",""coordinates"":[]}"
VHI_M_2021-06_000000000000000000d9,0.6999999880790712,218,6,Wet,2021,2021-06,"{""type"":""MultiPoint"",""coordinates"":[]}"
VHI_M_2021-06_000000000000000000da,0.6299999952316284,219,6,Wet,2021,2021-06,"{""type"":""MultiPoint"",""coordinates"":[]}"
VHI_M_2021-06_00000000000000000132,0.3950000107288361,307,6,Wet,2021,2021-06,"{""type"":""MultiPoint"",""coordinates"":[]}"
VHI_M_2021-06_00000000000000000133,0.6549999713897705,308,6,Wet,2021,2021-06,"{""type"":""MultiPoint"",""coordinates"":[]}"
VHI_M_2021-06_00000000000000000134,0.47999998927116383,309,6,Wet,2021,2021-06,"{""type"":""MultiPoint"",""coordinates"":[]}"
VHI_M_2021-06_00000000000000000135,0.5550000071525573,310,6,Wet,2021,2021-06,"{""type"":""MultiPoint"",""coordinates"":[]}"
VHI_M_2021-06_0000000000000000001f,0.709999978542328,32,6,Wet,2021,2021-06,"{""type"":""MultiPoint"",""coordinates"":[]}"
VHI_M_2021-06_00000000000000000020,0.709999978542328,33,6,Wet,2021,2021-06,"{""type"":""MultiPoint"",""coordinates"":[]}"
VHI_M_2021-06_00000000000000000021,0.6700000166893006,34,6,Wet,2021,2021-06,"{""type"":""MultiPoint"",""coordinates"":[]}"
VHI_M_2021-06_00000000000000000045,0.6600000262260438,70,6,Wet,2021,2021-06,"{""type"":""MultiPoint"",""coordinates"":[]}"
VHI_M_2021-06_00000000000000000046,0.6899999976158142,71,6,Wet,2021,2021-06,"{""type"":""MultiPoint"",""coordinates"":[]}"
VHI_M_2021-06_00000000000000000047,0.6850000023841858,72,6,Wet,2021,2021-06,"{""type"":""MultiPoint"",""coordinates"":[]}"
VHI_M_2021-06_00000000000000000048,0.5299999713897705,73,6,Wet,2021,2021-06,"{""type"":""MultiPoint"",""coordinates"":[]}"
VHI_M_2021-06_00000000000000000072,0.634999990463257,115,6,Wet,2021,2021-06,"{""type"":""MultiPoint"",""coordinates"":[]}"
VHI_M_2021-06_00000000000000000073,0.7749999761581421,116,6,Wet,2021,2021-06,"{""type"":""MultiPoint"",""coordinates"":[]}"
VHI_M_2021-06_00000000000000000074,0.7250000238418579,117,6,Wet,2021,2021-06,"{""type"":""MultiPoint"",""coordinates"":[]}"
VHI_M_2021-06_00000000000000000075,0.7350000143051147,118,6,Wet,2021,2021-06,"{""type"":""MultiPoint"",""coordinates"":[]}"
VHI_M_2021-06_000000000000000000b4,0.6200000047683716,181,6,Wet,2021,2021-06,"{""type"":""MultiPoint"",""coordinates"":[]}"
VHI_M_2021-06_000000000000000000e8,0.7250000238418579,233,6,Wet,2021,2021-06,"{""type"":""MultiPoint"",""coordinates"":[]}"
VHI_M_2021-06_000000000000000000e9,0.6600000262260438,234,6,Wet,2021,2021-06,"{""type"":""MultiPoint"",""coordinates"":[]}"
VHI_M_2021-06_000000000000000000ea,0.6200000047683716,235,6,Wet,2021,2021-06,"{""type"":""MultiPoint"",""coordinates"":[]}"
VHI_M_2021-06_00000000000000000022,0.6999999880790709,35,6,Wet,2021,2021-06,"{""type"":""MultiPoint"",""coordinates"":[]}"
VHI_M_2021-06_00000000000000000023,0.7500000000000003,36,6,Wet,2021,2021-06,"{""type"":""MultiPoint"",""coordinates"":[]}"
VHI_M_2021-06_00000000000000000024,0.7049999833106995,37,6,Wet,2021,2021-06,"{""type"":""MultiPoint"",""coordinates"":[]}"
VHI_M_2021-06_00000000000000000025,0.7850000262260437,38,6,Wet,2021,2021-06,"{""type"":""MultiPoint"",""coordinates"":[]}"
VHI_M_2021-06_000000000000000000f0,0.7549999952316284,241,6,Wet,2021,2021-06,"{""type"":""MultiPoint"",""coordinates"":[]}"
VHI_M_2021-06_000000000000000000f4,0.625,245,6,Wet,2021,2021-06,"{""type"":""MultiPoint"",""coordinates"":[]}"
VHI_M_2021-06_000000000000000000f5,0.6600000262260437,246,6,Wet,2021,2021-06,"{""type"":""MultiPoint"",""coordinates"":[]}"
VHI_M_2021-06_000000000000000000f6,0.6449999809265137,247,6,Wet,2021,2021-06,"{""type"":""MultiPoint"",""coordinates"":[]}"
VHI_M_2021-06_000000000000000000f7,0.8199999928474426,248,6,Wet,2021,2021-06,"{""type"":""MultiPoint"",""coordinates"":[]}"
VHI_M_2021-06_000000000000000000f8,0.7049999833106996,249,6,Wet,2021,2021-06,"{""type"":""MultiPoint"",""coordinates"":[]}"
VHI_M_2021-06_00000000000000000000,0.7850000262260438,1,6,Wet,2021,2021-06,"{""type"":""MultiPoint"",""coordinates"":[]}"
VHI_M_2021-06_000000000000000000f2,0.6299999952316284,243,6,Wet,2021,2021-06,"{""type"":""MultiPoint"",""coordinates"":[]}"
VHI_M_2021-06_000000000000000000f3,0.7500000000000001,244,6,Wet,2021,2021-06,"{""type"":""MultiPoint"",""coordinates"":[]}"
VHI_M_2021-06_00000000000000000106,0.7400000095367432,263,6,Wet,2021,2021-06,"{""type"":""MultiPoint"",""coordinates"":[]}"
VHI_M_2021-06_00000000000000000107,0.7300000190734862,264,6,Wet,2021,2021-06,"{""type"":""MultiPoint"",""coordinates"":[]}"
VHI_M_2021-06_00000000000000000108,0.7300000190734862,265,6,Wet,2021,2021-06,"{""type"":""MultiPoint"",""coordinates"":[]}"
VHI_M_2021-06_0000000000000000012c,0.8600000143051149,301,6,Wet,2021,2021-06,"{""type"":""MultiPoint"",""coordinates"":[]}"
VHI_M_2021-06_0000000000000000012d,0.7900000214576722,302,6,Wet,2021,2021-06,"{""type"":""MultiPoint"",""coordinates"":[]}"
VHI_M_2021-06_0000000000000000012e,0.7599999904632568,303,6,Wet,2021,2021-06,"{""type"":""MultiPoint"",""coordinates"":[]}"
VHI_M_2021-06_000000000000000000a5,0.6600000262260439,166,6,Wet,2021,2021-06,"{""type"":""MultiPoint"",""coordinates"":[]}"
VHI_M_2021-06_000000000000000000a6,0.5749999880790709,167,6,Wet,2021,2021-06,"{""type"":""MultiPoint"",""coordinates"":[]}"
VHI_M_2021-06_000000000000000000c1,0.6600000262260437,194,6,Wet,2021,2021-06,"{""type"":""MultiPoint"",""coordinates"":[]}"
VHI_M_2021-06_00000000000000000120,0.5950000286102295,289,6,Wet,2021,2021-06,"{""type"":""MultiPoint"",""coordinates"":[]}"
VHI_M_2021-06_000000000000000001d9,0.6299999952316284,474,6,Wet,2021,2021-06,"{""type"":""MultiPoint"",""coordinates"":[]}"
VHI_M_2021-06_000000000000000001da,0.5950000286102294,475,6,Wet,2021,2021-06,"{""type"":""MultiPoint"",""coordinates"":[]}"
VHI_M_2021-06_000000000000000001db,0.4900000095367432,476,6,Wet,2021,2021-06,"{""type"":""MultiPoint"",""coordinates"":[]}"
VHI_M_2021-06_000000000000000001dc,0.49000000953674316,477,6,Wet,2021,2021-06,"{""type"":""MultiPoint"",""coordinates"":[]}"
VHI_M_2021-06_000000000000000001e2,0.5849999785423279,483,6,Wet,2021,2021-06,"{""type"":""MultiPoint"",""coordinates"":[]}"
VHI_M_2021-06_000000000000000001e3,0.6299999952316285,484,6,Wet,2021,2021-06,"{""type"":""MultiPoint"",""coordinates"":[]}"
VHI_M_2021-06_000000000000000001e4,0.550000011920929,485,6,Wet,2021,2021-06,"{""type"":""MultiPoint"",""coordinates"":[]}"
VHI_M_2021-06_000000000000000001e5,0.5199999809265137,486,6,Wet,2021,2021-06,"{""type"":""MultiPoint"",""coordinates"":[]}"
VHI_M_2021-06_000000000000000001e6,0.6899999976158142,487,6,Wet,2021,2021-06,"{""type"":""MultiPoint"",""coordinates"":[]}"
VHI_M_2021-06_000000000000000001e7,0.6299999952316284,488,6,Wet,2021,2021-06,"{""type"":""MultiPoint"",""coordinates"":[]}"
VHI_M_2021-06_000000000000000001e8,0.6050000190734863,489,6,Wet,2021,2021-06,"{""type"":""MultiPoint"",""coordinates"":[]}"
VHI_M_2021-06_000000000000000001e9,0.550000011920929,490,6,Wet,2021,2021-06,"{""type"":""MultiPoint"",""coordinates"":[]}"
VHI_M_2021-06_000000000000000000e2,0.6650000214576721,227,6,Wet,2021,2021-06,"{""type"":""MultiPoint"",""coordinates"":[]}"
VHI_M_2021-06_000000000000000000e3,0.7099999785423278,228,6,Wet,2021,2021-06,"{""type"":""MultiPoint"",""coordinates"":[]}"
VHI_M_2021-06_000000000000000000e4,0.7649999856948853,229,6,Wet,2021,2021-06,"{""type"":""MultiPoint"",""coordinates"":[]}"
VHI_M_2021-06_000000000000000000e5,0.7749999761581421,230,6,Wet,2021,2021-06,"{""type"":""MultiPoint"",""coordinates"":[]}"
VHI_M_2021-06_000000000000000000e6,0.6299999952316284,231,6,Wet,2021,2021-06,"{""type"":""MultiPoint"",""coordinates"":[]}"
VHI_M_2021-06_000000000000000000e7,0.6100000143051147,232,6,Wet,2021,2021-06,"{""type"":""MultiPoint"",""coordinates"":[]}"
VHI_M_2021-06_0000000000000000017f,0.6449999809265137,384,6,Wet,2021,2021-06,"{""type"":""MultiPoint"",""coordinates"":[]}"
VHI_M_2021-06_00000000000000000180,0.6449999809265136,385,6,Wet,2021,2021-06,"{""type"":""MultiPoint"",""coordinates"":[]}"
VHI_M_2021-06_00000000000000000203,0.5649999976158142,516,6,Wet,2021,2021-06,"{""type"":""MultiPoint"",""coordinates"":[]}"
VHI_M_2021-06_00000000000000000204,0.5550000071525574,517,6,Wet,2021,2021-06,"{""type"":""MultiPoint"",""coordinates"":[]}"
VHI_M_2021-06_00000000000000000205,0.6349999904632567,518,6,Wet,2021,2021-06,"{""type"":""MultiPoint"",""coordinates"":[]}"
VHI_M_2021-06_00000000000000000206,0.6949999928474425,519,6,Wet,2021,2021-06,"{""type"":""MultiPoint"",""coordinates"":[]}"
VHI_M_2021-06_00000000000000000207,0.7500000000000001,520,6,Wet,2021,2021-06,"{""type"":""MultiPoint"",""coordinates"":[]}"
VHI_M_2021-06_00000000000000000208,0.6700000166893005,521,6,Wet,2021,2021-06,"{""type"":""MultiPoint"",""coordinates"":[]}"
VHI_M_2021-06_00000000000000000209,0.7400000095367432,522,6,Wet,2021,2021-06,"{""type"":""MultiPoint"",""coordinates"":[]}"
VHI_M_2021-06_0000000000000000000e,0.7649999856948853,15,6,Wet,2021,2021-06,"{""type"":""MultiPoint"",""coordinates"":[]}"
VHI_M_2021-06_00000000000000000124,0.8650000095367432,293,6,Wet,2021,2021-06,"{""type"":""MultiPoint"",""coordinates"":[]}"
VHI_M_2021-06_00000000000000000125,0.7300000190734864,294,6,Wet,2021,2021-06,"{""type"":""MultiPoint"",""coordinates"":[]}"
VHI_M_2021-06_00000000000000000126,0.6700000166893005,295,6,Wet,2021,2021-06,"{""type"":""MultiPoint"",""coordinates"":[]}"
VHI_M_2021-06_00000000000000000127,0.7649999856948851,296,6,Wet,2021,2021-06,"{""type"":""MultiPoint"",""coordinates"":[]}"
VHI_M_2021-06_00000000000000000128,0.6650000214576721,297,6,Wet,2021,2021-06,"{""type"":""MultiPoint"",""coordinates"":[]}"
VHI_M_2021-06_00000000000000000129,0.7350000143051147,298,6,Wet,2021,2021-06,"{""type"":""MultiPoint"",""coordinates"":[]}"
VHI_M_2021-06_0000000000000000012a,0.6999999880790712,299,6,Wet,2021,2021-06,"{""type"":""MultiPoint"",""coordinates"":[]}"
VHI_M_2021-06_0000000000000000012b,0.7450000047683716,300,6,Wet,2021,2021-06,"{""type"":""MultiPoint"",""coordinates"":[]}"
VHI_M_2021-06_00000000000000000174,0.7599999904632568,373,6,Wet,2021,2021-06,"{""type"":""MultiPoint"",""coordinates"":[]}"
VHI_M_2021-06_00000000000000000175,0.699999988079071,374,6,Wet,2021,2021-06,"{""type"":""MultiPoint"",""coordinates"":[]}"
VHI_M_2021-06_00000000000000000176,0.7699999809265137,375,6,Wet,2021,2021-06,"{""type"":""MultiPoint"",""coordinates"":[]}"
VHI_M_2021-06_00000000000000000177,0.824999988079071,376,6,Wet,2021,2021-06,"{""type"":""MultiPoint"",""coordinates"":[]}"
VHI_M_2021-06_00000000000000000195,0.7450000047683717,406,6,Wet,2021,2021-06,"{""type"":""MultiPoint"",""coordinates"":[]}"
VHI_M_2021-06_00000000000000000196,0.7300000190734864,407,6,Wet,2021,2021-06,"{""type"":""MultiPoint"",""coordinates"":[]}"
VHI_M_2021-06_00000000000000000197,0.7699999809265137,408,6,Wet,2021,2021-06,"{""type"":""MultiPoint"",""coordinates"":[]}"
VHI_M_2021-06_00000000000000000198,0.790000021457672,409,6,Wet,2021,2021-06,"{""type"":""MultiPoint"",""coordinates"":[]}"
VHI_M_2021-06_00000000000000000199,0.7200000286102295,410,6,Wet,2021,2021-06,"{""type"":""MultiPoint"",""coordinates"":[]}"
VHI_M_2021-06_00000000000000000035,0.5049999952316284,54,6,Wet,2021,2021-06,"{""type"":""MultiPoint"",""coordinates"":[]}"
VHI_M_2021-06_000000000000000000ce,0.6949999928474425,207,6,Wet,2021,2021-06,"{""type"":""MultiPoint"",""coordinates"":[]}"
VHI_M_2021-06_000000000000000000cf,0.6100000143051147,208,6,Wet,2021,2021-06,"{""type"":""MultiPoint"",""coordinates"":[]}"
VHI_M_2021-06_000000000000000000d0,0.649999976158142,209,6,Wet,2021,2021-06,"{""type"":""MultiPoint"",""coordinates"":[]}"
VHI_M_2021-06_000000000000000000d1,0.5653989962781626,210,6,Wet,2021,2021-06,"{""type"":""MultiPoint"",""coordinates"":[]}"
VHI_M_2021-06_000000000000000001ea,0.7300000190734861,491,6,Wet,2021,2021-06,"{""type"":""MultiPoint"",""coordinates"":[]}"
VHI_M_2021-06_000000000000000001eb,0.6700000166893006,492,6,Wet,2021,2021-06,"{""type"":""MultiPoint"",""coordinates"":[]}"
VHI_M_2021-06_000000000000000001ec,0.7649999856948854,493,6,Wet,2021,2021-06,"{""type"":""MultiPoint"",""coordinates"":[]}"
VHI_M_2021-06_000000000000000001ed,0.6899999976158142,494,6,Wet,2021,2021-06,"{""type"":""MultiPoint"",""coordinates"":[]}"
VHI_M_2021-06_000000000000000001f4,0.6200000047683716,501,6,Wet,2021,2021-06,"{""type"":""MultiPoint"",""coordinates"":[]}"
VHI_M_2021-06_000000000000000001f5,0.5849999785423279,502,6,Wet,2021,2021-06,"{""type"":""MultiPoint"",""coordinates"":[]}"
VHI_M_2021-06_000000000000000001f6,0.600000023841858,503,6,Wet,2021,2021-06,"{""type"":""MultiPoint"",""coordinates"":[]}"
VHI_M_2021-06_000000000000000001f7,0.5950000286102294,504,6,Wet,2021,2021-06,"{""type"":""MultiPoint"",""coordinates"":[]}"
VHI_M_2021-06_000000000000000001f8,0.6449999809265138,505,6,Wet,2021,2021-06,"{""type"":""MultiPoint"",""coordinates"":[]}"
VHI_M_2021-06_000000000000000001f9,0.6000000238418578,506,6,Wet,2021,2021-06,"{""type"":""MultiPoint"",""coordinates"":[]}"
VHI_M_2021-06_000000000000000001fa,0.6299999952316284,507,6,Wet,2021,2021-06,"{""type"":""MultiPoint"",""coordinates"":[]}"
VHI_M_2021-06_000000000000000001fb,0.6650000214576721,508,6,Wet,2021,2021-06,"{""type"":""MultiPoint"",""coordinates"":[]}"
VHI_M_2021-06_000000000000000001fc,0.5550000071525573,509,6,Wet,2021,2021-06,"{""type"":""MultiPoint"",""coordinates"":[]}"
VHI_M_2021-06_000000000000000001fd,0.6100000143051147,510,6,Wet,2021,2021-06,"{""type"":""MultiPoint"",""coordinates"":[]}"
VHI_M_2021-06_00000000000000000049,0.5199999809265137,74,6,Wet,2021,2021-06,"{""type"":""MultiPoint"",""coordinates"":[]}"
VHI_M_2021-06_0000000000000000004a,0.5450000166893005,75,6,Wet,2021,2021-06,"{""type"":""MultiPoint"",""coordinates"":[]}"
VHI_M_2021-06_000000000000000000fd,0.6000000238418578,254,6,Wet,2021,2021-06,"{""type"":""MultiPoint"",""coordinates"":[]}"
VHI_M_2021-06_000000000000000000fe,0.5450000166893005,255,6,Wet,2021,2021-06,"{""type"":""MultiPoint"",""coordinates"":[]}"
VHI_M_2021-06_00000000000000000191,0.38499999046325684,402,6,Wet,2021,2021-06,"{""type"":""MultiPoint"",""coordinates"":[]}"
VHI_M_2021-06_0000000000000000016e,0.7350000143051147,367,6,Wet,2021,2021-06,"{""type"":""MultiPoint"",""coordinates"":[]}"
VHI_M_2021-06_0000000000000000016f,0.7300000190734866,368,6,Wet,2021,2021-06,"{""type"":""MultiPoint"",""coordinates"":[]}"
VHI_M_2021-06_00000000000000000170,0.6700000166893005,369,6,Wet,2021,2021-06,"{""type"":""MultiPoint"",""coordinates"":[]}"
VHI_M_2021-06_00000000000000000181,0.6050000190734863,386,6,Wet,2021,2021-06,"{""type"":""MultiPoint"",""coordinates"":[]}"
VHI_M_2021-06_00000000000000000182,0.6999999880790712,387,6,Wet,2021,2021-06,"{""type"":""MultiPoint"",""coordinates"":[]}"
VHI_M_2021-06_00000000000000000228,0.675000011920929,553,6,Wet,2021,2021-06,"{""type"":""MultiPoint"",""coordinates"":[]}"
VHI_M_2021-07_00000000000000000017,0.4000000059604645,24,7,Wet,2021,2021-07,"{""type"":""MultiPoint"",""coordinates"":[]}"
VHI_M_2021-07_00000000000000000018,0.3499999940395355,25,7,Wet,2021,2021-07,"{""type"":""MultiPoint"",""coordinates"":[]}"
VHI_M_2021-07_00000000000000000019,0.3499999940395355,26,7,Wet,2021,2021-07,"{""type"":""MultiPoint"",""coordinates"":[]}"
VHI_M_2021-07_0000000000000000001a,0.3499999940395355,27,7,Wet,2021,2021-07,"{""type"":""MultiPoint"",""coordinates"":[]}"
VHI_M_2021-07_0000000000000000005b,0.6800000071525574,92,7,Wet,2021,2021-07,"{""type"":""MultiPoint"",""coordinates"":[]}"
VHI_M_2021-07_0000000000000000005c,0.3700000047683716,93,7,Wet,2021,2021-07,"{""type"":""MultiPoint"",""coordinates"":[]}"
VHI_M_2021-07_0000000000000000005d,,94,7,Wet,2021,2021-07,"{""type"":""MultiPoint"",""coordinates"":[]}"
VHI_M_2021-07_0000000000000000005e,0.44999998807907104,95,7,Wet,2021,2021-07,"{""type"":""MultiPoint"",""coordinates"":[]}"
VHI_M_2021-07_0000000000000000005f,0.47999998927116394,96,7,Wet,2021,2021-07,"{""type"":""MultiPoint"",""coordinates"":[]}"
VHI_M_2021-07_000000000000000000b6,0.6150000095367432,183,7,Wet,2021,2021-07,"{""type"":""MultiPoint"",""coordinates"":[]}"
VHI_M_2021-07_000000000000000000b7,0.5699999928474426,184,7,Wet,2021,2021-07,"{""type"":""MultiPoint"",""coordinates"":[]}"
VHI_M_2021-07_000000000000000000b8,0.4099999964237213,185,7,Wet,2021,2021-07,"{""type"":""MultiPoint"",""coordinates"":[]}"
VHI_M_2021-07_000000000000000000b9,0.5550000071525574,186,7,Wet,2021,2021-07,"{""type"":""MultiPoint"",""coordinates"":[]}"
VHI_M_2021-07_000000000000000000ba,0.6449999809265137,187,7,Wet,2021,2021-07,"{""type"":""MultiPoint"",""coordinates"":[]}"
VHI_M_2021-07_000000000000000000bb,0.4699999988079071,188,7,Wet,2021,2021-07,"{""type"":""MultiPoint"",""coordinates"":[]}"
VHI_M_2021-07_000000000000000001a0,0.75,417,7,Wet,2021,2021-07,"{""type"":""MultiPoint"",""coordinates"":[]}"
VHI_M_2021-07_000000000000000001a1,0.5849999785423279,418,7,Wet,2021,2021-07,"{""type"":""MultiPoint"",""coordinates"":[]}"
VHI_M_2021-07_000000000000000001a2,0.6949999928474426,419,7,Wet,2021,2021-07,"{""type"":""MultiPoint"",""coordinates"":[]}"
VHI_M_2021-07_000000000000000001a3,0.4300000071525574,420,7,Wet,2021,2021-07,"{""type"":""MultiPoint"",""coordinates"":[]}"
VHI_M_2021-07_000000000000000001cb,0.36000001430511475,460,7,Wet,2021,2021-07,"{""type"":""MultiPoint"",""coordinates"":[]}"
VHI_M_2021-07_000000000000000001cc,0.5049999952316284,461,7,Wet,2021,2021-07,"{""type"":""MultiPoint"",""coordinates"":[]}"
VHI_M_2021-07_0000000000000000021b,0.4699999988079071,540,7,Wet,2021,2021-07,"{""type"":""MultiPoint"",""coordinates"":[]}"
VHI_M_2021-07_0000000000000000021c,0.5950000286102295,541,7,Wet,2021,2021-07,"{""type"":""MultiPoint"",""coordinates"":[]}"
VHI_M_2021-07_0000000000000000021d,0.5,542,7,Wet,2021,2021-07,"{""type"":""MultiPoint"",""coordinates"":[]}"
VHI_M_2021-07_000000000000000000bf,0.5149999856948853,192,7,Wet,2021,2021-07,"{""type"":""MultiPoint"",""coordinates"":[]}"
VHI_M_2021-07_000000000000000000c0,0.6150000095367432,193,7,Wet,2021,2021-07,"{""type"":""MultiPoint"",""coordinates"":[]}"
VHI_M_2021-07_0000000000000000010a,0.6700000166893005,267,7,Wet,2021,2021-07,"{""type"":""MultiPoint"",""coordinates"":[]}"
VHI_M_2021-07_0000000000000000010b,0.6899999976158142,268,7,Wet,2021,2021-07,"{""type"":""MultiPoint"",""coordinates"":[]}"
VHI_M_2021-07_00000000000000000226,0.6000000238418579,551,7,Wet,2021,2021-07,"{""type"":""MultiPoint"",""coordinates"":[]}"
VHI_M_2021-07_00000000000000000227,0.7300000190734863,552,7,Wet,2021,2021-07,"{""type"":""MultiPoint"",""coordinates"":[]}"
VHI_M_2021-07_000000000000000001a4,0.5849999785423279,421,7,Wet,2021,2021-07,"{""type"":""MultiPoint"",""coordinates"":[]}"
VHI_M_2021-07_000000000000000001a5,0.4699999988079071,422,7,Wet,2021,2021-07,"{""type"":""MultiPoint"",""coordinates"":[]}"
VHI_M_2021-07_000000000000000001a6,0.44999998807907104,423,7,Wet,2021,2021-07,"{""type"":""MultiPoint"",""coordinates"":[]}"
VHI_M_2021-07_000000000000000001a7,0.5099999904632568,424,7,Wet,2021,2021-07,"{""type"":""MultiPoint"",""coordinates"":[]}"
VHI_M_2021-07_000000000000000001a8,0.5450000166893005,425,7,Wet,2021,2021-07,"{""type"":""MultiPoint"",""coordinates"":[]}"
VHI_M_2021-07_000000000000000001a9,0.4449999928474426,426,7,Wet,2021,2021-07,"{""type"":""MultiPoint"",""coordinates"":[]}"
VHI_M_2021-07_000000000000000001aa,0.4650000035762787,427,7,Wet,2021,2021-07,"{""type"":""MultiPoint"",""coordinates"":[]}"
VHI_M_2021-07_000000000000000001fe,0.7400000095367432,511,7,Wet,2021,2021-07,"{""type"":""MultiPoint"",""coordinates"":[]}"
VHI_M_2021-07_000000000000000001ff,0.5,512,7,Wet,2021,2021-07,"{""type"":""MultiPoint"",""coordinates"":[]}"
VHI_M_2021-07_00000000000000000200,0.4950000047683716,513,7,Wet,2021,2021-07,"{""type"":""MultiPoint"",""coordinates"":[]}"
VHI_M_2021-07_00000000000000000201,0.625,514,7,Wet,2021,2021-07,"{""type"":""MultiPoint"",""coordinates"":[]}"
VHI_M_2021-07_00000000000000000202,0.6050000190734863,515,7,Wet,2021,2021-07,"{""type"":""MultiPoint"",""coordinates"":[]}"
VHI_M_2021-07_00000000000000000002,0.4650000035762787,3,7,Wet,2021,2021-07,"{""type"":""MultiPoint"",""coordinates"":[]}"
VHI_M_2021-07_0000000000000000000d,0.5199999809265137,14,7,Wet,2021,2021-07,"{""type"":""MultiPoint"",""coordinates"":[]}"
VHI_M_2021-07_00000000000000000027,0.4600000083446502,40,7,Wet,2021,2021-07,"{""type"":""MultiPoint"",""coordinates"":[]}"
VHI_M_2021-07_00000000000000000070,0.48500001430511475,113,7,Wet,2021,2021-07,"{""type"":""MultiPoint"",""coordinates"":[]}"
VHI_M_2021-07_00000000000000000071,0.4350000023841858,114,7,Wet,2021,2021-07,"{""type"":""MultiPoint"",""coordinates"":[]}"
VHI_M_2021-07_000000000000000001b0,0.4650000035762787,433,7,Wet,2021,2021-07,"{""type"":""MultiPoint"",""coordinates"":[]}"
VHI_M_2021-07_000000000000000001b1,0.5299999713897705,434,7,Wet,2021,2021-07,"{""type"":""MultiPoint"",""coordinates"":[]}"
VHI_M_2021-07_000000000000000001b2,0.44999998807907104,435,7,Wet,2021,2021-07,"{""type"":""MultiPoint"",""coordinates"":[]}"
VHI_M_2021-07_000000000000000001cd,0.6850000023841858,462,7,Wet,2021,2021-07,"{""type"":""MultiPoint"",""coordinates"":[]}"
VHI_M_2021-07_000000000000000001ce,0.5699999928474426,463,7,Wet,2021,2021-07,"{""type"":""MultiPoint"",""coordinates"":[]}"
VHI_M_2021-07_000000000000000001cf,0.6899999976158143,464,7,Wet,2021,2021-07,"{""type"":""MultiPoint"",""coordinates"":[]}"
VHI_M_2021-07_0000000000000000001c,0.5600000023841858,29,7,Wet,2021,2021-07,"{""type"":""MultiPoint"",""coordinates"":[]}"
VHI_M_2021-07_0000000000000000001d,0.5699999928474426,30,7,Wet,2021,2021-07,"{""type"":""MultiPoint"",""coordinates"":[]}"
VHI_M_2021-07_0000000000000000001e,0.5899999737739563,31,7,Wet,2021,2021-07,"{""type"":""MultiPoint"",""coordinates"":[]}"
VHI_M_2021-07_00000000000000000026,0.4650000035762787,39,7,Wet,2021,2021-07,"{""type"":""MultiPoint"",""coordinates"":[]}"
VHI_M_2021-07_000000000000000000f9,0.6050000190734863,250,7,Wet,2021,2021-07,"{""type"":""MultiPoint"",""coordinates"":[]}"
VHI_M_2021-07_000000000000000000fa,0.625,251,7,Wet,2021,2021-07,"{""type"":""MultiPoint"",""coordinates"":[]}"
VHI_M_2021-07_000000000000000000fb,0.5299999713897705,252,7,Wet,2021,2021-07,"{""type"":""MultiPoint"",""coordinates"":[]}"
VHI_M_2021-07_000000000000000000fc,0.6299999952316283,253,7,Wet,2021,2021-07,"{""type"":""MultiPoint"",""coordinates"":[]}"
VHI_M_2021-07_00000000000000000163,0.5099999904632567,356,7,Wet,2021,2021-07,"{""type"":""MultiPoint"",""coordinates"":[]}"
VHI_M_2021-07_00000000000000000164,0.5099999904632568,357,7,Wet,2021,2021-07,"{""type"":""MultiPoint"",""coordinates"":[]}"
VHI_M_2021-07_00000000000000000165,0.5099999904632567,358,7,Wet,2021,2021-07,"{""type"":""MultiPoint"",""coordinates"":[]}"
VHI_M_2021-07_00000000000000000166,0.4950000047683716,359,7,Wet,2021,2021-07,"{""type"":""MultiPoint"",""coordinates"":[]}"
VHI_M_2021-07_00000000000000000149,0.5849999785423279,330,7,Wet,2021,2021-07,"{""type"":""MultiPoint"",""coordinates"":[]}"
VHI_M_2021-07_0000000000000000014a,0.5950000286102295,331,7,Wet,2021,2021-07,"{""type"":""MultiPoint"",""coordinates"":[]}"
VHI_M_2021-07_0000000000000000014b,0.5849999785423279,332,7,Wet,2021,2021-07,"{""type"":""MultiPoint"",""coordinates"":[]}"
VHI_M_2021-07_0000000000000000014c,0.5799999833106995,333,7,Wet,2021,2021-07,"{""type"":""MultiPoint"",""coordinates"":[]}"
VHI_M_2021-07_0000000000000000014d,0.5099999904632567,334,7,Wet,2021,2021-07,"{""type"":""MultiPoint"",""coordinates"":[]}"
VHI_M_2021-07_0000000000000000014e,0.5950000286102296,335,7,Wet,2021,2021-07,"{""type"":""MultiPoint"",""coordinates"":[]}"
VHI_M_2021-07_00000000000000000158,0.4799999892711638,345,7,Wet,2021,2021-07,"{""type"":""MultiPoint"",""coordinates"":[]}"
VHI_M_2021-07_00000000000000000159,0.6100000143051147,346,7,Wet,2021,2021-07,"{""type"":""MultiPoint"",""coordinates"":[]}"
VHI_M_2021-07_0000000000000000015a,0.5099999904632568,347,7,Wet,2021,2021-07,"{""type"":""MultiPoint"",""coordinates"":[]}"
VHI_M_2021-07_0000000000000000015b,0.5699999928474425,348,7,Wet,2021,2021-07,"{""type"":""MultiPoint"",""coordinates"":[]}"
VHI_M_2021-07_0000000000000000015c,0.4749999940395355,349,7,Wet,2021,2021-07,"{""type"":""MultiPoint"",""coordinates"":[]}"
VHI_M_2021-07_0000000000000000015d,0.5600000023841858,350,7,Wet,2021,2021-07,"{""type"":""MultiPoint"",""coordinates"":[]}"
VHI_M_2021-07_00000000000000000008,0.49000000953674316,9,7,Wet,2021,2021-07,"{""type"":""MultiPoint"",""coordinates"":[]}"
VHI_M_2021-07_000000000000000000c2,0.5450000166893004,195,7,Wet,2021,2021-07,"{""type"":""MultiPoint"",""coordinates"":[]}"
VHI_M_2021-07_000000000000000000c3,0.4749999940395354,196,7,Wet,2021,2021-07,"{""type"":""MultiPoint"",""coordinates"":[]}"
VHI_M_2021-07_000000000000000000c4,0.6150000095367432,197,7,Wet,2021,2021-07,"{""type"":""MultiPoint"",""coordinates"":[]}"
VHI_M_2021-07_000000000000000000c5,0.48500001430511486,198,7,Wet,2021,2021-07,"{""type"":""MultiPoint"",""coordinates"":[]}"
VHI_M_2021-07_000000000000000000c6,0.5199999809265137,199,7,Wet,2021,2021-07,"{""type"":""MultiPoint"",""coordinates"":[]}"
VHI_M_2021-07_000000000000000000c7,0.5249999761581421,200,7,Wet,2021,2021-07,"{""type"":""MultiPoint"",""coordinates"":[]}"
VHI_M_2021-07_000000000000000000c8,0.47999998927116394,201,7,Wet,2021,2021-07,"{""type"":""MultiPoint"",""coordinates"":[]}"
VHI_M_2021-07_000000000000000000c9,0.5199999809265137,202,7,Wet,2021,2021-07,"{""type"":""MultiPoint"",""coordinates"":[]}"
VHI_M_2021-07_00000000000000000136,0.5699999928474427,311,7,Wet,2021,2021-07,"{""type"":""MultiPoint"",""coordinates"":[]}"
VHI_M_2021-07_00000000000000000137,0.6299999952316284,312,7,Wet,2021,2021-07,"{""type"":""MultiPoint"",""coordinates"":[]}"
VHI_M_2021-07_00000000000000000138,0.574999988079071,313,7,Wet,2021,2021-07,"{""type"":""MultiPoint"",""coordinates"":[]}"
VHI_M_2021-07_00000000000000000139,0.5550000071525575,314,7,Wet,2021,2021-07,"{""type"":""MultiPoint"",""coordinates"":[]}"
VHI_M_2021-07_0000000000000000013a,0.5649999976158142,315,7,Wet,2021,2021-07,"{""type"":""MultiPoint"",""coordinates"":[]}"
VHI_M_2021-07_000000000000000001ef,0.4900000095367432,496,7,Wet,2021,2021-07,"{""type"":""MultiPoint"",""coordinates"":[]}"
VHI_M_2021-07_000000000000000001f0,0.5299999713897705,497,7,Wet,2021,2021-07,"{""type"":""MultiPoint"",""coordinates"":[]}"
VHI_M_2021-07_00000000000000000081,0.33000001311302185,130,7,Wet,2021,2021-07,"{""type"":""MultiPoint"",""coordinates"":[]}"
VHI_M_2021-07_000000000000000000a0,0.47999998927116394,161,7,Wet,2021,2021-07,"{""type"":""MultiPoint"",""coordinates"":[]}"
VHI_M_2021-07_000000000000000000a1,0.40500000119209284,162,7,Wet,2021,2021-07,"{""type"":""MultiPoint"",""coordinates"":[]}"
VHI_M_2021-07_000000000000000000a2,0.5149999856948853,163,7,Wet,2021,2021-07,"{""type"":""MultiPoint"",""coordinates"":[]}"
VHI_M_2021-07_000000000000000000a3,0.3449999988079071,164,7,Wet,2021,2021-07,"{""type"":""MultiPoint"",""coordinates"":[]}"
VHI_M_2021-07_000000000000000000a4,0.5649999976158142,165,7,Wet,2021,2021-07,"{""type"":""MultiPoint"",""coordinates"":[]}"
VHI_M_2021-07_0000000000000000014f,0.49000000953674316,336,7,Wet,2021,2021-07,"{""type"":""MultiPoint"",""coordinates"":[]}"
VHI_M_2021-07_00000000000000000150,0.4199999868869782,337,7,Wet,2021,2021-07,"{""type"":""MultiPoint"",""coordinates"":[]}"
VHI_M_2021-07_00000000000000000151,0.5849999785423279,338,7,Wet,2021,2021-07,"{""type"":""MultiPoint"",""coordinates"":[]}"
VHI_M_2021-07_00000000000000000152,0.5099999904632568,339,7,Wet,2021,2021-07,"{""type"":""MultiPoint"",""coordinates"":[]}"
VHI_M_2021-07_00000000000000000153,0.5299999713897705,340,7,Wet,2021,2021-07,"{""type"":""MultiPoint"",""coordinates"":[]}"
VHI_M_2021-07_00000000000000000171,0.5600000023841858,370,7,Wet,2021,2021-07,"{""type"":""MultiPoint"",""coordinates"":[]}"
VHI_M_2021-07_00000000000000000172,0.4799999892711639,371,7,Wet,2021,2021-07,"{""type"":""MultiPoint"",""coordinates"":[]}"
VHI_M_2021-07_00000000000000000173,0.5350000262260436,372,7,Wet,2021,2021-07,"{""type"":""MultiPoint"",""coordinates"":[]}"
VHI_M_2021-07_000000000000000001f1,0.5450000166893005,498,7,Wet,2021,2021-07,"{""type"":""MultiPoint"",""coordinates"":[]}"
VHI_M_2021-07_000000000000000001f2,0.42500001192092896,499,7,Wet,2021,2021-07,"{""type"":""MultiPoint"",""coordinates"":[]}"
VHI_M_2021-07_000000000000000001f3,0.39500001072883606,500,7,Wet,2021,2021-07,"{""type"":""MultiPoint"",""coordinates"":[]}"
VHI_M_2021-07_00000000000000000092,0.41999998688697815,147,7,Wet,2021,2021-07,"{""type"":""MultiPoint"",""coordinates"":[]}"
VHI_M_2021-07_00000000000000000093,0.4749999940395355,148,7,Wet,2021,2021-07,"{""type"":""MultiPoint"",""coordinates"":[]}"
VHI_M_2021-07_00000000000000000094,0.49000000953674316,149,7,Wet,2021,2021-07,"{""type"":""MultiPoint"",""coordinates"":[]}"
VHI_M_2021-07_00000000000000000095,0.5950000286102296,150,7,Wet,2021,2021-07,"{""type"":""MultiPoint"",""coordinates"":[]}"
VHI_M_2021-07_00000000000000000096,0.4449999928474427,151,7,Wet,2021,2021-07,"{""type"":""MultiPoint"",""coordinates"":[]}"
VHI_M_2021-07_00000000000000000097,0.4099999964237213,152,7,Wet,2021,2021-07,"{""type"":""MultiPoint"",""coordinates"":[]}"
VHI_M_2021-07_00000000000000000098,0.5950000286102295,153,7,Wet,2021,2021-07,"{""type"":""MultiPoint"",""coordinates"":[]}"
VHI_M_2021-07_000000000000000000a9,0.6150000095367432,170,7,Wet,2021,2021-07,"{""type"":""MultiPoint"",""coordinates"":[]}"
VHI_M_2021-07_0000000000000000017c,0.6650000214576722,381,7,Wet,2021,2021-07,"{""type"":""MultiPoint"",""coordinates"":[]}"
VHI_M_2021-07_0000000000000000017d,0.6150000095367432,382,7,Wet,2021,2021-07,"{""type"":""MultiPoint"",""coordinates"":[]}"
VHI_M_2021-07_0000000000000000017e,0.6700000166893004,383,7,Wet,2021,2021-07,"{""type"":""MultiPoint"",""coordinates"":[]}"
VHI_M_2021-07_000000000000000001ee,0.4950000047683716,495,7,Wet,2021,2021-07,"{""type"":""MultiPoint"",""coordinates"":[]}"
VHI_M_2021-07_0000000000000000020d,0.6949999928474426,526,7,Wet,2021,2021-07,"{""type"":""MultiPoint"",""coordinates"":[]}"
VHI_M_2021-07_0000000000000000020e,0.6299999952316284,527,7,Wet,2021,2021-07,"{""type"":""MultiPoint"",""coordinates"":[]}"
VHI_M_2021-07_0000000000000000020f,0.6999999880790712,528,7,Wet,2021,2021-07,"{""type"":""MultiPoint"",""coordinates"":[]}"
VHI_M_2021-07_00000000000000000210,0.6050000190734863,529,7,Wet,2021,2021-07,"{""type"":""MultiPoint"",""coordinates"":[]}"
VHI_M_2021-07_00000000000000000211,0.6200000047683716,530,7,Wet,2021,2021-07,"{""type"":""MultiPoint"",""coordinates"":[]}"
VHI_M_2021-07_00000000000000000058,0.4650000035762787,89,7,Wet,2021,2021-07,"{""type"":""MultiPoint"",""coordinates"":[]}"
VHI_M_2021-07_00000000000000000059,0.5049999952316285,90,7,Wet,2021,2021-07,"{""type"":""MultiPoint"",""coordinates"":[]}"
VHI_M_2021-07_0000000000000000018b,0.5049999952316284,396,7,Wet,2021,2021-07,"{""type"":""MultiPoint"",""coordinates"":[]}"
VHI_M_2021-07_0000000000000000018c,0.5600000023841858,397,7,Wet,2021,2021-07,"{""type"":""MultiPoint"",""coordinates"":[]}"
VHI_M_2021-07_0000000000000000018d,0.5149999856948853,398,7,Wet,2021,2021-07,"{""type"":""MultiPoint"",""coordinates"":[]}"
VHI_M_2021-07_0000000000000000018e,0.5,399,7,Wet,2021,2021-07,"{""type"":""MultiPoint"",""coordinates"":[]}"
VHI_M_2021-07_00000000000000000036,0.29499998688697815,55,7,Wet,2021,2021-07,"{""type"":""MultiPoint"",""coordinates"":[]}"
VHI_M_2021-07_000000000000000000db,0.4050000011920929,220,7,Wet,2021,2021-07,"{""type"":""MultiPoint"",""coordinates"":[]}"
VHI_M_2021-07_000000000000000000dc,0.41499999165534973,221,7,Wet,2021,2021-07,"{""type"":""MultiPoint"",""coordinates"":[]}"
VHI_M_2021-07_000000000000000000dd,0.4499999880790711,222,7,Wet,2021,2021-07,"{""type"":""MultiPoint"",""coordinates"":[]}"
VHI_M_2021-07_00000000000000000102,0.6700000166893005,259,7,Wet,2021,2021-07,"{""type"":""MultiPoint"",""coordinates"":[]}"
VHI_M_2021-07_00000000000000000103,0.6449999809265137,260,7,Wet,2021,2021-07,"{""type"":""MultiPoint"",""coordinates"":[]}"
VHI_M_2021-07_00000000000000000104,0.4799999892711639,261,7,Wet,2021,2021-07,"{""type"":""MultiPoint"",""coordinates"":[]}"
VHI_M_2021-07_00000000000000000105,0.5,262,7,Wet,2021,2021-07,"{""type"":""MultiPoint"",""coordinates"":[]}"
VHI_M_2021-07_0000000000000000000a,0.5649999976158142,11,7,Wet,2021,2021-07,"{""type"":""MultiPoint"",""coordinates"":[]}"
VHI_M_2021-07_000000000000000000b1,0.5350000262260437,178,7,Wet,2021,2021-07,"{""type"":""MultiPoint"",""coordinates"":[]}"
VHI_M_2021-07_000000000000000000b2,0.5350000262260437,179,7,Wet,2021,2021-07,"{""type"":""MultiPoint"",""coordinates"":[]}"
VHI_M_2021-07_000000000000000000b3,0.46000000834465016,180,7,Wet,2021,2021-07,"{""type"":""MultiPoint"",""coordinates"":[]}"
VHI_M_2021-07_000000000000000000ca,0.44999998807907104,203,7,Wet,2021,2021-07,"{""type"":""MultiPoint"",""coordinates"":[]}"
VHI_M_2021-07_000000000000000000d2,0.6100000143051149,211,7,Wet,2021,2021-07,"{""type"":""MultiPoint"",""coordinates"":[]}"
VHI_M_2021-07_000000000000000000d3,0.5550000071525574,212,7,Wet,2021,2021-07,"{""type"":""MultiPoint"",""coordinates"":[]}"
VHI_M_2021-07_000000000000000000d4,0.479999989271164,213,7,Wet,2021,2021-07,"{""type"":""MultiPoint"",""coordinates"":[]}"
VHI_M_2021-07_000000000000000000d5,0.615000009536743,214,7,Wet,2021,2021-07,"{""type"":""MultiPoint"",""coordinates"":[]}"
VHI_M_2021-07_000000000000000000bc,0.5,189,7,Wet,2021,2021-07,"{""type"":""MultiPoint"",""coordinates"":[]}"
VHI_M_2021-07_000000000000000000bd,0.4449999928474426,190,7,Wet,2021,2021-07,"{""type"":""MultiPoint"",""coordinates"":[]}"
VHI_M_2021-07_000000000000000000be,0.5099999904632567,191,7,Wet,2021,2021-07,"{""type"":""MultiPoint"",""coordinates"":[]}"
VHI_M_2021-07_000000000000000000f1,0.5149999856948853,242,7,Wet,2021,2021-07,"{""type"":""MultiPoint"",""coordinates"":[]}"
VHI_M_2021-07_00000000000000000100,0.5899999737739564,257,7,Wet,2021,2021-07,"{""type"":""MultiPoint"",""coordinates"":[]}"
VHI_M_2021-07_00000000000000000101,0.6899999976158142,258,7,Wet,2021,2021-07,"{""type"":""MultiPoint"",""coordinates"":[]}"
VHI_M_2021-07_0000000000000000012f,0.6399999856948851,304,7,Wet,2021,2021-07,"{""type"":""MultiPoint"",""coordinates"":[]}"
VHI_M_2021-07_00000000000000000130,0.4650000035762787,305,7,Wet,2021,2021-07,"{""type"":""MultiPoint"",""coordinates"":[]}"
VHI_M_2021-07_00000000000000000131,0.5199999809265137,306,7,Wet,2021,2021-07,"{""type"":""MultiPoint"",""coordinates"":[]}"
VHI_M_2021-07_00000000000000000065,0.6100000143051147,102,7,Wet,2021,2021-07,"{""type"":""MultiPoint"",""coordinates"":[]}"
VHI_M_2021-07_00000000000000000066,0.6000000238418578,103,7,Wet,2021,2021-07,"{""type"":""MultiPoint"",""coordinates"":[]}"
VHI_M_2021-07_00000000000000000067,0.6499999761581421,104,7,Wet,2021,2021-07,"{""type"":""MultiPoint"",""coordinates"":[]}"
VHI_M_2021-07_00000000000000000068,0.5799999833106996,105,7,Wet,2021,2021-07,"{""type"":""MultiPoint"",""coordinates"":[]}"
VHI_M_2021-07_00000000000000000109,0.5249999761581421,266,7,Wet,2021,2021-07,"{""type"":""MultiPoint"",""coordinates"":[]}"
VHI_M_2021-07_000000000000000001c1,0.6150000095367432,450,7,Wet,2021,2021-07,"{""type"":""MultiPoint"",""coordinates"":[]}"
VHI_M_2021-07_000000000000000001c2,0.5350000262260436,451,7,Wet,2021,2021-07,"{""type"":""MultiPoint"",""coordinates"":[]}"
VHI_M_2021-07_00000000000000000113,0.38999998569488525,276,7,Wet,2021,2021-07,"{""type"":""MultiPoint"",""coordinates"":[]}"
VHI_M_2021-07_00000000000000000114,0.4550000131130219,277,7,Wet,2021,2021-07,"{""type"":""MultiPoint"",""coordinates"":[]}"
VHI_M_2021-07_00000000000000000115,0.40500000119209306,278,7,Wet,2021,2021-07,"{""type"":""MultiPoint"",""coordinates"":[]}"
VHI_M_2021-07_00000000000000000116,0.4650000035762788,279,7,Wet,2021,2021-07,"{""type"":""MultiPoint"",""coordinates"":[]}"
VHI_M_2021-07_00000000000000000117,0.3650000095367431,280,7,Wet,2021,2021-07,"{""type"":""MultiPoint"",""coordinates"":[]}"
VHI_M_2021-07_00000000000000000167,0.47999998927116394,360,7,Wet,2021,2021-07,"{""type"":""MultiPoint"",""coordinates"":[]}"
VHI_M_2021-07_00000000000000000168,0.5,361,7,Wet,2021,2021-07,"{""type"":""MultiPoint"",""coordinates"":[]}"
VHI_M_2021-07_00000000000000000169,0.47999998927116394,362,7,Wet,2021,2021-07,"{""type"":""MultiPoint"",""coordinates"":[]}"
VHI_M_2021-07_0000000000000000016a,0.4600000083446504,363,7,Wet,2021,2021-07,"{""type"":""MultiPoint"",""coordinates"":[]}"
VHI_M_2021-07_0000000000000000016b,0.5149999856948853,364,7,Wet,2021,2021-07,"{""type"":""MultiPoint"",""coordinates"":[]}"
VHI_M_2021-07_0000000000000000016c,0.43500000238418574,365,7,Wet,2021,2021-07,"{""type"":""MultiPoint"",""coordinates"":[]}"
VHI_M_2021-07_0000000000000000016d,0.49500000476837175,366,7,Wet,2021,2021-07,"{""type"":""MultiPoint"",""coordinates"":[]}"
VHI_M_2021-07_000000000000000000cb,0.4650000035762787,204,7,Wet,2021,2021-07,"{""type"":""MultiPoint"",""coordinates"":[]}"
VHI_M_2021-07_000000000000000000eb,0.5099999904632567,236,7,Wet,2021,2021-07,"{""type"":""MultiPoint"",""coordinates"":[]}"
VHI_M_2021-07_000000000000000000ec,0.36500000953674316,237,7,Wet,2021,2021-07,"{""type"":""MultiPoint"",""coordinates"":[]}"
VHI_M_2021-07_000000000000000000ed,0.37500000000000006,238,7,Wet,2021,2021-07,"{""type"":""MultiPoint"",""coordinates"":[]}"
VHI_M_2021-07_000000000000000000ee,0.41999998688697815,239,7,Wet,2021,2021-07,"{""type"":""MultiPoint"",""coordinates"":[]}"
VHI_M_2021-07_000000000000000000ef,0.5649999976158143,240,7,Wet,2021,2021-07,"{""type"":""MultiPoint"",""coordinates"":[]}"
VHI_M_2021-07_00000000000000000146,0.33000001311302185,327,7,Wet,2021,2021-07,"{""type"":""MultiPoint"",""coordinates"":[]}"
VHI_M_2021-07_00000000000000000147,0.375,328,7,Wet,2021,2021-07,"{""type"":""MultiPoint"",""coordinates"":[]}"
VHI_M_2021-07_00000000000000000148,0.3700000047683716,329,7,Wet,2021,2021-07,"{""type"":""MultiPoint"",""coordinates"":[]}"
VHI_M_2021-07_0000000000000000015e,0.5199999809265137,351,7,Wet,2021,2021-07,"{""type"":""MultiPoint"",""coordinates"":[]}"
VHI_M_2021-07_0000000000000000015f,0.5249999761581421,352,7,Wet,2021,2021-07,"{""type"":""MultiPoint"",""coordinates"":[]}"
VHI_M_2021-07_00000000000000000160,0.45500001311302185,353,7,Wet,2021,2021-07,"{""type"":""MultiPoint"",""coordinates"":[]}"
VHI_M_2021-07_00000000000000000161,0.5099999904632568,354,7,Wet,2021,2021-07,"{""type"":""MultiPoint"",""coordinates"":[]}"
VHI_M_2021-07_00000000000000000162,0.5450000166893005,355,7,Wet,2021,2021-07,"{""type"":""MultiPoint"",""coordinates"":[]}"
VHI_M_2021-07_00000000000000000010,0.8149999976158142,17,7,Wet,2021,2021-07,"{""type"":""MultiPoint"",""coordinates"":[]}"
VHI_M_2021-07_00000000000000000121,0.6700000166893005,290,7,Wet,2021,2021-07,"{""type"":""MultiPoint"",""coordinates"":[]}"
VHI_M_2021-07_00000000000000000122,0.6850000023841858,291,7,Wet,2021,2021-07,"{""type"":""MultiPoint"",""coordinates"":[]}"
VHI_M_2021-07_00000000000000000123,0.6800000071525574,292,7,Wet,2021,2021-07,"{""type"":""MultiPoint"",""coordinates"":[]}"
VHI_M_2021-07_0000000000000000019a,0.740000009536743,411,7,Wet,2021,2021-07,"{""type"":""MultiPoint"",""coordinates"":[]}"
VHI_M_2021-07_0000000000000000019b,0.699999988079071,412,7,Wet,2021,2021-07,"{""type"":""MultiPoint"",""coordinates"":[]}"
VHI_M_2021-07_0000000000000000019c,0.5249999761581421,413,7,Wet,2021,2021-07,"{""type"":""MultiPoint"",""coordinates"":[]}"
VHI_M_2021-07_0000000000000000019d,0.7099999785423279,414,7,Wet,2021,2021-07,"{""type"":""MultiPoint"",""coordinates"":[]}"
VHI_M_2021-07_0000000000000000019e,0.7250000238418579,415,7,Wet,2021,2021-07,"{""type"":""MultiPoint"",""coordinates"":[]}"
VHI_M_2021-07_0000000000000000019f,0.7549999952316284,416,7,Wet,2021,2021-07,"{""type"":""MultiPoint"",""coordinates"":[]}"
VHI_M_2021-07_00000000000000000216,0.5,535,7,Wet,2021,2021-07,"{""type"":""MultiPoint"",""coordinates"":[]}"
VHI_M_2021-07_00000000000000000217,0.7200000286102295,536,7,Wet,2021,2021-07,"{""type"":""MultiPoint"",""coordinates"":[]}"
VHI_M_2021-07_00000000000000000218,0.5450000166893005,537,7,Wet,2021,2021-07,"{""type"":""MultiPoint"",""coordinates"":[]}"
VHI_M_2021-07_00000000000000000219,0.5749999880790709,538,7,Wet,2021,2021-07,"{""type"":""MultiPoint"",""coordinates"":[]}"
VHI_M_2021-07_0000000000000000021a,0.6299999952316285,539,7,Wet,2021,2021-07,"{""type"":""MultiPoint"",""coordinates"":[]}"
VHI_M_2021-07_00000000000000000004,0.7099999785423278,5,7,Wet,2021,2021-07,"{""type"":""MultiPoint"",""coordinates"":[]}"
VHI_M_2021-07_00000000000000000028,0.5699999928474426,41,7,Wet,2021,2021-07,"{""type"":""MultiPoint"",""coordinates"":[]}"
VHI_M_2021-07_00000000000000000029,0.5099999904632568,42,7,Wet,2021,2021-07,"{""type"":""MultiPoint"",""coordinates"":[]}"
VHI_M_2021-07_0000000000000000002a,0.5963332913335526,43,7,Wet,2021,2021-07,"{""type"":""MultiPoint"",""coordinates"":[]}"
VHI_M_2021-07_0000000000000000002b,0.625,44,7,Wet,2021,2021-07,"{""type"":""MultiPoint"",""coordinates"":[]}"
VHI_M_2021-07_000000000000000000a7,0.5799999833106994,168,7,Wet,2021,2021-07,"{""type"":""MultiPoint"",""coordinates"":[]}"
VHI_M_2021-07_000000000000000000a8,0.5249999761581422,169,7,Wet,2021,2021-07,"{""type"":""MultiPoint"",""coordinates"":[]}"
VHI_M_2021-07_0000000000000000000c,0.6150000095367432,13,7,Wet,2021,2021-07,"{""type"":""MultiPoint"",""coordinates"":[]}"
VHI_M_2021-07_00000000000000000060,0.5099999904632568,97,7,Wet,2021,2021-07,"{""type"":""MultiPoint"",""coordinates"":[]}"
VHI_M_2021-07_00000000000000000061,0.4650000035762787,98,7,Wet,2021,2021-07,"{""type"":""MultiPoint"",""coordinates"":[]}"
VHI_M_2021-07_00000000000000000062,0.4850000143051147,99,7,Wet,2021,2021-07,"{""type"":""MultiPoint"",""coordinates"":[]}"
VHI_M_2021-07_00000000000000000063,0.574999988079071,100,7,Wet,2021,2021-07,"{""type"":""MultiPoint"",""coordinates"":[]}"
VHI_M_2021-07_00000000000000000064,0.5249999761581421,101,7,Wet,2021,2021-07,"{""type"":""MultiPoint"",""coordinates"":[]}"
VHI_M_2021-07_00000000000000000011,0.5299999713897704,18,7,Wet,2021,2021-07,"{""type"":""MultiPoint"",""coordinates"":[]}"
VHI_M_2021-07_00000000000000000033,0.5350000262260436,52,7,Wet,2021,2021-07,"{""type"":""MultiPoint"",""coordinates"":[]}"
VHI_M_2021-07_00000000000000000034,0.4749999940395355,53,7,Wet,2021,2021-07,"{""type"":""MultiPoint"",""coordinates"":[]}"
VHI_M_2021-07_000000000000000001b3,0.7599999904632568,436,7,Wet,2021,2021-07,"{""type"":""MultiPoint"",""coordinates"":[]}"
VHI_M_2021-07_000000000000000001b4,0.6899999976158141,437,7,Wet,2021,2021-07,"{""type"":""MultiPoint"",""coordinates"":[]}"
VHI_M_2021-07_000000000000000001b5,0.709999978542328,438,7,Wet,2021,2021-07,"{""type"":""MultiPoint"",""coordinates"":[]}"
VHI_M_2021-07_00000000000000000005,0.47999998927116394,6,7,Wet,2021,2021-07,"{""type"":""MultiPoint"",""coordinates"":[]}"
VHI_M_2021-07_00000000000000000082,0.6000000238418579,131,7,Wet,2021,2021-07,"{""type"":""MultiPoint"",""coordinates"":[]}"
VHI_M_2021-07_00000000000000000083,0.725000023841858,132,7,Wet,2021,2021-07,"{""type"":""MultiPoint"",""coordinates"":[]}"
VHI_M_2021-07_00000000000000000084,0.625,133,7,Wet,2021,2021-07,"{""type"":""MultiPoint"",""coordinates"":[]}"
VHI_M_2021-07_00000000000000000085,0.7300000190734863,134,7,Wet,2021,2021-07,"{""type"":""MultiPoint"",""coordinates"":[]}"
VHI_M_2021-07_00000000000000000086,0.5400000214576721,135,7,Wet,2021,2021-07,"{""type"":""MultiPoint"",""coordinates"":[]}"
VHI_M_2021-07_00000000000000000087,0.5550000071525574,136,7,Wet,2021,2021-07,"{""type"":""MultiPoint"",""coordinates"":[]}"
VHI_M_2021-07_0000000000000000010c,0.625,269,7,Wet,2021,2021-07,"{""type"":""MultiPoint"",""coordinates"":[]}"
VHI_M_2021-07_0000000000000000010d,0.6399999856948853,270,7,Wet,2021,2021-07,"{""type"":""MultiPoint"",""coordinates"":[]}"
VHI_M_2021-07_0000000000000000010e,0.675000011920929,271,7,Wet,2021,2021-07,"{""type"":""MultiPoint"",""coordinates"":[]}"
VHI_M_2021-07_0000000000000000010f,0.6899999976158142,272,7,Wet,2021,2021-07,"{""type"":""MultiPoint"",""coordinates"":[]}"
VHI_M_2021-07_00000000000000000110,0.47999998927116394,273,7,Wet,2021,2021-07,"{""type"":""MultiPoint"",""coordinates"":[]}"
VHI_M_2021-07_00000000000000000111,0.46999999880790694,274,7,Wet,2021,2021-07,"{""type"":""MultiPoint"",""coordinates"":[]}"
VHI_M_2021-07_000000000000000001d0,0.47999998927116394,465,7,Wet,2021,2021-07,"{""type"":""MultiPoint"",""coordinates"":[]}"
VHI_M_2021-07_000000000000000001d1,0.479999989271164,466,7,Wet,2021,2021-07,"{""type"":""MultiPoint"",""coordinates"":[]}"
VHI_M_2021-07_00000000000000000009,0.4399999976158142,10,7,Wet,2021,2021-07,"{""type"":""MultiPoint"",""coordinates"":[]}"
VHI_M_2021-07_0000000000000000009e,0.5299999713897705,159,7,Wet,2021,2021-07,"{""type"":""MultiPoint"",""coordinates"":[]}"
VHI_M_2021-07_0000000000000000009f,0.6499999761581421,160,7,Wet,2021,2021-07,"{""type"":""MultiPoint"",""coordinates"":[]}"
VHI_M_2021-07_00000000000000000154,0.6050000190734863,341,7,Wet,2021,2021-07,"{""type"":""MultiPoint"",""coordinates"":[]}"
VHI_M_2021-07_00000000000000000155,0.48500001430511475,342,7,Wet,2021,2021-07,"{""type"":""MultiPoint"",""coordinates"":[]}"
VHI_M_2021-07_00000000000000000156,0.6050000190734864,343,7,Wet,2021,2021-07,"{""type"":""MultiPoint"",""coordinates"":[]}"
VHI_M_2021-07_00000000000000000157,0.49500000476837164,344,7,Wet,2021,2021-07,"{""type"":""MultiPoint"",""coordinates"":[]}"
VHI_M_2021-07_00000000000000000178,0.5299999713897705,377,7,Wet,2021,2021-07,"{""type"":""MultiPoint"",""coordinates"":[]}"
VHI_M_2021-07_00000000000000000179,0.425000011920929,378,7,Wet,2021,2021-07,"{""type"":""MultiPoint"",""coordinates"":[]}"
VHI_M_2021-07_0000000000000000017a,0.4650000035762787,379,7,Wet,2021,2021-07,"{""type"":""MultiPoint"",""coordinates"":[]}"
VHI_M_2021-07_0000000000000000017b,0.1850000023841858,380,7,Wet,2021,2021-07,"{""type"":""MultiPoint"",""coordinates"":[]}"
VHI_M_2021-07_0000000000000000000f,0.46000000834465027,16,7,Wet,2021,2021-07,"{""type"":""MultiPoint"",""coordinates"":[]}"
VHI_M_2021-07_00000000000000000040,0.5400000214576721,65,7,Wet,2021,2021-07,"{""type"":""MultiPoint"",""coordinates"":[]}"
VHI_M_2021-07_00000000000000000041,0.5,66,7,Wet,2021,2021-07,"{""type"":""MultiPoint"",""coordinates"":[]}"
VHI_M_2021-07_00000000000000000042,0.5400000214576721,67,7,Wet,2021,2021-07,"{""type"":""MultiPoint"",""coordinates"":[]}"
VHI_M_2021-07_00000000000000000043,0.5699999928474426,68,7,Wet,2021,2021-07,"{""type"":""MultiPoint"",""coordinates"":[]}"
VHI_M_2021-07_00000000000000000192,0.5600000023841857,403,7,Wet,2021,2021-07,"{""type"":""MultiPoint"",""coordinates"":[]}"
VHI_M_2021-07_00000000000000000193,0.5299999713897705,404,7,Wet,2021,2021-07,"{""type"":""MultiPoint"",""coordinates"":[]}"
VHI_M_2021-07_00000000000000000194,0.3849999904632568,405,7,Wet,2021,2021-07,"{""type"":""MultiPoint"",""coordinates"":[]}"
VHI_M_2021-07_000000000000000001d2,0.675000011920929,467,7,Wet,2021,2021-07,"{""type"":""MultiPoint"",""coordinates"":[]}"
VHI_M_2021-07_000000000000000001d3,0.5450000166893005,468,7,Wet,2021,2021-07,"{""type"":""MultiPoint"",""coordinates"":[]}"
VHI_M_2021-07_000000000000000001d4,0.4950000047683716,469,7,Wet,2021,2021-07,"{""type"":""MultiPoint"",""coordinates"":[]}"
VHI_M_2021-07_000000000000000001d5,0.6100000143051147,470,7,Wet,2021,2021-07,"{""type"":""MultiPoint"",""coordinates"":[]}"
VHI_M_2021-07_000000000000000001d6,0.4950000047683716,471,7,Wet,2021,2021-07,"{""type"":""MultiPoint"",""coordinates"":[]}"
VHI_M_2021-07_000000000000000001d7,0.4600000083446503,472,7,Wet,2021,2021-07,"{""type"":""MultiPoint"",""coordinates"":[]}"
VHI_M_2021-07_00000000000000000069,0.6000000238418578,106,7,Wet,2021,2021-07,"{""type"":""MultiPoint"",""coordinates"":[]}"
VHI_M_2021-07_0000000000000000006a,0.6050000190734863,107,7,Wet,2021,2021-07,"{""type"":""MultiPoint"",""coordinates"":[]}"
VHI_M_2021-07_0000000000000000006b,0.5849999785423278,108,7,Wet,2021,2021-07,"{""type"":""MultiPoint"",""coordinates"":[]}"
VHI_M_2021-07_0000000000000000006c,0.574999988079071,109,7,Wet,2021,2021-07,"{""type"":""MultiPoint"",""coordinates"":[]}"
VHI_M_2021-07_0000000000000000006d,0.5950000286102295,110,7,Wet,2021,2021-07,"{""type"":""MultiPoint"",""coordinates"":[]}"
VHI_M_2021-07_0000000000000000006e,0.574999988079071,111,7,Wet,2021,2021-07,"{""type"":""MultiPoint"",""coordinates"":[]}"
VHI_M_2021-07_0000000000000000006f,0.5450000166893005,112,7,Wet,2021,2021-07,"{""type"":""MultiPoint"",""coordinates"":[]}"
VHI_M_2021-07_000000000000000000d6,0.28999999165534973,215,7,Wet,2021,2021-07,"{""type"":""MultiPoint"",""coordinates"":[]}"
VHI_M_2021-07_0000000000000000013b,0.4350000023841858,316,7,Wet,2021,2021-07,"{""type"":""MultiPoint"",""coordinates"":[]}"
VHI_M_2021-07_0000000000000000013c,0.4850000143051148,317,7,Wet,2021,2021-07,"{""type"":""MultiPoint"",""coordinates"":[]}"
VHI_M_2021-07_0000000000000000013d,0.38999998569488525,318,7,Wet,2021,2021-07,"{""type"":""MultiPoint"",""coordinates"":[]}"
VHI_M_2021-07_0000000000000000013e,0.4000000059604644,319,7,Wet,2021,2021-07,"{""type"":""MultiPoint"",""coordinates"":[]}"
VHI_M_2021-07_0000000000000000013f,0.46500000357627863,320,7,Wet,2021,2021-07,"{""type"":""MultiPoint"",""coordinates"":[]}"
VHI_M_2021-07_00000000000000000140,0.4650000035762787,321,7,Wet,2021,2021-07,"{""type"":""MultiPoint"",""coordinates"":[]}"
VHI_M_2021-07_000000000000000001bc,0.3849999904632569,445,7,Wet,2021,2021-07,"{""type"":""MultiPoint"",""coordinates"":[]}"
VHI_M_2021-07_000000000000000001bd,0.4250000119209289,446,7,Wet,2021,2021-07,"{""type"":""MultiPoint"",""coordinates"":[]}"
VHI_M_2021-07_000000000000000001be,0.4199999868869781,447,7,Wet,2021,2021-07,"{""type"":""MultiPoint"",""coordinates"":[]}"
VHI_M_2021-07_000000000000000001bf,0.5049999952316284,448,7,Wet,2021,2021-07,"{""type"":""MultiPoint"",""coordinates"":[]}"
VHI_M_2021-07_000000000000000001c0,0.375,449,7,Wet,2021,2021-07,"{""type"":""MultiPoint"",""coordinates"":[]}"
VHI_M_2021-07_00000000000000000006,0.5799999833106995,7,7,Wet,2021,2021-07,"{""type"":""MultiPoint"",""coordinates"":[]}"
VHI_M_2021-07_0000000000000000002c,0.5600000023841859,45,7,Wet,2021,2021-07,"{""type"":""MultiPoint"",""coordinates"":[]}"
VHI_M_2021-07_0000000000000000002d,0.5649999976158141,46,7,Wet,2021,2021-07,"{""type"":""MultiPoint"",""coordinates"":[]}"
VHI_M_2021-07_0000000000000000002e,0.649999976158142,47,7,Wet,2021,2021-07,"{""type"":""MultiPoint"",""coordinates"":[]}"
VHI_M_2021-07_0000000000000000002f,0.6100000143051146,48,7,Wet,2021,2021-07,"{""type"":""MultiPoint"",""coordinates"":[]}"
VHI_M_2021-07_0000000000000000009b,0.42500001192092884,156,7,Wet,2021,2021-07,"{""type"":""MultiPoint"",""coordinates"":[]}"
VHI_M_2021-07_0000000000000000009c,0.5249999761581421,157,7,Wet,2021,2021-07,"{""type"":""MultiPoint"",""coordinates"":[]}"
VHI_M_2021-07_0000000000000000009d,0.5899999737739563,158,7,Wet,2021,2021-07,"{""type"":""MultiPoint"",""coordinates"":[]}"
VHI_M_2021-07_000000000000000001b6,0.7499999999999999,439,7,Wet,2021,2021-07,"{""type"":""MultiPoint"",""coordinates"":[]}"
VHI_M_2021-07_000000000000000001b7,0.5400000214576722,440,7,Wet,2021,2021-07,"{""type"":""MultiPoint"",""coordinates"":[]}"
VHI_M_2021-07_000000000000000001b8,0.5699999928474426,441,7,Wet,2021,2021-07,"{""type"":""MultiPoint"",""coordinates"":[]}"
VHI_M_2021-07_000000000000000001b9,0.5350000262260438,442,7,Wet,2021,2021-07,"{""type"":""MultiPoint"",""coordinates"":[]}"
VHI_M_2021-07_000000000000000001ba,0.5600000023841857,443,7,Wet,2021,2021-07,"{""type"":""MultiPoint"",""coordinates"":[]}"
VHI_M_2021-07_000000000000000001bb,0.6899999976158142,444,7,Wet,2021,2021-07,"{""type"":""MultiPoint"",""coordinates"":[]}"
VHI_M_2021-07_00000000000000000221,0.38999998569488525,546,7,Wet,2021,2021-07,"{""type"":""MultiPoint"",""coordinates"":[]}"
VHI_M_2021-07_00000000000000000222,0.5049999952316284,547,7,Wet,2021,2021-07,"{""type"":""MultiPoint"",""coordinates"":[]}"
VHI_M_2021-07_00000000000000000223,0.5099999904632568,548,7,Wet,2021,2021-07,"{""type"":""MultiPoint"",""coordinates"":[]}"
VHI_M_2021-07_00000000000000000224,0.5350000262260437,549,7,Wet,2021,2021-07,"{""type"":""MultiPoint"",""coordinates"":[]}"
VHI_M_2021-07_00000000000000000225,0.425000011920929,550,7,Wet,2021,2021-07,"{""type"":""MultiPoint"",""coordinates"":[]}"
VHI_M_2021-07_00000000000000000053,0.4799999892711639,84,7,Wet,2021,2021-07,"{""type"":""MultiPoint"",""coordinates"":[]}"
VHI_M_2021-07_00000000000000000054,0.44999998807907116,85,7,Wet,2021,2021-07,"{""type"":""MultiPoint"",""coordinates"":[]}"
VHI_M_2021-07_00000000000000000055,0.4399999976158142,86,7,Wet,2021,2021-07,"{""type"":""MultiPoint"",""coordinates"":[]}"
VHI_M_2021-07_00000000000000000056,0.5249999761581421,87,7,Wet,2021,2021-07,"{""type"":""MultiPoint"",""coordinates"":[]}"
VHI_M_2021-07_00000000000000000057,0.5,88,7,Wet,2021,2021-07,"{""type"":""MultiPoint"",""coordinates"":[]}"
VHI_M_2021-07_000000000000000000de,0.550000011920929,223,7,Wet,2021,2021-07,"{""type"":""MultiPoint"",""coordinates"":[]}"
VHI_M_2021-07_000000000000000000df,0.5550000071525574,224,7,Wet,2021,2021-07,"{""type"":""MultiPoint"",""coordinates"":[]}"
VHI_M_2021-07_000000000000000000e0,0.5600000023841857,225,7,Wet,2021,2021-07,"{""type"":""MultiPoint"",""coordinates"":[]}"
VHI_M_2021-07_000000000000000000e1,0.5299999713897706,226,7,Wet,2021,2021-07,"{""type"":""MultiPoint"",""coordinates"":[]}"
VHI_M_2021-07_000000000000000000ff,0.4699999988079071,256,7,Wet,2021,2021-07,"{""type"":""MultiPoint"",""coordinates"":[]}"
VHI_M_2021-07_0000000000000000011c,0.49000000953674316,285,7,Wet,2021,2021-07,"{""type"":""MultiPoint"",""coordinates"":[]}"
VHI_M_2021-07_0000000000000000011d,0.4199999868869781,286,7,Wet,2021,2021-07,"{""type"":""MultiPoint"",""coordinates"":[]}"
VHI_M_2021-07_0000000000000000011e,0.5,287,7,Wet,2021,2021-07,"{""type"":""MultiPoint"",""coordinates"":[]}"
VHI_M_2021-07_0000000000000000011f,0.5099999904632568,288,7,Wet,2021,2021-07,"{""type"":""MultiPoint"",""coordinates"":[]}"
VHI_M_2021-07_000000000000000001c4,0.45500001311302185,453,7,Wet,2021,2021-07,"{""type"":""MultiPoint"",""coordinates"":[]}"
VHI_M_2021-07_000000000000000001c5,0.5350000262260437,454,7,Wet,2021,2021-07,"{""type"":""MultiPoint"",""coordinates"":[]}"
VHI_M_2021-07_000000000000000001c6,0.5649999976158142,455,7,Wet,2021,2021-07,"{""type"":""MultiPoint"",""coordinates"":[]}"
VHI_M_2021-07_00000000000000000003,0.44999998807907104,4,7,Wet,2021,2021-07,"{""type"":""MultiPoint"",""coordinates"":[]}"
VHI_M_2021-07_0000000000000000001b,0.5400000214576721,28,7,Wet,2021,2021-07,"{""type"":""MultiPoint"",""coordinates"":[]}"
VHI_M_2021-07_00000000000000000186,0.4399999976158142,391,7,Wet,2021,2021-07,"{""type"":""MultiPoint"",""coordinates"":[]}"
VHI_M_2021-07_00000000000000000187,0.25,392,7,Wet,2021,2021-07,"{""type"":""MultiPoint"",""coordinates"":[]}"
VHI_M_2021-07_00000000000000000188,0.30000001192092896,393,7,Wet,2021,2021-07,"{""type"":""MultiPoint"",""coordinates"":[]}"
VHI_M_2021-07_00000000000000000189,0.4199999868869781,394,7,Wet,2021,2021-07,"{""type"":""MultiPoint"",""coordinates"":[]}"
VHI_M_2021-07_0000000000000000018a,0.30000001192092896,395,7,Wet,2021,2021-07,"{""type"":""MultiPoint"",""coordinates"":[]}"
VHI_M_2021-07_0000000000000000018f,0.6100000143051147,400,7,Wet,2021,2021-07,"{""type"":""MultiPoint"",""coordinates"":[]}"
VHI_M_2021-07_00000000000000000190,0.4699999988079071,401,7,Wet,2021,2021-07,"{""type"":""MultiPoint"",""coordinates"":[]}"
VHI_M_2021-07_0000000000000000021e,0.38499999046325684,543,7,Wet,2021,2021-07,"{""type"":""MultiPoint"",""coordinates"":[]}"
VHI_M_2021-07_0000000000000000021f,0.3400000035762787,544,7,Wet,2021,2021-07,"{""type"":""MultiPoint"",""coordinates"":[]}"
VHI_M_2021-07_00000000000000000220,0.3899999856948853,545,7,Wet,2021,2021-07,"{""type"":""MultiPoint"",""coordinates"":[]}"
VHI_M_2021-07_00000000000000000007,0.4050000011920929,8,7,Wet,2021,2021-07,"{""type"":""MultiPoint"",""coordinates"":[]}"
VHI_M_2021-07_0000000000000000000b,0.36000001430511475,12,7,Wet,2021,2021-07,"{""type"":""MultiPoint"",""coordinates"":[]}"
VHI_M_2021-07_00000000000000000012,0.41499999165534973,19,7,Wet,2021,2021-07,"{""type"":""MultiPoint"",""coordinates"":[]}"
VHI_M_2021-07_00000000000000000013,0.36500000953674316,20,7,Wet,2021,2021-07,"{""type"":""MultiPoint"",""coordinates"":[]}"
VHI_M_2021-07_00000000000000000014,0.48500001430511475,21,7,Wet,2021,2021-07,"{""type"":""MultiPoint"",""coordinates"":[]}"
VHI_M_2021-07_00000000000000000015,0.4300000071525574,22,7,Wet,2021,2021-07,"{""type"":""MultiPoint"",""coordinates"":[]}"
VHI_M_2021-07_00000000000000000016,0.4000000059604645,23,7,Wet,2021,2021-07,"{""type"":""MultiPoint"",""coordinates"":[]}"
VHI_M_2021-07_00000000000000000183,0.35499998927116394,388,7,Wet,2021,2021-07,"{""type"":""MultiPoint"",""coordinates"":[]}"
VHI_M_2021-07_00000000000000000184,0.3050000071525573,389,7,Wet,2021,2021-07,"{""type"":""MultiPoint"",""coordinates"":[]}"
VHI_M_2021-07_00000000000000000185,0.3849999904632569,390,7,Wet,2021,2021-07,"{""type"":""MultiPoint"",""coordinates"":[]}"
VHI_M_2021-07_00000000000000000212,0.3799999952316284,531,7,Wet,2021,2021-07,"{""type"":""MultiPoint"",""coordinates"":[]}"
VHI_M_2021-07_00000000000000000213,0.479999989271164,532,7,Wet,2021,2021-07,"{""type"":""MultiPoint"",""coordinates"":[]}"
VHI_M_2021-07_00000000000000000214,0.46500000357627874,533,7,Wet,2021,2021-07,"{""type"":""MultiPoint"",""coordinates"":[]}"
VHI_M_2021-07_00000000000000000215,0.6750000119209292,534,7,Wet,2021,2021-07,"{""type"":""MultiPoint"",""coordinates"":[]}"
VHI_M_2021-07_0000000000000000005a,0.6150000095367432,91,7,Wet,2021,2021-07,"{""type"":""MultiPoint"",""coordinates"":[]}"
VHI_M_2021-07_00000000000000000118,0.7850000262260437,281,7,Wet,2021,2021-07,"{""type"":""MultiPoint"",""coordinates"":[]}"
VHI_M_2021-07_00000000000000000119,0.5649999976158142,282,7,Wet,2021,2021-07,"{""type"":""MultiPoint"",""coordinates"":[]}"
VHI_M_2021-07_0000000000000000011a,0.5199999809265136,283,7,Wet,2021,2021-07,"{""type"":""MultiPoint"",""coordinates"":[]}"
VHI_M_2021-07_0000000000000000011b,0.8650000095367432,284,7,Wet,2021,2021-07,"{""type"":""MultiPoint"",""coordinates"":[]}"
VHI_M_2021-07_00000000000000000141,0.5350000262260438,322,7,Wet,2021,2021-07,"{""type"":""MultiPoint"",""coordinates"":[]}"
VHI_M_2021-07_00000000000000000142,0.8100000023841859,323,7,Wet,2021,2021-07,"{""type"":""MultiPoint"",""coordinates"":[]}"
VHI_M_2021-07_00000000000000000143,0.6399999856948853,324,7,Wet,2021,2021-07,"{""type"":""MultiPoint"",""coordinates"":[]}"
VHI_M_2021-07_00000000000000000144,0.6150000095367432,325,7,Wet,2021,2021-07,"{""type"":""MultiPoint"",""coordinates"":[]}"
VHI_M_2021-07_00000000000000000145,0.8399999737739562,326,7,Wet,2021,2021-07,"{""type"":""MultiPoint"",""coordinates"":[]}"
VHI_M_2021-07_000000000000000001af,0.5,432,7,Wet,2021,2021-07,"{""type"":""MultiPoint"",""coordinates"":[]}"
VHI_M_2021-07_0000000000000000004b,0.4350000023841858,76,7,Wet,2021,2021-07,"{""type"":""MultiPoint"",""coordinates"":[]}"
VHI_M_2021-07_0000000000000000004c,0.45500001311302185,77,7,Wet,2021,2021-07,"{""type"":""MultiPoint"",""coordinates"":[]}"
VHI_M_2021-07_0000000000000000004d,0.5,78,7,Wet,2021,2021-07,"{""type"":""MultiPoint"",""coordinates"":[]}"
VHI_M_2021-07_0000000000000000004e,0.550000011920929,79,7,Wet,2021,2021-07,"{""type"":""MultiPoint"",""coordinates"":[]}"
VHI_M_2021-07_0000000000000000004f,0.574999988079071,80,7,Wet,2021,2021-07,"{""type"":""MultiPoint"",""coordinates"":[]}"
VHI_M_2021-07_00000000000000000050,0.5799999833106995,81,7,Wet,2021,2021-07,"{""type"":""MultiPoint"",""coordinates"":[]}"
VHI_M_2021-07_00000000000000000051,0.6299999952316284,82,7,Wet,2021,2021-07,"{""type"":""MultiPoint"",""coordinates"":[]}"
VHI_M_2021-07_00000000000000000052,0.5950000286102295,83,7,Wet,2021,2021-07,"{""type"":""MultiPoint"",""coordinates"":[]}"
VHI_M_2021-07_000000000000000000aa,0.5249999761581421,171,7,Wet,2021,2021-07,"{""type"":""MultiPoint"",""coordinates"":[]}"
VHI_M_2021-07_000000000000000000ab,0.5049999952316284,172,7,Wet,2021,2021-07,"{""type"":""MultiPoint"",""coordinates"":[]}"
VHI_M_2021-07_000000000000000000ac,0.48500001430511475,173,7,Wet,2021,2021-07,"{""type"":""MultiPoint"",""coordinates"":[]}"
VHI_M_2021-07_000000000000000000ad,0.5500000119209288,174,7,Wet,2021,2021-07,"{""type"":""MultiPoint"",""coordinates"":[]}"
VHI_M_2021-07_000000000000000000ae,0.6150000095367432,175,7,Wet,2021,2021-07,"{""type"":""MultiPoint"",""coordinates"":[]}"
VHI_M_2021-07_000000000000000000af,0.6050000190734863,176,7,Wet,2021,2021-07,"{""type"":""MultiPoint"",""coordinates"":[]}"
VHI_M_2021-07_000000000000000000b0,0.8650000095367432,177,7,Wet,2021,2021-07,"{""type"":""MultiPoint"",""coordinates"":[]}"
VHI_M_2021-07_000000000000000001c7,0.5350000262260437,456,7,Wet,2021,2021-07,"{""type"":""MultiPoint"",""coordinates"":[]}"
VHI_M_2021-07_000000000000000001c8,0.49000000953674305,457,7,Wet,2021,2021-07,"{""type"":""MultiPoint"",""coordinates"":[]}"
VHI_M_2021-07_000000000000000001c9,0.44499999284744257,458,7,Wet,2021,2021-07,"{""type"":""MultiPoint"",""coordinates"":[]}"
VHI_M_2021-07_000000000000000001ca,0.6150000095367432,459,7,Wet,2021,2021-07,"{""type"":""MultiPoint"",""coordinates"":[]}"
VHI_M_2021-07_0000000000000000020a,0.8949999809265137,523,7,Wet,2021,2021-07,"{""type"":""MultiPoint"",""coordinates"":[]}"
VHI_M_2021-07_0000000000000000020b,0.4900000095367433,524,7,Wet,2021,2021-07,"{""type"":""MultiPoint"",""coordinates"":[]}"
VHI_M_2021-07_0000000000000000020c,0.5450000166893006,525,7,Wet,2021,2021-07,"{""type"":""MultiPoint"",""coordinates"":[]}"
VHI_M_2021-07_000000000000000001ab,0.5299999713897705,428,7,Wet,2021,2021-07,"{""type"":""MultiPoint"",""coordinates"":[]}"
VHI_M_2021-07_000000000000000001ac,0.5,429,7,Wet,2021,2021-07,"{""type"":""MultiPoint"",""coordinates"":[]}"
VHI_M_2021-07_000000000000000001ad,0.5500000119209288,430,7,Wet,2021,2021-07,"{""type"":""MultiPoint"",""coordinates"":[]}"
VHI_M_2021-07_000000000000000001ae,0.5550000071525574,431,7,Wet,2021,2021-07,"{""type"":""MultiPoint"",""coordinates"":[]}"
VHI_M_2021-07_000000000000000001c3,0.5400000214576721,452,7,Wet,2021,2021-07,"{""type"":""MultiPoint"",""coordinates"":[]}"
VHI_M_2021-07_00000000000000000037,0.6100000143051147,56,7,Wet,2021,2021-07,"{""type"":""MultiPoint"",""coordinates"":[]}"
VHI_M_2021-07_00000000000000000038,0.574999988079071,57,7,Wet,2021,2021-07,"{""type"":""MultiPoint"",""coordinates"":[]}"
VHI_M_2021-07_00000000000000000039,0.675000011920929,58,7,Wet,2021,2021-07,"{""type"":""MultiPoint"",""coordinates"":[]}"
VHI_M_2021-07_0000000000000000003a,0.699999988079071,59,7,Wet,2021,2021-07,"{""type"":""MultiPoint"",""coordinates"":[]}"
VHI_M_2021-07_0000000000000000003b,0.5199999809265138,60,7,Wet,2021,2021-07,"{""type"":""MultiPoint"",""coordinates"":[]}"
VHI_M_2021-07_0000000000000000003c,0.5799999833106995,61,7,Wet,2021,2021-07,"{""type"":""MultiPoint"",""coordinates"":[]}"
VHI_M_2021-07_0000000000000000003d,0.6600000262260436,62,7,Wet,2021,2021-07,"{""type"":""MultiPoint"",""coordinates"":[]}"
VHI_M_2021-07_0000000000000000003e,0.5799999833106995,63,7,Wet,2021,2021-07,"{""type"":""MultiPoint"",""coordinates"":[]}"
VHI_M_2021-07_0000000000000000003f,0.6700000166893005,64,7,Wet,2021,2021-07,"{""type"":""MultiPoint"",""coordinates"":[]}"
VHI_M_2021-07_00000000000000000044,0.47999998927116394,69,7,Wet,2021,2021-07,"{""type"":""MultiPoint"",""coordinates"":[]}"
VHI_M_2021-07_00000000000000000076,0.4950000047683716,119,7,Wet,2021,2021-07,"{""type"":""MultiPoint"",""coordinates"":[]}"
VHI_M_2021-07_00000000000000000077,0.5249999761581421,120,7,Wet,2021,2021-07,"{""type"":""MultiPoint"",""coordinates"":[]}"
VHI_M_2021-07_00000000000000000078,0.5350000262260437,121,7,Wet,2021,2021-07,"{""type"":""MultiPoint"",""coordinates"":[]}"
VHI_M_2021-07_00000000000000000079,0.6150000095367432,122,7,Wet,2021,2021-07,"{""type"":""MultiPoint"",""coordinates"":[]}"
VHI_M_2021-07_0000000000000000008b,0.1850000023841858,140,7,Wet,2021,2021-07,"{""type"":""MultiPoint"",""coordinates"":[]}"
VHI_M_2021-07_0000000000000000008c,0.5950000286102294,141,7,Wet,2021,2021-07,"{""type"":""MultiPoint"",""coordinates"":[]}"
VHI_M_2021-07_0000000000000000008d,0.584999978542328,142,7,Wet,2021,2021-07,"{""type"":""MultiPoint"",""coordinates"":[]}"
VHI_M_2021-07_0000000000000000008e,0.5400000214576721,143,7,Wet,2021,2021-07,"{""type"":""MultiPoint"",""coordinates"":[]}"
VHI_M_2021-07_0000000000000000008f,0.5699999928474426,144,7,Wet,2021,2021-07,"{""type"":""MultiPoint"",""coordinates"":[]}"
VHI_M_2021-07_00000000000000000090,0.5199999809265138,145,7,Wet,2021,2021-07,"{""type"":""MultiPoint"",""coordinates"":[]}"
VHI_M_2021-07_00000000000000000091,0.5249999761581421,146,7,Wet,2021,2021-07,"{""type"":""MultiPoint"",""coordinates"":[]}"
VHI_M_2021-07_000000000000000000b5,0.5350000262260437,182,7,Wet,2021,2021-07,"{""type"":""MultiPoint"",""coordinates"":[]}"
VHI_M_2021-07_000000000000000000cc,0.5049999952316284,205,7,Wet,2021,2021-07,"{""type"":""MultiPoint"",""coordinates"":[]}"
VHI_M_2021-07_000000000000000000cd,0.550000011920929,206,7,Wet,2021,2021-07,"{""type"":""MultiPoint"",""coordinates"":[]}"
VHI_M_2021-07_000000000000000001dd,0.5450000166893005,478,7,Wet,2021,2021-07,"{""type"":""MultiPoint"",""coordinates"":[]}"
VHI_M_2021-07_000000000000000001de,0.6100000143051147,479,7,Wet,2021,2021-07,"{""type"":""MultiPoint"",""coordinates"":[]}"
VHI_M_2021-07_000000000000000001df,0.49000000953674316,480,7,Wet,2021,2021-07,"{""type"":""MultiPoint"",""coordinates"":[]}"
VHI_M_2021-07_000000000000000001e0,0.6150000095367432,481,7,Wet,2021,2021-07,"{""type"":""MultiPoint"",""coordinates"":[]}"
VHI_M_2021-07_000000000000000001e1,0.6299999952316284,482,7,Wet,2021,2021-07,"{""type"":""MultiPoint"",""coordinates"":[]}"
VHI_M_2021-07_0000000000000000007a,0.5950000286102295,123,7,Wet,2021,2021-07,"{""type"":""MultiPoint"",""coordinates"":[]}"
VHI_M_2021-07_0000000000000000007b,0.6000000238418579,124,7,Wet,2021,2021-07,"{""type"":""MultiPoint"",""coordinates"":[]}"
VHI_M_2021-07_0000000000000000007c,0.5249999761581421,125,7,Wet,2021,2021-07,"{""type"":""MultiPoint"",""coordinates"":[]}"
VHI_M_2021-07_0000000000000000007d,0.5799999833106996,126,7,Wet,2021,2021-07,"{""type"":""MultiPoint"",""coordinates"":[]}"
VHI_M_2021-07_0000000000000000007e,0.5099999904632568,127,7,Wet,2021,2021-07,"{""type"":""MultiPoint"",""coordinates"":[]}"
VHI_M_2021-07_0000000000000000007f,0.4099999964237212,128,7,Wet,2021,2021-07,"{""type"":""MultiPoint"",""coordinates"":[]}"
VHI_M_2021-07_00000000000000000080,0.5649999976158142,129,7,Wet,2021,2021-07,"{""type"":""MultiPoint"",""coordinates"":[]}"
VHI_M_2021-07_00000000000000000088,0.600000023841858,137,7,Wet,2021,2021-07,"{""type"":""MultiPoint"",""coordinates"":[]}"
VHI_M_2021-07_00000000000000000089,0.6600000262260436,138,7,Wet,2021,2021-07,"{""type"":""MultiPoint"",""coordinates"":[]}"
VHI_M_2021-07_0000000000000000008a,0.5950000286102296,139,7,Wet,2021,2021-07,"{""type"":""MultiPoint"",""coordinates"":[]}"
VHI_M_2021-07_00000000000000000099,0.5199999809265137,154,7,Wet,2021,2021-07,"{""type"":""MultiPoint"",""coordinates"":[]}"
VHI_M_2021-07_0000000000000000009a,0.5849999785423279,155,7,Wet,2021,2021-07,"{""type"":""MultiPoint"",""coordinates"":[]}"
VHI_M_2021-07_00000000000000000112,0.7400000095367432,275,7,Wet,2021,2021-07,"{""type"":""MultiPoint"",""coordinates"":[]}"
VHI_M_2021-07_000000000000000001d8,0.4449999928474426,473,7,Wet,2021,2021-07,"{""type"":""MultiPoint"",""coordinates"":[]}"
VHI_M_2021-07_00000000000000000001,0.3700000047683716,2,7,Wet,2021,2021-07,"{""type"":""MultiPoint"",""coordinates"":[]}"
VHI_M_2021-07_00000000000000000030,0.33500000834465027,49,7,Wet,2021,2021-07,"{""type"":""MultiPoint"",""coordinates"":[]}"
VHI_M_2021-07_00000000000000000031,0.43500000238418574,50,7,Wet,2021,2021-07,"{""type"":""MultiPoint"",""coordinates"":[]}"
VHI_M_2021-07_00000000000000000032,0.5299999713897705,51,7,Wet,2021,2021-07,"{""type"":""MultiPoint"",""coordinates"":[]}"
VHI_M_2021-07_000000000000000000d7,0.4900000095367431,216,7,Wet,2021,2021-07,"{""type"":""MultiPoint"",""coordinates"":[]}"
VHI_M_2021-07_000000000000000000d8,0.4850000143051147,217,7,Wet,2021,2021-07,"{""type"":""MultiPoint"",""coordinates"":[]}"
VHI_M_2021-07_000000000000000000d9,0.550000011920929,218,7,Wet,2021,2021-07,"{""type"":""MultiPoint"",""coordinates"":[]}"
VHI_M_2021-07_000000000000000000da,0.46000000834465027,219,7,Wet,2021,2021-07,"{""type"":""MultiPoint"",""coordinates"":[]}"
VHI_M_2021-07_00000000000000000132,0.20000000298023224,307,7,Wet,2021,2021-07,"{""type"":""MultiPoint"",""coordinates"":[]}"
VHI_M_2021-07_00000000000000000133,0.41999998688697815,308,7,Wet,2021,2021-07,"{""type"":""MultiPoint"",""coordinates"":[]}"
VHI_M_2021-07_00000000000000000134,0.22499999403953552,309,7,Wet,2021,2021-07,"{""type"":""MultiPoint"",""coordinates"":[]}"
VHI_M_2021-07_00000000000000000135,0.38999998569488525,310,7,Wet,2021,2021-07,"{""type"":""MultiPoint"",""coordinates"":[]}"
VHI_M_2021-07_0000000000000000001f,0.4850000143051148,32,7,Wet,2021,2021-07,"{""type"":""MultiPoint"",""coordinates"":[]}"
VHI_M_2021-07_00000000000000000020,0.49000000953674316,33,7,Wet,2021,2021-07,"{""type"":""MultiPoint"",""coordinates"":[]}"
VHI_M_2021-07_00000000000000000021,0.5,34,7,Wet,2021,2021-07,"{""type"":""MultiPoint"",""coordinates"":[]}"
VHI_M_2021-07_00000000000000000045,0.4350000023841858,70,7,Wet,2021,2021-07,"{""type"":""MultiPoint"",""coordinates"":[]}"
VHI_M_2021-07_00000000000000000046,0.5299999713897705,71,7,Wet,2021,2021-07,"{""type"":""MultiPoint"",""coordinates"":[]}"
VHI_M_2021-07_00000000000000000047,0.5,72,7,Wet,2021,2021-07,"{""type"":""MultiPoint"",""coordinates"":[]}"
VHI_M_2021-07_00000000000000000048,0.34000000357627863,73,7,Wet,2021,2021-07,"{""type"":""MultiPoint"",""coordinates"":[]}"
VHI_M_2021-07_00000000000000000072,0.4050000011920929,115,7,Wet,2021,2021-07,"{""type"":""MultiPoint"",""coordinates"":[]}"
VHI_M_2021-07_00000000000000000073,0.6999999880790709,116,7,Wet,2021,2021-07,"{""type"":""MultiPoint"",""coordinates"":[]}"
VHI_M_2021-07_00000000000000000074,0.5049999952316284,117,7,Wet,2021,2021-07,"{""type"":""MultiPoint"",""coordinates"":[]}"
VHI_M_2021-07_00000000000000000075,0.306954510241686,118,7,Wet,2021,2021-07,"{""type"":""MultiPoint"",""coordinates"":[]}"
VHI_M_2021-07_000000000000000000b4,0.3799999952316284,181,7,Wet,2021,2021-07,"{""type"":""MultiPoint"",""coordinates"":[]}"
VHI_M_2021-07_000000000000000000e8,0.6349999904632568,233,7,Wet,2021,2021-07,"{""type"":""MultiPoint"",""coordinates"":[]}"
VHI_M_2021-07_000000000000000000e9,0.46999999880790716,234,7,Wet,2021,2021-07,"{""type"":""MultiPoint"",""coordinates"":[]}"
VHI_M_2021-07_000000000000000000ea,0.3449999988079071,235,7,Wet,2021,2021-07,"{""type"":""MultiPoint"",""coordinates"":[]}"
VHI_M_2021-07_00000000000000000022,0.5249999761581421,35,7,Wet,2021,2021-07,"{""type"":""MultiPoint"",""coordinates"":[]}"
VHI_M_2021-07_00000000000000000023,0.43999999761581426,36,7,Wet,2021,2021-07,"{""type"":""MultiPoint"",""coordinates"":[]}"
VHI_M_2021-07_00000000000000000024,0.5199999809265137,37,7,Wet,2021,2021-07,"{""type"":""MultiPoint"",""coordinates"":[]}"
VHI_M_2021-07_00000000000000000025,0.43500000238418585,38,7,Wet,2021,2021-07,"{""type"":""MultiPoint"",""coordinates"":[]}"
VHI_M_2021-07_000000000000000000f0,0.44999998807907104,241,7,Wet,2021,2021-07,"{""type"":""MultiPoint"",""coordinates"":[]}"
VHI_M_2021-07_000000000000000000f4,0.4250000119209289,245,7,Wet,2021,2021-07,"{""type"":""MultiPoint"",""coordinates"":[]}"
VHI_M_2021-07_000000000000000000f5,0.5099999904632568,246,7,Wet,2021,2021-07,"{""type"":""MultiPoint"",""coordinates"":[]}"
VHI_M_2021-07_000000000000000000f6,0.6449999809265137,247,7,Wet,2021,2021-07,"{""type"":""MultiPoint"",""coordinates"":[]}"
VHI_M_2021-07_000000000000000000f7,0.4600000083446502,248,7,Wet,2021,2021-07,"{""type"":""MultiPoint"",""coordinates"":[]}"
VHI_M_2021-07_000000000000000000f8,0.41999998688697815,249,7,Wet,2021,2021-07,"{""type"":""MultiPoint"",""coordinates"":[]}"
VHI_M_2021-07_00000000000000000000,0.6200000047683715,1,7,Wet,2021,2021-07,"{""type"":""MultiPoint"",""coordinates"":[]}"
VHI_M_2021-07_000000000000000000f2,0.4050000011920929,243,7,Wet,2021,2021-07,"{""type"":""MultiPoint"",""coordinates"":[]}"
VHI_M_2021-07_000000000000000000f3,0.5649999976158143,244,7,Wet,2021,2021-07,"{""type"":""MultiPoint"",""coordinates"":[]}"
VHI_M_2021-07_00000000000000000106,0.4950000047683716,263,7,Wet,2021,2021-07,"{""type"":""MultiPoint"",""coordinates"":[]}"
VHI_M_2021-07_00000000000000000107,0.6050000190734863,264,7,Wet,2021,2021-07,"{""type"":""MultiPoint"",""coordinates"":[]}"
VHI_M_2021-07_00000000000000000108,0.4600000083446502,265,7,Wet,2021,2021-07,"{""type"":""MultiPoint"",""coordinates"":[]}"
VHI_M_2021-07_0000000000000000012c,0.6050000190734864,301,7,Wet,2021,2021-07,"{""type"":""MultiPoint"",""coordinates"":[]}"
VHI_M_2021-07_0000000000000000012d,0.5299999713897704,302,7,Wet,2021,2021-07,"{""type"":""MultiPoint"",""coordinates"":[]}"
VHI_M_2021-07_0000000000000000012e,0.6150000095367433,303,7,Wet,2021,2021-07,"{""type"":""MultiPoint"",""coordinates"":[]}"
VHI_M_2021-07_000000000000000000a5,0.5350000262260438,166,7,Wet,2021,2021-07,"{""type"":""MultiPoint"",""coordinates"":[]}"
VHI_M_2021-07_000000000000000000a6,0.4600000083446502,167,7,Wet,2021,2021-07,"{""type"":""MultiPoint"",""coordinates"":[]}"
VHI_M_2021-07_000000000000000000c1,0.4000000059604645,194,7,Wet,2021,2021-07,"{""type"":""MultiPoint"",""coordinates"":[]}"
VHI_M_2021-07_00000000000000000120,0.2849999964237213,289,7,Wet,2021,2021-07,"{""type"":""MultiPoint"",""coordinates"":[]}"
VHI_M_2021-07_000000000000000001d9,0.3600000143051148,474,7,Wet,2021,2021-07,"{""type"":""MultiPoint"",""coordinates"":[]}"
VHI_M_2021-07_000000000000000001da,0.3300000131130219,475,7,Wet,2021,2021-07,"{""type"":""MultiPoint"",""coordinates"":[]}"
VHI_M_2021-07_000000000000000001db,0.4149999916553497,476,7,Wet,2021,2021-07,"{""type"":""MultiPoint"",""coordinates"":[]}"
VHI_M_2021-07_000000000000000001dc,0.4050000011920929,477,7,Wet,2021,2021-07,"{""type"":""MultiPoint"",""coordinates"":[]}"
VHI_M_2021-07_000000000000000001e2,0.4050000011920929,483,7,Wet,2021,2021-07,"{""type"":""MultiPoint"",""coordinates"":[]}"
VHI_M_2021-07_000000000000000001e3,0.49000000953674316,484,7,Wet,2021,2021-07,"{""type"":""MultiPoint"",""coordinates"":[]}"
VHI_M_2021-07_000000000000000001e4,0.38499999046325684,485,7,Wet,2021,2021-07,"{""type"":""MultiPoint"",""coordinates"":[]}"
VHI_M_2021-07_000000000000000001e5,0.2849999964237213,486,7,Wet,2021,2021-07,"{""type"":""MultiPoint"",""coordinates"":[]}"
VHI_M_2021-07_000000000000000001e6,0.49000000953674316,487,7,Wet,2021,2021-07,"{""type"":""MultiPoint"",""coordinates"":[]}"
VHI_M_2021-07_000000000000000001e7,0.3199999928474426,488,7,Wet,2021,2021-07,"{""type"":""MultiPoint"",""coordinates"":[]}"
VHI_M_2021-07_000000000000000001e8,0.550000011920929,489,7,Wet,2021,2021-07,"{""type"":""MultiPoint"",""coordinates"":[]}"
VHI_M_2021-07_000000000000000001e9,0.42500001192092896,490,7,Wet,2021,2021-07,"{""type"":""MultiPoint"",""coordinates"":[]}"
VHI_M_2021-07_000000000000000000e2,0.5550000071525574,227,7,Wet,2021,2021-07,"{""type"":""MultiPoint"",""coordinates"":[]}"
VHI_M_2021-07_000000000000000000e3,0.524999976158142,228,7,Wet,2021,2021-07,"{""type"":""MultiPoint"",""coordinates"":[]}"
VHI_M_2021-07_000000000000000000e4,0.7149999737739563,229,7,Wet,2021,2021-07,"{""type"":""MultiPoint"",""coordinates"":[]}"
VHI_M_2021-07_000000000000000000e5,0.7350000143051146,230,7,Wet,2021,2021-07,"{""type"":""MultiPoint"",""coordinates"":[]}"
VHI_M_2021-07_000000000000000000e6,0.5350000262260437,231,7,Wet,2021,2021-07,"{""type"":""MultiPoint"",""coordinates"":[]}"
VHI_M_2021-07_000000000000000000e7,0.5249999761581421,232,7,Wet,2021,2021-07,"{""type"":""MultiPoint"",""coordinates"":[]}"
VHI_M_2021-07_0000000000000000017f,0.5199999809265137,384,7,Wet,2021,2021-07,"{""type"":""MultiPoint"",""coordinates"":[]}"
VHI_M_2021-07_00000000000000000180,0.4950000047683716,385,7,Wet,2021,2021-07,"{""type"":""MultiPoint"",""coordinates"":[]}"
VHI_M_2021-07_00000000000000000203,0.46000000834465027,516,7,Wet,2021,2021-07,"{""type"":""MultiPoint"",""coordinates"":[]}"
VHI_M_2021-07_00000000000000000204,0.49000000953674316,517,7,Wet,2021,2021-07,"{""type"":""MultiPoint"",""coordinates"":[]}"
VHI_M_2021-07_00000000000000000205,0.6399999856948854,518,7,Wet,2021,2021-07,"{""type"":""MultiPoint"",""coordinates"":[]}"
VHI_M_2021-07_00000000000000000206,0.5950000286102294,519,7,Wet,2021,2021-07,"{""type"":""MultiPoint"",""coordinates"":[]}"
VHI_M_2021-07_00000000000000000207,0.5400000214576721,520,7,Wet,2021,2021-07,"{""type"":""MultiPoint"",""coordinates"":[]}"
VHI_M_2021-07_00000000000000000208,0.5099999904632568,521,7,Wet,2021,2021-07,"{""type"":""MultiPoint"",""coordinates"":[]}"
VHI_M_2021-07_00000000000000000209,0.4699999988079071,522,7,Wet,2021,2021-07,"{""type"":""MultiPoint"",""coordinates"":[]}"
VHI_M_2021-07_0000000000000000000e,0.7300000190734863,15,7,Wet,2021,2021-07,"{""type"":""MultiPoint"",""coordinates"":[]}"
VHI_M_2021-07_00000000000000000124,0.5649999976158142,293,7,Wet,2021,2021-07,"{""type"":""MultiPoint"",""coordinates"":[]}"
VHI_M_2021-07_00000000000000000125,0.5350000262260437,294,7,Wet,2021,2021-07,"{""type"":""MultiPoint"",""coordinates"":[]}"
VHI_M_2021-07_00000000000000000126,0.5,295,7,Wet,2021,2021-07,"{""type"":""MultiPoint"",""coordinates"":[]}"
VHI_M_2021-07_00000000000000000127,0.6800000071525574,296,7,Wet,2021,2021-07,"{""type"":""MultiPoint"",""coordinates"":[]}"
VHI_M_2021-07_00000000000000000128,0.4399999976158142,297,7,Wet,2021,2021-07,"{""type"":""MultiPoint"",""coordinates"":[]}"
VHI_M_2021-07_00000000000000000129,0.5350000262260437,298,7,Wet,2021,2021-07,"{""type"":""MultiPoint"",""coordinates"":[]}"
VHI_M_2021-07_0000000000000000012a,0.4900000095367432,299,7,Wet,2021,2021-07,"{""type"":""MultiPoint"",""coordinates"":[]}"
VHI_M_2021-07_0000000000000000012b,0.5649999976158142,300,7,Wet,2021,2021-07,"{""type"":""MultiPoint"",""coordinates"":[]}"
VHI_M_2021-07_00000000000000000174,0.5550000071525573,373,7,Wet,2021,2021-07,"{""type"":""MultiPoint"",""coordinates"":[]}"
VHI_M_2021-07_00000000000000000175,0.4749999940395356,374,7,Wet,2021,2021-07,"{""type"":""MultiPoint"",""coordinates"":[]}"
VHI_M_2021-07_00000000000000000176,0.5950000286102295,375,7,Wet,2021,2021-07,"{""type"":""MultiPoint"",""coordinates"":[]}"
VHI_M_2021-07_00000000000000000177,0.6150000095367433,376,7,Wet,2021,2021-07,"{""type"":""MultiPoint"",""coordinates"":[]}"
VHI_M_2021-07_00000000000000000195,0.7149999737739562,406,7,Wet,2021,2021-07,"{""type"":""MultiPoint"",""coordinates"":[]}"
VHI_M_2021-07_00000000000000000196,0.6349999904632568,407,7,Wet,2021,2021-07,"{""type"":""MultiPoint"",""coordinates"":[]}"
VHI_M_2021-07_00000000000000000197,0.7099999785423279,408,7,Wet,2021,2021-07,"{""type"":""MultiPoint"",""coordinates"":[]}"
VHI_M_2021-07_00000000000000000198,0.7149999737739564,409,7,Wet,2021,2021-07,"{""type"":""MultiPoint"",""coordinates"":[]}"
VHI_M_2021-07_00000000000000000199,0.6499999761581421,410,7,Wet,2021,2021-07,"{""type"":""MultiPoint"",""coordinates"":[]}"
VHI_M_2021-07_00000000000000000035,0.5,54,7,Wet,2021,2021-07,"{""type"":""MultiPoint"",""coordinates"":[]}"
VHI_M_2021-07_000000000000000000ce,0.7500000000000001,207,7,Wet,2021,2021-07,"{""type"":""MultiPoint"",""coordinates"":[]}"
VHI_M_2021-07_000000000000000000cf,0.6800000071525574,208,7,Wet,2021,2021-07,"{""type"":""MultiPoint"",""coordinates"":[]}"
VHI_M_2021-07_000000000000000000d0,0.7400000095367432,209,7,Wet,2021,2021-07,"{""type"":""MultiPoint"",""coordinates"":[]}"
VHI_M_2021-07_000000000000000000d1,0.6150000095367432,210,7,Wet,2021,2021-07,"{""type"":""MultiPoint"",""coordinates"":[]}"
VHI_M_2021-07_000000000000000001ea,0.6700000166893004,491,7,Wet,2021,2021-07,"{""type"":""MultiPoint"",""coordinates"":[]}"
VHI_M_2021-07_000000000000000001eb,0.6449999809265139,492,7,Wet,2021,2021-07,"{""type"":""MultiPoint"",""coordinates"":[]}"
VHI_M_2021-07_000000000000000001ec,0.6499999761581422,493,7,Wet,2021,2021-07,"{""type"":""MultiPoint"",""coordinates"":[]}"
VHI_M_2021-07_000000000000000001ed,0.7049999833106995,494,7,Wet,2021,2021-07,"{""type"":""MultiPoint"",""coordinates"":[]}"
VHI_M_2021-07_000000000000000001f4,0.6349999904632568,501,7,Wet,2021,2021-07,"{""type"":""MultiPoint"",""coordinates"":[]}"
VHI_M_2021-07_000000000000000001f5,0.5299999713897705,502,7,Wet,2021,2021-07,"{""type"":""MultiPoint"",""coordinates"":[]}"
VHI_M_2021-07_000000000000000001f6,0.6249999999999999,503,7,Wet,2021,2021-07,"{""type"":""MultiPoint"",""coordinates"":[]}"
VHI_M_2021-07_000000000000000001f7,0.6000000238418579,504,7,Wet,2021,2021-07,"{""type"":""MultiPoint"",""coordinates"":[]}"
VHI_M_2021-07_000000000000000001f8,0.6150000095367432,505,7,Wet,2021,2021-07,"{""type"":""MultiPoint"",""coordinates"":[]}"
VHI_M_2021-07_000000000000000001f9,0.6750000119209288,506,7,Wet,2021,2021-07,"{""type"":""MultiPoint"",""coordinates"":[]}"
VHI_M_2021-07_000000000000000001fa,0.5699999928474426,507,7,Wet,2021,2021-07,"{""type"":""MultiPoint"",""coordinates"":[]}"
VHI_M_2021-07_000000000000000001fb,0.6100000143051147,508,7,Wet,2021,2021-07,"{""type"":""MultiPoint"",""coordinates"":[]}"
VHI_M_2021-07_000000000000000001fc,0.5899999737739563,509,7,Wet,2021,2021-07,"{""type"":""MultiPoint"",""coordinates"":[]}"
VHI_M_2021-07_000000000000000001fd,0.6250000000000001,510,7,Wet,2021,2021-07,"{""type"":""MultiPoint"",""coordinates"":[]}"
VHI_M_2021-07_00000000000000000049,0.6399999856948853,74,7,Wet,2021,2021-07,"{""type"":""MultiPoint"",""coordinates"":[]}"
VHI_M_2021-07_0000000000000000004a,0.6150000095367432,75,7,Wet,2021,2021-07,"{""type"":""MultiPoint"",""coordinates"":[]}"
VHI_M_2021-07_000000000000000000fd,0.6449999809265137,254,7,Wet,2021,2021-07,"{""type"":""MultiPoint"",""coordinates"":[]}"
VHI_M_2021-07_000000000000000000fe,0.625,255,7,Wet,2021,2021-07,"{""type"":""MultiPoint"",""coordinates"":[]}"
VHI_M_2021-07_00000000000000000191,0.39500001072883606,402,7,Wet,2021,2021-07,"{""type"":""MultiPoint"",""coordinates"":[]}"
VHI_M_2021-07_0000000000000000016e,0.5149999856948851,367,7,Wet,2021,2021-07,"{""type"":""MultiPoint"",""coordinates"":[]}"
VHI_M_2021-07_0000000000000000016f,0.509999990463257,368,7,Wet,2021,2021-07,"{""type"":""MultiPoint"",""coordinates"":[]}"
VHI_M_2021-07_00000000000000000170,0.5350000262260437,369,7,Wet,2021,2021-07,"{""type"":""MultiPoint"",""coordinates"":[]}"
VHI_M_2021-07_00000000000000000181,0.6299999952316284,386,7,Wet,2021,2021-07,"{""type"":""MultiPoint"",""coordinates"":[]}"
VHI_M_2021-07_00000000000000000182,0.6549999713897705,387,7,Wet,2021,2021-07,"{""type"":""MultiPoint"",""coordinates"":[]}"
VHI_M_2021-07_00000000000000000228,0.5199999809265137,553,7,Wet,2021,2021-07,"{""type"":""MultiPoint"",""coordinates"":[]}"
VHI_M_2021-08_00000000000000000017,0.36000001430511475,24,8,Wet,2021,2021-08,"{""type"":""MultiPoint"",""coordinates"":[]}"
VHI_M_2021-08_00000000000000000018,0.29499998688697815,25,8,Wet,2021,2021-08,"{""type"":""MultiPoint"",""coordinates"":[]}"
VHI_M_2021-08_00000000000000000019,0.33000001311302185,26,8,Wet,2021,2021-08,"{""type"":""MultiPoint"",""coordinates"":[]}"
VHI_M_2021-08_0000000000000000001a,0.29499998688697815,27,8,Wet,2021,2021-08,"{""type"":""MultiPoint"",""coordinates"":[]}"
VHI_M_2021-08_0000000000000000005b,0.5450000166893005,92,8,Wet,2021,2021-08,"{""type"":""MultiPoint"",""coordinates"":[]}"
VHI_M_2021-08_0000000000000000005c,0.33000001311302185,93,8,Wet,2021,2021-08,"{""type"":""MultiPoint"",""coordinates"":[]}"
VHI_M_2021-08_0000000000000000005d,,94,8,Wet,2021,2021-08,"{""type"":""MultiPoint"",""coordinates"":[]}"
VHI_M_2021-08_0000000000000000005e,0.33500000834465027,95,8,Wet,2021,2021-08,"{""type"":""MultiPoint"",""coordinates"":[]}"
VHI_M_2021-08_0000000000000000005f,0.4449999928474426,96,8,Wet,2021,2021-08,"{""type"":""MultiPoint"",""coordinates"":[]}"
VHI_M_2021-08_000000000000000000b6,0.5149999856948853,183,8,Wet,2021,2021-08,"{""type"":""MultiPoint"",""coordinates"":[]}"
VHI_M_2021-08_000000000000000000b7,0.6200000047683716,184,8,Wet,2021,2021-08,"{""type"":""MultiPoint"",""coordinates"":[]}"
VHI_M_2021-08_000000000000000000b8,0.375,185,8,Wet,2021,2021-08,"{""type"":""MultiPoint"",""coordinates"":[]}"
VHI_M_2021-08_000000000000000000b9,0.4749999940395355,186,8,Wet,2021,2021-08,"{""type"":""MultiPoint"",""coordinates"":[]}"
VHI_M_2021-08_000000000000000000ba,0.5149999856948853,187,8,Wet,2021,2021-08,"{""type"":""MultiPoint"",""coordinates"":[]}"
VHI_M_2021-08_000000000000000000bb,0.41499999165534973,188,8,Wet,2021,2021-08,"{""type"":""MultiPoint"",""coordinates"":[]}"
VHI_M_2021-08_000000000000000001a0,0.6850000023841858,417,8,Wet,2021,2021-08,"{""type"":""MultiPoint"",""coordinates"":[]}"
VHI_M_2021-08_000000000000000001a1,0.5649999976158142,418,8,Wet,2021,2021-08,"{""type"":""MultiPoint"",""coordinates"":[]}"
VHI_M_2021-08_000000000000000001a2,0.6549999713897705,419,8,Wet,2021,2021-08,"{""type"":""MultiPoint"",""coordinates"":[]}"
VHI_M_2021-08_000000000000000001a3,0.5400000214576721,420,8,Wet,2021,2021-08,"{""type"":""MultiPoint"",""coordinates"":[]}"
VHI_M_2021-08_000000000000000001cb,0.38999998569488525,460,8,Wet,2021,2021-08,"{""type"":""MultiPoint"",""coordinates"":[]}"
VHI_M_2021-08_000000000000000001cc,0.5600000023841858,461,8,Wet,2021,2021-08,"{""type"":""MultiPoint"",""coordinates"":[]}"
VHI_M_2021-08_0000000000000000021b,0.5099999904632568,540,8,Wet,2021,2021-08,"{""type"":""MultiPoint"",""coordinates"":[]}"
VHI_M_2021-08_0000000000000000021c,0.5199999809265137,541,8,Wet,2021,2021-08,"{""type"":""MultiPoint"",""coordinates"":[]}"
VHI_M_2021-08_0000000000000000021d,0.625,542,8,Wet,2021,2021-08,"{""type"":""MultiPoint"",""coordinates"":[]}"
VHI_M_2021-08_000000000000000000bf,0.4449999928474426,192,8,Wet,2021,2021-08,"{""type"":""MultiPoint"",""coordinates"":[]}"
VHI_M_2021-08_000000000000000000c0,0.4050000011920929,193,8,Wet,2021,2021-08,"{""type"":""MultiPoint"",""coordinates"":[]}"
VHI_M_2021-08_0000000000000000010a,0.47999998927116394,267,8,Wet,2021,2021-08,"{""type"":""MultiPoint"",""coordinates"":[]}"
VHI_M_2021-08_0000000000000000010b,0.574999988079071,268,8,Wet,2021,2021-08,"{""type"":""MultiPoint"",""coordinates"":[]}"
VHI_M_2021-08_00000000000000000226,0.574999988079071,551,8,Wet,2021,2021-08,"{""type"":""MultiPoint"",""coordinates"":[]}"
VHI_M_2021-08_00000000000000000227,0.6150000095367432,552,8,Wet,2021,2021-08,"{""type"":""MultiPoint"",""coordinates"":[]}"
VHI_M_2021-08_000000000000000001a4,0.47999998927116394,421,8,Wet,2021,2021-08,"{""type"":""MultiPoint"",""coordinates"":[]}"
VHI_M_2021-08_000000000000000001a5,0.5649999976158142,422,8,Wet,2021,2021-08,"{""type"":""MultiPoint"",""coordinates"":[]}"
VHI_M_2021-08_000000000000000001a6,0.4699999988079071,423,8,Wet,2021,2021-08,"{""type"":""MultiPoint"",""coordinates"":[]}"
VHI_M_2021-08_000000000000000001a7,0.49000000953674316,424,8,Wet,2021,2021-08,"{""type"":""MultiPoint"",""coordinates"":[]}"
VHI_M_2021-08_000000000000000001a8,0.5849999785423279,425,8,Wet,2021,2021-08,"{""type"":""MultiPoint"",""coordinates"":[]}"
VHI_M_2021-08_000000000000000001a9,0.49000000953674316,426,8,Wet,2021,2021-08,"{""type"":""MultiPoint"",""coordinates"":[]}"
VHI_M_2021-08_000000000000000001aa,0.5099999904632568,427,8,Wet,2021,2021-08,"{""type"":""MultiPoint"",""coordinates"":[]}"
VHI_M_2021-08_000000000000000001fe,0.5699999928474426,511,8,Wet,2021,2021-08,"{""type"":""MultiPoint"",""coordinates"":[]}"
VHI_M_2021-08_000000000000000001ff,0.3499999940395355,512,8,Wet,2021,2021-08,"{""type"":""MultiPoint"",""coordinates"":[]}"
VHI_M_2021-08_00000000000000000200,0.6499999761581421,513,8,Wet,2021,2021-08,"{""type"":""MultiPoint"",""coordinates"":[]}"
VHI_M_2021-08_00000000000000000201,0.5199999809265137,514,8,Wet,2021,2021-08,"{""type"":""MultiPoint"",""coordinates"":[]}"
VHI_M_2021-08_00000000000000000202,0.6050000190734863,515,8,Wet,2021,2021-08,"{""type"":""MultiPoint"",""coordinates"":[]}"
VHI_M_2021-08_00000000000000000002,0.41999998688697815,3,8,Wet,2021,2021-08,"{""type"":""MultiPoint"",""coordinates"":[]}"
VHI_M_2021-08_0000000000000000000d,0.48500001430511475,14,8,Wet,2021,2021-08,"{""type"":""MultiPoint"",""coordinates"":[]}"
VHI_M_2021-08_00000000000000000027,0.46000000834465027,40,8,Wet,2021,2021-08,"{""type"":""MultiPoint"",""coordinates"":[]}"
VHI_M_2021-08_00000000000000000070,0.41999998688697815,113,8,Wet,2021,2021-08,"{""type"":""MultiPoint"",""coordinates"":[]}"
VHI_M_2021-08_00000000000000000071,0.5400000214576721,114,8,Wet,2021,2021-08,"{""type"":""MultiPoint"",""coordinates"":[]}"
VHI_M_2021-08_000000000000000001b0,0.38499999046325684,433,8,Wet,2021,2021-08,"{""type"":""MultiPoint"",""coordinates"":[]}"
VHI_M_2021-08_000000000000000001b1,0.5,434,8,Wet,2021,2021-08,"{""type"":""MultiPoint"",""coordinates"":[]}"
VHI_M_2021-08_000000000000000001b2,0.32499998807907104,435,8,Wet,2021,2021-08,"{""type"":""MultiPoint"",""coordinates"":[]}"
VHI_M_2021-08_000000000000000001cd,0.649999976158142,462,8,Wet,2021,2021-08,"{""type"":""MultiPoint"",""coordinates"":[]}"
VHI_M_2021-08_000000000000000001ce,0.5249999761581421,463,8,Wet,2021,2021-08,"{""type"":""MultiPoint"",""coordinates"":[]}"
VHI_M_2021-08_000000000000000001cf,0.6299999952316284,464,8,Wet,2021,2021-08,"{""type"":""MultiPoint"",""coordinates"":[]}"
VHI_M_2021-08_0000000000000000001c,0.6200000047683717,29,8,Wet,2021,2021-08,"{""type"":""MultiPoint"",""coordinates"":[]}"
VHI_M_2021-08_0000000000000000001d,0.625,30,8,Wet,2021,2021-08,"{""type"":""MultiPoint"",""coordinates"":[]}"
VHI_M_2021-08_0000000000000000001e,0.6499999761581421,31,8,Wet,2021,2021-08,"{""type"":""MultiPoint"",""coordinates"":[]}"
VHI_M_2021-08_00000000000000000026,0.5049999952316284,39,8,Wet,2021,2021-08,"{""type"":""MultiPoint"",""coordinates"":[]}"
VHI_M_2021-08_000000000000000000f9,0.6000000238418579,250,8,Wet,2021,2021-08,"{""type"":""MultiPoint"",""coordinates"":[]}"
VHI_M_2021-08_000000000000000000fa,0.5849999785423278,251,8,Wet,2021,2021-08,"{""type"":""MultiPoint"",""coordinates"":[]}"
VHI_M_2021-08_000000000000000000fb,0.49000000953674316,252,8,Wet,2021,2021-08,"{""type"":""MultiPoint"",""coordinates"":[]}"
VHI_M_2021-08_000000000000000000fc,0.4550000131130219,253,8,Wet,2021,2021-08,"{""type"":""MultiPoint"",""coordinates"":[]}"
VHI_M_2021-08_00000000000000000163,0.5550000071525574,356,8,Wet,2021,2021-08,"{""type"":""MultiPoint"",""coordinates"":[]}"
VHI_M_2021-08_00000000000000000164,0.6299999952316284,357,8,Wet,2021,2021-08,"{""type"":""MultiPoint"",""coordinates"":[]}"
VHI_M_2021-08_00000000000000000165,0.5950000286102294,358,8,Wet,2021,2021-08,"{""type"":""MultiPoint"",""coordinates"":[]}"
VHI_M_2021-08_00000000000000000166,0.5699999928474426,359,8,Wet,2021,2021-08,"{""type"":""MultiPoint"",""coordinates"":[]}"
VHI_M_2021-08_00000000000000000149,0.6600000262260436,330,8,Wet,2021,2021-08,"{""type"":""MultiPoint"",""coordinates"":[]}"
VHI_M_2021-08_0000000000000000014a,0.5400000214576721,331,8,Wet,2021,2021-08,"{""type"":""MultiPoint"",""coordinates"":[]}"
VHI_M_2021-08_0000000000000000014b,0.5950000286102295,332,8,Wet,2021,2021-08,"{""type"":""MultiPoint"",""coordinates"":[]}"
VHI_M_2021-08_0000000000000000014c,0.625,333,8,Wet,2021,2021-08,"{""type"":""MultiPoint"",""coordinates"":[]}"
VHI_M_2021-08_0000000000000000014d,0.5699999928474426,334,8,Wet,2021,2021-08,"{""type"":""MultiPoint"",""coordinates"":[]}"
VHI_M_2021-08_0000000000000000014e,0.574999988079071,335,8,Wet,2021,2021-08,"{""type"":""MultiPoint"",""coordinates"":[]}"
VHI_M_2021-08_00000000000000000158,0.6399999856948853,345,8,Wet,2021,2021-08,"{""type"":""MultiPoint"",""coordinates"":[]}"
VHI_M_2021-08_00000000000000000159,0.6850000023841858,346,8,Wet,2021,2021-08,"{""type"":""MultiPoint"",""coordinates"":[]}"
VHI_M_2021-08_0000000000000000015a,0.5950000286102295,347,8,Wet,2021,2021-08,"{""type"":""MultiPoint"",""coordinates"":[]}"
VHI_M_2021-08_0000000000000000015b,0.6800000071525575,348,8,Wet,2021,2021-08,"{""type"":""MultiPoint"",""coordinates"":[]}"
VHI_M_2021-08_0000000000000000015c,0.49500000476837164,349,8,Wet,2021,2021-08,"{""type"":""MultiPoint"",""coordinates"":[]}"
VHI_M_2021-08_0000000000000000015d,0.699999988079071,350,8,Wet,2021,2021-08,"{""type"":""MultiPoint"",""coordinates"":[]}"
VHI_M_2021-08_00000000000000000008,0.5350000262260437,9,8,Wet,2021,2021-08,"{""type"":""MultiPoint"",""coordinates"":[]}"
VHI_M_2021-08_000000000000000000c2,0.5350000262260436,195,8,Wet,2021,2021-08,"{""type"":""MultiPoint"",""coordinates"":[]}"
VHI_M_2021-08_000000000000000000c3,0.3499999940395355,196,8,Wet,2021,2021-08,"{""type"":""MultiPoint"",""coordinates"":[]}"
VHI_M_2021-08_000000000000000000c4,0.5950000286102294,197,8,Wet,2021,2021-08,"{""type"":""MultiPoint"",""coordinates"":[]}"
VHI_M_2021-08_000000000000000000c5,0.46000000834465016,198,8,Wet,2021,2021-08,"{""type"":""MultiPoint"",""coordinates"":[]}"
VHI_M_2021-08_000000000000000000c6,0.47999998927116383,199,8,Wet,2021,2021-08,"{""type"":""MultiPoint"",""coordinates"":[]}"
VHI_M_2021-08_000000000000000000c7,0.4900000095367431,200,8,Wet,2021,2021-08,"{""type"":""MultiPoint"",""coordinates"":[]}"
VHI_M_2021-08_000000000000000000c8,0.5350000262260437,201,8,Wet,2021,2021-08,"{""type"":""MultiPoint"",""coordinates"":[]}"
VHI_M_2021-08_000000000000000000c9,0.4149999916553498,202,8,Wet,2021,2021-08,"{""type"":""MultiPoint"",""coordinates"":[]}"
VHI_M_2021-08_00000000000000000136,0.6150000095367432,311,8,Wet,2021,2021-08,"{""type"":""MultiPoint"",""coordinates"":[]}"
VHI_M_2021-08_00000000000000000137,0.699999988079071,312,8,Wet,2021,2021-08,"{""type"":""MultiPoint"",""coordinates"":[]}"
VHI_M_2021-08_00000000000000000138,0.625,313,8,Wet,2021,2021-08,"{""type"":""MultiPoint"",""coordinates"":[]}"
VHI_M_2021-08_00000000000000000139,0.6650000214576721,314,8,Wet,2021,2021-08,"{""type"":""MultiPoint"",""coordinates"":[]}"
VHI_M_2021-08_0000000000000000013a,0.5799999833106995,315,8,Wet,2021,2021-08,"{""type"":""MultiPoint"",""coordinates"":[]}"
VHI_M_2021-08_000000000000000001ef,0.5550000071525574,496,8,Wet,2021,2021-08,"{""type"":""MultiPoint"",""coordinates"":[]}"
VHI_M_2021-08_000000000000000001f0,0.6000000238418579,497,8,Wet,2021,2021-08,"{""type"":""MultiPoint"",""coordinates"":[]}"
VHI_M_2021-08_00000000000000000081,0.24500000476837158,130,8,Wet,2021,2021-08,"{""type"":""MultiPoint"",""coordinates"":[]}"
VHI_M_2021-08_000000000000000000a0,0.3700000047683716,161,8,Wet,2021,2021-08,"{""type"":""MultiPoint"",""coordinates"":[]}"
VHI_M_2021-08_000000000000000000a1,0.36500000953674316,162,8,Wet,2021,2021-08,"{""type"":""MultiPoint"",""coordinates"":[]}"
VHI_M_2021-08_000000000000000000a2,0.4050000011920929,163,8,Wet,2021,2021-08,"{""type"":""MultiPoint"",""coordinates"":[]}"
VHI_M_2021-08_000000000000000000a3,0.38499999046325684,164,8,Wet,2021,2021-08,"{""type"":""MultiPoint"",""coordinates"":[]}"
VHI_M_2021-08_000000000000000000a4,0.40999999642372137,165,8,Wet,2021,2021-08,"{""type"":""MultiPoint"",""coordinates"":[]}"
VHI_M_2021-08_0000000000000000014f,0.4950000047683716,336,8,Wet,2021,2021-08,"{""type"":""MultiPoint"",""coordinates"":[]}"
VHI_M_2021-08_00000000000000000150,0.40500000119209295,337,8,Wet,2021,2021-08,"{""type"":""MultiPoint"",""coordinates"":[]}"
VHI_M_2021-08_00000000000000000151,0.5450000166893005,338,8,Wet,2021,2021-08,"{""type"":""MultiPoint"",""coordinates"":[]}"
VHI_M_2021-08_00000000000000000152,0.5849999785423279,339,8,Wet,2021,2021-08,"{""type"":""MultiPoint"",""coordinates"":[]}"
VHI_M_2021-08_00000000000000000153,0.5849999785423279,340,8,Wet,2021,2021-08,"{""type"":""MultiPoint"",""coordinates"":[]}"
VHI_M_2021-08_00000000000000000171,0.6999999880790712,370,8,Wet,2021,2021-08,"{""type"":""MultiPoint"",""coordinates"":[]}"
VHI_M_2021-08_00000000000000000172,0.5199999809265137,371,8,Wet,2021,2021-08,"{""type"":""MultiPoint"",""coordinates"":[]}"
VHI_M_2021-08_00000000000000000173,0.6000000238418579,372,8,Wet,2021,2021-08,"{""type"":""MultiPoint"",""coordinates"":[]}"
VHI_M_2021-08_000000000000000001f1,0.5899999737739563,498,8,Wet,2021,2021-08,"{""type"":""MultiPoint"",""coordinates"":[]}"
VHI_M_2021-08_000000000000000001f2,0.40500000119209284,499,8,Wet,2021,2021-08,"{""type"":""MultiPoint"",""coordinates"":[]}"
VHI_M_2021-08_000000000000000001f3,0.33000001311302185,500,8,Wet,2021,2021-08,"{""type"":""MultiPoint"",""coordinates"":[]}"
VHI_M_2021-08_00000000000000000092,0.24500000476837158,147,8,Wet,2021,2021-08,"{""type"":""MultiPoint"",""coordinates"":[]}"
VHI_M_2021-08_00000000000000000093,0.3499999940395355,148,8,Wet,2021,2021-08,"{""type"":""MultiPoint"",""coordinates"":[]}"
VHI_M_2021-08_00000000000000000094,0.43500000238418585,149,8,Wet,2021,2021-08,"{""type"":""MultiPoint"",""coordinates"":[]}"
VHI_M_2021-08_00000000000000000095,0.574999988079071,150,8,Wet,2021,2021-08,"{""type"":""MultiPoint"",""coordinates"":[]}"
VHI_M_2021-08_00000000000000000096,0.39500001072883606,151,8,Wet,2021,2021-08,"{""type"":""MultiPoint"",""coordinates"":[]}"
VHI_M_2021-08_00000000000000000097,0.3100000023841858,152,8,Wet,2021,2021-08,"{""type"":""MultiPoint"",""coordinates"":[]}"
VHI_M_2021-08_00000000000000000098,0.625,153,8,Wet,2021,2021-08,"{""type"":""MultiPoint"",""coordinates"":[]}"
VHI_M_2021-08_000000000000000000a9,0.6449999809265137,170,8,Wet,2021,2021-08,"{""type"":""MultiPoint"",""coordinates"":[]}"
VHI_M_2021-08_0000000000000000017c,0.38999998569488525,381,8,Wet,2021,2021-08,"{""type"":""MultiPoint"",""coordinates"":[]}"
VHI_M_2021-08_0000000000000000017d,0.5149999856948853,382,8,Wet,2021,2021-08,"{""type"":""MultiPoint"",""coordinates"":[]}"
VHI_M_2021-08_0000000000000000017e,0.4900000095367431,383,8,Wet,2021,2021-08,"{""type"":""MultiPoint"",""coordinates"":[]}"
VHI_M_2021-08_000000000000000001ee,0.4650000035762787,495,8,Wet,2021,2021-08,"{""type"":""MultiPoint"",""coordinates"":[]}"
VHI_M_2021-08_0000000000000000020d,0.5350000262260437,526,8,Wet,2021,2021-08,"{""type"":""MultiPoint"",""coordinates"":[]}"
VHI_M_2021-08_0000000000000000020e,0.5600000023841858,527,8,Wet,2021,2021-08,"{""type"":""MultiPoint"",""coordinates"":[]}"
VHI_M_2021-08_0000000000000000020f,0.5249999761581421,528,8,Wet,2021,2021-08,"{""type"":""MultiPoint"",""coordinates"":[]}"
VHI_M_2021-08_00000000000000000210,0.5500000119209288,529,8,Wet,2021,2021-08,"{""type"":""MultiPoint"",""coordinates"":[]}"
VHI_M_2021-08_00000000000000000211,0.5,530,8,Wet,2021,2021-08,"{""type"":""MultiPoint"",""coordinates"":[]}"
VHI_M_2021-08_00000000000000000058,0.39500001072883595,89,8,Wet,2021,2021-08,"{""type"":""MultiPoint"",""coordinates"":[]}"
VHI_M_2021-08_00000000000000000059,0.5299999713897705,90,8,Wet,2021,2021-08,"{""type"":""MultiPoint"",""coordinates"":[]}"
VHI_M_2021-08_0000000000000000018b,0.5799999833106995,396,8,Wet,2021,2021-08,"{""type"":""MultiPoint"",""coordinates"":[]}"
VHI_M_2021-08_0000000000000000018c,0.5649999976158142,397,8,Wet,2021,2021-08,"{""type"":""MultiPoint"",""coordinates"":[]}"
VHI_M_2021-08_0000000000000000018d,0.574999988079071,398,8,Wet,2021,2021-08,"{""type"":""MultiPoint"",""coordinates"":[]}"
VHI_M_2021-08_0000000000000000018e,0.5099999904632568,399,8,Wet,2021,2021-08,"{""type"":""MultiPoint"",""coordinates"":[]}"
VHI_M_2021-08_00000000000000000036,0.39500001072883606,55,8,Wet,2021,2021-08,"{""type"":""MultiPoint"",""coordinates"":[]}"
VHI_M_2021-08_000000000000000000db,0.5199999809265138,220,8,Wet,2021,2021-08,"{""type"":""MultiPoint"",""coordinates"":[]}"
VHI_M_2021-08_000000000000000000dc,0.5249999761581422,221,8,Wet,2021,2021-08,"{""type"":""MultiPoint"",""coordinates"":[]}"
VHI_M_2021-08_000000000000000000dd,0.4900000095367431,222,8,Wet,2021,2021-08,"{""type"":""MultiPoint"",""coordinates"":[]}"
VHI_M_2021-08_00000000000000000102,0.6050000190734863,259,8,Wet,2021,2021-08,"{""type"":""MultiPoint"",""coordinates"":[]}"
VHI_M_2021-08_00000000000000000103,0.6050000190734863,260,8,Wet,2021,2021-08,"{""type"":""MultiPoint"",""coordinates"":[]}"
VHI_M_2021-08_00000000000000000104,0.5749999880790709,261,8,Wet,2021,2021-08,"{""type"":""MultiPoint"",""coordinates"":[]}"
VHI_M_2021-08_00000000000000000105,0.5899999737739563,262,8,Wet,2021,2021-08,"{""type"":""MultiPoint"",""coordinates"":[]}"
VHI_M_2021-08_0000000000000000000a,0.800000011920929,11,8,Wet,2021,2021-08,"{""type"":""MultiPoint"",""coordinates"":[]}"
VHI_M_2021-08_000000000000000000b1,0.49000000953674305,178,8,Wet,2021,2021-08,"{""type"":""MultiPoint"",""coordinates"":[]}"
VHI_M_2021-08_000000000000000000b2,0.47999998927116394,179,8,Wet,2021,2021-08,"{""type"":""MultiPoint"",""coordinates"":[]}"
VHI_M_2021-08_000000000000000000b3,0.4300000071525574,180,8,Wet,2021,2021-08,"{""type"":""MultiPoint"",""coordinates"":[]}"
VHI_M_2021-08_000000000000000000ca,0.5099999904632568,203,8,Wet,2021,2021-08,"{""type"":""MultiPoint"",""coordinates"":[]}"
VHI_M_2021-08_000000000000000000d2,0.6549999713897705,211,8,Wet,2021,2021-08,"{""type"":""MultiPoint"",""coordinates"":[]}"
VHI_M_2021-08_000000000000000000d3,0.425000011920929,212,8,Wet,2021,2021-08,"{""type"":""MultiPoint"",""coordinates"":[]}"
VHI_M_2021-08_000000000000000000d4,0.47999998927116394,213,8,Wet,2021,2021-08,"{""type"":""MultiPoint"",""coordinates"":[]}"
VHI_M_2021-08_000000000000000000d5,0.5450000166893005,214,8,Wet,2021,2021-08,"{""type"":""MultiPoint"",""coordinates"":[]}"
VHI_M_2021-08_000000000000000000bc,0.4449999928474425,189,8,Wet,2021,2021-08,"{""type"":""MultiPoint"",""coordinates"":[]}"
VHI_M_2021-08_000000000000000000bd,0.4449999928474427,190,8,Wet,2021,2021-08,"{""type"":""MultiPoint"",""coordinates"":[]}"
VHI_M_2021-08_000000000000000000be,0.4300000071525573,191,8,Wet,2021,2021-08,"{""type"":""MultiPoint"",""coordinates"":[]}"
VHI_M_2021-08_000000000000000000f1,0.5600000023841858,242,8,Wet,2021,2021-08,"{""type"":""MultiPoint"",""coordinates"":[]}"
VHI_M_2021-08_00000000000000000100,0.5400000214576721,257,8,Wet,2021,2021-08,"{""type"":""MultiPoint"",""coordinates"":[]}"
VHI_M_2021-08_00000000000000000101,0.47999998927116394,258,8,Wet,2021,2021-08,"{""type"":""MultiPoint"",""coordinates"":[]}"
VHI_M_2021-08_0000000000000000012f,0.3749999999999999,304,8,Wet,2021,2021-08,"{""type"":""MultiPoint"",""coordinates"":[]}"
VHI_M_2021-08_00000000000000000130,0.375,305,8,Wet,2021,2021-08,"{""type"":""MultiPoint"",""coordinates"":[]}"
VHI_M_2021-08_00000000000000000131,0.37999999523162836,306,8,Wet,2021,2021-08,"{""type"":""MultiPoint"",""coordinates"":[]}"
VHI_M_2021-08_00000000000000000065,0.479999989271164,102,8,Wet,2021,2021-08,"{""type"":""MultiPoint"",""coordinates"":[]}"
VHI_M_2021-08_00000000000000000066,0.5450000166893004,103,8,Wet,2021,2021-08,"{""type"":""MultiPoint"",""coordinates"":[]}"
VHI_M_2021-08_00000000000000000067,0.48500001430511475,104,8,Wet,2021,2021-08,"{""type"":""MultiPoint"",""coordinates"":[]}"
VHI_M_2021-08_00000000000000000068,0.4000000059604645,105,8,Wet,2021,2021-08,"{""type"":""MultiPoint"",""coordinates"":[]}"
VHI_M_2021-08_00000000000000000109,0.4050000011920929,266,8,Wet,2021,2021-08,"{""type"":""MultiPoint"",""coordinates"":[]}"
VHI_M_2021-08_000000000000000001c1,0.4449999928474426,450,8,Wet,2021,2021-08,"{""type"":""MultiPoint"",""coordinates"":[]}"
VHI_M_2021-08_000000000000000001c2,0.34499999880790716,451,8,Wet,2021,2021-08,"{""type"":""MultiPoint"",""coordinates"":[]}"
VHI_M_2021-08_00000000000000000113,0.38499999046325684,276,8,Wet,2021,2021-08,"{""type"":""MultiPoint"",""coordinates"":[]}"
VHI_M_2021-08_00000000000000000114,0.4900000095367431,277,8,Wet,2021,2021-08,"{""type"":""MultiPoint"",""coordinates"":[]}"
VHI_M_2021-08_00000000000000000115,0.4650000035762787,278,8,Wet,2021,2021-08,"{""type"":""MultiPoint"",""coordinates"":[]}"
VHI_M_2021-08_00000000000000000116,0.47999998927116394,279,8,Wet,2021,2021-08,"{""type"":""MultiPoint"",""coordinates"":[]}"
VHI_M_2021-08_00000000000000000117,0.43000000715255743,280,8,Wet,2021,2021-08,"{""type"":""MultiPoint"",""coordinates"":[]}"
VHI_M_2021-08_00000000000000000167,0.5799999833106995,360,8,Wet,2021,2021-08,"{""type"":""MultiPoint"",""coordinates"":[]}"
VHI_M_2021-08_00000000000000000168,0.4650000035762787,361,8,Wet,2021,2021-08,"{""type"":""MultiPoint"",""coordinates"":[]}"
VHI_M_2021-08_00000000000000000169,0.4699999988079071,362,8,Wet,2021,2021-08,"{""type"":""MultiPoint"",""coordinates"":[]}"
VHI_M_2021-08_0000000000000000016a,0.5099999904632568,363,8,Wet,2021,2021-08,"{""type"":""MultiPoint"",""coordinates"":[]}"
VHI_M_2021-08_0000000000000000016b,0.6150000095367433,364,8,Wet,2021,2021-08,"{""type"":""MultiPoint"",""coordinates"":[]}"
VHI_M_2021-08_0000000000000000016c,0.4600000083446503,365,8,Wet,2021,2021-08,"{""type"":""MultiPoint"",""coordinates"":[]}"
VHI_M_2021-08_0000000000000000016d,0.6000000238418579,366,8,Wet,2021,2021-08,"{""type"":""MultiPoint"",""coordinates"":[]}"
VHI_M_2021-08_000000000000000000cb,0.5600000023841858,204,8,Wet,2021,2021-08,"{""type"":""MultiPoint"",""coordinates"":[]}"
VHI_M_2021-08_000000000000000000eb,0.5199999809265137,236,8,Wet,2021,2021-08,"{""type"":""MultiPoint"",""coordinates"":[]}"
VHI_M_2021-08_000000000000000000ec,0.5299999713897705,237,8,Wet,2021,2021-08,"{""type"":""MultiPoint"",""coordinates"":[]}"
VHI_M_2021-08_000000000000000000ed,0.5249999761581421,238,8,Wet,2021,2021-08,"{""type"":""MultiPoint"",""coordinates"":[]}"
VHI_M_2021-08_000000000000000000ee,0.6949999928474426,239,8,Wet,2021,2021-08,"{""type"":""MultiPoint"",""coordinates"":[]}"
VHI_M_2021-08_000000000000000000ef,0.5799999833106995,240,8,Wet,2021,2021-08,"{""type"":""MultiPoint"",""coordinates"":[]}"
VHI_M_2021-08_00000000000000000146,0.4350000023841858,327,8,Wet,2021,2021-08,"{""type"":""MultiPoint"",""coordinates"":[]}"
VHI_M_2021-08_00000000000000000147,0.32499998807907104,328,8,Wet,2021,2021-08,"{""type"":""MultiPoint"",""coordinates"":[]}"
VHI_M_2021-08_00000000000000000148,0.4650000035762787,329,8,Wet,2021,2021-08,"{""type"":""MultiPoint"",""coordinates"":[]}"
VHI_M_2021-08_0000000000000000015e,0.5400000214576721,351,8,Wet,2021,2021-08,"{""type"":""MultiPoint"",""coordinates"":[]}"
VHI_M_2021-08_0000000000000000015f,0.5450000166893005,352,8,Wet,2021,2021-08,"{""type"":""MultiPoint"",""coordinates"":[]}"
VHI_M_2021-08_00000000000000000160,0.46000000834465027,353,8,Wet,2021,2021-08,"{""type"":""MultiPoint"",""coordinates"":[]}"
VHI_M_2021-08_00000000000000000161,0.574999988079071,354,8,Wet,2021,2021-08,"{""type"":""MultiPoint"",""coordinates"":[]}"
VHI_M_2021-08_00000000000000000162,0.5550000071525574,355,8,Wet,2021,2021-08,"{""type"":""MultiPoint"",""coordinates"":[]}"
VHI_M_2021-08_00000000000000000010,0.800000011920929,17,8,Wet,2021,2021-08,"{""type"":""MultiPoint"",""coordinates"":[]}"
VHI_M_2021-08_00000000000000000121,0.7300000190734862,290,8,Wet,2021,2021-08,"{""type"":""MultiPoint"",""coordinates"":[]}"
VHI_M_2021-08_00000000000000000122,0.7250000238418579,291,8,Wet,2021,2021-08,"{""type"":""MultiPoint"",""coordinates"":[]}"
VHI_M_2021-08_00000000000000000123,0.740000009536743,292,8,Wet,2021,2021-08,"{""type"":""MultiPoint"",""coordinates"":[]}"
VHI_M_2021-08_0000000000000000019a,0.6650000214576721,411,8,Wet,2021,2021-08,"{""type"":""MultiPoint"",""coordinates"":[]}"
VHI_M_2021-08_0000000000000000019b,0.6750000119209291,412,8,Wet,2021,2021-08,"{""type"":""MultiPoint"",""coordinates"":[]}"
VHI_M_2021-08_0000000000000000019c,0.5649999976158142,413,8,Wet,2021,2021-08,"{""type"":""MultiPoint"",""coordinates"":[]}"
VHI_M_2021-08_0000000000000000019d,0.6549999713897705,414,8,Wet,2021,2021-08,"{""type"":""MultiPoint"",""coordinates"":[]}"
VHI_M_2021-08_0000000000000000019e,0.6449999809265137,415,8,Wet,2021,2021-08,"{""type"":""MultiPoint"",""coordinates"":[]}"
VHI_M_2021-08_0000000000000000019f,0.6949999928474426,416,8,Wet,2021,2021-08,"{""type"":""MultiPoint"",""coordinates"":[]}"
VHI_M_2021-08_00000000000000000216,0.6200000047683716,535,8,Wet,2021,2021-08,"{""type"":""MultiPoint"",""coordinates"":[]}"
VHI_M_2021-08_00000000000000000217,0.6050000190734863,536,8,Wet,2021,2021-08,"{""type"":""MultiPoint"",""coordinates"":[]}"
VHI_M_2021-08_00000000000000000218,0.5450000166893005,537,8,Wet,2021,2021-08,"{""type"":""MultiPoint"",""coordinates"":[]}"
VHI_M_2021-08_00000000000000000219,0.6050000190734864,538,8,Wet,2021,2021-08,"{""type"":""MultiPoint"",""coordinates"":[]}"
VHI_M_2021-08_0000000000000000021a,0.5699999928474427,539,8,Wet,2021,2021-08,"{""type"":""MultiPoint"",""coordinates"":[]}"
VHI_M_2021-08_00000000000000000004,0.4000000059604645,5,8,Wet,2021,2021-08,"{""type"":""MultiPoint"",""coordinates"":[]}"
VHI_M_2021-08_00000000000000000028,0.4423126596810577,41,8,Wet,2021,2021-08,"{""type"":""MultiPoint"",""coordinates"":[]}"
VHI_M_2021-08_00000000000000000029,0.41999998688697815,42,8,Wet,2021,2021-08,"{""type"":""MultiPoint"",""coordinates"":[]}"
VHI_M_2021-08_0000000000000000002a,0.4600000083446503,43,8,Wet,2021,2021-08,"{""type"":""MultiPoint"",""coordinates"":[]}"
VHI_M_2021-08_0000000000000000002b,0.47999998927116394,44,8,Wet,2021,2021-08,"{""type"":""MultiPoint"",""coordinates"":[]}"
VHI_M_2021-08_000000000000000000a7,0.4900000095367432,168,8,Wet,2021,2021-08,"{""type"":""MultiPoint"",""coordinates"":[]}"
VHI_M_2021-08_000000000000000000a8,0.5,169,8,Wet,2021,2021-08,"{""type"":""MultiPoint"",""coordinates"":[]}"
VHI_M_2021-08_0000000000000000000c,0.47999998927116394,13,8,Wet,2021,2021-08,"{""type"":""MultiPoint"",""coordinates"":[]}"
VHI_M_2021-08_00000000000000000060,0.4300000071525574,97,8,Wet,2021,2021-08,"{""type"":""MultiPoint"",""coordinates"":[]}"
VHI_M_2021-08_00000000000000000061,0.45500001311302185,98,8,Wet,2021,2021-08,"{""type"":""MultiPoint"",""coordinates"":[]}"
VHI_M_2021-08_00000000000000000062,0.3849999904632568,99,8,Wet,2021,2021-08,"{""type"":""MultiPoint"",""coordinates"":[]}"
VHI_M_2021-08_00000000000000000063,0.4300000071525575,100,8,Wet,2021,2021-08,"{""type"":""MultiPoint"",""coordinates"":[]}"
VHI_M_2021-08_00000000000000000064,0.5019322041177203,101,8,Wet,2021,2021-08,"{""type"":""MultiPoint"",""coordinates"":[]}"
VHI_M_2021-08_00000000000000000011,0.42500001192092896,18,8,Wet,2021,2021-08,"{""type"":""MultiPoint"",""coordinates"":[]}"
VHI_M_2021-08_00000000000000000033,0.567440105853854,52,8,Wet,2021,2021-08,"{""type"":""MultiPoint"",""coordinates"":[]}"
VHI_M_2021-08_00000000000000000034,0.6376056372010006,53,8,Wet,2021,2021-08,"{""type"":""MultiPoint"",""coordinates"":[]}"
VHI_M_2021-08_000000000000000001b3,0.5899999737739563,436,8,Wet,2021,2021-08,"{""type"":""MultiPoint"",""coordinates"":[]}"
VHI_M_2021-08_000000000000000001b4,0.5429285741708028,437,8,Wet,2021,2021-08,"{""type"":""MultiPoint"",""coordinates"":[]}"
VHI_M_2021-08_000000000000000001b5,0.6371662545834345,438,8,Wet,2021,2021-08,"{""type"":""MultiPoint"",""coordinates"":[]}"
VHI_M_2021-08_00000000000000000005,0.4950000047683716,6,8,Wet,2021,2021-08,"{""type"":""MultiPoint"",""coordinates"":[]}"
VHI_M_2021-08_00000000000000000082,0.4000000059604644,131,8,Wet,2021,2021-08,"{""type"":""MultiPoint"",""coordinates"":[]}"
VHI_M_2021-08_00000000000000000083,0.43999999761581426,132,8,Wet,2021,2021-08,"{""type"":""MultiPoint"",""coordinates"":[]}"
VHI_M_2021-08_00000000000000000084,0.38999998569488525,133,8,Wet,2021,2021-08,"{""type"":""MultiPoint"",""coordinates"":[]}"
VHI_M_2021-08_00000000000000000085,0.44999998807907104,134,8,Wet,2021,2021-08,"{""type"":""MultiPoint"",""coordinates"":[]}"
VHI_M_2021-08_00000000000000000086,0.47499999403953547,135,8,Wet,2021,2021-08,"{""type"":""MultiPoint"",""coordinates"":[]}"
VHI_M_2021-08_00000000000000000087,0.45500001311302185,136,8,Wet,2021,2021-08,"{""type"":""MultiPoint"",""coordinates"":[]}"
VHI_M_2021-08_0000000000000000010c,0.354999989271164,269,8,Wet,2021,2021-08,"{""type"":""MultiPoint"",""coordinates"":[]}"
VHI_M_2021-08_0000000000000000010d,0.44499999284744257,270,8,Wet,2021,2021-08,"{""type"":""MultiPoint"",""coordinates"":[]}"
VHI_M_2021-08_0000000000000000010e,0.28000000119209295,271,8,Wet,2021,2021-08,"{""type"":""MultiPoint"",""coordinates"":[]}"
VHI_M_2021-08_0000000000000000010f,0.3100000023841858,272,8,Wet,2021,2021-08,"{""type"":""MultiPoint"",""coordinates"":[]}"
VHI_M_2021-08_00000000000000000110,0.30000001192092896,273,8,Wet,2021,2021-08,"{""type"":""MultiPoint"",""coordinates"":[]}"
VHI_M_2021-08_00000000000000000111,0.28000000119209284,274,8,Wet,2021,2021-08,"{""type"":""MultiPoint"",""coordinates"":[]}"
VHI_M_2021-08_000000000000000001d0,0.26337481435403787,465,8,Wet,2021,2021-08,"{""type"":""MultiPoint"",""coordinates"":[]}"
VHI_M_2021-08_000000000000000001d1,0.3315080252737023,466,8,Wet,2021,2021-08,"{""type"":""MultiPoint"",""coordinates"":[]}"
VHI_M_2021-08_00000000000000000009,0.22499999403953552,10,8,Wet,2021,2021-08,"{""type"":""MultiPoint"",""coordinates"":[]}"
VHI_M_2021-08_0000000000000000009e,0.2249999940395355,159,8,Wet,2021,2021-08,"{""type"":""MultiPoint"",""coordinates"":[]}"
VHI_M_2021-08_0000000000000000009f,0.2800000011920929,160,8,Wet,2021,2021-08,"{""type"":""MultiPoint"",""coordinates"":[]}"
VHI_M_2021-08_00000000000000000154,0.34000000357627863,341,8,Wet,2021,2021-08,"{""type"":""MultiPoint"",""coordinates"":[]}"
VHI_M_2021-08_00000000000000000155,0.2549999952316285,342,8,Wet,2021,2021-08,"{""type"":""MultiPoint"",""coordinates"":[]}"
VHI_M_2021-08_00000000000000000156,0.2750000059604644,343,8,Wet,2021,2021-08,"{""type"":""MultiPoint"",""coordinates"":[]}"
VHI_M_2021-08_00000000000000000157,0.2750000059604645,344,8,Wet,2021,2021-08,"{""type"":""MultiPoint"",""coordinates"":[]}"
VHI_M_2021-08_00000000000000000178,0.23499999940395358,377,8,Wet,2021,2021-08,"{""type"":""MultiPoint"",""coordinates"":[]}"
VHI_M_2021-08_00000000000000000179,0.1949999928474426,378,8,Wet,2021,2021-08,"{""type"":""MultiPoint"",""coordinates"":[]}"
VHI_M_2021-08_0000000000000000017a,0.25,379,8,Wet,2021,2021-08,"{""type"":""MultiPoint"",""coordinates"":[]}"
VHI_M_2021-08_0000000000000000017b,0.04500000178813934,380,8,Wet,2021,2021-08,"{""type"":""MultiPoint"",""coordinates"":[]}"
VHI_M_2021-08_0000000000000000000f,0.30000001192092896,16,8,Wet,2021,2021-08,"{""type"":""MultiPoint"",""coordinates"":[]}"
VHI_M_2021-08_00000000000000000040,0.45500001311302185,65,8,Wet,2021,2021-08,"{""type"":""MultiPoint"",""coordinates"":[]}"
VHI_M_2021-08_00000000000000000041,0.5350000262260437,66,8,Wet,2021,2021-08,"{""type"":""MultiPoint"",""coordinates"":[]}"
VHI_M_2021-08_00000000000000000042,0.4950000047683716,67,8,Wet,2021,2021-08,"{""type"":""MultiPoint"",""coordinates"":[]}"
VHI_M_2021-08_00000000000000000043,0.45500001311302185,68,8,Wet,2021,2021-08,"{""type"":""MultiPoint"",""coordinates"":[]}"
VHI_M_2021-08_00000000000000000192,0.3400000035762787,403,8,Wet,2021,2021-08,"{""type"":""MultiPoint"",""coordinates"":[]}"
VHI_M_2021-08_00000000000000000193,0.38499999046325684,404,8,Wet,2021,2021-08,"{""type"":""MultiPoint"",""coordinates"":[]}"
VHI_M_2021-08_00000000000000000194,0.501668065047875,405,8,Wet,2021,2021-08,"{""type"":""MultiPoint"",""coordinates"":[]}"
VHI_M_2021-08_000000000000000001d2,0.31499999761581415,467,8,Wet,2021,2021-08,"{""type"":""MultiPoint"",""coordinates"":[]}"
VHI_M_2021-08_000000000000000001d3,0.3149999976158142,468,8,Wet,2021,2021-08,"{""type"":""MultiPoint"",""coordinates"":[]}"
VHI_M_2021-08_000000000000000001d4,0.2549999952316284,469,8,Wet,2021,2021-08,"{""type"":""MultiPoint"",""coordinates"":[]}"
VHI_M_2021-08_000000000000000001d5,0.2750000059604645,470,8,Wet,2021,2021-08,"{""type"":""MultiPoint"",""coordinates"":[]}"
VHI_M_2021-08_000000000000000001d6,0.2899999916553498,471,8,Wet,2021,2021-08,"{""type"":""MultiPoint"",""coordinates"":[]}"
VHI_M_2021-08_000000000000000001d7,0.25499999523162836,472,8,Wet,2021,2021-08,"{""type"":""MultiPoint"",""coordinates"":[]}"
VHI_M_2021-08_00000000000000000069,0.5400000214576722,106,8,Wet,2021,2021-08,"{""type"":""MultiPoint"",""coordinates"":[]}"
VHI_M_2021-08_0000000000000000006a,0.5,107,8,Wet,2021,2021-08,"{""type"":""MultiPoint"",""coordinates"":[]}"
VHI_M_2021-08_0000000000000000006b,0.5849999785423278,108,8,Wet,2021,2021-08,"{""type"":""MultiPoint"",""coordinates"":[]}"
VHI_M_2021-08_0000000000000000006c,0.479999989271164,109,8,Wet,2021,2021-08,"{""type"":""MultiPoint"",""coordinates"":[]}"
VHI_M_2021-08_0000000000000000006d,0.4449999928474427,110,8,Wet,2021,2021-08,"{""type"":""MultiPoint"",""coordinates"":[]}"
VHI_M_2021-08_0000000000000000006e,0.574999988079071,111,8,Wet,2021,2021-08,"{""type"":""MultiPoint"",""coordinates"":[]}"
VHI_M_2021-08_0000000000000000006f,0.4449999928474427,112,8,Wet,2021,2021-08,"{""type"":""MultiPoint"",""coordinates"":[]}"
VHI_M_2021-08_000000000000000000d6,0.4050000011920929,215,8,Wet,2021,2021-08,"{""type"":""MultiPoint"",""coordinates"":[]}"
VHI_M_2021-08_0000000000000000013b,0.6650000214576721,316,8,Wet,2021,2021-08,"{""type"":""MultiPoint"",""coordinates"":[]}"
VHI_M_2021-08_0000000000000000013c,0.574999988079071,317,8,Wet,2021,2021-08,"{""type"":""MultiPoint"",""coordinates"":[]}"
VHI_M_2021-08_0000000000000000013d,0.43500000238418585,318,8,Wet,2021,2021-08,"{""type"":""MultiPoint"",""coordinates"":[]}"
VHI_M_2021-08_0000000000000000013e,0.40500000119209295,319,8,Wet,2021,2021-08,"{""type"":""MultiPoint"",""coordinates"":[]}"
VHI_M_2021-08_0000000000000000013f,0.3199999928474426,320,8,Wet,2021,2021-08,"{""type"":""MultiPoint"",""coordinates"":[]}"
VHI_M_2021-08_00000000000000000140,0.6050000190734864,321,8,Wet,2021,2021-08,"{""type"":""MultiPoint"",""coordinates"":[]}"
VHI_M_2021-08_000000000000000001bc,0.3899999856948852,445,8,Wet,2021,2021-08,"{""type"":""MultiPoint"",""coordinates"":[]}"
VHI_M_2021-08_000000000000000001bd,0.4449999928474426,446,8,Wet,2021,2021-08,"{""type"":""MultiPoint"",""coordinates"":[]}"
VHI_M_2021-08_000000000000000001be,0.42500001192092896,447,8,Wet,2021,2021-08,"{""type"":""MultiPoint"",""coordinates"":[]}"
VHI_M_2021-08_000000000000000001bf,0.44499999284744257,448,8,Wet,2021,2021-08,"{""type"":""MultiPoint"",""coordinates"":[]}"
VHI_M_2021-08_000000000000000001c0,0.33000001311302185,449,8,Wet,2021,2021-08,"{""type"":""MultiPoint"",""coordinates"":[]}"
VHI_M_2021-08_00000000000000000006,0.5849999785423279,7,8,Wet,2021,2021-08,"{""type"":""MultiPoint"",""coordinates"":[]}"
VHI_M_2021-08_0000000000000000002c,0.675000011920929,45,8,Wet,2021,2021-08,"{""type"":""MultiPoint"",""coordinates"":[]}"
VHI_M_2021-08_0000000000000000002d,0.5299999713897705,46,8,Wet,2021,2021-08,"{""type"":""MultiPoint"",""coordinates"":[]}"
VHI_M_2021-08_0000000000000000002e,0.7450000047683716,47,8,Wet,2021,2021-08,"{""type"":""MultiPoint"",""coordinates"":[]}"
VHI_M_2021-08_0000000000000000002f,0.4900000095367431,48,8,Wet,2021,2021-08,"{""type"":""MultiPoint"",""coordinates"":[]}"
VHI_M_2021-08_0000000000000000009b,0.6800000071525575,156,8,Wet,2021,2021-08,"{""type"":""MultiPoint"",""coordinates"":[]}"
VHI_M_2021-08_0000000000000000009c,0.7149999737739564,157,8,Wet,2021,2021-08,"{""type"":""MultiPoint"",""coordinates"":[]}"
VHI_M_2021-08_0000000000000000009d,0.6549999713897704,158,8,Wet,2021,2021-08,"{""type"":""MultiPoint"",""coordinates"":[]}"
VHI_M_2021-08_000000000000000001b6,0.8450000286102294,439,8,Wet,2021,2021-08,"{""type"":""MultiPoint"",""coordinates"":[]}"
VHI_M_2021-08_000000000000000001b7,0.5899999737739563,440,8,Wet,2021,2021-08,"{""type"":""MultiPoint"",""coordinates"":[]}"
VHI_M_2021-08_000000000000000001b8,0.6899999976158142,441,8,Wet,2021,2021-08,"{""type"":""MultiPoint"",""coordinates"":[]}"
VHI_M_2021-08_000000000000000001b9,0.5400000214576721,442,8,Wet,2021,2021-08,"{""type"":""MultiPoint"",""coordinates"":[]}"
VHI_M_2021-08_000000000000000001ba,0.5249999761581421,443,8,Wet,2021,2021-08,"{""type"":""MultiPoint"",""coordinates"":[]}"
VHI_M_2021-08_000000000000000001bb,0.6999999880790708,444,8,Wet,2021,2021-08,"{""type"":""MultiPoint"",""coordinates"":[]}"
VHI_M_2021-08_00000000000000000221,0.5099999904632568,546,8,Wet,2021,2021-08,"{""type"":""MultiPoint"",""coordinates"":[]}"
VHI_M_2021-08_00000000000000000222,0.6949999928474426,547,8,Wet,2021,2021-08,"{""type"":""MultiPoint"",""coordinates"":[]}"
VHI_M_2021-08_00000000000000000223,0.615000009536743,548,8,Wet,2021,2021-08,"{""type"":""MultiPoint"",""coordinates"":[]}"
VHI_M_2021-08_00000000000000000224,0.6650000214576722,549,8,Wet,2021,2021-08,"{""type"":""MultiPoint"",""coordinates"":[]}"
VHI_M_2021-08_00000000000000000225,0.6549999713897705,550,8,Wet,2021,2021-08,"{""type"":""MultiPoint"",""coordinates"":[]}"
VHI_M_2021-08_00000000000000000053,0.3749999999999999,84,8,Wet,2021,2021-08,"{""type"":""MultiPoint"",""coordinates"":[]}"
VHI_M_2021-08_00000000000000000054,0.43000000715255743,85,8,Wet,2021,2021-08,"{""type"":""MultiPoint"",""coordinates"":[]}"
VHI_M_2021-08_00000000000000000055,0.4449999928474426,86,8,Wet,2021,2021-08,"{""type"":""MultiPoint"",""coordinates"":[]}"
VHI_M_2021-08_00000000000000000056,0.45500001311302185,87,8,Wet,2021,2021-08,"{""type"":""MultiPoint"",""coordinates"":[]}"
VHI_M_2021-08_00000000000000000057,0.5799999833106995,88,8,Wet,2021,2021-08,"{""type"":""MultiPoint"",""coordinates"":[]}"
VHI_M_2021-08_000000000000000000de,0.5,223,8,Wet,2021,2021-08,"{""type"":""MultiPoint"",""coordinates"":[]}"
VHI_M_2021-08_000000000000000000df,0.4050000011920929,224,8,Wet,2021,2021-08,"{""type"":""MultiPoint"",""coordinates"":[]}"
VHI_M_2021-08_000000000000000000e0,0.4449999928474427,225,8,Wet,2021,2021-08,"{""type"":""MultiPoint"",""coordinates"":[]}"
VHI_M_2021-08_000000000000000000e1,0.5899999737739562,226,8,Wet,2021,2021-08,"{""type"":""MultiPoint"",""coordinates"":[]}"
VHI_M_2021-08_000000000000000000ff,0.5649999976158142,256,8,Wet,2021,2021-08,"{""type"":""MultiPoint"",""coordinates"":[]}"
VHI_M_2021-08_0000000000000000011c,0.5199999809265137,285,8,Wet,2021,2021-08,"{""type"":""MultiPoint"",""coordinates"":[]}"
VHI_M_2021-08_0000000000000000011d,0.3199999928474426,286,8,Wet,2021,2021-08,"{""type"":""MultiPoint"",""coordinates"":[]}"
VHI_M_2021-08_0000000000000000011e,0.46500000357627874,287,8,Wet,2021,2021-08,"{""type"":""MultiPoint"",""coordinates"":[]}"
VHI_M_2021-08_0000000000000000011f,0.43999999761581415,288,8,Wet,2021,2021-08,"{""type"":""MultiPoint"",""coordinates"":[]}"
VHI_M_2021-08_000000000000000001c4,0.550000011920929,453,8,Wet,2021,2021-08,"{""type"":""MultiPoint"",""coordinates"":[]}"
VHI_M_2021-08_000000000000000001c5,0.4749999940395356,454,8,Wet,2021,2021-08,"{""type"":""MultiPoint"",""coordinates"":[]}"
VHI_M_2021-08_000000000000000001c6,0.34999999403953547,455,8,Wet,2021,2021-08,"{""type"":""MultiPoint"",""coordinates"":[]}"
VHI_M_2021-08_00000000000000000003,0.46999999880790716,4,8,Wet,2021,2021-08,"{""type"":""MultiPoint"",""coordinates"":[]}"
VHI_M_2021-08_0000000000000000001b,0.5950000286102295,28,8,Wet,2021,2021-08,"{""type"":""MultiPoint"",""coordinates"":[]}"
VHI_M_2021-08_00000000000000000186,0.6700000166893005,391,8,Wet,2021,2021-08,"{""type"":""MultiPoint"",""coordinates"":[]}"
VHI_M_2021-08_00000000000000000187,0.41813784407725574,392,8,Wet,2021,2021-08,"{""type"":""MultiPoint"",""coordinates"":[]}"
VHI_M_2021-08_00000000000000000188,0.5199999809265138,393,8,Wet,2021,2021-08,"{""type"":""MultiPoint"",""coordinates"":[]}"
VHI_M_2021-08_00000000000000000189,0.5950000286102295,394,8,Wet,2021,2021-08,"{""type"":""MultiPoint"",""coordinates"":[]}"
VHI_M_2021-08_0000000000000000018a,0.6299999952316284,395,8,Wet,2021,2021-08,"{""type"":""MultiPoint"",""coordinates"":[]}"
VHI_M_2021-08_0000000000000000018f,0.8199999928474426,400,8,Wet,2021,2021-08,"{""type"":""MultiPoint"",""coordinates"":[]}"
VHI_M_2021-08_00000000000000000190,0.6100000143051147,401,8,Wet,2021,2021-08,"{""type"":""MultiPoint"",""coordinates"":[]}"
VHI_M_2021-08_0000000000000000021e,0.47999998927116394,543,8,Wet,2021,2021-08,"{""type"":""MultiPoint"",""coordinates"":[]}"
VHI_M_2021-08_0000000000000000021f,0.5550000071525575,544,8,Wet,2021,2021-08,"{""type"":""MultiPoint"",""coordinates"":[]}"
VHI_M_2021-08_00000000000000000220,0.5550000071525574,545,8,Wet,2021,2021-08,"{""type"":""MultiPoint"",""coordinates"":[]}"
VHI_M_2021-08_00000000000000000007,0.5950000286102295,8,8,Wet,2021,2021-08,"{""type"":""MultiPoint"",""coordinates"":[]}"
VHI_M_2021-08_0000000000000000000b,0.6050000190734863,12,8,Wet,2021,2021-08,"{""type"":""MultiPoint"",""coordinates"":[]}"
VHI_M_2021-08_00000000000000000012,0.5450000166893005,19,8,Wet,2021,2021-08,"{""type"":""MultiPoint"",""coordinates"":[]}"
VHI_M_2021-08_00000000000000000013,0.6100000143051147,20,8,Wet,2021,2021-08,"{""type"":""MultiPoint"",""coordinates"":[]}"
VHI_M_2021-08_00000000000000000014,0.7250000238418579,21,8,Wet,2021,2021-08,"{""type"":""MultiPoint"",""coordinates"":[]}"
VHI_M_2021-08_00000000000000000015,0.5899999737739563,22,8,Wet,2021,2021-08,"{""type"":""MultiPoint"",""coordinates"":[]}"
VHI_M_2021-08_00000000000000000016,0.6800000071525575,23,8,Wet,2021,2021-08,"{""type"":""MultiPoint"",""coordinates"":[]}"
VHI_M_2021-08_00000000000000000183,0.6449999809265138,388,8,Wet,2021,2021-08,"{""type"":""MultiPoint"",""coordinates"":[]}"
VHI_M_2021-08_00000000000000000184,0.6549999713897704,389,8,Wet,2021,2021-08,"{""type"":""MultiPoint"",""coordinates"":[]}"
VHI_M_2021-08_00000000000000000185,0.6050000190734864,390,8,Wet,2021,2021-08,"{""type"":""MultiPoint"",""coordinates"":[]}"
VHI_M_2021-08_00000000000000000212,0.5,531,8,Wet,2021,2021-08,"{""type"":""MultiPoint"",""coordinates"":[]}"
VHI_M_2021-08_00000000000000000213,0.7450000047683716,532,8,Wet,2021,2021-08,"{""type"":""MultiPoint"",""coordinates"":[]}"
VHI_M_2021-08_00000000000000000214,0.5550000071525573,533,8,Wet,2021,2021-08,"{""type"":""MultiPoint"",""coordinates"":[]}"
VHI_M_2021-08_00000000000000000215,0.5550000071525574,534,8,Wet,2021,2021-08,"{""type"":""MultiPoint"",""coordinates"":[]}"
VHI_M_2021-08_0000000000000000005a,0.5350000262260437,91,8,Wet,2021,2021-08,"{""type"":""MultiPoint"",""coordinates"":[]}"
VHI_M_2021-08_00000000000000000118,0.5649999976158142,281,8,Wet,2021,2021-08,"{""type"":""MultiPoint"",""coordinates"":[]}"
VHI_M_2021-08_00000000000000000119,0.6549999713897705,282,8,Wet,2021,2021-08,"{""type"":""MultiPoint"",""coordinates"":[]}"
VHI_M_2021-08_0000000000000000011a,0.7450000047683718,283,8,Wet,2021,2021-08,"{""type"":""MultiPoint"",""coordinates"":[]}"
VHI_M_2021-08_0000000000000000011b,0.8100000023841858,284,8,Wet,2021,2021-08,"{""type"":""MultiPoint"",""coordinates"":[]}"
VHI_M_2021-08_00000000000000000141,0.38499999046325684,322,8,Wet,2021,2021-08,"{""type"":""MultiPoint"",""coordinates"":[]}"
VHI_M_2021-08_00000000000000000142,0.800000011920929,323,8,Wet,2021,2021-08,"{""type"":""MultiPoint"",""coordinates"":[]}"
VHI_M_2021-08_00000000000000000143,0.4550000131130219,324,8,Wet,2021,2021-08,"{""type"":""MultiPoint"",""coordinates"":[]}"
VHI_M_2021-08_00000000000000000144,0.5199999809265136,325,8,Wet,2021,2021-08,"{""type"":""MultiPoint"",""coordinates"":[]}"
VHI_M_2021-08_00000000000000000145,0.6349999904632568,326,8,Wet,2021,2021-08,"{""type"":""MultiPoint"",""coordinates"":[]}"
VHI_M_2021-08_000000000000000001af,0.6299999952316284,432,8,Wet,2021,2021-08,"{""type"":""MultiPoint"",""coordinates"":[]}"
VHI_M_2021-08_0000000000000000004b,0.6600000262260437,76,8,Wet,2021,2021-08,"{""type"":""MultiPoint"",""coordinates"":[]}"
VHI_M_2021-08_0000000000000000004c,0.7300000190734863,77,8,Wet,2021,2021-08,"{""type"":""MultiPoint"",""coordinates"":[]}"
VHI_M_2021-08_0000000000000000004d,0.6800000071525575,78,8,Wet,2021,2021-08,"{""type"":""MultiPoint"",""coordinates"":[]}"
VHI_M_2021-08_0000000000000000004e,0.6800000071525573,79,8,Wet,2021,2021-08,"{""type"":""MultiPoint"",""coordinates"":[]}"
VHI_M_2021-08_0000000000000000004f,0.6349999904632568,80,8,Wet,2021,2021-08,"{""type"":""MultiPoint"",""coordinates"":[]}"
VHI_M_2021-08_00000000000000000050,0.6499999761581421,81,8,Wet,2021,2021-08,"{""type"":""MultiPoint"",""coordinates"":[]}"
VHI_M_2021-08_00000000000000000051,0.5950000286102295,82,8,Wet,2021,2021-08,"{""type"":""MultiPoint"",""coordinates"":[]}"
VHI_M_2021-08_00000000000000000052,0.6150000095367432,83,8,Wet,2021,2021-08,"{""type"":""MultiPoint"",""coordinates"":[]}"
VHI_M_2021-08_000000000000000000aa,0.6949999928474426,171,8,Wet,2021,2021-08,"{""type"":""MultiPoint"",""coordinates"":[]}"
VHI_M_2021-08_000000000000000000ab,0.639999985694885,172,8,Wet,2021,2021-08,"{""type"":""MultiPoint"",""coordinates"":[]}"
VHI_M_2021-08_000000000000000000ac,0.675000011920929,173,8,Wet,2021,2021-08,"{""type"":""MultiPoint"",""coordinates"":[]}"
VHI_M_2021-08_000000000000000000ad,0.6899999976158141,174,8,Wet,2021,2021-08,"{""type"":""MultiPoint"",""coordinates"":[]}"
VHI_M_2021-08_000000000000000000ae,0.6449999809265137,175,8,Wet,2021,2021-08,"{""type"":""MultiPoint"",""coordinates"":[]}"
VHI_M_2021-08_000000000000000000af,0.8299999833106995,176,8,Wet,2021,2021-08,"{""type"":""MultiPoint"",""coordinates"":[]}"
VHI_M_2021-08_000000000000000000b0,0.7350000143051147,177,8,Wet,2021,2021-08,"{""type"":""MultiPoint"",""coordinates"":[]}"
VHI_M_2021-08_000000000000000001c7,0.4749999940395355,456,8,Wet,2021,2021-08,"{""type"":""MultiPoint"",""coordinates"":[]}"
VHI_M_2021-08_000000000000000001c8,0.7049999833106996,457,8,Wet,2021,2021-08,"{""type"":""MultiPoint"",""coordinates"":[]}"
VHI_M_2021-08_000000000000000001c9,0.6499999761581422,458,8,Wet,2021,2021-08,"{""type"":""MultiPoint"",""coordinates"":[]}"
VHI_M_2021-08_000000000000000001ca,0.5600000023841858,459,8,Wet,2021,2021-08,"{""type"":""MultiPoint"",""coordinates"":[]}"
VHI_M_2021-08_0000000000000000020a,0.6800000071525574,523,8,Wet,2021,2021-08,"{""type"":""MultiPoint"",""coordinates"":[]}"
VHI_M_2021-08_0000000000000000020b,0.7499999999999999,524,8,Wet,2021,2021-08,"{""type"":""MultiPoint"",""coordinates"":[]}"
VHI_M_2021-08_0000000000000000020c,0.7699999809265138,525,8,Wet,2021,2021-08,"{""type"":""MultiPoint"",""coordinates"":[]}"
VHI_M_2021-08_000000000000000001ab,0.4449999928474426,428,8,Wet,2021,2021-08,"{""type"":""MultiPoint"",""coordinates"":[]}"
VHI_M_2021-08_000000000000000001ac,0.3400000035762787,429,8,Wet,2021,2021-08,"{""type"":""MultiPoint"",""coordinates"":[]}"
VHI_M_2021-08_000000000000000001ad,0.47499999403953547,430,8,Wet,2021,2021-08,"{""type"":""MultiPoint"",""coordinates"":[]}"
VHI_M_2021-08_000000000000000001ae,0.6100000143051147,431,8,Wet,2021,2021-08,"{""type"":""MultiPoint"",""coordinates"":[]}"
VHI_M_2021-08_000000000000000001c3,0.449999988079071,452,8,Wet,2021,2021-08,"{""type"":""MultiPoint"",""coordinates"":[]}"
VHI_M_2021-08_00000000000000000037,0.4199999868869781,56,8,Wet,2021,2021-08,"{""type"":""MultiPoint"",""coordinates"":[]}"
VHI_M_2021-08_00000000000000000038,0.5199999809265137,57,8,Wet,2021,2021-08,"{""type"":""MultiPoint"",""coordinates"":[]}"
VHI_M_2021-08_00000000000000000039,0.5,58,8,Wet,2021,2021-08,"{""type"":""MultiPoint"",""coordinates"":[]}"
VHI_M_2021-08_0000000000000000003a,0.5950000286102294,59,8,Wet,2021,2021-08,"{""type"":""MultiPoint"",""coordinates"":[]}"
VHI_M_2021-08_0000000000000000003b,0.2199999988079071,60,8,Wet,2021,2021-08,"{""type"":""MultiPoint"",""coordinates"":[]}"
VHI_M_2021-08_0000000000000000003c,0.3499999940395355,61,8,Wet,2021,2021-08,"{""type"":""MultiPoint"",""coordinates"":[]}"
VHI_M_2021-08_0000000000000000003d,0.37500000000000006,62,8,Wet,2021,2021-08,"{""type"":""MultiPoint"",""coordinates"":[]}"
VHI_M_2021-08_0000000000000000003e,0.4050000011920929,63,8,Wet,2021,2021-08,"{""type"":""MultiPoint"",""coordinates"":[]}"
VHI_M_2021-08_0000000000000000003f,0.5,64,8,Wet,2021,2021-08,"{""type"":""MultiPoint"",""coordinates"":[]}"
VHI_M_2021-08_00000000000000000044,0.41499999165534973,69,8,Wet,2021,2021-08,"{""type"":""MultiPoint"",""coordinates"":[]}"
VHI_M_2021-08_00000000000000000076,0.26499998569488525,119,8,Wet,2021,2021-08,"{""type"":""MultiPoint"",""coordinates"":[]}"
VHI_M_2021-08_00000000000000000077,0.4149999916553498,120,8,Wet,2021,2021-08,"{""type"":""MultiPoint"",""coordinates"":[]}"
VHI_M_2021-08_00000000000000000078,0.37999999523162836,121,8,Wet,2021,2021-08,"{""type"":""MultiPoint"",""coordinates"":[]}"
VHI_M_2021-08_00000000000000000079,0.5600000023841858,122,8,Wet,2021,2021-08,"{""type"":""MultiPoint"",""coordinates"":[]}"
VHI_M_2021-08_0000000000000000008b,0.2800000011920929,140,8,Wet,2021,2021-08,"{""type"":""MultiPoint"",""coordinates"":[]}"
VHI_M_2021-08_0000000000000000008c,0.46500000357627874,141,8,Wet,2021,2021-08,"{""type"":""MultiPoint"",""coordinates"":[]}"
VHI_M_2021-08_0000000000000000008d,0.375,142,8,Wet,2021,2021-08,"{""type"":""MultiPoint"",""coordinates"":[]}"
VHI_M_2021-08_0000000000000000008e,0.375,143,8,Wet,2021,2021-08,"{""type"":""MultiPoint"",""coordinates"":[]}"
VHI_M_2021-08_0000000000000000008f,0.27000001072883606,144,8,Wet,2021,2021-08,"{""type"":""MultiPoint"",""coordinates"":[]}"
VHI_M_2021-08_00000000000000000090,0.4183333218097687,145,8,Wet,2021,2021-08,"{""type"":""MultiPoint"",""coordinates"":[]}"
VHI_M_2021-08_00000000000000000091,0.3899999856948853,146,8,Wet,2021,2021-08,"{""type"":""MultiPoint"",""coordinates"":[]}"
VHI_M_2021-08_000000000000000000b5,0.5699999928474426,182,8,Wet,2021,2021-08,"{""type"":""MultiPoint"",""coordinates"":[]}"
VHI_M_2021-08_000000000000000000cc,0.4399999976158142,205,8,Wet,2021,2021-08,"{""type"":""MultiPoint"",""coordinates"":[]}"
VHI_M_2021-08_000000000000000000cd,0.49000000953674333,206,8,Wet,2021,2021-08,"{""type"":""MultiPoint"",""coordinates"":[]}"
VHI_M_2021-08_000000000000000001dd,0.33500000834465027,478,8,Wet,2021,2021-08,"{""type"":""MultiPoint"",""coordinates"":[]}"
VHI_M_2021-08_000000000000000001de,0.32499998807907104,479,8,Wet,2021,2021-08,"{""type"":""MultiPoint"",""coordinates"":[]}"
VHI_M_2021-08_000000000000000001df,0.38499999046325684,480,8,Wet,2021,2021-08,"{""type"":""MultiPoint"",""coordinates"":[]}"
VHI_M_2021-08_000000000000000001e0,0.39500001072883606,481,8,Wet,2021,2021-08,"{""type"":""MultiPoint"",""coordinates"":[]}"
VHI_M_2021-08_000000000000000001e1,0.4350000023841858,482,8,Wet,2021,2021-08,"{""type"":""MultiPoint"",""coordinates"":[]}"
VHI_M_2021-08_0000000000000000007a,0.6200000047683716,123,8,Wet,2021,2021-08,"{""type"":""MultiPoint"",""coordinates"":[]}"
VHI_M_2021-08_0000000000000000007b,0.45857143827847074,124,8,Wet,2021,2021-08,"{""type"":""MultiPoint"",""coordinates"":[]}"
VHI_M_2021-08_0000000000000000007c,0.38999998569488525,125,8,Wet,2021,2021-08,"{""type"":""MultiPoint"",""coordinates"":[]}"
VHI_M_2021-08_0000000000000000007d,0.4050000011920929,126,8,Wet,2021,2021-08,"{""type"":""MultiPoint"",""coordinates"":[]}"
VHI_M_2021-08_0000000000000000007e,0.4950000047683716,127,8,Wet,2021,2021-08,"{""type"":""MultiPoint"",""coordinates"":[]}"
VHI_M_2021-08_0000000000000000007f,0.3489733329687753,128,8,Wet,2021,2021-08,"{""type"":""MultiPoint"",""coordinates"":[]}"
VHI_M_2021-08_00000000000000000080,0.3319609307831732,129,8,Wet,2021,2021-08,"{""type"":""MultiPoint"",""coordinates"":[]}"
VHI_M_2021-08_00000000000000000088,0.5400000214576721,137,8,Wet,2021,2021-08,"{""type"":""MultiPoint"",""coordinates"":[]}"
VHI_M_2021-08_00000000000000000089,0.5450000166893006,138,8,Wet,2021,2021-08,"{""type"":""MultiPoint"",""coordinates"":[]}"
VHI_M_2021-08_0000000000000000008a,0.4850000143051148,139,8,Wet,2021,2021-08,"{""type"":""MultiPoint"",""coordinates"":[]}"
VHI_M_2021-08_00000000000000000099,0.42500001192092896,154,8,Wet,2021,2021-08,"{""type"":""MultiPoint"",""coordinates"":[]}"
VHI_M_2021-08_0000000000000000009a,0.5012490172619252,155,8,Wet,2021,2021-08,"{""type"":""MultiPoint"",""coordinates"":[]}"
VHI_M_2021-08_00000000000000000112,0.6150000095367432,275,8,Wet,2021,2021-08,"{""type"":""MultiPoint"",""coordinates"":[]}"
VHI_M_2021-08_000000000000000001d8,0.19499999284744263,473,8,Wet,2021,2021-08,"{""type"":""MultiPoint"",""coordinates"":[]}"
VHI_M_2021-08_00000000000000000001,0.6499999761581421,2,8,Wet,2021,2021-08,"{""type"":""MultiPoint"",""coordinates"":[]}"
VHI_M_2021-08_00000000000000000030,0.33500000834465027,49,8,Wet,2021,2021-08,"{""type"":""MultiPoint"",""coordinates"":[]}"
VHI_M_2021-08_00000000000000000031,0.41999998688697815,50,8,Wet,2021,2021-08,"{""type"":""MultiPoint"",""coordinates"":[]}"
VHI_M_2021-08_00000000000000000032,0.44999998807907104,51,8,Wet,2021,2021-08,"{""type"":""MultiPoint"",""coordinates"":[]}"
VHI_M_2021-08_000000000000000000d7,0.36000001430511475,216,8,Wet,2021,2021-08,"{""type"":""MultiPoint"",""coordinates"":[]}"
VHI_M_2021-08_000000000000000000d8,0.40000000596046453,217,8,Wet,2021,2021-08,"{""type"":""MultiPoint"",""coordinates"":[]}"
VHI_M_2021-08_000000000000000000d9,0.5299999713897705,218,8,Wet,2021,2021-08,"{""type"":""MultiPoint"",""coordinates"":[]}"
VHI_M_2021-08_000000000000000000da,0.5299999713897705,219,8,Wet,2021,2021-08,"{""type"":""MultiPoint"",""coordinates"":[]}"
VHI_M_2021-08_00000000000000000132,0.3149999976158142,307,8,Wet,2021,2021-08,"{""type"":""MultiPoint"",""coordinates"":[]}"
VHI_M_2021-08_00000000000000000133,0.45500001311302185,308,8,Wet,2021,2021-08,"{""type"":""MultiPoint"",""coordinates"":[]}"
VHI_M_2021-08_00000000000000000134,0.3083769282823445,309,8,Wet,2021,2021-08,"{""type"":""MultiPoint"",""coordinates"":[]}"
VHI_M_2021-08_00000000000000000135,0.5699999928474426,310,8,Wet,2021,2021-08,"{""type"":""MultiPoint"",""coordinates"":[]}"
VHI_M_2021-08_0000000000000000001f,0.46000000834465027,32,8,Wet,2021,2021-08,"{""type"":""MultiPoint"",""coordinates"":[]}"
VHI_M_2021-08_00000000000000000020,0.5099999904632568,33,8,Wet,2021,2021-08,"{""type"":""MultiPoint"",""coordinates"":[]}"
VHI_M_2021-08_00000000000000000021,0.36500000953674316,34,8,Wet,2021,2021-08,"{""type"":""MultiPoint"",""coordinates"":[]}"
VHI_M_2021-08_00000000000000000045,0.4149999916553497,70,8,Wet,2021,2021-08,"{""type"":""MultiPoint"",""coordinates"":[]}"
VHI_M_2021-08_00000000000000000046,0.6399999856948853,71,8,Wet,2021,2021-08,"{""type"":""MultiPoint"",""coordinates"":[]}"
VHI_M_2021-08_00000000000000000047,0.5,72,8,Wet,2021,2021-08,"{""type"":""MultiPoint"",""coordinates"":[]}"
VHI_M_2021-08_00000000000000000048,0.3100000023841858,73,8,Wet,2021,2021-08,"{""type"":""MultiPoint"",""coordinates"":[]}"
VHI_M_2021-08_00000000000000000072,0.5,115,8,Wet,2021,2021-08,"{""type"":""MultiPoint"",""coordinates"":[]}"
VHI_M_2021-08_00000000000000000073,0.6349999904632568,116,8,Wet,2021,2021-08,"{""type"":""MultiPoint"",""coordinates"":[]}"
VHI_M_2021-08_00000000000000000074,0.5799999833106995,117,8,Wet,2021,2021-08,"{""type"":""MultiPoint"",""coordinates"":[]}"
VHI_M_2021-08_00000000000000000075,0.5049999952316284,118,8,Wet,2021,2021-08,"{""type"":""MultiPoint"",""coordinates"":[]}"
VHI_M_2021-08_000000000000000000b4,0.33500000834465027,181,8,Wet,2021,2021-08,"{""type"":""MultiPoint"",""coordinates"":[]}"
VHI_M_2021-08_000000000000000000e8,0.33000001311302185,233,8,Wet,2021,2021-08,"{""type"":""MultiPoint"",""coordinates"":[]}"
VHI_M_2021-08_000000000000000000e9,0.3000000119209289,234,8,Wet,2021,2021-08,"{""type"":""MultiPoint"",""coordinates"":[]}"
VHI_M_2021-08_000000000000000000ea,0.38999998569488525,235,8,Wet,2021,2021-08,"{""type"":""MultiPoint"",""coordinates"":[]}"
VHI_M_2021-08_00000000000000000022,0.4350000023841858,35,8,Wet,2021,2021-08,"{""type"":""MultiPoint"",""coordinates"":[]}"
VHI_M_2021-08_00000000000000000023,0.36000001430511475,36,8,Wet,2021,2021-08,"{""type"":""MultiPoint"",""coordinates"":[]}"
VHI_M_2021-08_00000000000000000024,0.38499999046325684,37,8,Wet,2021,2021-08,"{""type"":""MultiPoint"",""coordinates"":[]}"
VHI_M_2021-08_00000000000000000025,0.2649999856948852,38,8,Wet,2021,2021-08,"{""type"":""MultiPoint"",""coordinates"":[]}"
VHI_M_2021-08_000000000000000000f0,0.35499998927116394,241,8,Wet,2021,2021-08,"{""type"":""MultiPoint"",""coordinates"":[]}"
VHI_M_2021-08_000000000000000000f4,0.4900000095367432,245,8,Wet,2021,2021-08,"{""type"":""MultiPoint"",""coordinates"":[]}"
VHI_M_2021-08_000000000000000000f5,0.4749999940395355,246,8,Wet,2021,2021-08,"{""type"":""MultiPoint"",""coordinates"":[]}"
VHI_M_2021-08_000000000000000000f6,0.47999998927116394,247,8,Wet,2021,2021-08,"{""type"":""MultiPoint"",""coordinates"":[]}"
VHI_M_2021-08_000000000000000000f7,0.3350000083446502,248,8,Wet,2021,2021-08,"{""type"":""MultiPoint"",""coordinates"":[]}"
VHI_M_2021-08_000000000000000000f8,0.27500000596046437,249,8,Wet,2021,2021-08,"{""type"":""MultiPoint"",""coordinates"":[]}"
VHI_M_2021-08_00000000000000000000,0.4699999988079071,1,8,Wet,2021,2021-08,"{""type"":""MultiPoint"",""coordinates"":[]}"
VHI_M_2021-08_000000000000000000f2,0.4000000059604645,243,8,Wet,2021,2021-08,"{""type"":""MultiPoint"",""coordinates"":[]}"
VHI_M_2021-08_000000000000000000f3,0.35499998927116383,244,8,Wet,2021,2021-08,"{""type"":""MultiPoint"",""coordinates"":[]}"
VHI_M_2021-08_00000000000000000106,0.2899999916553497,263,8,Wet,2021,2021-08,"{""type"":""MultiPoint"",""coordinates"":[]}"
VHI_M_2021-08_00000000000000000107,0.46500000357627874,264,8,Wet,2021,2021-08,"{""type"":""MultiPoint"",""coordinates"":[]}"
VHI_M_2021-08_00000000000000000108,0.2549999952316284,265,8,Wet,2021,2021-08,"{""type"":""MultiPoint"",""coordinates"":[]}"
VHI_M_2021-08_0000000000000000012c,0.479999989271164,301,8,Wet,2021,2021-08,"{""type"":""MultiPoint"",""coordinates"":[]}"
VHI_M_2021-08_0000000000000000012d,0.43500000238418585,302,8,Wet,2021,2021-08,"{""type"":""MultiPoint"",""coordinates"":[]}"
VHI_M_2021-08_0000000000000000012e,0.42500001192092896,303,8,Wet,2021,2021-08,"{""type"":""MultiPoint"",""coordinates"":[]}"
VHI_M_2021-08_000000000000000000a5,0.6600000262260438,166,8,Wet,2021,2021-08,"{""type"":""MultiPoint"",""coordinates"":[]}"
VHI_M_2021-08_000000000000000000a6,0.4699999988079071,167,8,Wet,2021,2021-08,"{""type"":""MultiPoint"",""coordinates"":[]}"
VHI_M_2021-08_000000000000000000c1,0.4749999940395355,194,8,Wet,2021,2021-08,"{""type"":""MultiPoint"",""coordinates"":[]}"
VHI_M_2021-08_00000000000000000120,0.4050000011920929,289,8,Wet,2021,2021-08,"{""type"":""MultiPoint"",""coordinates"":[]}"
VHI_M_2021-08_000000000000000001d9,0.33500000834465027,474,8,Wet,2021,2021-08,"{""type"":""MultiPoint"",""coordinates"":[]}"
VHI_M_2021-08_000000000000000001da,0.3199999928474426,475,8,Wet,2021,2021-08,"{""type"":""MultiPoint"",""coordinates"":[]}"
VHI_M_2021-08_000000000000000001db,0.375,476,8,Wet,2021,2021-08,"{""type"":""MultiPoint"",""coordinates"":[]}"
VHI_M_2021-08_000000000000000001dc,0.35499998927116394,477,8,Wet,2021,2021-08,"{""type"":""MultiPoint"",""coordinates"":[]}"
VHI_M_2021-08_000000000000000001e2,0.4749999940395355,483,8,Wet,2021,2021-08,"{""type"":""MultiPoint"",""coordinates"":[]}"
VHI_M_2021-08_000000000000000001e3,0.4300000071525574,484,8,Wet,2021,2021-08,"{""type"":""MultiPoint"",""coordinates"":[]}"
VHI_M_2021-08_000000000000000001e4,0.35499998927116394,485,8,Wet,2021,2021-08,"{""type"":""MultiPoint"",""coordinates"":[]}"
VHI_M_2021-08_000000000000000001e5,0.24500000476837158,486,8,Wet,2021,2021-08,"{""type"":""MultiPoint"",""coordinates"":[]}"
VHI_M_2021-08_000000000000000001e6,0.5799999833106995,487,8,Wet,2021,2021-08,"{""type"":""MultiPoint"",""coordinates"":[]}"
VHI_M_2021-08_000000000000000001e7,0.39500001072883606,488,8,Wet,2021,2021-08,"{""type"":""MultiPoint"",""coordinates"":[]}"
VHI_M_2021-08_000000000000000001e8,0.3700000047683716,489,8,Wet,2021,2021-08,"{""type"":""MultiPoint"",""coordinates"":[]}"
VHI_M_2021-08_000000000000000001e9,0.47999998927116394,490,8,Wet,2021,2021-08,"{""type"":""MultiPoint"",""coordinates"":[]}"
VHI_M_2021-08_000000000000000000e2,0.6050000190734864,227,8,Wet,2021,2021-08,"{""type"":""MultiPoint"",""coordinates"":[]}"
VHI_M_2021-08_000000000000000000e3,0.6600000262260437,228,8,Wet,2021,2021-08,"{""type"":""MultiPoint"",""coordinates"":[]}"
VHI_M_2021-08_000000000000000000e4,0.6499999761581421,229,8,Wet,2021,2021-08,"{""type"":""MultiPoint"",""coordinates"":[]}"
VHI_M_2021-08_000000000000000000e5,0.7350000143051147,230,8,Wet,2021,2021-08,"{""type"":""MultiPoint"",""coordinates"":[]}"
VHI_M_2021-08_000000000000000000e6,0.8550000190734863,231,8,Wet,2021,2021-08,"{""type"":""MultiPoint"",""coordinates"":[]}"
VHI_M_2021-08_000000000000000000e7,0.45500001311302185,232,8,Wet,2021,2021-08,"{""type"":""MultiPoint"",""coordinates"":[]}"
VHI_M_2021-08_0000000000000000017f,0.6100000143051147,384,8,Wet,2021,2021-08,"{""type"":""MultiPoint"",""coordinates"":[]}"
VHI_M_2021-08_00000000000000000180,0.4799999892711639,385,8,Wet,2021,2021-08,"{""type"":""MultiPoint"",""coordinates"":[]}"
VHI_M_2021-08_00000000000000000203,0.5199999809265137,516,8,Wet,2021,2021-08,"{""type"":""MultiPoint"",""coordinates"":[]}"
VHI_M_2021-08_00000000000000000204,0.49500000476837164,517,8,Wet,2021,2021-08,"{""type"":""MultiPoint"",""coordinates"":[]}"
VHI_M_2021-08_00000000000000000205,0.600000023841858,518,8,Wet,2021,2021-08,"{""type"":""MultiPoint"",""coordinates"":[]}"
VHI_M_2021-08_00000000000000000206,0.5849999785423279,519,8,Wet,2021,2021-08,"{""type"":""MultiPoint"",""coordinates"":[]}"
VHI_M_2021-08_00000000000000000207,0.6050000190734862,520,8,Wet,2021,2021-08,"{""type"":""MultiPoint"",""coordinates"":[]}"
VHI_M_2021-08_00000000000000000208,0.5550000071525574,521,8,Wet,2021,2021-08,"{""type"":""MultiPoint"",""coordinates"":[]}"
VHI_M_2021-08_00000000000000000209,0.574999988079071,522,8,Wet,2021,2021-08,"{""type"":""MultiPoint"",""coordinates"":[]}"
VHI_M_2021-08_0000000000000000000e,0.6650000214576721,15,8,Wet,2021,2021-08,"{""type"":""MultiPoint"",""coordinates"":[]}"
VHI_M_2021-08_00000000000000000124,0.5699999928474426,293,8,Wet,2021,2021-08,"{""type"":""MultiPoint"",""coordinates"":[]}"
VHI_M_2021-08_00000000000000000125,0.4550000131130219,294,8,Wet,2021,2021-08,"{""type"":""MultiPoint"",""coordinates"":[]}"
VHI_M_2021-08_00000000000000000126,0.3100000023841857,295,8,Wet,2021,2021-08,"{""type"":""MultiPoint"",""coordinates"":[]}"
VHI_M_2021-08_00000000000000000127,0.5649999976158143,296,8,Wet,2021,2021-08,"{""type"":""MultiPoint"",""coordinates"":[]}"
VHI_M_2021-08_00000000000000000128,0.3100000023841858,297,8,Wet,2021,2021-08,"{""type"":""MultiPoint"",""coordinates"":[]}"
VHI_M_2021-08_00000000000000000129,0.4900000095367432,298,8,Wet,2021,2021-08,"{""type"":""MultiPoint"",""coordinates"":[]}"
VHI_M_2021-08_0000000000000000012a,0.36500000953674305,299,8,Wet,2021,2021-08,"{""type"":""MultiPoint"",""coordinates"":[]}"
VHI_M_2021-08_0000000000000000012b,0.49500000476837164,300,8,Wet,2021,2021-08,"{""type"":""MultiPoint"",""coordinates"":[]}"
VHI_M_2021-08_00000000000000000174,0.5199999809265137,373,8,Wet,2021,2021-08,"{""type"":""MultiPoint"",""coordinates"":[]}"
VHI_M_2021-08_00000000000000000175,0.37499999999999994,374,8,Wet,2021,2021-08,"{""type"":""MultiPoint"",""coordinates"":[]}"
VHI_M_2021-08_00000000000000000176,0.5199999809265137,375,8,Wet,2021,2021-08,"{""type"":""MultiPoint"",""coordinates"":[]}"
VHI_M_2021-08_00000000000000000177,0.5600000023841858,376,8,Wet,2021,2021-08,"{""type"":""MultiPoint"",""coordinates"":[]}"
VHI_M_2021-08_00000000000000000195,0.6999999880790712,406,8,Wet,2021,2021-08,"{""type"":""MultiPoint"",""coordinates"":[]}"
VHI_M_2021-08_00000000000000000196,0.6650000214576721,407,8,Wet,2021,2021-08,"{""type"":""MultiPoint"",""coordinates"":[]}"
VHI_M_2021-08_00000000000000000197,0.6399999856948853,408,8,Wet,2021,2021-08,"{""type"":""MultiPoint"",""coordinates"":[]}"
VHI_M_2021-08_00000000000000000198,0.6299999952316283,409,8,Wet,2021,2021-08,"{""type"":""MultiPoint"",""coordinates"":[]}"
VHI_M_2021-08_00000000000000000199,0.6899999976158143,410,8,Wet,2021,2021-08,"{""type"":""MultiPoint"",""coordinates"":[]}"
VHI_M_2021-08_00000000000000000035,0.5649999976158142,54,8,Wet,2021,2021-08,"{""type"":""MultiPoint"",""coordinates"":[]}"
VHI_M_2021-08_000000000000000000ce,0.5500000119209288,207,8,Wet,2021,2021-08,"{""type"":""MultiPoint"",""coordinates"":[]}"
VHI_M_2021-08_000000000000000000cf,0.49000000953674316,208,8,Wet,2021,2021-08,"{""type"":""MultiPoint"",""coordinates"":[]}"
VHI_M_2021-08_000000000000000000d0,0.550000011920929,209,8,Wet,2021,2021-08,"{""type"":""MultiPoint"",""coordinates"":[]}"
VHI_M_2021-08_000000000000000000d1,0.5649999976158142,210,8,Wet,2021,2021-08,"{""type"":""MultiPoint"",""coordinates"":[]}"
VHI_M_2021-08_000000000000000001ea,0.4300000071525574,491,8,Wet,2021,2021-08,"{""type"":""MultiPoint"",""coordinates"":[]}"
VHI_M_2021-08_000000000000000001eb,0.3700000047683716,492,8,Wet,2021,2021-08,"{""type"":""MultiPoint"",""coordinates"":[]}"
VHI_M_2021-08_000000000000000001ec,0.37999999523162836,493,8,Wet,2021,2021-08,"{""type"":""MultiPoint"",""coordinates"":[]}"
VHI_M_2021-08_000000000000000001ed,0.5297664792699908,494,8,Wet,2021,2021-08,"{""type"":""MultiPoint"",""coordinates"":[]}"
VHI_M_2021-08_000000000000000001f4,0.6150000095367432,501,8,Wet,2021,2021-08,"{""type"":""MultiPoint"",""coordinates"":[]}"
VHI_M_2021-08_000000000000000001f5,0.5249999761581421,502,8,Wet,2021,2021-08,"{""type"":""MultiPoint"",""coordinates"":[]}"
VHI_M_2021-08_000000000000000001f6,0.625,503,8,Wet,2021,2021-08,"{""type"":""MultiPoint"",""coordinates"":[]}"
VHI_M_2021-08_000000000000000001f7,0.6385573962953772,504,8,Wet,2021,2021-08,"{""type"":""MultiPoint"",""coordinates"":[]}"
VHI_M_2021-08_000000000000000001f8,0.6399999856948853,505,8,Wet,2021,2021-08,"{""type"":""MultiPoint"",""coordinates"":[]}"
VHI_M_2021-08_000000000000000001f9,0.7099999785423279,506,8,Wet,2021,2021-08,"{""type"":""MultiPoint"",""coordinates"":[]}"
VHI_M_2021-08_000000000000000001fa,0.4650000035762787,507,8,Wet,2021,2021-08,"{""type"":""MultiPoint"",""coordinates"":[]}"
VHI_M_2021-08_000000000000000001fb,0.5350000262260436,508,8,Wet,2021,2021-08,"{""type"":""MultiPoint"",""coordinates"":[]}"
VHI_M_2021-08_000000000000000001fc,0.4050000011920928,509,8,Wet,2021,2021-08,"{""type"":""MultiPoint"",""coordinates"":[]}"
VHI_M_2021-08_000000000000000001fd,0.5416673358005916,510,8,Wet,2021,2021-08,"{""type"":""MultiPoint"",""coordinates"":[]}"
VHI_M_2021-08_00000000000000000049,0.5299999713897705,74,8,Wet,2021,2021-08,"{""type"":""MultiPoint"",""coordinates"":[]}"
VHI_M_2021-08_0000000000000000004a,0.5649999976158142,75,8,Wet,2021,2021-08,"{""type"":""MultiPoint"",""coordinates"":[]}"
VHI_M_2021-08_000000000000000000fd,0.6449999809265137,254,8,Wet,2021,2021-08,"{""type"":""MultiPoint"",""coordinates"":[]}"
VHI_M_2021-08_000000000000000000fe,0.5199999809265137,255,8,Wet,2021,2021-08,"{""type"":""MultiPoint"",""coordinates"":[]}"
VHI_M_2021-08_00000000000000000191,0.5450000166893005,402,8,Wet,2021,2021-08,"{""type"":""MultiPoint"",""coordinates"":[]}"
VHI_M_2021-08_0000000000000000016e,0.4399999976158142,367,8,Wet,2021,2021-08,"{""type"":""MultiPoint"",""coordinates"":[]}"
VHI_M_2021-08_0000000000000000016f,0.42500001192092896,368,8,Wet,2021,2021-08,"{""type"":""MultiPoint"",""coordinates"":[]}"
VHI_M_2021-08_00000000000000000170,0.5950000286102295,369,8,Wet,2021,2021-08,"{""type"":""MultiPoint"",""coordinates"":[]}"
VHI_M_2021-08_00000000000000000181,0.7099999785423279,386,8,Wet,2021,2021-08,"{""type"":""MultiPoint"",""coordinates"":[]}"
VHI_M_2021-08_00000000000000000182,0.6549999713897705,387,8,Wet,2021,2021-08,"{""type"":""MultiPoint"",""coordinates"":[]}"
VHI_M_2021-08_00000000000000000228,0.6050000190734864,553,8,Wet,2021,2021-08,"{""type"":""MultiPoint"",""coordinates"":[]}"
VHI_M_2021-09_00000000000000000017,0.17499999701976776,24,9,Wet,2021,2021-09,"{""type"":""MultiPoint"",""coordinates"":[]}"
VHI_M_2021-09_00000000000000000018,0.23999999463558197,25,9,Wet,2021,2021-09,"{""type"":""MultiPoint"",""coordinates"":[]}"
VHI_M_2021-09_00000000000000000019,0.2150000035762787,26,9,Wet,2021,2021-09,"{""type"":""MultiPoint"",""coordinates"":[]}"
VHI_M_2021-09_0000000000000000001a,0.23499999940395355,27,9,Wet,2021,2021-09,"{""type"":""MultiPoint"",""coordinates"":[]}"
VHI_M_2021-09_0000000000000000005b,0.4000000059604645,92,9,Wet,2021,2021-09,"{""type"":""MultiPoint"",""coordinates"":[]}"
VHI_M_2021-09_0000000000000000005c,0.11999999731779099,93,9,Wet,2021,2021-09,"{""type"":""MultiPoint"",""coordinates"":[]}"
VHI_M_2021-09_0000000000000000005d,,94,9,Wet,2021,2021-09,"{""type"":""MultiPoint"",""coordinates"":[]}"
VHI_M_2021-09_0000000000000000005e,0.20000000298023224,95,9,Wet,2021,2021-09,"{""type"":""MultiPoint"",""coordinates"":[]}"
VHI_M_2021-09_0000000000000000005f,0.2849999964237213,96,9,Wet,2021,2021-09,"{""type"":""MultiPoint"",""coordinates"":[]}"
VHI_M_2021-09_000000000000000000b6,0.36500000953674316,183,9,Wet,2021,2021-09,"{""type"":""MultiPoint"",""coordinates"":[]}"
VHI_M_2021-09_000000000000000000b7,0.4699999988079071,184,9,Wet,2021,2021-09,"{""type"":""MultiPoint"",""coordinates"":[]}"
VHI_M_2021-09_000000000000000000b8,0.23499999940395355,185,9,Wet,2021,2021-09,"{""type"":""MultiPoint"",""coordinates"":[]}"
VHI_M_2021-09_000000000000000000b9,0.2849999964237213,186,9,Wet,2021,2021-09,"{""type"":""MultiPoint"",""coordinates"":[]}"
VHI_M_2021-09_000000000000000000ba,0.41999998688697815,187,9,Wet,2021,2021-09,"{""type"":""MultiPoint"",""coordinates"":[]}"
VHI_M_2021-09_000000000000000000bb,0.33500000834465027,188,9,Wet,2021,2021-09,"{""type"":""MultiPoint"",""coordinates"":[]}"
VHI_M_2021-09_000000000000000001a0,0.5600000023841858,417,9,Wet,2021,2021-09,"{""type"":""MultiPoint"",""coordinates"":[]}"
VHI_M_2021-09_000000000000000001a1,0.47999998927116394,418,9,Wet,2021,2021-09,"{""type"":""MultiPoint"",""coordinates"":[]}"
VHI_M_2021-09_000000000000000001a2,0.6050000190734863,419,9,Wet,2021,2021-09,"{""type"":""MultiPoint"",""coordinates"":[]}"
VHI_M_2021-09_000000000000000001a3,0.39500001072883606,420,9,Wet,2021,2021-09,"{""type"":""MultiPoint"",""coordinates"":[]}"
VHI_M_2021-09_000000000000000001cb,0.375,460,9,Wet,2021,2021-09,"{""type"":""MultiPoint"",""coordinates"":[]}"
VHI_M_2021-09_000000000000000001cc,0.4350000023841858,461,9,Wet,2021,2021-09,"{""type"":""MultiPoint"",""coordinates"":[]}"
VHI_M_2021-09_0000000000000000021b,0.44999998807907104,540,9,Wet,2021,2021-09,"{""type"":""MultiPoint"",""coordinates"":[]}"
VHI_M_2021-09_0000000000000000021c,0.5249999761581421,541,9,Wet,2021,2021-09,"{""type"":""MultiPoint"",""coordinates"":[]}"
VHI_M_2021-09_0000000000000000021d,0.4749999940395355,542,9,Wet,2021,2021-09,"{""type"":""MultiPoint"",""coordinates"":[]}"
VHI_M_2021-09_000000000000000000bf,0.375,192,9,Wet,2021,2021-09,"{""type"":""MultiPoint"",""coordinates"":[]}"
VHI_M_2021-09_000000000000000000c0,0.44999998807907104,193,9,Wet,2021,2021-09,"{""type"":""MultiPoint"",""coordinates"":[]}"
VHI_M_2021-09_0000000000000000010a,0.375,267,9,Wet,2021,2021-09,"{""type"":""MultiPoint"",""coordinates"":[]}"
VHI_M_2021-09_0000000000000000010b,0.4350000023841858,268,9,Wet,2021,2021-09,"{""type"":""MultiPoint"",""coordinates"":[]}"
VHI_M_2021-09_00000000000000000226,0.5649999976158142,551,9,Wet,2021,2021-09,"{""type"":""MultiPoint"",""coordinates"":[]}"
VHI_M_2021-09_00000000000000000227,0.6499999761581421,552,9,Wet,2021,2021-09,"{""type"":""MultiPoint"",""coordinates"":[]}"
VHI_M_2021-09_000000000000000001a4,0.46000000834465027,421,9,Wet,2021,2021-09,"{""type"":""MultiPoint"",""coordinates"":[]}"
VHI_M_2021-09_000000000000000001a5,0.5249999761581421,422,9,Wet,2021,2021-09,"{""type"":""MultiPoint"",""coordinates"":[]}"
VHI_M_2021-09_000000000000000001a6,0.5849999785423279,423,9,Wet,2021,2021-09,"{""type"":""MultiPoint"",""coordinates"":[]}"
VHI_M_2021-09_000000000000000001a7,0.5849999785423279,424,9,Wet,2021,2021-09,"{""type"":""MultiPoint"",""coordinates"":[]}"
VHI_M_2021-09_000000000000000001a8,0.5899999737739563,425,9,Wet,2021,2021-09,"{""type"":""MultiPoint"",""coordinates"":[]}"
VHI_M_2021-09_000000000000000001a9,0.39500001072883606,426,9,Wet,2021,2021-09,"{""type"":""MultiPoint"",""coordinates"":[]}"
VHI_M_2021-09_000000000000000001aa,0.48500001430511475,427,9,Wet,2021,2021-09,"{""type"":""MultiPoint"",""coordinates"":[]}"
VHI_M_2021-09_000000000000000001fe,0.8199999928474426,511,9,Wet,2021,2021-09,"{""type"":""MultiPoint"",""coordinates"":[]}"
VHI_M_2021-09_000000000000000001ff,0.47999998927116394,512,9,Wet,2021,2021-09,"{""type"":""MultiPoint"",""coordinates"":[]}"
VHI_M_2021-09_00000000000000000200,0.7200000286102295,513,9,Wet,2021,2021-09,"{""type"":""MultiPoint"",""coordinates"":[]}"
VHI_M_2021-09_00000000000000000201,0.6499999761581421,514,9,Wet,2021,2021-09,"{""type"":""MultiPoint"",""coordinates"":[]}"
VHI_M_2021-09_00000000000000000202,0.8299999833106995,515,9,Wet,2021,2021-09,"{""type"":""MultiPoint"",""coordinates"":[]}"
VHI_M_2021-09_00000000000000000002,0.5,3,9,Wet,2021,2021-09,"{""type"":""MultiPoint"",""coordinates"":[]}"
VHI_M_2021-09_0000000000000000000d,0.5950000286102295,14,9,Wet,2021,2021-09,"{""type"":""MultiPoint"",""coordinates"":[]}"
VHI_M_2021-09_00000000000000000027,0.5649999976158142,40,9,Wet,2021,2021-09,"{""type"":""MultiPoint"",""coordinates"":[]}"
VHI_M_2021-09_00000000000000000070,0.4550000131130219,113,9,Wet,2021,2021-09,"{""type"":""MultiPoint"",""coordinates"":[]}"
VHI_M_2021-09_00000000000000000071,0.5299999713897705,114,9,Wet,2021,2021-09,"{""type"":""MultiPoint"",""coordinates"":[]}"
VHI_M_2021-09_000000000000000001b0,0.45500001311302185,433,9,Wet,2021,2021-09,"{""type"":""MultiPoint"",""coordinates"":[]}"
VHI_M_2021-09_000000000000000001b1,0.5299999713897705,434,9,Wet,2021,2021-09,"{""type"":""MultiPoint"",""coordinates"":[]}"
VHI_M_2021-09_000000000000000001b2,0.3400000035762787,435,9,Wet,2021,2021-09,"{""type"":""MultiPoint"",""coordinates"":[]}"
VHI_M_2021-09_000000000000000001cd,0.5199999809265137,462,9,Wet,2021,2021-09,"{""type"":""MultiPoint"",""coordinates"":[]}"
VHI_M_2021-09_000000000000000001ce,0.4399999976158142,463,9,Wet,2021,2021-09,"{""type"":""MultiPoint"",""coordinates"":[]}"
VHI_M_2021-09_000000000000000001cf,0.4399999976158142,464,9,Wet,2021,2021-09,"{""type"":""MultiPoint"",""coordinates"":[]}"
VHI_M_2021-09_0000000000000000001c,0.5799999833106995,29,9,Wet,2021,2021-09,"{""type"":""MultiPoint"",""coordinates"":[]}"
VHI_M_2021-09_0000000000000000001d,0.5899999737739563,30,9,Wet,2021,2021-09,"{""type"":""MultiPoint"",""coordinates"":[]}"
VHI_M_2021-09_0000000000000000001e,0.6549999713897705,31,9,Wet,2021,2021-09,"{""type"":""MultiPoint"",""coordinates"":[]}"
VHI_M_2021-09_00000000000000000026,0.5249999761581421,39,9,Wet,2021,2021-09,"{""type"":""MultiPoint"",""coordinates"":[]}"
VHI_M_2021-09_000000000000000000f9,0.5799999833106996,250,9,Wet,2021,2021-09,"{""type"":""MultiPoint"",""coordinates"":[]}"
VHI_M_2021-09_000000000000000000fa,0.5199999809265137,251,9,Wet,2021,2021-09,"{""type"":""MultiPoint"",""coordinates"":[]}"
VHI_M_2021-09_000000000000000000fb,0.45500001311302185,252,9,Wet,2021,2021-09,"{""type"":""MultiPoint"",""coordinates"":[]}"
VHI_M_2021-09_000000000000000000fc,0.4350000023841858,253,9,Wet,2021,2021-09,"{""type"":""MultiPoint"",""coordinates"":[]}"
VHI_M_2021-09_00000000000000000163,0.3650000095367431,356,9,Wet,2021,2021-09,"{""type"":""MultiPoint"",""coordinates"":[]}"
VHI_M_2021-09_00000000000000000164,0.3799999952316284,357,9,Wet,2021,2021-09,"{""type"":""MultiPoint"",""coordinates"":[]}"
VHI_M_2021-09_00000000000000000165,0.4900000095367431,358,9,Wet,2021,2021-09,"{""type"":""MultiPoint"",""coordinates"":[]}"
VHI_M_2021-09_00000000000000000166,0.44999998807907104,359,9,Wet,2021,2021-09,"{""type"":""MultiPoint"",""coordinates"":[]}"
VHI_M_2021-09_00000000000000000149,0.5600000023841858,330,9,Wet,2021,2021-09,"{""type"":""MultiPoint"",""coordinates"":[]}"
VHI_M_2021-09_0000000000000000014a,0.43500000238418585,331,9,Wet,2021,2021-09,"{""type"":""MultiPoint"",""coordinates"":[]}"
VHI_M_2021-09_0000000000000000014b,0.5,332,9,Wet,2021,2021-09,"{""type"":""MultiPoint"",""coordinates"":[]}"
VHI_M_2021-09_0000000000000000014c,0.5400000214576721,333,9,Wet,2021,2021-09,"{""type"":""MultiPoint"",""coordinates"":[]}"
VHI_M_2021-09_0000000000000000014d,0.4900000095367433,334,9,Wet,2021,2021-09,"{""type"":""MultiPoint"",""coordinates"":[]}"
VHI_M_2021-09_0000000000000000014e,0.550000011920929,335,9,Wet,2021,2021-09,"{""type"":""MultiPoint"",""coordinates"":[]}"
VHI_M_2021-09_00000000000000000158,0.40500000119209284,345,9,Wet,2021,2021-09,"{""type"":""MultiPoint"",""coordinates"":[]}"
VHI_M_2021-09_00000000000000000159,0.550000011920929,346,9,Wet,2021,2021-09,"{""type"":""MultiPoint"",""coordinates"":[]}"
VHI_M_2021-09_0000000000000000015a,0.4499999880790711,347,9,Wet,2021,2021-09,"{""type"":""MultiPoint"",""coordinates"":[]}"
VHI_M_2021-09_0000000000000000015b,0.3849999904632569,348,9,Wet,2021,2021-09,"{""type"":""MultiPoint"",""coordinates"":[]}"
VHI_M_2021-09_0000000000000000015c,0.1650000065565109,349,9,Wet,2021,2021-09,"{""type"":""MultiPoint"",""coordinates"":[]}"
VHI_M_2021-09_0000000000000000015d,0.5,350,9,Wet,2021,2021-09,"{""type"":""MultiPoint"",""coordinates"":[]}"
VHI_M_2021-09_00000000000000000008,0.4350000023841858,9,9,Wet,2021,2021-09,"{""type"":""MultiPoint"",""coordinates"":[]}"
VHI_M_2021-09_000000000000000000c2,0.5099999904632568,195,9,Wet,2021,2021-09,"{""type"":""MultiPoint"",""coordinates"":[]}"
VHI_M_2021-09_000000000000000000c3,0.4149999916553497,196,9,Wet,2021,2021-09,"{""type"":""MultiPoint"",""coordinates"":[]}"
VHI_M_2021-09_000000000000000000c4,0.5400000214576721,197,9,Wet,2021,2021-09,"{""type"":""MultiPoint"",""coordinates"":[]}"
VHI_M_2021-09_000000000000000000c5,0.5299999713897705,198,9,Wet,2021,2021-09,"{""type"":""MultiPoint"",""coordinates"":[]}"
VHI_M_2021-09_000000000000000000c6,0.5550000071525573,199,9,Wet,2021,2021-09,"{""type"":""MultiPoint"",""coordinates"":[]}"
VHI_M_2021-09_000000000000000000c7,0.3499999940395355,200,9,Wet,2021,2021-09,"{""type"":""MultiPoint"",""coordinates"":[]}"
VHI_M_2021-09_000000000000000000c8,0.5400000214576721,201,9,Wet,2021,2021-09,"{""type"":""MultiPoint"",""coordinates"":[]}"
VHI_M_2021-09_000000000000000000c9,0.37500000000000006,202,9,Wet,2021,2021-09,"{""type"":""MultiPoint"",""coordinates"":[]}"
VHI_M_2021-09_00000000000000000136,0.6150000095367432,311,9,Wet,2021,2021-09,"{""type"":""MultiPoint"",""coordinates"":[]}"
VHI_M_2021-09_00000000000000000137,0.675000011920929,312,9,Wet,2021,2021-09,"{""type"":""MultiPoint"",""coordinates"":[]}"
VHI_M_2021-09_00000000000000000138,0.574999988079071,313,9,Wet,2021,2021-09,"{""type"":""MultiPoint"",""coordinates"":[]}"
VHI_M_2021-09_00000000000000000139,0.5899999737739563,314,9,Wet,2021,2021-09,"{""type"":""MultiPoint"",""coordinates"":[]}"
VHI_M_2021-09_0000000000000000013a,0.5699999928474426,315,9,Wet,2021,2021-09,"{""type"":""MultiPoint"",""coordinates"":[]}"
VHI_M_2021-09_000000000000000001ef,0.4449999928474426,496,9,Wet,2021,2021-09,"{""type"":""MultiPoint"",""coordinates"":[]}"
VHI_M_2021-09_000000000000000001f0,0.5099999904632568,497,9,Wet,2021,2021-09,"{""type"":""MultiPoint"",""coordinates"":[]}"
VHI_M_2021-09_00000000000000000081,0.125,130,9,Wet,2021,2021-09,"{""type"":""MultiPoint"",""coordinates"":[]}"
VHI_M_2021-09_000000000000000000a0,0.35499998927116394,161,9,Wet,2021,2021-09,"{""type"":""MultiPoint"",""coordinates"":[]}"
VHI_M_2021-09_000000000000000000a1,0.3249999880790711,162,9,Wet,2021,2021-09,"{""type"":""MultiPoint"",""coordinates"":[]}"
VHI_M_2021-09_000000000000000000a2,0.46000000834465016,163,9,Wet,2021,2021-09,"{""type"":""MultiPoint"",""coordinates"":[]}"
VHI_M_2021-09_000000000000000000a3,0.3100000023841858,164,9,Wet,2021,2021-09,"{""type"":""MultiPoint"",""coordinates"":[]}"
VHI_M_2021-09_000000000000000000a4,0.5450000166893005,165,9,Wet,2021,2021-09,"{""type"":""MultiPoint"",""coordinates"":[]}"
VHI_M_2021-09_0000000000000000014f,0.4650000035762787,336,9,Wet,2021,2021-09,"{""type"":""MultiPoint"",""coordinates"":[]}"
VHI_M_2021-09_00000000000000000150,0.2750000059604645,337,9,Wet,2021,2021-09,"{""type"":""MultiPoint"",""coordinates"":[]}"
VHI_M_2021-09_00000000000000000151,0.4850000143051147,338,9,Wet,2021,2021-09,"{""type"":""MultiPoint"",""coordinates"":[]}"
VHI_M_2021-09_00000000000000000152,0.4000000059604645,339,9,Wet,2021,2021-09,"{""type"":""MultiPoint"",""coordinates"":[]}"
VHI_M_2021-09_00000000000000000153,0.4650000035762787,340,9,Wet,2021,2021-09,"{""type"":""MultiPoint"",""coordinates"":[]}"
VHI_M_2021-09_00000000000000000171,0.5299999713897705,370,9,Wet,2021,2021-09,"{""type"":""MultiPoint"",""coordinates"":[]}"
VHI_M_2021-09_00000000000000000172,0.469999998807907,371,9,Wet,2021,2021-09,"{""type"":""MultiPoint"",""coordinates"":[]}"
VHI_M_2021-09_00000000000000000173,0.47999998927116394,372,9,Wet,2021,2021-09,"{""type"":""MultiPoint"",""coordinates"":[]}"
VHI_M_2021-09_000000000000000001f1,0.5550000071525574,498,9,Wet,2021,2021-09,"{""type"":""MultiPoint"",""coordinates"":[]}"
VHI_M_2021-09_000000000000000001f2,0.3400000035762787,499,9,Wet,2021,2021-09,"{""type"":""MultiPoint"",""coordinates"":[]}"
VHI_M_2021-09_000000000000000001f3,0.2849999964237213,500,9,Wet,2021,2021-09,"{""type"":""MultiPoint"",""coordinates"":[]}"
VHI_M_2021-09_00000000000000000092,0.5450000166893005,147,9,Wet,2021,2021-09,"{""type"":""MultiPoint"",""coordinates"":[]}"
VHI_M_2021-09_00000000000000000093,0.4600000083446502,148,9,Wet,2021,2021-09,"{""type"":""MultiPoint"",""coordinates"":[]}"
VHI_M_2021-09_00000000000000000094,0.46999999880790716,149,9,Wet,2021,2021-09,"{""type"":""MultiPoint"",""coordinates"":[]}"
VHI_M_2021-09_00000000000000000095,0.4300000071525574,150,9,Wet,2021,2021-09,"{""type"":""MultiPoint"",""coordinates"":[]}"
VHI_M_2021-09_00000000000000000096,0.45500001311302185,151,9,Wet,2021,2021-09,"{""type"":""MultiPoint"",""coordinates"":[]}"
VHI_M_2021-09_00000000000000000097,0.6349999904632568,152,9,Wet,2021,2021-09,"{""type"":""MultiPoint"",""coordinates"":[]}"
VHI_M_2021-09_00000000000000000098,0.5,153,9,Wet,2021,2021-09,"{""type"":""MultiPoint"",""coordinates"":[]}"
VHI_M_2021-09_000000000000000000a9,0.6000000238418579,170,9,Wet,2021,2021-09,"{""type"":""MultiPoint"",""coordinates"":[]}"
VHI_M_2021-09_0000000000000000017c,0.3849999904632568,381,9,Wet,2021,2021-09,"{""type"":""MultiPoint"",""coordinates"":[]}"
VHI_M_2021-09_0000000000000000017d,0.4650000035762787,382,9,Wet,2021,2021-09,"{""type"":""MultiPoint"",""coordinates"":[]}"
VHI_M_2021-09_0000000000000000017e,0.42500001192092896,383,9,Wet,2021,2021-09,"{""type"":""MultiPoint"",""coordinates"":[]}"
VHI_M_2021-09_000000000000000001ee,0.45500001311302185,495,9,Wet,2021,2021-09,"{""type"":""MultiPoint"",""coordinates"":[]}"
VHI_M_2021-09_0000000000000000020d,0.4399999976158142,526,9,Wet,2021,2021-09,"{""type"":""MultiPoint"",""coordinates"":[]}"
VHI_M_2021-09_0000000000000000020e,0.46999999880790716,527,9,Wet,2021,2021-09,"{""type"":""MultiPoint"",""coordinates"":[]}"
VHI_M_2021-09_0000000000000000020f,0.4449999928474426,528,9,Wet,2021,2021-09,"{""type"":""MultiPoint"",""coordinates"":[]}"
VHI_M_2021-09_00000000000000000210,0.479999989271164,529,9,Wet,2021,2021-09,"{""type"":""MultiPoint"",""coordinates"":[]}"
VHI_M_2021-09_00000000000000000211,0.4399999976158142,530,9,Wet,2021,2021-09,"{""type"":""MultiPoint"",""coordinates"":[]}"
VHI_M_2021-09_00000000000000000058,0.3449999988079071,89,9,Wet,2021,2021-09,"{""type"":""MultiPoint"",""coordinates"":[]}"
VHI_M_2021-09_00000000000000000059,0.4650000035762787,90,9,Wet,2021,2021-09,"{""type"":""MultiPoint"",""coordinates"":[]}"
VHI_M_2021-09_0000000000000000018b,0.39500001072883606,396,9,Wet,2021,2021-09,"{""type"":""MultiPoint"",""coordinates"":[]}"
VHI_M_2021-09_0000000000000000018c,0.46500000357627863,397,9,Wet,2021,2021-09,"{""type"":""MultiPoint"",""coordinates"":[]}"
VHI_M_2021-09_0000000000000000018d,0.42500001192092896,398,9,Wet,2021,2021-09,"{""type"":""MultiPoint"",""coordinates"":[]}"
VHI_M_2021-09_0000000000000000018e,0.2649999856948852,399,9,Wet,2021,2021-09,"{""type"":""MultiPoint"",""coordinates"":[]}"
VHI_M_2021-09_00000000000000000036,0.4650000035762787,55,9,Wet,2021,2021-09,"{""type"":""MultiPoint"",""coordinates"":[]}"
VHI_M_2021-09_000000000000000000db,0.43999999761581415,220,9,Wet,2021,2021-09,"{""type"":""MultiPoint"",""coordinates"":[]}"
VHI_M_2021-09_000000000000000000dc,0.4350000023841858,221,9,Wet,2021,2021-09,"{""type"":""MultiPoint"",""coordinates"":[]}"
VHI_M_2021-09_000000000000000000dd,0.4350000023841859,222,9,Wet,2021,2021-09,"{""type"":""MultiPoint"",""coordinates"":[]}"
VHI_M_2021-09_00000000000000000102,0.4950000047683716,259,9,Wet,2021,2021-09,"{""type"":""MultiPoint"",""coordinates"":[]}"
VHI_M_2021-09_00000000000000000103,0.5550000071525574,260,9,Wet,2021,2021-09,"{""type"":""MultiPoint"",""coordinates"":[]}"
VHI_M_2021-09_00000000000000000104,0.48500001430511475,261,9,Wet,2021,2021-09,"{""type"":""MultiPoint"",""coordinates"":[]}"
VHI_M_2021-09_00000000000000000105,0.34999999403953547,262,9,Wet,2021,2021-09,"{""type"":""MultiPoint"",""coordinates"":[]}"
VHI_M_2021-09_0000000000000000000a,0.6600000262260437,11,9,Wet,2021,2021-09,"{""type"":""MultiPoint"",""coordinates"":[]}"
VHI_M_2021-09_000000000000000000b1,0.3799999952316284,178,9,Wet,2021,2021-09,"{""type"":""MultiPoint"",""coordinates"":[]}"
VHI_M_2021-09_000000000000000000b2,0.39500001072883606,179,9,Wet,2021,2021-09,"{""type"":""MultiPoint"",""coordinates"":[]}"
VHI_M_2021-09_000000000000000000b3,0.48500001430511475,180,9,Wet,2021,2021-09,"{""type"":""MultiPoint"",""coordinates"":[]}"
VHI_M_2021-09_000000000000000000ca,0.6000000238418579,203,9,Wet,2021,2021-09,"{""type"":""MultiPoint"",""coordinates"":[]}"
VHI_M_2021-09_000000000000000000d2,0.5749999880790712,211,9,Wet,2021,2021-09,"{""type"":""MultiPoint"",""coordinates"":[]}"
VHI_M_2021-09_000000000000000000d3,0.4900000095367431,212,9,Wet,2021,2021-09,"{""type"":""MultiPoint"",""coordinates"":[]}"
VHI_M_2021-09_000000000000000000d4,0.574999988079071,213,9,Wet,2021,2021-09,"{""type"":""MultiPoint"",""coordinates"":[]}"
VHI_M_2021-09_000000000000000000d5,0.47499999403953547,214,9,Wet,2021,2021-09,"{""type"":""MultiPoint"",""coordinates"":[]}"
VHI_M_2021-09_000000000000000000bc,0.38999998569488525,189,9,Wet,2021,2021-09,"{""type"":""MultiPoint"",""coordinates"":[]}"
VHI_M_2021-09_000000000000000000bd,0.42500001192092884,190,9,Wet,2021,2021-09,"{""type"":""MultiPoint"",""coordinates"":[]}"
VHI_M_2021-09_000000000000000000be,0.43500000238418574,191,9,Wet,2021,2021-09,"{""type"":""MultiPoint"",""coordinates"":[]}"
VHI_M_2021-09_000000000000000000f1,0.46000000834465027,242,9,Wet,2021,2021-09,"{""type"":""MultiPoint"",""coordinates"":[]}"
VHI_M_2021-09_00000000000000000100,0.5550000071525574,257,9,Wet,2021,2021-09,"{""type"":""MultiPoint"",""coordinates"":[]}"
VHI_M_2021-09_00000000000000000101,0.5299999713897705,258,9,Wet,2021,2021-09,"{""type"":""MultiPoint"",""coordinates"":[]}"
VHI_M_2021-09_0000000000000000012f,0.46000000834465016,304,9,Wet,2021,2021-09,"{""type"":""MultiPoint"",""coordinates"":[]}"
VHI_M_2021-09_00000000000000000130,0.3950000107288361,305,9,Wet,2021,2021-09,"{""type"":""MultiPoint"",""coordinates"":[]}"
VHI_M_2021-09_00000000000000000131,0.4099999964237213,306,9,Wet,2021,2021-09,"{""type"":""MultiPoint"",""coordinates"":[]}"
VHI_M_2021-09_00000000000000000065,0.5400000214576721,102,9,Wet,2021,2021-09,"{""type"":""MultiPoint"",""coordinates"":[]}"
VHI_M_2021-09_00000000000000000066,0.6499999761581421,103,9,Wet,2021,2021-09,"{""type"":""MultiPoint"",""coordinates"":[]}"
VHI_M_2021-09_00000000000000000067,0.37499999999999994,104,9,Wet,2021,2021-09,"{""type"":""MultiPoint"",""coordinates"":[]}"
VHI_M_2021-09_00000000000000000068,0.4149999916553497,105,9,Wet,2021,2021-09,"{""type"":""MultiPoint"",""coordinates"":[]}"
VHI_M_2021-09_00000000000000000109,0.49000000953674316,266,9,Wet,2021,2021-09,"{""type"":""MultiPoint"",""coordinates"":[]}"
VHI_M_2021-09_000000000000000001c1,0.40500000119209284,450,9,Wet,2021,2021-09,"{""type"":""MultiPoint"",""coordinates"":[]}"
VHI_M_2021-09_000000000000000001c2,0.4350000023841858,451,9,Wet,2021,2021-09,"{""type"":""MultiPoint"",""coordinates"":[]}"
VHI_M_2021-09_00000000000000000113,0.20999999344348907,276,9,Wet,2021,2021-09,"{""type"":""MultiPoint"",""coordinates"":[]}"
VHI_M_2021-09_00000000000000000114,0.4900000095367431,277,9,Wet,2021,2021-09,"{""type"":""MultiPoint"",""coordinates"":[]}"
VHI_M_2021-09_00000000000000000115,0.5199999809265137,278,9,Wet,2021,2021-09,"{""type"":""MultiPoint"",""coordinates"":[]}"
VHI_M_2021-09_00000000000000000116,0.4650000035762787,279,9,Wet,2021,2021-09,"{""type"":""MultiPoint"",""coordinates"":[]}"
VHI_M_2021-09_00000000000000000117,0.41999998688697815,280,9,Wet,2021,2021-09,"{""type"":""MultiPoint"",""coordinates"":[]}"
VHI_M_2021-09_00000000000000000167,0.6299999952316284,360,9,Wet,2021,2021-09,"{""type"":""MultiPoint"",""coordinates"":[]}"
VHI_M_2021-09_00000000000000000168,0.3199999928474426,361,9,Wet,2021,2021-09,"{""type"":""MultiPoint"",""coordinates"":[]}"
VHI_M_2021-09_00000000000000000169,0.395000010728836,362,9,Wet,2021,2021-09,"{""type"":""MultiPoint"",""coordinates"":[]}"
VHI_M_2021-09_0000000000000000016a,0.3950000107288361,363,9,Wet,2021,2021-09,"{""type"":""MultiPoint"",""coordinates"":[]}"
VHI_M_2021-09_0000000000000000016b,0.5450000166893005,364,9,Wet,2021,2021-09,"{""type"":""MultiPoint"",""coordinates"":[]}"
VHI_M_2021-09_0000000000000000016c,0.39500001072883606,365,9,Wet,2021,2021-09,"{""type"":""MultiPoint"",""coordinates"":[]}"
VHI_M_2021-09_0000000000000000016d,0.4799999892711639,366,9,Wet,2021,2021-09,"{""type"":""MultiPoint"",""coordinates"":[]}"
VHI_M_2021-09_000000000000000000cb,0.7049999833106995,204,9,Wet,2021,2021-09,"{""type"":""MultiPoint"",""coordinates"":[]}"
VHI_M_2021-09_000000000000000000eb,0.5299999713897705,236,9,Wet,2021,2021-09,"{""type"":""MultiPoint"",""coordinates"":[]}"
VHI_M_2021-09_000000000000000000ec,0.3199999928474427,237,9,Wet,2021,2021-09,"{""type"":""MultiPoint"",""coordinates"":[]}"
VHI_M_2021-09_000000000000000000ed,0.4199999868869782,238,9,Wet,2021,2021-09,"{""type"":""MultiPoint"",""coordinates"":[]}"
VHI_M_2021-09_000000000000000000ee,0.6349999904632568,239,9,Wet,2021,2021-09,"{""type"":""MultiPoint"",""coordinates"":[]}"
VHI_M_2021-09_000000000000000000ef,0.375,240,9,Wet,2021,2021-09,"{""type"":""MultiPoint"",""coordinates"":[]}"
VHI_M_2021-09_00000000000000000146,0.4000000059604645,327,9,Wet,2021,2021-09,"{""type"":""MultiPoint"",""coordinates"":[]}"
VHI_M_2021-09_00000000000000000147,0.44298466243716006,328,9,Wet,2021,2021-09,"{""type"":""MultiPoint"",""coordinates"":[]}"
VHI_M_2021-09_00000000000000000148,0.4050000011920929,329,9,Wet,2021,2021-09,"{""type"":""MultiPoint"",""coordinates"":[]}"
VHI_M_2021-09_0000000000000000015e,0.4749999940395354,351,9,Wet,2021,2021-09,"{""type"":""MultiPoint"",""coordinates"":[]}"
VHI_M_2021-09_0000000000000000015f,0.4749999940395355,352,9,Wet,2021,2021-09,"{""type"":""MultiPoint"",""coordinates"":[]}"
VHI_M_2021-09_00000000000000000160,0.43500000238418585,353,9,Wet,2021,2021-09,"{""type"":""MultiPoint"",""coordinates"":[]}"
VHI_M_2021-09_00000000000000000161,0.4950000047683716,354,9,Wet,2021,2021-09,"{""type"":""MultiPoint"",""coordinates"":[]}"
VHI_M_2021-09_00000000000000000162,0.47499999403953547,355,9,Wet,2021,2021-09,"{""type"":""MultiPoint"",""coordinates"":[]}"
VHI_M_2021-09_00000000000000000010,0.5649999976158142,17,9,Wet,2021,2021-09,"{""type"":""MultiPoint"",""coordinates"":[]}"
VHI_M_2021-09_00000000000000000121,0.6100000143051147,290,9,Wet,2021,2021-09,"{""type"":""MultiPoint"",""coordinates"":[]}"
VHI_M_2021-09_00000000000000000122,0.5350000262260437,291,9,Wet,2021,2021-09,"{""type"":""MultiPoint"",""coordinates"":[]}"
VHI_M_2021-09_00000000000000000123,0.6349999904632567,292,9,Wet,2021,2021-09,"{""type"":""MultiPoint"",""coordinates"":[]}"
VHI_M_2021-09_0000000000000000019a,0.48500001430511475,411,9,Wet,2021,2021-09,"{""type"":""MultiPoint"",""coordinates"":[]}"
VHI_M_2021-09_0000000000000000019b,0.5299999713897705,412,9,Wet,2021,2021-09,"{""type"":""MultiPoint"",""coordinates"":[]}"
VHI_M_2021-09_0000000000000000019c,0.46500000357627874,413,9,Wet,2021,2021-09,"{""type"":""MultiPoint"",""coordinates"":[]}"
VHI_M_2021-09_0000000000000000019d,0.43999999761581415,414,9,Wet,2021,2021-09,"{""type"":""MultiPoint"",""coordinates"":[]}"
VHI_M_2021-09_0000000000000000019e,0.5,415,9,Wet,2021,2021-09,"{""type"":""MultiPoint"",""coordinates"":[]}"
VHI_M_2021-09_0000000000000000019f,0.5,416,9,Wet,2021,2021-09,"{""type"":""MultiPoint"",""coordinates"":[]}"
VHI_M_2021-09_00000000000000000216,0.5849999785423279,535,9,Wet,2021,2021-09,"{""type"":""MultiPoint"",""coordinates"":[]}"
VHI_M_2021-09_00000000000000000217,0.5099999904632568,536,9,Wet,2021,2021-09,"{""type"":""MultiPoint"",""coordinates"":[]}"
VHI_M_2021-09_00000000000000000218,0.5,537,9,Wet,2021,2021-09,"{""type"":""MultiPoint"",""coordinates"":[]}"
VHI_M_2021-09_00000000000000000219,0.5,538,9,Wet,2021,2021-09,"{""type"":""MultiPoint"",""coordinates"":[]}"
VHI_M_2021-09_0000000000000000021a,0.5299999713897704,539,9,Wet,2021,2021-09,"{""type"":""MultiPoint"",""coordinates"":[]}"
VHI_M_2021-09_00000000000000000004,0.44499999284744257,5,9,Wet,2021,2021-09,"{""type"":""MultiPoint"",""coordinates"":[]}"
VHI_M_2021-09_00000000000000000028,0.3849999904632568,41,9,Wet,2021,2021-09,"{""type"":""MultiPoint"",""coordinates"":[]}"
VHI_M_2021-09_00000000000000000029,0.41499999165534973,42,9,Wet,2021,2021-09,"{""type"":""MultiPoint"",""coordinates"":[]}"
VHI_M_2021-09_0000000000000000002a,0.3749999999999999,43,9,Wet,2021,2021-09,"{""type"":""MultiPoint"",""coordinates"":[]}"
VHI_M_2021-09_0000000000000000002b,0.3899999856948852,44,9,Wet,2021,2021-09,"{""type"":""MultiPoint"",""coordinates"":[]}"
VHI_M_2021-09_000000000000000000a7,0.449999988079071,168,9,Wet,2021,2021-09,"{""type"":""MultiPoint"",""coordinates"":[]}"
VHI_M_2021-09_000000000000000000a8,0.42500001192092896,169,9,Wet,2021,2021-09,"{""type"":""MultiPoint"",""coordinates"":[]}"
VHI_M_2021-09_0000000000000000000c,0.3899999856948852,13,9,Wet,2021,2021-09,"{""type"":""MultiPoint"",""coordinates"":[]}"
VHI_M_2021-09_00000000000000000060,0.3799999952316284,97,9,Wet,2021,2021-09,"{""type"":""MultiPoint"",""coordinates"":[]}"
VHI_M_2021-09_00000000000000000061,0.4149999916553497,98,9,Wet,2021,2021-09,"{""type"":""MultiPoint"",""coordinates"":[]}"
VHI_M_2021-09_00000000000000000062,0.29499998688697815,99,9,Wet,2021,2021-09,"{""type"":""MultiPoint"",""coordinates"":[]}"
VHI_M_2021-09_00000000000000000063,0.40500000119209295,100,9,Wet,2021,2021-09,"{""type"":""MultiPoint"",""coordinates"":[]}"
VHI_M_2021-09_00000000000000000064,0.4099999964237213,101,9,Wet,2021,2021-09,"{""type"":""MultiPoint"",""coordinates"":[]}"
VHI_M_2021-09_00000000000000000011,0.49000000953674316,18,9,Wet,2021,2021-09,"{""type"":""MultiPoint"",""coordinates"":[]}"
VHI_M_2021-09_00000000000000000033,0.5009459851025265,52,9,Wet,2021,2021-09,"{""type"":""MultiPoint"",""coordinates"":[]}"
VHI_M_2021-09_00000000000000000034,0.431807207934294,53,9,Wet,2021,2021-09,"{""type"":""MultiPoint"",""coordinates"":[]}"
VHI_M_2021-09_000000000000000001b3,0.4399999976158142,436,9,Wet,2021,2021-09,"{""type"":""MultiPoint"",""coordinates"":[]}"
VHI_M_2021-09_000000000000000001b4,0.4300000071525573,437,9,Wet,2021,2021-09,"{""type"":""MultiPoint"",""coordinates"":[]}"
VHI_M_2021-09_000000000000000001b5,0.405000001192093,438,9,Wet,2021,2021-09,"{""type"":""MultiPoint"",""coordinates"":[]}"
VHI_M_2021-09_00000000000000000005,0.42500001192092896,6,9,Wet,2021,2021-09,"{""type"":""MultiPoint"",""coordinates"":[]}"
VHI_M_2021-09_00000000000000000082,0.375,131,9,Wet,2021,2021-09,"{""type"":""MultiPoint"",""coordinates"":[]}"
VHI_M_2021-09_00000000000000000083,0.4099999964237213,132,9,Wet,2021,2021-09,"{""type"":""MultiPoint"",""coordinates"":[]}"
VHI_M_2021-09_00000000000000000084,0.4399999976158141,133,9,Wet,2021,2021-09,"{""type"":""MultiPoint"",""coordinates"":[]}"
VHI_M_2021-09_00000000000000000085,0.49000000953674316,134,9,Wet,2021,2021-09,"{""type"":""MultiPoint"",""coordinates"":[]}"
VHI_M_2021-09_00000000000000000086,0.5,135,9,Wet,2021,2021-09,"{""type"":""MultiPoint"",""coordinates"":[]}"
VHI_M_2021-09_00000000000000000087,0.5350000262260437,136,9,Wet,2021,2021-09,"{""type"":""MultiPoint"",""coordinates"":[]}"
VHI_M_2021-09_0000000000000000010c,0.2849999964237213,269,9,Wet,2021,2021-09,"{""type"":""MultiPoint"",""coordinates"":[]}"
VHI_M_2021-09_0000000000000000010d,0.3400000035762787,270,9,Wet,2021,2021-09,"{""type"":""MultiPoint"",""coordinates"":[]}"
VHI_M_2021-09_0000000000000000010e,0.27000001072883606,271,9,Wet,2021,2021-09,"{""type"":""MultiPoint"",""coordinates"":[]}"
VHI_M_2021-09_0000000000000000010f,0.2549999952316284,272,9,Wet,2021,2021-09,"{""type"":""MultiPoint"",""coordinates"":[]}"
VHI_M_2021-09_00000000000000000110,0.30000001192092896,273,9,Wet,2021,2021-09,"{""type"":""MultiPoint"",""coordinates"":[]}"
VHI_M_2021-09_00000000000000000111,0.3199999928474426,274,9,Wet,2021,2021-09,"{""type"":""MultiPoint"",""coordinates"":[]}"
VHI_M_2021-09_000000000000000001d0,0.449999988079071,465,9,Wet,2021,2021-09,"{""type"":""MultiPoint"",""coordinates"":[]}"
VHI_M_2021-09_000000000000000001d1,0.4579644884339492,466,9,Wet,2021,2021-09,"{""type"":""MultiPoint"",""coordinates"":[]}"
VHI_M_2021-09_00000000000000000009,0.41999998688697815,10,9,Wet,2021,2021-09,"{""type"":""MultiPoint"",""coordinates"":[]}"
VHI_M_2021-09_0000000000000000009e,0.3050000071525574,159,9,Wet,2021,2021-09,"{""type"":""MultiPoint"",""coordinates"":[]}"
VHI_M_2021-09_0000000000000000009f,0.3000000119209289,160,9,Wet,2021,2021-09,"{""type"":""MultiPoint"",""coordinates"":[]}"
VHI_M_2021-09_00000000000000000154,0.30000001192092896,341,9,Wet,2021,2021-09,"{""type"":""MultiPoint"",""coordinates"":[]}"
VHI_M_2021-09_00000000000000000155,0.2549999952316284,342,9,Wet,2021,2021-09,"{""type"":""MultiPoint"",""coordinates"":[]}"
VHI_M_2021-09_00000000000000000156,0.270000010728836,343,9,Wet,2021,2021-09,"{""type"":""MultiPoint"",""coordinates"":[]}"
VHI_M_2021-09_00000000000000000157,0.35499998927116394,344,9,Wet,2021,2021-09,"{""type"":""MultiPoint"",""coordinates"":[]}"
VHI_M_2021-09_00000000000000000178,0.29499998688697815,377,9,Wet,2021,2021-09,"{""type"":""MultiPoint"",""coordinates"":[]}"
VHI_M_2021-09_00000000000000000179,0.23000000417232513,378,9,Wet,2021,2021-09,"{""type"":""MultiPoint"",""coordinates"":[]}"
VHI_M_2021-09_0000000000000000017a,0.3849999904632568,379,9,Wet,2021,2021-09,"{""type"":""MultiPoint"",""coordinates"":[]}"
VHI_M_2021-09_0000000000000000017b,0.10499999672174454,380,9,Wet,2021,2021-09,"{""type"":""MultiPoint"",""coordinates"":[]}"
VHI_M_2021-09_0000000000000000000f,0.19499999284744263,16,9,Wet,2021,2021-09,"{""type"":""MultiPoint"",""coordinates"":[]}"
VHI_M_2021-09_00000000000000000040,0.25999999046325684,65,9,Wet,2021,2021-09,"{""type"":""MultiPoint"",""coordinates"":[]}"
VHI_M_2021-09_00000000000000000041,0.41999998688697815,66,9,Wet,2021,2021-09,"{""type"":""MultiPoint"",""coordinates"":[]}"
VHI_M_2021-09_00000000000000000042,0.23499999940395352,67,9,Wet,2021,2021-09,"{""type"":""MultiPoint"",""coordinates"":[]}"
VHI_M_2021-09_00000000000000000043,0.20999999344348905,68,9,Wet,2021,2021-09,"{""type"":""MultiPoint"",""coordinates"":[]}"
VHI_M_2021-09_00000000000000000192,0.32499998807907104,403,9,Wet,2021,2021-09,"{""type"":""MultiPoint"",""coordinates"":[]}"
VHI_M_2021-09_00000000000000000193,0.3849999904632569,404,9,Wet,2021,2021-09,"{""type"":""MultiPoint"",""coordinates"":[]}"
VHI_M_2021-09_00000000000000000194,0.4499999880790711,405,9,Wet,2021,2021-09,"{""type"":""MultiPoint"",""coordinates"":[]}"
VHI_M_2021-09_000000000000000001d2,0.33000001311302185,467,9,Wet,2021,2021-09,"{""type"":""MultiPoint"",""coordinates"":[]}"
VHI_M_2021-09_000000000000000001d3,0.34000000357627863,468,9,Wet,2021,2021-09,"{""type"":""MultiPoint"",""coordinates"":[]}"
VHI_M_2021-09_000000000000000001d4,0.3050000071525573,469,9,Wet,2021,2021-09,"{""type"":""MultiPoint"",""coordinates"":[]}"
VHI_M_2021-09_000000000000000001d5,0.3050000071525574,470,9,Wet,2021,2021-09,"{""type"":""MultiPoint"",""coordinates"":[]}"
VHI_M_2021-09_000000000000000001d6,0.20999999344348907,471,9,Wet,2021,2021-09,"{""type"":""MultiPoint"",""coordinates"":[]}"
VHI_M_2021-09_000000000000000001d7,0.19499999284744263,472,9,Wet,2021,2021-09,"{""type"":""MultiPoint"",""coordinates"":[]}"
VHI_M_2021-09_00000000000000000069,0.6200000047683716,106,9,Wet,2021,2021-09,"{""type"":""MultiPoint"",""coordinates"":[]}"
VHI_M_2021-09_0000000000000000006a,0.5649999976158142,107,9,Wet,2021,2021-09,"{""type"":""MultiPoint"",""coordinates"":[]}"
VHI_M_2021-09_0000000000000000006b,0.6150000095367432,108,9,Wet,2021,2021-09,"{""type"":""MultiPoint"",""coordinates"":[]}"
VHI_M_2021-09_0000000000000000006c,0.574999988079071,109,9,Wet,2021,2021-09,"{""type"":""MultiPoint"",""coordinates"":[]}"
VHI_M_2021-09_0000000000000000006d,0.5299999713897705,110,9,Wet,2021,2021-09,"{""type"":""MultiPoint"",""coordinates"":[]}"
VHI_M_2021-09_0000000000000000006e,0.6650000214576721,111,9,Wet,2021,2021-09,"{""type"":""MultiPoint"",""coordinates"":[]}"
VHI_M_2021-09_0000000000000000006f,0.5899999737739563,112,9,Wet,2021,2021-09,"{""type"":""MultiPoint"",""coordinates"":[]}"
VHI_M_2021-09_000000000000000000d6,0.35499998927116394,215,9,Wet,2021,2021-09,"{""type"":""MultiPoint"",""coordinates"":[]}"
VHI_M_2021-09_0000000000000000013b,0.46000000834465027,316,9,Wet,2021,2021-09,"{""type"":""MultiPoint"",""coordinates"":[]}"
VHI_M_2021-09_0000000000000000013c,0.4900000095367432,317,9,Wet,2021,2021-09,"{""type"":""MultiPoint"",""coordinates"":[]}"
VHI_M_2021-09_0000000000000000013d,0.41999998688697815,318,9,Wet,2021,2021-09,"{""type"":""MultiPoint"",""coordinates"":[]}"
VHI_M_2021-09_0000000000000000013e,0.3700000047683716,319,9,Wet,2021,2021-09,"{""type"":""MultiPoint"",""coordinates"":[]}"
VHI_M_2021-09_0000000000000000013f,0.375,320,9,Wet,2021,2021-09,"{""type"":""MultiPoint"",""coordinates"":[]}"
VHI_M_2021-09_00000000000000000140,0.49500000476837164,321,9,Wet,2021,2021-09,"{""type"":""MultiPoint"",""coordinates"":[]}"
VHI_M_2021-09_000000000000000001bc,0.32499998807907104,445,9,Wet,2021,2021-09,"{""type"":""MultiPoint"",""coordinates"":[]}"
VHI_M_2021-09_000000000000000001bd,0.45500001311302185,446,9,Wet,2021,2021-09,"{""type"":""MultiPoint"",""coordinates"":[]}"
VHI_M_2021-09_000000000000000001be,0.38499999046325684,447,9,Wet,2021,2021-09,"{""type"":""MultiPoint"",""coordinates"":[]}"
VHI_M_2021-09_000000000000000001bf,0.4149999916553498,448,9,Wet,2021,2021-09,"{""type"":""MultiPoint"",""coordinates"":[]}"
VHI_M_2021-09_000000000000000001c0,0.3499999940395355,449,9,Wet,2021,2021-09,"{""type"":""MultiPoint"",""coordinates"":[]}"
VHI_M_2021-09_00000000000000000006,0.625,7,9,Wet,2021,2021-09,"{""type"":""MultiPoint"",""coordinates"":[]}"
VHI_M_2021-09_0000000000000000002c,0.5550000071525575,45,9,Wet,2021,2021-09,"{""type"":""MultiPoint"",""coordinates"":[]}"
VHI_M_2021-09_0000000000000000002d,0.5550000071525574,46,9,Wet,2021,2021-09,"{""type"":""MultiPoint"",""coordinates"":[]}"
VHI_M_2021-09_0000000000000000002e,0.6499999761581421,47,9,Wet,2021,2021-09,"{""type"":""MultiPoint"",""coordinates"":[]}"
VHI_M_2021-09_0000000000000000002f,0.5649999976158142,48,9,Wet,2021,2021-09,"{""type"":""MultiPoint"",""coordinates"":[]}"
VHI_M_2021-09_0000000000000000009b,0.6399999856948853,156,9,Wet,2021,2021-09,"{""type"":""MultiPoint"",""coordinates"":[]}"
VHI_M_2021-09_0000000000000000009c,0.7149999737739566,157,9,Wet,2021,2021-09,"{""type"":""MultiPoint"",""coordinates"":[]}"
VHI_M_2021-09_0000000000000000009d,0.6600000262260437,158,9,Wet,2021,2021-09,"{""type"":""MultiPoint"",""coordinates"":[]}"
VHI_M_2021-09_000000000000000001b6,0.75,439,9,Wet,2021,2021-09,"{""type"":""MultiPoint"",""coordinates"":[]}"
VHI_M_2021-09_000000000000000001b7,0.7300000190734862,440,9,Wet,2021,2021-09,"{""type"":""MultiPoint"",""coordinates"":[]}"
VHI_M_2021-09_000000000000000001b8,0.699999988079071,441,9,Wet,2021,2021-09,"{""type"":""MultiPoint"",""coordinates"":[]}"
VHI_M_2021-09_000000000000000001b9,0.6650000214576721,442,9,Wet,2021,2021-09,"{""type"":""MultiPoint"",""coordinates"":[]}"
VHI_M_2021-09_000000000000000001ba,0.6299999952316284,443,9,Wet,2021,2021-09,"{""type"":""MultiPoint"",""coordinates"":[]}"
VHI_M_2021-09_000000000000000001bb,0.6800000071525574,444,9,Wet,2021,2021-09,"{""type"":""MultiPoint"",""coordinates"":[]}"
VHI_M_2021-09_00000000000000000221,0.5450000166893005,546,9,Wet,2021,2021-09,"{""type"":""MultiPoint"",""coordinates"":[]}"
VHI_M_2021-09_00000000000000000222,0.6299999952316284,547,9,Wet,2021,2021-09,"{""type"":""MultiPoint"",""coordinates"":[]}"
VHI_M_2021-09_00000000000000000223,0.600000023841858,548,9,Wet,2021,2021-09,"{""type"":""MultiPoint"",""coordinates"":[]}"
VHI_M_2021-09_00000000000000000224,0.6899999976158141,549,9,Wet,2021,2021-09,"{""type"":""MultiPoint"",""coordinates"":[]}"
VHI_M_2021-09_00000000000000000225,0.6700000166893005,550,9,Wet,2021,2021-09,"{""type"":""MultiPoint"",""coordinates"":[]}"
VHI_M_2021-09_00000000000000000053,0.45500001311302196,84,9,Wet,2021,2021-09,"{""type"":""MultiPoint"",""coordinates"":[]}"
VHI_M_2021-09_00000000000000000054,0.4300000071525574,85,9,Wet,2021,2021-09,"{""type"":""MultiPoint"",""coordinates"":[]}"
VHI_M_2021-09_00000000000000000055,0.4399999976158142,86,9,Wet,2021,2021-09,"{""type"":""MultiPoint"",""coordinates"":[]}"
VHI_M_2021-09_00000000000000000056,0.5099999904632568,87,9,Wet,2021,2021-09,"{""type"":""MultiPoint"",""coordinates"":[]}"
VHI_M_2021-09_00000000000000000057,0.5649999976158142,88,9,Wet,2021,2021-09,"{""type"":""MultiPoint"",""coordinates"":[]}"
VHI_M_2021-09_000000000000000000de,0.6000000238418578,223,9,Wet,2021,2021-09,"{""type"":""MultiPoint"",""coordinates"":[]}"
VHI_M_2021-09_000000000000000000df,0.479999989271164,224,9,Wet,2021,2021-09,"{""type"":""MultiPoint"",""coordinates"":[]}"
VHI_M_2021-09_000000000000000000e0,0.4650000035762787,225,9,Wet,2021,2021-09,"{""type"":""MultiPoint"",""coordinates"":[]}"
VHI_M_2021-09_000000000000000000e1,0.5699999928474426,226,9,Wet,2021,2021-09,"{""type"":""MultiPoint"",""coordinates"":[]}"
VHI_M_2021-09_000000000000000000ff,0.5649999976158142,256,9,Wet,2021,2021-09,"{""type"":""MultiPoint"",""coordinates"":[]}"
VHI_M_2021-09_0000000000000000011c,0.46000000834465027,285,9,Wet,2021,2021-09,"{""type"":""MultiPoint"",""coordinates"":[]}"
VHI_M_2021-09_0000000000000000011d,0.3700000047683716,286,9,Wet,2021,2021-09,"{""type"":""MultiPoint"",""coordinates"":[]}"
VHI_M_2021-09_0000000000000000011e,0.47499999403953563,287,9,Wet,2021,2021-09,"{""type"":""MultiPoint"",""coordinates"":[]}"
VHI_M_2021-09_0000000000000000011f,0.4749999940395356,288,9,Wet,2021,2021-09,"{""type"":""MultiPoint"",""coordinates"":[]}"
VHI_M_2021-09_000000000000000001c4,0.3799999952316284,453,9,Wet,2021,2021-09,"{""type"":""MultiPoint"",""coordinates"":[]}"
VHI_M_2021-09_000000000000000001c5,0.4350000023841858,454,9,Wet,2021,2021-09,"{""type"":""MultiPoint"",""coordinates"":[]}"
VHI_M_2021-09_000000000000000001c6,0.37499999999999994,455,9,Wet,2021,2021-09,"{""type"":""MultiPoint"",""coordinates"":[]}"
VHI_M_2021-09_00000000000000000003,0.4350000023841858,4,9,Wet,2021,2021-09,"{""type"":""MultiPoint"",""coordinates"":[]}"
VHI_M_2021-09_0000000000000000001b,0.6899999976158142,28,9,Wet,2021,2021-09,"{""type"":""MultiPoint"",""coordinates"":[]}"
VHI_M_2021-09_00000000000000000186,0.7400000095367432,391,9,Wet,2021,2021-09,"{""type"":""MultiPoint"",""coordinates"":[]}"
VHI_M_2021-09_00000000000000000187,0.634999990463257,392,9,Wet,2021,2021-09,"{""type"":""MultiPoint"",""coordinates"":[]}"
VHI_M_2021-09_00000000000000000188,0.7200000286102294,393,9,Wet,2021,2021-09,"{""type"":""MultiPoint"",""coordinates"":[]}"
VHI_M_2021-09_00000000000000000189,0.550000011920929,394,9,Wet,2021,2021-09,"{""type"":""MultiPoint"",""coordinates"":[]}"
VHI_M_2021-09_0000000000000000018a,0.7549999952316284,395,9,Wet,2021,2021-09,"{""type"":""MultiPoint"",""coordinates"":[]}"
VHI_M_2021-09_0000000000000000018f,0.7400000095367432,400,9,Wet,2021,2021-09,"{""type"":""MultiPoint"",""coordinates"":[]}"
VHI_M_2021-09_00000000000000000190,0.5049999952316284,401,9,Wet,2021,2021-09,"{""type"":""MultiPoint"",""coordinates"":[]}"
VHI_M_2021-09_0000000000000000021e,0.39500001072883606,543,9,Wet,2021,2021-09,"{""type"":""MultiPoint"",""coordinates"":[]}"
VHI_M_2021-09_0000000000000000021f,0.615000009536743,544,9,Wet,2021,2021-09,"{""type"":""MultiPoint"",""coordinates"":[]}"
VHI_M_2021-09_00000000000000000220,0.5649999976158142,545,9,Wet,2021,2021-09,"{""type"":""MultiPoint"",""coordinates"":[]}"
VHI_M_2021-09_00000000000000000007,0.6000000238418579,8,9,Wet,2021,2021-09,"{""type"":""MultiPoint"",""coordinates"":[]}"
VHI_M_2021-09_0000000000000000000b,0.4650000035762787,12,9,Wet,2021,2021-09,"{""type"":""MultiPoint"",""coordinates"":[]}"
VHI_M_2021-09_00000000000000000012,0.5799999833106995,19,9,Wet,2021,2021-09,"{""type"":""MultiPoint"",""coordinates"":[]}"
VHI_M_2021-09_00000000000000000013,0.5799999833106996,20,9,Wet,2021,2021-09,"{""type"":""MultiPoint"",""coordinates"":[]}"
VHI_M_2021-09_00000000000000000014,0.5350000262260437,21,9,Wet,2021,2021-09,"{""type"":""MultiPoint"",""coordinates"":[]}"
VHI_M_2021-09_00000000000000000015,0.4699999988079072,22,9,Wet,2021,2021-09,"{""type"":""MultiPoint"",""coordinates"":[]}"
VHI_M_2021-09_00000000000000000016,0.5699999928474426,23,9,Wet,2021,2021-09,"{""type"":""MultiPoint"",""coordinates"":[]}"
VHI_M_2021-09_00000000000000000183,0.5649999976158141,388,9,Wet,2021,2021-09,"{""type"":""MultiPoint"",""coordinates"":[]}"
VHI_M_2021-09_00000000000000000184,0.5749999880790712,389,9,Wet,2021,2021-09,"{""type"":""MultiPoint"",""coordinates"":[]}"
VHI_M_2021-09_00000000000000000185,0.5,390,9,Wet,2021,2021-09,"{""type"":""MultiPoint"",""coordinates"":[]}"
VHI_M_2021-09_00000000000000000212,0.5849999785423279,531,9,Wet,2021,2021-09,"{""type"":""MultiPoint"",""coordinates"":[]}"
VHI_M_2021-09_00000000000000000213,0.6100000143051147,532,9,Wet,2021,2021-09,"{""type"":""MultiPoint"",""coordinates"":[]}"
VHI_M_2021-09_00000000000000000214,0.5249999761581421,533,9,Wet,2021,2021-09,"{""type"":""MultiPoint"",""coordinates"":[]}"
VHI_M_2021-09_00000000000000000215,0.574999988079071,534,9,Wet,2021,2021-09,"{""type"":""MultiPoint"",""coordinates"":[]}"
VHI_M_2021-09_0000000000000000005a,0.5099999904632568,91,9,Wet,2021,2021-09,"{""type"":""MultiPoint"",""coordinates"":[]}"
VHI_M_2021-09_00000000000000000118,0.5899999737739563,281,9,Wet,2021,2021-09,"{""type"":""MultiPoint"",""coordinates"":[]}"
VHI_M_2021-09_00000000000000000119,0.5249999761581421,282,9,Wet,2021,2021-09,"{""type"":""MultiPoint"",""coordinates"":[]}"
VHI_M_2021-09_0000000000000000011a,0.5600000023841857,283,9,Wet,2021,2021-09,"{""type"":""MultiPoint"",""coordinates"":[]}"
VHI_M_2021-09_0000000000000000011b,0.800000011920929,284,9,Wet,2021,2021-09,"{""type"":""MultiPoint"",""coordinates"":[]}"
VHI_M_2021-09_00000000000000000141,0.5450000166893004,322,9,Wet,2021,2021-09,"{""type"":""MultiPoint"",""coordinates"":[]}"
VHI_M_2021-09_00000000000000000142,0.699999988079071,323,9,Wet,2021,2021-09,"{""type"":""MultiPoint"",""coordinates"":[]}"
VHI_M_2021-09_00000000000000000143,0.6150000095367432,324,9,Wet,2021,2021-09,"{""type"":""MultiPoint"",""coordinates"":[]}"
VHI_M_2021-09_00000000000000000144,0.5849999785423281,325,9,Wet,2021,2021-09,"{""type"":""MultiPoint"",""coordinates"":[]}"
VHI_M_2021-09_00000000000000000145,0.5899999737739563,326,9,Wet,2021,2021-09,"{""type"":""MultiPoint"",""coordinates"":[]}"
VHI_M_2021-09_000000000000000001af,0.6399999856948853,432,9,Wet,2021,2021-09,"{""type"":""MultiPoint"",""coordinates"":[]}"
VHI_M_2021-09_0000000000000000004b,0.6549999713897705,76,9,Wet,2021,2021-09,"{""type"":""MultiPoint"",""coordinates"":[]}"
VHI_M_2021-09_0000000000000000004c,0.6399999856948853,77,9,Wet,2021,2021-09,"{""type"":""MultiPoint"",""coordinates"":[]}"
VHI_M_2021-09_0000000000000000004d,0.7049999833106996,78,9,Wet,2021,2021-09,"{""type"":""MultiPoint"",""coordinates"":[]}"
VHI_M_2021-09_0000000000000000004e,0.6449999809265138,79,9,Wet,2021,2021-09,"{""type"":""MultiPoint"",""coordinates"":[]}"
VHI_M_2021-09_0000000000000000004f,0.6449999809265136,80,9,Wet,2021,2021-09,"{""type"":""MultiPoint"",""coordinates"":[]}"
VHI_M_2021-09_00000000000000000050,0.7200000286102295,81,9,Wet,2021,2021-09,"{""type"":""MultiPoint"",""coordinates"":[]}"
VHI_M_2021-09_00000000000000000051,0.6349999904632568,82,9,Wet,2021,2021-09,"{""type"":""MultiPoint"",""coordinates"":[]}"
VHI_M_2021-09_00000000000000000052,0.6150000095367432,83,9,Wet,2021,2021-09,"{""type"":""MultiPoint"",""coordinates"":[]}"
VHI_M_2021-09_000000000000000000aa,0.6100000143051147,171,9,Wet,2021,2021-09,"{""type"":""MultiPoint"",""coordinates"":[]}"
VHI_M_2021-09_000000000000000000ab,0.6150000095367433,172,9,Wet,2021,2021-09,"{""type"":""MultiPoint"",""coordinates"":[]}"
VHI_M_2021-09_000000000000000000ac,0.6549999713897705,173,9,Wet,2021,2021-09,"{""type"":""MultiPoint"",""coordinates"":[]}"
VHI_M_2021-09_000000000000000000ad,0.5950000286102294,174,9,Wet,2021,2021-09,"{""type"":""MultiPoint"",""coordinates"":[]}"
VHI_M_2021-09_000000000000000000ae,0.49000000953674316,175,9,Wet,2021,2021-09,"{""type"":""MultiPoint"",""coordinates"":[]}"
VHI_M_2021-09_000000000000000000af,0.5550000071525574,176,9,Wet,2021,2021-09,"{""type"":""MultiPoint"",""coordinates"":[]}"
VHI_M_2021-09_000000000000000000b0,0.7300000190734863,177,9,Wet,2021,2021-09,"{""type"":""MultiPoint"",""coordinates"":[]}"
VHI_M_2021-09_000000000000000001c7,0.5899999737739563,456,9,Wet,2021,2021-09,"{""type"":""MultiPoint"",""coordinates"":[]}"
VHI_M_2021-09_000000000000000001c8,0.6050000190734863,457,9,Wet,2021,2021-09,"{""type"":""MultiPoint"",""coordinates"":[]}"
VHI_M_2021-09_000000000000000001c9,0.4850000143051147,458,9,Wet,2021,2021-09,"{""type"":""MultiPoint"",""coordinates"":[]}"
VHI_M_2021-09_000000000000000001ca,0.6499999761581421,459,9,Wet,2021,2021-09,"{""type"":""MultiPoint"",""coordinates"":[]}"
VHI_M_2021-09_0000000000000000020a,0.5450000166893005,523,9,Wet,2021,2021-09,"{""type"":""MultiPoint"",""coordinates"":[]}"
VHI_M_2021-09_0000000000000000020b,0.5450000166893004,524,9,Wet,2021,2021-09,"{""type"":""MultiPoint"",""coordinates"":[]}"
VHI_M_2021-09_0000000000000000020c,0.5550000071525575,525,9,Wet,2021,2021-09,"{""type"":""MultiPoint"",""coordinates"":[]}"
VHI_M_2021-09_000000000000000001ab,0.38499999046325684,428,9,Wet,2021,2021-09,"{""type"":""MultiPoint"",""coordinates"":[]}"
VHI_M_2021-09_000000000000000001ac,0.3700000047683715,429,9,Wet,2021,2021-09,"{""type"":""MultiPoint"",""coordinates"":[]}"
VHI_M_2021-09_000000000000000001ad,0.44999998807907104,430,9,Wet,2021,2021-09,"{""type"":""MultiPoint"",""coordinates"":[]}"
VHI_M_2021-09_000000000000000001ae,0.5,431,9,Wet,2021,2021-09,"{""type"":""MultiPoint"",""coordinates"":[]}"
VHI_M_2021-09_000000000000000001c3,0.4600000083446502,452,9,Wet,2021,2021-09,"{""type"":""MultiPoint"",""coordinates"":[]}"
VHI_M_2021-09_00000000000000000037,0.3499999940395355,56,9,Wet,2021,2021-09,"{""type"":""MultiPoint"",""coordinates"":[]}"
VHI_M_2021-09_00000000000000000038,0.39500001072883606,57,9,Wet,2021,2021-09,"{""type"":""MultiPoint"",""coordinates"":[]}"
VHI_M_2021-09_00000000000000000039,0.3650000095367431,58,9,Wet,2021,2021-09,"{""type"":""MultiPoint"",""coordinates"":[]}"
VHI_M_2021-09_0000000000000000003a,0.3499999940395355,59,9,Wet,2021,2021-09,"{""type"":""MultiPoint"",""coordinates"":[]}"
VHI_M_2021-09_0000000000000000003b,0.30000001192092896,60,9,Wet,2021,2021-09,"{""type"":""MultiPoint"",""coordinates"":[]}"
VHI_M_2021-09_0000000000000000003c,0.46999999880790705,61,9,Wet,2021,2021-09,"{""type"":""MultiPoint"",""coordinates"":[]}"
VHI_M_2021-09_0000000000000000003d,0.4799999892711639,62,9,Wet,2021,2021-09,"{""type"":""MultiPoint"",""coordinates"":[]}"
VHI_M_2021-09_0000000000000000003e,0.45500001311302185,63,9,Wet,2021,2021-09,"{""type"":""MultiPoint"",""coordinates"":[]}"
VHI_M_2021-09_0000000000000000003f,0.49000000953674316,64,9,Wet,2021,2021-09,"{""type"":""MultiPoint"",""coordinates"":[]}"
VHI_M_2021-09_00000000000000000044,0.29499998688697815,69,9,Wet,2021,2021-09,"{""type"":""MultiPoint"",""coordinates"":[]}"
VHI_M_2021-09_00000000000000000076,0.43999999761581426,119,9,Wet,2021,2021-09,"{""type"":""MultiPoint"",""coordinates"":[]}"
VHI_M_2021-09_00000000000000000077,0.4050000011920929,120,9,Wet,2021,2021-09,"{""type"":""MultiPoint"",""coordinates"":[]}"
VHI_M_2021-09_00000000000000000078,0.47999998927116394,121,9,Wet,2021,2021-09,"{""type"":""MultiPoint"",""coordinates"":[]}"
VHI_M_2021-09_00000000000000000079,0.4699999988079071,122,9,Wet,2021,2021-09,"{""type"":""MultiPoint"",""coordinates"":[]}"
VHI_M_2021-09_0000000000000000008b,0.35499998927116394,140,9,Wet,2021,2021-09,"{""type"":""MultiPoint"",""coordinates"":[]}"
VHI_M_2021-09_0000000000000000008c,0.6600000262260437,141,9,Wet,2021,2021-09,"{""type"":""MultiPoint"",""coordinates"":[]}"
VHI_M_2021-09_0000000000000000008d,0.6349999904632568,142,9,Wet,2021,2021-09,"{""type"":""MultiPoint"",""coordinates"":[]}"
VHI_M_2021-09_0000000000000000008e,0.5799999833106995,143,9,Wet,2021,2021-09,"{""type"":""MultiPoint"",""coordinates"":[]}"
VHI_M_2021-09_0000000000000000008f,0.35499998927116394,144,9,Wet,2021,2021-09,"{""type"":""MultiPoint"",""coordinates"":[]}"
VHI_M_2021-09_00000000000000000090,0.43100000619888307,145,9,Wet,2021,2021-09,"{""type"":""MultiPoint"",""coordinates"":[]}"
VHI_M_2021-09_00000000000000000091,0.4149999916553497,146,9,Wet,2021,2021-09,"{""type"":""MultiPoint"",""coordinates"":[]}"
VHI_M_2021-09_000000000000000000b5,0.7200000286102295,182,9,Wet,2021,2021-09,"{""type"":""MultiPoint"",""coordinates"":[]}"
VHI_M_2021-09_000000000000000000cc,0.7049999833106995,205,9,Wet,2021,2021-09,"{""type"":""MultiPoint"",""coordinates"":[]}"
VHI_M_2021-09_000000000000000000cd,0.5099999904632568,206,9,Wet,2021,2021-09,"{""type"":""MultiPoint"",""coordinates"":[]}"
VHI_M_2021-09_000000000000000001dd,0.800000011920929,478,9,Wet,2021,2021-09,"{""type"":""MultiPoint"",""coordinates"":[]}"
VHI_M_2021-09_000000000000000001de,0.7649999856948853,479,9,Wet,2021,2021-09,"{""type"":""MultiPoint"",""coordinates"":[]}"
VHI_M_2021-09_000000000000000001df,0.5699999928474426,480,9,Wet,2021,2021-09,"{""type"":""MultiPoint"",""coordinates"":[]}"
VHI_M_2021-09_000000000000000001e0,0.7900000214576721,481,9,Wet,2021,2021-09,"{""type"":""MultiPoint"",""coordinates"":[]}"
VHI_M_2021-09_000000000000000001e1,0.8349999785423279,482,9,Wet,2021,2021-09,"{""type"":""MultiPoint"",""coordinates"":[]}"
VHI_M_2021-09_0000000000000000007a,0.574999988079071,123,9,Wet,2021,2021-09,"{""type"":""MultiPoint"",""coordinates"":[]}"
VHI_M_2021-09_0000000000000000007b,0.4749999940395355,124,9,Wet,2021,2021-09,"{""type"":""MultiPoint"",""coordinates"":[]}"
VHI_M_2021-09_0000000000000000007c,0.5433075827256104,125,9,Wet,2021,2021-09,"{""type"":""MultiPoint"",""coordinates"":[]}"
VHI_M_2021-09_0000000000000000007d,0.41499999165534973,126,9,Wet,2021,2021-09,"{""type"":""MultiPoint"",""coordinates"":[]}"
VHI_M_2021-09_0000000000000000007e,0.5,127,9,Wet,2021,2021-09,"{""type"":""MultiPoint"",""coordinates"":[]}"
VHI_M_2021-09_0000000000000000007f,0.479999989271164,128,9,Wet,2021,2021-09,"{""type"":""MultiPoint"",""coordinates"":[]}"
VHI_M_2021-09_00000000000000000080,0.46999999880790716,129,9,Wet,2021,2021-09,"{""type"":""MultiPoint"",""coordinates"":[]}"
VHI_M_2021-09_00000000000000000088,0.32499998807907104,137,9,Wet,2021,2021-09,"{""type"":""MultiPoint"",""coordinates"":[]}"
VHI_M_2021-09_00000000000000000089,0.3449999988079071,138,9,Wet,2021,2021-09,"{""type"":""MultiPoint"",""coordinates"":[]}"
VHI_M_2021-09_0000000000000000008a,0.37499999999999994,139,9,Wet,2021,2021-09,"{""type"":""MultiPoint"",""coordinates"":[]}"
VHI_M_2021-09_00000000000000000099,0.5249999761581422,154,9,Wet,2021,2021-09,"{""type"":""MultiPoint"",""coordinates"":[]}"
VHI_M_2021-09_0000000000000000009a,0.4723095581478627,155,9,Wet,2021,2021-09,"{""type"":""MultiPoint"",""coordinates"":[]}"
VHI_M_2021-09_00000000000000000112,0.38499999046325684,275,9,Wet,2021,2021-09,"{""type"":""MultiPoint"",""coordinates"":[]}"
VHI_M_2021-09_000000000000000001d8,0.47999998927116394,473,9,Wet,2021,2021-09,"{""type"":""MultiPoint"",""coordinates"":[]}"
VHI_M_2021-09_00000000000000000001,0.759999990463257,2,9,Wet,2021,2021-09,"{""type"":""MultiPoint"",""coordinates"":[]}"
VHI_M_2021-09_00000000000000000030,0.4550000131130218,49,9,Wet,2021,2021-09,"{""type"":""MultiPoint"",""coordinates"":[]}"
VHI_M_2021-09_00000000000000000031,0.45500001311302185,50,9,Wet,2021,2021-09,"{""type"":""MultiPoint"",""coordinates"":[]}"
VHI_M_2021-09_00000000000000000032,0.4449999928474426,51,9,Wet,2021,2021-09,"{""type"":""MultiPoint"",""coordinates"":[]}"
VHI_M_2021-09_000000000000000000d7,0.574999988079071,216,9,Wet,2021,2021-09,"{""type"":""MultiPoint"",""coordinates"":[]}"
VHI_M_2021-09_000000000000000000d8,0.6150000095367429,217,9,Wet,2021,2021-09,"{""type"":""MultiPoint"",""coordinates"":[]}"
VHI_M_2021-09_000000000000000000d9,0.5149999856948851,218,9,Wet,2021,2021-09,"{""type"":""MultiPoint"",""coordinates"":[]}"
VHI_M_2021-09_000000000000000000da,0.46500000357627874,219,9,Wet,2021,2021-09,"{""type"":""MultiPoint"",""coordinates"":[]}"
VHI_M_2021-09_00000000000000000132,0.6050000190734864,307,9,Wet,2021,2021-09,"{""type"":""MultiPoint"",""coordinates"":[]}"
VHI_M_2021-09_00000000000000000133,0.48500001430511475,308,9,Wet,2021,2021-09,"{""type"":""MultiPoint"",""coordinates"":[]}"
VHI_M_2021-09_00000000000000000134,0.6150000095367433,309,9,Wet,2021,2021-09,"{""type"":""MultiPoint"",""coordinates"":[]}"
VHI_M_2021-09_00000000000000000135,0.6200000047683716,310,9,Wet,2021,2021-09,"{""type"":""MultiPoint"",""coordinates"":[]}"
VHI_M_2021-09_0000000000000000001f,0.48500001430511475,32,9,Wet,2021,2021-09,"{""type"":""MultiPoint"",""coordinates"":[]}"
VHI_M_2021-09_00000000000000000020,0.38499999046325684,33,9,Wet,2021,2021-09,"{""type"":""MultiPoint"",""coordinates"":[]}"
VHI_M_2021-09_00000000000000000021,0.38499999046325684,34,9,Wet,2021,2021-09,"{""type"":""MultiPoint"",""coordinates"":[]}"
VHI_M_2021-09_00000000000000000045,0.509999990463257,70,9,Wet,2021,2021-09,"{""type"":""MultiPoint"",""coordinates"":[]}"
VHI_M_2021-09_00000000000000000046,0.6499999761581421,71,9,Wet,2021,2021-09,"{""type"":""MultiPoint"",""coordinates"":[]}"
VHI_M_2021-09_00000000000000000047,0.5950000286102295,72,9,Wet,2021,2021-09,"{""type"":""MultiPoint"",""coordinates"":[]}"
VHI_M_2021-09_00000000000000000048,0.5299999713897705,73,9,Wet,2021,2021-09,"{""type"":""MultiPoint"",""coordinates"":[]}"
VHI_M_2021-09_00000000000000000072,0.46999999880790705,115,9,Wet,2021,2021-09,"{""type"":""MultiPoint"",""coordinates"":[]}"
VHI_M_2021-09_00000000000000000073,0.4699999988079071,116,9,Wet,2021,2021-09,"{""type"":""MultiPoint"",""coordinates"":[]}"
VHI_M_2021-09_00000000000000000074,0.5699999928474425,117,9,Wet,2021,2021-09,"{""type"":""MultiPoint"",""coordinates"":[]}"
VHI_M_2021-09_00000000000000000075,0.4449999928474426,118,9,Wet,2021,2021-09,"{""type"":""MultiPoint"",""coordinates"":[]}"
VHI_M_2021-09_000000000000000000b4,0.4449999928474426,181,9,Wet,2021,2021-09,"{""type"":""MultiPoint"",""coordinates"":[]}"
VHI_M_2021-09_000000000000000000e8,0.33000001311302185,233,9,Wet,2021,2021-09,"{""type"":""MultiPoint"",""coordinates"":[]}"
VHI_M_2021-09_000000000000000000e9,0.38999998569488514,234,9,Wet,2021,2021-09,"{""type"":""MultiPoint"",""coordinates"":[]}"
VHI_M_2021-09_000000000000000000ea,0.6050000190734864,235,9,Wet,2021,2021-09,"{""type"":""MultiPoint"",""coordinates"":[]}"
VHI_M_2021-09_00000000000000000022,0.35499998927116394,35,9,Wet,2021,2021-09,"{""type"":""MultiPoint"",""coordinates"":[]}"
VHI_M_2021-09_00000000000000000023,0.4000000059604645,36,9,Wet,2021,2021-09,"{""type"":""MultiPoint"",""coordinates"":[]}"
VHI_M_2021-09_00000000000000000024,0.4149999916553498,37,9,Wet,2021,2021-09,"{""type"":""MultiPoint"",""coordinates"":[]}"
VHI_M_2021-09_00000000000000000025,0.33500000834465027,38,9,Wet,2021,2021-09,"{""type"":""MultiPoint"",""coordinates"":[]}"
VHI_M_2021-09_000000000000000000f0,0.41999998688697815,241,9,Wet,2021,2021-09,"{""type"":""MultiPoint"",""coordinates"":[]}"
VHI_M_2021-09_000000000000000000f4,0.425000011920929,245,9,Wet,2021,2021-09,"{""type"":""MultiPoint"",""coordinates"":[]}"
VHI_M_2021-09_000000000000000000f5,0.44999998807907104,246,9,Wet,2021,2021-09,"{""type"":""MultiPoint"",""coordinates"":[]}"
VHI_M_2021-09_000000000000000000f6,0.5099999904632567,247,9,Wet,2021,2021-09,"{""type"":""MultiPoint"",""coordinates"":[]}"
VHI_M_2021-09_000000000000000000f7,0.3499999940395355,248,9,Wet,2021,2021-09,"{""type"":""MultiPoint"",""coordinates"":[]}"
VHI_M_2021-09_000000000000000000f8,0.3100000023841858,249,9,Wet,2021,2021-09,"{""type"":""MultiPoint"",""coordinates"":[]}"
VHI_M_2021-09_00000000000000000000,0.26499998569488525,1,9,Wet,2021,2021-09,"{""type"":""MultiPoint"",""coordinates"":[]}"
VHI_M_2021-09_000000000000000000f2,0.38499999046325695,243,9,Wet,2021,2021-09,"{""type"":""MultiPoint"",""coordinates"":[]}"
VHI_M_2021-09_000000000000000000f3,0.2949999868869782,244,9,Wet,2021,2021-09,"{""type"":""MultiPoint"",""coordinates"":[]}"
VHI_M_2021-09_00000000000000000106,0.3000000119209289,263,9,Wet,2021,2021-09,"{""type"":""MultiPoint"",""coordinates"":[]}"
VHI_M_2021-09_00000000000000000107,0.3600000143051148,264,9,Wet,2021,2021-09,"{""type"":""MultiPoint"",""coordinates"":[]}"
VHI_M_2021-09_00000000000000000108,0.32499998807907104,265,9,Wet,2021,2021-09,"{""type"":""MultiPoint"",""coordinates"":[]}"
VHI_M_2021-09_0000000000000000012c,0.4000000059604645,301,9,Wet,2021,2021-09,"{""type"":""MultiPoint"",""coordinates"":[]}"
VHI_M_2021-09_0000000000000000012d,0.38499999046325684,302,9,Wet,2021,2021-09,"{""type"":""MultiPoint"",""coordinates"":[]}"
VHI_M_2021-09_0000000000000000012e,0.38499999046325684,303,9,Wet,2021,2021-09,"{""type"":""MultiPoint"",""coordinates"":[]}"
VHI_M_2021-09_000000000000000000a5,0.4850000143051147,166,9,Wet,2021,2021-09,"{""type"":""MultiPoint"",""coordinates"":[]}"
VHI_M_2021-09_000000000000000000a6,0.38999998569488525,167,9,Wet,2021,2021-09,"{""type"":""MultiPoint"",""coordinates"":[]}"
VHI_M_2021-09_000000000000000000c1,0.4749999940395355,194,9,Wet,2021,2021-09,"{""type"":""MultiPoint"",""coordinates"":[]}"
VHI_M_2021-09_00000000000000000120,0.5049999952316284,289,9,Wet,2021,2021-09,"{""type"":""MultiPoint"",""coordinates"":[]}"
VHI_M_2021-09_000000000000000001d9,0.42500001192092896,474,9,Wet,2021,2021-09,"{""type"":""MultiPoint"",""coordinates"":[]}"
VHI_M_2021-09_000000000000000001da,0.395000010728836,475,9,Wet,2021,2021-09,"{""type"":""MultiPoint"",""coordinates"":[]}"
VHI_M_2021-09_000000000000000001db,0.38499999046325684,476,9,Wet,2021,2021-09,"{""type"":""MultiPoint"",""coordinates"":[]}"
VHI_M_2021-09_000000000000000001dc,0.3400000035762787,477,9,Wet,2021,2021-09,"{""type"":""MultiPoint"",""coordinates"":[]}"
VHI_M_2021-09_000000000000000001e2,0.5600000023841858,483,9,Wet,2021,2021-09,"{""type"":""MultiPoint"",""coordinates"":[]}"
VHI_M_2021-09_000000000000000001e3,0.48500001430511486,484,9,Wet,2021,2021-09,"{""type"":""MultiPoint"",""coordinates"":[]}"
VHI_M_2021-09_000000000000000001e4,0.45500001311302185,485,9,Wet,2021,2021-09,"{""type"":""MultiPoint"",""coordinates"":[]}"
VHI_M_2021-09_000000000000000001e5,0.4000000059604645,486,9,Wet,2021,2021-09,"{""type"":""MultiPoint"",""coordinates"":[]}"
VHI_M_2021-09_000000000000000001e6,0.5550000071525574,487,9,Wet,2021,2021-09,"{""type"":""MultiPoint"",""coordinates"":[]}"
VHI_M_2021-09_000000000000000001e7,0.4900000095367432,488,9,Wet,2021,2021-09,"{""type"":""MultiPoint"",""coordinates"":[]}"
VHI_M_2021-09_000000000000000001e8,0.449999988079071,489,9,Wet,2021,2021-09,"{""type"":""MultiPoint"",""coordinates"":[]}"
VHI_M_2021-09_000000000000000001e9,0.5400000214576721,490,9,Wet,2021,2021-09,"{""type"":""MultiPoint"",""coordinates"":[]}"
VHI_M_2021-09_000000000000000000e2,0.4900000095367432,227,9,Wet,2021,2021-09,"{""type"":""MultiPoint"",""coordinates"":[]}"
VHI_M_2021-09_000000000000000000e3,0.6399999856948853,228,9,Wet,2021,2021-09,"{""type"":""MultiPoint"",""coordinates"":[]}"
VHI_M_2021-09_000000000000000000e4,0.550000011920929,229,9,Wet,2021,2021-09,"{""type"":""MultiPoint"",""coordinates"":[]}"
VHI_M_2021-09_000000000000000000e5,0.6549999713897705,230,9,Wet,2021,2021-09,"{""type"":""MultiPoint"",""coordinates"":[]}"
VHI_M_2021-09_000000000000000000e6,0.6700000166893005,231,9,Wet,2021,2021-09,"{""type"":""MultiPoint"",""coordinates"":[]}"
VHI_M_2021-09_000000000000000000e7,0.4449999928474426,232,9,Wet,2021,2021-09,"{""type"":""MultiPoint"",""coordinates"":[]}"
VHI_M_2021-09_0000000000000000017f,0.49000000953674316,384,9,Wet,2021,2021-09,"{""type"":""MultiPoint"",""coordinates"":[]}"
VHI_M_2021-09_00000000000000000180,0.4600000083446503,385,9,Wet,2021,2021-09,"{""type"":""MultiPoint"",""coordinates"":[]}"
VHI_M_2021-09_00000000000000000203,0.2750000059604645,516,9,Wet,2021,2021-09,"{""type"":""MultiPoint"",""coordinates"":[]}"
VHI_M_2021-09_00000000000000000204,0.354999989271164,517,9,Wet,2021,2021-09,"{""type"":""MultiPoint"",""coordinates"":[]}"
VHI_M_2021-09_00000000000000000205,0.5600000023841858,518,9,Wet,2021,2021-09,"{""type"":""MultiPoint"",""coordinates"":[]}"
VHI_M_2021-09_00000000000000000206,0.5550000071525575,519,9,Wet,2021,2021-09,"{""type"":""MultiPoint"",""coordinates"":[]}"
VHI_M_2021-09_00000000000000000207,0.5799999833106995,520,9,Wet,2021,2021-09,"{""type"":""MultiPoint"",""coordinates"":[]}"
VHI_M_2021-09_00000000000000000208,0.20499999821186066,521,9,Wet,2021,2021-09,"{""type"":""MultiPoint"",""coordinates"":[]}"
VHI_M_2021-09_00000000000000000209,0.39500001072883606,522,9,Wet,2021,2021-09,"{""type"":""MultiPoint"",""coordinates"":[]}"
VHI_M_2021-09_0000000000000000000e,0.6349999904632568,15,9,Wet,2021,2021-09,"{""type"":""MultiPoint"",""coordinates"":[]}"
VHI_M_2021-09_00000000000000000124,0.5049999952316284,293,9,Wet,2021,2021-09,"{""type"":""MultiPoint"",""coordinates"":[]}"
VHI_M_2021-09_00000000000000000125,0.4300000071525574,294,9,Wet,2021,2021-09,"{""type"":""MultiPoint"",""coordinates"":[]}"
VHI_M_2021-09_00000000000000000126,0.3100000023841858,295,9,Wet,2021,2021-09,"{""type"":""MultiPoint"",""coordinates"":[]}"
VHI_M_2021-09_00000000000000000127,0.5899999737739564,296,9,Wet,2021,2021-09,"{""type"":""MultiPoint"",""coordinates"":[]}"
VHI_M_2021-09_00000000000000000128,0.4300000071525574,297,9,Wet,2021,2021-09,"{""type"":""MultiPoint"",""coordinates"":[]}"
VHI_M_2021-09_00000000000000000129,0.43500000238418574,298,9,Wet,2021,2021-09,"{""type"":""MultiPoint"",""coordinates"":[]}"
VHI_M_2021-09_0000000000000000012a,0.34000000357627874,299,9,Wet,2021,2021-09,"{""type"":""MultiPoint"",""coordinates"":[]}"
VHI_M_2021-09_0000000000000000012b,0.42500001192092896,300,9,Wet,2021,2021-09,"{""type"":""MultiPoint"",""coordinates"":[]}"
VHI_M_2021-09_00000000000000000174,0.5350000262260438,373,9,Wet,2021,2021-09,"{""type"":""MultiPoint"",""coordinates"":[]}"
VHI_M_2021-09_00000000000000000175,0.4050000011920929,374,9,Wet,2021,2021-09,"{""type"":""MultiPoint"",""coordinates"":[]}"
VHI_M_2021-09_00000000000000000176,0.5849999785423279,375,9,Wet,2021,2021-09,"{""type"":""MultiPoint"",""coordinates"":[]}"
VHI_M_2021-09_00000000000000000177,0.6050000190734862,376,9,Wet,2021,2021-09,"{""type"":""MultiPoint"",""coordinates"":[]}"
VHI_M_2021-09_00000000000000000195,0.6050000190734863,406,9,Wet,2021,2021-09,"{""type"":""MultiPoint"",""coordinates"":[]}"
VHI_M_2021-09_00000000000000000196,0.6700000166893006,407,9,Wet,2021,2021-09,"{""type"":""MultiPoint"",""coordinates"":[]}"
VHI_M_2021-09_00000000000000000197,0.5699999928474426,408,9,Wet,2021,2021-09,"{""type"":""MultiPoint"",""coordinates"":[]}"
VHI_M_2021-09_00000000000000000198,0.5600000023841858,409,9,Wet,2021,2021-09,"{""type"":""MultiPoint"",""coordinates"":[]}"
VHI_M_2021-09_00000000000000000199,0.6200000047683716,410,9,Wet,2021,2021-09,"{""type"":""MultiPoint"",""coordinates"":[]}"
VHI_M_2021-09_00000000000000000035,0.4399999976158142,54,9,Wet,2021,2021-09,"{""type"":""MultiPoint"",""coordinates"":[]}"
VHI_M_2021-09_000000000000000000ce,0.5600000023841858,207,9,Wet,2021,2021-09,"{""type"":""MultiPoint"",""coordinates"":[]}"
VHI_M_2021-09_000000000000000000cf,0.5799999833106995,208,9,Wet,2021,2021-09,"{""type"":""MultiPoint"",""coordinates"":[]}"
VHI_M_2021-09_000000000000000000d0,0.4878339232851422,209,9,Wet,2021,2021-09,"{""type"":""MultiPoint"",""coordinates"":[]}"
VHI_M_2021-09_000000000000000000d1,0.48500001430511475,210,9,Wet,2021,2021-09,"{""type"":""MultiPoint"",""coordinates"":[]}"
VHI_M_2021-09_000000000000000001ea,0.4699999988079071,491,9,Wet,2021,2021-09,"{""type"":""MultiPoint"",""coordinates"":[]}"
VHI_M_2021-09_000000000000000001eb,0.469999998807907,492,9,Wet,2021,2021-09,"{""type"":""MultiPoint"",""coordinates"":[]}"
VHI_M_2021-09_000000000000000001ec,0.3950000107288361,493,9,Wet,2021,2021-09,"{""type"":""MultiPoint"",""coordinates"":[]}"
VHI_M_2021-09_000000000000000001ed,0.5,494,9,Wet,2021,2021-09,"{""type"":""MultiPoint"",""coordinates"":[]}"
VHI_M_2021-09_000000000000000001f4,0.5,501,9,Wet,2021,2021-09,"{""type"":""MultiPoint"",""coordinates"":[]}"
VHI_M_2021-09_000000000000000001f5,0.4900000095367431,502,9,Wet,2021,2021-09,"{""type"":""MultiPoint"",""coordinates"":[]}"
VHI_M_2021-09_000000000000000001f6,0.5049999952316284,503,9,Wet,2021,2021-09,"{""type"":""MultiPoint"",""coordinates"":[]}"
VHI_M_2021-09_000000000000000001f7,0.48500001430511475,504,9,Wet,2021,2021-09,"{""type"":""MultiPoint"",""coordinates"":[]}"
VHI_M_2021-09_000000000000000001f8,0.5299999713897705,505,9,Wet,2021,2021-09,"{""type"":""MultiPoint"",""coordinates"":[]}"
VHI_M_2021-09_000000000000000001f9,0.5600000023841858,506,9,Wet,2021,2021-09,"{""type"":""MultiPoint"",""coordinates"":[]}"
VHI_M_2021-09_000000000000000001fa,0.3622687963835414,507,9,Wet,2021,2021-09,"{""type"":""MultiPoint"",""coordinates"":[]}"
VHI_M_2021-09_000000000000000001fb,0.4850000143051148,508,9,Wet,2021,2021-09,"{""type"":""MultiPoint"",""coordinates"":[]}"
VHI_M_2021-09_000000000000000001fc,0.29499998688697815,509,9,Wet,2021,2021-09,"{""type"":""MultiPoint"",""coordinates"":[]}"
VHI_M_2021-09_000000000000000001fd,0.4499999880790711,510,9,Wet,2021,2021-09,"{""type"":""MultiPoint"",""coordinates"":[]}"
VHI_M_2021-09_00000000000000000049,0.4749999940395354,74,9,Wet,2021,2021-09,"{""type"":""MultiPoint"",""coordinates"":[]}"
VHI_M_2021-09_0000000000000000004a,0.44999998807907104,75,9,Wet,2021,2021-09,"{""type"":""MultiPoint"",""coordinates"":[]}"
VHI_M_2021-09_000000000000000000fd,0.48500001430511475,254,9,Wet,2021,2021-09,"{""type"":""MultiPoint"",""coordinates"":[]}"
VHI_M_2021-09_000000000000000000fe,0.4799999892711639,255,9,Wet,2021,2021-09,"{""type"":""MultiPoint"",""coordinates"":[]}"
VHI_M_2021-09_00000000000000000191,0.36500000953674316,402,9,Wet,2021,2021-09,"{""type"":""MultiPoint"",""coordinates"":[]}"
VHI_M_2021-09_0000000000000000016e,0.47999998927116394,367,9,Wet,2021,2021-09,"{""type"":""MultiPoint"",""coordinates"":[]}"
VHI_M_2021-09_0000000000000000016f,0.5,368,9,Wet,2021,2021-09,"{""type"":""MultiPoint"",""coordinates"":[]}"
VHI_M_2021-09_00000000000000000170,0.4600000083446503,369,9,Wet,2021,2021-09,"{""type"":""MultiPoint"",""coordinates"":[]}"
VHI_M_2021-09_00000000000000000181,0.48500001430511486,386,9,Wet,2021,2021-09,"{""type"":""MultiPoint"",""coordinates"":[]}"
VHI_M_2021-09_00000000000000000182,0.4749999940395355,387,9,Wet,2021,2021-09,"{""type"":""MultiPoint"",""coordinates"":[]}"
VHI_M_2021-09_00000000000000000228,0.4499999880790711,553,9,Wet,2021,2021-09,"{""type"":""MultiPoint"",""coordinates"":[]}"
VHI_M_2021-10_00000000000000000017,0.22499999403953552,24,10,Wet,2021,2021-10,"{""type"":""MultiPoint"",""coordinates"":[]}"
VHI_M_2021-10_00000000000000000018,0.2800000011920929,25,10,Wet,2021,2021-10,"{""type"":""MultiPoint"",""coordinates"":[]}"
VHI_M_2021-10_00000000000000000019,0.22499999403953552,26,10,Wet,2021,2021-10,"{""type"":""MultiPoint"",""coordinates"":[]}"
VHI_M_2021-10_0000000000000000001a,0.20499999821186066,27,10,Wet,2021,2021-10,"{""type"":""MultiPoint"",""coordinates"":[]}"
VHI_M_2021-10_0000000000000000005b,0.36000001430511475,92,10,Wet,2021,2021-10,"{""type"":""MultiPoint"",""coordinates"":[]}"
VHI_M_2021-10_0000000000000000005c,0.16500000655651093,93,10,Wet,2021,2021-10,"{""type"":""MultiPoint"",""coordinates"":[]}"
VHI_M_2021-10_0000000000000000005d,,94,10,Wet,2021,2021-10,"{""type"":""MultiPoint"",""coordinates"":[]}"
VHI_M_2021-10_0000000000000000005e,0.20499999821186066,95,10,Wet,2021,2021-10,"{""type"":""MultiPoint"",""coordinates"":[]}"
VHI_M_2021-10_0000000000000000005f,0.2199999988079071,96,10,Wet,2021,2021-10,"{""type"":""MultiPoint"",""coordinates"":[]}"
VHI_M_2021-10_000000000000000000b6,0.39500001072883606,183,10,Wet,2021,2021-10,"{""type"":""MultiPoint"",""coordinates"":[]}"
VHI_M_2021-10_000000000000000000b7,0.4050000011920929,184,10,Wet,2021,2021-10,"{""type"":""MultiPoint"",""coordinates"":[]}"
VHI_M_2021-10_000000000000000000b8,0.25,185,10,Wet,2021,2021-10,"{""type"":""MultiPoint"",""coordinates"":[]}"
VHI_M_2021-10_000000000000000000b9,0.2849999964237213,186,10,Wet,2021,2021-10,"{""type"":""MultiPoint"",""coordinates"":[]}"
VHI_M_2021-10_000000000000000000ba,0.41999998688697815,187,10,Wet,2021,2021-10,"{""type"":""MultiPoint"",""coordinates"":[]}"
VHI_M_2021-10_000000000000000000bb,0.26499998569488525,188,10,Wet,2021,2021-10,"{""type"":""MultiPoint"",""coordinates"":[]}"
VHI_M_2021-10_000000000000000001a0,0.45500001311302185,417,10,Wet,2021,2021-10,"{""type"":""MultiPoint"",""coordinates"":[]}"
VHI_M_2021-10_000000000000000001a1,0.3700000047683716,418,10,Wet,2021,2021-10,"{""type"":""MultiPoint"",""coordinates"":[]}"
VHI_M_2021-10_000000000000000001a2,0.5950000286102295,419,10,Wet,2021,2021-10,"{""type"":""MultiPoint"",""coordinates"":[]}"
VHI_M_2021-10_000000000000000001a3,0.33500000834465027,420,10,Wet,2021,2021-10,"{""type"":""MultiPoint"",""coordinates"":[]}"
VHI_M_2021-10_000000000000000001cb,0.23999999463558197,460,10,Wet,2021,2021-10,"{""type"":""MultiPoint"",""coordinates"":[]}"
VHI_M_2021-10_000000000000000001cc,0.33500000834465027,461,10,Wet,2021,2021-10,"{""type"":""MultiPoint"",""coordinates"":[]}"
VHI_M_2021-10_0000000000000000021b,0.27000001072883606,540,10,Wet,2021,2021-10,"{""type"":""MultiPoint"",""coordinates"":[]}"
VHI_M_2021-10_0000000000000000021c,0.3499999940395355,541,10,Wet,2021,2021-10,"{""type"":""MultiPoint"",""coordinates"":[]}"
VHI_M_2021-10_0000000000000000021d,0.35499998927116394,542,10,Wet,2021,2021-10,"{""type"":""MultiPoint"",""coordinates"":[]}"
VHI_M_2021-10_000000000000000000bf,0.4399999976158142,192,10,Wet,2021,2021-10,"{""type"":""MultiPoint"",""coordinates"":[]}"
VHI_M_2021-10_000000000000000000c0,0.4449999928474426,193,10,Wet,2021,2021-10,"{""type"":""MultiPoint"",""coordinates"":[]}"
VHI_M_2021-10_0000000000000000010a,0.3499999940395355,267,10,Wet,2021,2021-10,"{""type"":""MultiPoint"",""coordinates"":[]}"
VHI_M_2021-10_0000000000000000010b,0.4099999964237213,268,10,Wet,2021,2021-10,"{""type"":""MultiPoint"",""coordinates"":[]}"
VHI_M_2021-10_00000000000000000226,0.36000001430511475,551,10,Wet,2021,2021-10,"{""type"":""MultiPoint"",""coordinates"":[]}"
VHI_M_2021-10_00000000000000000227,0.42500001192092896,552,10,Wet,2021,2021-10,"{""type"":""MultiPoint"",""coordinates"":[]}"
VHI_M_2021-10_000000000000000001a4,0.2750000059604645,421,10,Wet,2021,2021-10,"{""type"":""MultiPoint"",""coordinates"":[]}"
VHI_M_2021-10_000000000000000001a5,0.2849999964237213,422,10,Wet,2021,2021-10,"{""type"":""MultiPoint"",""coordinates"":[]}"
VHI_M_2021-10_000000000000000001a6,0.28999999165534973,423,10,Wet,2021,2021-10,"{""type"":""MultiPoint"",""coordinates"":[]}"
VHI_M_2021-10_000000000000000001a7,0.29499998688697815,424,10,Wet,2021,2021-10,"{""type"":""MultiPoint"",""coordinates"":[]}"
VHI_M_2021-10_000000000000000001a8,0.3449999988079071,425,10,Wet,2021,2021-10,"{""type"":""MultiPoint"",""coordinates"":[]}"
VHI_M_2021-10_000000000000000001a9,0.25,426,10,Wet,2021,2021-10,"{""type"":""MultiPoint"",""coordinates"":[]}"
VHI_M_2021-10_000000000000000001aa,0.27000001072883606,427,10,Wet,2021,2021-10,"{""type"":""MultiPoint"",""coordinates"":[]}"
VHI_M_2021-10_000000000000000001fe,0.6150000095367432,511,10,Wet,2021,2021-10,"{""type"":""MultiPoint"",""coordinates"":[]}"
VHI_M_2021-10_000000000000000001ff,0.4350000023841858,512,10,Wet,2021,2021-10,"{""type"":""MultiPoint"",""coordinates"":[]}"
VHI_M_2021-10_00000000000000000200,0.42500001192092896,513,10,Wet,2021,2021-10,"{""type"":""MultiPoint"",""coordinates"":[]}"
VHI_M_2021-10_00000000000000000201,0.3700000047683716,514,10,Wet,2021,2021-10,"{""type"":""MultiPoint"",""coordinates"":[]}"
VHI_M_2021-10_00000000000000000202,0.5649999976158142,515,10,Wet,2021,2021-10,"{""type"":""MultiPoint"",""coordinates"":[]}"
VHI_M_2021-10_00000000000000000002,0.4950000047683716,3,10,Wet,2021,2021-10,"{""type"":""MultiPoint"",""coordinates"":[]}"
VHI_M_2021-10_0000000000000000000d,0.5450000166893005,14,10,Wet,2021,2021-10,"{""type"":""MultiPoint"",""coordinates"":[]}"
VHI_M_2021-10_00000000000000000027,0.6100000143051147,40,10,Wet,2021,2021-10,"{""type"":""MultiPoint"",""coordinates"":[]}"
VHI_M_2021-10_00000000000000000070,0.5849999785423279,113,10,Wet,2021,2021-10,"{""type"":""MultiPoint"",""coordinates"":[]}"
VHI_M_2021-10_00000000000000000071,0.6600000262260437,114,10,Wet,2021,2021-10,"{""type"":""MultiPoint"",""coordinates"":[]}"
VHI_M_2021-10_000000000000000001b0,0.6449999809265137,433,10,Wet,2021,2021-10,"{""type"":""MultiPoint"",""coordinates"":[]}"
VHI_M_2021-10_000000000000000001b1,0.6399999856948853,434,10,Wet,2021,2021-10,"{""type"":""MultiPoint"",""coordinates"":[]}"
VHI_M_2021-10_000000000000000001b2,0.4449999928474426,435,10,Wet,2021,2021-10,"{""type"":""MultiPoint"",""coordinates"":[]}"
VHI_M_2021-10_000000000000000001cd,0.6250000000000001,462,10,Wet,2021,2021-10,"{""type"":""MultiPoint"",""coordinates"":[]}"
VHI_M_2021-10_000000000000000001ce,0.6549999713897705,463,10,Wet,2021,2021-10,"{""type"":""MultiPoint"",""coordinates"":[]}"
VHI_M_2021-10_000000000000000001cf,0.48500001430511475,464,10,Wet,2021,2021-10,"{""type"":""MultiPoint"",""coordinates"":[]}"
VHI_M_2021-10_0000000000000000001c,0.4000000059604644,29,10,Wet,2021,2021-10,"{""type"":""MultiPoint"",""coordinates"":[]}"
VHI_M_2021-10_0000000000000000001d,0.36500000953674316,30,10,Wet,2021,2021-10,"{""type"":""MultiPoint"",""coordinates"":[]}"
VHI_M_2021-10_0000000000000000001e,0.4749999940395355,31,10,Wet,2021,2021-10,"{""type"":""MultiPoint"",""coordinates"":[]}"
VHI_M_2021-10_00000000000000000026,0.574999988079071,39,10,Wet,2021,2021-10,"{""type"":""MultiPoint"",""coordinates"":[]}"
VHI_M_2021-10_000000000000000000f9,0.4749999940395356,250,10,Wet,2021,2021-10,"{""type"":""MultiPoint"",""coordinates"":[]}"
VHI_M_2021-10_000000000000000000fa,0.41999998688697815,251,10,Wet,2021,2021-10,"{""type"":""MultiPoint"",""coordinates"":[]}"
VHI_M_2021-10_000000000000000000fb,0.4799999892711639,252,10,Wet,2021,2021-10,"{""type"":""MultiPoint"",""coordinates"":[]}"
VHI_M_2021-10_000000000000000000fc,0.4350000023841858,253,10,Wet,2021,2021-10,"{""type"":""MultiPoint"",""coordinates"":[]}"
VHI_M_2021-10_00000000000000000163,0.5049999952316284,356,10,Wet,2021,2021-10,"{""type"":""MultiPoint"",""coordinates"":[]}"
VHI_M_2021-10_00000000000000000164,0.5199999809265136,357,10,Wet,2021,2021-10,"{""type"":""MultiPoint"",""coordinates"":[]}"
VHI_M_2021-10_00000000000000000165,0.5649999976158142,358,10,Wet,2021,2021-10,"{""type"":""MultiPoint"",""coordinates"":[]}"
VHI_M_2021-10_00000000000000000166,0.44499999284744257,359,10,Wet,2021,2021-10,"{""type"":""MultiPoint"",""coordinates"":[]}"
VHI_M_2021-10_00000000000000000149,0.3449999988079071,330,10,Wet,2021,2021-10,"{""type"":""MultiPoint"",""coordinates"":[]}"
VHI_M_2021-10_0000000000000000014a,0.3100000023841858,331,10,Wet,2021,2021-10,"{""type"":""MultiPoint"",""coordinates"":[]}"
VHI_M_2021-10_0000000000000000014b,0.2599999904632568,332,10,Wet,2021,2021-10,"{""type"":""MultiPoint"",""coordinates"":[]}"
VHI_M_2021-10_0000000000000000014c,0.3199999928474427,333,10,Wet,2021,2021-10,"{""type"":""MultiPoint"",""coordinates"":[]}"
VHI_M_2021-10_0000000000000000014d,0.34000000357627863,334,10,Wet,2021,2021-10,"{""type"":""MultiPoint"",""coordinates"":[]}"
VHI_M_2021-10_0000000000000000014e,0.29499998688697815,335,10,Wet,2021,2021-10,"{""type"":""MultiPoint"",""coordinates"":[]}"
VHI_M_2021-10_00000000000000000158,0.3100000023841858,345,10,Wet,2021,2021-10,"{""type"":""MultiPoint"",""coordinates"":[]}"
VHI_M_2021-10_00000000000000000159,0.3050000071525575,346,10,Wet,2021,2021-10,"{""type"":""MultiPoint"",""coordinates"":[]}"
VHI_M_2021-10_0000000000000000015a,0.5,347,10,Wet,2021,2021-10,"{""type"":""MultiPoint"",""coordinates"":[]}"
VHI_M_2021-10_0000000000000000015b,0.22499999403953552,348,10,Wet,2021,2021-10,"{""type"":""MultiPoint"",""coordinates"":[]}"
VHI_M_2021-10_0000000000000000015c,0.36000001430511475,349,10,Wet,2021,2021-10,"{""type"":""MultiPoint"",""coordinates"":[]}"
VHI_M_2021-10_0000000000000000015d,0.2549999952316284,350,10,Wet,2021,2021-10,"{""type"":""MultiPoint"",""coordinates"":[]}"
VHI_M_2021-10_00000000000000000008,0.2150000035762787,9,10,Wet,2021,2021-10,"{""type"":""MultiPoint"",""coordinates"":[]}"
VHI_M_2021-10_000000000000000000c2,0.26499998569488525,195,10,Wet,2021,2021-10,"{""type"":""MultiPoint"",""coordinates"":[]}"
VHI_M_2021-10_000000000000000000c3,0.4950000047683716,196,10,Wet,2021,2021-10,"{""type"":""MultiPoint"",""coordinates"":[]}"
VHI_M_2021-10_000000000000000000c4,0.30000001192092896,197,10,Wet,2021,2021-10,"{""type"":""MultiPoint"",""coordinates"":[]}"
VHI_M_2021-10_000000000000000000c5,0.36500000953674316,198,10,Wet,2021,2021-10,"{""type"":""MultiPoint"",""coordinates"":[]}"
VHI_M_2021-10_000000000000000000c6,0.46500000357627863,199,10,Wet,2021,2021-10,"{""type"":""MultiPoint"",""coordinates"":[]}"
VHI_M_2021-10_000000000000000000c7,0.4499999880790711,200,10,Wet,2021,2021-10,"{""type"":""MultiPoint"",""coordinates"":[]}"
VHI_M_2021-10_000000000000000000c8,0.2800000011920929,201,10,Wet,2021,2021-10,"{""type"":""MultiPoint"",""coordinates"":[]}"
VHI_M_2021-10_000000000000000000c9,0.47999998927116394,202,10,Wet,2021,2021-10,"{""type"":""MultiPoint"",""coordinates"":[]}"
VHI_M_2021-10_00000000000000000136,0.1800000071525574,311,10,Wet,2021,2021-10,"{""type"":""MultiPoint"",""coordinates"":[]}"
VHI_M_2021-10_00000000000000000137,0.5350000262260436,312,10,Wet,2021,2021-10,"{""type"":""MultiPoint"",""coordinates"":[]}"
VHI_M_2021-10_00000000000000000138,0.2849999964237213,313,10,Wet,2021,2021-10,"{""type"":""MultiPoint"",""coordinates"":[]}"
VHI_M_2021-10_00000000000000000139,0.35499998927116394,314,10,Wet,2021,2021-10,"{""type"":""MultiPoint"",""coordinates"":[]}"
VHI_M_2021-10_0000000000000000013a,0.35499998927116394,315,10,Wet,2021,2021-10,"{""type"":""MultiPoint"",""coordinates"":[]}"
VHI_M_2021-10_000000000000000001ef,0.43000000715255743,496,10,Wet,2021,2021-10,"{""type"":""MultiPoint"",""coordinates"":[]}"
VHI_M_2021-10_000000000000000001f0,0.5,497,10,Wet,2021,2021-10,"{""type"":""MultiPoint"",""coordinates"":[]}"
VHI_M_2021-10_00000000000000000081,0.3700000047683716,130,10,Wet,2021,2021-10,"{""type"":""MultiPoint"",""coordinates"":[]}"
VHI_M_2021-10_000000000000000000a0,0.32499998807907104,161,10,Wet,2021,2021-10,"{""type"":""MultiPoint"",""coordinates"":[]}"
VHI_M_2021-10_000000000000000000a1,0.5149999856948854,162,10,Wet,2021,2021-10,"{""type"":""MultiPoint"",""coordinates"":[]}"
VHI_M_2021-10_000000000000000000a2,0.615000009536743,163,10,Wet,2021,2021-10,"{""type"":""MultiPoint"",""coordinates"":[]}"
VHI_M_2021-10_000000000000000000a3,0.5450000166893005,164,10,Wet,2021,2021-10,"{""type"":""MultiPoint"",""coordinates"":[]}"
VHI_M_2021-10_000000000000000000a4,0.5649999976158142,165,10,Wet,2021,2021-10,"{""type"":""MultiPoint"",""coordinates"":[]}"
VHI_M_2021-10_0000000000000000014f,0.5099999904632568,336,10,Wet,2021,2021-10,"{""type"":""MultiPoint"",""coordinates"":[]}"
VHI_M_2021-10_00000000000000000150,0.37500000000000006,337,10,Wet,2021,2021-10,"{""type"":""MultiPoint"",""coordinates"":[]}"
VHI_M_2021-10_00000000000000000151,0.46999999880790705,338,10,Wet,2021,2021-10,"{""type"":""MultiPoint"",""coordinates"":[]}"
VHI_M_2021-10_00000000000000000152,0.5199999809265138,339,10,Wet,2021,2021-10,"{""type"":""MultiPoint"",""coordinates"":[]}"
VHI_M_2021-10_00000000000000000153,0.46999999880790716,340,10,Wet,2021,2021-10,"{""type"":""MultiPoint"",""coordinates"":[]}"
VHI_M_2021-10_00000000000000000171,0.4900000095367431,370,10,Wet,2021,2021-10,"{""type"":""MultiPoint"",""coordinates"":[]}"
VHI_M_2021-10_00000000000000000172,0.4950000047683716,371,10,Wet,2021,2021-10,"{""type"":""MultiPoint"",""coordinates"":[]}"
VHI_M_2021-10_00000000000000000173,0.5,372,10,Wet,2021,2021-10,"{""type"":""MultiPoint"",""coordinates"":[]}"
VHI_M_2021-10_000000000000000001f1,0.5550000071525574,498,10,Wet,2021,2021-10,"{""type"":""MultiPoint"",""coordinates"":[]}"
VHI_M_2021-10_000000000000000001f2,0.41999998688697815,499,10,Wet,2021,2021-10,"{""type"":""MultiPoint"",""coordinates"":[]}"
VHI_M_2021-10_000000000000000001f3,0.4900000095367431,500,10,Wet,2021,2021-10,"{""type"":""MultiPoint"",""coordinates"":[]}"
VHI_M_2021-10_00000000000000000092,0.5899999737739563,147,10,Wet,2021,2021-10,"{""type"":""MultiPoint"",""coordinates"":[]}"
VHI_M_2021-10_00000000000000000093,0.7300000190734863,148,10,Wet,2021,2021-10,"{""type"":""MultiPoint"",""coordinates"":[]}"
VHI_M_2021-10_00000000000000000094,0.584999978542328,149,10,Wet,2021,2021-10,"{""type"":""MultiPoint"",""coordinates"":[]}"
VHI_M_2021-10_00000000000000000095,0.6349999904632568,150,10,Wet,2021,2021-10,"{""type"":""MultiPoint"",""coordinates"":[]}"
VHI_M_2021-10_00000000000000000096,0.6700000166893006,151,10,Wet,2021,2021-10,"{""type"":""MultiPoint"",""coordinates"":[]}"
VHI_M_2021-10_00000000000000000097,0.6499999761581421,152,10,Wet,2021,2021-10,"{""type"":""MultiPoint"",""coordinates"":[]}"
VHI_M_2021-10_00000000000000000098,0.7649999856948853,153,10,Wet,2021,2021-10,"{""type"":""MultiPoint"",""coordinates"":[]}"
VHI_M_2021-10_000000000000000000a9,0.6449999809265137,170,10,Wet,2021,2021-10,"{""type"":""MultiPoint"",""coordinates"":[]}"
VHI_M_2021-10_0000000000000000017c,0.5699999928474426,381,10,Wet,2021,2021-10,"{""type"":""MultiPoint"",""coordinates"":[]}"
VHI_M_2021-10_0000000000000000017d,0.550000011920929,382,10,Wet,2021,2021-10,"{""type"":""MultiPoint"",""coordinates"":[]}"
VHI_M_2021-10_0000000000000000017e,0.5550000071525574,383,10,Wet,2021,2021-10,"{""type"":""MultiPoint"",""coordinates"":[]}"
VHI_M_2021-10_000000000000000001ee,0.8349999785423279,495,10,Wet,2021,2021-10,"{""type"":""MultiPoint"",""coordinates"":[]}"
VHI_M_2021-10_0000000000000000020d,0.6449999809265137,526,10,Wet,2021,2021-10,"{""type"":""MultiPoint"",""coordinates"":[]}"
VHI_M_2021-10_0000000000000000020e,0.6999999880790713,527,10,Wet,2021,2021-10,"{""type"":""MultiPoint"",""coordinates"":[]}"
VHI_M_2021-10_0000000000000000020f,0.625,528,10,Wet,2021,2021-10,"{""type"":""MultiPoint"",""coordinates"":[]}"
VHI_M_2021-10_00000000000000000210,0.7850000262260437,529,10,Wet,2021,2021-10,"{""type"":""MultiPoint"",""coordinates"":[]}"
VHI_M_2021-10_00000000000000000211,0.7049999833106994,530,10,Wet,2021,2021-10,"{""type"":""MultiPoint"",""coordinates"":[]}"
VHI_M_2021-10_00000000000000000058,0.405000001192093,89,10,Wet,2021,2021-10,"{""type"":""MultiPoint"",""coordinates"":[]}"
VHI_M_2021-10_00000000000000000059,0.40500000119209295,90,10,Wet,2021,2021-10,"{""type"":""MultiPoint"",""coordinates"":[]}"
VHI_M_2021-10_0000000000000000018b,0.5299999713897705,396,10,Wet,2021,2021-10,"{""type"":""MultiPoint"",""coordinates"":[]}"
VHI_M_2021-10_0000000000000000018c,0.4749999940395356,397,10,Wet,2021,2021-10,"{""type"":""MultiPoint"",""coordinates"":[]}"
VHI_M_2021-10_0000000000000000018d,0.43500000238418585,398,10,Wet,2021,2021-10,"{""type"":""MultiPoint"",""coordinates"":[]}"
VHI_M_2021-10_0000000000000000018e,0.43500000238418585,399,10,Wet,2021,2021-10,"{""type"":""MultiPoint"",""coordinates"":[]}"
VHI_M_2021-10_00000000000000000036,0.7049999833106995,55,10,Wet,2021,2021-10,"{""type"":""MultiPoint"",""coordinates"":[]}"
VHI_M_2021-10_000000000000000000db,0.5699999928474428,220,10,Wet,2021,2021-10,"{""type"":""MultiPoint"",""coordinates"":[]}"
VHI_M_2021-10_000000000000000000dc,0.6050000190734863,221,10,Wet,2021,2021-10,"{""type"":""MultiPoint"",""coordinates"":[]}"
VHI_M_2021-10_000000000000000000dd,0.6050000190734864,222,10,Wet,2021,2021-10,"{""type"":""MultiPoint"",""coordinates"":[]}"
VHI_M_2021-10_00000000000000000102,0.6800000071525573,259,10,Wet,2021,2021-10,"{""type"":""MultiPoint"",""coordinates"":[]}"
VHI_M_2021-10_00000000000000000103,0.7749999761581421,260,10,Wet,2021,2021-10,"{""type"":""MultiPoint"",""coordinates"":[]}"
VHI_M_2021-10_00000000000000000104,0.6600000262260437,261,10,Wet,2021,2021-10,"{""type"":""MultiPoint"",""coordinates"":[]}"
VHI_M_2021-10_00000000000000000105,0.5849999785423279,262,10,Wet,2021,2021-10,"{""type"":""MultiPoint"",""coordinates"":[]}"
VHI_M_2021-10_0000000000000000000a,0.899999976158142,11,10,Wet,2021,2021-10,"{""type"":""MultiPoint"",""coordinates"":[]}"
VHI_M_2021-10_000000000000000000b1,0.5350000262260436,178,10,Wet,2021,2021-10,"{""type"":""MultiPoint"",""coordinates"":[]}"
VHI_M_2021-10_000000000000000000b2,0.5,179,10,Wet,2021,2021-10,"{""type"":""MultiPoint"",""coordinates"":[]}"
VHI_M_2021-10_000000000000000000b3,0.5249999761581421,180,10,Wet,2021,2021-10,"{""type"":""MultiPoint"",""coordinates"":[]}"
VHI_M_2021-10_000000000000000000ca,0.625,203,10,Wet,2021,2021-10,"{""type"":""MultiPoint"",""coordinates"":[]}"
VHI_M_2021-10_000000000000000000d2,0.790000021457672,211,10,Wet,2021,2021-10,"{""type"":""MultiPoint"",""coordinates"":[]}"
VHI_M_2021-10_000000000000000000d3,0.7599999904632568,212,10,Wet,2021,2021-10,"{""type"":""MultiPoint"",""coordinates"":[]}"
VHI_M_2021-10_000000000000000000d4,0.6949999928474427,213,10,Wet,2021,2021-10,"{""type"":""MultiPoint"",""coordinates"":[]}"
VHI_M_2021-10_000000000000000000d5,0.7799999713897705,214,10,Wet,2021,2021-10,"{""type"":""MultiPoint"",""coordinates"":[]}"
VHI_M_2021-10_000000000000000000bc,0.764999985694885,189,10,Wet,2021,2021-10,"{""type"":""MultiPoint"",""coordinates"":[]}"
VHI_M_2021-10_000000000000000000bd,0.7200000286102295,190,10,Wet,2021,2021-10,"{""type"":""MultiPoint"",""coordinates"":[]}"
VHI_M_2021-10_000000000000000000be,0.7850000262260437,191,10,Wet,2021,2021-10,"{""type"":""MultiPoint"",""coordinates"":[]}"
VHI_M_2021-10_000000000000000000f1,0.7699999809265137,242,10,Wet,2021,2021-10,"{""type"":""MultiPoint"",""coordinates"":[]}"
VHI_M_2021-10_00000000000000000100,0.7200000286102294,257,10,Wet,2021,2021-10,"{""type"":""MultiPoint"",""coordinates"":[]}"
VHI_M_2021-10_00000000000000000101,0.6650000214576721,258,10,Wet,2021,2021-10,"{""type"":""MultiPoint"",""coordinates"":[]}"
VHI_M_2021-10_0000000000000000012f,0.6299999952316283,304,10,Wet,2021,2021-10,"{""type"":""MultiPoint"",""coordinates"":[]}"
VHI_M_2021-10_00000000000000000130,0.7400000095367432,305,10,Wet,2021,2021-10,"{""type"":""MultiPoint"",""coordinates"":[]}"
VHI_M_2021-10_00000000000000000131,0.7149999737739563,306,10,Wet,2021,2021-10,"{""type"":""MultiPoint"",""coordinates"":[]}"
VHI_M_2021-10_00000000000000000065,0.6000000238418579,102,10,Wet,2021,2021-10,"{""type"":""MultiPoint"",""coordinates"":[]}"
VHI_M_2021-10_00000000000000000066,0.6299999952316284,103,10,Wet,2021,2021-10,"{""type"":""MultiPoint"",""coordinates"":[]}"
VHI_M_2021-10_00000000000000000067,0.6899999976158142,104,10,Wet,2021,2021-10,"{""type"":""MultiPoint"",""coordinates"":[]}"
VHI_M_2021-10_00000000000000000068,0.6850000023841858,105,10,Wet,2021,2021-10,"{""type"":""MultiPoint"",""coordinates"":[]}"
VHI_M_2021-10_00000000000000000109,0.6899999976158143,266,10,Wet,2021,2021-10,"{""type"":""MultiPoint"",""coordinates"":[]}"
VHI_M_2021-10_000000000000000001c1,0.6100000143051147,450,10,Wet,2021,2021-10,"{""type"":""MultiPoint"",""coordinates"":[]}"
VHI_M_2021-10_000000000000000001c2,0.6050000190734864,451,10,Wet,2021,2021-10,"{""type"":""MultiPoint"",""coordinates"":[]}"
VHI_M_2021-10_00000000000000000113,0.3400000035762787,276,10,Wet,2021,2021-10,"{""type"":""MultiPoint"",""coordinates"":[]}"
VHI_M_2021-10_00000000000000000114,0.5649999976158142,277,10,Wet,2021,2021-10,"{""type"":""MultiPoint"",""coordinates"":[]}"
VHI_M_2021-10_00000000000000000115,0.5450000166893005,278,10,Wet,2021,2021-10,"{""type"":""MultiPoint"",""coordinates"":[]}"
VHI_M_2021-10_00000000000000000116,0.4650000035762787,279,10,Wet,2021,2021-10,"{""type"":""MultiPoint"",""coordinates"":[]}"
VHI_M_2021-10_00000000000000000117,0.5249999761581421,280,10,Wet,2021,2021-10,"{""type"":""MultiPoint"",""coordinates"":[]}"
VHI_M_2021-10_00000000000000000167,0.5799999833106995,360,10,Wet,2021,2021-10,"{""type"":""MultiPoint"",""coordinates"":[]}"
VHI_M_2021-10_00000000000000000168,0.35499998927116394,361,10,Wet,2021,2021-10,"{""type"":""MultiPoint"",""coordinates"":[]}"
VHI_M_2021-10_00000000000000000169,0.4650000035762787,362,10,Wet,2021,2021-10,"{""type"":""MultiPoint"",""coordinates"":[]}"
VHI_M_2021-10_0000000000000000016a,0.4350000023841858,363,10,Wet,2021,2021-10,"{""type"":""MultiPoint"",""coordinates"":[]}"
VHI_M_2021-10_0000000000000000016b,0.4650000035762787,364,10,Wet,2021,2021-10,"{""type"":""MultiPoint"",""coordinates"":[]}"
VHI_M_2021-10_0000000000000000016c,0.47499999403953547,365,10,Wet,2021,2021-10,"{""type"":""MultiPoint"",""coordinates"":[]}"
VHI_M_2021-10_0000000000000000016d,0.3799999952316284,366,10,Wet,2021,2021-10,"{""type"":""MultiPoint"",""coordinates"":[]}"
VHI_M_2021-10_000000000000000000cb,0.6150000095367432,204,10,Wet,2021,2021-10,"{""type"":""MultiPoint"",""coordinates"":[]}"
VHI_M_2021-10_000000000000000000eb,0.47999998927116394,236,10,Wet,2021,2021-10,"{""type"":""MultiPoint"",""coordinates"":[]}"
VHI_M_2021-10_000000000000000000ec,0.46000000834465027,237,10,Wet,2021,2021-10,"{""type"":""MultiPoint"",""coordinates"":[]}"
VHI_M_2021-10_000000000000000000ed,0.5699999928474426,238,10,Wet,2021,2021-10,"{""type"":""MultiPoint"",""coordinates"":[]}"
VHI_M_2021-10_000000000000000000ee,0.6000000238418579,239,10,Wet,2021,2021-10,"{""type"":""MultiPoint"",""coordinates"":[]}"
VHI_M_2021-10_000000000000000000ef,0.5400000214576721,240,10,Wet,2021,2021-10,"{""type"":""MultiPoint"",""coordinates"":[]}"
VHI_M_2021-10_00000000000000000146,0.5299999713897705,327,10,Wet,2021,2021-10,"{""type"":""MultiPoint"",""coordinates"":[]}"
VHI_M_2021-10_00000000000000000147,0.4168360845788696,328,10,Wet,2021,2021-10,"{""type"":""MultiPoint"",""coordinates"":[]}"
VHI_M_2021-10_00000000000000000148,0.574999988079071,329,10,Wet,2021,2021-10,"{""type"":""MultiPoint"",""coordinates"":[]}"
VHI_M_2021-10_0000000000000000015e,0.5799999833106995,351,10,Wet,2021,2021-10,"{""type"":""MultiPoint"",""coordinates"":[]}"
VHI_M_2021-10_0000000000000000015f,0.5749999880790712,352,10,Wet,2021,2021-10,"{""type"":""MultiPoint"",""coordinates"":[]}"
VHI_M_2021-10_00000000000000000160,0.5299999713897705,353,10,Wet,2021,2021-10,"{""type"":""MultiPoint"",""coordinates"":[]}"
VHI_M_2021-10_00000000000000000161,0.6299999952316284,354,10,Wet,2021,2021-10,"{""type"":""MultiPoint"",""coordinates"":[]}"
VHI_M_2021-10_00000000000000000162,0.5450000166893005,355,10,Wet,2021,2021-10,"{""type"":""MultiPoint"",""coordinates"":[]}"
VHI_M_2021-10_00000000000000000010,0.6600000262260437,17,10,Wet,2021,2021-10,"{""type"":""MultiPoint"",""coordinates"":[]}"
VHI_M_2021-10_00000000000000000121,0.7950000166893004,290,10,Wet,2021,2021-10,"{""type"":""MultiPoint"",""coordinates"":[]}"
VHI_M_2021-10_00000000000000000122,0.7850000262260436,291,10,Wet,2021,2021-10,"{""type"":""MultiPoint"",""coordinates"":[]}"
VHI_M_2021-10_00000000000000000123,0.8149999976158142,292,10,Wet,2021,2021-10,"{""type"":""MultiPoint"",""coordinates"":[]}"
VHI_M_2021-10_0000000000000000019a,0.6499999761581422,411,10,Wet,2021,2021-10,"{""type"":""MultiPoint"",""coordinates"":[]}"
VHI_M_2021-10_0000000000000000019b,0.6349999904632568,412,10,Wet,2021,2021-10,"{""type"":""MultiPoint"",""coordinates"":[]}"
VHI_M_2021-10_0000000000000000019c,0.5450000166893005,413,10,Wet,2021,2021-10,"{""type"":""MultiPoint"",""coordinates"":[]}"
VHI_M_2021-10_0000000000000000019d,0.5299999713897705,414,10,Wet,2021,2021-10,"{""type"":""MultiPoint"",""coordinates"":[]}"
VHI_M_2021-10_0000000000000000019e,0.5950000286102295,415,10,Wet,2021,2021-10,"{""type"":""MultiPoint"",""coordinates"":[]}"
VHI_M_2021-10_0000000000000000019f,0.5600000023841858,416,10,Wet,2021,2021-10,"{""type"":""MultiPoint"",""coordinates"":[]}"
VHI_M_2021-10_00000000000000000216,0.800000011920929,535,10,Wet,2021,2021-10,"{""type"":""MultiPoint"",""coordinates"":[]}"
VHI_M_2021-10_00000000000000000217,0.5550000071525574,536,10,Wet,2021,2021-10,"{""type"":""MultiPoint"",""coordinates"":[]}"
VHI_M_2021-10_00000000000000000218,0.6349999904632568,537,10,Wet,2021,2021-10,"{""type"":""MultiPoint"",""coordinates"":[]}"
VHI_M_2021-10_00000000000000000219,0.7400000095367432,538,10,Wet,2021,2021-10,"{""type"":""MultiPoint"",""coordinates"":[]}"
VHI_M_2021-10_0000000000000000021a,0.5649999976158143,539,10,Wet,2021,2021-10,"{""type"":""MultiPoint"",""coordinates"":[]}"
VHI_M_2021-10_00000000000000000004,0.7450000047683716,5,10,Wet,2021,2021-10,"{""type"":""MultiPoint"",""coordinates"":[]}"
VHI_M_2021-10_00000000000000000028,0.7250000238418579,41,10,Wet,2021,2021-10,"{""type"":""MultiPoint"",""coordinates"":[]}"
VHI_M_2021-10_00000000000000000029,0.7799999713897705,42,10,Wet,2021,2021-10,"{""type"":""MultiPoint"",""coordinates"":[]}"
VHI_M_2021-10_0000000000000000002a,0.7200000286102295,43,10,Wet,2021,2021-10,"{""type"":""MultiPoint"",""coordinates"":[]}"
VHI_M_2021-10_0000000000000000002b,0.7049999833106996,44,10,Wet,2021,2021-10,"{""type"":""MultiPoint"",""coordinates"":[]}"
VHI_M_2021-10_000000000000000000a7,0.7749999761581422,168,10,Wet,2021,2021-10,"{""type"":""MultiPoint"",""coordinates"":[]}"
VHI_M_2021-10_000000000000000000a8,0.7300000190734862,169,10,Wet,2021,2021-10,"{""type"":""MultiPoint"",""coordinates"":[]}"
VHI_M_2021-10_0000000000000000000c,0.7099999785423279,13,10,Wet,2021,2021-10,"{""type"":""MultiPoint"",""coordinates"":[]}"
VHI_M_2021-10_00000000000000000060,0.7099999785423279,97,10,Wet,2021,2021-10,"{""type"":""MultiPoint"",""coordinates"":[]}"
VHI_M_2021-10_00000000000000000061,0.6650000214576721,98,10,Wet,2021,2021-10,"{""type"":""MultiPoint"",""coordinates"":[]}"
VHI_M_2021-10_00000000000000000062,0.7450000047683715,99,10,Wet,2021,2021-10,"{""type"":""MultiPoint"",""coordinates"":[]}"
VHI_M_2021-10_00000000000000000063,0.759999990463257,100,10,Wet,2021,2021-10,"{""type"":""MultiPoint"",""coordinates"":[]}"
VHI_M_2021-10_00000000000000000064,0.7200000286102295,101,10,Wet,2021,2021-10,"{""type"":""MultiPoint"",""coordinates"":[]}"
VHI_M_2021-10_00000000000000000011,0.6999999880790712,18,10,Wet,2021,2021-10,"{""type"":""MultiPoint"",""coordinates"":[]}"
VHI_M_2021-10_00000000000000000033,0.6999999880790712,52,10,Wet,2021,2021-10,"{""type"":""MultiPoint"",""coordinates"":[]}"
VHI_M_2021-10_00000000000000000034,0.7450000047683716,53,10,Wet,2021,2021-10,"{""type"":""MultiPoint"",""coordinates"":[]}"
VHI_M_2021-10_000000000000000001b3,0.7149999737739563,436,10,Wet,2021,2021-10,"{""type"":""MultiPoint"",""coordinates"":[]}"
VHI_M_2021-10_000000000000000001b4,0.6549999713897705,437,10,Wet,2021,2021-10,"{""type"":""MultiPoint"",""coordinates"":[]}"
VHI_M_2021-10_000000000000000001b5,0.6899999976158142,438,10,Wet,2021,2021-10,"{""type"":""MultiPoint"",""coordinates"":[]}"
VHI_M_2021-10_00000000000000000005,0.5649999976158142,6,10,Wet,2021,2021-10,"{""type"":""MultiPoint"",""coordinates"":[]}"
VHI_M_2021-10_00000000000000000082,0.5950000286102295,131,10,Wet,2021,2021-10,"{""type"":""MultiPoint"",""coordinates"":[]}"
VHI_M_2021-10_00000000000000000083,0.675000011920929,132,10,Wet,2021,2021-10,"{""type"":""MultiPoint"",""coordinates"":[]}"
VHI_M_2021-10_00000000000000000084,0.5950000286102295,133,10,Wet,2021,2021-10,"{""type"":""MultiPoint"",""coordinates"":[]}"
VHI_M_2021-10_00000000000000000085,0.7649999856948853,134,10,Wet,2021,2021-10,"{""type"":""MultiPoint"",""coordinates"":[]}"
VHI_M_2021-10_00000000000000000086,0.5899999737739563,135,10,Wet,2021,2021-10,"{""type"":""MultiPoint"",""coordinates"":[]}"
VHI_M_2021-10_00000000000000000087,0.6650000214576721,136,10,Wet,2021,2021-10,"{""type"":""MultiPoint"",""coordinates"":[]}"
VHI_M_2021-10_0000000000000000010c,0.6600000262260437,269,10,Wet,2021,2021-10,"{""type"":""MultiPoint"",""coordinates"":[]}"
VHI_M_2021-10_0000000000000000010d,0.7450000047683715,270,10,Wet,2021,2021-10,"{""type"":""MultiPoint"",""coordinates"":[]}"
VHI_M_2021-10_0000000000000000010e,0.6549999713897705,271,10,Wet,2021,2021-10,"{""type"":""MultiPoint"",""coordinates"":[]}"
VHI_M_2021-10_0000000000000000010f,0.6600000262260437,272,10,Wet,2021,2021-10,"{""type"":""MultiPoint"",""coordinates"":[]}"
VHI_M_2021-10_00000000000000000110,0.7200000286102295,273,10,Wet,2021,2021-10,"{""type"":""MultiPoint"",""coordinates"":[]}"
VHI_M_2021-10_00000000000000000111,0.7099999785423279,274,10,Wet,2021,2021-10,"{""type"":""MultiPoint"",""coordinates"":[]}"
VHI_M_2021-10_000000000000000001d0,0.6899999976158141,465,10,Wet,2021,2021-10,"{""type"":""MultiPoint"",""coordinates"":[]}"
VHI_M_2021-10_000000000000000001d1,0.5600000023841858,466,10,Wet,2021,2021-10,"{""type"":""MultiPoint"",""coordinates"":[]}"
VHI_M_2021-10_00000000000000000009,0.7099999785423279,10,10,Wet,2021,2021-10,"{""type"":""MultiPoint"",""coordinates"":[]}"
VHI_M_2021-10_0000000000000000009e,0.6850000023841859,159,10,Wet,2021,2021-10,"{""type"":""MultiPoint"",""coordinates"":[]}"
VHI_M_2021-10_0000000000000000009f,0.7149999737739564,160,10,Wet,2021,2021-10,"{""type"":""MultiPoint"",""coordinates"":[]}"
VHI_M_2021-10_00000000000000000154,0.6449999809265137,341,10,Wet,2021,2021-10,"{""type"":""MultiPoint"",""coordinates"":[]}"
VHI_M_2021-10_00000000000000000155,0.7099999785423279,342,10,Wet,2021,2021-10,"{""type"":""MultiPoint"",""coordinates"":[]}"
VHI_M_2021-10_00000000000000000156,0.6399999856948853,343,10,Wet,2021,2021-10,"{""type"":""MultiPoint"",""coordinates"":[]}"
VHI_M_2021-10_00000000000000000157,0.6899999976158142,344,10,Wet,2021,2021-10,"{""type"":""MultiPoint"",""coordinates"":[]}"
VHI_M_2021-10_00000000000000000178,0.7300000190734862,377,10,Wet,2021,2021-10,"{""type"":""MultiPoint"",""coordinates"":[]}"
VHI_M_2021-10_00000000000000000179,0.6349999904632567,378,10,Wet,2021,2021-10,"{""type"":""MultiPoint"",""coordinates"":[]}"
VHI_M_2021-10_0000000000000000017a,0.7400000095367432,379,10,Wet,2021,2021-10,"{""type"":""MultiPoint"",""coordinates"":[]}"
VHI_M_2021-10_0000000000000000017b,0.574999988079071,380,10,Wet,2021,2021-10,"{""type"":""MultiPoint"",""coordinates"":[]}"
VHI_M_2021-10_0000000000000000000f,0.6850000023841858,16,10,Wet,2021,2021-10,"{""type"":""MultiPoint"",""coordinates"":[]}"
VHI_M_2021-10_00000000000000000040,0.6750000119209288,65,10,Wet,2021,2021-10,"{""type"":""MultiPoint"",""coordinates"":[]}"
VHI_M_2021-10_00000000000000000041,0.7799999713897705,66,10,Wet,2021,2021-10,"{""type"":""MultiPoint"",""coordinates"":[]}"
VHI_M_2021-10_00000000000000000042,0.7350000143051147,67,10,Wet,2021,2021-10,"{""type"":""MultiPoint"",""coordinates"":[]}"
VHI_M_2021-10_00000000000000000043,0.6700000166893004,68,10,Wet,2021,2021-10,"{""type"":""MultiPoint"",""coordinates"":[]}"
VHI_M_2021-10_00000000000000000192,0.7099999785423278,403,10,Wet,2021,2021-10,"{""type"":""MultiPoint"",""coordinates"":[]}"
VHI_M_2021-10_00000000000000000193,0.6549999713897704,404,10,Wet,2021,2021-10,"{""type"":""MultiPoint"",""coordinates"":[]}"
VHI_M_2021-10_00000000000000000194,0.7450000047683714,405,10,Wet,2021,2021-10,"{""type"":""MultiPoint"",""coordinates"":[]}"
VHI_M_2021-10_000000000000000001d2,0.6899999976158143,467,10,Wet,2021,2021-10,"{""type"":""MultiPoint"",""coordinates"":[]}"
VHI_M_2021-10_000000000000000001d3,0.7549999952316284,468,10,Wet,2021,2021-10,"{""type"":""MultiPoint"",""coordinates"":[]}"
VHI_M_2021-10_000000000000000001d4,0.7099999785423279,469,10,Wet,2021,2021-10,"{""type"":""MultiPoint"",""coordinates"":[]}"
VHI_M_2021-10_000000000000000001d5,0.6700000166893005,470,10,Wet,2021,2021-10,"{""type"":""MultiPoint"",""coordinates"":[]}"
VHI_M_2021-10_000000000000000001d6,0.5899999737739564,471,10,Wet,2021,2021-10,"{""type"":""MultiPoint"",""coordinates"":[]}"
VHI_M_2021-10_000000000000000001d7,0.6299999952316284,472,10,Wet,2021,2021-10,"{""type"":""MultiPoint"",""coordinates"":[]}"
VHI_M_2021-10_00000000000000000069,0.4650000035762787,106,10,Wet,2021,2021-10,"{""type"":""MultiPoint"",""coordinates"":[]}"
VHI_M_2021-10_0000000000000000006a,0.5,107,10,Wet,2021,2021-10,"{""type"":""MultiPoint"",""coordinates"":[]}"
VHI_M_2021-10_0000000000000000006b,0.3950000107288361,108,10,Wet,2021,2021-10,"{""type"":""MultiPoint"",""coordinates"":[]}"
VHI_M_2021-10_0000000000000000006c,0.4650000035762786,109,10,Wet,2021,2021-10,"{""type"":""MultiPoint"",""coordinates"":[]}"
VHI_M_2021-10_0000000000000000006d,0.47999998927116383,110,10,Wet,2021,2021-10,"{""type"":""MultiPoint"",""coordinates"":[]}"
VHI_M_2021-10_0000000000000000006e,0.5350000262260437,111,10,Wet,2021,2021-10,"{""type"":""MultiPoint"",""coordinates"":[]}"
VHI_M_2021-10_0000000000000000006f,0.5199999809265137,112,10,Wet,2021,2021-10,"{""type"":""MultiPoint"",""coordinates"":[]}"
VHI_M_2021-10_000000000000000000d6,0.2549999952316284,215,10,Wet,2021,2021-10,"{""type"":""MultiPoint"",""coordinates"":[]}"
VHI_M_2021-10_0000000000000000013b,0.4699999988079071,316,10,Wet,2021,2021-10,"{""type"":""MultiPoint"",""coordinates"":[]}"
VHI_M_2021-10_0000000000000000013c,0.38999998569488525,317,10,Wet,2021,2021-10,"{""type"":""MultiPoint"",""coordinates"":[]}"
VHI_M_2021-10_0000000000000000013d,0.37499999999999994,318,10,Wet,2021,2021-10,"{""type"":""MultiPoint"",""coordinates"":[]}"
VHI_M_2021-10_0000000000000000013e,0.36500000953674316,319,10,Wet,2021,2021-10,"{""type"":""MultiPoint"",""coordinates"":[]}"
VHI_M_2021-10_0000000000000000013f,0.33000001311302185,320,10,Wet,2021,2021-10,"{""type"":""MultiPoint"",""coordinates"":[]}"
VHI_M_2021-10_00000000000000000140,0.4350000023841858,321,10,Wet,2021,2021-10,"{""type"":""MultiPoint"",""coordinates"":[]}"
VHI_M_2021-10_000000000000000001bc,0.3100000023841858,445,10,Wet,2021,2021-10,"{""type"":""MultiPoint"",""coordinates"":[]}"
VHI_M_2021-10_000000000000000001bd,0.4050000011920929,446,10,Wet,2021,2021-10,"{""type"":""MultiPoint"",""coordinates"":[]}"
VHI_M_2021-10_000000000000000001be,0.3799999952316284,447,10,Wet,2021,2021-10,"{""type"":""MultiPoint"",""coordinates"":[]}"
VHI_M_2021-10_000000000000000001bf,0.36500000953674316,448,10,Wet,2021,2021-10,"{""type"":""MultiPoint"",""coordinates"":[]}"
VHI_M_2021-10_000000000000000001c0,0.2450000047683716,449,10,Wet,2021,2021-10,"{""type"":""MultiPoint"",""coordinates"":[]}"
VHI_M_2021-10_00000000000000000006,0.6600000262260437,7,10,Wet,2021,2021-10,"{""type"":""MultiPoint"",""coordinates"":[]}"
VHI_M_2021-10_0000000000000000002c,0.4300000071525573,45,10,Wet,2021,2021-10,"{""type"":""MultiPoint"",""coordinates"":[]}"
VHI_M_2021-10_0000000000000000002d,0.47499999403953547,46,10,Wet,2021,2021-10,"{""type"":""MultiPoint"",""coordinates"":[]}"
VHI_M_2021-10_0000000000000000002e,0.5099999904632568,47,10,Wet,2021,2021-10,"{""type"":""MultiPoint"",""coordinates"":[]}"
VHI_M_2021-10_0000000000000000002f,0.47499999403953547,48,10,Wet,2021,2021-10,"{""type"":""MultiPoint"",""coordinates"":[]}"
VHI_M_2021-10_0000000000000000009b,0.5550000071525572,156,10,Wet,2021,2021-10,"{""type"":""MultiPoint"",""coordinates"":[]}"
VHI_M_2021-10_0000000000000000009c,0.615000009536743,157,10,Wet,2021,2021-10,"{""type"":""MultiPoint"",""coordinates"":[]}"
VHI_M_2021-10_0000000000000000009d,0.550000011920929,158,10,Wet,2021,2021-10,"{""type"":""MultiPoint"",""coordinates"":[]}"
VHI_M_2021-10_000000000000000001b6,0.5849999785423279,439,10,Wet,2021,2021-10,"{""type"":""MultiPoint"",""coordinates"":[]}"
VHI_M_2021-10_000000000000000001b7,0.550000011920929,440,10,Wet,2021,2021-10,"{""type"":""MultiPoint"",""coordinates"":[]}"
VHI_M_2021-10_000000000000000001b8,0.5249999761581422,441,10,Wet,2021,2021-10,"{""type"":""MultiPoint"",""coordinates"":[]}"
VHI_M_2021-10_000000000000000001b9,0.4449999928474426,442,10,Wet,2021,2021-10,"{""type"":""MultiPoint"",""coordinates"":[]}"
VHI_M_2021-10_000000000000000001ba,0.41499999165534973,443,10,Wet,2021,2021-10,"{""type"":""MultiPoint"",""coordinates"":[]}"
VHI_M_2021-10_000000000000000001bb,0.5,444,10,Wet,2021,2021-10,"{""type"":""MultiPoint"",""coordinates"":[]}"
VHI_M_2021-10_00000000000000000221,0.5099999904632568,546,10,Wet,2021,2021-10,"{""type"":""MultiPoint"",""coordinates"":[]}"
VHI_M_2021-10_00000000000000000222,0.5350000262260437,547,10,Wet,2021,2021-10,"{""type"":""MultiPoint"",""coordinates"":[]}"
VHI_M_2021-10_00000000000000000223,0.4900000095367431,548,10,Wet,2021,2021-10,"{""type"":""MultiPoint"",""coordinates"":[]}"
VHI_M_2021-10_00000000000000000224,0.5849999785423279,549,10,Wet,2021,2021-10,"{""type"":""MultiPoint"",""coordinates"":[]}"
VHI_M_2021-10_00000000000000000225,0.5550000071525575,550,10,Wet,2021,2021-10,"{""type"":""MultiPoint"",""coordinates"":[]}"
VHI_M_2021-10_00000000000000000053,0.39500001072883606,84,10,Wet,2021,2021-10,"{""type"":""MultiPoint"",""coordinates"":[]}"
VHI_M_2021-10_00000000000000000054,0.40500000119209284,85,10,Wet,2021,2021-10,"{""type"":""MultiPoint"",""coordinates"":[]}"
VHI_M_2021-10_00000000000000000055,0.4000000059604645,86,10,Wet,2021,2021-10,"{""type"":""MultiPoint"",""coordinates"":[]}"
VHI_M_2021-10_00000000000000000056,0.42500001192092896,87,10,Wet,2021,2021-10,"{""type"":""MultiPoint"",""coordinates"":[]}"
VHI_M_2021-10_00000000000000000057,0.38999998569488525,88,10,Wet,2021,2021-10,"{""type"":""MultiPoint"",""coordinates"":[]}"
VHI_M_2021-10_000000000000000000de,0.4900000095367433,223,10,Wet,2021,2021-10,"{""type"":""MultiPoint"",""coordinates"":[]}"
VHI_M_2021-10_000000000000000000df,0.5,224,10,Wet,2021,2021-10,"{""type"":""MultiPoint"",""coordinates"":[]}"
VHI_M_2021-10_000000000000000000e0,0.41499999165534973,225,10,Wet,2021,2021-10,"{""type"":""MultiPoint"",""coordinates"":[]}"
VHI_M_2021-10_000000000000000000e1,0.5550000071525574,226,10,Wet,2021,2021-10,"{""type"":""MultiPoint"",""coordinates"":[]}"
VHI_M_2021-10_000000000000000000ff,0.49000000953674316,256,10,Wet,2021,2021-10,"{""type"":""MultiPoint"",""coordinates"":[]}"
VHI_M_2021-10_0000000000000000011c,0.4050000011920929,285,10,Wet,2021,2021-10,"{""type"":""MultiPoint"",""coordinates"":[]}"
VHI_M_2021-10_0000000000000000011d,0.375,286,10,Wet,2021,2021-10,"{""type"":""MultiPoint"",""coordinates"":[]}"
VHI_M_2021-10_0000000000000000011e,0.46999999880790716,287,10,Wet,2021,2021-10,"{""type"":""MultiPoint"",""coordinates"":[]}"
VHI_M_2021-10_0000000000000000011f,0.4650000035762787,288,10,Wet,2021,2021-10,"{""type"":""MultiPoint"",""coordinates"":[]}"
VHI_M_2021-10_000000000000000001c4,0.46000000834465027,453,10,Wet,2021,2021-10,"{""type"":""MultiPoint"",""coordinates"":[]}"
VHI_M_2021-10_000000000000000001c5,0.4850000143051147,454,10,Wet,2021,2021-10,"{""type"":""MultiPoint"",""coordinates"":[]}"
VHI_M_2021-10_000000000000000001c6,0.4449999928474426,455,10,Wet,2021,2021-10,"{""type"":""MultiPoint"",""coordinates"":[]}"
VHI_M_2021-10_00000000000000000003,0.3449999988079071,4,10,Wet,2021,2021-10,"{""type"":""MultiPoint"",""coordinates"":[]}"
VHI_M_2021-10_0000000000000000001b,0.5,28,10,Wet,2021,2021-10,"{""type"":""MultiPoint"",""coordinates"":[]}"
VHI_M_2021-10_00000000000000000186,0.625,391,10,Wet,2021,2021-10,"{""type"":""MultiPoint"",""coordinates"":[]}"
VHI_M_2021-10_00000000000000000187,0.6850000023841858,392,10,Wet,2021,2021-10,"{""type"":""MultiPoint"",""coordinates"":[]}"
VHI_M_2021-10_00000000000000000188,0.7350000143051149,393,10,Wet,2021,2021-10,"{""type"":""MultiPoint"",""coordinates"":[]}"
VHI_M_2021-10_00000000000000000189,0.45500001311302185,394,10,Wet,2021,2021-10,"{""type"":""MultiPoint"",""coordinates"":[]}"
VHI_M_2021-10_0000000000000000018a,0.4850000143051148,395,10,Wet,2021,2021-10,"{""type"":""MultiPoint"",""coordinates"":[]}"
VHI_M_2021-10_0000000000000000018f,0.5049999952316284,400,10,Wet,2021,2021-10,"{""type"":""MultiPoint"",""coordinates"":[]}"
VHI_M_2021-10_00000000000000000190,0.44999998807907104,401,10,Wet,2021,2021-10,"{""type"":""MultiPoint"",""coordinates"":[]}"
VHI_M_2021-10_0000000000000000021e,0.39500001072883606,543,10,Wet,2021,2021-10,"{""type"":""MultiPoint"",""coordinates"":[]}"
VHI_M_2021-10_0000000000000000021f,0.6200000047683717,544,10,Wet,2021,2021-10,"{""type"":""MultiPoint"",""coordinates"":[]}"
VHI_M_2021-10_00000000000000000220,0.5699999928474425,545,10,Wet,2021,2021-10,"{""type"":""MultiPoint"",""coordinates"":[]}"
VHI_M_2021-10_00000000000000000007,0.5450000166893005,8,10,Wet,2021,2021-10,"{""type"":""MultiPoint"",""coordinates"":[]}"
VHI_M_2021-10_0000000000000000000b,0.46000000834465027,12,10,Wet,2021,2021-10,"{""type"":""MultiPoint"",""coordinates"":[]}"
VHI_M_2021-10_00000000000000000012,0.6200000047683716,19,10,Wet,2021,2021-10,"{""type"":""MultiPoint"",""coordinates"":[]}"
VHI_M_2021-10_00000000000000000013,0.5899999737739563,20,10,Wet,2021,2021-10,"{""type"":""MultiPoint"",""coordinates"":[]}"
VHI_M_2021-10_00000000000000000014,0.42500001192092884,21,10,Wet,2021,2021-10,"{""type"":""MultiPoint"",""coordinates"":[]}"
VHI_M_2021-10_00000000000000000015,0.5199999809265137,22,10,Wet,2021,2021-10,"{""type"":""MultiPoint"",""coordinates"":[]}"
VHI_M_2021-10_00000000000000000016,0.6399999856948853,23,10,Wet,2021,2021-10,"{""type"":""MultiPoint"",""coordinates"":[]}"
VHI_M_2021-10_00000000000000000183,0.5249999761581421,388,10,Wet,2021,2021-10,"{""type"":""MultiPoint"",""coordinates"":[]}"
VHI_M_2021-10_00000000000000000184,0.44499999284744257,389,10,Wet,2021,2021-10,"{""type"":""MultiPoint"",""coordinates"":[]}"
VHI_M_2021-10_00000000000000000185,0.4149999916553498,390,10,Wet,2021,2021-10,"{""type"":""MultiPoint"",""coordinates"":[]}"
VHI_M_2021-10_00000000000000000212,0.375,531,10,Wet,2021,2021-10,"{""type"":""MultiPoint"",""coordinates"":[]}"
VHI_M_2021-10_00000000000000000213,0.5550000071525574,532,10,Wet,2021,2021-10,"{""type"":""MultiPoint"",""coordinates"":[]}"
VHI_M_2021-10_00000000000000000214,0.4699999988079071,533,10,Wet,2021,2021-10,"{""type"":""MultiPoint"",""coordinates"":[]}"
VHI_M_2021-10_00000000000000000215,0.5550000071525574,534,10,Wet,2021,2021-10,"{""type"":""MultiPoint"",""coordinates"":[]}"
VHI_M_2021-10_0000000000000000005a,0.5400000214576721,91,10,Wet,2021,2021-10,"{""type"":""MultiPoint"",""coordinates"":[]}"
VHI_M_2021-10_00000000000000000118,0.6399999856948854,281,10,Wet,2021,2021-10,"{""type"":""MultiPoint"",""coordinates"":[]}"
VHI_M_2021-10_00000000000000000119,0.5600000023841858,282,10,Wet,2021,2021-10,"{""type"":""MultiPoint"",""coordinates"":[]}"
VHI_M_2021-10_0000000000000000011a,0.5,283,10,Wet,2021,2021-10,"{""type"":""MultiPoint"",""coordinates"":[]}"
VHI_M_2021-10_0000000000000000011b,0.75,284,10,Wet,2021,2021-10,"{""type"":""MultiPoint"",""coordinates"":[]}"
VHI_M_2021-10_00000000000000000141,0.5849999785423279,322,10,Wet,2021,2021-10,"{""type"":""MultiPoint"",""coordinates"":[]}"
VHI_M_2021-10_00000000000000000142,0.8050000071525575,323,10,Wet,2021,2021-10,"{""type"":""MultiPoint"",""coordinates"":[]}"
VHI_M_2021-10_00000000000000000143,0.6449999809265137,324,10,Wet,2021,2021-10,"{""type"":""MultiPoint"",""coordinates"":[]}"
VHI_M_2021-10_00000000000000000144,0.6100000143051147,325,10,Wet,2021,2021-10,"{""type"":""MultiPoint"",""coordinates"":[]}"
VHI_M_2021-10_00000000000000000145,0.6449999809265137,326,10,Wet,2021,2021-10,"{""type"":""MultiPoint"",""coordinates"":[]}"
VHI_M_2021-10_000000000000000001af,0.46000000834465027,432,10,Wet,2021,2021-10,"{""type"":""MultiPoint"",""coordinates"":[]}"
VHI_M_2021-10_0000000000000000004b,0.6800000071525574,76,10,Wet,2021,2021-10,"{""type"":""MultiPoint"",""coordinates"":[]}"
VHI_M_2021-10_0000000000000000004c,0.5849999785423279,77,10,Wet,2021,2021-10,"{""type"":""MultiPoint"",""coordinates"":[]}"
VHI_M_2021-10_0000000000000000004d,0.6250000000000001,78,10,Wet,2021,2021-10,"{""type"":""MultiPoint"",""coordinates"":[]}"
VHI_M_2021-10_0000000000000000004e,0.5550000071525574,79,10,Wet,2021,2021-10,"{""type"":""MultiPoint"",""coordinates"":[]}"
VHI_M_2021-10_0000000000000000004f,0.5699999928474427,80,10,Wet,2021,2021-10,"{""type"":""MultiPoint"",""coordinates"":[]}"
VHI_M_2021-10_00000000000000000050,0.7699999809265137,81,10,Wet,2021,2021-10,"{""type"":""MultiPoint"",""coordinates"":[]}"
VHI_M_2021-10_00000000000000000051,0.5799999833106995,82,10,Wet,2021,2021-10,"{""type"":""MultiPoint"",""coordinates"":[]}"
VHI_M_2021-10_00000000000000000052,0.6349999904632568,83,10,Wet,2021,2021-10,"{""type"":""MultiPoint"",""coordinates"":[]}"
VHI_M_2021-10_000000000000000000aa,0.48500001430511475,171,10,Wet,2021,2021-10,"{""type"":""MultiPoint"",""coordinates"":[]}"
VHI_M_2021-10_000000000000000000ab,0.6600000262260436,172,10,Wet,2021,2021-10,"{""type"":""MultiPoint"",""coordinates"":[]}"
VHI_M_2021-10_000000000000000000ac,0.634999990463257,173,10,Wet,2021,2021-10,"{""type"":""MultiPoint"",""coordinates"":[]}"
VHI_M_2021-10_000000000000000000ad,0.5749999880790712,174,10,Wet,2021,2021-10,"{""type"":""MultiPoint"",""coordinates"":[]}"
VHI_M_2021-10_000000000000000000ae,0.47999998927116394,175,10,Wet,2021,2021-10,"{""type"":""MultiPoint"",""coordinates"":[]}"
VHI_M_2021-10_000000000000000000af,0.6399999856948853,176,10,Wet,2021,2021-10,"{""type"":""MultiPoint"",""coordinates"":[]}"
VHI_M_2021-10_000000000000000000b0,0.7599999904632568,177,10,Wet,2021,2021-10,"{""type"":""MultiPoint"",""coordinates"":[]}"
VHI_M_2021-10_000000000000000001c7,0.5849999785423279,456,10,Wet,2021,2021-10,"{""type"":""MultiPoint"",""coordinates"":[]}"
VHI_M_2021-10_000000000000000001c8,0.5550000071525574,457,10,Wet,2021,2021-10,"{""type"":""MultiPoint"",""coordinates"":[]}"
VHI_M_2021-10_000000000000000001c9,0.4950000047683716,458,10,Wet,2021,2021-10,"{""type"":""MultiPoint"",""coordinates"":[]}"
VHI_M_2021-10_000000000000000001ca,0.6449999809265137,459,10,Wet,2021,2021-10,"{""type"":""MultiPoint"",""coordinates"":[]}"
VHI_M_2021-10_0000000000000000020a,0.5249999761581421,523,10,Wet,2021,2021-10,"{""type"":""MultiPoint"",""coordinates"":[]}"
VHI_M_2021-10_0000000000000000020b,0.5899999737739562,524,10,Wet,2021,2021-10,"{""type"":""MultiPoint"",""coordinates"":[]}"
VHI_M_2021-10_0000000000000000020c,0.5899999737739561,525,10,Wet,2021,2021-10,"{""type"":""MultiPoint"",""coordinates"":[]}"
VHI_M_2021-10_000000000000000001ab,0.49000000953674316,428,10,Wet,2021,2021-10,"{""type"":""MultiPoint"",""coordinates"":[]}"
VHI_M_2021-10_000000000000000001ac,0.4950000047683716,429,10,Wet,2021,2021-10,"{""type"":""MultiPoint"",""coordinates"":[]}"
VHI_M_2021-10_000000000000000001ad,0.5299999713897705,430,10,Wet,2021,2021-10,"{""type"":""MultiPoint"",""coordinates"":[]}"
VHI_M_2021-10_000000000000000001ae,0.4749999940395355,431,10,Wet,2021,2021-10,"{""type"":""MultiPoint"",""coordinates"":[]}"
VHI_M_2021-10_000000000000000001c3,0.4699999988079071,452,10,Wet,2021,2021-10,"{""type"":""MultiPoint"",""coordinates"":[]}"
VHI_M_2021-10_00000000000000000037,0.699999988079071,56,10,Wet,2021,2021-10,"{""type"":""MultiPoint"",""coordinates"":[]}"
VHI_M_2021-10_00000000000000000038,0.6850000023841858,57,10,Wet,2021,2021-10,"{""type"":""MultiPoint"",""coordinates"":[]}"
VHI_M_2021-10_00000000000000000039,0.5450000166893005,58,10,Wet,2021,2021-10,"{""type"":""MultiPoint"",""coordinates"":[]}"
VHI_M_2021-10_0000000000000000003a,0.6600000262260438,59,10,Wet,2021,2021-10,"{""type"":""MultiPoint"",""coordinates"":[]}"
VHI_M_2021-10_0000000000000000003b,0.6750000119209288,60,10,Wet,2021,2021-10,"{""type"":""MultiPoint"",""coordinates"":[]}"
VHI_M_2021-10_0000000000000000003c,0.8299999833106996,61,10,Wet,2021,2021-10,"{""type"":""MultiPoint"",""coordinates"":[]}"
VHI_M_2021-10_0000000000000000003d,0.8550000190734862,62,10,Wet,2021,2021-10,"{""type"":""MultiPoint"",""coordinates"":[]}"
VHI_M_2021-10_0000000000000000003e,0.7400000095367432,63,10,Wet,2021,2021-10,"{""type"":""MultiPoint"",""coordinates"":[]}"
VHI_M_2021-10_0000000000000000003f,0.7799999713897703,64,10,Wet,2021,2021-10,"{""type"":""MultiPoint"",""coordinates"":[]}"
VHI_M_2021-10_00000000000000000044,0.7400000095367432,69,10,Wet,2021,2021-10,"{""type"":""MultiPoint"",""coordinates"":[]}"
VHI_M_2021-10_00000000000000000076,0.7549999952316283,119,10,Wet,2021,2021-10,"{""type"":""MultiPoint"",""coordinates"":[]}"
VHI_M_2021-10_00000000000000000077,0.6999999880790712,120,10,Wet,2021,2021-10,"{""type"":""MultiPoint"",""coordinates"":[]}"
VHI_M_2021-10_00000000000000000078,0.7149999737739563,121,10,Wet,2021,2021-10,"{""type"":""MultiPoint"",""coordinates"":[]}"
VHI_M_2021-10_00000000000000000079,0.7200000286102295,122,10,Wet,2021,2021-10,"{""type"":""MultiPoint"",""coordinates"":[]}"
VHI_M_2021-10_0000000000000000008b,0.5249999761581421,140,10,Wet,2021,2021-10,"{""type"":""MultiPoint"",""coordinates"":[]}"
VHI_M_2021-10_0000000000000000008c,0.5849999785423279,141,10,Wet,2021,2021-10,"{""type"":""MultiPoint"",""coordinates"":[]}"
VHI_M_2021-10_0000000000000000008d,0.550000011920929,142,10,Wet,2021,2021-10,"{""type"":""MultiPoint"",""coordinates"":[]}"
VHI_M_2021-10_0000000000000000008e,0.5699999928474426,143,10,Wet,2021,2021-10,"{""type"":""MultiPoint"",""coordinates"":[]}"
VHI_M_2021-10_0000000000000000008f,0.6349999904632568,144,10,Wet,2021,2021-10,"{""type"":""MultiPoint"",""coordinates"":[]}"
VHI_M_2021-10_00000000000000000090,0.6050000190734864,145,10,Wet,2021,2021-10,"{""type"":""MultiPoint"",""coordinates"":[]}"
VHI_M_2021-10_00000000000000000091,0.5799999833106995,146,10,Wet,2021,2021-10,"{""type"":""MultiPoint"",""coordinates"":[]}"
VHI_M_2021-10_000000000000000000b5,0.6399999856948853,182,10,Wet,2021,2021-10,"{""type"":""MultiPoint"",""coordinates"":[]}"
VHI_M_2021-10_000000000000000000cc,0.6700000166893005,205,10,Wet,2021,2021-10,"{""type"":""MultiPoint"",""coordinates"":[]}"
VHI_M_2021-10_000000000000000000cd,0.6349999904632566,206,10,Wet,2021,2021-10,"{""type"":""MultiPoint"",""coordinates"":[]}"
VHI_M_2021-10_000000000000000001dd,0.6750000119209291,478,10,Wet,2021,2021-10,"{""type"":""MultiPoint"",""coordinates"":[]}"
VHI_M_2021-10_000000000000000001de,0.6700000166893005,479,10,Wet,2021,2021-10,"{""type"":""MultiPoint"",""coordinates"":[]}"
VHI_M_2021-10_000000000000000001df,0.6050000190734863,480,10,Wet,2021,2021-10,"{""type"":""MultiPoint"",""coordinates"":[]}"
VHI_M_2021-10_000000000000000001e0,0.6349999904632568,481,10,Wet,2021,2021-10,"{""type"":""MultiPoint"",""coordinates"":[]}"
VHI_M_2021-10_000000000000000001e1,0.7450000047683716,482,10,Wet,2021,2021-10,"{""type"":""MultiPoint"",""coordinates"":[]}"
VHI_M_2021-10_0000000000000000007a,0.8500000238418579,123,10,Wet,2021,2021-10,"{""type"":""MultiPoint"",""coordinates"":[]}"
VHI_M_2021-10_0000000000000000007b,0.6349999904632568,124,10,Wet,2021,2021-10,"{""type"":""MultiPoint"",""coordinates"":[]}"
VHI_M_2021-10_0000000000000000007c,0.6449999809265137,125,10,Wet,2021,2021-10,"{""type"":""MultiPoint"",""coordinates"":[]}"
VHI_M_2021-10_0000000000000000007d,0.6949999928474427,126,10,Wet,2021,2021-10,"{""type"":""MultiPoint"",""coordinates"":[]}"
VHI_M_2021-10_0000000000000000007e,0.6999999880790712,127,10,Wet,2021,2021-10,"{""type"":""MultiPoint"",""coordinates"":[]}"
VHI_M_2021-10_0000000000000000007f,0.6600000262260438,128,10,Wet,2021,2021-10,"{""type"":""MultiPoint"",""coordinates"":[]}"
VHI_M_2021-10_00000000000000000080,0.7300000190734863,129,10,Wet,2021,2021-10,"{""type"":""MultiPoint"",""coordinates"":[]}"
VHI_M_2021-10_00000000000000000088,0.6899999976158142,137,10,Wet,2021,2021-10,"{""type"":""MultiPoint"",""coordinates"":[]}"
VHI_M_2021-10_00000000000000000089,0.7649999856948853,138,10,Wet,2021,2021-10,"{""type"":""MultiPoint"",""coordinates"":[]}"
VHI_M_2021-10_0000000000000000008a,0.725000023841858,139,10,Wet,2021,2021-10,"{""type"":""MultiPoint"",""coordinates"":[]}"
VHI_M_2021-10_00000000000000000099,0.6283878092691302,154,10,Wet,2021,2021-10,"{""type"":""MultiPoint"",""coordinates"":[]}"
VHI_M_2021-10_0000000000000000009a,0.6449999809265137,155,10,Wet,2021,2021-10,"{""type"":""MultiPoint"",""coordinates"":[]}"
VHI_M_2021-10_00000000000000000112,0.8100000023841858,275,10,Wet,2021,2021-10,"{""type"":""MultiPoint"",""coordinates"":[]}"
VHI_M_2021-10_000000000000000001d8,0.5,473,10,Wet,2021,2021-10,"{""type"":""MultiPoint"",""coordinates"":[]}"
VHI_M_2021-10_00000000000000000001,0.75,2,10,Wet,2021,2021-10,"{""type"":""MultiPoint"",""coordinates"":[]}"
VHI_M_2021-10_00000000000000000030,0.6399999856948853,49,10,Wet,2021,2021-10,"{""type"":""MultiPoint"",""coordinates"":[]}"
VHI_M_2021-10_00000000000000000031,0.7400000095367432,50,10,Wet,2021,2021-10,"{""type"":""MultiPoint"",""coordinates"":[]}"
VHI_M_2021-10_00000000000000000032,0.6499999761581421,51,10,Wet,2021,2021-10,"{""type"":""MultiPoint"",""coordinates"":[]}"
VHI_M_2021-10_000000000000000000d7,0.7900000214576721,216,10,Wet,2021,2021-10,"{""type"":""MultiPoint"",""coordinates"":[]}"
VHI_M_2021-10_000000000000000000d8,0.834999978542328,217,10,Wet,2021,2021-10,"{""type"":""MultiPoint"",""coordinates"":[]}"
VHI_M_2021-10_000000000000000000d9,0.7699999809265136,218,10,Wet,2021,2021-10,"{""type"":""MultiPoint"",""coordinates"":[]}"
VHI_M_2021-10_000000000000000000da,0.8700000047683717,219,10,Wet,2021,2021-10,"{""type"":""MultiPoint"",""coordinates"":[]}"
VHI_M_2021-10_00000000000000000132,0.6349999904632568,307,10,Wet,2021,2021-10,"{""type"":""MultiPoint"",""coordinates"":[]}"
VHI_M_2021-10_00000000000000000133,0.7450000047683716,308,10,Wet,2021,2021-10,"{""type"":""MultiPoint"",""coordinates"":[]}"
VHI_M_2021-10_00000000000000000134,0.699999988079071,309,10,Wet,2021,2021-10,"{""type"":""MultiPoint"",""coordinates"":[]}"
VHI_M_2021-10_00000000000000000135,0.7049999833106995,310,10,Wet,2021,2021-10,"{""type"":""MultiPoint"",""coordinates"":[]}"
VHI_M_2021-10_0000000000000000001f,0.7649999856948853,32,10,Wet,2021,2021-10,"{""type"":""MultiPoint"",""coordinates"":[]}"
VHI_M_2021-10_00000000000000000020,0.7900000214576721,33,10,Wet,2021,2021-10,"{""type"":""MultiPoint"",""coordinates"":[]}"
VHI_M_2021-10_00000000000000000021,0.7599999904632568,34,10,Wet,2021,2021-10,"{""type"":""MultiPoint"",""coordinates"":[]}"
VHI_M_2021-10_00000000000000000045,0.7749999761581423,70,10,Wet,2021,2021-10,"{""type"":""MultiPoint"",""coordinates"":[]}"
VHI_M_2021-10_00000000000000000046,0.8700000047683717,71,10,Wet,2021,2021-10,"{""type"":""MultiPoint"",""coordinates"":[]}"
VHI_M_2021-10_00000000000000000047,0.8299999833106995,72,10,Wet,2021,2021-10,"{""type"":""MultiPoint"",""coordinates"":[]}"
VHI_M_2021-10_00000000000000000048,0.7499999999999999,73,10,Wet,2021,2021-10,"{""type"":""MultiPoint"",""coordinates"":[]}"
VHI_M_2021-10_00000000000000000072,0.7950000166893006,115,10,Wet,2021,2021-10,"{""type"":""MultiPoint"",""coordinates"":[]}"
VHI_M_2021-10_00000000000000000073,0.7599999904632568,116,10,Wet,2021,2021-10,"{""type"":""MultiPoint"",""coordinates"":[]}"
VHI_M_2021-10_00000000000000000074,0.8399999737739561,117,10,Wet,2021,2021-10,"{""type"":""MultiPoint"",""coordinates"":[]}"
VHI_M_2021-10_00000000000000000075,0.7749999761581422,118,10,Wet,2021,2021-10,"{""type"":""MultiPoint"",""coordinates"":[]}"
VHI_M_2021-10_000000000000000000b4,0.7900000214576721,181,10,Wet,2021,2021-10,"{""type"":""MultiPoint"",""coordinates"":[]}"
VHI_M_2021-10_000000000000000000e8,0.7450000047683716,233,10,Wet,2021,2021-10,"{""type"":""MultiPoint"",""coordinates"":[]}"
VHI_M_2021-10_000000000000000000e9,0.7200000286102294,234,10,Wet,2021,2021-10,"{""type"":""MultiPoint"",""coordinates"":[]}"
VHI_M_2021-10_000000000000000000ea,0.790000021457672,235,10,Wet,2021,2021-10,"{""type"":""MultiPoint"",""coordinates"":[]}"
VHI_M_2021-10_00000000000000000022,0.7300000190734863,35,10,Wet,2021,2021-10,"{""type"":""MultiPoint"",""coordinates"":[]}"
VHI_M_2021-10_00000000000000000023,0.7749999761581423,36,10,Wet,2021,2021-10,"{""type"":""MultiPoint"",""coordinates"":[]}"
VHI_M_2021-10_00000000000000000024,0.7649999856948854,37,10,Wet,2021,2021-10,"{""type"":""MultiPoint"",""coordinates"":[]}"
VHI_M_2021-10_00000000000000000025,0.7400000095367433,38,10,Wet,2021,2021-10,"{""type"":""MultiPoint"",""coordinates"":[]}"
VHI_M_2021-10_000000000000000000f0,0.7649999856948853,241,10,Wet,2021,2021-10,"{""type"":""MultiPoint"",""coordinates"":[]}"
VHI_M_2021-10_000000000000000000f4,0.6600000262260437,245,10,Wet,2021,2021-10,"{""type"":""MultiPoint"",""coordinates"":[]}"
VHI_M_2021-10_000000000000000000f5,0.7749999761581421,246,10,Wet,2021,2021-10,"{""type"":""MultiPoint"",""coordinates"":[]}"
VHI_M_2021-10_000000000000000000f6,0.6850000023841857,247,10,Wet,2021,2021-10,"{""type"":""MultiPoint"",""coordinates"":[]}"
VHI_M_2021-10_000000000000000000f7,0.6800000071525575,248,10,Wet,2021,2021-10,"{""type"":""MultiPoint"",""coordinates"":[]}"
VHI_M_2021-10_000000000000000000f8,0.7099999785423282,249,10,Wet,2021,2021-10,"{""type"":""MultiPoint"",""coordinates"":[]}"
VHI_M_2021-10_00000000000000000000,0.6949999928474426,1,10,Wet,2021,2021-10,"{""type"":""MultiPoint"",""coordinates"":[]}"
VHI_M_2021-10_000000000000000000f2,0.6899999976158143,243,10,Wet,2021,2021-10,"{""type"":""MultiPoint"",""coordinates"":[]}"
VHI_M_2021-10_000000000000000000f3,0.6700000166893005,244,10,Wet,2021,2021-10,"{""type"":""MultiPoint"",""coordinates"":[]}"
VHI_M_2021-10_00000000000000000106,0.699999988079071,263,10,Wet,2021,2021-10,"{""type"":""MultiPoint"",""coordinates"":[]}"
VHI_M_2021-10_00000000000000000107,0.75,264,10,Wet,2021,2021-10,"{""type"":""MultiPoint"",""coordinates"":[]}"
VHI_M_2021-10_00000000000000000108,0.675000011920929,265,10,Wet,2021,2021-10,"{""type"":""MultiPoint"",""coordinates"":[]}"
VHI_M_2021-10_0000000000000000012c,0.7699999809265136,301,10,Wet,2021,2021-10,"{""type"":""MultiPoint"",""coordinates"":[]}"
VHI_M_2021-10_0000000000000000012d,0.7049999833106995,302,10,Wet,2021,2021-10,"{""type"":""MultiPoint"",""coordinates"":[]}"
VHI_M_2021-10_0000000000000000012e,0.7699999809265134,303,10,Wet,2021,2021-10,"{""type"":""MultiPoint"",""coordinates"":[]}"
VHI_M_2021-10_000000000000000000a5,0.5199999809265137,166,10,Wet,2021,2021-10,"{""type"":""MultiPoint"",""coordinates"":[]}"
VHI_M_2021-10_000000000000000000a6,0.49000000953674316,167,10,Wet,2021,2021-10,"{""type"":""MultiPoint"",""coordinates"":[]}"
VHI_M_2021-10_000000000000000000c1,0.6349999904632568,194,10,Wet,2021,2021-10,"{""type"":""MultiPoint"",""coordinates"":[]}"
VHI_M_2021-10_00000000000000000120,0.6899999976158142,289,10,Wet,2021,2021-10,"{""type"":""MultiPoint"",""coordinates"":[]}"
VHI_M_2021-10_000000000000000001d9,0.6399999856948854,474,10,Wet,2021,2021-10,"{""type"":""MultiPoint"",""coordinates"":[]}"
VHI_M_2021-10_000000000000000001da,0.6150000095367432,475,10,Wet,2021,2021-10,"{""type"":""MultiPoint"",""coordinates"":[]}"
VHI_M_2021-10_000000000000000001db,0.5550000071525574,476,10,Wet,2021,2021-10,"{""type"":""MultiPoint"",""coordinates"":[]}"
VHI_M_2021-10_000000000000000001dc,0.6150000095367432,477,10,Wet,2021,2021-10,"{""type"":""MultiPoint"",""coordinates"":[]}"
VHI_M_2021-10_000000000000000001e2,0.49000000953674316,483,10,Wet,2021,2021-10,"{""type"":""MultiPoint"",""coordinates"":[]}"
VHI_M_2021-10_000000000000000001e3,0.5450000166893005,484,10,Wet,2021,2021-10,"{""type"":""MultiPoint"",""coordinates"":[]}"
VHI_M_2021-10_000000000000000001e4,0.5649999976158142,485,10,Wet,2021,2021-10,"{""type"":""MultiPoint"",""coordinates"":[]}"
VHI_M_2021-10_000000000000000001e5,0.48500001430511475,486,10,Wet,2021,2021-10,"{""type"":""MultiPoint"",""coordinates"":[]}"
VHI_M_2021-10_000000000000000001e6,0.6150000095367432,487,10,Wet,2021,2021-10,"{""type"":""MultiPoint"",""coordinates"":[]}"
VHI_M_2021-10_000000000000000001e7,0.6700000166893006,488,10,Wet,2021,2021-10,"{""type"":""MultiPoint"",""coordinates"":[]}"
VHI_M_2021-10_000000000000000001e8,0.6200000047683716,489,10,Wet,2021,2021-10,"{""type"":""MultiPoint"",""coordinates"":[]}"
VHI_M_2021-10_000000000000000001e9,0.6000000238418579,490,10,Wet,2021,2021-10,"{""type"":""MultiPoint"",""coordinates"":[]}"
VHI_M_2021-10_000000000000000000e2,0.5400000214576721,227,10,Wet,2021,2021-10,"{""type"":""MultiPoint"",""coordinates"":[]}"
VHI_M_2021-10_000000000000000000e3,0.6299999952316284,228,10,Wet,2021,2021-10,"{""type"":""MultiPoint"",""coordinates"":[]}"
VHI_M_2021-10_000000000000000000e4,0.6600000262260437,229,10,Wet,2021,2021-10,"{""type"":""MultiPoint"",""coordinates"":[]}"
VHI_M_2021-10_000000000000000000e5,0.7250000238418579,230,10,Wet,2021,2021-10,"{""type"":""MultiPoint"",""coordinates"":[]}"
VHI_M_2021-10_000000000000000000e6,0.48500001430511475,231,10,Wet,2021,2021-10,"{""type"":""MultiPoint"",""coordinates"":[]}"
VHI_M_2021-10_000000000000000000e7,0.4749999940395355,232,10,Wet,2021,2021-10,"{""type"":""MultiPoint"",""coordinates"":[]}"
VHI_M_2021-10_0000000000000000017f,0.5649999976158142,384,10,Wet,2021,2021-10,"{""type"":""MultiPoint"",""coordinates"":[]}"
VHI_M_2021-10_00000000000000000180,0.5299999713897705,385,10,Wet,2021,2021-10,"{""type"":""MultiPoint"",""coordinates"":[]}"
VHI_M_2021-10_00000000000000000203,0.4300000071525574,516,10,Wet,2021,2021-10,"{""type"":""MultiPoint"",""coordinates"":[]}"
VHI_M_2021-10_00000000000000000204,0.49000000953674316,517,10,Wet,2021,2021-10,"{""type"":""MultiPoint"",""coordinates"":[]}"
VHI_M_2021-10_00000000000000000205,0.550000011920929,518,10,Wet,2021,2021-10,"{""type"":""MultiPoint"",""coordinates"":[]}"
VHI_M_2021-10_00000000000000000206,0.47999998927116394,519,10,Wet,2021,2021-10,"{""type"":""MultiPoint"",""coordinates"":[]}"
VHI_M_2021-10_00000000000000000207,0.6050000190734863,520,10,Wet,2021,2021-10,"{""type"":""MultiPoint"",""coordinates"":[]}"
VHI_M_2021-10_00000000000000000208,0.39500001072883606,521,10,Wet,2021,2021-10,"{""type"":""MultiPoint"",""coordinates"":[]}"
VHI_M_2021-10_00000000000000000209,0.5099999904632568,522,10,Wet,2021,2021-10,"{""type"":""MultiPoint"",""coordinates"":[]}"
VHI_M_2021-10_0000000000000000000e,0.6000000238418579,15,10,Wet,2021,2021-10,"{""type"":""MultiPoint"",""coordinates"":[]}"
VHI_M_2021-10_00000000000000000124,0.41499999165534973,293,10,Wet,2021,2021-10,"{""type"":""MultiPoint"",""coordinates"":[]}"
VHI_M_2021-10_00000000000000000125,0.38499999046325684,294,10,Wet,2021,2021-10,"{""type"":""MultiPoint"",""coordinates"":[]}"
VHI_M_2021-10_00000000000000000126,0.35499998927116394,295,10,Wet,2021,2021-10,"{""type"":""MultiPoint"",""coordinates"":[]}"
VHI_M_2021-10_00000000000000000127,0.5799999833106995,296,10,Wet,2021,2021-10,"{""type"":""MultiPoint"",""coordinates"":[]}"
VHI_M_2021-10_00000000000000000128,0.38499999046325684,297,10,Wet,2021,2021-10,"{""type"":""MultiPoint"",""coordinates"":[]}"
VHI_M_2021-10_00000000000000000129,0.3199999928474427,298,10,Wet,2021,2021-10,"{""type"":""MultiPoint"",""coordinates"":[]}"
VHI_M_2021-10_0000000000000000012a,0.22499999403953552,299,10,Wet,2021,2021-10,"{""type"":""MultiPoint"",""coordinates"":[]}"
VHI_M_2021-10_0000000000000000012b,0.2199999988079071,300,10,Wet,2021,2021-10,"{""type"":""MultiPoint"",""coordinates"":[]}"
VHI_M_2021-10_00000000000000000174,0.3050000071525574,373,10,Wet,2021,2021-10,"{""type"":""MultiPoint"",""coordinates"":[]}"
VHI_M_2021-10_00000000000000000175,0.2549999952316285,374,10,Wet,2021,2021-10,"{""type"":""MultiPoint"",""coordinates"":[]}"
VHI_M_2021-10_00000000000000000176,0.32499998807907104,375,10,Wet,2021,2021-10,"{""type"":""MultiPoint"",""coordinates"":[]}"
VHI_M_2021-10_00000000000000000177,0.33500000834465027,376,10,Wet,2021,2021-10,"{""type"":""MultiPoint"",""coordinates"":[]}"
VHI_M_2021-10_00000000000000000195,0.5699999928474426,406,10,Wet,2021,2021-10,"{""type"":""MultiPoint"",""coordinates"":[]}"
VHI_M_2021-10_00000000000000000196,0.7049999833106997,407,10,Wet,2021,2021-10,"{""type"":""MultiPoint"",""coordinates"":[]}"
VHI_M_2021-10_00000000000000000197,0.6399999856948853,408,10,Wet,2021,2021-10,"{""type"":""MultiPoint"",""coordinates"":[]}"
VHI_M_2021-10_00000000000000000198,0.5699999928474426,409,10,Wet,2021,2021-10,"{""type"":""MultiPoint"",""coordinates"":[]}"
VHI_M_2021-10_00000000000000000199,0.5649999976158142,410,10,Wet,2021,2021-10,"{""type"":""MultiPoint"",""coordinates"":[]}"
VHI_M_2021-10_00000000000000000035,0.7850000262260437,54,10,Wet,2021,2021-10,"{""type"":""MultiPoint"",""coordinates"":[]}"
VHI_M_2021-10_000000000000000000ce,0.740000009536743,207,10,Wet,2021,2021-10,"{""type"":""MultiPoint"",""coordinates"":[]}"
VHI_M_2021-10_000000000000000000cf,0.6200000047683716,208,10,Wet,2021,2021-10,"{""type"":""MultiPoint"",""coordinates"":[]}"
VHI_M_2021-10_000000000000000000d0,0.708094823241718,209,10,Wet,2021,2021-10,"{""type"":""MultiPoint"",""coordinates"":[]}"
VHI_M_2021-10_000000000000000000d1,0.6399999856948853,210,10,Wet,2021,2021-10,"{""type"":""MultiPoint"",""coordinates"":[]}"
VHI_M_2021-10_000000000000000001ea,0.824999988079071,491,10,Wet,2021,2021-10,"{""type"":""MultiPoint"",""coordinates"":[]}"
VHI_M_2021-10_000000000000000001eb,0.8500000238418579,492,10,Wet,2021,2021-10,"{""type"":""MultiPoint"",""coordinates"":[]}"
VHI_M_2021-10_000000000000000001ec,0.8149999976158143,493,10,Wet,2021,2021-10,"{""type"":""MultiPoint"",""coordinates"":[]}"
VHI_M_2021-10_000000000000000001ed,0.8299999833106995,494,10,Wet,2021,2021-10,"{""type"":""MultiPoint"",""coordinates"":[]}"
VHI_M_2021-10_000000000000000001f4,0.6949999928474426,501,10,Wet,2021,2021-10,"{""type"":""MultiPoint"",""coordinates"":[]}"
VHI_M_2021-10_000000000000000001f5,0.6399999856948851,502,10,Wet,2021,2021-10,"{""type"":""MultiPoint"",""coordinates"":[]}"
VHI_M_2021-10_000000000000000001f6,0.6449999809265136,503,10,Wet,2021,2021-10,"{""type"":""MultiPoint"",""coordinates"":[]}"
VHI_M_2021-10_000000000000000001f7,0.6514727081092715,504,10,Wet,2021,2021-10,"{""type"":""MultiPoint"",""coordinates"":[]}"
VHI_M_2021-10_000000000000000001f8,0.8100000023841858,505,10,Wet,2021,2021-10,"{""type"":""MultiPoint"",""coordinates"":[]}"
VHI_M_2021-10_000000000000000001f9,0.7200000286102296,506,10,Wet,2021,2021-10,"{""type"":""MultiPoint"",""coordinates"":[]}"
VHI_M_2021-10_000000000000000001fa,0.6264448455489386,507,10,Wet,2021,2021-10,"{""type"":""MultiPoint"",""coordinates"":[]}"
VHI_M_2021-10_000000000000000001fb,0.6927854752671359,508,10,Wet,2021,2021-10,"{""type"":""MultiPoint"",""coordinates"":[]}"
VHI_M_2021-10_000000000000000001fc,0.6533349386975534,509,10,Wet,2021,2021-10,"{""type"":""MultiPoint"",""coordinates"":[]}"
VHI_M_2021-10_000000000000000001fd,0.709999978542328,510,10,Wet,2021,2021-10,"{""type"":""MultiPoint"",""coordinates"":[]}"
VHI_M_2021-10_00000000000000000049,0.550000011920929,74,10,Wet,2021,2021-10,"{""type"":""MultiPoint"",""coordinates"":[]}"
VHI_M_2021-10_0000000000000000004a,0.6100000143051147,75,10,Wet,2021,2021-10,"{""type"":""MultiPoint"",""coordinates"":[]}"
VHI_M_2021-10_000000000000000000fd,0.7099999785423279,254,10,Wet,2021,2021-10,"{""type"":""MultiPoint"",""coordinates"":[]}"
VHI_M_2021-10_000000000000000000fe,0.6050000190734863,255,10,Wet,2021,2021-10,"{""type"":""MultiPoint"",""coordinates"":[]}"
VHI_M_2021-10_00000000000000000191,0.6150000095367432,402,10,Wet,2021,2021-10,"{""type"":""MultiPoint"",""coordinates"":[]}"
VHI_M_2021-10_0000000000000000016e,0.550000011920929,367,10,Wet,2021,2021-10,"{""type"":""MultiPoint"",""coordinates"":[]}"
VHI_M_2021-10_0000000000000000016f,0.550000011920929,368,10,Wet,2021,2021-10,"{""type"":""MultiPoint"",""coordinates"":[]}"
VHI_M_2021-10_00000000000000000170,0.6499999761581422,369,10,Wet,2021,2021-10,"{""type"":""MultiPoint"",""coordinates"":[]}"
VHI_M_2021-10_00000000000000000181,0.6100000143051147,386,10,Wet,2021,2021-10,"{""type"":""MultiPoint"",""coordinates"":[]}"
VHI_M_2021-10_00000000000000000182,0.5950000286102295,387,10,Wet,2021,2021-10,"{""type"":""MultiPoint"",""coordinates"":[]}"
VHI_M_2021-10_00000000000000000228,0.7749999761581422,553,10,Wet,2021,2021-10,"{""type"":""MultiPoint"",""coordinates"":[]}"
VHI_M_2021-11_00000000000000000017,0.4050000011920929,24,11,Dry,2021,2021-11,"{""type"":""MultiPoint"",""coordinates"":[]}"
VHI_M_2021-11_00000000000000000018,0.41499999165534973,25,11,Dry,2021,2021-11,"{""type"":""MultiPoint"",""coordinates"":[]}"
VHI_M_2021-11_00000000000000000019,0.4300000071525574,26,11,Dry,2021,2021-11,"{""type"":""MultiPoint"",""coordinates"":[]}"
VHI_M_2021-11_0000000000000000001a,0.4050000011920929,27,11,Dry,2021,2021-11,"{""type"":""MultiPoint"",""coordinates"":[]}"
VHI_M_2021-11_0000000000000000005b,0.5350000262260437,92,11,Dry,2021,2021-11,"{""type"":""MultiPoint"",""coordinates"":[]}"
VHI_M_2021-11_0000000000000000005c,0.35499998927116394,93,11,Dry,2021,2021-11,"{""type"":""MultiPoint"",""coordinates"":[]}"
VHI_M_2021-11_0000000000000000005d,,94,11,Dry,2021,2021-11,"{""type"":""MultiPoint"",""coordinates"":[]}"
VHI_M_2021-11_0000000000000000005e,0.42500001192092896,95,11,Dry,2021,2021-11,"{""type"":""MultiPoint"",""coordinates"":[]}"
VHI_M_2021-11_0000000000000000005f,0.47999998927116394,96,11,Dry,2021,2021-11,"{""type"":""MultiPoint"",""coordinates"":[]}"
VHI_M_2021-11_000000000000000000b6,0.6299999952316284,183,11,Dry,2021,2021-11,"{""type"":""MultiPoint"",""coordinates"":[]}"
VHI_M_2021-11_000000000000000000b7,0.6299999952316284,184,11,Dry,2021,2021-11,"{""type"":""MultiPoint"",""coordinates"":[]}"
VHI_M_2021-11_000000000000000000b8,0.45500001311302185,185,11,Dry,2021,2021-11,"{""type"":""MultiPoint"",""coordinates"":[]}"
VHI_M_2021-11_000000000000000000b9,0.4399999976158142,186,11,Dry,2021,2021-11,"{""type"":""MultiPoint"",""coordinates"":[]}"
VHI_M_2021-11_000000000000000000ba,0.6299999952316284,187,11,Dry,2021,2021-11,"{""type"":""MultiPoint"",""coordinates"":[]}"
VHI_M_2021-11_000000000000000000bb,0.4699999988079071,188,11,Dry,2021,2021-11,"{""type"":""MultiPoint"",""coordinates"":[]}"
VHI_M_2021-11_000000000000000001a0,0.6949999928474426,417,11,Dry,2021,2021-11,"{""type"":""MultiPoint"",""coordinates"":[]}"
VHI_M_2021-11_000000000000000001a1,0.5950000286102295,418,11,Dry,2021,2021-11,"{""type"":""MultiPoint"",""coordinates"":[]}"
VHI_M_2021-11_000000000000000001a2,0.6349999904632568,419,11,Dry,2021,2021-11,"{""type"":""MultiPoint"",""coordinates"":[]}"
VHI_M_2021-11_000000000000000001a3,0.5249999761581421,420,11,Dry,2021,2021-11,"{""type"":""MultiPoint"",""coordinates"":[]}"
VHI_M_2021-11_000000000000000001cb,0.28999999165534973,460,11,Dry,2021,2021-11,"{""type"":""MultiPoint"",""coordinates"":[]}"
VHI_M_2021-11_000000000000000001cc,0.38999998569488525,461,11,Dry,2021,2021-11,"{""type"":""MultiPoint"",""coordinates"":[]}"
VHI_M_2021-11_0000000000000000021b,0.35499998927116394,540,11,Dry,2021,2021-11,"{""type"":""MultiPoint"",""coordinates"":[]}"
VHI_M_2021-11_0000000000000000021c,0.38999998569488525,541,11,Dry,2021,2021-11,"{""type"":""MultiPoint"",""coordinates"":[]}"
VHI_M_2021-11_0000000000000000021d,0.375,542,11,Dry,2021,2021-11,"{""type"":""MultiPoint"",""coordinates"":[]}"
VHI_M_2021-11_000000000000000000bf,0.5799999833106995,192,11,Dry,2021,2021-11,"{""type"":""MultiPoint"",""coordinates"":[]}"
VHI_M_2021-11_000000000000000000c0,0.47999998927116394,193,11,Dry,2021,2021-11,"{""type"":""MultiPoint"",""coordinates"":[]}"
VHI_M_2021-11_0000000000000000010a,0.4350000023841858,267,11,Dry,2021,2021-11,"{""type"":""MultiPoint"",""coordinates"":[]}"
VHI_M_2021-11_0000000000000000010b,0.47999998927116394,268,11,Dry,2021,2021-11,"{""type"":""MultiPoint"",""coordinates"":[]}"
VHI_M_2021-11_00000000000000000226,0.4449999928474426,551,11,Dry,2021,2021-11,"{""type"":""MultiPoint"",""coordinates"":[]}"
VHI_M_2021-11_00000000000000000227,0.7099999785423279,552,11,Dry,2021,2021-11,"{""type"":""MultiPoint"",""coordinates"":[]}"
VHI_M_2021-11_000000000000000001a4,0.4099999964237213,421,11,Dry,2021,2021-11,"{""type"":""MultiPoint"",""coordinates"":[]}"
VHI_M_2021-11_000000000000000001a5,0.38499999046325684,422,11,Dry,2021,2021-11,"{""type"":""MultiPoint"",""coordinates"":[]}"
VHI_M_2021-11_000000000000000001a6,0.35499998927116394,423,11,Dry,2021,2021-11,"{""type"":""MultiPoint"",""coordinates"":[]}"
VHI_M_2021-11_000000000000000001a7,0.42500001192092896,424,11,Dry,2021,2021-11,"{""type"":""MultiPoint"",""coordinates"":[]}"
VHI_M_2021-11_000000000000000001a8,0.4099999964237213,425,11,Dry,2021,2021-11,"{""type"":""MultiPoint"",""coordinates"":[]}"
VHI_M_2021-11_000000000000000001a9,0.38499999046325684,426,11,Dry,2021,2021-11,"{""type"":""MultiPoint"",""coordinates"":[]}"
VHI_M_2021-11_000000000000000001aa,0.33500000834465027,427,11,Dry,2021,2021-11,"{""type"":""MultiPoint"",""coordinates"":[]}"
VHI_M_2021-11_000000000000000001fe,0.6600000262260437,511,11,Dry,2021,2021-11,"{""type"":""MultiPoint"",""coordinates"":[]}"
VHI_M_2021-11_000000000000000001ff,0.5099999904632568,512,11,Dry,2021,2021-11,"{""type"":""MultiPoint"",""coordinates"":[]}"
VHI_M_2021-11_00000000000000000200,0.5450000166893005,513,11,Dry,2021,2021-11,"{""type"":""MultiPoint"",""coordinates"":[]}"
VHI_M_2021-11_00000000000000000201,0.47999998927116394,514,11,Dry,2021,2021-11,"{""type"":""MultiPoint"",""coordinates"":[]}"
VHI_M_2021-11_00000000000000000202,0.550000011920929,515,11,Dry,2021,2021-11,"{""type"":""MultiPoint"",""coordinates"":[]}"
VHI_M_2021-11_00000000000000000002,0.5099999904632568,3,11,Dry,2021,2021-11,"{""type"":""MultiPoint"",""coordinates"":[]}"
VHI_M_2021-11_0000000000000000000d,0.5849999785423279,14,11,Dry,2021,2021-11,"{""type"":""MultiPoint"",""coordinates"":[]}"
VHI_M_2021-11_00000000000000000027,0.6200000047683717,40,11,Dry,2021,2021-11,"{""type"":""MultiPoint"",""coordinates"":[]}"
VHI_M_2021-11_00000000000000000070,0.5299999713897705,113,11,Dry,2021,2021-11,"{""type"":""MultiPoint"",""coordinates"":[]}"
VHI_M_2021-11_00000000000000000071,0.5649999976158142,114,11,Dry,2021,2021-11,"{""type"":""MultiPoint"",""coordinates"":[]}"
VHI_M_2021-11_000000000000000001b0,0.5649999976158142,433,11,Dry,2021,2021-11,"{""type"":""MultiPoint"",""coordinates"":[]}"
VHI_M_2021-11_000000000000000001b1,0.5550000071525574,434,11,Dry,2021,2021-11,"{""type"":""MultiPoint"",""coordinates"":[]}"
VHI_M_2021-11_000000000000000001b2,0.49000000953674316,435,11,Dry,2021,2021-11,"{""type"":""MultiPoint"",""coordinates"":[]}"
VHI_M_2021-11_000000000000000001cd,0.5950000286102295,462,11,Dry,2021,2021-11,"{""type"":""MultiPoint"",""coordinates"":[]}"
VHI_M_2021-11_000000000000000001ce,0.5649999976158142,463,11,Dry,2021,2021-11,"{""type"":""MultiPoint"",""coordinates"":[]}"
VHI_M_2021-11_000000000000000001cf,0.46500000357627863,464,11,Dry,2021,2021-11,"{""type"":""MultiPoint"",""coordinates"":[]}"
VHI_M_2021-11_0000000000000000001c,0.41499999165534973,29,11,Dry,2021,2021-11,"{""type"":""MultiPoint"",""coordinates"":[]}"
VHI_M_2021-11_0000000000000000001d,0.3700000047683716,30,11,Dry,2021,2021-11,"{""type"":""MultiPoint"",""coordinates"":[]}"
VHI_M_2021-11_0000000000000000001e,0.4600000083446503,31,11,Dry,2021,2021-11,"{""type"":""MultiPoint"",""coordinates"":[]}"
VHI_M_2021-11_00000000000000000026,0.6349999904632568,39,11,Dry,2021,2021-11,"{""type"":""MultiPoint"",""coordinates"":[]}"
VHI_M_2021-11_000000000000000000f9,0.574999988079071,250,11,Dry,2021,2021-11,"{""type"":""MultiPoint"",""coordinates"":[]}"
VHI_M_2021-11_000000000000000000fa,0.6050000190734861,251,11,Dry,2021,2021-11,"{""type"":""MultiPoint"",""coordinates"":[]}"
VHI_M_2021-11_000000000000000000fb,0.6499999761581421,252,11,Dry,2021,2021-11,"{""type"":""MultiPoint"",""coordinates"":[]}"
VHI_M_2021-11_000000000000000000fc,0.6249999999999999,253,11,Dry,2021,2021-11,"{""type"":""MultiPoint"",""coordinates"":[]}"
VHI_M_2021-11_00000000000000000163,0.6600000262260437,356,11,Dry,2021,2021-11,"{""type"":""MultiPoint"",""coordinates"":[]}"
VHI_M_2021-11_00000000000000000164,0.550000011920929,357,11,Dry,2021,2021-11,"{""type"":""MultiPoint"",""coordinates"":[]}"
VHI_M_2021-11_00000000000000000165,0.584999978542328,358,11,Dry,2021,2021-11,"{""type"":""MultiPoint"",""coordinates"":[]}"
VHI_M_2021-11_00000000000000000166,0.574999988079071,359,11,Dry,2021,2021-11,"{""type"":""MultiPoint"",""coordinates"":[]}"
VHI_M_2021-11_00000000000000000149,0.4399999976158142,330,11,Dry,2021,2021-11,"{""type"":""MultiPoint"",""coordinates"":[]}"
VHI_M_2021-11_0000000000000000014a,0.42500001192092896,331,11,Dry,2021,2021-11,"{""type"":""MultiPoint"",""coordinates"":[]}"
VHI_M_2021-11_0000000000000000014b,0.40999999642372126,332,11,Dry,2021,2021-11,"{""type"":""MultiPoint"",""coordinates"":[]}"
VHI_M_2021-11_0000000000000000014c,0.43500000238418585,333,11,Dry,2021,2021-11,"{""type"":""MultiPoint"",""coordinates"":[]}"
VHI_M_2021-11_0000000000000000014d,0.4600000083446503,334,11,Dry,2021,2021-11,"{""type"":""MultiPoint"",""coordinates"":[]}"
VHI_M_2021-11_0000000000000000014e,0.45500001311302185,335,11,Dry,2021,2021-11,"{""type"":""MultiPoint"",""coordinates"":[]}"
VHI_M_2021-11_00000000000000000158,0.4650000035762787,345,11,Dry,2021,2021-11,"{""type"":""MultiPoint"",""coordinates"":[]}"
VHI_M_2021-11_00000000000000000159,0.39500001072883606,346,11,Dry,2021,2021-11,"{""type"":""MultiPoint"",""coordinates"":[]}"
VHI_M_2021-11_0000000000000000015a,0.4449999928474427,347,11,Dry,2021,2021-11,"{""type"":""MultiPoint"",""coordinates"":[]}"
VHI_M_2021-11_0000000000000000015b,0.40000000596046453,348,11,Dry,2021,2021-11,"{""type"":""MultiPoint"",""coordinates"":[]}"
VHI_M_2021-11_0000000000000000015c,0.5350000262260437,349,11,Dry,2021,2021-11,"{""type"":""MultiPoint"",""coordinates"":[]}"
VHI_M_2021-11_0000000000000000015d,0.35499998927116394,350,11,Dry,2021,2021-11,"{""type"":""MultiPoint"",""coordinates"":[]}"
VHI_M_2021-11_00000000000000000008,0.3100000023841858,9,11,Dry,2021,2021-11,"{""type"":""MultiPoint"",""coordinates"":[]}"
VHI_M_2021-11_000000000000000000c2,0.3400000035762787,195,11,Dry,2021,2021-11,"{""type"":""MultiPoint"",""coordinates"":[]}"
VHI_M_2021-11_000000000000000000c3,0.6000000238418579,196,11,Dry,2021,2021-11,"{""type"":""MultiPoint"",""coordinates"":[]}"
VHI_M_2021-11_000000000000000000c4,0.3950000107288361,197,11,Dry,2021,2021-11,"{""type"":""MultiPoint"",""coordinates"":[]}"
VHI_M_2021-11_000000000000000000c5,0.41499999165534984,198,11,Dry,2021,2021-11,"{""type"":""MultiPoint"",""coordinates"":[]}"
VHI_M_2021-11_000000000000000000c6,0.5,199,11,Dry,2021,2021-11,"{""type"":""MultiPoint"",""coordinates"":[]}"
VHI_M_2021-11_000000000000000000c7,0.5799999833106995,200,11,Dry,2021,2021-11,"{""type"":""MultiPoint"",""coordinates"":[]}"
VHI_M_2021-11_000000000000000000c8,0.37499999999999994,201,11,Dry,2021,2021-11,"{""type"":""MultiPoint"",""coordinates"":[]}"
VHI_M_2021-11_000000000000000000c9,0.6249999999999999,202,11,Dry,2021,2021-11,"{""type"":""MultiPoint"",""coordinates"":[]}"
VHI_M_2021-11_00000000000000000136,0.3149999976158142,311,11,Dry,2021,2021-11,"{""type"":""MultiPoint"",""coordinates"":[]}"
VHI_M_2021-11_00000000000000000137,0.4699999988079071,312,11,Dry,2021,2021-11,"{""type"":""MultiPoint"",""coordinates"":[]}"
VHI_M_2021-11_00000000000000000138,0.4250000119209289,313,11,Dry,2021,2021-11,"{""type"":""MultiPoint"",""coordinates"":[]}"
VHI_M_2021-11_00000000000000000139,0.39500001072883606,314,11,Dry,2021,2021-11,"{""type"":""MultiPoint"",""coordinates"":[]}"
VHI_M_2021-11_0000000000000000013a,0.47999998927116394,315,11,Dry,2021,2021-11,"{""type"":""MultiPoint"",""coordinates"":[]}"
VHI_M_2021-11_000000000000000001ef,0.3100000023841858,496,11,Dry,2021,2021-11,"{""type"":""MultiPoint"",""coordinates"":[]}"
VHI_M_2021-11_000000000000000001f0,0.4000000059604645,497,11,Dry,2021,2021-11,"{""type"":""MultiPoint"",""coordinates"":[]}"
VHI_M_2021-11_00000000000000000081,0.5049999952316284,130,11,Dry,2021,2021-11,"{""type"":""MultiPoint"",""coordinates"":[]}"
VHI_M_2021-11_000000000000000000a0,0.39500001072883606,161,11,Dry,2021,2021-11,"{""type"":""MultiPoint"",""coordinates"":[]}"
VHI_M_2021-11_000000000000000000a1,0.5400000214576721,162,11,Dry,2021,2021-11,"{""type"":""MultiPoint"",""coordinates"":[]}"
VHI_M_2021-11_000000000000000000a2,0.5450000166893004,163,11,Dry,2021,2021-11,"{""type"":""MultiPoint"",""coordinates"":[]}"
VHI_M_2021-11_000000000000000000a3,0.5649999976158142,164,11,Dry,2021,2021-11,"{""type"":""MultiPoint"",""coordinates"":[]}"
VHI_M_2021-11_000000000000000000a4,0.5400000214576721,165,11,Dry,2021,2021-11,"{""type"":""MultiPoint"",""coordinates"":[]}"
VHI_M_2021-11_0000000000000000014f,0.4749999940395355,336,11,Dry,2021,2021-11,"{""type"":""MultiPoint"",""coordinates"":[]}"
VHI_M_2021-11_00000000000000000150,0.4600000083446503,337,11,Dry,2021,2021-11,"{""type"":""MultiPoint"",""coordinates"":[]}"
VHI_M_2021-11_00000000000000000151,0.4449999928474426,338,11,Dry,2021,2021-11,"{""type"":""MultiPoint"",""coordinates"":[]}"
VHI_M_2021-11_00000000000000000152,0.5400000214576722,339,11,Dry,2021,2021-11,"{""type"":""MultiPoint"",""coordinates"":[]}"
VHI_M_2021-11_00000000000000000153,0.4650000035762786,340,11,Dry,2021,2021-11,"{""type"":""MultiPoint"",""coordinates"":[]}"
VHI_M_2021-11_00000000000000000171,0.4900000095367433,370,11,Dry,2021,2021-11,"{""type"":""MultiPoint"",""coordinates"":[]}"
VHI_M_2021-11_00000000000000000172,0.48500001430511475,371,11,Dry,2021,2021-11,"{""type"":""MultiPoint"",""coordinates"":[]}"
VHI_M_2021-11_00000000000000000173,0.4250000119209289,372,11,Dry,2021,2021-11,"{""type"":""MultiPoint"",""coordinates"":[]}"
VHI_M_2021-11_000000000000000001f1,0.5199999809265138,498,11,Dry,2021,2021-11,"{""type"":""MultiPoint"",""coordinates"":[]}"
VHI_M_2021-11_000000000000000001f2,0.42500001192092896,499,11,Dry,2021,2021-11,"{""type"":""MultiPoint"",""coordinates"":[]}"
VHI_M_2021-11_000000000000000001f3,0.4950000047683716,500,11,Dry,2021,2021-11,"{""type"":""MultiPoint"",""coordinates"":[]}"
VHI_M_2021-11_00000000000000000092,0.6050000190734863,147,11,Dry,2021,2021-11,"{""type"":""MultiPoint"",""coordinates"":[]}"
VHI_M_2021-11_00000000000000000093,0.6549999713897706,148,11,Dry,2021,2021-11,"{""type"":""MultiPoint"",""coordinates"":[]}"
VHI_M_2021-11_00000000000000000094,0.5550000071525574,149,11,Dry,2021,2021-11,"{""type"":""MultiPoint"",""coordinates"":[]}"
VHI_M_2021-11_00000000000000000095,0.5049999952316283,150,11,Dry,2021,2021-11,"{""type"":""MultiPoint"",""coordinates"":[]}"
VHI_M_2021-11_00000000000000000096,0.5600000023841858,151,11,Dry,2021,2021-11,"{""type"":""MultiPoint"",""coordinates"":[]}"
VHI_M_2021-11_00000000000000000097,0.6499999761581421,152,11,Dry,2021,2021-11,"{""type"":""MultiPoint"",""coordinates"":[]}"
VHI_M_2021-11_00000000000000000098,0.6499999761581421,153,11,Dry,2021,2021-11,"{""type"":""MultiPoint"",""coordinates"":[]}"
VHI_M_2021-11_000000000000000000a9,0.4950000047683716,170,11,Dry,2021,2021-11,"{""type"":""MultiPoint"",""coordinates"":[]}"
VHI_M_2021-11_0000000000000000017c,0.4850000143051148,381,11,Dry,2021,2021-11,"{""type"":""MultiPoint"",""coordinates"":[]}"
VHI_M_2021-11_0000000000000000017d,0.4749999940395355,382,11,Dry,2021,2021-11,"{""type"":""MultiPoint"",""coordinates"":[]}"
VHI_M_2021-11_0000000000000000017e,0.46000000834465027,383,11,Dry,2021,2021-11,"{""type"":""MultiPoint"",""coordinates"":[]}"
VHI_M_2021-11_000000000000000001ee,0.8149999976158142,495,11,Dry,2021,2021-11,"{""type"":""MultiPoint"",""coordinates"":[]}"
VHI_M_2021-11_0000000000000000020d,0.44999998807907104,526,11,Dry,2021,2021-11,"{""type"":""MultiPoint"",""coordinates"":[]}"
VHI_M_2021-11_0000000000000000020e,0.5149999856948853,527,11,Dry,2021,2021-11,"{""type"":""MultiPoint"",""coordinates"":[]}"
VHI_M_2021-11_0000000000000000020f,0.43500000238418585,528,11,Dry,2021,2021-11,"{""type"":""MultiPoint"",""coordinates"":[]}"
VHI_M_2021-11_00000000000000000210,0.5799999833106995,529,11,Dry,2021,2021-11,"{""type"":""MultiPoint"",""coordinates"":[]}"
VHI_M_2021-11_00000000000000000211,0.5550000071525574,530,11,Dry,2021,2021-11,"{""type"":""MultiPoint"",""coordinates"":[]}"
VHI_M_2021-11_00000000000000000058,0.3849999904632568,89,11,Dry,2021,2021-11,"{""type"":""MultiPoint"",""coordinates"":[]}"
VHI_M_2021-11_00000000000000000059,0.4499999880790711,90,11,Dry,2021,2021-11,"{""type"":""MultiPoint"",""coordinates"":[]}"
VHI_M_2021-11_0000000000000000018b,0.574999988079071,396,11,Dry,2021,2021-11,"{""type"":""MultiPoint"",""coordinates"":[]}"
VHI_M_2021-11_0000000000000000018c,0.5149999856948853,397,11,Dry,2021,2021-11,"{""type"":""MultiPoint"",""coordinates"":[]}"
VHI_M_2021-11_0000000000000000018d,0.449999988079071,398,11,Dry,2021,2021-11,"{""type"":""MultiPoint"",""coordinates"":[]}"
VHI_M_2021-11_0000000000000000018e,0.5049999952316284,399,11,Dry,2021,2021-11,"{""type"":""MultiPoint"",""coordinates"":[]}"
VHI_M_2021-11_00000000000000000036,0.46000000834465027,55,11,Dry,2021,2021-11,"{""type"":""MultiPoint"",""coordinates"":[]}"
VHI_M_2021-11_000000000000000000db,0.36000001430511475,220,11,Dry,2021,2021-11,"{""type"":""MultiPoint"",""coordinates"":[]}"
VHI_M_2021-11_000000000000000000dc,0.41999998688697815,221,11,Dry,2021,2021-11,"{""type"":""MultiPoint"",""coordinates"":[]}"
VHI_M_2021-11_000000000000000000dd,0.41499999165534973,222,11,Dry,2021,2021-11,"{""type"":""MultiPoint"",""coordinates"":[]}"
VHI_M_2021-11_00000000000000000102,0.4050000011920929,259,11,Dry,2021,2021-11,"{""type"":""MultiPoint"",""coordinates"":[]}"
VHI_M_2021-11_00000000000000000103,0.4850000143051147,260,11,Dry,2021,2021-11,"{""type"":""MultiPoint"",""coordinates"":[]}"
VHI_M_2021-11_00000000000000000104,0.3449999988079071,261,11,Dry,2021,2021-11,"{""type"":""MultiPoint"",""coordinates"":[]}"
VHI_M_2021-11_00000000000000000105,0.30500000715255743,262,11,Dry,2021,2021-11,"{""type"":""MultiPoint"",""coordinates"":[]}"
VHI_M_2021-11_0000000000000000000a,0.6700000166893005,11,11,Dry,2021,2021-11,"{""type"":""MultiPoint"",""coordinates"":[]}"
VHI_M_2021-11_000000000000000000b1,0.35499998927116383,178,11,Dry,2021,2021-11,"{""type"":""MultiPoint"",""coordinates"":[]}"
VHI_M_2021-11_000000000000000000b2,0.35499998927116394,179,11,Dry,2021,2021-11,"{""type"":""MultiPoint"",""coordinates"":[]}"
VHI_M_2021-11_000000000000000000b3,0.4449999928474426,180,11,Dry,2021,2021-11,"{""type"":""MultiPoint"",""coordinates"":[]}"
VHI_M_2021-11_000000000000000000ca,0.5099999904632567,203,11,Dry,2021,2021-11,"{""type"":""MultiPoint"",""coordinates"":[]}"
VHI_M_2021-11_000000000000000000d2,0.5699999928474425,211,11,Dry,2021,2021-11,"{""type"":""MultiPoint"",""coordinates"":[]}"
VHI_M_2021-11_000000000000000000d3,0.4550000131130218,212,11,Dry,2021,2021-11,"{""type"":""MultiPoint"",""coordinates"":[]}"
VHI_M_2021-11_000000000000000000d4,0.45500001311302185,213,11,Dry,2021,2021-11,"{""type"":""MultiPoint"",""coordinates"":[]}"
VHI_M_2021-11_000000000000000000d5,0.5649999976158142,214,11,Dry,2021,2021-11,"{""type"":""MultiPoint"",""coordinates"":[]}"
VHI_M_2021-11_000000000000000000bc,0.6000000238418579,189,11,Dry,2021,2021-11,"{""type"":""MultiPoint"",""coordinates"":[]}"
VHI_M_2021-11_000000000000000000bd,0.5099999904632568,190,11,Dry,2021,2021-11,"{""type"":""MultiPoint"",""coordinates"":[]}"
VHI_M_2021-11_000000000000000000be,0.5600000023841858,191,11,Dry,2021,2021-11,"{""type"":""MultiPoint"",""coordinates"":[]}"
VHI_M_2021-11_000000000000000000f1,0.5600000023841858,242,11,Dry,2021,2021-11,"{""type"":""MultiPoint"",""coordinates"":[]}"
VHI_M_2021-11_00000000000000000100,0.4099999964237213,257,11,Dry,2021,2021-11,"{""type"":""MultiPoint"",""coordinates"":[]}"
VHI_M_2021-11_00000000000000000101,0.4199999868869782,258,11,Dry,2021,2021-11,"{""type"":""MultiPoint"",""coordinates"":[]}"
VHI_M_2021-11_0000000000000000012f,0.4050000011920928,304,11,Dry,2021,2021-11,"{""type"":""MultiPoint"",""coordinates"":[]}"
VHI_M_2021-11_00000000000000000130,0.49500000476837164,305,11,Dry,2021,2021-11,"{""type"":""MultiPoint"",""coordinates"":[]}"
VHI_M_2021-11_00000000000000000131,0.47999998927116394,306,11,Dry,2021,2021-11,"{""type"":""MultiPoint"",""coordinates"":[]}"
VHI_M_2021-11_00000000000000000065,0.3149999976158142,102,11,Dry,2021,2021-11,"{""type"":""MultiPoint"",""coordinates"":[]}"
VHI_M_2021-11_00000000000000000066,0.36000001430511475,103,11,Dry,2021,2021-11,"{""type"":""MultiPoint"",""coordinates"":[]}"
VHI_M_2021-11_00000000000000000067,0.36000001430511475,104,11,Dry,2021,2021-11,"{""type"":""MultiPoint"",""coordinates"":[]}"
VHI_M_2021-11_00000000000000000068,0.3199999928474426,105,11,Dry,2021,2021-11,"{""type"":""MultiPoint"",""coordinates"":[]}"
VHI_M_2021-11_00000000000000000109,0.40500000119209295,266,11,Dry,2021,2021-11,"{""type"":""MultiPoint"",""coordinates"":[]}"
VHI_M_2021-11_000000000000000001c1,0.33500000834465027,450,11,Dry,2021,2021-11,"{""type"":""MultiPoint"",""coordinates"":[]}"
VHI_M_2021-11_000000000000000001c2,0.40500000119209295,451,11,Dry,2021,2021-11,"{""type"":""MultiPoint"",""coordinates"":[]}"
VHI_M_2021-11_00000000000000000113,0.3700000047683716,276,11,Dry,2021,2021-11,"{""type"":""MultiPoint"",""coordinates"":[]}"
VHI_M_2021-11_00000000000000000114,0.43000000715255743,277,11,Dry,2021,2021-11,"{""type"":""MultiPoint"",""coordinates"":[]}"
VHI_M_2021-11_00000000000000000115,0.3400000035762787,278,11,Dry,2021,2021-11,"{""type"":""MultiPoint"",""coordinates"":[]}"
VHI_M_2021-11_00000000000000000116,0.29499998688697815,279,11,Dry,2021,2021-11,"{""type"":""MultiPoint"",""coordinates"":[]}"
VHI_M_2021-11_00000000000000000117,0.31499999761581415,280,11,Dry,2021,2021-11,"{""type"":""MultiPoint"",""coordinates"":[]}"
VHI_M_2021-11_00000000000000000167,0.41499999165534973,360,11,Dry,2021,2021-11,"{""type"":""MultiPoint"",""coordinates"":[]}"
VHI_M_2021-11_00000000000000000168,0.3499999940395355,361,11,Dry,2021,2021-11,"{""type"":""MultiPoint"",""coordinates"":[]}"
VHI_M_2021-11_00000000000000000169,0.3449999988079071,362,11,Dry,2021,2021-11,"{""type"":""MultiPoint"",""coordinates"":[]}"
VHI_M_2021-11_0000000000000000016a,0.3700000047683715,363,11,Dry,2021,2021-11,"{""type"":""MultiPoint"",""coordinates"":[]}"
VHI_M_2021-11_0000000000000000016b,0.38999998569488525,364,11,Dry,2021,2021-11,"{""type"":""MultiPoint"",""coordinates"":[]}"
VHI_M_2021-11_0000000000000000016c,0.4050000011920929,365,11,Dry,2021,2021-11,"{""type"":""MultiPoint"",""coordinates"":[]}"
VHI_M_2021-11_0000000000000000016d,0.4099999964237213,366,11,Dry,2021,2021-11,"{""type"":""MultiPoint"",""coordinates"":[]}"
VHI_M_2021-11_000000000000000000cb,0.4399999976158142,204,11,Dry,2021,2021-11,"{""type"":""MultiPoint"",""coordinates"":[]}"
VHI_M_2021-11_000000000000000000eb,0.375,236,11,Dry,2021,2021-11,"{""type"":""MultiPoint"",""coordinates"":[]}"
VHI_M_2021-11_000000000000000000ec,0.37999999523162836,237,11,Dry,2021,2021-11,"{""type"":""MultiPoint"",""coordinates"":[]}"
VHI_M_2021-11_000000000000000000ed,0.41499999165534973,238,11,Dry,2021,2021-11,"{""type"":""MultiPoint"",""coordinates"":[]}"
VHI_M_2021-11_000000000000000000ee,0.3449999988079071,239,11,Dry,2021,2021-11,"{""type"":""MultiPoint"",""coordinates"":[]}"
VHI_M_2021-11_000000000000000000ef,0.33000001311302185,240,11,Dry,2021,2021-11,"{""type"":""MultiPoint"",""coordinates"":[]}"
VHI_M_2021-11_00000000000000000146,0.49000000953674305,327,11,Dry,2021,2021-11,"{""type"":""MultiPoint"",""coordinates"":[]}"
VHI_M_2021-11_00000000000000000147,0.4099999964237213,328,11,Dry,2021,2021-11,"{""type"":""MultiPoint"",""coordinates"":[]}"
VHI_M_2021-11_00000000000000000148,0.46999999880790705,329,11,Dry,2021,2021-11,"{""type"":""MultiPoint"",""coordinates"":[]}"
VHI_M_2021-11_0000000000000000015e,0.4900000095367432,351,11,Dry,2021,2021-11,"{""type"":""MultiPoint"",""coordinates"":[]}"
VHI_M_2021-11_0000000000000000015f,0.550000011920929,352,11,Dry,2021,2021-11,"{""type"":""MultiPoint"",""coordinates"":[]}"
VHI_M_2021-11_00000000000000000160,0.5,353,11,Dry,2021,2021-11,"{""type"":""MultiPoint"",""coordinates"":[]}"
VHI_M_2021-11_00000000000000000161,0.5199999809265137,354,11,Dry,2021,2021-11,"{""type"":""MultiPoint"",""coordinates"":[]}"
VHI_M_2021-11_00000000000000000162,0.4950000047683716,355,11,Dry,2021,2021-11,"{""type"":""MultiPoint"",""coordinates"":[]}"
VHI_M_2021-11_00000000000000000010,0.2800000011920929,17,11,Dry,2021,2021-11,"{""type"":""MultiPoint"",""coordinates"":[]}"
VHI_M_2021-11_00000000000000000121,0.5899999737739563,290,11,Dry,2021,2021-11,"{""type"":""MultiPoint"",""coordinates"":[]}"
VHI_M_2021-11_00000000000000000122,0.5149999856948854,291,11,Dry,2021,2021-11,"{""type"":""MultiPoint"",""coordinates"":[]}"
VHI_M_2021-11_00000000000000000123,0.6050000190734862,292,11,Dry,2021,2021-11,"{""type"":""MultiPoint"",""coordinates"":[]}"
VHI_M_2021-11_0000000000000000019a,0.42500001192092896,411,11,Dry,2021,2021-11,"{""type"":""MultiPoint"",""coordinates"":[]}"
VHI_M_2021-11_0000000000000000019b,0.3199999928474426,412,11,Dry,2021,2021-11,"{""type"":""MultiPoint"",""coordinates"":[]}"
VHI_M_2021-11_0000000000000000019c,0.38499999046325684,413,11,Dry,2021,2021-11,"{""type"":""MultiPoint"",""coordinates"":[]}"
VHI_M_2021-11_0000000000000000019d,0.324999988079071,414,11,Dry,2021,2021-11,"{""type"":""MultiPoint"",""coordinates"":[]}"
VHI_M_2021-11_0000000000000000019e,0.37999999523162836,415,11,Dry,2021,2021-11,"{""type"":""MultiPoint"",""coordinates"":[]}"
VHI_M_2021-11_0000000000000000019f,0.36500000953674316,416,11,Dry,2021,2021-11,"{""type"":""MultiPoint"",""coordinates"":[]}"
VHI_M_2021-11_00000000000000000216,0.49000000953674316,535,11,Dry,2021,2021-11,"{""type"":""MultiPoint"",""coordinates"":[]}"
VHI_M_2021-11_00000000000000000217,0.3400000035762787,536,11,Dry,2021,2021-11,"{""type"":""MultiPoint"",""coordinates"":[]}"
VHI_M_2021-11_00000000000000000218,0.4749999940395355,537,11,Dry,2021,2021-11,"{""type"":""MultiPoint"",""coordinates"":[]}"
VHI_M_2021-11_00000000000000000219,0.5,538,11,Dry,2021,2021-11,"{""type"":""MultiPoint"",""coordinates"":[]}"
VHI_M_2021-11_0000000000000000021a,0.44499999284744257,539,11,Dry,2021,2021-11,"{""type"":""MultiPoint"",""coordinates"":[]}"
VHI_M_2021-11_00000000000000000004,0.7049999833106997,5,11,Dry,2021,2021-11,"{""type"":""MultiPoint"",""coordinates"":[]}"
VHI_M_2021-11_00000000000000000028,0.675000011920929,41,11,Dry,2021,2021-11,"{""type"":""MultiPoint"",""coordinates"":[]}"
VHI_M_2021-11_00000000000000000029,0.6600000262260438,42,11,Dry,2021,2021-11,"{""type"":""MultiPoint"",""coordinates"":[]}"
VHI_M_2021-11_0000000000000000002a,0.7049999833106995,43,11,Dry,2021,2021-11,"{""type"":""MultiPoint"",""coordinates"":[]}"
VHI_M_2021-11_0000000000000000002b,0.6899999976158142,44,11,Dry,2021,2021-11,"{""type"":""MultiPoint"",""coordinates"":[]}"
VHI_M_2021-11_000000000000000000a7,0.75,168,11,Dry,2021,2021-11,"{""type"":""MultiPoint"",""coordinates"":[]}"
VHI_M_2021-11_000000000000000000a8,0.7149999737739562,169,11,Dry,2021,2021-11,"{""type"":""MultiPoint"",""coordinates"":[]}"
VHI_M_2021-11_0000000000000000000c,0.7250000238418579,13,11,Dry,2021,2021-11,"{""type"":""MultiPoint"",""coordinates"":[]}"
VHI_M_2021-11_00000000000000000060,0.6549999713897704,97,11,Dry,2021,2021-11,"{""type"":""MultiPoint"",""coordinates"":[]}"
VHI_M_2021-11_00000000000000000061,0.7099999785423279,98,11,Dry,2021,2021-11,"{""type"":""MultiPoint"",""coordinates"":[]}"
VHI_M_2021-11_00000000000000000062,0.709999978542328,99,11,Dry,2021,2021-11,"{""type"":""MultiPoint"",""coordinates"":[]}"
VHI_M_2021-11_00000000000000000063,0.7250000238418578,100,11,Dry,2021,2021-11,"{""type"":""MultiPoint"",""coordinates"":[]}"
VHI_M_2021-11_00000000000000000064,0.7200000286102295,101,11,Dry,2021,2021-11,"{""type"":""MultiPoint"",""coordinates"":[]}"
VHI_M_2021-11_00000000000000000011,0.6700000166893005,18,11,Dry,2021,2021-11,"{""type"":""MultiPoint"",""coordinates"":[]}"
VHI_M_2021-11_00000000000000000033,0.6700000166893005,52,11,Dry,2021,2021-11,"{""type"":""MultiPoint"",""coordinates"":[]}"
VHI_M_2021-11_00000000000000000034,0.636820916067243,53,11,Dry,2021,2021-11,"{""type"":""MultiPoint"",""coordinates"":[]}"
VHI_M_2021-11_000000000000000001b3,0.5950000286102294,436,11,Dry,2021,2021-11,"{""type"":""MultiPoint"",""coordinates"":[]}"
VHI_M_2021-11_000000000000000001b4,0.5400000214576721,437,11,Dry,2021,2021-11,"{""type"":""MultiPoint"",""coordinates"":[]}"
VHI_M_2021-11_000000000000000001b5,0.6200000047683718,438,11,Dry,2021,2021-11,"{""type"":""MultiPoint"",""coordinates"":[]}"
VHI_M_2021-11_00000000000000000005,0.5600000023841858,6,11,Dry,2021,2021-11,"{""type"":""MultiPoint"",""coordinates"":[]}"
VHI_M_2021-11_00000000000000000082,0.4950000047683716,131,11,Dry,2021,2021-11,"{""type"":""MultiPoint"",""coordinates"":[]}"
VHI_M_2021-11_00000000000000000083,0.5500000119209291,132,11,Dry,2021,2021-11,"{""type"":""MultiPoint"",""coordinates"":[]}"
VHI_M_2021-11_00000000000000000084,0.48500001430511464,133,11,Dry,2021,2021-11,"{""type"":""MultiPoint"",""coordinates"":[]}"
VHI_M_2021-11_00000000000000000085,0.5950000286102295,134,11,Dry,2021,2021-11,"{""type"":""MultiPoint"",""coordinates"":[]}"
VHI_M_2021-11_00000000000000000086,0.5,135,11,Dry,2021,2021-11,"{""type"":""MultiPoint"",""coordinates"":[]}"
VHI_M_2021-11_00000000000000000087,0.5299999713897705,136,11,Dry,2021,2021-11,"{""type"":""MultiPoint"",""coordinates"":[]}"
VHI_M_2021-11_0000000000000000010c,0.5249999761581421,269,11,Dry,2021,2021-11,"{""type"":""MultiPoint"",""coordinates"":[]}"
VHI_M_2021-11_0000000000000000010d,0.584999978542328,270,11,Dry,2021,2021-11,"{""type"":""MultiPoint"",""coordinates"":[]}"
VHI_M_2021-11_0000000000000000010e,0.6200000047683716,271,11,Dry,2021,2021-11,"{""type"":""MultiPoint"",""coordinates"":[]}"
VHI_M_2021-11_0000000000000000010f,0.5550000071525574,272,11,Dry,2021,2021-11,"{""type"":""MultiPoint"",""coordinates"":[]}"
VHI_M_2021-11_00000000000000000110,0.6299999952316283,273,11,Dry,2021,2021-11,"{""type"":""MultiPoint"",""coordinates"":[]}"
VHI_M_2021-11_00000000000000000111,0.6299999952316285,274,11,Dry,2021,2021-11,"{""type"":""MultiPoint"",""coordinates"":[]}"
VHI_M_2021-11_000000000000000001d0,0.49000000953674316,465,11,Dry,2021,2021-11,"{""type"":""MultiPoint"",""coordinates"":[]}"
VHI_M_2021-11_000000000000000001d1,0.46999999880790705,466,11,Dry,2021,2021-11,"{""type"":""MultiPoint"",""coordinates"":[]}"
VHI_M_2021-11_00000000000000000009,0.6200000047683716,10,11,Dry,2021,2021-11,"{""type"":""MultiPoint"",""coordinates"":[]}"
VHI_M_2021-11_0000000000000000009e,0.5899999737739563,159,11,Dry,2021,2021-11,"{""type"":""MultiPoint"",""coordinates"":[]}"
VHI_M_2021-11_0000000000000000009f,0.584999978542328,160,11,Dry,2021,2021-11,"{""type"":""MultiPoint"",""coordinates"":[]}"
VHI_M_2021-11_00000000000000000154,0.5500000119209288,341,11,Dry,2021,2021-11,"{""type"":""MultiPoint"",""coordinates"":[]}"
VHI_M_2021-11_00000000000000000155,0.5099999904632568,342,11,Dry,2021,2021-11,"{""type"":""MultiPoint"",""coordinates"":[]}"
VHI_M_2021-11_00000000000000000156,0.5400000214576721,343,11,Dry,2021,2021-11,"{""type"":""MultiPoint"",""coordinates"":[]}"
VHI_M_2021-11_00000000000000000157,0.5199999809265137,344,11,Dry,2021,2021-11,"{""type"":""MultiPoint"",""coordinates"":[]}"
VHI_M_2021-11_00000000000000000178,0.7099999785423278,377,11,Dry,2021,2021-11,"{""type"":""MultiPoint"",""coordinates"":[]}"
VHI_M_2021-11_00000000000000000179,0.5600000023841858,378,11,Dry,2021,2021-11,"{""type"":""MultiPoint"",""coordinates"":[]}"
VHI_M_2021-11_0000000000000000017a,0.6299999952316283,379,11,Dry,2021,2021-11,"{""type"":""MultiPoint"",""coordinates"":[]}"
VHI_M_2021-11_0000000000000000017b,0.6299999952316284,380,11,Dry,2021,2021-11,"{""type"":""MultiPoint"",""coordinates"":[]}"
VHI_M_2021-11_0000000000000000000f,0.7149999737739563,16,11,Dry,2021,2021-11,"{""type"":""MultiPoint"",""coordinates"":[]}"
VHI_M_2021-11_00000000000000000040,0.6299999952316283,65,11,Dry,2021,2021-11,"{""type"":""MultiPoint"",""coordinates"":[]}"
VHI_M_2021-11_00000000000000000041,0.7200000286102297,66,11,Dry,2021,2021-11,"{""type"":""MultiPoint"",""coordinates"":[]}"
VHI_M_2021-11_00000000000000000042,0.7300000190734863,67,11,Dry,2021,2021-11,"{""type"":""MultiPoint"",""coordinates"":[]}"
VHI_M_2021-11_00000000000000000043,0.6050000190734863,68,11,Dry,2021,2021-11,"{""type"":""MultiPoint"",""coordinates"":[]}"
VHI_M_2021-11_00000000000000000192,0.6200000047683717,403,11,Dry,2021,2021-11,"{""type"":""MultiPoint"",""coordinates"":[]}"
VHI_M_2021-11_00000000000000000193,0.6399999856948851,404,11,Dry,2021,2021-11,"{""type"":""MultiPoint"",""coordinates"":[]}"
VHI_M_2021-11_00000000000000000194,0.7250000238418579,405,11,Dry,2021,2021-11,"{""type"":""MultiPoint"",""coordinates"":[]}"
VHI_M_2021-11_000000000000000001d2,0.6499999761581421,467,11,Dry,2021,2021-11,"{""type"":""MultiPoint"",""coordinates"":[]}"
VHI_M_2021-11_000000000000000001d3,0.6850000023841858,468,11,Dry,2021,2021-11,"{""type"":""MultiPoint"",""coordinates"":[]}"
VHI_M_2021-11_000000000000000001d4,0.6100000143051147,469,11,Dry,2021,2021-11,"{""type"":""MultiPoint"",""coordinates"":[]}"
VHI_M_2021-11_000000000000000001d5,0.6349999904632567,470,11,Dry,2021,2021-11,"{""type"":""MultiPoint"",""coordinates"":[]}"
VHI_M_2021-11_000000000000000001d6,0.6399999856948853,471,11,Dry,2021,2021-11,"{""type"":""MultiPoint"",""coordinates"":[]}"
VHI_M_2021-11_000000000000000001d7,0.5950000286102295,472,11,Dry,2021,2021-11,"{""type"":""MultiPoint"",""coordinates"":[]}"
VHI_M_2021-11_00000000000000000069,0.4699999988079071,106,11,Dry,2021,2021-11,"{""type"":""MultiPoint"",""coordinates"":[]}"
VHI_M_2021-11_0000000000000000006a,0.5500000119209288,107,11,Dry,2021,2021-11,"{""type"":""MultiPoint"",""coordinates"":[]}"
VHI_M_2021-11_0000000000000000006b,0.36000001430511475,108,11,Dry,2021,2021-11,"{""type"":""MultiPoint"",""coordinates"":[]}"
VHI_M_2021-11_0000000000000000006c,0.584999978542328,109,11,Dry,2021,2021-11,"{""type"":""MultiPoint"",""coordinates"":[]}"
VHI_M_2021-11_0000000000000000006d,0.44999998807907104,110,11,Dry,2021,2021-11,"{""type"":""MultiPoint"",""coordinates"":[]}"
VHI_M_2021-11_0000000000000000006e,0.44999998807907104,111,11,Dry,2021,2021-11,"{""type"":""MultiPoint"",""coordinates"":[]}"
VHI_M_2021-11_0000000000000000006f,0.47999998927116394,112,11,Dry,2021,2021-11,"{""type"":""MultiPoint"",""coordinates"":[]}"
VHI_M_2021-11_000000000000000000d6,0.3050000071525574,215,11,Dry,2021,2021-11,"{""type"":""MultiPoint"",""coordinates"":[]}"
VHI_M_2021-11_0000000000000000013b,0.4650000035762787,316,11,Dry,2021,2021-11,"{""type"":""MultiPoint"",""coordinates"":[]}"
VHI_M_2021-11_0000000000000000013c,0.3700000047683716,317,11,Dry,2021,2021-11,"{""type"":""MultiPoint"",""coordinates"":[]}"
VHI_M_2021-11_0000000000000000013d,0.270000010728836,318,11,Dry,2021,2021-11,"{""type"":""MultiPoint"",""coordinates"":[]}"
VHI_M_2021-11_0000000000000000013e,0.3449999988079071,319,11,Dry,2021,2021-11,"{""type"":""MultiPoint"",""coordinates"":[]}"
VHI_M_2021-11_0000000000000000013f,0.3149999976158142,320,11,Dry,2021,2021-11,"{""type"":""MultiPoint"",""coordinates"":[]}"
VHI_M_2021-11_00000000000000000140,0.4050000011920929,321,11,Dry,2021,2021-11,"{""type"":""MultiPoint"",""coordinates"":[]}"
VHI_M_2021-11_000000000000000001bc,0.36500000953674316,445,11,Dry,2021,2021-11,"{""type"":""MultiPoint"",""coordinates"":[]}"
VHI_M_2021-11_000000000000000001bd,0.4399999976158142,446,11,Dry,2021,2021-11,"{""type"":""MultiPoint"",""coordinates"":[]}"
VHI_M_2021-11_000000000000000001be,0.4000000059604645,447,11,Dry,2021,2021-11,"{""type"":""MultiPoint"",""coordinates"":[]}"
VHI_M_2021-11_000000000000000001bf,0.37500000000000006,448,11,Dry,2021,2021-11,"{""type"":""MultiPoint"",""coordinates"":[]}"
VHI_M_2021-11_000000000000000001c0,0.3100000023841858,449,11,Dry,2021,2021-11,"{""type"":""MultiPoint"",""coordinates"":[]}"
VHI_M_2021-11_00000000000000000006,0.5249999761581421,7,11,Dry,2021,2021-11,"{""type"":""MultiPoint"",""coordinates"":[]}"
VHI_M_2021-11_0000000000000000002c,0.40500000119209295,45,11,Dry,2021,2021-11,"{""type"":""MultiPoint"",""coordinates"":[]}"
VHI_M_2021-11_0000000000000000002d,0.3700000047683716,46,11,Dry,2021,2021-11,"{""type"":""MultiPoint"",""coordinates"":[]}"
VHI_M_2021-11_0000000000000000002e,0.46999999880790705,47,11,Dry,2021,2021-11,"{""type"":""MultiPoint"",""coordinates"":[]}"
VHI_M_2021-11_0000000000000000002f,0.4000000059604645,48,11,Dry,2021,2021-11,"{""type"":""MultiPoint"",""coordinates"":[]}"
VHI_M_2021-11_0000000000000000009b,0.5699999928474426,156,11,Dry,2021,2021-11,"{""type"":""MultiPoint"",""coordinates"":[]}"
VHI_M_2021-11_0000000000000000009c,0.5249999761581421,157,11,Dry,2021,2021-11,"{""type"":""MultiPoint"",""coordinates"":[]}"
VHI_M_2021-11_0000000000000000009d,0.43500000238418585,158,11,Dry,2021,2021-11,"{""type"":""MultiPoint"",""coordinates"":[]}"
VHI_M_2021-11_000000000000000001b6,0.395000010728836,439,11,Dry,2021,2021-11,"{""type"":""MultiPoint"",""coordinates"":[]}"
VHI_M_2021-11_000000000000000001b7,0.615000009536743,440,11,Dry,2021,2021-11,"{""type"":""MultiPoint"",""coordinates"":[]}"
VHI_M_2021-11_000000000000000001b8,0.5099999904632567,441,11,Dry,2021,2021-11,"{""type"":""MultiPoint"",""coordinates"":[]}"
VHI_M_2021-11_000000000000000001b9,0.5249999761581422,442,11,Dry,2021,2021-11,"{""type"":""MultiPoint"",""coordinates"":[]}"
VHI_M_2021-11_000000000000000001ba,0.4350000023841857,443,11,Dry,2021,2021-11,"{""type"":""MultiPoint"",""coordinates"":[]}"
VHI_M_2021-11_000000000000000001bb,0.4749999940395355,444,11,Dry,2021,2021-11,"{""type"":""MultiPoint"",""coordinates"":[]}"
VHI_M_2021-11_00000000000000000221,0.6000000238418579,546,11,Dry,2021,2021-11,"{""type"":""MultiPoint"",""coordinates"":[]}"
VHI_M_2021-11_00000000000000000222,0.4650000035762787,547,11,Dry,2021,2021-11,"{""type"":""MultiPoint"",""coordinates"":[]}"
VHI_M_2021-11_00000000000000000223,0.49000000953674316,548,11,Dry,2021,2021-11,"{""type"":""MultiPoint"",""coordinates"":[]}"
VHI_M_2021-11_00000000000000000224,0.5550000071525574,549,11,Dry,2021,2021-11,"{""type"":""MultiPoint"",""coordinates"":[]}"
VHI_M_2021-11_00000000000000000225,0.48500001430511486,550,11,Dry,2021,2021-11,"{""type"":""MultiPoint"",""coordinates"":[]}"
VHI_M_2021-11_00000000000000000053,0.3350000083446503,84,11,Dry,2021,2021-11,"{""type"":""MultiPoint"",""coordinates"":[]}"
VHI_M_2021-11_00000000000000000054,0.3849999904632569,85,11,Dry,2021,2021-11,"{""type"":""MultiPoint"",""coordinates"":[]}"
VHI_M_2021-11_00000000000000000055,0.375,86,11,Dry,2021,2021-11,"{""type"":""MultiPoint"",""coordinates"":[]}"
VHI_M_2021-11_00000000000000000056,0.3700000047683716,87,11,Dry,2021,2021-11,"{""type"":""MultiPoint"",""coordinates"":[]}"
VHI_M_2021-11_00000000000000000057,0.3100000023841858,88,11,Dry,2021,2021-11,"{""type"":""MultiPoint"",""coordinates"":[]}"
VHI_M_2021-11_000000000000000000de,0.3950000107288363,223,11,Dry,2021,2021-11,"{""type"":""MultiPoint"",""coordinates"":[]}"
VHI_M_2021-11_000000000000000000df,0.4900000095367431,224,11,Dry,2021,2021-11,"{""type"":""MultiPoint"",""coordinates"":[]}"
VHI_M_2021-11_000000000000000000e0,0.4099999964237213,225,11,Dry,2021,2021-11,"{""type"":""MultiPoint"",""coordinates"":[]}"
VHI_M_2021-11_000000000000000000e1,0.5099999904632568,226,11,Dry,2021,2021-11,"{""type"":""MultiPoint"",""coordinates"":[]}"
VHI_M_2021-11_000000000000000000ff,0.36500000953674316,256,11,Dry,2021,2021-11,"{""type"":""MultiPoint"",""coordinates"":[]}"
VHI_M_2021-11_0000000000000000011c,0.324999988079071,285,11,Dry,2021,2021-11,"{""type"":""MultiPoint"",""coordinates"":[]}"
VHI_M_2021-11_0000000000000000011d,0.37000000476837164,286,11,Dry,2021,2021-11,"{""type"":""MultiPoint"",""coordinates"":[]}"
VHI_M_2021-11_0000000000000000011e,0.4199999868869782,287,11,Dry,2021,2021-11,"{""type"":""MultiPoint"",""coordinates"":[]}"
VHI_M_2021-11_0000000000000000011f,0.490000009536743,288,11,Dry,2021,2021-11,"{""type"":""MultiPoint"",""coordinates"":[]}"
VHI_M_2021-11_000000000000000001c4,0.4350000023841858,453,11,Dry,2021,2021-11,"{""type"":""MultiPoint"",""coordinates"":[]}"
VHI_M_2021-11_000000000000000001c5,0.4449999928474426,454,11,Dry,2021,2021-11,"{""type"":""MultiPoint"",""coordinates"":[]}"
VHI_M_2021-11_000000000000000001c6,0.48500001430511475,455,11,Dry,2021,2021-11,"{""type"":""MultiPoint"",""coordinates"":[]}"
VHI_M_2021-11_00000000000000000003,0.4000000059604645,4,11,Dry,2021,2021-11,"{""type"":""MultiPoint"",""coordinates"":[]}"
VHI_M_2021-11_0000000000000000001b,0.47999998927116394,28,11,Dry,2021,2021-11,"{""type"":""MultiPoint"",""coordinates"":[]}"
VHI_M_2021-11_00000000000000000186,0.5649999976158142,391,11,Dry,2021,2021-11,"{""type"":""MultiPoint"",""coordinates"":[]}"
VHI_M_2021-11_00000000000000000187,0.4900000095367432,392,11,Dry,2021,2021-11,"{""type"":""MultiPoint"",""coordinates"":[]}"
VHI_M_2021-11_00000000000000000188,0.5649999976158141,393,11,Dry,2021,2021-11,"{""type"":""MultiPoint"",""coordinates"":[]}"
VHI_M_2021-11_00000000000000000189,0.47999998927116383,394,11,Dry,2021,2021-11,"{""type"":""MultiPoint"",""coordinates"":[]}"
VHI_M_2021-11_0000000000000000018a,0.41499999165534973,395,11,Dry,2021,2021-11,"{""type"":""MultiPoint"",""coordinates"":[]}"
VHI_M_2021-11_0000000000000000018f,0.4000000059604645,400,11,Dry,2021,2021-11,"{""type"":""MultiPoint"",""coordinates"":[]}"
VHI_M_2021-11_00000000000000000190,0.375,401,11,Dry,2021,2021-11,"{""type"":""MultiPoint"",""coordinates"":[]}"
VHI_M_2021-11_0000000000000000021e,0.46000000834465027,543,11,Dry,2021,2021-11,"{""type"":""MultiPoint"",""coordinates"":[]}"
VHI_M_2021-11_0000000000000000021f,0.4600000083446502,544,11,Dry,2021,2021-11,"{""type"":""MultiPoint"",""coordinates"":[]}"
VHI_M_2021-11_00000000000000000220,0.4600000083446503,545,11,Dry,2021,2021-11,"{""type"":""MultiPoint"",""coordinates"":[]}"
VHI_M_2021-11_00000000000000000007,0.5350000262260437,8,11,Dry,2021,2021-11,"{""type"":""MultiPoint"",""coordinates"":[]}"
VHI_M_2021-11_0000000000000000000b,0.5099999904632568,12,11,Dry,2021,2021-11,"{""type"":""MultiPoint"",""coordinates"":[]}"
VHI_M_2021-11_00000000000000000012,0.46500000357627874,19,11,Dry,2021,2021-11,"{""type"":""MultiPoint"",""coordinates"":[]}"
VHI_M_2021-11_00000000000000000013,0.4399999976158142,20,11,Dry,2021,2021-11,"{""type"":""MultiPoint"",""coordinates"":[]}"
VHI_M_2021-11_00000000000000000014,0.33500000834465027,21,11,Dry,2021,2021-11,"{""type"":""MultiPoint"",""coordinates"":[]}"
VHI_M_2021-11_00000000000000000015,0.43999999761581415,22,11,Dry,2021,2021-11,"{""type"":""MultiPoint"",""coordinates"":[]}"
VHI_M_2021-11_00000000000000000016,0.45500001311302185,23,11,Dry,2021,2021-11,"{""type"":""MultiPoint"",""coordinates"":[]}"
VHI_M_2021-11_00000000000000000183,0.43230054781103155,388,11,Dry,2021,2021-11,"{""type"":""MultiPoint"",""coordinates"":[]}"
VHI_M_2021-11_00000000000000000184,0.4149999916553496,389,11,Dry,2021,2021-11,"{""type"":""MultiPoint"",""coordinates"":[]}"
VHI_M_2021-11_00000000000000000185,0.43000000715255743,390,11,Dry,2021,2021-11,"{""type"":""MultiPoint"",""coordinates"":[]}"
VHI_M_2021-11_00000000000000000212,0.35499998927116394,531,11,Dry,2021,2021-11,"{""type"":""MultiPoint"",""coordinates"":[]}"
VHI_M_2021-11_00000000000000000213,0.5350000262260437,532,11,Dry,2021,2021-11,"{""type"":""MultiPoint"",""coordinates"":[]}"
VHI_M_2021-11_00000000000000000214,0.4749999940395356,533,11,Dry,2021,2021-11,"{""type"":""MultiPoint"",""coordinates"":[]}"
VHI_M_2021-11_00000000000000000215,0.4950000047683716,534,11,Dry,2021,2021-11,"{""type"":""MultiPoint"",""coordinates"":[]}"
VHI_M_2021-11_0000000000000000005a,0.3799999952316284,91,11,Dry,2021,2021-11,"{""type"":""MultiPoint"",""coordinates"":[]}"
VHI_M_2021-11_00000000000000000118,0.4749999940395355,281,11,Dry,2021,2021-11,"{""type"":""MultiPoint"",""coordinates"":[]}"
VHI_M_2021-11_00000000000000000119,0.3249999880790711,282,11,Dry,2021,2021-11,"{""type"":""MultiPoint"",""coordinates"":[]}"
VHI_M_2021-11_0000000000000000011a,0.4099999964237213,283,11,Dry,2021,2021-11,"{""type"":""MultiPoint"",""coordinates"":[]}"
VHI_M_2021-11_0000000000000000011b,0.6949999928474426,284,11,Dry,2021,2021-11,"{""type"":""MultiPoint"",""coordinates"":[]}"
VHI_M_2021-11_00000000000000000141,0.4900000095367432,322,11,Dry,2021,2021-11,"{""type"":""MultiPoint"",""coordinates"":[]}"
VHI_M_2021-11_00000000000000000142,0.5099999904632568,323,11,Dry,2021,2021-11,"{""type"":""MultiPoint"",""coordinates"":[]}"
VHI_M_2021-11_00000000000000000143,0.5827898938732838,324,11,Dry,2021,2021-11,"{""type"":""MultiPoint"",""coordinates"":[]}"
VHI_M_2021-11_00000000000000000144,0.5849999785423278,325,11,Dry,2021,2021-11,"{""type"":""MultiPoint"",""coordinates"":[]}"
VHI_M_2021-11_00000000000000000145,0.4428449135589317,326,11,Dry,2021,2021-11,"{""type"":""MultiPoint"",""coordinates"":[]}"
VHI_M_2021-11_000000000000000001af,0.2150000035762787,432,11,Dry,2021,2021-11,"{""type"":""MultiPoint"",""coordinates"":[]}"
VHI_M_2021-11_0000000000000000004b,0.6549999713897705,76,11,Dry,2021,2021-11,"{""type"":""MultiPoint"",""coordinates"":[]}"
VHI_M_2021-11_0000000000000000004c,0.5950000286102295,77,11,Dry,2021,2021-11,"{""type"":""MultiPoint"",""coordinates"":[]}"
VHI_M_2021-11_0000000000000000004d,0.5350000262260437,78,11,Dry,2021,2021-11,"{""type"":""MultiPoint"",""coordinates"":[]}"
VHI_M_2021-11_0000000000000000004e,0.4900000095367433,79,11,Dry,2021,2021-11,"{""type"":""MultiPoint"",""coordinates"":[]}"
VHI_M_2021-11_0000000000000000004f,0.5099999904632567,80,11,Dry,2021,2021-11,"{""type"":""MultiPoint"",""coordinates"":[]}"
VHI_M_2021-11_00000000000000000050,0.6100000143051147,81,11,Dry,2021,2021-11,"{""type"":""MultiPoint"",""coordinates"":[]}"
VHI_M_2021-11_00000000000000000051,0.5249999761581421,82,11,Dry,2021,2021-11,"{""type"":""MultiPoint"",""coordinates"":[]}"
VHI_M_2021-11_00000000000000000052,0.5,83,11,Dry,2021,2021-11,"{""type"":""MultiPoint"",""coordinates"":[]}"
VHI_M_2021-11_000000000000000000aa,0.4650000035762787,171,11,Dry,2021,2021-11,"{""type"":""MultiPoint"",""coordinates"":[]}"
VHI_M_2021-11_000000000000000000ab,0.5749999880790713,172,11,Dry,2021,2021-11,"{""type"":""MultiPoint"",""coordinates"":[]}"
VHI_M_2021-11_000000000000000000ac,0.5500000119209288,173,11,Dry,2021,2021-11,"{""type"":""MultiPoint"",""coordinates"":[]}"
VHI_M_2021-11_000000000000000000ad,0.5299999713897704,174,11,Dry,2021,2021-11,"{""type"":""MultiPoint"",""coordinates"":[]}"
VHI_M_2021-11_000000000000000000ae,0.48500001430511475,175,11,Dry,2021,2021-11,"{""type"":""MultiPoint"",""coordinates"":[]}"
VHI_M_2021-11_000000000000000000af,0.46000000834465027,176,11,Dry,2021,2021-11,"{""type"":""MultiPoint"",""coordinates"":[]}"
VHI_M_2021-11_000000000000000000b0,0.8149999976158142,177,11,Dry,2021,2021-11,"{""type"":""MultiPoint"",""coordinates"":[]}"
VHI_M_2021-11_000000000000000001c7,0.5299999713897705,456,11,Dry,2021,2021-11,"{""type"":""MultiPoint"",""coordinates"":[]}"
VHI_M_2021-11_000000000000000001c8,0.479999989271164,457,11,Dry,2021,2021-11,"{""type"":""MultiPoint"",""coordinates"":[]}"
VHI_M_2021-11_000000000000000001c9,0.479999989271164,458,11,Dry,2021,2021-11,"{""type"":""MultiPoint"",""coordinates"":[]}"
VHI_M_2021-11_000000000000000001ca,0.5899999737739563,459,11,Dry,2021,2021-11,"{""type"":""MultiPoint"",""coordinates"":[]}"
VHI_M_2021-11_0000000000000000020a,0.4250000119209289,523,11,Dry,2021,2021-11,"{""type"":""MultiPoint"",""coordinates"":[]}"
VHI_M_2021-11_0000000000000000020b,0.4950000047683716,524,11,Dry,2021,2021-11,"{""type"":""MultiPoint"",""coordinates"":[]}"
VHI_M_2021-11_0000000000000000020c,0.5899999737739564,525,11,Dry,2021,2021-11,"{""type"":""MultiPoint"",""coordinates"":[]}"
VHI_M_2021-11_000000000000000001ab,0.6850000023841858,428,11,Dry,2021,2021-11,"{""type"":""MultiPoint"",""coordinates"":[]}"
VHI_M_2021-11_000000000000000001ac,0.550000011920929,429,11,Dry,2021,2021-11,"{""type"":""MultiPoint"",""coordinates"":[]}"
VHI_M_2021-11_000000000000000001ad,0.5649999976158142,430,11,Dry,2021,2021-11,"{""type"":""MultiPoint"",""coordinates"":[]}"
VHI_M_2021-11_000000000000000001ae,0.4600000083446502,431,11,Dry,2021,2021-11,"{""type"":""MultiPoint"",""coordinates"":[]}"
VHI_M_2021-11_000000000000000001c3,0.5749999880790709,452,11,Dry,2021,2021-11,"{""type"":""MultiPoint"",""coordinates"":[]}"
VHI_M_2021-11_00000000000000000037,0.5350000262260436,56,11,Dry,2021,2021-11,"{""type"":""MultiPoint"",""coordinates"":[]}"
VHI_M_2021-11_00000000000000000038,0.4799999892711639,57,11,Dry,2021,2021-11,"{""type"":""MultiPoint"",""coordinates"":[]}"
VHI_M_2021-11_00000000000000000039,0.5099999904632568,58,11,Dry,2021,2021-11,"{""type"":""MultiPoint"",""coordinates"":[]}"
VHI_M_2021-11_0000000000000000003a,0.5799999833106995,59,11,Dry,2021,2021-11,"{""type"":""MultiPoint"",""coordinates"":[]}"
VHI_M_2021-11_0000000000000000003b,0.5,60,11,Dry,2021,2021-11,"{""type"":""MultiPoint"",""coordinates"":[]}"
VHI_M_2021-11_0000000000000000003c,0.7049999833106994,61,11,Dry,2021,2021-11,"{""type"":""MultiPoint"",""coordinates"":[]}"
VHI_M_2021-11_0000000000000000003d,0.6850000023841858,62,11,Dry,2021,2021-11,"{""type"":""MultiPoint"",""coordinates"":[]}"
VHI_M_2021-11_0000000000000000003e,0.5550000071525573,63,11,Dry,2021,2021-11,"{""type"":""MultiPoint"",""coordinates"":[]}"
VHI_M_2021-11_0000000000000000003f,0.5699999928474426,64,11,Dry,2021,2021-11,"{""type"":""MultiPoint"",""coordinates"":[]}"
VHI_M_2021-11_00000000000000000044,0.6200000047683716,69,11,Dry,2021,2021-11,"{""type"":""MultiPoint"",""coordinates"":[]}"
VHI_M_2021-11_00000000000000000076,0.5,119,11,Dry,2021,2021-11,"{""type"":""MultiPoint"",""coordinates"":[]}"
VHI_M_2021-11_00000000000000000077,0.5,120,11,Dry,2021,2021-11,"{""type"":""MultiPoint"",""coordinates"":[]}"
VHI_M_2021-11_00000000000000000078,0.5099999904632568,121,11,Dry,2021,2021-11,"{""type"":""MultiPoint"",""coordinates"":[]}"
VHI_M_2021-11_00000000000000000079,0.5699999928474426,122,11,Dry,2021,2021-11,"{""type"":""MultiPoint"",""coordinates"":[]}"
VHI_M_2021-11_0000000000000000008b,0.36000001430511475,140,11,Dry,2021,2021-11,"{""type"":""MultiPoint"",""coordinates"":[]}"
VHI_M_2021-11_0000000000000000008c,0.5799999833106995,141,11,Dry,2021,2021-11,"{""type"":""MultiPoint"",""coordinates"":[]}"
VHI_M_2021-11_0000000000000000008d,0.574999988079071,142,11,Dry,2021,2021-11,"{""type"":""MultiPoint"",""coordinates"":[]}"
VHI_M_2021-11_0000000000000000008e,0.6700000166893004,143,11,Dry,2021,2021-11,"{""type"":""MultiPoint"",""coordinates"":[]}"
VHI_M_2021-11_0000000000000000008f,0.6449999809265137,144,11,Dry,2021,2021-11,"{""type"":""MultiPoint"",""coordinates"":[]}"
VHI_M_2021-11_00000000000000000090,0.6449999809265138,145,11,Dry,2021,2021-11,"{""type"":""MultiPoint"",""coordinates"":[]}"
VHI_M_2021-11_00000000000000000091,0.625,146,11,Dry,2021,2021-11,"{""type"":""MultiPoint"",""coordinates"":[]}"
VHI_M_2021-11_000000000000000000b5,0.5550000071525574,182,11,Dry,2021,2021-11,"{""type"":""MultiPoint"",""coordinates"":[]}"
VHI_M_2021-11_000000000000000000cc,0.6150000095367433,205,11,Dry,2021,2021-11,"{""type"":""MultiPoint"",""coordinates"":[]}"
VHI_M_2021-11_000000000000000000cd,0.4749999940395356,206,11,Dry,2021,2021-11,"{""type"":""MultiPoint"",""coordinates"":[]}"
VHI_M_2021-11_000000000000000001dd,0.6299999952316284,478,11,Dry,2021,2021-11,"{""type"":""MultiPoint"",""coordinates"":[]}"
VHI_M_2021-11_000000000000000001de,0.699999988079071,479,11,Dry,2021,2021-11,"{""type"":""MultiPoint"",""coordinates"":[]}"
VHI_M_2021-11_000000000000000001df,0.524999976158142,480,11,Dry,2021,2021-11,"{""type"":""MultiPoint"",""coordinates"":[]}"
VHI_M_2021-11_000000000000000001e0,0.7049999833106995,481,11,Dry,2021,2021-11,"{""type"":""MultiPoint"",""coordinates"":[]}"
VHI_M_2021-11_000000000000000001e1,0.75,482,11,Dry,2021,2021-11,"{""type"":""MultiPoint"",""coordinates"":[]}"
VHI_M_2021-11_0000000000000000007a,0.5249999761581421,123,11,Dry,2021,2021-11,"{""type"":""MultiPoint"",""coordinates"":[]}"
VHI_M_2021-11_0000000000000000007b,0.4749999940395355,124,11,Dry,2021,2021-11,"{""type"":""MultiPoint"",""coordinates"":[]}"
VHI_M_2021-11_0000000000000000007c,0.600000023841858,125,11,Dry,2021,2021-11,"{""type"":""MultiPoint"",""coordinates"":[]}"
VHI_M_2021-11_0000000000000000007d,0.5950000286102296,126,11,Dry,2021,2021-11,"{""type"":""MultiPoint"",""coordinates"":[]}"
VHI_M_2021-11_0000000000000000007e,0.5600000023841858,127,11,Dry,2021,2021-11,"{""type"":""MultiPoint"",""coordinates"":[]}"
VHI_M_2021-11_0000000000000000007f,0.5649999976158143,128,11,Dry,2021,2021-11,"{""type"":""MultiPoint"",""coordinates"":[]}"
VHI_M_2021-11_00000000000000000080,0.5500000119209291,129,11,Dry,2021,2021-11,"{""type"":""MultiPoint"",""coordinates"":[]}"
VHI_M_2021-11_00000000000000000088,0.7350000143051149,137,11,Dry,2021,2021-11,"{""type"":""MultiPoint"",""coordinates"":[]}"
VHI_M_2021-11_00000000000000000089,0.7799999713897706,138,11,Dry,2021,2021-11,"{""type"":""MultiPoint"",""coordinates"":[]}"
VHI_M_2021-11_0000000000000000008a,0.6800000071525575,139,11,Dry,2021,2021-11,"{""type"":""MultiPoint"",""coordinates"":[]}"
VHI_M_2021-11_00000000000000000099,0.6499999761581421,154,11,Dry,2021,2021-11,"{""type"":""MultiPoint"",""coordinates"":[]}"
VHI_M_2021-11_0000000000000000009a,0.6600000262260436,155,11,Dry,2021,2021-11,"{""type"":""MultiPoint"",""coordinates"":[]}"
VHI_M_2021-11_00000000000000000112,0.8949999809265137,275,11,Dry,2021,2021-11,"{""type"":""MultiPoint"",""coordinates"":[]}"
VHI_M_2021-11_000000000000000001d8,0.550000011920929,473,11,Dry,2021,2021-11,"{""type"":""MultiPoint"",""coordinates"":[]}"
VHI_M_2021-11_00000000000000000001,0.4699999988079071,2,11,Dry,2021,2021-11,"{""type"":""MultiPoint"",""coordinates"":[]}"
VHI_M_2021-11_00000000000000000030,0.46000000834465027,49,11,Dry,2021,2021-11,"{""type"":""MultiPoint"",""coordinates"":[]}"
VHI_M_2021-11_00000000000000000031,0.4300000071525573,50,11,Dry,2021,2021-11,"{""type"":""MultiPoint"",""coordinates"":[]}"
VHI_M_2021-11_00000000000000000032,0.41999998688697815,51,11,Dry,2021,2021-11,"{""type"":""MultiPoint"",""coordinates"":[]}"
VHI_M_2021-11_000000000000000000d7,0.5149999856948853,216,11,Dry,2021,2021-11,"{""type"":""MultiPoint"",""coordinates"":[]}"
VHI_M_2021-11_000000000000000000d8,0.5649999976158142,217,11,Dry,2021,2021-11,"{""type"":""MultiPoint"",""coordinates"":[]}"
VHI_M_2021-11_000000000000000000d9,0.5350000262260438,218,11,Dry,2021,2021-11,"{""type"":""MultiPoint"",""coordinates"":[]}"
VHI_M_2021-11_000000000000000000da,0.5699999928474426,219,11,Dry,2021,2021-11,"{""type"":""MultiPoint"",""coordinates"":[]}"
VHI_M_2021-11_00000000000000000132,0.4600000083446502,307,11,Dry,2021,2021-11,"{""type"":""MultiPoint"",""coordinates"":[]}"
VHI_M_2021-11_00000000000000000133,0.5400000214576721,308,11,Dry,2021,2021-11,"{""type"":""MultiPoint"",""coordinates"":[]}"
VHI_M_2021-11_00000000000000000134,0.49000000953674316,309,11,Dry,2021,2021-11,"{""type"":""MultiPoint"",""coordinates"":[]}"
VHI_M_2021-11_00000000000000000135,0.5149999856948853,310,11,Dry,2021,2021-11,"{""type"":""MultiPoint"",""coordinates"":[]}"
VHI_M_2021-11_0000000000000000001f,0.5099999904632568,32,11,Dry,2021,2021-11,"{""type"":""MultiPoint"",""coordinates"":[]}"
VHI_M_2021-11_00000000000000000020,0.6100000143051146,33,11,Dry,2021,2021-11,"{""type"":""MultiPoint"",""coordinates"":[]}"
VHI_M_2021-11_00000000000000000021,0.5400000214576721,34,11,Dry,2021,2021-11,"{""type"":""MultiPoint"",""coordinates"":[]}"
VHI_M_2021-11_00000000000000000045,0.49000000953674316,70,11,Dry,2021,2021-11,"{""type"":""MultiPoint"",""coordinates"":[]}"
VHI_M_2021-11_00000000000000000046,0.5450000166893005,71,11,Dry,2021,2021-11,"{""type"":""MultiPoint"",""coordinates"":[]}"
VHI_M_2021-11_00000000000000000047,0.5299999713897706,72,11,Dry,2021,2021-11,"{""type"":""MultiPoint"",""coordinates"":[]}"
VHI_M_2021-11_00000000000000000048,0.49000000953674316,73,11,Dry,2021,2021-11,"{""type"":""MultiPoint"",""coordinates"":[]}"
VHI_M_2021-11_00000000000000000072,0.5899999737739563,115,11,Dry,2021,2021-11,"{""type"":""MultiPoint"",""coordinates"":[]}"
VHI_M_2021-11_00000000000000000073,0.6150000095367433,116,11,Dry,2021,2021-11,"{""type"":""MultiPoint"",""coordinates"":[]}"
VHI_M_2021-11_00000000000000000074,0.5950000286102295,117,11,Dry,2021,2021-11,"{""type"":""MultiPoint"",""coordinates"":[]}"
VHI_M_2021-11_00000000000000000075,0.6600000262260437,118,11,Dry,2021,2021-11,"{""type"":""MultiPoint"",""coordinates"":[]}"
VHI_M_2021-11_000000000000000000b4,0.5600000023841858,181,11,Dry,2021,2021-11,"{""type"":""MultiPoint"",""coordinates"":[]}"
VHI_M_2021-11_000000000000000000e8,0.5049999952316284,233,11,Dry,2021,2021-11,"{""type"":""MultiPoint"",""coordinates"":[]}"
VHI_M_2021-11_000000000000000000e9,0.4350000023841858,234,11,Dry,2021,2021-11,"{""type"":""MultiPoint"",""coordinates"":[]}"
VHI_M_2021-11_000000000000000000ea,0.49000000953674316,235,11,Dry,2021,2021-11,"{""type"":""MultiPoint"",""coordinates"":[]}"
VHI_M_2021-11_00000000000000000022,0.5950000286102295,35,11,Dry,2021,2021-11,"{""type"":""MultiPoint"",""coordinates"":[]}"
VHI_M_2021-11_00000000000000000023,0.5849999785423279,36,11,Dry,2021,2021-11,"{""type"":""MultiPoint"",""coordinates"":[]}"
VHI_M_2021-11_00000000000000000024,0.5699999928474426,37,11,Dry,2021,2021-11,"{""type"":""MultiPoint"",""coordinates"":[]}"
VHI_M_2021-11_00000000000000000025,0.6399999856948854,38,11,Dry,2021,2021-11,"{""type"":""MultiPoint"",""coordinates"":[]}"
VHI_M_2021-11_000000000000000000f0,0.6499999761581421,241,11,Dry,2021,2021-11,"{""type"":""MultiPoint"",""coordinates"":[]}"
VHI_M_2021-11_000000000000000000f4,0.4650000035762787,245,11,Dry,2021,2021-11,"{""type"":""MultiPoint"",""coordinates"":[]}"
VHI_M_2021-11_000000000000000000f5,0.5,246,11,Dry,2021,2021-11,"{""type"":""MultiPoint"",""coordinates"":[]}"
VHI_M_2021-11_000000000000000000f6,0.45500001311302185,247,11,Dry,2021,2021-11,"{""type"":""MultiPoint"",""coordinates"":[]}"
VHI_M_2021-11_000000000000000000f7,0.6850000023841858,248,11,Dry,2021,2021-11,"{""type"":""MultiPoint"",""coordinates"":[]}"
VHI_M_2021-11_000000000000000000f8,0.5899999737739563,249,11,Dry,2021,2021-11,"{""type"":""MultiPoint"",""coordinates"":[]}"
VHI_M_2021-11_00000000000000000000,0.6100000143051147,1,11,Dry,2021,2021-11,"{""type"":""MultiPoint"",""coordinates"":[]}"
VHI_M_2021-11_000000000000000000f2,0.47999998927116394,243,11,Dry,2021,2021-11,"{""type"":""MultiPoint"",""coordinates"":[]}"
VHI_M_2021-11_000000000000000000f3,0.5249999761581421,244,11,Dry,2021,2021-11,"{""type"":""MultiPoint"",""coordinates"":[]}"
VHI_M_2021-11_00000000000000000106,0.5799999833106996,263,11,Dry,2021,2021-11,"{""type"":""MultiPoint"",""coordinates"":[]}"
VHI_M_2021-11_00000000000000000107,0.6200000047683716,264,11,Dry,2021,2021-11,"{""type"":""MultiPoint"",""coordinates"":[]}"
VHI_M_2021-11_00000000000000000108,0.5550000071525574,265,11,Dry,2021,2021-11,"{""type"":""MultiPoint"",""coordinates"":[]}"
VHI_M_2021-11_0000000000000000012c,0.6949999928474425,301,11,Dry,2021,2021-11,"{""type"":""MultiPoint"",""coordinates"":[]}"
VHI_M_2021-11_0000000000000000012d,0.6349999904632567,302,11,Dry,2021,2021-11,"{""type"":""MultiPoint"",""coordinates"":[]}"
VHI_M_2021-11_0000000000000000012e,0.6299999952316284,303,11,Dry,2021,2021-11,"{""type"":""MultiPoint"",""coordinates"":[]}"
VHI_M_2021-11_000000000000000000a5,0.49000000953674316,166,11,Dry,2021,2021-11,"{""type"":""MultiPoint"",""coordinates"":[]}"
VHI_M_2021-11_000000000000000000a6,0.49500000476837164,167,11,Dry,2021,2021-11,"{""type"":""MultiPoint"",""coordinates"":[]}"
VHI_M_2021-11_000000000000000000c1,0.6499999761581421,194,11,Dry,2021,2021-11,"{""type"":""MultiPoint"",""coordinates"":[]}"
VHI_M_2021-11_00000000000000000120,0.5350000262260437,289,11,Dry,2021,2021-11,"{""type"":""MultiPoint"",""coordinates"":[]}"
VHI_M_2021-11_000000000000000001d9,0.6200000047683716,474,11,Dry,2021,2021-11,"{""type"":""MultiPoint"",""coordinates"":[]}"
VHI_M_2021-11_000000000000000001da,0.6200000047683716,475,11,Dry,2021,2021-11,"{""type"":""MultiPoint"",""coordinates"":[]}"
VHI_M_2021-11_000000000000000001db,0.5849999785423279,476,11,Dry,2021,2021-11,"{""type"":""MultiPoint"",""coordinates"":[]}"
VHI_M_2021-11_000000000000000001dc,0.5450000166893005,477,11,Dry,2021,2021-11,"{""type"":""MultiPoint"",""coordinates"":[]}"
VHI_M_2021-11_000000000000000001e2,0.42500001192092896,483,11,Dry,2021,2021-11,"{""type"":""MultiPoint"",""coordinates"":[]}"
VHI_M_2021-11_000000000000000001e3,0.5249999761581421,484,11,Dry,2021,2021-11,"{""type"":""MultiPoint"",""coordinates"":[]}"
VHI_M_2021-11_000000000000000001e4,0.49000000953674316,485,11,Dry,2021,2021-11,"{""type"":""MultiPoint"",""coordinates"":[]}"
VHI_M_2021-11_000000000000000001e5,0.3799999952316284,486,11,Dry,2021,2021-11,"{""type"":""MultiPoint"",""coordinates"":[]}"
VHI_M_2021-11_000000000000000001e6,0.6100000143051147,487,11,Dry,2021,2021-11,"{""type"":""MultiPoint"",""coordinates"":[]}"
VHI_M_2021-11_000000000000000001e7,0.6050000190734863,488,11,Dry,2021,2021-11,"{""type"":""MultiPoint"",""coordinates"":[]}"
VHI_M_2021-11_000000000000000001e8,0.6399999856948853,489,11,Dry,2021,2021-11,"{""type"":""MultiPoint"",""coordinates"":[]}"
VHI_M_2021-11_000000000000000001e9,0.5649999976158142,490,11,Dry,2021,2021-11,"{""type"":""MultiPoint"",""coordinates"":[]}"
VHI_M_2021-11_000000000000000000e2,0.5350000262260437,227,11,Dry,2021,2021-11,"{""type"":""MultiPoint"",""coordinates"":[]}"
VHI_M_2021-11_000000000000000000e3,0.5950000286102295,228,11,Dry,2021,2021-11,"{""type"":""MultiPoint"",""coordinates"":[]}"
VHI_M_2021-11_000000000000000000e4,0.6449999809265137,229,11,Dry,2021,2021-11,"{""type"":""MultiPoint"",""coordinates"":[]}"
VHI_M_2021-11_000000000000000000e5,0.6650000214576721,230,11,Dry,2021,2021-11,"{""type"":""MultiPoint"",""coordinates"":[]}"
VHI_M_2021-11_000000000000000000e6,0.5699999928474426,231,11,Dry,2021,2021-11,"{""type"":""MultiPoint"",""coordinates"":[]}"
VHI_M_2021-11_000000000000000000e7,0.5199999809265137,232,11,Dry,2021,2021-11,"{""type"":""MultiPoint"",""coordinates"":[]}"
VHI_M_2021-11_0000000000000000017f,0.5950000286102296,384,11,Dry,2021,2021-11,"{""type"":""MultiPoint"",""coordinates"":[]}"
VHI_M_2021-11_00000000000000000180,0.5600000023841858,385,11,Dry,2021,2021-11,"{""type"":""MultiPoint"",""coordinates"":[]}"
VHI_M_2021-11_00000000000000000203,0.5400000214576721,516,11,Dry,2021,2021-11,"{""type"":""MultiPoint"",""coordinates"":[]}"
VHI_M_2021-11_00000000000000000204,0.5199999809265137,517,11,Dry,2021,2021-11,"{""type"":""MultiPoint"",""coordinates"":[]}"
VHI_M_2021-11_00000000000000000205,0.5600000023841858,518,11,Dry,2021,2021-11,"{""type"":""MultiPoint"",""coordinates"":[]}"
VHI_M_2021-11_00000000000000000206,0.5249999761581421,519,11,Dry,2021,2021-11,"{""type"":""MultiPoint"",""coordinates"":[]}"
VHI_M_2021-11_00000000000000000207,0.6150000095367432,520,11,Dry,2021,2021-11,"{""type"":""MultiPoint"",""coordinates"":[]}"
VHI_M_2021-11_00000000000000000208,0.5199999809265137,521,11,Dry,2021,2021-11,"{""type"":""MultiPoint"",""coordinates"":[]}"
VHI_M_2021-11_00000000000000000209,0.5600000023841858,522,11,Dry,2021,2021-11,"{""type"":""MultiPoint"",""coordinates"":[]}"
VHI_M_2021-11_0000000000000000000e,0.5550000071525574,15,11,Dry,2021,2021-11,"{""type"":""MultiPoint"",""coordinates"":[]}"
VHI_M_2021-11_00000000000000000124,0.4950000047683716,293,11,Dry,2021,2021-11,"{""type"":""MultiPoint"",""coordinates"":[]}"
VHI_M_2021-11_00000000000000000125,0.47499999403953547,294,11,Dry,2021,2021-11,"{""type"":""MultiPoint"",""coordinates"":[]}"
VHI_M_2021-11_00000000000000000126,0.4350000023841858,295,11,Dry,2021,2021-11,"{""type"":""MultiPoint"",""coordinates"":[]}"
VHI_M_2021-11_00000000000000000127,0.5699999928474426,296,11,Dry,2021,2021-11,"{""type"":""MultiPoint"",""coordinates"":[]}"
VHI_M_2021-11_00000000000000000128,0.3149999976158142,297,11,Dry,2021,2021-11,"{""type"":""MultiPoint"",""coordinates"":[]}"
VHI_M_2021-11_00000000000000000129,0.4099999964237213,298,11,Dry,2021,2021-11,"{""type"":""MultiPoint"",""coordinates"":[]}"
VHI_M_2021-11_0000000000000000012a,0.32499998807907104,299,11,Dry,2021,2021-11,"{""type"":""MultiPoint"",""coordinates"":[]}"
VHI_M_2021-11_0000000000000000012b,0.33000001311302185,300,11,Dry,2021,2021-11,"{""type"":""MultiPoint"",""coordinates"":[]}"
VHI_M_2021-11_00000000000000000174,0.3449999988079071,373,11,Dry,2021,2021-11,"{""type"":""MultiPoint"",""coordinates"":[]}"
VHI_M_2021-11_00000000000000000175,0.3149999976158142,374,11,Dry,2021,2021-11,"{""type"":""MultiPoint"",""coordinates"":[]}"
VHI_M_2021-11_00000000000000000176,0.3700000047683715,375,11,Dry,2021,2021-11,"{""type"":""MultiPoint"",""coordinates"":[]}"
VHI_M_2021-11_00000000000000000177,0.4449999928474426,376,11,Dry,2021,2021-11,"{""type"":""MultiPoint"",""coordinates"":[]}"
VHI_M_2021-11_00000000000000000195,0.5749999880790712,406,11,Dry,2021,2021-11,"{""type"":""MultiPoint"",""coordinates"":[]}"
VHI_M_2021-11_00000000000000000196,0.6000000238418579,407,11,Dry,2021,2021-11,"{""type"":""MultiPoint"",""coordinates"":[]}"
VHI_M_2021-11_00000000000000000197,0.6399999856948855,408,11,Dry,2021,2021-11,"{""type"":""MultiPoint"",""coordinates"":[]}"
VHI_M_2021-11_00000000000000000198,0.49000000953674316,409,11,Dry,2021,2021-11,"{""type"":""MultiPoint"",""coordinates"":[]}"
VHI_M_2021-11_00000000000000000199,0.5099999904632568,410,11,Dry,2021,2021-11,"{""type"":""MultiPoint"",""coordinates"":[]}"
VHI_M_2021-11_00000000000000000035,0.6050000190734863,54,11,Dry,2021,2021-11,"{""type"":""MultiPoint"",""coordinates"":[]}"
VHI_M_2021-11_000000000000000000ce,0.5699999928474425,207,11,Dry,2021,2021-11,"{""type"":""MultiPoint"",""coordinates"":[]}"
VHI_M_2021-11_000000000000000000cf,0.5249999761581421,208,11,Dry,2021,2021-11,"{""type"":""MultiPoint"",""coordinates"":[]}"
VHI_M_2021-11_000000000000000000d0,0.625,209,11,Dry,2021,2021-11,"{""type"":""MultiPoint"",""coordinates"":[]}"
VHI_M_2021-11_000000000000000000d1,0.5600000023841858,210,11,Dry,2021,2021-11,"{""type"":""MultiPoint"",""coordinates"":[]}"
VHI_M_2021-11_000000000000000001ea,0.6299999952316283,491,11,Dry,2021,2021-11,"{""type"":""MultiPoint"",""coordinates"":[]}"
VHI_M_2021-11_000000000000000001eb,0.625,492,11,Dry,2021,2021-11,"{""type"":""MultiPoint"",""coordinates"":[]}"
VHI_M_2021-11_000000000000000001ec,0.6250000000000001,493,11,Dry,2021,2021-11,"{""type"":""MultiPoint"",""coordinates"":[]}"
VHI_M_2021-11_000000000000000001ed,0.6449999809265139,494,11,Dry,2021,2021-11,"{""type"":""MultiPoint"",""coordinates"":[]}"
VHI_M_2021-11_000000000000000001f4,0.6499999761581422,501,11,Dry,2021,2021-11,"{""type"":""MultiPoint"",""coordinates"":[]}"
VHI_M_2021-11_000000000000000001f5,0.5950000286102295,502,11,Dry,2021,2021-11,"{""type"":""MultiPoint"",""coordinates"":[]}"
VHI_M_2021-11_000000000000000001f6,0.6600000262260437,503,11,Dry,2021,2021-11,"{""type"":""MultiPoint"",""coordinates"":[]}"
VHI_M_2021-11_000000000000000001f7,0.6000000238418579,504,11,Dry,2021,2021-11,"{""type"":""MultiPoint"",""coordinates"":[]}"
VHI_M_2021-11_000000000000000001f8,0.6650000214576721,505,11,Dry,2021,2021-11,"{""type"":""MultiPoint"",""coordinates"":[]}"
VHI_M_2021-11_000000000000000001f9,0.6549999713897705,506,11,Dry,2021,2021-11,"{""type"":""MultiPoint"",""coordinates"":[]}"
VHI_M_2021-11_000000000000000001fa,0.6200000047683716,507,11,Dry,2021,2021-11,"{""type"":""MultiPoint"",""coordinates"":[]}"
VHI_M_2021-11_000000000000000001fb,0.6200000047683716,508,11,Dry,2021,2021-11,"{""type"":""MultiPoint"",""coordinates"":[]}"
VHI_M_2021-11_000000000000000001fc,0.6923632947132475,509,11,Dry,2021,2021-11,"{""type"":""MultiPoint"",""coordinates"":[]}"
VHI_M_2021-11_000000000000000001fd,0.6449999809265138,510,11,Dry,2021,2021-11,"{""type"":""MultiPoint"",""coordinates"":[]}"
VHI_M_2021-11_00000000000000000049,0.49000000953674305,74,11,Dry,2021,2021-11,"{""type"":""MultiPoint"",""coordinates"":[]}"
VHI_M_2021-11_0000000000000000004a,0.5199999809265136,75,11,Dry,2021,2021-11,"{""type"":""MultiPoint"",""coordinates"":[]}"
VHI_M_2021-11_000000000000000000fd,0.6000000238418579,254,11,Dry,2021,2021-11,"{""type"":""MultiPoint"",""coordinates"":[]}"
VHI_M_2021-11_000000000000000000fe,0.5350000262260438,255,11,Dry,2021,2021-11,"{""type"":""MultiPoint"",""coordinates"":[]}"
VHI_M_2021-11_00000000000000000191,0.46000000834465027,402,11,Dry,2021,2021-11,"{""type"":""MultiPoint"",""coordinates"":[]}"
VHI_M_2021-11_0000000000000000016e,0.584999978542328,367,11,Dry,2021,2021-11,"{""type"":""MultiPoint"",""coordinates"":[]}"
VHI_M_2021-11_0000000000000000016f,0.5249999761581421,368,11,Dry,2021,2021-11,"{""type"":""MultiPoint"",""coordinates"":[]}"
VHI_M_2021-11_00000000000000000170,0.5199999809265137,369,11,Dry,2021,2021-11,"{""type"":""MultiPoint"",""coordinates"":[]}"
VHI_M_2021-11_00000000000000000181,0.5199999809265136,386,11,Dry,2021,2021-11,"{""type"":""MultiPoint"",""coordinates"":[]}"
VHI_M_2021-11_00000000000000000182,0.4950000047683716,387,11,Dry,2021,2021-11,"{""type"":""MultiPoint"",""coordinates"":[]}"
VHI_M_2021-11_00000000000000000228,0.6100000143051147,553,11,Dry,2021,2021-11,"{""type"":""MultiPoint"",""coordinates"":[]}"
VHI_M_2021-12_00000000000000000017,0.35499998927116394,24,12,Dry,2021,2021-12,"{""type"":""MultiPoint"",""coordinates"":[]}"
VHI_M_2021-12_00000000000000000018,0.4449999928474426,25,12,Dry,2021,2021-12,"{""type"":""MultiPoint"",""coordinates"":[]}"
VHI_M_2021-12_00000000000000000019,0.3799999952316284,26,12,Dry,2021,2021-12,"{""type"":""MultiPoint"",""coordinates"":[]}"
VHI_M_2021-12_0000000000000000001a,0.36500000953674316,27,12,Dry,2021,2021-12,"{""type"":""MultiPoint"",""coordinates"":[]}"
VHI_M_2021-12_0000000000000000005b,0.4099999964237213,92,12,Dry,2021,2021-12,"{""type"":""MultiPoint"",""coordinates"":[]}"
VHI_M_2021-12_0000000000000000005c,0.2549999952316284,93,12,Dry,2021,2021-12,"{""type"":""MultiPoint"",""coordinates"":[]}"
VHI_M_2021-12_0000000000000000005d,,94,12,Dry,2021,2021-12,"{""type"":""MultiPoint"",""coordinates"":[]}"
VHI_M_2021-12_0000000000000000005e,0.32499998807907104,95,12,Dry,2021,2021-12,"{""type"":""MultiPoint"",""coordinates"":[]}"
VHI_M_2021-12_0000000000000000005f,0.3199999928474426,96,12,Dry,2021,2021-12,"{""type"":""MultiPoint"",""coordinates"":[]}"
VHI_M_2021-12_000000000000000000b6,0.574999988079071,183,12,Dry,2021,2021-12,"{""type"":""MultiPoint"",""coordinates"":[]}"
VHI_M_2021-12_000000000000000000b7,0.49000000953674316,184,12,Dry,2021,2021-12,"{""type"":""MultiPoint"",""coordinates"":[]}"
VHI_M_2021-12_000000000000000000b8,0.33000001311302185,185,12,Dry,2021,2021-12,"{""type"":""MultiPoint"",""coordinates"":[]}"
VHI_M_2021-12_000000000000000000b9,0.36000001430511475,186,12,Dry,2021,2021-12,"{""type"":""MultiPoint"",""coordinates"":[]}"
VHI_M_2021-12_000000000000000000ba,0.574999988079071,187,12,Dry,2021,2021-12,"{""type"":""MultiPoint"",""coordinates"":[]}"
VHI_M_2021-12_000000000000000000bb,0.3799999952316284,188,12,Dry,2021,2021-12,"{""type"":""MultiPoint"",""coordinates"":[]}"
VHI_M_2021-12_000000000000000001a0,0.6899999976158142,417,12,Dry,2021,2021-12,"{""type"":""MultiPoint"",""coordinates"":[]}"
VHI_M_2021-12_000000000000000001a1,0.5350000262260437,418,12,Dry,2021,2021-12,"{""type"":""MultiPoint"",""coordinates"":[]}"
VHI_M_2021-12_000000000000000001a2,0.6449999809265137,419,12,Dry,2021,2021-12,"{""type"":""MultiPoint"",""coordinates"":[]}"
VHI_M_2021-12_000000000000000001a3,0.47999998927116394,420,12,Dry,2021,2021-12,"{""type"":""MultiPoint"",""coordinates"":[]}"
VHI_M_2021-12_000000000000000001cb,0.4300000071525574,460,12,Dry,2021,2021-12,"{""type"":""MultiPoint"",""coordinates"":[]}"
VHI_M_2021-12_000000000000000001cc,0.41999998688697815,461,12,Dry,2021,2021-12,"{""type"":""MultiPoint"",""coordinates"":[]}"
VHI_M_2021-12_0000000000000000021b,0.375,540,12,Dry,2021,2021-12,"{""type"":""MultiPoint"",""coordinates"":[]}"
VHI_M_2021-12_0000000000000000021c,0.4399999976158142,541,12,Dry,2021,2021-12,"{""type"":""MultiPoint"",""coordinates"":[]}"
VHI_M_2021-12_0000000000000000021d,0.375,542,12,Dry,2021,2021-12,"{""type"":""MultiPoint"",""coordinates"":[]}"
VHI_M_2021-12_000000000000000000bf,0.41999998688697815,192,12,Dry,2021,2021-12,"{""type"":""MultiPoint"",""coordinates"":[]}"
VHI_M_2021-12_000000000000000000c0,0.4399999976158142,193,12,Dry,2021,2021-12,"{""type"":""MultiPoint"",""coordinates"":[]}"
VHI_M_2021-12_0000000000000000010a,0.39500001072883606,267,12,Dry,2021,2021-12,"{""type"":""MultiPoint"",""coordinates"":[]}"
VHI_M_2021-12_0000000000000000010b,0.4699999988079071,268,12,Dry,2021,2021-12,"{""type"":""MultiPoint"",""coordinates"":[]}"
VHI_M_2021-12_00000000000000000226,0.4449999928474426,551,12,Dry,2021,2021-12,"{""type"":""MultiPoint"",""coordinates"":[]}"
VHI_M_2021-12_00000000000000000227,0.6449999809265137,552,12,Dry,2021,2021-12,"{""type"":""MultiPoint"",""coordinates"":[]}"
VHI_M_2021-12_000000000000000001a4,0.3149999976158142,421,12,Dry,2021,2021-12,"{""type"":""MultiPoint"",""coordinates"":[]}"
VHI_M_2021-12_000000000000000001a5,0.41999998688697815,422,12,Dry,2021,2021-12,"{""type"":""MultiPoint"",""coordinates"":[]}"
VHI_M_2021-12_000000000000000001a6,0.3199999928474426,423,12,Dry,2021,2021-12,"{""type"":""MultiPoint"",""coordinates"":[]}"
VHI_M_2021-12_000000000000000001a7,0.3199999928474426,424,12,Dry,2021,2021-12,"{""type"":""MultiPoint"",""coordinates"":[]}"
VHI_M_2021-12_000000000000000001a8,0.33500000834465027,425,12,Dry,2021,2021-12,"{""type"":""MultiPoint"",""coordinates"":[]}"
VHI_M_2021-12_000000000000000001a9,0.33500000834465027,426,12,Dry,2021,2021-12,"{""type"":""MultiPoint"",""coordinates"":[]}"
VHI_M_2021-12_000000000000000001aa,0.3149999976158142,427,12,Dry,2021,2021-12,"{""type"":""MultiPoint"",""coordinates"":[]}"
VHI_M_2021-12_000000000000000001fe,0.5450000166893005,511,12,Dry,2021,2021-12,"{""type"":""MultiPoint"",""coordinates"":[]}"
VHI_M_2021-12_000000000000000001ff,0.4000000059604645,512,12,Dry,2021,2021-12,"{""type"":""MultiPoint"",""coordinates"":[]}"
VHI_M_2021-12_00000000000000000200,0.35499998927116394,513,12,Dry,2021,2021-12,"{""type"":""MultiPoint"",""coordinates"":[]}"
VHI_M_2021-12_00000000000000000201,0.3100000023841858,514,12,Dry,2021,2021-12,"{""type"":""MultiPoint"",""coordinates"":[]}"
VHI_M_2021-12_00000000000000000202,0.33000001311302185,515,12,Dry,2021,2021-12,"{""type"":""MultiPoint"",""coordinates"":[]}"
VHI_M_2021-12_00000000000000000002,0.36000001430511475,3,12,Dry,2021,2021-12,"{""type"":""MultiPoint"",""coordinates"":[]}"
VHI_M_2021-12_0000000000000000000d,0.5099999904632568,14,12,Dry,2021,2021-12,"{""type"":""MultiPoint"",""coordinates"":[]}"
VHI_M_2021-12_00000000000000000027,0.4199999868869781,40,12,Dry,2021,2021-12,"{""type"":""MultiPoint"",""coordinates"":[]}"
VHI_M_2021-12_00000000000000000070,0.38499999046325684,113,12,Dry,2021,2021-12,"{""type"":""MultiPoint"",""coordinates"":[]}"
VHI_M_2021-12_00000000000000000071,0.41999998688697815,114,12,Dry,2021,2021-12,"{""type"":""MultiPoint"",""coordinates"":[]}"
VHI_M_2021-12_000000000000000001b0,0.375,433,12,Dry,2021,2021-12,"{""type"":""MultiPoint"",""coordinates"":[]}"
VHI_M_2021-12_000000000000000001b1,0.42500001192092896,434,12,Dry,2021,2021-12,"{""type"":""MultiPoint"",""coordinates"":[]}"
VHI_M_2021-12_000000000000000001b2,0.375,435,12,Dry,2021,2021-12,"{""type"":""MultiPoint"",""coordinates"":[]}"
VHI_M_2021-12_000000000000000001cd,0.4050000011920929,462,12,Dry,2021,2021-12,"{""type"":""MultiPoint"",""coordinates"":[]}"
VHI_M_2021-12_000000000000000001ce,0.3799999952316284,463,12,Dry,2021,2021-12,"{""type"":""MultiPoint"",""coordinates"":[]}"
VHI_M_2021-12_000000000000000001cf,0.3449999988079071,464,12,Dry,2021,2021-12,"{""type"":""MultiPoint"",""coordinates"":[]}"
VHI_M_2021-12_0000000000000000001c,0.28999999165534973,29,12,Dry,2021,2021-12,"{""type"":""MultiPoint"",""coordinates"":[]}"
VHI_M_2021-12_0000000000000000001d,0.24500000476837158,30,12,Dry,2021,2021-12,"{""type"":""MultiPoint"",""coordinates"":[]}"
VHI_M_2021-12_0000000000000000001e,0.42500001192092896,31,12,Dry,2021,2021-12,"{""type"":""MultiPoint"",""coordinates"":[]}"
VHI_M_2021-12_00000000000000000026,0.38499999046325684,39,12,Dry,2021,2021-12,"{""type"":""MultiPoint"",""coordinates"":[]}"
VHI_M_2021-12_000000000000000000f9,0.3799999952316284,250,12,Dry,2021,2021-12,"{""type"":""MultiPoint"",""coordinates"":[]}"
VHI_M_2021-12_000000000000000000fa,0.4050000011920929,251,12,Dry,2021,2021-12,"{""type"":""MultiPoint"",""coordinates"":[]}"
VHI_M_2021-12_000000000000000000fb,0.4250000119209289,252,12,Dry,2021,2021-12,"{""type"":""MultiPoint"",""coordinates"":[]}"
VHI_M_2021-12_000000000000000000fc,0.5,253,12,Dry,2021,2021-12,"{""type"":""MultiPoint"",""coordinates"":[]}"
VHI_M_2021-12_00000000000000000163,0.41999998688697815,356,12,Dry,2021,2021-12,"{""type"":""MultiPoint"",""coordinates"":[]}"
VHI_M_2021-12_00000000000000000164,0.36500000953674316,357,12,Dry,2021,2021-12,"{""type"":""MultiPoint"",""coordinates"":[]}"
VHI_M_2021-12_00000000000000000165,0.37000000476837164,358,12,Dry,2021,2021-12,"{""type"":""MultiPoint"",""coordinates"":[]}"
VHI_M_2021-12_00000000000000000166,0.36000001430511475,359,12,Dry,2021,2021-12,"{""type"":""MultiPoint"",""coordinates"":[]}"
VHI_M_2021-12_00000000000000000149,0.4399999976158142,330,12,Dry,2021,2021-12,"{""type"":""MultiPoint"",""coordinates"":[]}"
VHI_M_2021-12_0000000000000000014a,0.22499999403953552,331,12,Dry,2021,2021-12,"{""type"":""MultiPoint"",""coordinates"":[]}"
VHI_M_2021-12_0000000000000000014b,0.3050000071525574,332,12,Dry,2021,2021-12,"{""type"":""MultiPoint"",""coordinates"":[]}"
VHI_M_2021-12_0000000000000000014c,0.36000001430511475,333,12,Dry,2021,2021-12,"{""type"":""MultiPoint"",""coordinates"":[]}"
VHI_M_2021-12_0000000000000000014d,0.32499998807907104,334,12,Dry,2021,2021-12,"{""type"":""MultiPoint"",""coordinates"":[]}"
VHI_M_2021-12_0000000000000000014e,0.29499998688697815,335,12,Dry,2021,2021-12,"{""type"":""MultiPoint"",""coordinates"":[]}"
VHI_M_2021-12_00000000000000000158,0.3799999952316284,345,12,Dry,2021,2021-12,"{""type"":""MultiPoint"",""coordinates"":[]}"
VHI_M_2021-12_00000000000000000159,0.33500000834465027,346,12,Dry,2021,2021-12,"{""type"":""MultiPoint"",""coordinates"":[]}"
VHI_M_2021-12_0000000000000000015a,0.3100000023841858,347,12,Dry,2021,2021-12,"{""type"":""MultiPoint"",""coordinates"":[]}"
VHI_M_2021-12_0000000000000000015b,0.2800000011920929,348,12,Dry,2021,2021-12,"{""type"":""MultiPoint"",""coordinates"":[]}"
VHI_M_2021-12_0000000000000000015c,0.3100000023841858,349,12,Dry,2021,2021-12,"{""type"":""MultiPoint"",""coordinates"":[]}"
VHI_M_2021-12_0000000000000000015d,0.28999999165534973,350,12,Dry,2021,2021-12,"{""type"":""MultiPoint"",""coordinates"":[]}"
VHI_M_2021-12_00000000000000000008,0.36000001430511475,9,12,Dry,2021,2021-12,"{""type"":""MultiPoint"",""coordinates"":[]}"
VHI_M_2021-12_000000000000000000c2,0.2750000059604645,195,12,Dry,2021,2021-12,"{""type"":""MultiPoint"",""coordinates"":[]}"
VHI_M_2021-12_000000000000000000c3,0.3100000023841858,196,12,Dry,2021,2021-12,"{""type"":""MultiPoint"",""coordinates"":[]}"
VHI_M_2021-12_000000000000000000c4,0.29499998688697815,197,12,Dry,2021,2021-12,"{""type"":""MultiPoint"",""coordinates"":[]}"
VHI_M_2021-12_000000000000000000c5,0.30000001192092896,198,12,Dry,2021,2021-12,"{""type"":""MultiPoint"",""coordinates"":[]}"
VHI_M_2021-12_000000000000000000c6,0.3600000143051148,199,12,Dry,2021,2021-12,"{""type"":""MultiPoint"",""coordinates"":[]}"
VHI_M_2021-12_000000000000000000c7,0.3300000131130219,200,12,Dry,2021,2021-12,"{""type"":""MultiPoint"",""coordinates"":[]}"
VHI_M_2021-12_000000000000000000c8,0.3050000071525574,201,12,Dry,2021,2021-12,"{""type"":""MultiPoint"",""coordinates"":[]}"
VHI_M_2021-12_000000000000000000c9,0.37500000000000006,202,12,Dry,2021,2021-12,"{""type"":""MultiPoint"",""coordinates"":[]}"
VHI_M_2021-12_00000000000000000136,0.30000001192092896,311,12,Dry,2021,2021-12,"{""type"":""MultiPoint"",""coordinates"":[]}"
VHI_M_2021-12_00000000000000000137,0.40500000119209295,312,12,Dry,2021,2021-12,"{""type"":""MultiPoint"",""coordinates"":[]}"
VHI_M_2021-12_00000000000000000138,0.395000010728836,313,12,Dry,2021,2021-12,"{""type"":""MultiPoint"",""coordinates"":[]}"
VHI_M_2021-12_00000000000000000139,0.4399999976158142,314,12,Dry,2021,2021-12,"{""type"":""MultiPoint"",""coordinates"":[]}"
VHI_M_2021-12_0000000000000000013a,0.4050000011920929,315,12,Dry,2021,2021-12,"{""type"":""MultiPoint"",""coordinates"":[]}"
VHI_M_2021-12_000000000000000001ef,0.25999999046325684,496,12,Dry,2021,2021-12,"{""type"":""MultiPoint"",""coordinates"":[]}"
VHI_M_2021-12_000000000000000001f0,0.29499998688697815,497,12,Dry,2021,2021-12,"{""type"":""MultiPoint"",""coordinates"":[]}"
VHI_M_2021-12_00000000000000000081,0.26499998569488525,130,12,Dry,2021,2021-12,"{""type"":""MultiPoint"",""coordinates"":[]}"
VHI_M_2021-12_000000000000000000a0,0.2549999952316284,161,12,Dry,2021,2021-12,"{""type"":""MultiPoint"",""coordinates"":[]}"
VHI_M_2021-12_000000000000000000a1,0.34999999403953547,162,12,Dry,2021,2021-12,"{""type"":""MultiPoint"",""coordinates"":[]}"
VHI_M_2021-12_000000000000000000a2,0.4399999976158142,163,12,Dry,2021,2021-12,"{""type"":""MultiPoint"",""coordinates"":[]}"
VHI_M_2021-12_000000000000000000a3,0.3350000083446502,164,12,Dry,2021,2021-12,"{""type"":""MultiPoint"",""coordinates"":[]}"
VHI_M_2021-12_000000000000000000a4,0.4950000047683716,165,12,Dry,2021,2021-12,"{""type"":""MultiPoint"",""coordinates"":[]}"
VHI_M_2021-12_0000000000000000014f,0.3449999988079071,336,12,Dry,2021,2021-12,"{""type"":""MultiPoint"",""coordinates"":[]}"
VHI_M_2021-12_00000000000000000150,0.2700000107288361,337,12,Dry,2021,2021-12,"{""type"":""MultiPoint"",""coordinates"":[]}"
VHI_M_2021-12_00000000000000000151,0.2949999868869782,338,12,Dry,2021,2021-12,"{""type"":""MultiPoint"",""coordinates"":[]}"
VHI_M_2021-12_00000000000000000152,0.3799999952316284,339,12,Dry,2021,2021-12,"{""type"":""MultiPoint"",""coordinates"":[]}"
VHI_M_2021-12_00000000000000000153,0.32499998807907104,340,12,Dry,2021,2021-12,"{""type"":""MultiPoint"",""coordinates"":[]}"
VHI_M_2021-12_00000000000000000171,0.3149999976158142,370,12,Dry,2021,2021-12,"{""type"":""MultiPoint"",""coordinates"":[]}"
VHI_M_2021-12_00000000000000000172,0.3100000023841858,371,12,Dry,2021,2021-12,"{""type"":""MultiPoint"",""coordinates"":[]}"
VHI_M_2021-12_00000000000000000173,0.31000000238418574,372,12,Dry,2021,2021-12,"{""type"":""MultiPoint"",""coordinates"":[]}"
VHI_M_2021-12_000000000000000001f1,0.32499998807907104,498,12,Dry,2021,2021-12,"{""type"":""MultiPoint"",""coordinates"":[]}"
VHI_M_2021-12_000000000000000001f2,0.3050000071525574,499,12,Dry,2021,2021-12,"{""type"":""MultiPoint"",""coordinates"":[]}"
VHI_M_2021-12_000000000000000001f3,0.3149999976158142,500,12,Dry,2021,2021-12,"{""type"":""MultiPoint"",""coordinates"":[]}"
VHI_M_2021-12_00000000000000000092,0.3650000095367432,147,12,Dry,2021,2021-12,"{""type"":""MultiPoint"",""coordinates"":[]}"
VHI_M_2021-12_00000000000000000093,0.4149999916553498,148,12,Dry,2021,2021-12,"{""type"":""MultiPoint"",""coordinates"":[]}"
VHI_M_2021-12_00000000000000000094,0.3400000035762787,149,12,Dry,2021,2021-12,"{""type"":""MultiPoint"",""coordinates"":[]}"
VHI_M_2021-12_00000000000000000095,0.36000001430511475,150,12,Dry,2021,2021-12,"{""type"":""MultiPoint"",""coordinates"":[]}"
VHI_M_2021-12_00000000000000000096,0.36000001430511475,151,12,Dry,2021,2021-12,"{""type"":""MultiPoint"",""coordinates"":[]}"
VHI_M_2021-12_00000000000000000097,0.5199999809265137,152,12,Dry,2021,2021-12,"{""type"":""MultiPoint"",""coordinates"":[]}"
VHI_M_2021-12_00000000000000000098,0.4650000035762787,153,12,Dry,2021,2021-12,"{""type"":""MultiPoint"",""coordinates"":[]}"
VHI_M_2021-12_000000000000000000a9,0.4050000011920929,170,12,Dry,2021,2021-12,"{""type"":""MultiPoint"",""coordinates"":[]}"
VHI_M_2021-12_0000000000000000017c,0.37499999999999994,381,12,Dry,2021,2021-12,"{""type"":""MultiPoint"",""coordinates"":[]}"
VHI_M_2021-12_0000000000000000017d,0.4350000023841858,382,12,Dry,2021,2021-12,"{""type"":""MultiPoint"",""coordinates"":[]}"
VHI_M_2021-12_0000000000000000017e,0.37999999523162836,383,12,Dry,2021,2021-12,"{""type"":""MultiPoint"",""coordinates"":[]}"
VHI_M_2021-12_000000000000000001ee,0.4950000047683716,495,12,Dry,2021,2021-12,"{""type"":""MultiPoint"",""coordinates"":[]}"
VHI_M_2021-12_0000000000000000020d,0.5299999713897705,526,12,Dry,2021,2021-12,"{""type"":""MultiPoint"",""coordinates"":[]}"
VHI_M_2021-12_0000000000000000020e,0.3149999976158142,527,12,Dry,2021,2021-12,"{""type"":""MultiPoint"",""coordinates"":[]}"
VHI_M_2021-12_0000000000000000020f,0.36500000953674316,528,12,Dry,2021,2021-12,"{""type"":""MultiPoint"",""coordinates"":[]}"
VHI_M_2021-12_00000000000000000210,0.42500001192092896,529,12,Dry,2021,2021-12,"{""type"":""MultiPoint"",""coordinates"":[]}"
VHI_M_2021-12_00000000000000000211,0.40500000119209284,530,12,Dry,2021,2021-12,"{""type"":""MultiPoint"",""coordinates"":[]}"
VHI_M_2021-12_00000000000000000058,0.2300000041723251,89,12,Dry,2021,2021-12,"{""type"":""MultiPoint"",""coordinates"":[]}"
VHI_M_2021-12_00000000000000000059,0.20499999821186066,90,12,Dry,2021,2021-12,"{""type"":""MultiPoint"",""coordinates"":[]}"
VHI_M_2021-12_0000000000000000018b,0.30000001192092896,396,12,Dry,2021,2021-12,"{""type"":""MultiPoint"",""coordinates"":[]}"
VHI_M_2021-12_0000000000000000018c,0.3100000023841858,397,12,Dry,2021,2021-12,"{""type"":""MultiPoint"",""coordinates"":[]}"
VHI_M_2021-12_0000000000000000018d,0.2249999940395355,398,12,Dry,2021,2021-12,"{""type"":""MultiPoint"",""coordinates"":[]}"
VHI_M_2021-12_0000000000000000018e,0.2949999868869781,399,12,Dry,2021,2021-12,"{""type"":""MultiPoint"",""coordinates"":[]}"
VHI_M_2021-12_00000000000000000036,0.2549999952316284,55,12,Dry,2021,2021-12,"{""type"":""MultiPoint"",""coordinates"":[]}"
VHI_M_2021-12_000000000000000000db,0.1949999928474426,220,12,Dry,2021,2021-12,"{""type"":""MultiPoint"",""coordinates"":[]}"
VHI_M_2021-12_000000000000000000dc,0.22499999403953555,221,12,Dry,2021,2021-12,"{""type"":""MultiPoint"",""coordinates"":[]}"
VHI_M_2021-12_000000000000000000dd,0.20000000298023224,222,12,Dry,2021,2021-12,"{""type"":""MultiPoint"",""coordinates"":[]}"
VHI_M_2021-12_00000000000000000102,0.33500000834465027,259,12,Dry,2021,2021-12,"{""type"":""MultiPoint"",""coordinates"":[]}"
VHI_M_2021-12_00000000000000000103,0.36000001430511475,260,12,Dry,2021,2021-12,"{""type"":""MultiPoint"",""coordinates"":[]}"
VHI_M_2021-12_00000000000000000104,0.2700000107288361,261,12,Dry,2021,2021-12,"{""type"":""MultiPoint"",""coordinates"":[]}"
VHI_M_2021-12_00000000000000000105,0.20499999821186066,262,12,Dry,2021,2021-12,"{""type"":""MultiPoint"",""coordinates"":[]}"
VHI_M_2021-12_0000000000000000000a,0.3449999988079071,11,12,Dry,2021,2021-12,"{""type"":""MultiPoint"",""coordinates"":[]}"
VHI_M_2021-12_000000000000000000b1,0.18000000715255735,178,12,Dry,2021,2021-12,"{""type"":""MultiPoint"",""coordinates"":[]}"
VHI_M_2021-12_000000000000000000b2,0.14499999582767487,179,12,Dry,2021,2021-12,"{""type"":""MultiPoint"",""coordinates"":[]}"
VHI_M_2021-12_000000000000000000b3,0.2049999982118606,180,12,Dry,2021,2021-12,"{""type"":""MultiPoint"",""coordinates"":[]}"
VHI_M_2021-12_000000000000000000ca,0.3300000131130219,203,12,Dry,2021,2021-12,"{""type"":""MultiPoint"",""coordinates"":[]}"
VHI_M_2021-12_000000000000000000d2,0.3449999988079071,211,12,Dry,2021,2021-12,"{""type"":""MultiPoint"",""coordinates"":[]}"
VHI_M_2021-12_000000000000000000d3,0.29499998688697815,212,12,Dry,2021,2021-12,"{""type"":""MultiPoint"",""coordinates"":[]}"
VHI_M_2021-12_000000000000000000d4,0.25999999046325684,213,12,Dry,2021,2021-12,"{""type"":""MultiPoint"",""coordinates"":[]}"
VHI_M_2021-12_000000000000000000d5,0.36000001430511475,214,12,Dry,2021,2021-12,"{""type"":""MultiPoint"",""coordinates"":[]}"
VHI_M_2021-12_000000000000000000bc,0.375,189,12,Dry,2021,2021-12,"{""type"":""MultiPoint"",""coordinates"":[]}"
VHI_M_2021-12_000000000000000000bd,0.40000000596046437,190,12,Dry,2021,2021-12,"{""type"":""MultiPoint"",""coordinates"":[]}"
VHI_M_2021-12_000000000000000000be,0.33000001311302185,191,12,Dry,2021,2021-12,"{""type"":""MultiPoint"",""coordinates"":[]}"
VHI_M_2021-12_000000000000000000f1,0.41499999165534973,242,12,Dry,2021,2021-12,"{""type"":""MultiPoint"",""coordinates"":[]}"
VHI_M_2021-12_00000000000000000100,0.3050000071525573,257,12,Dry,2021,2021-12,"{""type"":""MultiPoint"",""coordinates"":[]}"
VHI_M_2021-12_00000000000000000101,0.31999999284744257,258,12,Dry,2021,2021-12,"{""type"":""MultiPoint"",""coordinates"":[]}"
VHI_M_2021-12_0000000000000000012f,0.2800000011920929,304,12,Dry,2021,2021-12,"{""type"":""MultiPoint"",""coordinates"":[]}"
VHI_M_2021-12_00000000000000000130,0.3499999940395355,305,12,Dry,2021,2021-12,"{""type"":""MultiPoint"",""coordinates"":[]}"
VHI_M_2021-12_00000000000000000131,0.3100000023841858,306,12,Dry,2021,2021-12,"{""type"":""MultiPoint"",""coordinates"":[]}"
VHI_M_2021-12_00000000000000000065,0.21999999880790713,102,12,Dry,2021,2021-12,"{""type"":""MultiPoint"",""coordinates"":[]}"
VHI_M_2021-12_00000000000000000066,0.23999999463558197,103,12,Dry,2021,2021-12,"{""type"":""MultiPoint"",""coordinates"":[]}"
VHI_M_2021-12_00000000000000000067,0.20000000298023227,104,12,Dry,2021,2021-12,"{""type"":""MultiPoint"",""coordinates"":[]}"
VHI_M_2021-12_00000000000000000068,0.12999999523162842,105,12,Dry,2021,2021-12,"{""type"":""MultiPoint"",""coordinates"":[]}"
VHI_M_2021-12_00000000000000000109,0.19499999284744263,266,12,Dry,2021,2021-12,"{""type"":""MultiPoint"",""coordinates"":[]}"
VHI_M_2021-12_000000000000000001c1,0.1650000065565109,450,12,Dry,2021,2021-12,"{""type"":""MultiPoint"",""coordinates"":[]}"
VHI_M_2021-12_000000000000000001c2,0.23999999463558197,451,12,Dry,2021,2021-12,"{""type"":""MultiPoint"",""coordinates"":[]}"
VHI_M_2021-12_00000000000000000113,0.25999999046325684,276,12,Dry,2021,2021-12,"{""type"":""MultiPoint"",""coordinates"":[]}"
VHI_M_2021-12_00000000000000000114,0.21500000357627866,277,12,Dry,2021,2021-12,"{""type"":""MultiPoint"",""coordinates"":[]}"
VHI_M_2021-12_00000000000000000115,0.19499999284744263,278,12,Dry,2021,2021-12,"{""type"":""MultiPoint"",""coordinates"":[]}"
VHI_M_2021-12_00000000000000000116,0.125,279,12,Dry,2021,2021-12,"{""type"":""MultiPoint"",""coordinates"":[]}"
VHI_M_2021-12_00000000000000000117,0.20499999821186066,280,12,Dry,2021,2021-12,"{""type"":""MultiPoint"",""coordinates"":[]}"
VHI_M_2021-12_00000000000000000167,0.30000001192092896,360,12,Dry,2021,2021-12,"{""type"":""MultiPoint"",""coordinates"":[]}"
VHI_M_2021-12_00000000000000000168,0.27000001072883606,361,12,Dry,2021,2021-12,"{""type"":""MultiPoint"",""coordinates"":[]}"
VHI_M_2021-12_00000000000000000169,0.1599999964237213,362,12,Dry,2021,2021-12,"{""type"":""MultiPoint"",""coordinates"":[]}"
VHI_M_2021-12_0000000000000000016a,0.2549999952316284,363,12,Dry,2021,2021-12,"{""type"":""MultiPoint"",""coordinates"":[]}"
VHI_M_2021-12_0000000000000000016b,0.1599999964237213,364,12,Dry,2021,2021-12,"{""type"":""MultiPoint"",""coordinates"":[]}"
VHI_M_2021-12_0000000000000000016c,0.2199999988079071,365,12,Dry,2021,2021-12,"{""type"":""MultiPoint"",""coordinates"":[]}"
VHI_M_2021-12_0000000000000000016d,0.20499999821186066,366,12,Dry,2021,2021-12,"{""type"":""MultiPoint"",""coordinates"":[]}"
VHI_M_2021-12_000000000000000000cb,0.33500000834465027,204,12,Dry,2021,2021-12,"{""type"":""MultiPoint"",""coordinates"":[]}"
VHI_M_2021-12_000000000000000000eb,0.3100000023841858,236,12,Dry,2021,2021-12,"{""type"":""MultiPoint"",""coordinates"":[]}"
VHI_M_2021-12_000000000000000000ec,0.27000001072883606,237,12,Dry,2021,2021-12,"{""type"":""MultiPoint"",""coordinates"":[]}"
VHI_M_2021-12_000000000000000000ed,0.23999999463558197,238,12,Dry,2021,2021-12,"{""type"":""MultiPoint"",""coordinates"":[]}"
VHI_M_2021-12_000000000000000000ee,0.28999999165534973,239,12,Dry,2021,2021-12,"{""type"":""MultiPoint"",""coordinates"":[]}"
VHI_M_2021-12_000000000000000000ef,0.2599999904632569,240,12,Dry,2021,2021-12,"{""type"":""MultiPoint"",""coordinates"":[]}"
VHI_M_2021-12_00000000000000000146,0.2750000059604644,327,12,Dry,2021,2021-12,"{""type"":""MultiPoint"",""coordinates"":[]}"
VHI_M_2021-12_00000000000000000147,0.2800000011920929,328,12,Dry,2021,2021-12,"{""type"":""MultiPoint"",""coordinates"":[]}"
VHI_M_2021-12_00000000000000000148,0.2899999916553497,329,12,Dry,2021,2021-12,"{""type"":""MultiPoint"",""coordinates"":[]}"
VHI_M_2021-12_0000000000000000015e,0.3100000023841858,351,12,Dry,2021,2021-12,"{""type"":""MultiPoint"",""coordinates"":[]}"
VHI_M_2021-12_0000000000000000015f,0.3199999928474426,352,12,Dry,2021,2021-12,"{""type"":""MultiPoint"",""coordinates"":[]}"
VHI_M_2021-12_00000000000000000160,0.25999999046325684,353,12,Dry,2021,2021-12,"{""type"":""MultiPoint"",""coordinates"":[]}"
VHI_M_2021-12_00000000000000000161,0.3050000071525574,354,12,Dry,2021,2021-12,"{""type"":""MultiPoint"",""coordinates"":[]}"
VHI_M_2021-12_00000000000000000162,0.31000000238418574,355,12,Dry,2021,2021-12,"{""type"":""MultiPoint"",""coordinates"":[]}"
VHI_M_2021-12_00000000000000000010,0.25999999046325684,17,12,Dry,2021,2021-12,"{""type"":""MultiPoint"",""coordinates"":[]}"
VHI_M_2021-12_00000000000000000121,0.36000001430511475,290,12,Dry,2021,2021-12,"{""type"":""MultiPoint"",""coordinates"":[]}"
VHI_M_2021-12_00000000000000000122,0.31999999284744257,291,12,Dry,2021,2021-12,"{""type"":""MultiPoint"",""coordinates"":[]}"
VHI_M_2021-12_00000000000000000123,0.3799999952316284,292,12,Dry,2021,2021-12,"{""type"":""MultiPoint"",""coordinates"":[]}"
VHI_M_2021-12_0000000000000000019a,0.32499998807907104,411,12,Dry,2021,2021-12,"{""type"":""MultiPoint"",""coordinates"":[]}"
VHI_M_2021-12_0000000000000000019b,0.2899999916553497,412,12,Dry,2021,2021-12,"{""type"":""MultiPoint"",""coordinates"":[]}"
VHI_M_2021-12_0000000000000000019c,0.29499998688697815,413,12,Dry,2021,2021-12,"{""type"":""MultiPoint"",""coordinates"":[]}"
VHI_M_2021-12_0000000000000000019d,0.31000000238418574,414,12,Dry,2021,2021-12,"{""type"":""MultiPoint"",""coordinates"":[]}"
VHI_M_2021-12_0000000000000000019e,0.3350000083446502,415,12,Dry,2021,2021-12,"{""type"":""MultiPoint"",""coordinates"":[]}"
VHI_M_2021-12_0000000000000000019f,0.4000000059604645,416,12,Dry,2021,2021-12,"{""type"":""MultiPoint"",""coordinates"":[]}"
VHI_M_2021-12_00000000000000000216,0.19499999284744263,535,12,Dry,2021,2021-12,"{""type"":""MultiPoint"",""coordinates"":[]}"
VHI_M_2021-12_00000000000000000217,0.33000001311302185,536,12,Dry,2021,2021-12,"{""type"":""MultiPoint"",""coordinates"":[]}"
VHI_M_2021-12_00000000000000000218,0.3050000071525574,537,12,Dry,2021,2021-12,"{""type"":""MultiPoint"",""coordinates"":[]}"
VHI_M_2021-12_00000000000000000219,0.2849999964237213,538,12,Dry,2021,2021-12,"{""type"":""MultiPoint"",""coordinates"":[]}"
VHI_M_2021-12_0000000000000000021a,0.3199999928474427,539,12,Dry,2021,2021-12,"{""type"":""MultiPoint"",""coordinates"":[]}"
VHI_M_2021-12_00000000000000000004,0.5299999713897705,5,12,Dry,2021,2021-12,"{""type"":""MultiPoint"",""coordinates"":[]}"
VHI_M_2021-12_00000000000000000028,0.4650000035762787,41,12,Dry,2021,2021-12,"{""type"":""MultiPoint"",""coordinates"":[]}"
VHI_M_2021-12_00000000000000000029,0.5649999976158143,42,12,Dry,2021,2021-12,"{""type"":""MultiPoint"",""coordinates"":[]}"
VHI_M_2021-12_0000000000000000002a,0.5450000166893004,43,12,Dry,2021,2021-12,"{""type"":""MultiPoint"",""coordinates"":[]}"
VHI_M_2021-12_0000000000000000002b,0.49000000953674316,44,12,Dry,2021,2021-12,"{""type"":""MultiPoint"",""coordinates"":[]}"
VHI_M_2021-12_000000000000000000a7,0.5,168,12,Dry,2021,2021-12,"{""type"":""MultiPoint"",""coordinates"":[]}"
VHI_M_2021-12_000000000000000000a8,0.5649999976158142,169,12,Dry,2021,2021-12,"{""type"":""MultiPoint"",""coordinates"":[]}"
VHI_M_2021-12_0000000000000000000c,0.5249999761581421,13,12,Dry,2021,2021-12,"{""type"":""MultiPoint"",""coordinates"":[]}"
VHI_M_2021-12_00000000000000000060,0.6050000190734863,97,12,Dry,2021,2021-12,"{""type"":""MultiPoint"",""coordinates"":[]}"
VHI_M_2021-12_00000000000000000061,0.5749999880790712,98,12,Dry,2021,2021-12,"{""type"":""MultiPoint"",""coordinates"":[]}"
VHI_M_2021-12_00000000000000000062,0.5099999904632568,99,12,Dry,2021,2021-12,"{""type"":""MultiPoint"",""coordinates"":[]}"
VHI_M_2021-12_00000000000000000063,0.5450000166893004,100,12,Dry,2021,2021-12,"{""type"":""MultiPoint"",""coordinates"":[]}"
VHI_M_2021-12_00000000000000000064,0.5099999904632567,101,12,Dry,2021,2021-12,"{""type"":""MultiPoint"",""coordinates"":[]}"
VHI_M_2021-12_00000000000000000011,0.4099999964237213,18,12,Dry,2021,2021-12,"{""type"":""MultiPoint"",""coordinates"":[]}"
VHI_M_2021-12_00000000000000000033,0.4050000011920929,52,12,Dry,2021,2021-12,"{""type"":""MultiPoint"",""coordinates"":[]}"
VHI_M_2021-12_00000000000000000034,0.5299999713897705,53,12,Dry,2021,2021-12,"{""type"":""MultiPoint"",""coordinates"":[]}"
VHI_M_2021-12_000000000000000001b3,0.3100000023841858,436,12,Dry,2021,2021-12,"{""type"":""MultiPoint"",""coordinates"":[]}"
VHI_M_2021-12_000000000000000001b4,0.25499999523162836,437,12,Dry,2021,2021-12,"{""type"":""MultiPoint"",""coordinates"":[]}"
VHI_M_2021-12_000000000000000001b5,0.3499999940395355,438,12,Dry,2021,2021-12,"{""type"":""MultiPoint"",""coordinates"":[]}"
VHI_M_2021-12_00000000000000000005,0.48500001430511475,6,12,Dry,2021,2021-12,"{""type"":""MultiPoint"",""coordinates"":[]}"
VHI_M_2021-12_00000000000000000082,0.4600000083446504,131,12,Dry,2021,2021-12,"{""type"":""MultiPoint"",""coordinates"":[]}"
VHI_M_2021-12_00000000000000000083,0.4650000035762787,132,12,Dry,2021,2021-12,"{""type"":""MultiPoint"",""coordinates"":[]}"
VHI_M_2021-12_00000000000000000084,0.42500001192092907,133,12,Dry,2021,2021-12,"{""type"":""MultiPoint"",""coordinates"":[]}"
VHI_M_2021-12_00000000000000000085,0.5199999809265137,134,12,Dry,2021,2021-12,"{""type"":""MultiPoint"",""coordinates"":[]}"
VHI_M_2021-12_00000000000000000086,0.4449999928474425,135,12,Dry,2021,2021-12,"{""type"":""MultiPoint"",""coordinates"":[]}"
VHI_M_2021-12_00000000000000000087,0.42500001192092896,136,12,Dry,2021,2021-12,"{""type"":""MultiPoint"",""coordinates"":[]}"
VHI_M_2021-12_0000000000000000010c,0.4850000143051148,269,12,Dry,2021,2021-12,"{""type"":""MultiPoint"",""coordinates"":[]}"
VHI_M_2021-12_0000000000000000010d,0.5299999713897705,270,12,Dry,2021,2021-12,"{""type"":""MultiPoint"",""coordinates"":[]}"
VHI_M_2021-12_0000000000000000010e,0.5450000166893005,271,12,Dry,2021,2021-12,"{""type"":""MultiPoint"",""coordinates"":[]}"
VHI_M_2021-12_0000000000000000010f,0.5199999809265137,272,12,Dry,2021,2021-12,"{""type"":""MultiPoint"",""coordinates"":[]}"
VHI_M_2021-12_00000000000000000110,0.5249999761581422,273,12,Dry,2021,2021-12,"{""type"":""MultiPoint"",""coordinates"":[]}"
VHI_M_2021-12_00000000000000000111,0.5099999904632567,274,12,Dry,2021,2021-12,"{""type"":""MultiPoint"",""coordinates"":[]}"
VHI_M_2021-12_000000000000000001d0,0.4399999976158142,465,12,Dry,2021,2021-12,"{""type"":""MultiPoint"",""coordinates"":[]}"
VHI_M_2021-12_000000000000000001d1,0.4650000035762787,466,12,Dry,2021,2021-12,"{""type"":""MultiPoint"",""coordinates"":[]}"
VHI_M_2021-12_00000000000000000009,0.4050000011920929,10,12,Dry,2021,2021-12,"{""type"":""MultiPoint"",""coordinates"":[]}"
VHI_M_2021-12_0000000000000000009e,0.4000000059604646,159,12,Dry,2021,2021-12,"{""type"":""MultiPoint"",""coordinates"":[]}"
VHI_M_2021-12_0000000000000000009f,0.4950000047683716,160,12,Dry,2021,2021-12,"{""type"":""MultiPoint"",""coordinates"":[]}"
VHI_M_2021-12_00000000000000000154,0.5450000166893004,341,12,Dry,2021,2021-12,"{""type"":""MultiPoint"",""coordinates"":[]}"
VHI_M_2021-12_00000000000000000155,0.4350000023841858,342,12,Dry,2021,2021-12,"{""type"":""MultiPoint"",""coordinates"":[]}"
VHI_M_2021-12_00000000000000000156,0.449999988079071,343,12,Dry,2021,2021-12,"{""type"":""MultiPoint"",""coordinates"":[]}"
VHI_M_2021-12_00000000000000000157,0.5,344,12,Dry,2021,2021-12,"{""type"":""MultiPoint"",""coordinates"":[]}"
VHI_M_2021-12_00000000000000000178,0.5199999809265137,377,12,Dry,2021,2021-12,"{""type"":""MultiPoint"",""coordinates"":[]}"
VHI_M_2021-12_00000000000000000179,0.449999988079071,378,12,Dry,2021,2021-12,"{""type"":""MultiPoint"",""coordinates"":[]}"
VHI_M_2021-12_0000000000000000017a,0.4449999928474426,379,12,Dry,2021,2021-12,"{""type"":""MultiPoint"",""coordinates"":[]}"
VHI_M_2021-12_0000000000000000017b,0.5299999713897705,380,12,Dry,2021,2021-12,"{""type"":""MultiPoint"",""coordinates"":[]}"
VHI_M_2021-12_0000000000000000000f,0.4950000047683716,16,12,Dry,2021,2021-12,"{""type"":""MultiPoint"",""coordinates"":[]}"
VHI_M_2021-12_00000000000000000040,0.5099999904632568,65,12,Dry,2021,2021-12,"{""type"":""MultiPoint"",""coordinates"":[]}"
VHI_M_2021-12_00000000000000000041,0.5849999785423277,66,12,Dry,2021,2021-12,"{""type"":""MultiPoint"",""coordinates"":[]}"
VHI_M_2021-12_00000000000000000042,0.5350000262260437,67,12,Dry,2021,2021-12,"{""type"":""MultiPoint"",""coordinates"":[]}"
VHI_M_2021-12_00000000000000000043,0.44999998807907104,68,12,Dry,2021,2021-12,"{""type"":""MultiPoint"",""coordinates"":[]}"
VHI_M_2021-12_00000000000000000192,0.4449999928474426,403,12,Dry,2021,2021-12,"{""type"":""MultiPoint"",""coordinates"":[]}"
VHI_M_2021-12_00000000000000000193,0.5049999952316283,404,12,Dry,2021,2021-12,"{""type"":""MultiPoint"",""coordinates"":[]}"
VHI_M_2021-12_00000000000000000194,0.5649999976158142,405,12,Dry,2021,2021-12,"{""type"":""MultiPoint"",""coordinates"":[]}"
VHI_M_2021-12_000000000000000001d2,0.5500000119209288,467,12,Dry,2021,2021-12,"{""type"":""MultiPoint"",""coordinates"":[]}"
VHI_M_2021-12_000000000000000001d3,0.5299999713897706,468,12,Dry,2021,2021-12,"{""type"":""MultiPoint"",""coordinates"":[]}"
VHI_M_2021-12_000000000000000001d4,0.4250000119209289,469,12,Dry,2021,2021-12,"{""type"":""MultiPoint"",""coordinates"":[]}"
VHI_M_2021-12_000000000000000001d5,0.540000021457672,470,12,Dry,2021,2021-12,"{""type"":""MultiPoint"",""coordinates"":[]}"
VHI_M_2021-12_000000000000000001d6,0.40500000119209284,471,12,Dry,2021,2021-12,"{""type"":""MultiPoint"",""coordinates"":[]}"
VHI_M_2021-12_000000000000000001d7,0.46999999880790705,472,12,Dry,2021,2021-12,"{""type"":""MultiPoint"",""coordinates"":[]}"
VHI_M_2021-12_00000000000000000069,0.36500000953674316,106,12,Dry,2021,2021-12,"{""type"":""MultiPoint"",""coordinates"":[]}"
VHI_M_2021-12_0000000000000000006a,0.42500001192092896,107,12,Dry,2021,2021-12,"{""type"":""MultiPoint"",""coordinates"":[]}"
VHI_M_2021-12_0000000000000000006b,0.23499999940395358,108,12,Dry,2021,2021-12,"{""type"":""MultiPoint"",""coordinates"":[]}"
VHI_M_2021-12_0000000000000000006c,0.3799999952316285,109,12,Dry,2021,2021-12,"{""type"":""MultiPoint"",""coordinates"":[]}"
VHI_M_2021-12_0000000000000000006d,0.3700000047683716,110,12,Dry,2021,2021-12,"{""type"":""MultiPoint"",""coordinates"":[]}"
VHI_M_2021-12_0000000000000000006e,0.36000001430511475,111,12,Dry,2021,2021-12,"{""type"":""MultiPoint"",""coordinates"":[]}"
VHI_M_2021-12_0000000000000000006f,0.4000000059604645,112,12,Dry,2021,2021-12,"{""type"":""MultiPoint"",""coordinates"":[]}"
VHI_M_2021-12_000000000000000000d6,0.41499999165534973,215,12,Dry,2021,2021-12,"{""type"":""MultiPoint"",""coordinates"":[]}"
VHI_M_2021-12_0000000000000000013b,0.4950000047683716,316,12,Dry,2021,2021-12,"{""type"":""MultiPoint"",""coordinates"":[]}"
VHI_M_2021-12_0000000000000000013c,0.44999998807907116,317,12,Dry,2021,2021-12,"{""type"":""MultiPoint"",""coordinates"":[]}"
VHI_M_2021-12_0000000000000000013d,0.3499999940395355,318,12,Dry,2021,2021-12,"{""type"":""MultiPoint"",""coordinates"":[]}"
VHI_M_2021-12_0000000000000000013e,0.37000000476837164,319,12,Dry,2021,2021-12,"{""type"":""MultiPoint"",""coordinates"":[]}"
VHI_M_2021-12_0000000000000000013f,0.35499998927116394,320,12,Dry,2021,2021-12,"{""type"":""MultiPoint"",""coordinates"":[]}"
VHI_M_2021-12_00000000000000000140,0.40000000596046453,321,12,Dry,2021,2021-12,"{""type"":""MultiPoint"",""coordinates"":[]}"
VHI_M_2021-12_000000000000000001bc,0.25,445,12,Dry,2021,2021-12,"{""type"":""MultiPoint"",""coordinates"":[]}"
VHI_M_2021-12_000000000000000001bd,0.2750000059604645,446,12,Dry,2021,2021-12,"{""type"":""MultiPoint"",""coordinates"":[]}"
VHI_M_2021-12_000000000000000001be,0.3549999892711639,447,12,Dry,2021,2021-12,"{""type"":""MultiPoint"",""coordinates"":[]}"
VHI_M_2021-12_000000000000000001bf,0.21500000357627874,448,12,Dry,2021,2021-12,"{""type"":""MultiPoint"",""coordinates"":[]}"
VHI_M_2021-12_000000000000000001c0,0.27000001072883606,449,12,Dry,2021,2021-12,"{""type"":""MultiPoint"",""coordinates"":[]}"
VHI_M_2021-12_00000000000000000006,0.4699999988079071,7,12,Dry,2021,2021-12,"{""type"":""MultiPoint"",""coordinates"":[]}"
VHI_M_2021-12_0000000000000000002c,0.41999998688697815,45,12,Dry,2021,2021-12,"{""type"":""MultiPoint"",""coordinates"":[]}"
VHI_M_2021-12_0000000000000000002d,0.29499998688697815,46,12,Dry,2021,2021-12,"{""type"":""MultiPoint"",""coordinates"":[]}"
VHI_M_2021-12_0000000000000000002e,0.4499999880790711,47,12,Dry,2021,2021-12,"{""type"":""MultiPoint"",""coordinates"":[]}"
VHI_M_2021-12_0000000000000000002f,0.35499998927116394,48,12,Dry,2021,2021-12,"{""type"":""MultiPoint"",""coordinates"":[]}"
VHI_M_2021-12_0000000000000000009b,0.4350000023841857,156,12,Dry,2021,2021-12,"{""type"":""MultiPoint"",""coordinates"":[]}"
VHI_M_2021-12_0000000000000000009c,0.375,157,12,Dry,2021,2021-12,"{""type"":""MultiPoint"",""coordinates"":[]}"
VHI_M_2021-12_0000000000000000009d,0.42500001192092896,158,12,Dry,2021,2021-12,"{""type"":""MultiPoint"",""coordinates"":[]}"
VHI_M_2021-12_000000000000000001b6,0.38999998569488525,439,12,Dry,2021,2021-12,"{""type"":""MultiPoint"",""coordinates"":[]}"
VHI_M_2021-12_000000000000000001b7,0.44999998807907104,440,12,Dry,2021,2021-12,"{""type"":""MultiPoint"",""coordinates"":[]}"
VHI_M_2021-12_000000000000000001b8,0.40500000119209284,441,12,Dry,2021,2021-12,"{""type"":""MultiPoint"",""coordinates"":[]}"
VHI_M_2021-12_000000000000000001b9,0.40000000596046453,442,12,Dry,2021,2021-12,"{""type"":""MultiPoint"",""coordinates"":[]}"
VHI_M_2021-12_000000000000000001ba,0.40500000119209284,443,12,Dry,2021,2021-12,"{""type"":""MultiPoint"",""coordinates"":[]}"
VHI_M_2021-12_000000000000000001bb,0.4050000011920929,444,12,Dry,2021,2021-12,"{""type"":""MultiPoint"",""coordinates"":[]}"
VHI_M_2021-12_00000000000000000221,0.41499999165534973,546,12,Dry,2021,2021-12,"{""type"":""MultiPoint"",""coordinates"":[]}"
VHI_M_2021-12_00000000000000000222,0.3700000047683716,547,12,Dry,2021,2021-12,"{""type"":""MultiPoint"",""coordinates"":[]}"
VHI_M_2021-12_00000000000000000223,0.45500001311302185,548,12,Dry,2021,2021-12,"{""type"":""MultiPoint"",""coordinates"":[]}"
VHI_M_2021-12_00000000000000000224,0.4300000071525574,549,12,Dry,2021,2021-12,"{""type"":""MultiPoint"",""coordinates"":[]}"
VHI_M_2021-12_00000000000000000225,0.4000000059604645,550,12,Dry,2021,2021-12,"{""type"":""MultiPoint"",""coordinates"":[]}"
VHI_M_2021-12_00000000000000000053,0.23499999940395355,84,12,Dry,2021,2021-12,"{""type"":""MultiPoint"",""coordinates"":[]}"
VHI_M_2021-12_00000000000000000054,0.28499999642372126,85,12,Dry,2021,2021-12,"{""type"":""MultiPoint"",""coordinates"":[]}"
VHI_M_2021-12_00000000000000000055,0.2750000059604645,86,12,Dry,2021,2021-12,"{""type"":""MultiPoint"",""coordinates"":[]}"
VHI_M_2021-12_00000000000000000056,0.31000000238418574,87,12,Dry,2021,2021-12,"{""type"":""MultiPoint"",""coordinates"":[]}"
VHI_M_2021-12_00000000000000000057,0.20999999344348907,88,12,Dry,2021,2021-12,"{""type"":""MultiPoint"",""coordinates"":[]}"
VHI_M_2021-12_000000000000000000de,0.3549999892711639,223,12,Dry,2021,2021-12,"{""type"":""MultiPoint"",""coordinates"":[]}"
VHI_M_2021-12_000000000000000000df,0.3766622286744559,224,12,Dry,2021,2021-12,"{""type"":""MultiPoint"",""coordinates"":[]}"
VHI_M_2021-12_000000000000000000e0,0.3600000143051147,225,12,Dry,2021,2021-12,"{""type"":""MultiPoint"",""coordinates"":[]}"
VHI_M_2021-12_000000000000000000e1,0.41999998688697815,226,12,Dry,2021,2021-12,"{""type"":""MultiPoint"",""coordinates"":[]}"
VHI_M_2021-12_000000000000000000ff,0.33000001311302185,256,12,Dry,2021,2021-12,"{""type"":""MultiPoint"",""coordinates"":[]}"
VHI_M_2021-12_0000000000000000011c,0.3600000143051147,285,12,Dry,2021,2021-12,"{""type"":""MultiPoint"",""coordinates"":[]}"
VHI_M_2021-12_0000000000000000011d,0.30000001192092896,286,12,Dry,2021,2021-12,"{""type"":""MultiPoint"",""coordinates"":[]}"
VHI_M_2021-12_0000000000000000011e,0.4050000011920929,287,12,Dry,2021,2021-12,"{""type"":""MultiPoint"",""coordinates"":[]}"
VHI_M_2021-12_0000000000000000011f,0.3700000047683716,288,12,Dry,2021,2021-12,"{""type"":""MultiPoint"",""coordinates"":[]}"
VHI_M_2021-12_000000000000000001c4,0.42500001192092896,453,12,Dry,2021,2021-12,"{""type"":""MultiPoint"",""coordinates"":[]}"
VHI_M_2021-12_000000000000000001c5,0.449999988079071,454,12,Dry,2021,2021-12,"{""type"":""MultiPoint"",""coordinates"":[]}"
VHI_M_2021-12_000000000000000001c6,0.3449999988079071,455,12,Dry,2021,2021-12,"{""type"":""MultiPoint"",""coordinates"":[]}"
VHI_M_2021-12_00000000000000000003,0.4650000035762787,4,12,Dry,2021,2021-12,"{""type"":""MultiPoint"",""coordinates"":[]}"
VHI_M_2021-12_0000000000000000001b,0.3499999940395355,28,12,Dry,2021,2021-12,"{""type"":""MultiPoint"",""coordinates"":[]}"
VHI_M_2021-12_00000000000000000186,0.42500001192092896,391,12,Dry,2021,2021-12,"{""type"":""MultiPoint"",""coordinates"":[]}"
VHI_M_2021-12_00000000000000000187,0.4050000011920929,392,12,Dry,2021,2021-12,"{""type"":""MultiPoint"",""coordinates"":[]}"
VHI_M_2021-12_00000000000000000188,0.46500000357627863,393,12,Dry,2021,2021-12,"{""type"":""MultiPoint"",""coordinates"":[]}"
VHI_M_2021-12_00000000000000000189,0.4399999976158142,394,12,Dry,2021,2021-12,"{""type"":""MultiPoint"",""coordinates"":[]}"
VHI_M_2021-12_0000000000000000018a,0.4350000023841858,395,12,Dry,2021,2021-12,"{""type"":""MultiPoint"",""coordinates"":[]}"
VHI_M_2021-12_0000000000000000018f,0.2750000059604645,400,12,Dry,2021,2021-12,"{""type"":""MultiPoint"",""coordinates"":[]}"
VHI_M_2021-12_00000000000000000190,0.41499999165534973,401,12,Dry,2021,2021-12,"{""type"":""MultiPoint"",""coordinates"":[]}"
VHI_M_2021-12_0000000000000000021e,0.46000000834465027,543,12,Dry,2021,2021-12,"{""type"":""MultiPoint"",""coordinates"":[]}"
VHI_M_2021-12_0000000000000000021f,0.40000000596046437,544,12,Dry,2021,2021-12,"{""type"":""MultiPoint"",""coordinates"":[]}"
VHI_M_2021-12_00000000000000000220,0.3549999892711639,545,12,Dry,2021,2021-12,"{""type"":""MultiPoint"",""coordinates"":[]}"
VHI_M_2021-12_00000000000000000007,0.42500001192092896,8,12,Dry,2021,2021-12,"{""type"":""MultiPoint"",""coordinates"":[]}"
VHI_M_2021-12_0000000000000000000b,0.4950000047683716,12,12,Dry,2021,2021-12,"{""type"":""MultiPoint"",""coordinates"":[]}"
VHI_M_2021-12_00000000000000000012,0.4050000011920928,19,12,Dry,2021,2021-12,"{""type"":""MultiPoint"",""coordinates"":[]}"
VHI_M_2021-12_00000000000000000013,0.4000000059604644,20,12,Dry,2021,2021-12,"{""type"":""MultiPoint"",""coordinates"":[]}"
VHI_M_2021-12_00000000000000000014,0.33000001311302185,21,12,Dry,2021,2021-12,"{""type"":""MultiPoint"",""coordinates"":[]}"
VHI_M_2021-12_00000000000000000015,0.3849999904632568,22,12,Dry,2021,2021-12,"{""type"":""MultiPoint"",""coordinates"":[]}"
VHI_M_2021-12_00000000000000000016,0.32499998807907104,23,12,Dry,2021,2021-12,"{""type"":""MultiPoint"",""coordinates"":[]}"
VHI_M_2021-12_00000000000000000183,0.41499999165534984,388,12,Dry,2021,2021-12,"{""type"":""MultiPoint"",""coordinates"":[]}"
VHI_M_2021-12_00000000000000000184,0.40999999642372126,389,12,Dry,2021,2021-12,"{""type"":""MultiPoint"",""coordinates"":[]}"
VHI_M_2021-12_00000000000000000185,0.375,390,12,Dry,2021,2021-12,"{""type"":""MultiPoint"",""coordinates"":[]}"
VHI_M_2021-12_00000000000000000212,0.20000000298023224,531,12,Dry,2021,2021-12,"{""type"":""MultiPoint"",""coordinates"":[]}"
VHI_M_2021-12_00000000000000000213,0.4300000071525574,532,12,Dry,2021,2021-12,"{""type"":""MultiPoint"",""coordinates"":[]}"
VHI_M_2021-12_00000000000000000214,0.3799999952316284,533,12,Dry,2021,2021-12,"{""type"":""MultiPoint"",""coordinates"":[]}"
VHI_M_2021-12_00000000000000000215,0.3700000047683716,534,12,Dry,2021,2021-12,"{""type"":""MultiPoint"",""coordinates"":[]}"
VHI_M_2021-12_0000000000000000005a,0.4449999928474426,91,12,Dry,2021,2021-12,"{""type"":""MultiPoint"",""coordinates"":[]}"
VHI_M_2021-12_00000000000000000118,0.615000009536743,281,12,Dry,2021,2021-12,"{""type"":""MultiPoint"",""coordinates"":[]}"
VHI_M_2021-12_00000000000000000119,0.3899999856948853,282,12,Dry,2021,2021-12,"{""type"":""MultiPoint"",""coordinates"":[]}"
VHI_M_2021-12_0000000000000000011a,0.3866469278173525,283,12,Dry,2021,2021-12,"{""type"":""MultiPoint"",""coordinates"":[]}"
VHI_M_2021-12_0000000000000000011b,0.5699999928474426,284,12,Dry,2021,2021-12,"{""type"":""MultiPoint"",""coordinates"":[]}"
VHI_M_2021-12_00000000000000000141,0.375,322,12,Dry,2021,2021-12,"{""type"":""MultiPoint"",""coordinates"":[]}"
VHI_M_2021-12_00000000000000000142,0.5699999928474426,323,12,Dry,2021,2021-12,"{""type"":""MultiPoint"",""coordinates"":[]}"
VHI_M_2021-12_00000000000000000143,0.4650000035762787,324,12,Dry,2021,2021-12,"{""type"":""MultiPoint"",""coordinates"":[]}"
VHI_M_2021-12_00000000000000000144,0.4650000035762787,325,12,Dry,2021,2021-12,"{""type"":""MultiPoint"",""coordinates"":[]}"
VHI_M_2021-12_00000000000000000145,0.4030093707720067,326,12,Dry,2021,2021-12,"{""type"":""MultiPoint"",""coordinates"":[]}"
VHI_M_2021-12_000000000000000001af,0.25,432,12,Dry,2021,2021-12,"{""type"":""MultiPoint"",""coordinates"":[]}"
VHI_M_2021-12_0000000000000000004b,0.4699999988079071,76,12,Dry,2021,2021-12,"{""type"":""MultiPoint"",""coordinates"":[]}"
VHI_M_2021-12_0000000000000000004c,0.46000000834465027,77,12,Dry,2021,2021-12,"{""type"":""MultiPoint"",""coordinates"":[]}"
VHI_M_2021-12_0000000000000000004d,0.4099999964237213,78,12,Dry,2021,2021-12,"{""type"":""MultiPoint"",""coordinates"":[]}"
VHI_M_2021-12_0000000000000000004e,0.3849999904632568,79,12,Dry,2021,2021-12,"{""type"":""MultiPoint"",""coordinates"":[]}"
VHI_M_2021-12_0000000000000000004f,0.4199999868869783,80,12,Dry,2021,2021-12,"{""type"":""MultiPoint"",""coordinates"":[]}"
VHI_M_2021-12_00000000000000000050,0.36000001430511475,81,12,Dry,2021,2021-12,"{""type"":""MultiPoint"",""coordinates"":[]}"
VHI_M_2021-12_00000000000000000051,0.38999998569488525,82,12,Dry,2021,2021-12,"{""type"":""MultiPoint"",""coordinates"":[]}"
VHI_M_2021-12_00000000000000000052,0.3700000047683716,83,12,Dry,2021,2021-12,"{""type"":""MultiPoint"",""coordinates"":[]}"
VHI_M_2021-12_000000000000000000aa,0.3199999928474426,171,12,Dry,2021,2021-12,"{""type"":""MultiPoint"",""coordinates"":[]}"
VHI_M_2021-12_000000000000000000ab,0.44499999284744257,172,12,Dry,2021,2021-12,"{""type"":""MultiPoint"",""coordinates"":[]}"
VHI_M_2021-12_000000000000000000ac,0.4350000023841857,173,12,Dry,2021,2021-12,"{""type"":""MultiPoint"",""coordinates"":[]}"
VHI_M_2021-12_000000000000000000ad,0.44999998807907127,174,12,Dry,2021,2021-12,"{""type"":""MultiPoint"",""coordinates"":[]}"
VHI_M_2021-12_000000000000000000ae,0.4699999988079071,175,12,Dry,2021,2021-12,"{""type"":""MultiPoint"",""coordinates"":[]}"
VHI_M_2021-12_000000000000000000af,0.29499998688697815,176,12,Dry,2021,2021-12,"{""type"":""MultiPoint"",""coordinates"":[]}"
VHI_M_2021-12_000000000000000000b0,0.5950000286102295,177,12,Dry,2021,2021-12,"{""type"":""MultiPoint"",""coordinates"":[]}"
VHI_M_2021-12_000000000000000001c7,0.3799999952316284,456,12,Dry,2021,2021-12,"{""type"":""MultiPoint"",""coordinates"":[]}"
VHI_M_2021-12_000000000000000001c8,0.3950000107288361,457,12,Dry,2021,2021-12,"{""type"":""MultiPoint"",""coordinates"":[]}"
VHI_M_2021-12_000000000000000001c9,0.3950000107288361,458,12,Dry,2021,2021-12,"{""type"":""MultiPoint"",""coordinates"":[]}"
VHI_M_2021-12_000000000000000001ca,0.45500001311302185,459,12,Dry,2021,2021-12,"{""type"":""MultiPoint"",""coordinates"":[]}"
VHI_M_2021-12_0000000000000000020a,0.47999998927116394,523,12,Dry,2021,2021-12,"{""type"":""MultiPoint"",""coordinates"":[]}"
VHI_M_2021-12_0000000000000000020b,0.4449999928474426,524,12,Dry,2021,2021-12,"{""type"":""MultiPoint"",""coordinates"":[]}"
VHI_M_2021-12_0000000000000000020c,0.4900000095367433,525,12,Dry,2021,2021-12,"{""type"":""MultiPoint"",""coordinates"":[]}"
VHI_M_2021-12_000000000000000001ab,0.4449999928474426,428,12,Dry,2021,2021-12,"{""type"":""MultiPoint"",""coordinates"":[]}"
VHI_M_2021-12_000000000000000001ac,0.38499999046325684,429,12,Dry,2021,2021-12,"{""type"":""MultiPoint"",""coordinates"":[]}"
VHI_M_2021-12_000000000000000001ad,0.49000000953674316,430,12,Dry,2021,2021-12,"{""type"":""MultiPoint"",""coordinates"":[]}"
VHI_M_2021-12_000000000000000001ae,0.45500001311302185,431,12,Dry,2021,2021-12,"{""type"":""MultiPoint"",""coordinates"":[]}"
VHI_M_2021-12_000000000000000001c3,0.46000000834465027,452,12,Dry,2021,2021-12,"{""type"":""MultiPoint"",""coordinates"":[]}"
VHI_M_2021-12_00000000000000000037,0.4199999868869782,56,12,Dry,2021,2021-12,"{""type"":""MultiPoint"",""coordinates"":[]}"
VHI_M_2021-12_00000000000000000038,0.4250000119209289,57,12,Dry,2021,2021-12,"{""type"":""MultiPoint"",""coordinates"":[]}"
VHI_M_2021-12_00000000000000000039,0.36000001430511475,58,12,Dry,2021,2021-12,"{""type"":""MultiPoint"",""coordinates"":[]}"
VHI_M_2021-12_0000000000000000003a,0.4149999916553497,59,12,Dry,2021,2021-12,"{""type"":""MultiPoint"",""coordinates"":[]}"
VHI_M_2021-12_0000000000000000003b,0.41499999165534973,60,12,Dry,2021,2021-12,"{""type"":""MultiPoint"",""coordinates"":[]}"
VHI_M_2021-12_0000000000000000003c,0.5600000023841857,61,12,Dry,2021,2021-12,"{""type"":""MultiPoint"",""coordinates"":[]}"
VHI_M_2021-12_0000000000000000003d,0.5550000071525574,62,12,Dry,2021,2021-12,"{""type"":""MultiPoint"",""coordinates"":[]}"
VHI_M_2021-12_0000000000000000003e,0.5,63,12,Dry,2021,2021-12,"{""type"":""MultiPoint"",""coordinates"":[]}"
VHI_M_2021-12_0000000000000000003f,0.4699999988079071,64,12,Dry,2021,2021-12,"{""type"":""MultiPoint"",""coordinates"":[]}"
VHI_M_2021-12_00000000000000000044,0.4699999988079071,69,12,Dry,2021,2021-12,"{""type"":""MultiPoint"",""coordinates"":[]}"
VHI_M_2021-12_00000000000000000076,0.5249999761581421,119,12,Dry,2021,2021-12,"{""type"":""MultiPoint"",""coordinates"":[]}"
VHI_M_2021-12_00000000000000000077,0.5,120,12,Dry,2021,2021-12,"{""type"":""MultiPoint"",""coordinates"":[]}"
VHI_M_2021-12_00000000000000000078,0.4699999988079071,121,12,Dry,2021,2021-12,"{""type"":""MultiPoint"",""coordinates"":[]}"
VHI_M_2021-12_00000000000000000079,0.5199999809265137,122,12,Dry,2021,2021-12,"{""type"":""MultiPoint"",""coordinates"":[]}"
VHI_M_2021-12_0000000000000000008b,0.29499998688697815,140,12,Dry,2021,2021-12,"{""type"":""MultiPoint"",""coordinates"":[]}"
VHI_M_2021-12_0000000000000000008c,0.47999998927116394,141,12,Dry,2021,2021-12,"{""type"":""MultiPoint"",""coordinates"":[]}"
VHI_M_2021-12_0000000000000000008d,0.5149999856948851,142,12,Dry,2021,2021-12,"{""type"":""MultiPoint"",""coordinates"":[]}"
VHI_M_2021-12_0000000000000000008e,0.6100000143051147,143,12,Dry,2021,2021-12,"{""type"":""MultiPoint"",""coordinates"":[]}"
VHI_M_2021-12_0000000000000000008f,0.5849999785423279,144,12,Dry,2021,2021-12,"{""type"":""MultiPoint"",""coordinates"":[]}"
VHI_M_2021-12_00000000000000000090,0.5099999904632568,145,12,Dry,2021,2021-12,"{""type"":""MultiPoint"",""coordinates"":[]}"
VHI_M_2021-12_00000000000000000091,0.5649999976158141,146,12,Dry,2021,2021-12,"{""type"":""MultiPoint"",""coordinates"":[]}"
VHI_M_2021-12_000000000000000000b5,0.5550000071525574,182,12,Dry,2021,2021-12,"{""type"":""MultiPoint"",""coordinates"":[]}"
VHI_M_2021-12_000000000000000000cc,0.5,205,12,Dry,2021,2021-12,"{""type"":""MultiPoint"",""coordinates"":[]}"
VHI_M_2021-12_000000000000000000cd,0.46000000834465027,206,12,Dry,2021,2021-12,"{""type"":""MultiPoint"",""coordinates"":[]}"
VHI_M_2021-12_000000000000000001dd,0.5099999904632568,478,12,Dry,2021,2021-12,"{""type"":""MultiPoint"",""coordinates"":[]}"
VHI_M_2021-12_000000000000000001de,0.5600000023841858,479,12,Dry,2021,2021-12,"{""type"":""MultiPoint"",""coordinates"":[]}"
VHI_M_2021-12_000000000000000001df,0.4550000131130219,480,12,Dry,2021,2021-12,"{""type"":""MultiPoint"",""coordinates"":[]}"
VHI_M_2021-12_000000000000000001e0,0.6050000190734863,481,12,Dry,2021,2021-12,"{""type"":""MultiPoint"",""coordinates"":[]}"
VHI_M_2021-12_000000000000000001e1,0.5699999928474426,482,12,Dry,2021,2021-12,"{""type"":""MultiPoint"",""coordinates"":[]}"
VHI_M_2021-12_0000000000000000007a,0.47999998927116394,123,12,Dry,2021,2021-12,"{""type"":""MultiPoint"",""coordinates"":[]}"
VHI_M_2021-12_0000000000000000007b,0.4300000071525574,124,12,Dry,2021,2021-12,"{""type"":""MultiPoint"",""coordinates"":[]}"
VHI_M_2021-12_0000000000000000007c,0.5199999809265137,125,12,Dry,2021,2021-12,"{""type"":""MultiPoint"",""coordinates"":[]}"
VHI_M_2021-12_0000000000000000007d,0.550000011920929,126,12,Dry,2021,2021-12,"{""type"":""MultiPoint"",""coordinates"":[]}"
VHI_M_2021-12_0000000000000000007e,0.5350000262260437,127,12,Dry,2021,2021-12,"{""type"":""MultiPoint"",""coordinates"":[]}"
VHI_M_2021-12_0000000000000000007f,0.5450000166893006,128,12,Dry,2021,2021-12,"{""type"":""MultiPoint"",""coordinates"":[]}"
VHI_M_2021-12_00000000000000000080,0.5049999952316284,129,12,Dry,2021,2021-12,"{""type"":""MultiPoint"",""coordinates"":[]}"
VHI_M_2021-12_00000000000000000088,0.5350000262260437,137,12,Dry,2021,2021-12,"{""type"":""MultiPoint"",""coordinates"":[]}"
VHI_M_2021-12_00000000000000000089,0.5799999833106995,138,12,Dry,2021,2021-12,"{""type"":""MultiPoint"",""coordinates"":[]}"
VHI_M_2021-12_0000000000000000008a,0.5600000023841858,139,12,Dry,2021,2021-12,"{""type"":""MultiPoint"",""coordinates"":[]}"
VHI_M_2021-12_00000000000000000099,0.5199999809265136,154,12,Dry,2021,2021-12,"{""type"":""MultiPoint"",""coordinates"":[]}"
VHI_M_2021-12_0000000000000000009a,0.5149999856948853,155,12,Dry,2021,2021-12,"{""type"":""MultiPoint"",""coordinates"":[]}"
VHI_M_2021-12_00000000000000000112,0.7200000286102295,275,12,Dry,2021,2021-12,"{""type"":""MultiPoint"",""coordinates"":[]}"
VHI_M_2021-12_000000000000000001d8,0.46000000834465027,473,12,Dry,2021,2021-12,"{""type"":""MultiPoint"",""coordinates"":[]}"
VHI_M_2021-12_00000000000000000001,0.5049999952316284,2,12,Dry,2021,2021-12,"{""type"":""MultiPoint"",""coordinates"":[]}"
VHI_M_2021-12_00000000000000000030,0.34999999403953547,49,12,Dry,2021,2021-12,"{""type"":""MultiPoint"",""coordinates"":[]}"
VHI_M_2021-12_00000000000000000031,0.2800000011920929,50,12,Dry,2021,2021-12,"{""type"":""MultiPoint"",""coordinates"":[]}"
VHI_M_2021-12_00000000000000000032,0.3350000083446503,51,12,Dry,2021,2021-12,"{""type"":""MultiPoint"",""coordinates"":[]}"
VHI_M_2021-12_000000000000000000d7,0.3249999880790711,216,12,Dry,2021,2021-12,"{""type"":""MultiPoint"",""coordinates"":[]}"
VHI_M_2021-12_000000000000000000d8,0.33000001311302185,217,12,Dry,2021,2021-12,"{""type"":""MultiPoint"",""coordinates"":[]}"
VHI_M_2021-12_000000000000000000d9,0.28999999165534973,218,12,Dry,2021,2021-12,"{""type"":""MultiPoint"",""coordinates"":[]}"
VHI_M_2021-12_000000000000000000da,0.3799999952316285,219,12,Dry,2021,2021-12,"{""type"":""MultiPoint"",""coordinates"":[]}"
VHI_M_2021-12_00000000000000000132,0.37499999999999994,307,12,Dry,2021,2021-12,"{""type"":""MultiPoint"",""coordinates"":[]}"
VHI_M_2021-12_00000000000000000133,0.375,308,12,Dry,2021,2021-12,"{""type"":""MultiPoint"",""coordinates"":[]}"
VHI_M_2021-12_00000000000000000134,0.43500000238418585,309,12,Dry,2021,2021-12,"{""type"":""MultiPoint"",""coordinates"":[]}"
VHI_M_2021-12_00000000000000000135,0.5049999952316284,310,12,Dry,2021,2021-12,"{""type"":""MultiPoint"",""coordinates"":[]}"
VHI_M_2021-12_0000000000000000001f,0.33000001311302185,32,12,Dry,2021,2021-12,"{""type"":""MultiPoint"",""coordinates"":[]}"
VHI_M_2021-12_00000000000000000020,0.3600000143051147,33,12,Dry,2021,2021-12,"{""type"":""MultiPoint"",""coordinates"":[]}"
VHI_M_2021-12_00000000000000000021,0.2949999868869782,34,12,Dry,2021,2021-12,"{""type"":""MultiPoint"",""coordinates"":[]}"
VHI_M_2021-12_00000000000000000045,0.28000000119209284,70,12,Dry,2021,2021-12,"{""type"":""MultiPoint"",""coordinates"":[]}"
VHI_M_2021-12_00000000000000000046,0.2750000059604645,71,12,Dry,2021,2021-12,"{""type"":""MultiPoint"",""coordinates"":[]}"
VHI_M_2021-12_00000000000000000047,0.2899999916553498,72,12,Dry,2021,2021-12,"{""type"":""MultiPoint"",""coordinates"":[]}"
VHI_M_2021-12_00000000000000000048,0.3499999940395355,73,12,Dry,2021,2021-12,"{""type"":""MultiPoint"",""coordinates"":[]}"
VHI_M_2021-12_00000000000000000072,0.3400000035762787,115,12,Dry,2021,2021-12,"{""type"":""MultiPoint"",""coordinates"":[]}"
VHI_M_2021-12_00000000000000000073,0.3549999892711639,116,12,Dry,2021,2021-12,"{""type"":""MultiPoint"",""coordinates"":[]}"
VHI_M_2021-12_00000000000000000074,0.37499999999999994,117,12,Dry,2021,2021-12,"{""type"":""MultiPoint"",""coordinates"":[]}"
VHI_M_2021-12_00000000000000000075,0.39500001072883606,118,12,Dry,2021,2021-12,"{""type"":""MultiPoint"",""coordinates"":[]}"
VHI_M_2021-12_000000000000000000b4,0.36500000953674316,181,12,Dry,2021,2021-12,"{""type"":""MultiPoint"",""coordinates"":[]}"
VHI_M_2021-12_000000000000000000e8,0.36500000953674316,233,12,Dry,2021,2021-12,"{""type"":""MultiPoint"",""coordinates"":[]}"
VHI_M_2021-12_000000000000000000e9,0.28000000119209295,234,12,Dry,2021,2021-12,"{""type"":""MultiPoint"",""coordinates"":[]}"
VHI_M_2021-12_000000000000000000ea,0.28999999165534973,235,12,Dry,2021,2021-12,"{""type"":""MultiPoint"",""coordinates"":[]}"
VHI_M_2021-12_00000000000000000022,0.41999998688697815,35,12,Dry,2021,2021-12,"{""type"":""MultiPoint"",""coordinates"":[]}"
VHI_M_2021-12_00000000000000000023,0.38499999046325684,36,12,Dry,2021,2021-12,"{""type"":""MultiPoint"",""coordinates"":[]}"
VHI_M_2021-12_00000000000000000024,0.36500000953674316,37,12,Dry,2021,2021-12,"{""type"":""MultiPoint"",""coordinates"":[]}"
VHI_M_2021-12_00000000000000000025,0.36500000953674305,38,12,Dry,2021,2021-12,"{""type"":""MultiPoint"",""coordinates"":[]}"
VHI_M_2021-12_000000000000000000f0,0.42500001192092896,241,12,Dry,2021,2021-12,"{""type"":""MultiPoint"",""coordinates"":[]}"
VHI_M_2021-12_000000000000000000f4,0.25499999523162836,245,12,Dry,2021,2021-12,"{""type"":""MultiPoint"",""coordinates"":[]}"
VHI_M_2021-12_000000000000000000f5,0.33500000834465027,246,12,Dry,2021,2021-12,"{""type"":""MultiPoint"",""coordinates"":[]}"
VHI_M_2021-12_000000000000000000f6,0.33000001311302185,247,12,Dry,2021,2021-12,"{""type"":""MultiPoint"",""coordinates"":[]}"
VHI_M_2021-12_000000000000000000f7,0.4399999976158142,248,12,Dry,2021,2021-12,"{""type"":""MultiPoint"",""coordinates"":[]}"
VHI_M_2021-12_000000000000000000f8,0.34499999880790705,249,12,Dry,2021,2021-12,"{""type"":""MultiPoint"",""coordinates"":[]}"
VHI_M_2021-12_00000000000000000000,0.3799999952316284,1,12,Dry,2021,2021-12,"{""type"":""MultiPoint"",""coordinates"":[]}"
VHI_M_2021-12_000000000000000000f2,0.27500000596046453,243,12,Dry,2021,2021-12,"{""type"":""MultiPoint"",""coordinates"":[]}"
VHI_M_2021-12_000000000000000000f3,0.2849999964237213,244,12,Dry,2021,2021-12,"{""type"":""MultiPoint"",""coordinates"":[]}"
VHI_M_2021-12_00000000000000000106,0.4050000011920929,263,12,Dry,2021,2021-12,"{""type"":""MultiPoint"",""coordinates"":[]}"
VHI_M_2021-12_00000000000000000107,0.3600000143051148,264,12,Dry,2021,2021-12,"{""type"":""MultiPoint"",""coordinates"":[]}"
VHI_M_2021-12_00000000000000000108,0.33000001311302185,265,12,Dry,2021,2021-12,"{""type"":""MultiPoint"",""coordinates"":[]}"
VHI_M_2021-12_0000000000000000012c,0.46500000357627874,301,12,Dry,2021,2021-12,"{""type"":""MultiPoint"",""coordinates"":[]}"
VHI_M_2021-12_0000000000000000012d,0.3499999940395355,302,12,Dry,2021,2021-12,"{""type"":""MultiPoint"",""coordinates"":[]}"
VHI_M_2021-12_0000000000000000012e,0.3449999988079071,303,12,Dry,2021,2021-12,"{""type"":""MultiPoint"",""coordinates"":[]}"
VHI_M_2021-12_000000000000000000a5,0.3199999928474427,166,12,Dry,2021,2021-12,"{""type"":""MultiPoint"",""coordinates"":[]}"
VHI_M_2021-12_000000000000000000a6,0.3199999928474427,167,12,Dry,2021,2021-12,"{""type"":""MultiPoint"",""coordinates"":[]}"
VHI_M_2021-12_000000000000000000c1,0.4300000071525574,194,12,Dry,2021,2021-12,"{""type"":""MultiPoint"",""coordinates"":[]}"
VHI_M_2021-12_00000000000000000120,0.5249999761581421,289,12,Dry,2021,2021-12,"{""type"":""MultiPoint"",""coordinates"":[]}"
VHI_M_2021-12_000000000000000001d9,0.37999999523162864,474,12,Dry,2021,2021-12,"{""type"":""MultiPoint"",""coordinates"":[]}"
VHI_M_2021-12_000000000000000001da,0.36000001430511464,475,12,Dry,2021,2021-12,"{""type"":""MultiPoint"",""coordinates"":[]}"
VHI_M_2021-12_000000000000000001db,0.3350000083446503,476,12,Dry,2021,2021-12,"{""type"":""MultiPoint"",""coordinates"":[]}"
VHI_M_2021-12_000000000000000001dc,0.3149999976158142,477,12,Dry,2021,2021-12,"{""type"":""MultiPoint"",""coordinates"":[]}"
VHI_M_2021-12_000000000000000001e2,0.33500000834465027,483,12,Dry,2021,2021-12,"{""type"":""MultiPoint"",""coordinates"":[]}"
VHI_M_2021-12_000000000000000001e3,0.4449999928474426,484,12,Dry,2021,2021-12,"{""type"":""MultiPoint"",""coordinates"":[]}"
VHI_M_2021-12_000000000000000001e4,0.4449999928474426,485,12,Dry,2021,2021-12,"{""type"":""MultiPoint"",""coordinates"":[]}"
VHI_M_2021-12_000000000000000001e5,0.4650000035762787,486,12,Dry,2021,2021-12,"{""type"":""MultiPoint"",""coordinates"":[]}"
VHI_M_2021-12_000000000000000001e6,0.41999998688697815,487,12,Dry,2021,2021-12,"{""type"":""MultiPoint"",""coordinates"":[]}"
VHI_M_2021-12_000000000000000001e7,0.43500000238418574,488,12,Dry,2021,2021-12,"{""type"":""MultiPoint"",""coordinates"":[]}"
VHI_M_2021-12_000000000000000001e8,0.46000000834465027,489,12,Dry,2021,2021-12,"{""type"":""MultiPoint"",""coordinates"":[]}"
VHI_M_2021-12_000000000000000001e9,0.47999998927116394,490,12,Dry,2021,2021-12,"{""type"":""MultiPoint"",""coordinates"":[]}"
VHI_M_2021-12_000000000000000000e2,0.4600000083446502,227,12,Dry,2021,2021-12,"{""type"":""MultiPoint"",""coordinates"":[]}"
VHI_M_2021-12_000000000000000000e3,0.42500001192092896,228,12,Dry,2021,2021-12,"{""type"":""MultiPoint"",""coordinates"":[]}"
VHI_M_2021-12_000000000000000000e4,0.4350000023841858,229,12,Dry,2021,2021-12,"{""type"":""MultiPoint"",""coordinates"":[]}"
VHI_M_2021-12_000000000000000000e5,0.44499999284744257,230,12,Dry,2021,2021-12,"{""type"":""MultiPoint"",""coordinates"":[]}"
VHI_M_2021-12_000000000000000000e6,0.42500001192092896,231,12,Dry,2021,2021-12,"{""type"":""MultiPoint"",""coordinates"":[]}"
VHI_M_2021-12_000000000000000000e7,0.49000000953674316,232,12,Dry,2021,2021-12,"{""type"":""MultiPoint"",""coordinates"":[]}"
VHI_M_2021-12_0000000000000000017f,0.41499999165534984,384,12,Dry,2021,2021-12,"{""type"":""MultiPoint"",""coordinates"":[]}"
VHI_M_2021-12_00000000000000000180,0.36000001430511486,385,12,Dry,2021,2021-12,"{""type"":""MultiPoint"",""coordinates"":[]}"
VHI_M_2021-12_00000000000000000203,0.40999999642372126,516,12,Dry,2021,2021-12,"{""type"":""MultiPoint"",""coordinates"":[]}"
VHI_M_2021-12_00000000000000000204,0.3400000035762787,517,12,Dry,2021,2021-12,"{""type"":""MultiPoint"",""coordinates"":[]}"
VHI_M_2021-12_00000000000000000205,0.4499999880790711,518,12,Dry,2021,2021-12,"{""type"":""MultiPoint"",""coordinates"":[]}"
VHI_M_2021-12_00000000000000000206,0.47999998927116394,519,12,Dry,2021,2021-12,"{""type"":""MultiPoint"",""coordinates"":[]}"
VHI_M_2021-12_00000000000000000207,0.4850000143051147,520,12,Dry,2021,2021-12,"{""type"":""MultiPoint"",""coordinates"":[]}"
VHI_M_2021-12_00000000000000000208,0.41499999165534973,521,12,Dry,2021,2021-12,"{""type"":""MultiPoint"",""coordinates"":[]}"
VHI_M_2021-12_00000000000000000209,0.574999988079071,522,12,Dry,2021,2021-12,"{""type"":""MultiPoint"",""coordinates"":[]}"
VHI_M_2021-12_0000000000000000000e,0.5049999952316284,15,12,Dry,2021,2021-12,"{""type"":""MultiPoint"",""coordinates"":[]}"
VHI_M_2021-12_00000000000000000124,0.46000000834465027,293,12,Dry,2021,2021-12,"{""type"":""MultiPoint"",""coordinates"":[]}"
VHI_M_2021-12_00000000000000000125,0.4749999940395356,294,12,Dry,2021,2021-12,"{""type"":""MultiPoint"",""coordinates"":[]}"
VHI_M_2021-12_00000000000000000126,0.4250000119209289,295,12,Dry,2021,2021-12,"{""type"":""MultiPoint"",""coordinates"":[]}"
VHI_M_2021-12_00000000000000000127,0.5099999904632568,296,12,Dry,2021,2021-12,"{""type"":""MultiPoint"",""coordinates"":[]}"
VHI_M_2021-12_00000000000000000128,0.38999998569488525,297,12,Dry,2021,2021-12,"{""type"":""MultiPoint"",""coordinates"":[]}"
VHI_M_2021-12_00000000000000000129,0.40999999642372137,298,12,Dry,2021,2021-12,"{""type"":""MultiPoint"",""coordinates"":[]}"
VHI_M_2021-12_0000000000000000012a,0.29499998688697815,299,12,Dry,2021,2021-12,"{""type"":""MultiPoint"",""coordinates"":[]}"
VHI_M_2021-12_0000000000000000012b,0.21999999880790705,300,12,Dry,2021,2021-12,"{""type"":""MultiPoint"",""coordinates"":[]}"
VHI_M_2021-12_00000000000000000174,0.23499999940395347,373,12,Dry,2021,2021-12,"{""type"":""MultiPoint"",""coordinates"":[]}"
VHI_M_2021-12_00000000000000000175,0.28999999165534973,374,12,Dry,2021,2021-12,"{""type"":""MultiPoint"",""coordinates"":[]}"
VHI_M_2021-12_00000000000000000176,0.2750000059604645,375,12,Dry,2021,2021-12,"{""type"":""MultiPoint"",""coordinates"":[]}"
VHI_M_2021-12_00000000000000000177,0.3100000023841858,376,12,Dry,2021,2021-12,"{""type"":""MultiPoint"",""coordinates"":[]}"
VHI_M_2021-12_00000000000000000195,0.47999998927116394,406,12,Dry,2021,2021-12,"{""type"":""MultiPoint"",""coordinates"":[]}"
VHI_M_2021-12_00000000000000000196,0.4449999928474426,407,12,Dry,2021,2021-12,"{""type"":""MultiPoint"",""coordinates"":[]}"
VHI_M_2021-12_00000000000000000197,0.5099999904632568,408,12,Dry,2021,2021-12,"{""type"":""MultiPoint"",""coordinates"":[]}"
VHI_M_2021-12_00000000000000000198,0.3650000095367432,409,12,Dry,2021,2021-12,"{""type"":""MultiPoint"",""coordinates"":[]}"
VHI_M_2021-12_00000000000000000199,0.46000000834465027,410,12,Dry,2021,2021-12,"{""type"":""MultiPoint"",""coordinates"":[]}"
VHI_M_2021-12_00000000000000000035,0.4699999988079071,54,12,Dry,2021,2021-12,"{""type"":""MultiPoint"",""coordinates"":[]}"
VHI_M_2021-12_000000000000000000ce,0.40999999642372137,207,12,Dry,2021,2021-12,"{""type"":""MultiPoint"",""coordinates"":[]}"
VHI_M_2021-12_000000000000000000cf,0.40999999642372126,208,12,Dry,2021,2021-12,"{""type"":""MultiPoint"",""coordinates"":[]}"
VHI_M_2021-12_000000000000000000d0,0.4749999940395355,209,12,Dry,2021,2021-12,"{""type"":""MultiPoint"",""coordinates"":[]}"
VHI_M_2021-12_000000000000000000d1,0.4099999964237213,210,12,Dry,2021,2021-12,"{""type"":""MultiPoint"",""coordinates"":[]}"
VHI_M_2021-12_000000000000000001ea,0.4499999880790711,491,12,Dry,2021,2021-12,"{""type"":""MultiPoint"",""coordinates"":[]}"
VHI_M_2021-12_000000000000000001eb,0.4699999988079071,492,12,Dry,2021,2021-12,"{""type"":""MultiPoint"",""coordinates"":[]}"
VHI_M_2021-12_000000000000000001ec,0.4699999988079071,493,12,Dry,2021,2021-12,"{""type"":""MultiPoint"",""coordinates"":[]}"
VHI_M_2021-12_000000000000000001ed,0.5049999952316284,494,12,Dry,2021,2021-12,"{""type"":""MultiPoint"",""coordinates"":[]}"
VHI_M_2021-12_000000000000000001f4,0.4950000047683716,501,12,Dry,2021,2021-12,"{""type"":""MultiPoint"",""coordinates"":[]}"
VHI_M_2021-12_000000000000000001f5,0.5,502,12,Dry,2021,2021-12,"{""type"":""MultiPoint"",""coordinates"":[]}"
VHI_M_2021-12_000000000000000001f6,0.5,503,12,Dry,2021,2021-12,"{""type"":""MultiPoint"",""coordinates"":[]}"
VHI_M_2021-12_000000000000000001f7,0.5099999904632568,504,12,Dry,2021,2021-12,"{""type"":""MultiPoint"",""coordinates"":[]}"
VHI_M_2021-12_000000000000000001f8,0.5249999761581422,505,12,Dry,2021,2021-12,"{""type"":""MultiPoint"",""coordinates"":[]}"
VHI_M_2021-12_000000000000000001f9,0.5099999904632568,506,12,Dry,2021,2021-12,"{""type"":""MultiPoint"",""coordinates"":[]}"
VHI_M_2021-12_000000000000000001fa,0.49000000953674316,507,12,Dry,2021,2021-12,"{""type"":""MultiPoint"",""coordinates"":[]}"
VHI_M_2021-12_000000000000000001fb,0.48500001430511475,508,12,Dry,2021,2021-12,"{""type"":""MultiPoint"",""coordinates"":[]}"
VHI_M_2021-12_000000000000000001fc,0.5,509,12,Dry,2021,2021-12,"{""type"":""MultiPoint"",""coordinates"":[]}"
VHI_M_2021-12_000000000000000001fd,0.5199999809265137,510,12,Dry,2021,2021-12,"{""type"":""MultiPoint"",""coordinates"":[]}"
VHI_M_2021-12_00000000000000000049,0.4600000083446503,74,12,Dry,2021,2021-12,"{""type"":""MultiPoint"",""coordinates"":[]}"
VHI_M_2021-12_0000000000000000004a,0.4749999940395356,75,12,Dry,2021,2021-12,"{""type"":""MultiPoint"",""coordinates"":[]}"
VHI_M_2021-12_000000000000000000fd,0.5400000214576721,254,12,Dry,2021,2021-12,"{""type"":""MultiPoint"",""coordinates"":[]}"
VHI_M_2021-12_000000000000000000fe,0.5199999809265137,255,12,Dry,2021,2021-12,"{""type"":""MultiPoint"",""coordinates"":[]}"
VHI_M_2021-12_00000000000000000191,0.4449999928474426,402,12,Dry,2021,2021-12,"{""type"":""MultiPoint"",""coordinates"":[]}"
VHI_M_2021-12_0000000000000000016e,0.4650000035762787,367,12,Dry,2021,2021-12,"{""type"":""MultiPoint"",""coordinates"":[]}"
VHI_M_2021-12_0000000000000000016f,0.42500001192092896,368,12,Dry,2021,2021-12,"{""type"":""MultiPoint"",""coordinates"":[]}"
VHI_M_2021-12_00000000000000000170,0.42500001192092896,369,12,Dry,2021,2021-12,"{""type"":""MultiPoint"",""coordinates"":[]}"
VHI_M_2021-12_00000000000000000181,0.4699999988079071,386,12,Dry,2021,2021-12,"{""type"":""MultiPoint"",""coordinates"":[]}"
VHI_M_2021-12_00000000000000000182,0.4449999928474426,387,12,Dry,2021,2021-12,"{""type"":""MultiPoint"",""coordinates"":[]}"
VHI_M_2021-12_00000000000000000228,0.4749999940395355,553,12,Dry,2021,2021-12,"{""type"":""MultiPoint"",""coordinates"":[]}"
