fid,COMMUNE,REGION,LZCODE,LZNAME,DEM,aug_22,nov_dec_24,oct_24,recur,AEZclass,AEZclassname,popsum2021,popmean2021,popsum2022,popmean2022,popsum2023,popmean2023,popsum2024,popmean2024,Rainfed_percentage_scaled,Wetland_percentage_scaled,Bare_percentage_scaled,Impervious_percentage_scaled,Water_percentage_scaled,Irrigated_percentage_scaled,Shrubland_percentage_scaled,Forest_percentage_scaled,Grassland_percentage_scaled,Dry_LST_2021_scaled,Dry_LST_2022_scaled,Dry_LST_2023_scaled,Dry_LST_2024_scaled,Wet_LST_2021_scaled,Wet_LST_2022_scaled,Wet_LST_2023_scaled,Wet_LST_2024_scaled,Dry_NDVI_2021_scaled,Dry_NDVI_2022_scaled,Dry_NDVI_2023_scaled,Dry_NDVI_2024_scaled,Wet_NDVI_2021_scaled,Wet_NDVI_2022_scaled,Wet_NDVI_2023_scaled,Wet_NDVI_2024_scaled,Dry_VHI_M_2021_scaled,Dry_VHI_M_2022_scaled,Dry_VHI_M_2023_scaled,Dry_VHI_M_2024_scaled,Wet_VHI_M_2021_scaled,Wet_VHI_M_2022_scaled,Wet_VHI_M_2023_scaled,Wet_VHI_M_2024_scaled,Dry_precip_log_2021_scaled,Dry_precip_log_2022_scaled,Dry_precip_log_2023_scaled,Dry_precip_log_2024_scaled,Wet_precip_log_2021_scaled,Wet_precip_log_2022_scaled,Wet_precip_log_2023_scaled,Wet_precip_log_2024_scaled
1,TAMBACOUNDA,TAMBACOUNDA,14,Rainfed Maize and Lumber,50,0,0,0,0,2,Tropics lowland; semi-arid with soil/terrain limitations,140566.5406,30.04200484,141713.7292,30.28718298,152955.1393,32.68970704,147418.3056,31.50637009,0.0031683,0,0.018896447,0.358363197,0,0,0.505804661,0.002190964,0.178928982,0.899959383,0.925444908,0.737430535,0.891245866,0.448381653,0.590512631,0.6869038,0.690424467,0.175619502,0.193858034,0.163974096,0.15223651,0.411898125,0.492031981,0.365964282,0.36976437,0.396551666,0.651303805,0.287431187,0.39644219,0.764705914,0.590448578,0.455940671,0,0.464361411,0.241221636,0.036038805,0.824793273,0.940413478,0.839591862,0.896804273,0.894627486
2,BAKEL,TAMBACOUNDA,3,Valley Rice and Remittances,28,0,0,0.05667924,1,50,Land with severe soil/terrain limitations,20265.94275,21.33257132,21103.19406,22.21388848,22388.75314,23.51759784,21160.40981,22.22732123,0.0073927,0.10511883,0.018896447,0.059379948,0.060175055,0,0.153529065,0.004381929,0.790269672,0.937630014,0.80738305,0.769262991,0.762695295,0.82688495,0.440900878,0.672756669,0.662023245,0.203643872,0.175585923,0.198990221,0.181407662,0.247006768,0.413312082,0.34081479,0.277954856,0.465517323,0.711946559,0.637956961,0.841168957,0.85294113,1,1,0.57838877,0,0.041645811,0.002626391,0,0.828406334,0.853438817,0.852329627,0.855038139
3,BARGNY,DAKAR,1,The Niayes Gardening and Fishing,5,0.003143281,0,0,1,2,Tropics lowland; semi-arid with soil/terrain limitations,71495.15214,53.91791262,75394.3317,56.85847036,79156.28451,59.69553884,77983.80598,58.76699772,0.0063366,0.02285192,1,0.403158597,0.076586433,0.112107623,0.157735341,0.005477411,0.373833766,0.314862353,0.294083655,0.299165823,0.246588561,0.378174344,0.471758302,0.36960388,0.45392598,0.10788301,0.099208056,0.102144791,0.096267205,0.226380985,0.281084094,0.294304282,0.257792815,0.362068938,0.30260761,0.324987488,0.30114358,0.397058827,0.276893347,0.282673362,0.301013101,0,0,0,0,0,0,0,0
4,KANEL,MATAM,4,Dieri Millet and Remittances,15,0.122824015,0.076626529,0.121163602,3,53,Desert/Arid climate,14971.09266,16.87834573,15289.27511,17.12124872,15662.57912,17.51966345,15458.18972,17.29103996,0.019009801,1,0.170068027,0.06875573,0,0,0.017876672,0,0.699740127,1,0.717488235,0.90246589,0.88743696,1,0.798098939,0.908205335,0.841783499,0.205789689,0.170772386,0.178215678,0.190704498,0.099665315,0.407539809,0.207747221,0.207863413,0.758620707,0.590661052,0.662994494,0.571156318,0.264705826,0.614568332,0.468316897,0.409551352,0,0.093009695,0.091925893,0,0.728483121,0.826512741,0.769550746,0.80896959
5,KEDOUGOU,KEDOUGOU,15,Rainfed Maize and Artisanal Gold Mining,115,0,0,0.000757644,1,50,Land with severe soil/terrain limitations,42552.96872,15.5643631,43414.46093,15.7698732,47194.37977,17.13666658,45869.18707,16.65547824,0.0010561,0.063985375,0,0.211475956,0,0,0.551022125,0.27496604,0.005325267,1,0.936831585,0.771536738,0.970280661,0.479692581,0.450251613,0.302910267,0.31793935,0.318982682,0.383804961,0.318705828,0.29867855,0.787278082,0.814759455,0.764845932,0.741842966,0.655172528,0.696785871,0.537806677,0.666454829,0.661764654,0.602508382,0.344554491,0.771345945,0,0,0.173151296,0.085009793,0.911627068,0.893802446,0.926860992,0.916507512
6,KOLDA,KOLDA,12,"Forest, Rainfed Rice, and Groundnut",13,0,0,0,0,2,Tropics lowland; semi-arid with soil/terrain limitations,86007.60322,29.61694326,86688.11281,29.85127852,91426.96642,31.48311516,86291.51124,29.67383468,0.010561,0.004570384,0,0.426077173,0,0,0.345966182,0.226764822,0.045797299,0.650692018,0.74445668,0.611237583,0.807449938,0.526390969,0.382926324,0.487833468,0.543761129,0.460644115,0.410745667,0.408373529,0.397525672,0.642081316,0.685327447,0.669268112,0.571526046,0.586206868,0.787750182,0.76314478,0.729987361,0.397058827,0.349252323,0.332178266,0.481910329,0,0,0,0,0,0,0,0
7,LINGUERE,LOUGA,6,Sylvopatoral Livestock and Gathering,40,0,0,0,0,53,Desert/Arid climate,14031.16449,15.13609977,13997.40124,15.06717033,15319.04294,16.48982017,14345.38216,15.44174614,0.016897601,0,0,0.114592883,0,0.224215247,0.041011189,0,0.877604056,0.888738344,0.975486355,0.888350484,0.909338168,0.92535764,0.972957676,0.987025061,0.829958574,0.221338039,0.19120566,0.172133013,0.156333152,0.251409195,0.273153722,0.292450341,0.323392797,0.844827523,0.666464493,0.487731609,0.39644219,0.661764654,0.361312131,0.616831755,0.373371935,0,0,0,0,0,0,0,0
8,MATAM,MATAM,3,Valley Rice and Remittances,16,0.001801608,0.002837736,0.168068933,3,53,Desert/Arid climate,24305.37715,19.03318493,24895.29313,19.41910541,24722.83818,19.25454687,24224.6327,18.70628008,0.0010561,0.863802559,0.056689342,0.035419618,0,0.112107623,0.205055943,0.006572893,0.607080475,0.87030378,0.729174561,0.806884262,0.835064505,0.857981721,0.690725633,0.688924818,0.713285987,0.300182882,0.218806321,0.259287118,0.201088927,0.169576139,0.133526259,0.146272506,0.03006439,0.862068886,0.696785871,0.713069562,0.714104086,0.691176568,0.891944001,0.505445575,0.73516653,0.565396075,0.199194761,0.403222664,0.026272214,0.742336215,0.822627454,0.78030035,0.809156545
9,MBACKE,DIOURBEL,8,Rainfed Groundnut and Millet,43,0,0,0,0,2,Tropics lowland; semi-arid with soil/terrain limitations,83236.40922,38.09446646,84861.7223,38.83831684,87128.41753,39.87570596,85232.16301,39.00785492,0.170032105,0,0.018896447,0.454204517,0,0,0.038908051,0,0.386614408,0.815801591,0.784010399,0.819285423,0.77221756,0.770034738,0.880385403,0.714187551,0.832323559,0.17076113,0.14461119,0.139937085,0.129322018,0.234751347,0.337286037,0.315194414,0.306635796,0.22413793,0.135839949,0.262393579,0.253494231,0.382352959,0.795465557,0.554950478,0.530149548,0,0,0,0,0,0,0,0
10,MEDINA YORO FOULAH,KOLDA,10,Rainfed Groundnut and Cereals,45,0,0,0,0,52,Dominantly hydromorphic soils,6708.527581,7.244630217,7774.276053,8.252946978,8670.935655,9.204814921,7930.052618,8.418314881,0.047524502,0,0,0.012501042,0,0,0.527887608,0.357127207,0.121416095,0.753284374,0.714791391,0.620616789,0.799832127,0.278686472,0.171599722,0.349393694,0.17722275,0.442201517,0.434370551,0.403857906,0.384104825,0.865883203,0.730054842,0.828166647,0.873385822,0.586206868,0.272286235,0.412619006,0.237611146,0.235294089,0.771345945,0.381683169,0.264833542,0.11369568,0.019428753,0.015848738,0.020308799,0.951221874,0.870944537,0.904328659,0.935400021
11,NGANDA,KAFFRINE,10,Rainfed Groundnut and Cereals,48,0,0,0,0,2,Tropics lowland; semi-arid with soil/terrain limitations,12082.20586,6.129987754,12498.12043,6.29945586,13297.36954,6.698926723,12788.45451,6.442546354,0.863889828,0,0,0.031252604,0,0,0.088331791,0,0.071358582,0.9073915,0.872107318,0.797116391,0.795070995,0.583241182,0.556849987,0.371624899,0.417268714,0.254930618,0.224254199,0.239944319,0.22191599,0.761421124,0.563699044,0.686796975,0.607441967,0.896551818,0.62098243,0.662994494,0.618805572,0.882353044,0.771345945,0.752970386,0.397491545,0,0.156108668,0,0.041065655,0.88201384,0.876165171,0.902504816,0.892657366
12,OUROSSOGUI,MATAM,4,Dieri Millet and Remittances,17,0,0,0,0,53,Desert/Arid climate,31881.326,24.88784231,32101.28488,24.8269798,32873.6418,25.22919555,32177.78944,24.56319804,0.0010561,0.009140768,0.15117158,0.205225435,0,0,0.113569446,0.001095482,0.701870234,0.960072092,0.868511525,0.861918177,0.880771375,0.948706834,0.795293719,0.70004042,1,0.138938892,0.127270634,0.153970253,0.11088507,0.189401948,0.360916502,0.242164569,0.140245604,0.77586207,0.80291087,0.587881893,0.952350743,0.308823524,1,0.554950478,0.674867359,0,0,0,0,0,0,0,0
13,SALEMATA,KEDOUGOU,15,Rainfed Maize and Artisanal Gold Mining,74,0,0,0,0,50,Land with severe soil/terrain limitations,7381.087723,3.949217615,8201.248927,4.334698164,8595.677896,4.528808165,8398.330677,4.420174041,0.0010561,0,0,0.011459288,0,0,0.431143266,0.627711319,0.004260214,0.730842296,0.755244058,0.618058824,0.692230538,0,0.091183405,0.179628133,0.243442326,0.613383485,0.604892945,0.681672952,0.497621993,0.949560593,1,0.942497665,0.994418522,0.517241414,0.514857428,0.425137772,0.253494231,0.750000046,0.626628137,0.604455527,0.228654125,0,0,0.006514063,0.03456236,0.916169894,0.891313996,0.978516574,0.921774576
14,SENDOU,DAKAR,1,The Niayes Gardening and Fishing,4,0,0,0,0,2,Tropics lowland; semi-arid with soil/terrain limitations,13111.88741,13.83110486,13059.94457,13.77631284,14150.19925,14.92637052,15516.94375,16.28220751,0.125675904,0.004570384,0.15117158,0.064588716,0,0,0.487927989,0.00985934,0.352532697,0.468750887,0.470277493,0.480781356,0.438938303,0.607605559,0.620434982,0.533306386,0.68214702,0.213092463,0.241638879,0.26943127,0.274578826,0.434811275,0.526132579,0.663991117,0.562392619,0.655172528,0.605821739,0.56284436,0.539390145,0.544117697,0.40955135,0.394059394,0.481910329,0,0,0,0,0,0,0,0
15,TIVAOUANE,THIES,1,The Niayes Gardening and Fishing,55,0,0,0,0,2,Tropics lowland; semi-arid with soil/terrain limitations,89900.30947,16.18076124,91229.10291,16.20698222,95683.46739,16.95012708,89927.53815,15.92765465,0.330559311,0,0,0.163555296,0,0,0.136703962,0,0.422826226,0.68595814,0.747744606,0.735725225,0.714466552,0.680698689,0.719552769,0.537348424,0.744819119,0.297799702,0.343036005,0.340637122,0.312172684,0.376515713,0.423088138,0.503951496,0.527070647,0.500000052,0.530018119,0.637956961,0.682337913,0.897058913,0.662807554,0.975742599,0.795465557,0.299311095,0.266017652,0.153694676,0.157342536,0.638087107,0.873503448,0.882060069,0.782153577
16,VELINGARA,KOLDA,13,"Rainfed Maize, Cotton, and Cattle",45,0,0,0,0,50,Land with severe soil/terrain limitations,37851.67023,24.88604223,37511.01085,24.66207157,41587.95125,27.30659964,39970.41307,26.19293124,0.062309902,0,0,0.340653388,0,0.112107623,0.401699335,0.079970203,0.167213394,0.774924949,0.879298903,0.676039369,0.947427226,0.444161198,0.407238234,0.440339531,0.501225677,0.320992336,0.27174102,0.303064878,0.269398921,0.74840977,0.787922959,0.693185932,0.520721638,0.758620707,0.363250364,0.625438194,0.666454829,0.294117652,0.276893347,0.592079302,0.011577413,0,0,0,0,0,0,0,0
17,NIORO,KAOLACK,10,Rainfed Groundnut and Cereals,26,0,0,0,0,2,Tropics lowland; semi-arid with soil/terrain limitations,22041.63693,24.27493054,21649.14523,23.79026948,23498.13066,25.76549415,21706.96292,23.67171529,0.420327813,0.009140768,0,0.262521877,0,0,0.215571633,0.076683756,0.07668385,0.835037658,0.752547213,0.640227856,0.656045933,0.355840332,0.332432357,0.424171382,0.44446604,0.320034777,0.317487264,0.333483652,0.305658252,0.641086818,0.734525123,0.60645764,0.734466391,0,0.135839949,0.462694074,0.317026668,0.882353044,0.988422587,0.691089109,0.711046776,0,0,0,0,0,0,0,0
18,SARAYA,KEDOUGOU,15,Rainfed Maize and Artisanal Gold Mining,185,0,0,0,0,2,Tropics lowland; semi-arid with soil/terrain limitations,5861.489732,9.901165088,6484.509492,10.52680112,7034.617529,11.40132501,6835.228088,11.07816546,0,0,0,0.004167014,0,0,0.462690334,0.609088121,0,0.836318943,0.798393569,0.644491131,0.775074239,0.071589269,0.085572964,0.092724333,0.011265964,0.423288771,0.462966695,0.537195414,0.456206954,0.991669478,1,0.985735816,1,0.431034391,0.469375365,0.450175307,0.285260496,0.499999912,0.421611157,0.406435622,0.57838877,0.100664379,0.062993639,0,0.079914109,0.915741171,0.900159498,0.903043403,0.926721934
19,AGNAM CIVOL,MATAM,4,Dieri Millet and Remittances,72,0.01470503,8.74E-05,0.062279964,3,53,Desert/Arid climate,31645.24673,9.71010946,31806.96886,9.723928113,32068.8593,9.765182492,32123.87325,9.722721927,0,0.18738574,0.132275132,0.004167014,0,0,0.014721965,0.002190964,0.88505943,0.882916903,0.719273055,0.792477947,0.721025138,0.801413586,0.818533183,0.723004772,0.884528939,0.126733093,0.130622614,0.14464573,0.10244664,0.143610893,0.221937491,0.13272382,0.172678341,0.396551666,0.651303805,0.525287908,0.364675922,0.647058782,0.771345945,0.356930719,0.747226335,0.68660842,0.577090341,0.427985294,0.075674001,0.718024526,0.74956499,0.779302873,0.778945119
20,DABIA,MATAM,4,Dieri Millet and Remittances,14,0.008989972,0.000338707,0.057015287,3,53,Desert/Arid climate,30171.59456,6.37069142,32261.27297,6.742167809,32872.03851,6.851196022,33918.66631,7.042912441,0,0.141681901,0.07558579,0.004167014,0,0.112107623,0.034701775,0.001095482,0.91594598,0.953757769,0.719827437,0.897831026,0.763958009,0.858690408,0.792862528,0.722579241,0.781011978,0.140887055,0.135770924,0.171806858,0.11281023,0.145061201,0.249872137,0.129265197,0.181818487,0.22413793,0.545178807,0.47521284,0.475857616,0.676470522,0.686927164,0.356930719,0.723106581,0.784853244,0.538473181,0.532641905,0,0.750605984,0.760103911,0.751493622,0.778504646
21,NGUIDJILONE,MATAM,3,Valley Rice and Remittances,17,0.004502942,0.005866119,0.031459333,3,52,Dominantly hydromorphic soils,10621.82463,10.86076138,10704.77492,10.67275665,11419.25635,11.20633597,11540.56422,11.28109895,0,0.23308958,0.094482237,0.017709809,0,0,0.016825103,0,0.942572317,0.89629537,0.68602505,0.774094703,0.87410579,0.934494281,0.626217722,0.619995131,0.649623069,0.150784053,0.121374948,0.138780563,0.10815204,0.075848805,0.13961806,0.097844379,0.009440822,0.034482729,0.499696741,0.212318511,0.269377316,0.514705957,0.638687942,0.715841562,0.73516653,0.498628685,0.426475435,0.32033178,0.110670884,0.703745726,0.757190115,0.761080746,0.762385409
22,OREFONDE,MATAM,4,Dieri Millet and Remittances,69,0.004408419,8.82E-05,0.018526899,3,53,Desert/Arid climate,23491.92128,6.444971544,23658.79378,6.458857162,25803.15768,7.027003724,26752.1934,7.240106469,0,0.050274223,0.132275132,0.002083507,0,0,0.014721965,0.003286447,0.947897584,0.903067933,0.737172301,0.816633933,0.756604209,0.827503567,0.754009483,0.698103734,0.833674979,0.126515263,0.129477285,0.149828752,0.116826516,0.158049841,0.242423897,0.166141192,0.224455661,0.258620655,0.636143118,0.450175307,0.428208359,0.470588174,0.638687942,0.455940671,0.771345945,0.759099635,0.560418018,0.395145151,0,0.709426414,0.755580879,0.800351121,0.785206081
23,THILOGNE,MATAM,4,Dieri Millet and Remittances,15,0.007185589,0,0.193872784,2,53,Desert/Arid climate,13344.92538,15.374338,14029.3983,16.16290126,15129.22703,17.42998506,14423.09472,16.61646857,0,0.173674589,0.056689342,0.036461372,0,0,0.054681585,0.001095482,0.924466408,0.996466462,0.727376665,0.946780956,0.768408654,0.888811074,0.826151143,0.724292643,0.627752368,0.212597359,0.166783274,0.186853254,0.152192611,0.158092095,0.259055284,0.160500341,0.056948747,0.22413793,0.560339676,0.425137772,0.428208359,0.823529392,0.518089744,0.542574253,0.73516653,0,0.353693558,0.207964123,0,0.711175979,0.713260375,0.742077623,0.749442653
24,MERMOZ-SACRE COEUR,DAKAR,0,Urban Area - Dakar,35,0,0,0,0,56,Dominantly built-up land,70828.28929,133.3866088,68673.84601,129.3292769,65763.52763,123.8484513,67904.93353,127.8812307,0,0.004570384,0.037792895,0.990707559,0,0,0.001051569,0.001095482,0.044732246,0.041549904,0.13586878,0.10561312,0.079948932,0.361931426,0.322146549,0.34130962,0.388888896,0.048965717,0.040435485,0.068659707,0.029894194,0.081681468,0.017267063,0.065797065,0.06663018,0,0.044875729,0.037055548,0.110546368,0,0,0,0,0,0,0,0,0,0,0,0
25,NGOR,DAKAR,0,Urban Area - Dakar,8,0,0,0,0,56,Dominantly built-up land,53480.49902,102.6497102,52931.18279,101.5953604,50916.03413,97.72751272,52486.52169,100.7418842,0,0.045703839,0.056689342,0.82923577,0.043763676,0,0.010515689,0.003286447,0.182124143,0,0,0,0,0.110166199,0,0.081608731,0.342771691,0.110234751,0.134021538,0.082970759,0.111016763,0.105798055,0.078242809,0.044050781,0.08544504,0.034482729,0.075197105,0.149724601,0.015247761,0,0,0,0,0,0,0,0,0,0,0,0
26,OUAKAM,DAKAR,0,Urban Area - Dakar,32,0,0,0,0,56,Dominantly built-up land,106569.5954,122.4937878,104841.2015,120.5071282,102019.7935,117.2641305,105740.6972,121.2622675,0,0,0.018896447,0.855279607,0.00547046,0,0.016825103,0.003286447,0.166148341,0.038343893,0.115192972,0.039106024,0.019958666,0.32944559,0.250145893,0.272594988,0.413721237,0.066789436,0.054863886,0.00738617,0.060051772,0.161904339,0.091460095,0.101498642,0.093117119,0.103448282,0.044875729,0.074611925,0.158195625,0,0,0,0,0.124684592,0,0.181443331,0.335747481,0.615543962,0.863919486,0.699951385,0.73792882
27,YOFF,DAKAR,0,Urban Area - Dakar,25,0,0,0,0,56,Dominantly built-up land,140274.4966,87.34402032,141910.1909,88.36250987,138483.9682,86.2291209,144587.3314,90.0294716,0,0.013711152,0.207860922,0.713601133,0.00547046,0.112107623,0.068351981,0.003286447,0.24283219,0.042351407,0.10170875,0.083444088,0.039003195,0.345688508,0.141677372,0.209943411,0.504773154,0.058991559,0.054603156,0.029058498,0.055404971,0.265290735,0.212882897,0.132919455,0.185182067,0,0,0.087130692,0.062897015,0,0,0,0,0,0,0,0,0,0,0,0
28,OUAOUNDE,MATAM,3,Valley Rice and Remittances,21,0.010557005,0.007843321,0.02291026,3,52,Dominantly hydromorphic soils,11439.84373,23.06420107,11159.75569,22.23058903,11687.21779,23.28131033,11528.44716,22.96503417,0,0.297074954,0.056689342,0.084382032,0.00547046,0.112107623,0.044165896,0.001095482,0.854172879,0.882326322,0.765132487,0.747662396,0.759838616,0.90403881,0.521317196,0.58585287,0.879623256,0.199204815,0.171204563,0.191253094,0.171200227,0.142835086,0.345466963,0.19693829,0.18580314,0.327586212,0.68162518,0.650475727,0.52350687,0.691176568,0.940183365,0.728217787,0.795465557,0,0,0,0,0,0,0,0
29,BABA GARAGE,DIOURBEL,8,Rainfed Groundnut and Millet,26,0,0,0,0,2,Tropics lowland; semi-arid with soil/terrain limitations,24345.74043,3.936255526,24805.62868,3.998972865,24797.1806,3.988608751,25702.34139,4.097296571,0.93992903,0,0,0.013542795,0,0,0.004206276,0,0.096919865,0.84251835,0.836149391,0.936099169,0.808402165,0.899972779,0.89208911,0.704774665,0.782658877,0.268515515,0.250200867,0.267304145,0.225259991,0.327455871,0.438292324,0.459954307,0.620886652,0.155172373,0.257125547,0.287431187,0.30114358,0.647058782,0.686927164,0.554950478,0.771345945,0.186256649,0.479669593,0.030832309,0.71455437,0.62754917,0.834444153,0.884329161,0.809543894
30,DINGUIRAYE,DIOURBEL,8,Rainfed Groundnut and Millet,29,0,0,0,0,2,Tropics lowland; semi-arid with soil/terrain limitations,18768.21435,3.704740298,18648.62044,3.660180656,19902.42713,3.897850985,20861.14553,4.05070787,1,0,0,0.009375781,0,0,0.013670396,0.001095482,0.025561283,0.869502277,0.846037821,0.925867308,0.777930918,0.824854585,1,0.800080841,0.922652118,0.297701404,0.268569215,0.285098953,0.242620888,0.354624556,0.457155136,0.403720627,0.61281245,0.206896568,0.226804169,0.299949956,0.253494231,0.676470522,0.566328965,0.394059394,0.650747747,0.017160223,0.386072144,0.05556393,0.36270168,0.618063631,0.8175735,0.872077824,0.794542217
31,KEUR SAMBA KANE,DIOURBEL,8,Rainfed Groundnut and Millet,33,0,0,0,0,2,Tropics lowland; semi-arid with soil/terrain limitations,24542.71536,4.504903701,24958.20979,4.527977104,24486.70769,4.402500484,25629.89025,4.568607888,0.908246029,0,0,0.014584549,0,0,0.007360983,0,0.125676309,0.817912064,0.804686206,0.919898722,0.823637788,0.622283867,0.60795416,0.633873596,0.854790915,0.255168431,0.269804593,0.27668073,0.252786415,0.329021247,0.464783301,0.510964293,0.581181383,0.120689648,0.332928989,0.312468722,0.364675922,0.85294113,0.566328965,0.777722837,0.650747747,0.025650499,0.358965111,0.215336319,0.714013877,0.684292339,0.873533306,0.910817734,0.838075639
32,BALA,TAMBACOUNDA,13,"Rainfed Maize, Cotton, and Cattle",68,0,0.00013498,0,1,2,Tropics lowland; semi-arid with soil/terrain limitations,12333.83974,1.441879792,12901.97396,1.505481209,13564.72269,1.580049236,13907.60171,1.619045601,0.0010561,0,0,0.001041753,0,0,1,0.015336751,0.004260214,0.938477167,0.937580365,0.791284718,0.963585319,0.338911753,0.047153654,0.267827062,0.429165866,0.333343049,0.383928704,0.398316202,0.363586543,0.728432024,0.922729057,0.704571747,0.759846801,0.362068938,0.484536053,0.462694074,0.269377316,0.367647087,0.542209356,0.740594161,0.276893347,0.341451286,0.639146868,0.416435043,0.45631814,0.951635549,0.877920257,0.933411265,0.92222854
33,GOUMBAYEL,TAMBACOUNDA,13,"Rainfed Maize, Cotton, and Cattle",65,0,0.000230079,0,1,50,Land with severe soil/terrain limitations,7411.471185,2.110327786,7612.915102,2.163989512,7593.09757,2.15468149,7920.827025,2.241320607,0.0021122,0,0,0,0,0,0.886472617,0.16213137,0.005325267,0.843108604,0.859086108,0.705171199,0.916178046,0.121304878,0.047021179,0.200896905,0.258834693,0.415543915,0.486271811,0.47714083,0.376352644,0.820045787,0.946621011,0.751217322,0.863236359,0.500000052,0.454214675,0.500250375,0.459974528,0.441176434,0.506029939,0.740594161,0.337192518,0.608575807,0.44463039,0.335106681,0.384479746,0.936515531,0.891190971,0.944252304,0.936448941
34,KOAR,TAMBACOUNDA,13,"Rainfed Maize, Cotton, and Cattle",65,0,0.000142854,0,1,2,Tropics lowland; semi-arid with soil/terrain limitations,9319.372782,2.311925771,9830.955584,2.432200788,9980.854325,2.460762901,10613.1579,2.6140783,0.0063366,0,0,0.001041753,0,0,0.998990494,0.024100609,0.021301069,0.933485824,0.966053237,0.792316694,1,0.25672271,0.073340345,0.213515338,0.40252411,0.343005347,0.403657931,0.381808186,0.353252366,0.775050018,0.890369034,0.747960698,0.806135417,0.465517323,0.363250364,0.337506255,0.348792837,0.411764696,0.566328965,0.740594161,0.144235416,0.485916444,0.663152612,0.352997535,0.667944466,0.958906973,0.880871954,0.925161789,0.935791708
35,KAHENE,TAMBACOUNDA,10,Rainfed Groundnut and Cereals,48,0,6.27E-05,0,1,2,Tropics lowland; semi-arid with soil/terrain limitations,17530.93516,2.12444682,18223.76352,2.208405661,18116.77345,2.18907364,19125.66366,2.305963788,0.059141602,0,0,0.00312526,0,0,0.805501809,0.010954822,0.174668768,0.807626263,0.864219376,0.806037134,0.858870167,0.368867,0.284924717,0.352198574,0.424941907,0.328616246,0.305985485,0.335573563,0.287154399,0.736310039,0.740201356,0.69148526,0.791659682,0.655172528,0.636143118,0.675513262,0.571156318,0.485294043,0.916063756,0.864356418,0.409551352,0.088558772,0.105056858,0.14332913,0.162314814,0.917966497,0.858472482,0.907572213,0.913536342
36,NDAME,TAMBACOUNDA,10,Rainfed Groundnut and Cereals,50,0,0,0,0,2,Tropics lowland; semi-arid with soil/terrain limitations,14882.53679,2.013330194,16036.89765,2.16861361,16282.17436,2.190230611,17171.45872,2.290444007,0.024290301,0,0,0.002083507,0,0,0.871750652,0.004381929,0.150172539,0.853104459,0.910019479,0.864205854,0.883628054,0.359901061,0.322293162,0.632528775,0.471562623,0.316978558,0.285226645,0.30038658,0.242221038,0.719801366,0.771070604,0.557882908,0.727053281,0.620689596,0.454214675,0.450175307,0.507623785,0.235294089,0.759285995,0.604455527,0.313072909,0.133867795,0.324610695,0.157967762,0.056281935,0.930740924,0.872265257,0.902477398,0.92627659
37,BAMBA THIALENE,TAMBACOUNDA,10,Rainfed Groundnut and Cereals,49,0,0,0,0,2,Tropics lowland; semi-arid with soil/terrain limitations,18770.51514,1.910679473,20225.27413,2.056458986,21356.84649,2.167987665,21902.60494,2.22338899,0.061253802,0,0,0.00312526,0,0,0.747665517,0.005477411,0.235376816,0.805013912,0.88480557,0.862227398,0.84701551,0.357051807,0.331719757,0.3744407,0.464065444,0.291577588,0.256858934,0.253734747,0.233046557,0.697515774,0.67484328,0.604220941,0.73472149,0.568965505,0.514857428,0.462694074,0.348792837,0.470588174,0.807525362,0.851980193,0.373371935,0.190460874,0.17075561,0.1218091,0.24214523,0.923614029,0.865141645,0.912228706,0.933167203
38,MERETO,TAMBACOUNDA,10,Rainfed Groundnut and Cereals,50,0,0.000132609,0,1,2,Tropics lowland; semi-arid with soil/terrain limitations,15927.34862,1.996158493,16767.28453,2.101426812,17993.84616,2.25120057,18415.26631,2.29387971,0.057029402,0,0,0.002083507,0,0,0.837048877,0.006572893,0.151237592,0.81320547,0.890501179,0.759875863,0.861726846,0.309141943,0.374549331,0.451559393,0.399755423,0.296368705,0.282520375,0.285095746,0.247287442,0.718949813,0.743633004,0.620843799,0.738211226,0.810344798,0.454214675,0.375062556,0.55527323,0.220588217,0.602508382,0.740594161,0.38543174,0.090919351,0.222422357,0.070225593,0.239296015,0.929122087,0.863954836,0.911634519,0.917350185
39,BAMBEY,DIOURBEL,8,Rainfed Groundnut and Millet,21,0,0,0,0,2,Tropics lowland; semi-arid with soil/terrain limitations,27610.53232,27.52794848,26486.59317,26.35481907,26913.60362,26.5420154,25246.23531,24.65452667,0.464684015,0,0,0.393782815,0,0,0.093589636,0.00985934,0.087334384,0.793359513,0.803787258,0.780915944,0.833160052,0.764958826,0.835501877,0.591915926,0.763738998,0.275475479,0.263215296,0.254703391,0.264965275,0.402241452,0.408146271,0.506458978,0.532160974,0.172413839,0.378411233,0.47521284,0.587039402,0.485294043,0.879884194,0.814851515,0.771345945,0,0,0,0,0,0,0,0
40,YENNE,DAKAR,1,The Niayes Gardening and Fishing,20,0.003120399,0,0,1,2,Tropics lowland; semi-arid with soil/terrain limitations,67455.10202,19.06049789,71888.68628,20.16512939,78289.55758,21.8685915,83678.04599,23.34115648,0.142573505,0.004570384,0.056689342,0.075006251,0.00547046,0,0.478463868,0.081065685,0.27052358,0.531268104,0.527810175,0.509771628,0.514164192,0.437054921,0.419713608,0.385772029,0.387383906,0.338271082,0.362334441,0.393867693,0.370780185,0.631770589,0.760548492,0.794773707,0.815075292,0.396551666,0.408732612,0.512769142,0.348792837,0.602941176,0.481910326,0.5178218,0.674867359,0,0.250644054,0.122444061,0.674973332,0.623673199,0.9039733,0.804470095,0.793759659
41,BANDAFASSI,KEDOUGOU,15,Rainfed Maize and Artisanal Gold Mining,142,0,0,0.000113422,1,50,Land with severe soil/terrain limitations,14025.02741,2.310167585,14845.42494,2.429295523,14562.28825,2.369007361,15778.28782,2.561410361,0,0.013711152,0,0.002083507,0,0,0.365945991,0.706586039,0,0.853367758,0.759530107,0.656917773,0.827584017,0.091444405,0.186122125,0.078641845,0.115229714,0.508169859,0.549770242,0.573365058,0.519266838,0.887968302,1,0.888536242,0.926955438,0.206896568,0.393571921,0.350025021,0.269377316,0.602941176,0.397491545,0.505445575,0.530149548,0.550926986,0.018250325,0.208147011,0.612082867,0.932203783,0.912197659,0.970976207,0.935428349
42,DINDEFELO,KEDOUGOU,15,Rainfed Maize and Artisanal Gold Mining,147,0,0,0,0,50,Land with severe soil/terrain limitations,6538.768376,3.496667581,6657.818361,3.524520043,6341.259999,3.280527677,6853.444913,3.529065352,0,0.009140768,0,0.00312526,0,0,0.365945991,0.707681521,0,0.765775141,0.710071913,0.608504836,0.752163848,0.02269201,0.046788872,0.005820534,0.118858713,0.586135806,0.569851304,0.600069738,0.565610916,0.982094804,1,0.96888911,1,0.551724143,0.499696741,0.425137772,0.459974528,0.441176434,0.626628137,0.443564446,0.662807554,0.712580972,0.02632821,0.706187795,0.652313138,0.955261575,0.923181593,0.996773931,0.935917369
43,NINEFECHA,KEDOUGOU,15,Rainfed Maize and Artisanal Gold Mining,78,0,0,0.000122246,1,50,Land with severe soil/terrain limitations,8104.644347,2.044046494,8181.373934,2.060280517,7596.071642,1.902347018,8551.999084,2.127892283,0,0.013711152,0,0,0.00547046,0,0.404854042,0.668244161,0,0.829006886,0.763260327,0.732584414,0.780539514,0,0.03227184,0,0.015065162,0.489355299,0.590886198,0.508026043,0.488607748,0.923694452,0.88982636,0.911954052,0.89359737,0.482758689,0.560339676,0.387581323,0.52350687,0.695097927,0.457790572,0.715841562,0.481910329,0.442137652,0.068596236,0.297993827,0.777863556,0.940838266,0.918991349,0.980536046,0.941747111
44,TOMBORONCOTO,KEDOUGOU,16,National Park,134,0,0,1.13E-05,1,50,Land with severe soil/terrain limitations,19331.53456,3.491337288,20927.04915,3.750367231,22876.97682,4.076439205,24286.30646,4.301506635,0,0.009140768,0,0.001041753,0,0,0.342811475,0.733973095,0,0.830287947,0.701885259,0.653922475,0.823648261,0,0.096854889,0,0.101721351,0.412010071,0.536645678,0.510946209,0.488507775,0.934914428,0.910577609,0.906697362,0.957514332,0.31034485,0.469375365,0.312468722,0.285260496,0.779411783,0.415909539,0.437041548,0.626628137,0.220869575,0.010649978,0.019957734,0.819557718,0.929878324,0.914990652,0.962138356,0.920238561
45,BARKEDJI,LOUGA,6,Sylvopatoral Livestock and Gathering,51,0,0.000198477,0,1,53,Desert/Arid climate,28363.34169,1.435391786,28508.61676,1.439901851,28372.41908,1.428693242,29202.87551,1.463363175,0.052805002,0,0,0.001041753,0,0,0.036804913,0.003286447,0.962808333,0.900700869,0.907113586,0.866892873,0.84458677,0.76916671,0.774741367,0.843186659,0.815407591,0.226951199,0.19937546,0.219126245,0.168131953,0.256685071,0.399553484,0.286506912,0.345591183,0.672413891,0.575500364,0.56284436,0.634688659,0.588235304,0.602508382,0.790099064,0.602508525,1,1,0.875645889,0.34417583,0.852418677,0.839459605,0.854298906,0.813122079
46,GASSANE,LOUGA,9,Agropastoral Groundnut,53,0,0.002257639,0,1,2,Tropics lowland; semi-arid with soil/terrain limitations,22856.43362,1.230361933,23974.17742,1.283689089,23996.99538,1.27827174,24764.12248,1.314513641,0.388644812,0,0,0.001041753,0,0,0.041011189,0,0.629446598,1,0.971399473,1,0.958853944,0.825952156,0.958850368,0.552910309,0.515513146,0.362390211,0.276884557,0.305965409,0.229205551,0.347312044,0.475250533,0.463636265,0.580217664,0.517241414,0.24196486,0.375062556,0.205844974,0.573529435,0.638687942,0.876732643,0.819585167,0.29054581,0.428521758,0.681949972,0.740650056,0.776708987,0.818206604,0.864582736,0.805398979
47,THIARNY,LOUGA,6,Sylvopatoral Livestock and Gathering,51,0,0.00017493,0,1,53,Desert/Arid climate,10948.52305,1.162386989,11198.3338,1.185887303,11289.90902,1.191924516,11617.6749,1.220215829,0.478413315,0,0,0,0,0,0.07991924,0.003286447,0.496314915,0.960788501,0.993664678,0.904720022,0.896006998,0.797496905,0.776341979,0.591662794,0.683489235,0.321032479,0.292427503,0.275979522,0.201028324,0.39605218,0.375313406,0.440260384,0.41536514,0.913793184,0.666464493,0.500250375,0.39644219,0.85294113,0.590448578,0.814851515,0.626628137,1,0.945553337,0.587285339,0.822245439,0.738042215,0.804480285,0.859345344,0.798392401
48,THIEL,LOUGA,9,Agropastoral Groundnut,52,0,7.83E-05,0,1,2,Tropics lowland; semi-arid with soil/terrain limitations,19573.46515,1.090443741,20214.65429,1.123848018,19644.84083,1.090410792,20123.69828,1.112790217,0.081319703,0,0,0,0,0,0.361739716,0.003286447,0.611340689,0.878107503,0.847689971,0.913832572,0.862664436,0.808214873,0.887593751,0.32695636,0.643257315,0.330878569,0.256745826,0.297838735,0.240769844,0.351414877,0.516312019,0.550678371,0.56335021,0.637930959,0.439053987,0.47521284,0.491740701,0.602941176,0.795465557,0.790099064,0.686927164,1,0.182943757,0.442798987,0.596841536,0.89456139,0.802981141,0.891250809,0.828998496
49,BELE,TAMBACOUNDA,3,Valley Rice and Remittances,82,0,5.14E-05,0.00082397,2,2,Tropics lowland; semi-arid with soil/terrain limitations,20493.76917,5.948844462,20891.7554,6.045068114,20651.56433,5.925843422,21651.72067,6.189742903,0.0031683,0,0,0.001041753,0,0,0.837048877,0.001095482,0.209815533,0.978395791,0.956413401,0.915658081,1,0.820284147,0.42011183,0.458221058,0.528159109,0.248604413,0.201869135,0.284090304,0.224733722,0.360477635,0.759275873,0.619392895,0.466935671,0.189655202,0.30260761,0.337506255,0.491740701,0.279411783,0.891944001,0.765346611,0.879884194,0.100398064,0.01692287,0.086791561,0.009673379,0.867288779,0.873488864,0.872541393,0.904331556
50,SINTHIOU FISSA,TAMBACOUNDA,15,Rainfed Maize and Artisanal Gold Mining,57,0,3.75E-05,6.04E-05,2,50,Land with severe soil/terrain limitations,10734.70354,3.821539174,10506.74673,3.736396419,10084.73563,3.581227142,10940.1609,3.842697893,0.0052805,0,0,0.001041753,0,0,0.941154202,0.005477411,0.099049972,0.975057145,1,0.855926572,0.993879496,0.713823859,0.384807907,0.439249647,0.397470826,0.282811318,0.248523784,0.333209833,0.263281716,0.51550213,0.905515173,0.679518649,0.609582898,0.08620692,0.24196486,0.437656541,0.39644219,0.279411783,0.879884194,0.814851515,0.57838877,0.028955854,0.059250165,0.030012707,0.097971281,0.864486758,0.869410997,0.872466835,0.916702711
51,KIDIRA,TAMBACOUNDA,3,Valley Rice and Remittances,36,0,0,0.020734607,1,2,Tropics lowland; semi-arid with soil/terrain limitations,18430.00499,17.09647958,18926.86327,17.50866167,21121.43063,19.46675634,20118.49702,18.37305664,0.0063366,0.009140768,0.07558579,0.061463455,0.00547046,0,0.20821065,0.003286447,0.77429387,0.952858567,0.875129775,0.784752892,0.936494543,0.653288765,0.517576902,0.632336297,0.582817655,0.197640145,0.162646691,0.196694998,0.16466385,0.268647167,0.554241341,0.366049898,0.346502897,0.241379293,0.378411233,0.437656541,0.571156318,0.499999912,0.795465557,0.579702929,0.976362782,0,0,0,0,0.827454387,0.873288894,0.872878367,0.878351662
52,BEMBOU,KEDOUGOU,15,Rainfed Maize and Artisanal Gold Mining,160,2.14E-05,3.41E-05,0.000256517,3,2,Tropics lowland; semi-arid with soil/terrain limitations,26425.05632,4.818573362,27976.25224,5.068161637,28549.90031,5.149693419,30259.03792,5.419852752,0,0,0,0.001041753,0.00547046,0,0.490031126,0.5795101,0.002130107,0.84064128,0.810988831,0.699693294,0.826885551,0.116761369,0.07062758,0.107846745,0.07172445,0.460219542,0.430635978,0.497103909,0.426799327,0.960751494,0.896898049,0.906923383,0.978924693,0.344827575,0.439053987,0.387581323,0.30114358,0.610117964,0.433670962,0.476347699,0.554269161,0.438419255,0.141309295,0.441762294,0.537269057,0.948823429,0.920565589,0.946929878,0.974123204
53,MEDINA BAFFE,KEDOUGOU,15,Rainfed Maize and Artisanal Gold Mining,178,0,0.000100583,0.00019028,2,2,Tropics lowland; semi-arid with soil/terrain limitations,9632.182906,3.551689862,10013.973,3.691106892,10372.49728,3.799449555,11510.45467,4.168944102,0,0,0,0,0.00547046,0,0.334398923,0.742736953,0.001065053,0.788550496,0.702009722,0.657826719,0.565238249,0.109112119,0.033763277,0.093685543,0.133625789,0.566833694,0.585873657,0.600279891,0.519041905,0.961120356,0.965993289,0.940118307,0.979116274,0.551724143,0.499696741,0.249874812,0.380559102,0.816487189,0.451538842,0.474880446,0.535483297,1,0.354203246,0.649060412,0.755990925,0.974218927,0.924349642,0.963406488,0.983695947
54,BIGNONA,ZIGUINCHOR,11,Forest and Rainfed Rice,17,0,0,0,0,2,Tropics lowland; semi-arid with soil/terrain limitations,17148.22389,20.00959614,16622.49658,19.39614537,17151.86277,19.99051604,16001.99854,18.65034795,0.0052805,0,0,0.613592799,0,0,0.108311601,0.312212436,0.018105909,0.473559903,0.453197478,0.3204822,0.513211966,0.288838295,0.209002661,0.395877122,0.26472719,0.507183826,0.482023987,0.479511966,0.469352008,0.648711305,0.636981552,0.582656589,0.597099643,0.827586161,0.878714311,0.825738614,0.698221001,0.426470565,0.662807554,0.530198025,0.506029939,0,0,0,0,0,0,0,0
55,BIRKELANE,KAFFRINE,10,Rainfed Groundnut and Cereals,6,0,0,0,0,2,Tropics lowland; semi-arid with soil/terrain limitations,8000.168433,13.96189953,7893.819516,13.77629933,8600.032513,14.90473572,8186.990433,13.99485544,0.586135519,0,0,0.234394533,0,0,0.111466308,0,0.120351042,0.94243903,0.765132487,0.639375201,0.69699167,0.820793856,0.646617039,0.204890865,0.191412659,0.281169167,0.257258616,0.270681751,0.265623737,0.460088109,0.534503527,0.531972335,0.597190977,0.206896568,0.332928989,0.525287908,0.698221001,0.308823524,0.879884194,0.740594161,0.38543174,0,0,0,0,0,0,0,0
56,BOGHAL,SEDHIOU,12,"Forest, Rainfed Rice, and Groundnut",39,0,0,0,0,50,Land with severe soil/terrain limitations,19422.11336,5.09900587,20606.21502,5.334251882,21071.56946,5.416855902,21997.12226,5.646078608,0.069702602,0,0,0.007292274,0,0,0.230293598,0.770124009,0.004260214,0.692329846,0.642875538,0.562636243,0.848395676,0.112704155,0.269470745,0.266531932,0.159337552,0.508990953,0.518685082,0.508217436,0.381910731,0.946411204,0.901327274,0.965347125,0.900252654,0.482758689,0.62098243,0.212318511,0.412325274,0.544117697,0.940183365,0.480693124,0.373371935,0.302681573,0.087889262,0.00347481,0.021962109,0.92774084,0.905568761,0.928390503,0.914388577
57,DJINANY,SEDHIOU,12,"Forest, Rainfed Rice, and Groundnut",43,0.000284225,0.00084686,0.003746257,3,50,Land with severe soil/terrain limitations,5363.194917,5.176829071,5554.6404,5.250132703,5830.583414,5.500550391,6220.750132,5.8686322,0.041187901,0.050274223,0,0.004167014,0.00547046,0,0.096744343,0.885149643,0.044732246,0.549023089,0.595811987,0.434870918,0.734128502,0.112196564,0.182537437,0.127962606,0.144094118,0.587081122,0.590920267,0.563022277,0.479837084,0.878440436,0.889880694,0.941332727,0.963072384,0.586206868,0.711946559,0.500250375,0.52350687,0.485294043,0.674867359,0.567326703,0.204534515,0.373368088,0.134169507,0.00796642,0.034695746,0.923820285,0.904839556,0.935380891,0.921021998
58,NDIAMACOUTA,SEDHIOU,12,"Forest, Rainfed Rice, and Groundnut",48,0,0,0,0,50,Land with severe soil/terrain limitations,6647.408291,8.758113691,6798.104194,8.909704056,7518.962077,9.8415734,7321.445562,9.570517074,0.099273403,0,0,0.014584549,0,0,0.411163456,0.534595329,0.012780642,0.778445613,0.708498754,0.656660623,0.908385942,0.149323233,0.151028106,0.302910267,0.237529864,0.425120453,0.454930946,0.490673661,0.356140371,0.906357426,0.850587031,0.893782564,0.961431584,0.362068938,0.439053987,0.400100089,0.253494231,0.470588174,0.698986969,0.765346611,0.469850522,0.209688448,0.045758125,0.01406873,0.023730336,0.899920164,0.876817585,0.880440084,0.863218607
59,NDIAMALATHIEL,SEDHIOU,12,"Forest, Rainfed Rice, and Groundnut",43,8.56E-05,0.000358656,0.001128108,3,50,Land with severe soil/terrain limitations,22395.21027,4.744747939,22624.15164,4.75197472,22282.19101,4.66349749,24027.24966,5.026621267,0.095049003,0.018281536,0,0.006250521,0.00547046,0,0.235551443,0.723018273,0.013845695,0.667838959,0.634331351,0.560646342,0.835720604,0.146915801,0.18488115,0.273358679,0.210752615,0.509891422,0.53382267,0.545164801,0.384071472,0.901528157,0.814379308,0.933826961,0.907938533,0.60344823,0.605821739,0.56284436,0.539390145,0.691176568,0.590448578,0.505445575,0.481910329,0.265995041,0.21053593,0.01583873,0.060353858,0.909340408,0.894087462,0.923307458,0.910157986
60,TANKON,SEDHIOU,12,"Forest, Rainfed Rice, and Groundnut",48,0,0,0,0,50,Land with severe soil/terrain limitations,26585.9023,2.757873682,26537.25065,2.74428652,26262.82281,2.708624465,27912.06537,2.870135257,0.079207503,0,0,0.00312526,0,0,0.282872045,0.708777004,0.004260214,0.738298701,0.735355821,0.590066828,0.854605848,0.226013613,0.210872808,0.285217625,0.210232552,0.417781237,0.421287782,0.443115988,0.348135338,0.93408043,0.951770996,0.972091009,0.843468046,0.362068938,0.408732612,0.274912345,0.30114358,0.470588174,0.807525362,0.233168313,0.276893347,0.084431476,0.094367959,0.489690026,0.045259597,0.952985282,0.899035787,0.914399866,0.93180674
61,BONA,SEDHIOU,12,"Forest, Rainfed Rice, and Groundnut",38,0,0,0,0,2,Tropics lowland; semi-arid with soil/terrain limitations,11845.81701,5.896374818,12326.28478,6.078049692,12292.31534,5.94118673,12942.9892,6.175090268,0.0116171,0.009140768,0,0.004167014,0.278993435,0,0.047320602,0.921300557,0.047927406,0.552819623,0.367617614,0.271028206,0.646523669,0.124378752,0.036014071,0.044219887,0.073163416,0.739277254,0.763975558,0.923349784,0.665197849,0.973169106,0.924313427,1,0.910187147,0.896551818,0.909035689,0.804333886,0.872935129,0.647058782,0.57838877,1,0.626628137,0.148691172,0.100501638,0,0.096932145,0.950579894,0.939455452,0.961133009,0.960164631
62,DIACOUNDA,SEDHIOU,12,"Forest, Rainfed Rice, and Groundnut",0,0.001067044,0.000702736,0.001258757,3,2,Tropics lowland; semi-arid with soil/terrain limitations,11783.89458,5.161583258,12147.33413,5.320777107,12502.98739,5.462205062,13032.13736,5.571670527,0.042244001,0.031992687,0,0.004167014,0.240700219,0,0.065197274,0.847903247,0.072423636,0.566890449,0.530576827,0.337244835,0.694134991,0.142600935,0.036111557,0.061085203,0.095599348,0.6719912,0.681285463,0.705789507,0.512034018,0.948136939,0.938923956,1,0.965133555,0.827586161,0.848392936,0.713069562,0.618805572,0.882353044,0.759285995,1,0.638687942,0.293659531,0.095690893,0.003319905,0.201099407,0.948706069,0.962075776,0.965536711,0.965562808
63,INOR,SEDHIOU,12,"Forest, Rainfed Rice, and Groundnut",43,0,0,0,0,2,Tropics lowland; semi-arid with soil/terrain limitations,13370.04702,4.957377464,14092.73245,5.217598093,14525.48325,5.332409416,15095.21163,5.473245696,0.0084488,0.004570384,0,0.00312526,0.164113786,0,0.043114327,0.972788221,0.028756444,0.602601851,0.548186333,0.404042398,0.690140087,0.001094126,0,0.01438806,0.14764298,0.622153299,0.660254475,0.793211115,0.584362543,0.92858574,0.903799719,1,0.957546216,0.517241414,0.560339676,0.487731609,0.444091444,0.382352959,0.421611157,0.765346611,0.307057482,0.084057329,0.066625988,0.155705323,0.090335377,0.953268216,0.927856529,0.961213477,0.966319779
64,KANDION MANGANA,SEDHIOU,12,"Forest, Rainfed Rice, and Groundnut",37,0,0,0.000485444,1,2,Tropics lowland; semi-arid with soil/terrain limitations,3510.315954,3.939748546,3524.47264,3.877307635,3474.319052,3.756020596,3815.186573,4.106767033,0.0147854,0,0,0.002083507,0,0,0.022082948,1,0.002130107,0.510429031,0.567363893,0.4163541,0.779849162,0.038765039,0.033066456,0.097296575,0.032958673,0.736499173,0.704488993,0.588350069,0.494992892,0.972175612,0.950637321,1,1,0.724137982,0.666464493,0.287431187,0.269377316,0.558823566,0.843704779,0.790099064,0.662807554,0.355619802,0.195931511,0.004352966,0.069404754,0.934310252,0.928399422,0.95419698,0.950765894
65,BONCONTO,KOLDA,13,"Rainfed Maize, Cotton, and Cattle",65,0,0,0.000126067,1,50,Land with severe soil/terrain limitations,14725.19091,3.676701851,15495.84863,3.861412566,15738.63405,3.915083096,16833.439,4.179106007,0.0095049,0.050274223,0,0.002083507,0.092997812,0,0.22819046,0.786556242,0.026626337,0.653653357,0.719764419,0.583629682,0.804938112,0,0.10402508,0.027477041,0,0.506456529,0.528736757,0.587072968,0.480373212,0.95429665,0.807870488,0.926155429,0.871702924,0.620689596,0.196482703,0.450175307,0.491740701,0.529411826,0.457790572,0.709653448,0.204534515,0.347013114,0.546780769,0.784889233,0.520672521,0.945792323,0.932970136,0.970159769,0.987402775
66,LINKERING,KOLDA,13,"Rainfed Maize, Cotton, and Cattle",72,0,0,0.002525008,1,50,Land with severe soil/terrain limitations,24478.08077,3.991208343,24442.00796,3.979486806,24494.72931,3.985474993,26636.30325,4.328291071,0.0021122,0.013711152,0,0.001041753,0,0,0.15878691,0.914727663,0.007455374,0.637857771,0.620263646,0.585085668,0.775900294,0,0.062093181,0,0,0.619564243,0.663411655,0.627656706,0.55009155,0.852419171,1,1,0.98640436,0.620689596,0.484536053,0.350025021,0.539390145,0.514705957,0.506029939,0.740594161,0.288953296,0.235737749,0.95530036,0.879763573,1,0.957783165,0.92940648,0.980396157,0.996019017
67,MEDINA GOUNASS,KOLDA,13,"Rainfed Maize, Cotton, and Cattle",65,0,0,0,0,50,Land with severe soil/terrain limitations,61461.68066,5.859073466,65000.48045,6.191111577,69356.93166,6.594117861,69746.59471,6.622979272,0.027458601,0.013711152,0,0.008334028,0,0,0.32808951,0.650716445,0.059642994,0.69263733,0.698835113,0.669048202,0.838540963,0.091220209,0.087648067,0.083649016,0.035798761,0.499087275,0.53914222,0.502918579,0.483527539,0.897391483,0.917657966,0.860388377,0.864426293,0.724137982,0.393571921,0.47521284,0.698221001,0.529411826,0.518089744,0.728217787,0.174453116,0.421719892,0.562328564,0.58835474,0.921889352,0.94587715,0.926425768,0.965450833,0.983164493
68,SINTHIANG KOUNDARA,KOLDA,13,"Rainfed Maize, Cotton, and Cattle",58,0,0.004167282,0.005783828,2,50,Land with severe soil/terrain limitations,38939.38527,3.826966611,40029.83326,3.920265719,40893.4957,3.991556437,43519.21038,4.236683253,0.020065901,0.036563071,0,0.00312526,0.010940919,0,0.55627997,0.423951624,0.054317727,0.747695517,0.800309361,0.63525335,0.871285915,0.229685395,0.219173747,0.179959982,0.219742089,0.48451943,0.482384178,0.480899829,0.447428486,0.858762524,0.910752752,0.793008547,0.836025837,0.689655254,0.530018119,0.425137772,0.491740701,0.617647044,0.445730767,0.653960431,0.132175611,1,0.437218536,0.326153817,1,0.984100176,0.910211981,0.977014533,0.967334518
69,BOUNKILING,SEDHIOU,12,"Forest, Rainfed Rice, and Groundnut",10,0,0,0,0,2,Tropics lowland; semi-arid with soil/terrain limitations,10182.74928,16.45032194,10985.36736,17.74695858,11963.95175,19.1423228,10937.21609,17.27838245,0.015841501,0,0,0.101050088,0,0.112107623,0.108311601,0.846807765,0.009585481,0.571343243,0.556576516,0.436443291,0.688421632,0.211684436,0.031338704,0.123039612,0.288377039,0.567957757,0.648811011,0.693344102,0.552054887,0.84139537,0.787394268,0.931282062,0.770817432,0.327586212,0.439053987,0.387581323,0.380559102,0.161764654,0.38543174,0.802475289,0.083936317,0,0,0,0,0,0,0,0
70,BOYNGUEL BAMBA,TAMBACOUNDA,14,Rainfed Maize and Lumber,80,0,3.68E-05,0,1,2,Tropics lowland; semi-arid with soil/terrain limitations,17797.91527,1.642783392,18254.24748,1.681644171,19083.04743,1.754117789,20138.06256,1.84448274,0.0031683,0,0,0.001041753,0,0,1,0.008763858,0.029821497,0.939234432,0.911249403,0.859137041,1,0.662469537,0.09746412,0.243452589,0.361726529,0.309135075,0.341332029,0.384541308,0.322507597,0.557891404,0.922682733,0.681045043,0.636638776,0.293103487,0.272286235,0.299949956,0.30114358,0.441176434,0.723106581,0.913861467,0.325132713,0.257370335,0.56220038,0.369782914,0.533242215,0.887150153,0.875417775,0.917254404,0.921398914
71,DOUGUE,TAMBACOUNDA,13,"Rainfed Maize, Cotton, and Cattle",86,0,0,0,0,50,Land with severe soil/terrain limitations,9025.767559,1.176455626,9348.129966,1.217045953,9473.322123,1.230621216,9791.799011,1.270672075,0.0031683,0,0,0.001041753,0,0,1,0.026291574,0.015975802,0.925566015,0.954676535,0.73763341,1,0.390354918,0.047202594,0.091840974,0.240486095,0.35757691,0.398323229,0.43898155,0.386896916,0.732704108,0.889807511,0.741237916,0.813265612,0.482758689,0.363250364,0.662994494,0.666454829,0.85294113,0.686927164,0.975742599,0.602508525,0.229915892,0.257000379,1,0.713525195,0.89474212,0.874963273,0.909154137,0.910989944
72,KOUSSAN,TAMBACOUNDA,14,Rainfed Maize and Lumber,87,0,0,0,0,2,Tropics lowland; semi-arid with soil/terrain limitations,8250.261908,3.01324394,8270.268058,3.007370203,8684.343466,3.112667909,9345.575821,3.318741414,0.0031683,0,0,0.001041753,0,0,1,0.006572893,0.031951604,0.939829726,0.945793892,0.830632294,0.996384002,0.447807361,0.279555536,0.116761405,0.387706403,0.313866433,0.359551603,0.392872806,0.348209144,0.684222654,0.912266665,0.741387435,0.680535081,0.431034391,0.272286235,0.47521284,0.52350687,0.691176568,0.819585167,0.876732643,0.180414905,0.197828714,0.208386254,0.386650293,0.211491786,0.869885916,0.861023881,0.883984748,0.910103029
73,SINTHIOU MAMADOU BOUBOU,TAMBACOUNDA,14,Rainfed Maize and Lumber,80,0,0,0,0,2,Tropics lowland; semi-arid with soil/terrain limitations,17885.71142,2.028318374,18109.58406,2.051845011,18359.15066,2.078708182,19227.89478,2.167255949,0.0010561,0,0,0,0,0,1,0.001095482,0.042602139,0.916023918,0.98401449,0.86451822,1,0.839939583,0.320857806,0.425813226,0.411798489,0.270404294,0.268876503,0.338447303,0.281294058,0.460560859,0.821385409,0.610891447,0.556006081,0.137931011,0.21164339,0.425137772,0.539390145,0.499999912,0.795465557,0.988118824,0.433671107,0.279020253,0.46938161,0.219833011,0.299951584,0.895680018,0.866164823,0.897770161,0.928057679
74,SANTHIABA MANJACK,ZIGUINCHOR,11,Forest and Rainfed Rice,3,0,0,0.077332671,1,2,Tropics lowland; semi-arid with soil/terrain limitations,3359.870176,2.635192295,3314.493387,2.583393131,3149.894263,2.422995587,3431.601947,2.633616229,0,0.685557587,0.094482237,0.00312526,0.826039387,0,0.014721965,0.426142588,0.306735398,0.029527362,0,0,0.008531949,0.10924534,0.088390515,0.077894382,0.124548653,1,1,1,1,0.66442438,0.639738301,0.665840408,0.664571337,0.465517323,0.348089676,0.537806677,0.602922487,0.499999912,0.40955135,0.270296989,0.662807554,0.031067781,0.597860404,0.363999877,0.151469082,0.994691476,0.999232258,0.988558139,1
75,DIEMBERING,ZIGUINCHOR,11,Forest and Rainfed Rice,5,0.000809445,0,0.000510248,2,2,Tropics lowland; semi-arid with soil/terrain limitations,21707.42934,4.138690056,22273.98183,4.235402516,22851.90392,4.326373328,22791.81396,4.276137704,0.0063366,1,0.037792895,0.012501042,0.847921225,0,0.050475309,0.232242233,0.173603715,0.012884873,0,0.012981685,0,0.073013815,0,0,0.041568696,0.737716302,0.702222569,0.759994703,0.736534107,0.692782976,0.501532139,0.615891653,0.593769455,0.396551666,0.469375365,0.525287908,0.587039402,0.602941176,0.445730767,0.418811847,0.493970134,0.180905519,0.514917717,0.225747834,0.128980183,0.971288009,1,0.973207602,0.993150447
76,BODE LAO,SAINT LOUIS,6,Sylvopatoral Livestock and Gathering,10,0,0.042595134,0.057086155,2,53,Desert/Arid climate,3468.444533,3.824084381,3557.800882,3.909671299,3561.54012,3.900920175,3803.290115,4.120574339,0,0.324497258,0.018896447,0.004167014,0,0.112107623,0.02944393,0,0.946832531,0.951255561,0.834051846,0.82855412,0.636049178,0.957843475,0.750410193,0.813554298,0.921010492,0.174721956,0.141831406,0.159251993,0.133852339,0.107384583,0.124764819,0.146312267,0.072950042,0.862068886,0.68162518,0.637956961,0.571156318,0.867646999,0.518089744,0.790099064,0.481910329,0,0,0,0,0,0,0,0
77,AERE LAO,SAINT LOUIS,6,Sylvopatoral Livestock and Gathering,14,0,0,0,0,53,Desert/Arid climate,12527.7251,9.497896209,14279.26036,10.82582286,15795.54016,11.92116239,14914.56782,11.2562776,0.0010561,0,0,0.042711893,0,0,0.011567258,0,1,0.911180422,0.959305288,0.875560658,0.760790842,0.910129904,0.943970398,1,1,0.134371037,0.11826943,0.104217721,0.104391093,0.103947182,0.155960452,0.14674753,0.106512812,0.741379345,0.727107246,0.550325443,0.587039402,0.720588305,0.445730767,0.715841562,0.518089744,0.0925819,0,0.151590596,0,0.535117396,0.666381937,0.665151569,0.710620769
78,DOUMGA LAO,SAINT LOUIS,6,Sylvopatoral Livestock and Gathering,52,0.002901173,0.021106739,0.029006836,3,53,Desert/Arid climate,40100.21931,2.513332455,40122.11917,2.510613802,39618.50338,2.460623774,41990.03875,2.584002384,0,0.146252285,0.018896447,0.001041753,0,0,0.017876672,0.001095482,1,0.924338248,0.955918279,0.865623795,0.840750018,0.833413978,0.862641977,0.70458028,0.884821099,0.165294137,0.135885242,0.133702168,0.117902757,0.177689792,0.236047788,0.263135764,0.163688974,0.568965505,0.590661052,0.487731609,0.428208359,0.941176522,0.493970134,0.876732643,0.518089744,0.681005639,0.658907044,0.403167126,0.617110378,0.733014123,0.789285492,0.809356909,0.766287506
79,MADINA NDIATHBE,SAINT LOUIS,6,Sylvopatoral Livestock and Gathering,11,0.005486704,0.023117045,0.046032205,3,53,Desert/Arid climate,32072.85841,2.965590237,32383.87697,2.986340555,34106.93413,3.127928662,35174.94018,3.201505432,0,0.12797075,0.037792895,0.002083507,0,0,0.00946412,0,1,0.95038455,0.982672606,0.840581452,0.852903338,0.807818795,0.865935728,0.603490356,0.804257453,0.155469513,0.14501694,0.124156393,0.112813169,0.151435149,0.201873522,0.189581926,0.213554097,0.396551666,0.454214675,0.47521284,0.444091444,0.838235261,0.337192518,0.752970386,0.481910329,0.576696005,0.567191335,0.315790326,0.346154769,0.684537178,0.753156092,0.79592918,0.785162694
80,MERY,SAINT LOUIS,6,Sylvopatoral Livestock and Gathering,12,0.000220434,0.003202347,0.020252188,3,53,Desert/Arid climate,16398.52662,4.18864026,16420.64907,4.166619911,16437.91264,4.143663383,17125.42545,4.308283131,0,0.100548446,0.037792895,0.00312526,0,0,0.006309414,0,1,0.954178689,0.982340722,0.82441332,0.863520549,0.831960862,0.796228792,0.564632175,0.907435261,0.161593968,0.139911695,0.160934351,0.137202351,0.166578911,0.269680977,0.231382024,0.242353169,0.379310304,0.696785871,0.587881893,0.507623785,0.808823521,0.698986969,0.889108869,0.518089744,0.405614577,0.229273242,0.26035979,0.425923407,0.688933168,0.755017238,0.77944812,0.774548296
81,GOLLERE,SAINT LOUIS,6,Sylvopatoral Livestock and Gathering,16,0,0,0,0,53,Desert/Arid climate,4091.659293,14.15799063,3752.724408,12.98520556,3604.333467,12.4717421,3974.967312,13.75421215,0,0,0.018896447,0.162513543,0,0,0.013670396,0,0.820091169,0.936027008,0.977284252,0.875560658,0.768408654,0.966980117,1,0.655578011,0.86661584,0.12657316,0.107282665,0.121596707,0.099954594,0.118892284,0.158780139,0.2132266,0.135952894,1,0.772589491,0.875813833,0.714104086,1,0.493970134,0.851980193,0.57838877,0,0,0,0,0,0,0,0
82,MBOUMBA,SAINT LOUIS,6,Sylvopatoral Livestock and Gathering,18,0,0.000189322,0.010228241,2,53,Desert/Arid climate,4627.509094,13.61032087,4740.570336,13.94285393,4939.380207,14.52758885,4775.566145,14.04578278,0,0.009140768,0,0.133344445,0,0,0.005257845,0,0.917011034,0.979308158,1,0.866181452,0.730319596,0.903023628,0.897216726,0.545432498,1,0.135732571,0.119857878,0.140353912,0.120366929,0.171932198,0.195259849,0.243620029,0.160978485,0.517241414,0.727107246,0.725588478,0.539390145,0.794117652,0.614568332,0.864356418,0.626628137,0,0,0,0,0,0,0,0
83,WALALDE,SAINT LOUIS,3,Valley Rice and Remittances,10,0,0.052267844,0.151207337,2,52,Dominantly hydromorphic soils,2562.05573,8.511813055,2528.787448,8.183778147,2680.320199,8.590769867,2617.87212,8.39061577,0,0.223948812,0.188964475,0.021876823,0,0,0.00946412,0,0.945767478,0.873509791,0.690519791,0.816727457,0.62462246,0.918251363,0.781267617,0.584842361,0.706979361,0.228069338,0.136801321,0.173561112,0.121947239,0.110687672,0.060884107,0.090711115,0.053934715,0.327586212,0.560339676,0.400100089,0.317026668,0.750000046,0.469850522,0.790099064,0.650747747,0,0,0,0,0,0,0,0
84,COKI,LOUGA,5,Rainfed Cowpea and Groundnut,51,0,0,0,0,53,Desert/Arid climate,21871.10552,3.673963635,23159.96716,3.828726593,23995.37051,3.95115602,24816.58359,4.084362013,0.815309226,0,0,0.011459288,0,0,0.001051569,0,0.228986495,0.790955005,0.812935035,0.921252939,0.902150186,1,0.994464365,0.863191581,0.967132343,0.227826512,0.180176312,0.209952991,0.202517348,0.246004665,0.444367509,0.416607476,0.394712025,0.293103487,0.272286235,0.462694074,0.317026668,0.279411783,0.397491545,0.740594161,0.867824389,0.645143788,0.551094615,0.398853086,0.607479729,0.639323691,0.771037772,0.792277355,0.732004884
85,GUET ARDO,LOUGA,5,Rainfed Cowpea and Groundnut,50,0,0,0,0,53,Desert/Arid climate,8695.274645,2.608060781,9084.406476,2.723143428,9213.54883,2.729131762,9669.436658,2.835611923,0.757223724,0,0,0.006250521,0,0,0.001051569,0,0.29182465,0.738055821,0.810573457,0.925464527,0.837980399,0.909347356,1,0.791643096,0.923369261,0.232458579,0.177549078,0.206557428,0.194236032,0.301768226,0.433943161,0.443467526,0.401938234,0.379310304,0.393571921,0.375062556,0.364675922,0.205882348,0.469850522,0.579702929,0.650747747,0.649054711,0.366095836,0.260733148,0.543237356,0.627081248,0.789818147,0.813797854,0.73617338
86,NDIAGNE,LOUGA,5,Rainfed Cowpea and Groundnut,49,0,0,0,0,2,Tropics lowland; semi-arid with soil/terrain limitations,5652.585712,9.436704026,5672.776584,9.47041166,5980.63148,9.804313901,6052.214415,9.777406163,0.547059818,0,0,0.078131511,0,0,0.004206276,0,0.428151493,0.736452816,0.814574636,0.89431907,0.830303373,0.957843475,0.915918195,0.853637833,0.885535719,0.235568175,0.177401029,0.206143072,0.185762002,0.29536409,0.410168571,0.421614223,0.410834302,0.293103487,0.272286235,0.287431187,0.317026668,0.235294089,0.421611157,0.567326703,0.638687942,0.539085006,0,0.072618734,0.452413371,0.636634286,0.786858234,0.805166106,0.730336415
87,PETE OUARACK,LOUGA,5,Rainfed Cowpea and Groundnut,41,0,0,0,0,53,Desert/Arid climate,6992.851831,3.921958402,7842.92759,4.29749457,8156.319717,4.408821469,8526.7115,4.591659397,0.907189929,0,0,0.005208767,0,0,0.004206276,0,0.139522004,0.7625799,0.810978843,0.937215852,0.870487329,0.977681561,0.854203346,1,0.889083196,0.214392109,0.1892201,0.206529017,0.195580659,0.214054279,0.438391828,0.354234987,0.316172428,0.293103487,0.272286235,0.350025021,0.364675922,0.441176434,0.650747747,0.740594161,0.73516653,0,0.441099906,0.139230629,0.506867094,0.598675874,0.749381065,0.773925464,0.68045772
88,THIAMENE,LOUGA,5,Rainfed Cowpea and Groundnut,52,0,0,0,0,53,Desert/Arid climate,17910.64841,3.192059956,18477.48716,3.276150206,18948.05906,3.347713616,19681.13496,3.469875697,0.803692126,0,0,0.005208767,0,0,0,0,0.248157458,0.839045172,0.894726449,1,0.958853944,1,0.996364184,0.885396697,1,0.233613269,0.16658731,0.214068305,0.18782551,0.180024614,0.409711506,0.456717933,0.457358586,0.534482777,0.30260761,0.387581323,0.285260496,0.514705957,0.276893347,0.715841562,0.723106581,0,0.73559382,0.303612882,0.707803035,0.644064503,0.787335512,0.829435759,0.757295377
89,COLOBANE,FATICK,8,Rainfed Groundnut and Millet,36,0,0,0,0,2,Tropics lowland; semi-arid with soil/terrain limitations,26650.81226,2.823777522,28035.60427,2.945225787,28315.1561,2.96400671,28867.05887,3.015781327,0.698082122,0,0,0.00312526,0,0,0.005257845,0,0.351467644,0.907486893,0.817916256,0.922864479,0.835064505,0.956723757,0.804791136,0.405795084,0.53853226,0.284805347,0.233613037,0.294997821,0.270425935,0.380752031,0.557267377,0.684058056,0.681139779,0.241379293,0.196482703,0.400100089,0.364675922,0.132352913,0.723106581,0.851980193,0.57838877,0,0.103013065,0.165923659,0.240684353,0.71717485,0.813637739,0.86574176,0.811617347
90,MBAR,FATICK,8,Rainfed Groundnut and Millet,37,0,0,0,0,2,Tropics lowland; semi-arid with soil/terrain limitations,35562.54142,2.190621007,36144.98024,2.2176195,35239.76251,2.154151385,35903.35895,2.180454206,0.712867523,0,0,0.005208767,0,0,0.011567258,0,0.326971414,0.901092789,0.778247925,0.787719183,0.772721435,0.750455578,0.841862535,0.48077161,0.534765462,0.267407691,0.217876433,0.244184787,0.2434683,0.41775812,0.478601609,0.664223178,0.61294725,0.275862121,0.21164339,0.462694074,0.364675922,0.426470565,0.940183365,0.641584206,0.75928614,0.026721883,0.050157177,0.173006962,0.158441105,0.767797914,0.802498551,0.887382815,0.836464009
91,DAGANA,SAINT LOUIS,2,"Delta Rice, Horticulture, and Agricultural Labor",2,0,0,0,0,53,Desert/Arid climate,22408.32326,23.00649205,23284.74388,23.23826735,24399.3184,24.32633938,22860.80713,22.79242984,0.0042244,0.493601463,0.018896447,0.240645054,0.010940919,1,0.156683772,0.018623198,0.460103097,0.602601851,0.508033315,0.531088005,0.427511586,0.585271547,0.581161897,0.577768795,0.715256808,0.292424932,0.263744778,0.213993309,0.22703784,0.206159518,0.199370356,0.217184889,0.193168882,0,0.014554263,0.062093159,0,0.529411826,0.108055927,0.307425815,0.542209356,0,0,0,0,0,0,0,0
92,DAKAR PLATEAU,DAKAR,0,Urban Area - Dakar,5,0,0,0,0,56,Dominantly built-up land,68198.29569,104.1195354,67710.71602,103.375139,63530.47694,96.99309457,65235.19323,99.59571486,0,0.050274223,0.094482237,0.800066672,0.016411379,0,0.002103138,0.006572893,0.219401014,0.015901815,0.080133994,0.130340117,0.069474441,0.575119723,0.324016696,0.367582862,0.619474921,0,0,0,0,0,0,0,0,0.448275961,0.742267934,0.537806677,0.269377316,0.544117697,0.493970134,0.740594161,0.506029939,0.382296121,0,0.806512512,0.44479871,0.610997975,0.868892681,0.712208848,0.752496971
93,FANN POINT E AMITIE,DAKAR,0,Urban Area - Dakar,13,0,0,0,0,56,Dominantly built-up land,60900.45613,107.9795321,60456.57762,107.1925135,57612.84915,102.1504418,59382.38453,105.2879158,0,0.009140768,0.056689342,0.927160597,0.021881838,0,0.002103138,0.006572893,0.096919865,0.003077771,0.056761342,0,0,0.244170271,0.242665305,0.334236055,0.322669319,0.1550416,0.213708671,0.170504382,0.223087065,0.236740344,0.178077377,0.25286648,0.223542462,0,0,0,0,0,0,0,0,0,0,0,0,0,0,0,0
94,GOREE,DAKAR,,,11,0,0,0,0,56,Dominantly built-up land,997.933917,45.36063259,835.8054857,37.99115844,805.660718,36.62094173,953.554637,43.34339259,0,0.169104205,0,0.458371531,0.027352298,0,0.033650206,0,0.516550931,0.501612501,0.554778619,0.517445524,0.623670234,0.67257723,0.721422915,0.733387227,1,0.4112424,0.41449874,0.404327186,0.410601031,0.217503224,0.257898993,0.219209184,0.245360167,0.586206868,0.499696741,0.512769142,0.666454829,0.632352913,0.264833542,0.381683169,0.38543174,0,0,0,0,0,0,0,0
95,GUEULE TAPEE-FASS-COLOBANE,DAKAR,0,Urban Area - Dakar,9,0,0,0,0,56,Dominantly built-up land,32851.20345,139.7923551,31740.85771,135.0674796,30797.10381,131.0515056,31014.60196,131.9770296,0,0,0.018896447,1,0,0,0,0,0.026626337,0.058381463,0.162837224,0.180646767,0.155174822,0.455328204,0.362354708,0.396887631,0.569810238,0.056516042,0.041759192,0.042955389,0.09389674,0.067261242,0.048636088,0.074358594,0.048545993,0.034482729,0.014554263,0.012018016,0.174078709,0,0,0,0,0,0,0,0,0,0,0,0
96,MEDINA,DAKAR,0,Urban Area - Dakar,11,0,0,0,0,56,Dominantly built-up land,44078.66553,148.9144106,42131.51104,142.3361859,41304.03906,139.5406725,41530.18479,140.3046783,0,0,0,0.97612301,0,0,0.003154707,0,0.062838154,0.044755915,0.179018291,0.180646767,0.153270369,0.455328204,0.387601691,0.415076799,0.63366483,0.007253263,0.021638852,0,0.016724945,0.022923188,0.013830568,0.02769826,0.008815584,0.396551666,0.272286235,0.437656541,0.332909753,0.249999957,0,0.270296989,0,0,0,0,0,0,0,0,0
97,DAKATELY,KEDOUGOU,15,Rainfed Maize and Artisanal Gold Mining,103,0,0,0,0,50,Land with severe soil/terrain limitations,2960.517174,2.399122507,2903.771978,2.345534716,2984.048777,2.39490271,3178.012468,2.530264704,0,0,0,0.001041753,0,0,0.46689661,0.607992638,0,0.865859923,0.799348379,0.712419319,0.768599099,0.071120253,0.021279464,0.05432498,0.140100917,0.494193266,0.585807157,0.588893328,0.509224707,1,0.967245484,1,1,0.689655254,0.423893299,0.500250375,0.332909753,0.441176434,0.506029939,0.641584206,0.493970134,0.441301378,0,0.344876008,0.422337073,0.937148429,0.909596232,0.985242985,0.925857227
98,KEVOYE,KEDOUGOU,15,Rainfed Maize and Artisanal Gold Mining,85,0,0,0.000107386,1,2,Tropics lowland; semi-arid with soil/terrain limitations,3989.085015,1.899564293,3903.54613,1.856179805,3934.048725,1.862712465,4096.310418,1.939540918,0,0,0,0,0,0,0.368049129,0.666053197,0,0.78799786,0.754953767,0.656227077,0.794004567,0.028221598,0.056259289,0.089940252,0.075148632,0.590842144,0.626453636,0.622240654,0.560713707,1,0.99173883,0.955220178,0.998520301,0.724137982,0.711946559,0.625438194,0.55527323,0.308823524,0.481910326,0.592079302,0.108055999,0.181322731,0.004815972,0.217408772,0.43590343,0.936709627,0.916423835,0.995778884,0.935464544
99,OUBADJI,KEDOUGOU,15,Rainfed Maize and Artisanal Gold Mining,91,0,0,5.90E-05,1,50,Land with severe soil/terrain limitations,4051.804246,1.630504727,3884.670808,1.56073556,3880.139897,1.555789855,4160.113575,1.651494075,0,0.013711152,0,0,0.00547046,0,0.237654581,0.841330354,0,0.687561146,0.690419842,0.63255396,0.746320904,0.026345009,0.059157139,0,0.082034202,0.644044837,0.683569726,0.687012967,0.606546768,0.955996242,0.881540602,0.954692492,0.995147145,0.60344823,0.68162518,0.487731609,0.571156318,0.367647087,0.518089744,0.604455527,0.204534515,0.09164465,0.031132763,0.022949969,0.610711097,0.934442733,0.901425014,0.989013942,0.950914525
100,DAR SALAM,KEDOUGOU,15,Rainfed Maize and Artisanal Gold Mining,70,0,0,5.99E-05,1,50,Land with severe soil/terrain limitations,4232.052265,1.659628339,4239.144631,1.659156411,4242.287909,1.65005364,4355.056993,1.688661106,0,0.02285192,0,0,0.010940919,0,0.325986372,0.748214364,0,0.764775545,0.73782752,0.635126167,0.775587255,0,0.050975246,0.079044069,0.035914904,0.609769582,0.632080914,0.649305578,0.536073053,0.942938079,0.931094797,0.962176154,1,0.60344823,0.636143118,0.56284436,0.618805572,0.632352913,0.614568332,0.864356418,0.240713932,0.104512107,0.003153301,0.073665417,0.33788859,0.933858073,0.900890857,0.992082886,0.93440315
101,ETHIOLO,KEDOUGOU,15,Rainfed Maize and Artisanal Gold Mining,114,0,0,0,0,50,Land with severe soil/terrain limitations,4592.2909,1.471416501,4595.376846,1.468640731,4657.066681,1.486930613,4726.980104,1.507808646,0,0,0,0,0,0,0.322831665,0.758073704,0,0.704856556,0.737905271,0.681158446,0.592214299,0.019444747,0.082444471,0.083886842,0.160053933,0.663118525,0.647364784,0.703587125,0.606873421,0.952454701,0.958884317,0.925288093,0.937865481,0.517241414,0.575500364,0.637956961,0.39644219,0.485294043,0.518089744,0.666336659,0.276893347,0.069576477,0.008695237,0.189362621,0.489271862,0.935764804,0.904383883,0.992915538,0.939266539
102,DAROU MINAM,KAFFRINE,9,Agropastoral Groundnut,50,0,0.002629223,0,1,2,Tropics lowland; semi-arid with soil/terrain limitations,28646.1359,2.268102605,28807.21944,2.268642262,29750.33098,2.336841644,31048.83526,2.420584335,0.273529909,0,0,0.001041753,0,0,0.383822663,0.001095482,0.397264943,0.945817592,0.827436697,0.9793386,0.88356528,0.808738565,0.723219726,0.337154211,0.403119994,0.35257552,0.263230863,0.311534523,0.258233155,0.392690437,0.561194324,0.500308249,0.660483187,0.482758689,0.30260761,0.387581323,0.332909753,0.705882436,0.759285995,0.703465334,0.843704779,0.04394103,0.11259228,0.462039994,0.410113391,0.813382447,0.827205323,0.881268539,0.812564125
103,KHELCOM,KAFFRINE,9,Agropastoral Groundnut,44,0,0,0,0,2,Tropics lowland; semi-arid with soil/terrain limitations,8405.307321,1.629251274,9158.709503,1.768432034,9590.071331,1.845664228,9834.400098,1.890503671,0.445674214,0,0,0,0,0,0.080970808,0,0.531461679,0.968888622,0.864739179,1,0.892198092,0.916235513,0.797163866,0.374124489,0.513848999,0.273286142,0.21165462,0.25444846,0.226673889,0.344308846,0.523435662,0.520899371,0.677421512,0.379310304,0.21164339,0.350025021,0.332909753,0.794117652,0.904003806,1,1,0.032162205,0.084743545,0.117017173,0.154155989,0.742792551,0.795245037,0.875821205,0.835546662
104,NDIOBENE SAMBA LAMO,KAFFRINE,9,Agropastoral Groundnut,20,0,0,0,0,2,Tropics lowland; semi-arid with soil/terrain limitations,9267.998972,2.256634763,9454.572895,2.28758115,9733.813058,2.344367307,10299.44297,2.457514428,0.194322406,0,0,0.001041753,0,0,0.680365105,0,0.177863929,0.910209157,0.799878223,0.710477419,0.795070995,0.695926425,0.581916615,0.380719483,0.309661903,0.326690015,0.234788489,0.317498628,0.269253764,0.483256123,0.681312379,0.614545767,0.741050071,0.465517323,0.21164339,0.612919428,0.507623785,0.85294113,0.638687942,0.579702929,0.602508525,0.005385464,0.039694719,0.041178071,0.090516987,0.808033961,0.817195606,0.857986144,0.828972689
105,NDIOUM NGAINTH,KAFFRINE,9,Agropastoral Groundnut,36,0,0,0,0,1,Tropics lowland; semi-arid no soil/terrain limitations,13510.19496,2.698261426,14119.02294,2.787015976,14178.72252,2.779051846,15003.43401,2.903703117,0.265081108,0,0,0.002083507,0,0,0.552073694,0,0.236441869,0.938965852,0.871208369,0.769420768,0.836675966,0.813012077,0.799301176,0.469846403,0.440772039,0.302410998,0.207763643,0.293110947,0.255127162,0.424857022,0.606241842,0.647541753,0.705241617,0.482758689,0.151000637,0.437656541,0.332909753,0.647058782,0.698986969,0.703465334,0.698986969,0.043876261,0.116075317,0.126461306,0.168987242,0.805357466,0.816016638,0.855723933,0.820118042
106,DAROU MARNANE,LOUGA,5,Rainfed Cowpea and Groundnut,44,0,0,0,0,2,Tropics lowland; semi-arid with soil/terrain limitations,14118.06343,4.449436945,14606.37088,4.593198389,14966.71798,4.640842783,15098.25169,4.554525397,1,0,0,0.008334028,0,0,0.001051569,0,0.040472032,0.868073511,0.827826889,0.998840806,0.888727426,0.808174841,0.976054803,0.981048737,0.567445254,0.295287129,0.229393641,0.270264924,0.219170534,0.384119482,0.540378253,0.507264053,0.699106904,0.517241414,0.378411233,0.512769142,0.221728059,0.705882436,1,0.765346611,1,0.004495584,0.603747098,0.240264976,0.67439678,0.680215931,0.829275072,0.85314259,0.791173924
107,DAROU MOUHTY,LOUGA,5,Rainfed Cowpea and Groundnut,50,0,0.000258341,0,1,2,Tropics lowland; semi-arid with soil/terrain limitations,48456.80297,5.222200989,48902.60903,5.254954763,50729.67655,5.437847202,50587.68499,5.370812718,1,0,0,0.012501042,0,0,0.002103138,0,0.039406978,0.869692752,0.821766221,1,0.8312556,0.778156196,0.801304905,0.849451438,0.624379131,0.28917041,0.245512214,0.276610884,0.232099709,0.489595971,0.59189756,0.540936616,0.709665939,0.448275961,0.348089676,0.36254379,0.269377316,0.602941176,0.940183365,0.790099064,0.783405752,0.024521104,0.445386828,0.241614193,0.425702566,0.664837805,0.808864861,0.852764009,0.777760636
108,MBACKE CAJOR,LOUGA,5,Rainfed Cowpea and Groundnut,42,0,0,0,0,2,Tropics lowland; semi-arid with soil/terrain limitations,7918.821977,4.001425961,8035.335514,4.031778983,8305.193347,4.089213859,8496.708227,4.142714884,0.94520953,0,0,0.007292274,0,0,0,0,0.101180079,0.831030144,0.789404087,0.963384131,0.869344657,0.815717944,1,0.971867421,0.561502628,0.270943962,0.208053371,0.249807997,0.200183027,0.296405174,0.498650626,0.442726954,0.687213969,0.431034391,0.272286235,0.375062556,0.237611146,0.661764654,0.988422587,0.790099064,1,0,0.601360541,0.109831542,0.203752478,0.656223292,0.803201022,0.836920173,0.781199318
109,MBADIANE,LOUGA,5,Rainfed Cowpea and Groundnut,53,0,0.000664922,0,1,2,Tropics lowland; semi-arid with soil/terrain limitations,9717.668689,2.503908449,10070.48797,2.586155102,10410.97704,2.664016644,10920.36123,2.794360601,1,0,0,0.00312526,0,0,0.001051569,0,0.040472032,0.899959383,0.900382272,0.989311161,0.852204581,0.741957116,0.622305129,0.809933306,0.942295356,0.298881619,0.244826727,0.248632362,0.22440399,0.48908822,0.415839396,0.47720958,0.491301275,0.568965505,0.454214675,0.237356046,0.237611146,0.632352913,0.795465557,0.814851515,0.650747747,0.008387574,0.748654622,0.488187661,0.714525554,0.685882648,0.804407099,0.858296905,0.776529503
110,NDOYENE,LOUGA,5,Rainfed Cowpea and Groundnut,49,0,0,0,0,2,Tropics lowland; semi-arid with soil/terrain limitations,8661.224622,3.14382019,8992.293219,3.259258144,8813.666302,3.172666055,9140.403523,3.249343592,0.862833728,0,0,0.004167014,0,0,0.003154707,0,0.185319303,0.859884244,0.774121969,1,0.85791794,0.809910664,0.783511793,0.996119644,0.680964527,0.273333417,0.212839989,0.253611702,0.211267665,0.383729494,0.599305729,0.513487233,0.635848209,0.60344823,0.363250364,0.56284436,0.39644219,0.499999912,0.662807554,0.864356418,0.867824389,0,0.211458659,0.149118844,0.578711915,0.662858687,0.82372509,0.851933925,0.783168932
111,SAM YABAL,LOUGA,5,Rainfed Cowpea and Groundnut,52,0,0.000346756,0,1,2,Tropics lowland; semi-arid with soil/terrain limitations,12489.94269,2.137956639,12598.0797,2.147644,12549.75566,2.138312431,13071.01948,2.227128894,0.92514363,0,0,0.002083507,0,0,0.003154707,0,0.125676309,0.925375001,0.965597926,1,0.928382697,0.833334344,0.95603071,0.936454179,0.675589642,0.320704183,0.250297262,0.243249992,0.21285895,0.343147124,0.392459564,0.530563556,0.49173976,0.706896616,0.348089676,0.324987488,0.285260496,0.632352913,0.662807554,0.703465334,0.711046776,0,0.758447763,0.202052861,0.782889005,0.680152827,0.813999195,0.86236798,0.78277475
112,TOUBA MERINA,LOUGA,5,Rainfed Cowpea and Groundnut,48,0,0,0,0,2,Tropics lowland; semi-arid with soil/terrain limitations,10577.94775,2.316169861,10526.39648,2.29633431,10261.97639,2.233291924,10640.89592,2.310726584,0.904021629,0,0,0.00312526,0,0,0.001051569,0,0.149107485,0.862689504,0.804686206,0.996637679,0.846491223,0.782277081,0.941165178,0.882942603,0.769257296,0.275994077,0.210238347,0.23886434,0.206471888,0.370973718,0.492668106,0.503950241,0.470614765,0.534482777,0.439053987,0.47521284,0.317026668,0.544117697,0.638687942,0.691089109,0.662807554,0,0.609622553,0.130721063,0.748745034,0.649378952,0.80970711,0.838652933,0.773316491
113,DIAMNIADIO,DAKAR,1,The Niayes Gardening and Fishing,20,0,0,0,0,2,Tropics lowland; semi-arid with soil/terrain limitations,170785.9726,24.29042421,193870.0558,27.50710213,213516.2973,30.16192927,217622.8958,30.56501345,0.160527205,0,0.170068027,0.120843404,0,0,0.368049129,0.08325665,0.301410131,0.5875429,0.608032254,0.611492295,0.637041418,0.631969936,0.601733513,0.42821342,0.656132186,0.257967832,0.270645271,0.276350595,0.250785482,0.514951271,0.520906927,0.608431431,0.553289272,0.413793029,0.30260761,0.287431187,0.285260496,0.367647087,0.276893347,0.282673362,0.493970134,0,0.498517222,0.207795464,0.710781171,0.604200136,0.89036853,0.794949949,0.777411432
114,SEBIKOTANE,DAKAR,1,The Niayes Gardening and Fishing,26,0,0,0,0,2,Tropics lowland; semi-arid with soil/terrain limitations,67097.11221,30.92032821,73100.58681,33.68690636,79060.64717,36.13375099,82367.78582,37.33807154,0.088712403,0,0.018896447,0.175014585,0,0,0.37751325,0.087638579,0.3227112,0.494398976,0.606018664,0.625732719,0.577963364,0.652273583,0.590512631,0.44236055,0.566262761,0.303237929,0.318525592,0.334339289,0.252454489,0.512465025,0.517345276,0.607534289,0.609703773,0.448275961,0.332928989,0.350025021,0.269377316,0.529411826,0.506029939,0.468316897,0.650747747,0,0.352711144,0.213820877,0.52741695,0.581769825,0.891143726,0.802376263,0.777653217
115,BANI ISRAEL,TAMBACOUNDA,13,"Rainfed Maize, Cotton, and Cattle",76,0,4.14E-05,0,1,50,Land with severe soil/terrain limitations,10116.06031,1.343612738,10387.3467,1.378180536,10328.72302,1.368767959,10866.08029,1.438644285,0.0042244,0,0,0.001041753,0,0,0.97270127,0.066824416,0.009585481,0.83030783,0.825586751,0.670111595,0.939664956,0.143509899,0.056566384,0.260468876,0.317803654,0.412979787,0.522513432,0.495932278,0.417537479,0.76809953,0.908734437,0.677943229,0.845327875,0.431034391,0.408732612,0.587881893,0.587039402,0.411764696,0.493970134,0.715841562,0.530149548,0.499488053,0.467795686,0.932444663,0.758501868,0.921301426,0.881943507,0.909216612,0.925086717
116,BOUTOUCOUFARA,TAMBACOUNDA,13,"Rainfed Maize, Cotton, and Cattle",111,0,0,0,0,50,Land with severe soil/terrain limitations,6622.728537,1.916853412,6947.934966,2.01097973,6830.372445,1.976952951,7079.178244,2.048966207,0.0031683,0,0,0,0,0,0.717170018,0.340694974,0.002130107,0.835839161,0.85962844,0.619590388,0.767719348,0.035781018,0.153139887,0,0.200100426,0.412980495,0.523631197,0.476987713,0.433035736,0.907506426,0.800952414,0.851731027,0.934180293,0.551724143,0.545178807,0.450175307,0.650571744,1,0.554269161,0.567326703,0.609324938,0.225205366,0.020370061,0,0.411326593,0.869178511,0.880669782,0.929785759,0.898605433
117,DIANKE MAKHA,TAMBACOUNDA,13,"Rainfed Maize, Cotton, and Cattle",106,0,2.17E-05,0,1,50,Land with severe soil/terrain limitations,11780.54006,1.298560412,12590.11618,1.385661037,12373.52867,1.361074543,12777.61655,1.405523765,0.0042244,0,0,0,0,0,0.891730462,0.153367512,0.006390321,0.832897142,0.830738539,0.615380852,0.817924429,0.244290887,0.02755875,0.236014117,0.139410066,0.398543273,0.532677518,0.51770983,0.430564458,0.816828082,0.915685163,0.806697677,0.887963079,0.551724143,0.514857428,0.637956961,0.682337913,0.647058782,0.602508382,0.802475289,0.313072909,0.2956353,0.032650302,0.643912231,0.694757575,0.895336968,0.896352293,0.919344775,0.907147726
118,KOMOTI,TAMBACOUNDA,13,"Rainfed Maize, Cotton, and Cattle",76,0,0,0,0,50,Land with severe soil/terrain limitations,10557.09405,2.029820045,10876.33902,2.088390748,10836.98387,2.078838264,11207.77163,2.149553439,0.0063366,0,0,0,0,0,0.828636325,0.214714517,0.009585481,0.79587186,0.83342651,0.624796871,0.808995683,0.109197162,0.023858116,0.228915952,0.151401962,0.415597151,0.513291992,0.506699103,0.433153474,0.826303953,0.946722719,0.777986777,0.888023787,0.551724143,0.514857428,0.550325443,0.602922487,0.426470565,0.518089744,0.62920798,0.421611157,0.268428156,0.184317865,0.181022756,0.382853057,0.921566445,0.889689253,0.963241298,0.928467575
119,DIAMBATI,SEDHIOU,12,"Forest, Rainfed Rice, and Groundnut",34,0,0,0,0,2,Tropics lowland; semi-arid with soil/terrain limitations,12976.09238,3.17031331,12714.39823,3.07482424,12603.23363,3.024534109,13589.85078,3.254274612,0.0147854,0,0,0.001041753,0.00547046,0,0.043114327,1,0.008520428,0.685188698,0.583502153,0.444351768,0.836016732,0.064277393,0.026701613,0.139207761,0.154412726,0.52323512,0.585894823,0.714120149,0.457768582,0.998087116,0.862555848,0.968907586,0.850822345,0.396551666,0.575500364,0.425137772,0.237611146,0.397058827,0.879884194,0.381683169,0.554269161,0.017170054,0.076727055,0.1546228,0.191246936,0.97248344,0.905186358,0.974120385,0.944965967
120,DIAROUME,SEDHIOU,12,"Forest, Rainfed Rice, and Groundnut",2,0,0,0,0,2,Tropics lowland; semi-arid with soil/terrain limitations,21467.67197,5.076299827,22275.2633,5.258560742,23181.19196,5.442872026,23581.44354,5.492998729,0.015841501,0.009140768,0,0.005208767,0.251641138,0,0.063094136,0.912536699,0.040472032,0.515092671,0.440751306,0.39304907,0.685611184,0.081230522,0.010973294,0.080303477,0.225622203,0.61138074,0.629760229,0.629252297,0.481137998,0.922132843,0.93701805,0.973702402,0.758460373,0.60344823,0.590661052,0.587881893,0.253494231,0.485294043,0.506029939,0.554950478,0.373371935,0.055097126,0.068294149,0.143929366,0.130499617,0.949835217,0.912126956,0.973665854,0.962382547
121,FAOUNE,SEDHIOU,12,"Forest, Rainfed Rice, and Groundnut",44,0,0,0,0,50,Land with severe soil/terrain limitations,15360.10499,5.479880483,16476.93462,5.855342794,17731.50077,6.217216259,18316.5638,6.353299965,0.061253802,0,0,0.005208767,0,0,0.148271221,0.866526445,0.004260214,0.687721447,0.667364368,0.596401384,0.844214493,0.182751738,0.129521417,0.206934677,0.239936246,0.505141525,0.499043371,0.506572874,0.381839406,0.923125075,0.903783168,1,0.745221826,0.362068938,0.530018119,0.350025021,0.380559102,0.514705957,0.614568332,0.691089109,0.481910329,0.020440099,0.059926411,0,0.085098963,0.936706696,0.904025344,0.955691672,0.948058008
122,MADINA WANDIFA,SEDHIOU,12,"Forest, Rainfed Rice, and Groundnut",42,0,0,0,0,2,Tropics lowland; semi-arid with soil/terrain limitations,16921.39628,20.04904772,17246.66753,20.4344402,18951.39529,22.45425982,17624.36248,20.37498552,0.063366002,0,0,0.128135678,0,0,0.298645579,0.575128171,0.008520428,0.750078363,0.709397702,0.636817235,0.788405409,0.1791986,0.063131201,0.201859337,0.3569616,0.438983346,0.424688731,0.448249957,0.419308864,0.824074523,0.92945196,0.852858454,0.59746498,0.568965505,0.636143118,0.688032029,0.698221001,0.750000046,0.481910326,0.876732643,0.433671107,0,0,0,0,0,0,0,0
123,DIANNAH MALARY,SEDHIOU,12,"Forest, Rainfed Rice, and Groundnut",2,0,0,0,0,2,Tropics lowland; semi-arid with soil/terrain limitations,3857.413725,9.477675001,5271.456422,12.92023633,5763.483981,14.057278,5567.685766,13.48107934,0.0095049,0.095978062,0.018896447,0.038544879,0.300875274,0,0.110414739,0.69234477,0.146977378,0.418256211,0.458591167,0.338387957,0.695087218,0.122348387,0.22770413,0.153354891,0.049513567,0.554342416,0.487492888,0.539419516,0.419308864,0.777415973,0.799289826,0.726747127,0.566228659,0.724137982,0.787750182,0.775663546,0.475857616,0.764705914,0.976362782,0.678712884,0.75928614,0,0,0,0,0,0,0,0
124,DIANNAH BA,SEDHIOU,12,"Forest, Rainfed Rice, and Groundnut",42,0,0,0,0,2,Tropics lowland; semi-arid with soil/terrain limitations,8046.143996,4.632207251,8423.317482,4.827116036,8345.987258,4.769135576,8876.908102,5.066728369,0.0126732,0.036563071,0,0.005208767,0.010940919,0,0.033650206,1,0.023431176,0.447110312,0.455612418,0.281260067,0.695471423,0.042003954,0.121282645,0.036135812,0.065497415,0.79466556,0.657744357,0.912872871,0.633021819,0.889552206,0.93824756,0.939536202,0.750368024,0.913793184,0.651303805,0.85077615,0.666454829,0.705882436,0.686927164,0.765346611,0.59044872,0.30039897,0.027867531,0.925816277,0.39448373,0.98736498,0.885853246,0.986423309,0.951308
125,DIENDE,SEDHIOU,12,"Forest, Rainfed Rice, and Groundnut",0,0,0,0.00040646,1,2,Tropics lowland; semi-arid with soil/terrain limitations,17515.6296,6.296056651,18353.41971,6.585367675,18851.29939,6.739828171,19441.09661,6.935817555,0.0042244,0.013711152,0,0.008334028,0.317286652,0,0.03995962,0.961833399,0.010650535,0.412557797,0.331342767,0.254585983,0.470352766,0.067419823,0.034058569,0.042529797,0.077770892,0.854937902,0.815410841,0.90172906,0.820408109,1,0.931851344,0.88662576,0.842987657,0.844827523,0.787750182,0.842955483,0.76175353,0.53913995,0.747226191,0.703465334,0.506029939,0.093538331,0.581983917,0.716953788,0.255253779,0.992108594,0.920611255,1,0.977753951
126,KOUSSY,SEDHIOU,12,"Forest, Rainfed Rice, and Groundnut",45,0,0,0,0,2,Tropics lowland; semi-arid with soil/terrain limitations,12598.44351,4.236194858,12799.65024,4.30095774,13089.26149,4.387952227,13704.42338,4.59109661,0.0147854,0,0,0.00312526,0,0,0.073609826,0.995793348,0.00319516,0.402003195,0.302174188,0.293197238,0.600699174,0.076561096,0.056823545,0.010931463,0.148047799,0.837478804,0.823565072,0.899355645,0.657935643,1,0.924429711,0.975816923,0.829361882,0.844827523,0.80291087,0.688032029,0.682337913,0.647058782,0.747226191,0.765346611,0.506029939,0.141971967,0.331723246,0.296339046,0,0.983076547,0.914290355,0.994273471,0.98197732
127,OUDOUCAR,SEDHIOU,12,"Forest, Rainfed Rice, and Groundnut",1,0,0,0,0,2,Tropics lowland; semi-arid with soil/terrain limitations,8684.340614,5.256864778,8798.170397,5.325769005,10270.28856,6.205612421,10614.77946,6.409890979,0.0084488,0.018281536,0,0.007292274,0.421225383,0,0.06940355,0.887340607,0.028756444,0.429076499,0.353415773,0.238628988,0.725558464,0.00783011,0.033490269,0.05432498,0.096813264,0.766976826,0.754038972,0.772056461,0.563579446,0.948481537,0.91038577,0.979920802,0.780734813,0.724137982,0.772589491,0.800701082,0.444091444,0.441176434,0.313072909,0.356930719,0.662807554,0.069426841,0.11442566,0.122818787,0.169789371,0.96354101,0.893158792,0.983074521,0.949783239
128,SAKAR,SEDHIOU,12,"Forest, Rainfed Rice, and Groundnut",0,0,0,0,0,2,Tropics lowland; semi-arid with soil/terrain limitations,9374.087248,3.351479173,9193.267457,3.285656704,9913.154586,3.540412352,10483.82302,3.736216328,0.0095049,0.009140768,0,0.00312526,0.311816193,0,0.041011189,0.961833399,0.012780642,0.460194982,0.390427446,0.306083911,0.779489108,0.01372946,0.088152573,0.027751453,0.050278306,0.795651341,0.754089868,0.848357411,0.542202456,1,0.930963725,0.980611578,0.796611274,0.879310455,0.711946559,0.76314478,0.491740701,0.35294113,0.57838877,0.381683169,0.481910329,0.005091996,0.256582274,0.084672385,0,0.960702224,0.892047107,0.979665182,0.947770085
129,SAMA KANTA PEULH,SEDHIOU,12,"Forest, Rainfed Rice, and Groundnut",52,0,0,0,0,2,Tropics lowland; semi-arid with soil/terrain limitations,5267.423943,3.006520516,5040.930072,2.872324827,5054.615933,2.870310013,5589.055675,3.168398909,0.0052805,0,0,0.001041753,0,0,0.012618827,1,0,0.52726059,0.412665356,0.276074432,0.836577882,0,0.032264699,0.06847211,0.081459508,0.739362521,0.685023555,0.839442562,0.471730508,0.975142309,0.883315578,0.912141048,0.858034602,0.913793184,0.711946559,0.863294916,0.52350687,0.602941176,0.723106581,0.653960431,0.75928614,0.083152022,0.104465961,0.101737732,0.23623284,0.972954486,0.90408564,0.975833946,0.953858262
130,DIOFFIOR,FATICK,8,Rainfed Groundnut and Millet,8,0.007548928,0,0,1,2,Tropics lowland; semi-arid with soil/terrain limitations,9253.428552,11.78780707,8639.995785,11.00636406,9031.60394,11.50522795,8604.98534,10.96176476,0.596696519,0,0,0.255229602,0,0.112107623,0.062042568,0.004381929,0.133131683,0.714010738,0.645572383,0.570310139,0.639858084,0.733488172,0.565265648,0.337267583,0.385341419,0.333155014,0.323311573,0.365579313,0.361890942,0.428927159,0.533798605,0.542417401,0.64212744,0.241379293,0.151000637,0.324987488,0.332909753,0,0.035697022,0,0.361312131,0,0,0,0,0,0,0,0
131,DIOULACOLON,KOLDA,13,"Rainfed Maize, Cotton, and Cattle",57,0,0,0,0,2,Tropics lowland; semi-arid with soil/terrain limitations,35539.95867,7.857607488,36974.82849,8.171232815,38198.54566,8.417484721,38952.7181,8.542262741,0.0116171,0.004570384,0,0.026043837,0,0,0.275511063,0.742736953,0.023431176,0.532399323,0.592743279,0.450085773,0.836266157,0.237560461,0.151028106,0.216869285,0.210332538,0.66394591,0.600002339,0.677527007,0.48784345,0.819879747,0.827358165,0.854906746,0.685944945,0.793103432,0.62098243,0.750626014,0.428208359,0.691176568,0.421611157,0.554950478,0.554269161,0.178108388,0.002480054,1,0.140460656,1,0.895253196,0.961713921,0.951355163
132,GUIRO YERO BOCAR,KOLDA,13,"Rainfed Maize, Cotton, and Cattle",58,0,0,0,0,2,Tropics lowland; semi-arid with soil/terrain limitations,18707.05427,4.13415564,18692.7326,4.12734215,18688.09279,4.124496313,19971.00202,4.403749067,0.0116171,0,0,0.006250521,0,0,0.160890048,0.88843609,0.018105909,0.494899165,0.548274465,0.376919975,0.732537799,0.134709726,0.108014727,0.09946522,0.081230282,0.740310436,0.678744143,0.73597777,0.561171291,0.891526863,0.916132633,0.888502955,0.736517375,0.741379345,0.666464493,0.725588478,0.428208359,0.926470653,0.481910326,0.579702929,0.481910329,0.189348718,0.026733855,1,0.024607026,1,0.925976711,0.968851337,0.964450134
133,MEDINA EL HADJ,KOLDA,13,"Rainfed Maize, Cotton, and Cattle",57,0,0,0,0,2,Tropics lowland; semi-arid with soil/terrain limitations,12947.91787,4.269013474,12781.65482,4.203109114,12673.7498,4.159419036,13757.13527,4.510536155,0.0084488,0,0,0.008334028,0,0,0.092538067,0.968406292,0.011715588,0.415278499,0.487783325,0.321761183,0.730844578,0.070469068,0.151028106,0.105036026,0.027834539,0.812117952,0.726758415,0.747090394,0.5792394,0.897639779,0.840401938,0.912418023,0.772722696,0.896551818,0.545178807,0.800701082,0.332909753,0.691176568,0.662807554,0.715841562,0.59044872,0.028460822,0,1,0.032473132,1,0.906924697,0.971244322,0.953213007
134,SALIKEGNE,KOLDA,13,"Rainfed Maize, Cotton, and Cattle",55,0,0,0,0,52,Dominantly hydromorphic soils,3773.633572,9.675983517,4053.255594,10.39296306,4426.949574,11.35115275,4352.258615,11.15963747,0.0147854,0,0,0.050004167,0,0,0.236603012,0.760264669,0.019170962,0.504818512,0.541294397,0.4210955,0.69699167,0.201532612,0.20339222,0.21196443,0.151207916,0.700727959,0.678164203,0.668795531,0.62864838,0.941981779,0.933048761,0.920665766,0.593628941,0.827586161,0.818071557,0.738107245,0.809402787,1,0.759285995,0.641584206,0.481910329,0,0,0,0,0,0,0,0
135,TANKANTO ESCALE,KOLDA,12,"Forest, Rainfed Rice, and Groundnut",52,0,0,0,0,2,Tropics lowland; semi-arid with soil/terrain limitations,17952.72155,4.636549987,17714.68748,4.572712308,17306.5573,4.437578796,18979.6303,4.825738699,0.020065901,0.004570384,0,0.005208767,0,0,0.044165896,1,0.019170962,0.475833857,0.502639626,0.325988053,0.704673697,0.127857421,0.172907833,0.108892482,0,0.785454715,0.677196574,0.767854689,0.602644841,0.923531896,0.890421433,0.862074168,0.72944518,0.931034546,0.636143118,0.85077615,0.539390145,0.529411826,0.445730767,0.542574253,0.518089744,0.218855398,0.006315519,1,0.079053382,1,0.890736719,0.974547928,0.955940322
136,SARE YOBA DIEGA,KOLDA,12,"Forest, Rainfed Rice, and Groundnut",12,0,0,0,0,52,Dominantly hydromorphic soils,4885.482859,9.636060866,5181.021857,10.19886192,5929.605195,11.53619688,5804.114659,11.27012555,0.031683001,0.036563071,0,0.0447954,0,0,0.057836292,0.910345734,0.033016657,0.520848567,0.528709123,0.384431331,0.662711518,0.177168235,0.265107068,0.127081649,0.063703476,0.704606269,0.65079657,0.723494572,0.631597146,0.886562172,0.898067011,0.815102109,0.682862526,0.655172528,0.696785871,0.738107245,0.682337913,0.573529435,0.771345945,0.505445575,0.855764584,0,0,0,0,0,0,0,0
137,BEMET BIDJINI,SEDHIOU,12,"Forest, Rainfed Rice, and Groundnut",0,0.00828501,0,0.002951605,2,2,Tropics lowland; semi-arid with soil/terrain limitations,12359.71667,5.549940131,12612.64755,5.615604429,12545.65849,5.546268119,13095.00472,5.766184376,0.0095049,0.027422303,0,0.007292274,0.733041575,0,0.070455119,0.716445379,0.128871469,0.401995955,0.308466825,0.18456898,0.348159382,0.122928492,0.17908031,0.091545405,0.10331871,0.825039237,0.867166806,0.901879698,0.852598706,0.84449489,0.941566567,0.886199496,0.940004572,1,1,1,0.920584383,0.705882436,0.662807554,0.889108869,0.783405752,0.103143947,0.675808237,0.295072141,0.152222366,0.985830218,0.947570879,0.982851826,0.98590587
138,DJIBABOUYA,SEDHIOU,12,"Forest, Rainfed Rice, and Groundnut",0,0.001781083,0.000351811,0.000751285,3,2,Tropics lowland; semi-arid with soil/terrain limitations,5667.883429,5.56766545,6524.143445,6.377461823,6828.191705,6.661650444,6832.70538,6.666054029,0.010561,0.018281536,0,0.006250521,0.306345733,0,0.03995962,0.822707156,0.142717164,0.457930599,0.354313181,0.225837486,0.417037095,0.125393934,0.137469541,0.08261924,0.106273204,0.824635557,0.856555715,0.889113744,0.820981058,0.900139083,0.938847778,0.91319151,0.842830982,1,0.939357246,1,1,0.882353044,0.819585167,0.950990146,0.807525362,0.281362609,0.101200904,0.002194385,0.07867405,0.95709022,0.939909442,0.972381498,0.959849316
139,SAN SAMBA,SEDHIOU,12,"Forest, Rainfed Rice, and Groundnut",40,0.000571213,0,7.04E-05,2,2,Tropics lowland; semi-arid with soil/terrain limitations,18344.24426,4.564380258,18519.55604,4.589728882,17282.24331,4.261958894,18762.29924,4.607637338,0.0052805,0.009140768,0,0.00312526,0.147702407,0,0.025237655,0.979361115,0.045797299,0.4043372,0.319039533,0.231329715,0.449416127,0.071589269,0.082577661,0.094745352,0.094416064,0.785994435,0.81626172,0.858047603,0.76920511,0.915206344,0.951186316,0.953494474,0.92139148,0.948275909,0.984839309,1,0.952350743,0.691176568,0.626628137,0.950990146,0.57838877,0.281459836,0.672196185,0.241921327,0.177158891,0.974818178,0.945295384,0.995722739,0.972986491
140,DIATTACOUNDA,SEDHIOU,12,"Forest, Rainfed Rice, and Groundnut",0,0,0,0,0,57,Dominantly water,5149.33679,15.89301478,5400.335295,16.66770153,5641.610573,17.35880176,5381.172797,16.45618592,0.010561,0.031992687,0,0.080215018,1,0,0.060990999,0.35822269,0.02769139,0.300435303,0.259923625,0.082591433,0.293247657,0.062452628,0,0.048261924,0.106273204,0.48985521,0.556416294,0.633043162,0.557190894,0.632302082,0.596712887,0.634881918,0.587966216,0,0,0.287431187,0.30114358,0,0,0,0,0.123831402,0.609539905,0.705954399,0.32425153,1,0.958782705,1,1
141,DJIBANAR,SEDHIOU,12,"Forest, Rainfed Rice, and Groundnut",0,0,0,0,0,2,Tropics lowland; semi-arid with soil/terrain limitations,11018.18813,8.107570365,11345.01124,8.348058306,11859.18812,8.713584219,11774.70735,8.563423525,0.0010561,0.009140768,0,0.009375781,0.377461707,0,0.012618827,0.984838526,0.007455374,0.208900899,0.153248444,0.065538331,0.304266277,0.060422263,0.119235609,0.03331385,0.021472457,1,1,1,1,0.912050532,1,0.900002164,1,0.982758637,1,0.950926433,0.793519703,0.691176568,0.518089744,0.765346611,0.783405752,0.267230093,0.666664334,0.739523113,0.398508947,0.989132509,0.944728023,0.999765083,0.976306347
142,KAOUR,SEDHIOU,12,"Forest, Rainfed Rice, and Groundnut",0,0,0,0.000411475,1,2,Tropics lowland; semi-arid with soil/terrain limitations,6790.459565,8.201038123,6913.817838,8.350021543,7083.209659,8.554601038,7113.181531,8.590798951,0.0010561,0.08226691,0,0.009375781,1,0,0.014721965,0.802988476,0.030886551,0.17860688,0.138565624,0.032711111,0.191195116,0.067528539,0.087443111,0.060571764,0.012856301,0.99964147,1,1,0.995094278,0.978782775,1,0.8741522,0.924221021,0.982758637,1,0.900851365,0.936467658,0.661764654,0.506029939,0.715841562,0.891944143,0.14489917,0.708788916,0.537171993,0.248983954,0.986725629,0.9487613,0.989816789,0.985550065
143,MANGAROUNGOU SANTO,SEDHIOU,12,"Forest, Rainfed Rice, and Groundnut",0,0,0,0,0,2,Tropics lowland; semi-arid with soil/terrain limitations,15077.66267,7.135666197,15139.41172,7.127783296,15075.6808,7.067829725,15633.80679,7.312351162,0.0021122,0.009140768,0,0.009375781,0.464989059,0,0.010515689,0.94759213,0.026626337,0.266725038,0.153457097,0.081314566,0.336851774,0.112196564,0,0,0,1,1,1,1,0.889592896,0.941332842,0.906338947,0.828933389,1,1,1,1,0.617647044,0.674867359,0.554950478,0.75928614,0.168276226,0.82272795,0.759652888,0.252170736,0.979854628,0.921234067,0.985410643,0.979107991
144,SAMINE,SEDHIOU,12,"Forest, Rainfed Rice, and Groundnut",27,0,0,0,0,2,Tropics lowland; semi-arid with soil/terrain limitations,7577.27889,20.15233747,8139.055505,21.58900665,8861.881664,23.38227352,8261.792791,21.57126055,0.0063366,0.21023766,0,0.113551129,0,0,0.037856482,0.862144516,0.015975802,0.282802241,0.195199358,0.126929497,0.256110825,0.150773494,0.136066931,0.123039612,0.286012054,0.91750069,0.965441615,0.978870443,1,0.802029809,0.923972891,0.801232432,0.803423768,1,1,1,1,0.617647044,0.674867359,0.480693124,0.95224317,0,0,0,0,0,0,0,0
145,SIMBANDI BALANTE,SEDHIOU,12,"Forest, Rainfed Rice, and Groundnut",0,0,0,0,0,2,Tropics lowland; semi-arid with soil/terrain limitations,26249.43689,7.035496352,26613.24677,7.077991163,26591.64266,7.003329645,27582.99663,7.186815173,0.0021122,0.027422303,0,0.010417535,0.552516411,0,0.026289224,0.879672232,0.054317727,0.223891944,0.196098306,0.070453111,0.259375601,0.086398347,0.139807225,0.079250876,0.07435827,1,1,1,1,0.939232253,0.964836972,0.833449616,0.893753365,1,1,1,1,0.470588174,0.529596589,0.747284012,0.698986969,0.186909814,0.922197728,0.736839215,0.442608724,1,0.961539182,1,1
146,YARANG BALANTE,SEDHIOU,12,"Forest, Rainfed Rice, and Groundnut",0,0,0,0,0,2,Tropics lowland; semi-arid with soil/terrain limitations,16722.52694,7.663852858,16866.80897,7.684195429,16782.27495,7.569812788,17460.73771,7.794972193,0.0021122,0.068555759,0,0.011459288,0.218818381,0,0.010515689,0.990315937,0.018105909,0.217420194,0.184009232,0.077824136,0.237845669,0.060422263,0.179233159,0.034298932,0.129923052,1,1,1,1,0.899809196,0.950708654,0.803070258,0.907767647,1,1,1,1,0.485294043,0.590448578,0.493069349,0.831644972,0.196563868,0.839708586,0.712948011,0.45813883,0.985677176,0.939482684,1,0.991488297
147,DIAGANE BARKA,FATICK,7,Small Coast Fishing and Tourism,9,0,0,0,0,2,Tropics lowland; semi-arid with soil/terrain limitations,13124.84907,4.028498795,14108.2895,4.206407125,14320.4269,4.268383578,15153.34371,4.51664492,0.741382224,0,0,0.008334028,0,0,0.169302599,0.086543096,0.051122566,0.710804727,0.705801909,0.504003406,0.697943897,0.565983082,0.517576902,0.430234438,0.374440034,0.347751573,0.33674331,0.395402877,0.373977628,0.635348942,0.661330731,0.748133827,0.866840242,0.431034391,0.514857428,0.56284436,0.682337913,0.544117697,1,0.678712884,0.698986969,0,0.061545659,0.100388799,0.046862319,0.807637035,0.904327104,0.903973609,0.877241352
148,DIOSSONG,FATICK,7,Small Coast Fishing and Tourism,14,0.00117279,0,0.000118646,2,1,Tropics lowland; semi-arid no soil/terrain limitations,26054.93591,5.455388591,26496.04987,5.482319443,26419.17399,5.34368406,27925.49891,5.524332129,0.63577222,0.379341865,0.037792895,0.011459288,0.125820569,0,0.105156894,0.088734061,0.10437524,0.643968205,0.663099453,0.524550983,0.649856461,0.454838959,0.611084247,0.333225546,0.328079271,0.329903554,0.332317873,0.348119437,0.354763632,0.696233705,0.594959466,0.725194821,0.857229324,0.396551666,0.484536053,0.462694074,0.55527323,0.338235261,0.795465557,0.740594161,0.686927164,0.007357504,0.070710544,0.113234457,0.106031669,0.801969445,0.911391226,0.924724038,0.904338298
149,DJILOR,FATICK,7,Small Coast Fishing and Tourism,0,0.002917112,0.001040721,0.021025994,3,2,Tropics lowland; semi-arid with soil/terrain limitations,26875.3723,5.129866826,27618.84813,5.214054773,27202.02771,5.130522012,27594.61938,5.196726813,0.31577391,0.603290676,0.340136054,0.004167014,0.361050328,0,0.15878691,0.078874721,0.272653687,0.540101933,0.4666817,0.412099597,0.542217696,0.400004895,0.192521859,0.335583842,0.357604874,0.312734914,0.299186362,0.325275143,0.327048928,0.578517218,0.538780499,0.605926826,0.60016656,0.413793029,0.363250364,0.412619006,0.55527323,0.382352959,0.819585167,0.579702929,0.57838877,0.346041907,0.206824087,0.256739093,0.287136245,0.82212979,0.927278574,0.940622279,0.917973762
150,MBAM,FATICK,7,Small Coast Fishing and Tourism,0,0.00022414,0,0.01266239,2,2,Tropics lowland; semi-arid with soil/terrain limitations,20258.42077,4.77567675,21806.0097,5.12600134,22746.28649,5.347034907,22451.22842,5.265297471,0.339008111,0.33820841,0.661375661,0.010417535,0.776805252,0,0.104105325,0.020814162,0.316320879,0.552908679,0.458141693,0.441559222,0.502737475,0.296022663,0.163576124,0.337267583,0.292023873,0.274109422,0.268469016,0.273800379,0.296074445,0.48202923,0.46888552,0.599185589,0.600113674,0.344827575,0.257125547,0.224837277,0.459974528,0.691176568,0.771345945,0.554950478,0.711046776,0.024004602,0.157969627,0.22035338,0.077715305,0.78294184,0.889236861,0.897820787,0.890406727
151,NIASSENE,FATICK,7,Small Coast Fishing and Tourism,17,0,0,0,0,1,Tropics lowland; semi-arid no soil/terrain limitations,16656.18569,4.924951416,17924.3891,5.092155993,18721.48663,5.209094777,20097.00687,5.557800573,0.917750929,0,0,0.013542795,0,0,0.05993943,0.032864467,0.031951604,0.76062973,0.735118075,0.733882288,0.741746313,0.559891988,0.742801088,0.314024386,0.413516181,0.281948561,0.274998471,0.295000425,0.280636064,0.69036058,0.616239224,0.667090612,0.866206948,0.275862121,0.332928989,0.47521284,0.539390145,0.279411783,0.92812356,0.703465334,0.711046776,0,0.075863575,0.063398415,0.187367041,0.808188292,0.890001838,0.891320007,0.876692663
152,PASSY,FATICK,7,Small Coast Fishing and Tourism,11,0,0,0,0,2,Tropics lowland; semi-arid with soil/terrain limitations,16986.45153,20.31872192,17564.72478,20.28259213,17447.50459,20.12399606,16735.17995,19.30239902,0.530162217,0,0,0.252104342,0,0,0.171405737,0.043819289,0.054317727,0.731643799,0.70040822,0.614648203,0.690326085,0.640091395,0.668123728,0.476717866,0.573357716,0.332164808,0.316428299,0.344599032,0.337791218,0.560532447,0.509302568,0.54498586,0.717569551,0.689655254,0.696785871,0.725588478,1,0.808823521,0.916063756,0.653960431,0.711046776,0,0.057291506,0.074059468,0.059537423,0.793214577,0.890842234,0.890716761,0.866937521
153,SOUM,FATICK,7,Small Coast Fishing and Tourism,8,0,0,0,0,2,Tropics lowland; semi-arid with soil/terrain limitations,4397.265179,21.03954631,4956.532556,23.71546678,5211.574853,24.93576485,4984.598528,23.84975372,0.407654613,0,0,0.369822485,0,0,0.116724152,0.002190964,0.153367699,0.398218642,0.360605818,0.383578676,0.385613622,0.242139907,0.237054864,0.379708973,0.293107009,0.309513831,0.313913256,0.310419237,0.32356843,0.437546145,0.492736902,0.569471834,0.600479011,0.465517323,0.393571921,0.412619006,0.618805572,0.779411783,0.964302978,0.851980193,0.940183365,0,0,0,0,0,0,0,0
154,BAMBALY,SEDHIOU,12,"Forest, Rainfed Rice, and Groundnut",0,0,0,0,0,2,Tropics lowland; semi-arid with soil/terrain limitations,17228.68364,5.850147247,17440.24421,5.884023014,18019.05785,6.046663707,19074.9668,6.354086209,0.0031683,0.013711152,0,0.005208767,0.935448578,0,0.01997981,0.790938171,0.07987901,0.366514754,0.305774449,0.166654065,0.37533322,0.106308506,0.010891051,0.038824358,0.127794566,0.930612937,0.898063591,0.92378477,0.902793146,1,0.940792475,0.859170748,0.868614264,0.982758637,0.954517934,0.975963966,0.920584383,0.485294043,0.686927164,0.641584206,0.602508525,0.187885256,0.97290713,0.778917003,0.292761201,1,0.954153993,1,1
155,DJIREDJI,SEDHIOU,12,"Forest, Rainfed Rice, and Groundnut",0,0.000935358,0.000108513,0.000357944,3,2,Tropics lowland; semi-arid with soil/terrain limitations,19720.44992,6.506252037,19901.82119,6.531611812,19796.15516,6.473562839,20953.09388,6.785328329,0.0042244,0.009140768,0,0.006250521,1,0,0.031547068,0.786556242,0.059642994,0.360013676,0.326565648,0.176857502,0.333921329,0.09798401,0.065001348,0.043211717,0.121251442,0.911042803,0.919408693,0.99969225,0.943926065,0.95393108,0.928210863,0.933471235,0.954431184,0.879310455,1,1,0.984116915,0.661764654,0.623122867,0.802475289,0.646143639,0.107644167,1,0.65362766,0.27236596,1,0.959967199,1,1
156,DODJI,LOUGA,6,Sylvopatoral Livestock and Gathering,49,0,5.48E-05,0,1,53,Desert/Arid climate,17226.07793,1.566149462,17141.30069,1.555189684,17073.12525,1.542009145,17525.84455,1.571120085,0.0126732,0,0,0.001041753,0,0,0.01997981,0.001095482,1,0.878032612,0.977811334,0.920975024,0.880771375,0.888989107,0.883331096,0.98856038,0.765125862,0.219634716,0.194181554,0.194630241,0.152917742,0.25673583,0.306496122,0.23296475,0.334953621,0.793103432,0.666464493,0.487731609,0.650571744,0.588235304,0.40955135,0.691089109,0.711046776,0.578218288,1,0.723721636,0.95510865,0.68894993,0.829823202,0.839994724,0.777498685
157,LABGAR,LOUGA,6,Sylvopatoral Livestock and Gathering,51,0,0,0,0,53,Desert/Arid climate,12455.02492,1.554352292,12017.97447,1.499809618,13251.36458,1.650026719,14205.69218,1.758783234,0.0010561,0,0,0,0,0,0.007360983,0,1,0.902913734,0.970454726,0.947350993,0.901720357,0.755963398,0.929989821,0.912314867,0.974661866,0.181606692,0.154639328,0.145877734,0.113488984,0.184814463,0.261734824,0.183065863,0.256417973,0.517241414,0.530018119,0.450175307,0.332909753,1,0.590448578,0.678712884,0.554269161,0.154695112,0.880945637,0.467750878,0.703954738,0.699014467,0.813416826,0.80193532,0.756795453
158,OUARKHOKH,LOUGA,6,Sylvopatoral Livestock and Gathering,50,0,3.66E-05,0,1,53,Desert/Arid climate,17233.11912,2.056212757,17876.79221,2.119610174,18166.94166,2.149933924,18647.58596,2.192801736,0.259800608,0,0,0.002083507,0,0,0.016825103,0,0.779619137,0.949949336,1,1,0.999883202,0.942369083,0.979378306,0.907304467,0.753798466,0.284732579,0.256201568,0.240891133,0.173258828,0.32124156,0.340656801,0.383437035,0.408095629,0.896551818,0.696785871,0.537806677,0.317026668,0.676470522,0.361312131,0.666336659,0.554269161,0,1,0.753122542,1,0.710676327,0.804878558,0.841837866,0.788282609
159,BADION,KOLDA,10,Rainfed Groundnut and Cereals,56,0,0,0,0,50,Land with severe soil/terrain limitations,13712.82647,3.129353371,13638.29954,3.11163576,13786.47934,3.138283483,13986.09148,3.169293334,0.031683001,0,0,0.00312526,0,0,0.411163456,0.56965076,0.058577941,0.690174742,0.677035568,0.566143503,0.76488968,0.047143678,0.121614016,0.130623489,0.054506312,0.526492535,0.518888896,0.480764033,0.492274744,0.920302306,0.998464496,0.845863239,0.779566794,0.637930959,0.272286235,0.400100089,0.39644219,0.499999912,0.493970134,0.554950478,0.180414905,0.505386412,0.075044925,0.457507275,0.074927783,0.965610571,0.866262096,0.936523158,0.945112133
160,FAFACOUROU,KOLDA,10,Rainfed Groundnut and Cereals,54,0,0,0,0,2,Tropics lowland; semi-arid with soil/terrain limitations,9563.888726,2.972921581,9469.812116,2.942763243,9494.008972,2.942966203,9628.014777,2.977122689,0.0126732,0,0,0.001041753,0,0,0.195591823,0.8446168,0.029821497,0.642759904,0.633378205,0.525758911,0.774122013,0,0.023984522,0.099452049,0.100903201,0.591015789,0.63704484,0.638145927,0.51915274,0.910540624,1,0.912556831,0.857419055,0.620689596,0.469375365,0.512769142,0.459974528,0.85294113,0.638687942,0.876732643,0.457790717,0.332285987,0.04779768,0.509351209,0.055795512,0.996706572,0.899327566,0.974264292,0.960474618
161,FATICK,FATICK,8,Rainfed Groundnut and Millet,6,0,0,0.002307217,1,2,Tropics lowland; semi-arid with soil/terrain limitations,30430.12276,19.4441679,28991.0001,18.47737418,29150.37881,18.49643325,26724.67346,16.91435029,0.294651909,0.031992687,0.623582766,0.306275523,0.00547046,0,0.060990999,0,0.346142376,0.810191072,0.66175345,0.610384928,0.752220804,0.71115416,0.697111006,0.490864996,0.505955647,0.223118305,0.189749583,0.21524379,0.233227387,0.231850727,0.352633669,0.380604497,0.388455666,0.551724143,0.30260761,0.249874812,0.428208359,0.02941174,0.481910326,0.183663409,0.349252323,0,0,0,0,0,0,0,0
162,DJILASSE,FATICK,8,Rainfed Groundnut and Millet,0,0.002931594,0.007837902,0.057817226,3,2,Tropics lowland; semi-arid with soil/terrain limitations,12330.04344,2.472932901,12349.47872,2.476830871,12498.32962,2.497168755,12612.05804,2.50686902,0.332671511,0.12797075,1,0.00312526,0.886214442,0,0.045217464,0.013145787,0.365313339,0.51283354,0.45642361,0.364820265,0.531652769,0.388326167,0.190969101,0.251144482,0.286648387,0.148051766,0.125474176,0.117348862,0.163451961,0.203400871,0.255618789,0.257581664,0.255930175,0.500000052,0.514857428,0.425137772,0.618805572,0.132352913,0.650747747,0.31980204,0.686927164,0.06129127,0.216249072,0.119412351,0.221109963,0.769283075,0.894161855,0.887797124,0.883401181
163,FIMELA,FATICK,7,Small Coast Fishing and Tourism,0,0.004768349,0.003504217,0.020100011,3,2,Tropics lowland; semi-arid with soil/terrain limitations,34304.20326,4.736841102,33897.9627,4.680746023,34982.68212,4.80597364,33828.45203,4.631496718,0.238678608,0.443327239,0.963718821,0.014584549,0.929978118,0.112107623,0.086228653,0.01971868,0.358923018,0.300435303,0.223290973,0.184607308,0.263446896,0.244363923,0.191321272,0.149986527,0.194746044,0.235997107,0.235791813,0.228129267,0.264922957,0.33357119,0.337951219,0.377265501,0.408791688,0.827586161,0.545178807,0.500250375,0.793519703,0.455882305,0.542209356,0.505445575,0.723106581,0.481085442,0.224802013,0.09040958,0.219101646,0.792134049,0.915661831,0.915991831,0.910506403
164,LOUL SESSENE,FATICK,8,Rainfed Groundnut and Millet,0,0.004157161,0,0.039326072,2,2,Tropics lowland; semi-arid with soil/terrain limitations,26428.17668,2.317244777,28032.12046,2.452503977,28111.29897,2.44403573,28985.8546,2.518756917,0.516432917,0.109689214,1,0.004167014,0.153172867,0,0.031547068,0.007668376,0.340817109,0.729606595,0.651768704,0.57299808,0.720729925,0.474036564,0.279399015,0.385772029,0.310955237,0.266953575,0.249695505,0.307717027,0.293602735,0.411175438,0.594213084,0.626083737,0.652326434,0.551724143,0.514857428,0.537806677,0.602922487,0.073529347,0.566328965,0.542574253,0.783405752,0.03840518,0.254272455,0.107844219,0.283528139,0.769524129,0.882767228,0.878060729,0.879760113
165,PALMARIN FACAO,FATICK,7,Small Coast Fishing and Tourism,0,0.005794492,2.31E-05,0.005658899,3,2,Tropics lowland; semi-arid with soil/terrain limitations,8020.115003,5.980697243,8066.389285,6.015204537,8534.660939,6.364400402,8246.402349,6.149442467,0.055973302,1,0.434618292,0.02396033,0.782275711,0,0.152477496,0.016432233,0.393004729,0.097655099,0.058109764,0.068948951,0.151365916,0.188335241,0.122975903,0.08261924,0.056791725,0.378085639,0.371881182,0.366135083,0.406034262,0.370873315,0.429558275,0.551150161,0.508215817,0.77586207,0.696785871,0.675513262,0.793519703,0.602941176,0.349252323,0.455940671,0.542209356,0.067843754,0.091382148,0.06516445,0.164349852,0.773877606,0.924855409,0.924872335,0.910513435
166,FISSEL,THIES,8,Rainfed Groundnut and Millet,11,0.000405543,0,0,1,2,Tropics lowland; semi-arid with soil/terrain limitations,42790.76126,3.267967104,43691.90674,3.309742197,43080.25821,3.214944642,49769.56435,3.628577162,0.95049003,0,0,0.013542795,0,0,0.021031379,0.002190964,0.068163422,0.808588066,0.795288637,0.778784306,0.778123135,0.860385968,0.453527788,0.75059982,0.673081244,0.270524951,0.247717747,0.265381462,0.273765222,0.383787983,0.478502492,0.667956937,0.527211196,0.189655202,0.196482703,0.375062556,0.602922487,0.514705957,0.530149548,0.678712884,0.638687942,0.062547714,0.491383111,0.578351027,0.50068006,0.749404516,0.884785522,0.885023342,0.844625759
167,NDIAGANIAO,THIES,8,Rainfed Groundnut and Millet,24,0,0,0,0,2,Tropics lowland; semi-arid with soil/terrain limitations,45657.1785,3.499975354,47469.96861,3.607414592,46757.06973,3.542739031,52523.99527,3.978487749,0.914582629,0,0,0.015626302,0,0,0.017876672,0.001095482,0.1075704,0.806183558,0.862345362,0.733308399,0.746199918,0.894053625,0.433821036,0.75000898,0.576905193,0.252626266,0.234415402,0.264336633,0.277162177,0.408514156,0.478391741,0.61447566,0.514570601,0.034482729,0.151000637,0.375062556,0.634688659,0.323529392,0.650747747,0.604455527,0.506029939,0.04445279,0.576523186,0.157017577,0.587412917,0.73367878,0.880931412,0.87737078,0.841184324
168,DIMBOLI,KEDOUGOU,15,Rainfed Maize and Artisanal Gold Mining,162,0,0,0.000204795,1,50,Land with severe soil/terrain limitations,10979.01584,2.298307691,11781.23976,2.453402699,11518.7821,2.391277165,12250.2113,2.538377808,0,0.004570384,0,0,0,0,0.443762093,0.632093247,0,0.820795058,0.791761636,0.648710845,0.818127608,0.111515532,0.111716059,0.083597492,0.099807235,0.50387635,0.508079191,0.546079196,0.47808643,0.975310102,1,0.911953833,1,0.500000052,0.530018119,0.500250375,0.428208359,0.558823566,0.602508382,0.493069349,0.747226335,0.385719021,0.292295092,0.39230376,0.305920452,0.946218178,0.929051831,0.949837257,0.94139768
169,FONGOLIMBI,KEDOUGOU,15,Rainfed Maize and Artisanal Gold Mining,381,0,0,0,0,50,Land with severe soil/terrain limitations,6965.880212,3.519899046,7338.521035,3.652822815,7344.86464,3.567199922,8012.995622,3.845007496,0,0.009140768,0,0.004167014,0,0,0.401699335,0.669339643,0,0.742063335,0.717907569,0.588215896,0.767456428,0.072604451,0.062196128,0.033126091,0.063703476,0.53770914,0.559886282,0.573779853,0.513970914,0.92936848,0.918779275,0.898879026,0.966663178,0.534482777,0.560339676,0.47521284,0.52350687,0.485294043,0.566328965,0.554950478,0.807525362,0.333079122,0,0.436979887,0.380751953,0.941366911,0.922364871,0.954163818,0.929668578
170,FOUNDIOUGNE,FATICK,7,Small Coast Fishing and Tourism,3,0,0,0.005325788,1,2,Tropics lowland; semi-arid with soil/terrain limitations,13564.75997,27.02143421,13357.83243,26.60922794,14552.4521,28.98894841,13154.86539,26.10092339,0.041187901,0.013711152,0.491307634,0.289607467,0.010940919,0,0.128291411,0,0.560218123,0.403027659,0.235652025,0.244595898,0.275155354,0.23503363,0.231444424,0.26956346,0.293107009,0.173855526,0.17095295,0.170782267,0.185423015,0.236740344,0.229272332,0.262027317,0.281174389,0.241379293,0.393571921,0.375062556,0.507623785,0.794117652,0.723106581,0.567326703,0.75928614,0,0.025765725,0.115960926,0,0.767418342,0.883721553,0.886090638,0.867752046
171,DEMETTE,SAINT LOUIS,2,"Delta Rice, Horticulture, and Agricultural Labor",10,0,0.017909571,0.053935058,2,52,Dominantly hydromorphic soils,3037.238827,6.871581056,3193.019887,7.224026893,3320.82801,7.412562522,3432.79606,7.577916248,0.0010561,0.411334552,0.113378685,0.030210851,0,0.112107623,0.032598637,0.001095482,0.886124483,0.852670719,0.632088161,0.728903984,0.594151214,0.794399114,0.831761584,0.555537591,0.72589924,0.180291869,0.174526958,0.176478899,0.17291223,0.088974457,0.059826724,0.116319807,0.069567755,0.293103487,0.408732612,0.450175307,0.459974528,0.735294174,0.337192518,0.790099064,0.493970134,0,0,0.194067508,0,0.425719353,0.623467207,0.669465615,0.715910047
172,DODEL,SAINT LOUIS,6,Sylvopatoral Livestock and Gathering,9,0,0.058056494,0.023119998,2,53,Desert/Arid climate,42043.48049,3.497502745,42227.34153,3.491016992,42788.66874,3.517937083,46027.93288,3.761373938,0,0.342778793,0.037792895,0.002083507,0,0,0.00946412,0,0.962808333,0.905542642,0.92792683,0.848467116,0.768725684,0.776668554,0.741917915,0.786584363,0.941699802,0.158120098,0.12421136,0.128528197,0.107671579,0.138585755,0.132910893,0.233258189,0.122979046,0.586206868,0.439053987,0.387581323,0.30114358,0.823529392,0.457790572,0.740594161,0.433671107,0.027058053,0.270515829,0.448291697,0.603747019,0.630078552,0.752398539,0.733923538,0.764495906
173,GAMADJI SARE,SAINT LOUIS,6,Sylvopatoral Livestock and Gathering,51,0,0.012371502,0.005712884,2,53,Desert/Arid climate,33218.98465,2.951224649,33168.89552,2.934261812,33742.4904,2.960646696,36072.14549,3.133438628,0,0.091407678,0.018896447,0.001041753,0,0,0.007360983,0.001095482,1,0.870435141,0.956608444,0.891461588,0.840665317,0.719643055,0.757129512,0.950566352,0.923686096,0.145951479,0.120464016,0.109331513,0.089531147,0.151606012,0.263964642,0.184854484,0.144179764,0.500000052,0.408732612,0.337506255,0.285260496,0.867646999,0.57838877,0.814851515,0.686927164,0.181337306,0.469827759,0.518784087,0.622446319,0.634575818,0.768394117,0.759182568,0.757017693
174,GUEDE VILLAGE,SAINT LOUIS,6,Sylvopatoral Livestock and Gathering,8,0,0.031039138,0.021417658,2,53,Desert/Arid climate,51342.92143,3.823287023,53862.49428,3.948573732,56214.3548,4.072323587,58156.78246,4.169243849,0.0010561,0.146252285,0.018896447,0.002083507,0,0.224215247,0.031547068,0.001095482,0.986239509,0.847809972,0.926701663,0.864702118,0.869853478,0.803628408,0.84071671,0.950424195,0.959114222,0.157930538,0.141029656,0.0981687,0.092272361,0.151427663,0.160136258,0.157896523,0.136940661,0.500000052,0.514857428,0.312468722,0.294915518,0.691176568,0.349252323,0.82722774,0.686927164,0.053738634,0.681241766,0.579051519,0.581289846,0.581175314,0.757599173,0.751299096,0.784878848
175,GUEDE CHANTIER,SAINT LOUIS,6,Sylvopatoral Livestock and Gathering,8,0,0,0,0,51,Ample irrigated soils,3390.142058,7.635455086,3459.135965,7.773339246,3761.634557,8.359187904,3885.364495,8.576963566,0.0126732,0.191956124,0,0.054171181,0,0.33632287,0.36699756,0.007668376,0.566608444,0.614624393,0.578151271,0.868739417,0.629383593,0.579180452,0.72796843,0.62829426,0.728264225,0.383036672,0.445622057,0.336401439,0.35649155,0.32931157,0.326904019,0.271016922,0.353602469,0.051724091,0,0,0,0.750000046,0.21659432,0.406435622,0.626628137,0,0,0,0,0,0,0,0
176,NDIOUM,SAINT LOUIS,6,Sylvopatoral Livestock and Gathering,10,0,0.002046084,0.009754563,2,53,Desert/Arid climate,22233.977,21.05490246,22622.58978,21.2618325,24226.97222,22.76971073,22337.04532,20.99346364,0.0010561,0.196526508,0.07558579,0.121885157,0,0.112107623,0.052578447,0.001095482,0.826481489,0.835037658,0.810978843,0.815022147,0.598912346,0.855310056,0.883190624,0.88799515,0.975405144,0.164696115,0.178194906,0.149940928,0.177598665,0.095935946,0.087318679,0.151550127,0.104990575,0.120689648,0.166161327,0.062093159,0,0.720588305,0.276893347,0.480693124,0.421611157,0,0,0,0,0,0,0,0
177,PODOR,SAINT LOUIS,2,"Delta Rice, Horticulture, and Agricultural Labor",9,0,0.046401813,0.001006923,2,52,Dominantly hydromorphic soils,10536.99775,24.05707248,9907.83016,21.72769772,10238.33033,22.4524788,9550.639088,20.94438397,0.0063366,0.443327239,0.113378685,0.21251771,0,0.224215247,0.053630016,0.003286447,0.604950369,0.776527955,0.632088161,0.834633214,0.71317952,0.824854585,0.659708067,0.737429264,0.889083196,0.229678423,0.172276656,0.181202936,0.176994697,0.089140206,0.07489443,0.130864688,0.067543522,0.655172528,0.711946559,0.775663546,1,1,0.78340575,0.950990146,1,0,0,0,0,0,0,0,0
178,BOULEL,KAFFRINE,10,Rainfed Groundnut and Cereals,50,0,0,0,0,2,Tropics lowland; semi-arid with soil/terrain limitations,31504.28053,2.67008056,32597.36194,2.757114263,33246.34931,2.806309556,34722.25865,2.913185557,0.373859412,0,0,0.00312526,0,0,0.19874653,0,0.48246922,0.936486447,0.780656861,0.76901257,0.761580236,0.763291753,0.574464005,0.509002326,0.410206789,0.281981919,0.197387544,0.257074446,0.242726197,0.377036391,0.509764031,0.537361005,0.670372508,0.293103487,0.226804169,0.36254379,0.39644219,0.514705957,0.819585167,0.666336659,0.73516653,0.028992366,0.073704844,0.21053233,0.449463179,0.826594118,0.850465604,0.898452249,0.869580308
179,GNIBY,KAFFRINE,10,Rainfed Groundnut and Cereals,43,0,0,0,0,2,Tropics lowland; semi-arid with soil/terrain limitations,24475.4654,3.184836097,25218.54842,3.267921267,25916.0928,3.339272362,26662.48835,3.410833868,0.467852315,0,0,0.004167014,0,0,0.03995962,0.001095482,0.546372428,0.932490062,0.859838498,0.939897359,0.796975447,0.787638943,0.700485676,0.5981426,0.550841867,0.260600469,0.19345787,0.249761159,0.221540393,0.322604497,0.444266233,0.436687367,0.591741777,0.327586212,0.24196486,0.312468722,0.412325274,0.411764696,0.92812356,0.592079302,0.711046776,0.033763847,0.042470616,0.188900311,0.243913562,0.79492705,0.82562023,0.873025894,0.834241728
180,KAHI,KAFFRINE,10,Rainfed Groundnut and Cereals,42,0,0,0,0,2,Tropics lowland; semi-arid with soil/terrain limitations,29839.4505,3.970652096,30200.35383,3.976346785,31736.65495,4.146414287,32745.83547,4.251601593,0.492142616,0,0,0.007292274,0,0,0.194540254,0.001095482,0.362118178,0.926408975,0.760372328,0.712877793,0.732224049,0.791962677,0.485104108,0.350404204,0.340406706,0.272782602,0.212999043,0.260064242,0.242813385,0.489627206,0.547843608,0.54086491,0.584882867,0.137931011,0.196482703,0.400100089,0.428208359,0.367647087,0.771345945,0.678712884,0.445730912,0.01852739,0.19180211,0.091956354,0.090563658,0.841769166,0.858991936,0.89767158,0.882297607
181,GOUDIRY,TAMBACOUNDA,14,Rainfed Maize and Lumber,64,0,0,0,0,2,Tropics lowland; semi-arid with soil/terrain limitations,12912.91812,13.84021235,13222.64617,14.17218239,15345.09757,16.44704991,14596.43077,15.64462033,0.0021122,0,0.018896447,0.048962414,0,0,0.800243964,0.001095482,0.200230052,0.912783428,0.845138873,0.878971278,0.960758396,0.703032701,0.291289125,0.593936944,0.45865595,0.227555294,0.234623234,0.24970147,0.206032889,0.367102509,0.741398112,0.541304402,0.491425888,0.534482777,0.317768301,0.425137772,0.30114358,0.249999957,0.879884194,1,0.38543174,0.007951192,0,0.082674529,0.044179081,0.836876432,0.838857987,0.886444762,0.872825972
182,GOUDOMP,SEDHIOU,12,"Forest, Rainfed Rice, and Groundnut",0,0,0,0,0,52,Dominantly hydromorphic soils,11105.01665,23.93322554,10675.41627,23.00736265,10965.78288,23.63315275,10269.09489,22.13167002,0.0042244,0.018281536,0,0.225018752,1,0,0.087280222,0.290302791,0.047927406,0.258757158,0.244641506,0.114992326,0.261824184,0.109151017,0.158508694,0.112934519,0.16776281,0.53169144,0.503997515,0.521055701,0.470932318,0.604787626,0.637334013,0.500893984,0.582668828,0.534482777,0.605821739,0.575363126,0.777636615,0.823529392,0.686927164,0.641584206,0.867824389,0.087072277,0.594381282,0.469249464,0.270417607,0.986636815,0.956339157,0.993772489,0.996626924
183,BISCUITERIE,DAKAR,0,Urban Area - Dakar,19,0,0,0,0,56,Dominantly built-up land,24739.7701,166.0387255,23582.29865,158.2704607,22641.2903,151.9549684,23396.54112,157.0237659,0,0,0,1,0,0,0,0,0.004260214,0.213071499,0.302174188,0.26505962,0.258967504,0.523345422,0.365159928,0.517138238,0.709344346,0,0,0,0.016198175,0,0,0,0.003244193,0.586206868,0.696785871,0.47521284,0.380559102,0.455882305,0.108055927,0.542574253,0.035697095,0,0,0,0,0,0,0,0
184,DIEUPPEUL DERKLE,DAKAR,0,Urban Area - Dakar,29,0,0,0,0,56,Dominantly built-up land,31178.73769,170.3756158,29806.6414,162.8778218,28688.41846,156.767314,29364.03284,160.4591959,0,0,0,1,0,0,0,0,0.002130107,0.211468494,0.297679447,0.262501655,0.228496258,0.52233024,0.230041814,0.443371059,0.614153705,0.007129488,0.011843424,0.044761638,0,0.028392929,0,0.007921127,0.029822467,0.77586207,0.530018119,0.274912345,0.428208359,0.544117697,0.252773737,0.418811847,0.566328965,0,0,0,0,0,0,0,0
185,GRAND DAKAR,DAKAR,0,Urban Area - Dakar,10,0,0,0,0,56,Dominantly built-up land,16776.30078,135.2927482,16398.18992,132.2434671,15606.22005,125.8566133,16373.99639,132.048358,0,0,0.056689342,1,0,0,0,0,0.00319516,0.147348271,0.261721521,0.215605625,0.17707603,0.520299875,0.347393532,0.436297494,0.602920027,0.062828609,0.037523331,0.050875097,0.045170522,0.054912887,0.042468021,0.024530494,0.0395039,0.103448282,0.060036417,0,0.031130846,0.014705872,0,0,0,0,0,0,0,0,0,0,0
186,HANN BEL AIR,DAKAR,0,Urban Area - Dakar,8,0,0,0,0,56,Dominantly built-up land,130718.3333,91.53944912,134682.2455,94.31529797,131630.5681,92.17826897,135389.1058,94.81029815,0,0.045703839,0.15117158,0.833402784,0.054704595,0,0.005257845,0.033959949,0.136326844,0.198644449,0.266216262,0.256533069,0.235161843,0.564967899,0.378250957,0.414066289,0.680964527,0.022725242,0,0.029061163,0.051860041,0.026761478,0.01628739,0.05642219,0.031831821,0.482758689,0.135839949,0.425137772,0.428208359,0.338235261,0.144235344,0.530198025,0.19247471,0,0,0,0,0,0,0,0
187,HLM,DAKAR,0,Urban Area - Dakar,18,0,0,0,0,56,Dominantly built-up land,30637.1091,145.8909957,30005.08534,142.8813588,29205.10856,139.0719455,29673.65659,141.3031266,0,0,0,1,0,0,0,0,0.041537085,0.224292538,0.296780499,0.256533069,0.273250901,0.581210817,0.385731544,0.488843977,0.683329512,0,0,0.00613569,0.028313884,0.004856467,0,0.019051115,0.054300053,0.758620707,0.727107246,0.550325443,0.539390145,0.455882305,0.21659432,0.567326703,0.301013101,0,0,0,0,0,0,0,0
188,SICAP LIBERTE,DAKAR,0,Urban Area - Dakar,33,0,0,0,0,56,Dominantly built-up land,35231.81369,153.8507148,33754.29803,147.3986814,32346.63366,141.2516754,33797.73705,147.5883714,0,0,0,1,0,0,0,0,0.005325267,0.193835433,0.262620469,0.253975104,0.205642823,0.420812003,0.250145893,0.435286985,0.539065435,0.028914033,0.049039578,0.029755874,0.045170522,0.052012266,0.029250735,0.029667411,0.067178185,0.08620692,0.166161327,0.074611925,0.158195625,0.161764654,0.035697022,0.072277229,0.059816707,0,0,0,0,0,0,0,0
189,FASS THIEKENE,KAFFRINE,10,Rainfed Groundnut and Cereals,49,0,0,0,0,2,Tropics lowland; semi-arid with soil/terrain limitations,20110.39171,2.80401446,21155.834,2.906420388,21921.28713,3.007860474,22917.42581,3.137224614,0.046468401,0,0,0.004167014,0,0,0.646714899,0.004381929,0.354662804,0.763041949,0.852812016,0.861499119,0.816019976,0.384872869,0.338042798,0.465751247,0.457441615,0.273481651,0.247699943,0.248482146,0.22415196,0.619266784,0.65064532,0.447087538,0.734179419,0.672413891,0.590661052,0.56284436,0.364675922,0.411764696,0.747226191,0.653960431,0.421611157,0.178498539,0.147761447,0.241812068,0.220131374,0.920769195,0.857897289,0.912182749,0.907106627
190,IDA MOURIDE,KAFFRINE,10,Rainfed Groundnut and Cereals,50,0,4.85E-05,0,1,2,Tropics lowland; semi-arid with soil/terrain limitations,26933.39794,2.990606034,29091.60447,3.174899539,30501.13896,3.322564157,32180.83952,3.473002323,0.038019601,0,0,0.00312526,0,0,0.726634138,0.004381929,0.282239168,0.792665326,0.819069376,0.907402915,0.821331199,0.492779609,0.385091134,0.52768871,0.502857966,0.284415577,0.264474612,0.260431811,0.228077489,0.635434576,0.657660458,0.410199915,0.734476476,0.362068938,0.378411233,0.587881893,0.571156318,0.249999957,0.723106581,0.369306944,0.301013101,0.300600653,0.207726615,0.134218425,0.0061483,0.897865896,0.874434729,0.903447455,0.917925461
191,SALY ESCALE,KAFFRINE,10,Rainfed Groundnut and Cereals,48,0,0,0,0,2,Tropics lowland; semi-arid with soil/terrain limitations,27864.64106,4.142209166,28876.96064,4.189316791,29480.07672,4.245402753,31495.63671,4.512268869,0.111946604,0,0,0.00312526,0,0,0.651972743,0.014241269,0.271588634,0.78065421,0.811108231,0.766181959,0.797927674,0.434056157,0.332034738,0.380102112,0.546572605,0.316217127,0.304419125,0.308700746,0.279203094,0.709567386,0.698699576,0.557721135,0.759845947,0.534482777,0.651303805,0.525287908,0.52350687,0.441176434,0.711046774,0.913861467,0.38543174,0.355455708,0.288040706,0.039283783,0.124675804,0.912064644,0.859661086,0.921599967,0.90907592
192,JAXAAY PARCELLES,DAKAR,1,The Niayes Gardening and Fishing,10,0,0,0,0,56,Dominantly built-up land,62521.52862,102.6626086,62649.05288,102.872008,64577.30879,106.0382739,63701.61235,104.6003487,0.0042244,0,0.018896447,0.835486291,0,0.112107623,0.112517877,0.002190964,0.087334384,0.230704561,0.258125729,0.303429099,0.238970749,0.398477991,0.396952426,0.465602264,0.626569875,0.108378114,0.127138264,0.130905838,0.158557749,0.147732737,0.170323236,0.19576108,0.154859088,0.465517323,0.454214675,0.462694074,0.380559102,0.249999957,0.144235344,0.084653528,0.59044872,0,0,0,0,0,0,0,0
193,KEUR MASSAR SUD,DAKAR,0,Urban Area - Dakar,9,0,0,0,0,56,Dominantly built-up land,84629.12934,125.5625064,82266.5564,122.0572053,85665.23536,127.0997557,82779.49952,122.8182485,0.0021122,0,0.037792895,0.970914243,0,0,0.01997981,0.001095482,0.044732246,0.17299636,0.191603565,0.294902548,0.241827428,0.412690544,0.410978528,0.450444624,0.560350299,0.113205371,0.127138264,0.09964383,0.113913997,0.084913588,0.114370058,0.138998141,0.132938863,0.534482777,0.469375365,0.400100089,0.539390145,0.264705826,0.071876512,0.084653528,0.73516653,0,0,0,0,0,0,0,0
194,JOAL FADHIOUTH,THIES,7,Small Coast Fishing and Tourism,15,0.000212925,0,0,1,2,Tropics lowland; semi-arid with soil/terrain limitations,33252.75466,16.79432054,32896.89578,16.61459383,34716.98829,17.53383247,34108.25452,17.20033006,0.280922609,0.073126143,0.07558579,0.203141928,0.038293217,0,0.19874653,0.157749441,0.185319303,0.360548011,0.38397847,0.36567292,0.402753698,0.326400043,0.239860085,0.288763137,0.061338491,0.320394316,0.335092561,0.384664422,0.394331191,0.597601585,0.625438455,0.789503137,0.808443911,0.534482777,0.423893299,0.512769142,0.571156318,0.338235261,0.506029939,0.455940671,0.602508525,0,0,0,0,0,0,0,0
195,DAROU NAHIM,DIOURBEL,8,Rainfed Groundnut and Millet,29,0,0,0,0,2,Tropics lowland; semi-arid with soil/terrain limitations,5346.917733,4.183816692,5739.133753,4.476703395,6340.054557,4.858279354,7077.206465,5.402447683,0.94309733,0,0,0.00312526,0,0,0.002103138,0,0.106505347,0.840648177,0.840644132,0.873131234,0.863631299,1,0.674669243,0.617440434,0.678599542,0.257413945,0.215722267,0.256231756,0.257350668,0.359509761,0.511790607,0.701416462,0.548852313,0.137931011,0.166161327,0.212318511,0.269377316,0.514705957,0.723106581,0.554950478,0.614568332,0,0.00284685,0.008906756,0.267701625,0.676909691,0.817416355,0.867057261,0.785877763
196,DAROU SALAM TYP,DIOURBEL,8,Rainfed Groundnut and Millet,33,0,0,0,0,2,Tropics lowland; semi-arid with soil/terrain limitations,9475.096615,2.765644079,10014.46463,2.904427096,10402.89428,3.010096724,11715.2802,3.382985908,0.882899628,0,0,0.00312526,0,0,0.004206276,0,0.166148341,0.872708288,0.80270529,0.819285423,0.87124911,0.890741997,0.871034669,0.424921269,0.619474921,0.276971164,0.224092413,0.259145597,0.260239019,0.431778055,0.561420368,0.727197328,0.585310034,0.637930959,0.30260761,0.537806677,0.428208359,0.338235261,0.95224317,0.678712884,0.891944143,0.014417692,0.080102761,0.083480607,0.155670087,0.71117741,0.813851449,0.861039736,0.801641943
197,DENDEYE GOUY GUI,DIOURBEL,8,Rainfed Groundnut and Millet,27,0,0,0,0,2,Tropics lowland; semi-arid with soil/terrain limitations,8313.625458,5.38796206,8845.308846,5.601842208,9991.568567,6.28796008,11466.71294,6.987637381,1,0,0,0.007292274,0,0,0.010515689,0,0.037276871,0.850266211,0.844239925,0.855042178,0.833160052,0.990667705,0.686501331,0.648504446,0.676234558,0.271480671,0.214635266,0.232345923,0.244356584,0.374056628,0.460348875,0.666625859,0.629249308,0.293103487,0.287446923,0.287431187,0.428208359,0.691176568,0.711046774,0.777722837,0.783405752,0,0.142373101,0.012769293,0.37854368,0.668560456,0.81965827,0.867709192,0.791132903
198,KAEL,DIOURBEL,8,Rainfed Groundnut and Millet,30,0,0,0,0,2,Tropics lowland; semi-arid with soil/terrain limitations,12230.09239,2.902252583,13686.66835,3.24328634,14308.51265,3.376241776,16349.6086,3.824469847,0.911414329,0,0,0.002083507,0,0,0.00946412,0,0.133131683,0.889539847,0.834351495,0.917340757,0.868392431,0.692880878,0.975052111,0.589894907,0.6383948,0.27838251,0.228337198,0.270114452,0.266513465,0.36047252,0.529524106,0.74782072,0.495798516,0.31034485,0.21164339,0.324987488,0.364675922,0.367647087,0.614568332,0.579702929,0.57838877,0,0.13851532,0.076691722,0.223413586,0.691215497,0.825246774,0.855906816,0.782338653
199,MADINA,DIOURBEL,8,Rainfed Groundnut and Millet,41,0,0,0,0,2,Tropics lowland; semi-arid with soil/terrain limitations,13329.48909,2.986665716,14496.52229,3.241619475,15143.30035,3.37643263,17232.5152,3.826046891,0.784682325,0,0,0.004167014,0,0,0.00946412,0,0.258807992,0.914039224,0.82340314,0.913077481,0.817924429,0.581210817,0.903667743,0.576672388,0.584026698,0.309552927,0.263500637,0.292974264,0.294957508,0.41314841,0.562481822,0.732450885,0.645692169,0.448275961,0.30260761,0.387581323,0.364675922,0.470588174,0.78340575,0.752970386,0.783405752,0,0.113157359,0.032403091,0,0.687003808,0.819800434,0.843130406,0.768293218
200,NDIOUMANE,DIOURBEL,8,Rainfed Groundnut and Millet,32,0,0,0,0,2,Tropics lowland; semi-arid with soil/terrain limitations,8167.89,3.233527316,8557.865915,3.328613736,8988.352069,3.44249409,10372.16708,3.966411886,0.855441027,0,0,0.00312526,0,0,0.008412552,0,0.189579517,0.859884244,0.78311145,0.724640709,0.800784353,0.846173415,0.816800408,0.511075182,0.692188035,0.258714559,0.223354002,0.257837448,0.250676641,0.421275046,0.524187452,0.644328748,0.61357152,0.344827575,0.317768301,0.299949956,0.459974528,0.382352959,0.831644972,0.592079302,0.879884194,0.026484937,0.043826573,0.008299361,0.029150677,0.707021485,0.824322382,0.87796771,0.810191853
201,TAIBA THIEKENE,DIOURBEL,8,Rainfed Groundnut and Millet,31,0,0,0,0,2,Tropics lowland; semi-arid with soil/terrain limitations,3819.137943,3.609771213,4001.376289,3.746607013,4282.359529,3.957818419,4900.793062,4.529383606,0.904021629,0,0,0.00312526,0,0,0.005257845,0,0.143782218,0.863891758,0.829856754,0.811611527,0.876010243,0.953782746,0.645214429,0.593936944,1,0.259425881,0.21903659,0.255467573,0.256200271,0.366032669,0.489568509,0.677914818,0.591806106,0.08620692,0.151000637,0.187280903,0.237611146,0.514705957,0.723106581,0.542574253,0.518089744,0,0.127410428,0.057744945,0.305872879,0.691374798,0.827158459,0.851406529,0.781617177
202,TOUBA MBOUL,DIOURBEL,8,Rainfed Groundnut and Millet,34,0,0,0,0,2,Tropics lowland; semi-arid with soil/terrain limitations,15949.12399,2.842981104,16918.20407,2.978032752,17170.9986,2.993027471,19543.36625,3.382375606,0.839599527,0,0,0.004167014,0,0,0.006309414,0,0.207685426,0.893867962,0.813675688,0.705056625,0.762089333,0.831811471,0.789776172,0.535327405,0.6383948,0.262262459,0.227407978,0.244606921,0.247362381,0.412196134,0.484364339,0.604276652,0.584659404,0.362068938,0.30260761,0.425137772,0.459974528,0.35294113,0.904003806,0.493069349,0.92812356,0,0.073578581,0.133718948,0.078120175,0.728365261,0.813623308,0.883792287,0.817758513
203,KAFFRINE,KAFFRINE,10,Rainfed Groundnut and Cereals,13,0,0,0,0,2,Tropics lowland; semi-arid with soil/terrain limitations,47219.50051,25.46898625,46180.11661,24.90836926,49404.61072,26.4904079,46309.0787,24.77746319,0.398149713,0,0,0.213559463,0,0,0.145116514,0,0.29501981,0.910378919,0.74445668,0.706734952,0.730319596,0.90403881,0.78220269,0.518711674,0.30374944,0.23397899,0.204045613,0.216743179,0.21624212,0.490301387,0.511064873,0.470380149,0.574996749,0.362068938,0.272286235,0.387581323,0.634688659,0.705882436,0.988422587,0.814851515,0.518089744,0,0,0,0,0,0,0,0
204,KAHONE,KAOLACK,10,Rainfed Groundnut and Cereals,12,0.00153211,0,0.001403121,2,2,Tropics lowland; semi-arid with soil/terrain limitations,35236.50564,20.30922515,36984.21866,21.31655254,38820.49076,22.32345645,36936.32277,20.84442594,0.379139912,0.050274223,0.188964475,0.152096008,0,0,0.145116514,0,0.355727858,0.633058957,0.557475464,0.574573414,0.601769026,0.455328204,0.480173963,0.408003234,0.501225677,0.258609889,0.204447207,0.235751531,0.22967169,0.409534441,0.579882876,0.55524038,0.624339356,0.344827575,0.257125547,0.637956961,0.428208359,0.750000046,0.686927164,0.790099064,0.530149548,0,0.01883216,0.002777696,0,0.803031835,0.890064874,0.878481332,0.884282779
205,KARANTABA,SEDHIOU,12,"Forest, Rainfed Rice, and Groundnut",0,0,0,0.000309514,1,2,Tropics lowland; semi-arid with soil/terrain limitations,12705.52687,7.49588606,12558.20321,7.387178361,12637.53624,7.416394509,12798.49618,7.480126345,0.0052805,0.009140768,0,0.007292274,0.640043764,0,0.036804913,0.881863196,0.029821497,0.307460143,0.28368154,0.14514502,0.613595954,0.022522122,0,0.008915026,0,0.91278997,0.805439291,0.924914532,0.634524483,1,0.93785531,0.92107037,0.735845539,0.913793184,0.818071557,0.925888901,0.602922487,0.911764784,0.795465557,0.648415084,0.674867359,0.07061271,0.101268764,0.879688138,0.334863905,0.97366707,0.907755516,0.992955568,0.954194618
206,KOLIBANTANG,SEDHIOU,12,"Forest, Rainfed Rice, and Groundnut",52,0,0,0.00012038,1,2,Tropics lowland; semi-arid with soil/terrain limitations,11473.62713,4.731392629,11164.70051,4.592636985,10701.47828,4.38405501,11389.11776,4.656221489,0.0063366,0.004570384,0,0.00312526,0.054704595,0,0.021031379,1,0.018105909,0.372106434,0.370309396,0.217310936,0.722492916,0.049255257,0.026650009,0.019967664,0,0.902789941,0.764258561,0.912439693,0.573354139,0.960218652,0.897018214,0.981449179,0.714858709,0.896551818,0.696785871,0.875813833,0.412325274,0.558823566,0.674867359,0.653960431,0.445730912,0.095942478,0.049601872,0.880530811,0.258683161,0.977419433,0.897942523,0.984181668,0.945344143
207,KATABA 1,ZIGUINCHOR,11,Forest and Rainfed Rice,28,0.001529695,0.001798947,0.011275043,3,2,Tropics lowland; semi-arid with soil/terrain limitations,33904.27081,2.828655999,34673.02688,2.853512212,35213.78378,2.876003249,36429.49257,2.964639695,0.0010561,0.077696527,0.056689342,0.005208767,0.071115974,0,0.00946412,0.990315937,0.047927406,0.328023976,0.30078265,0.158477735,0.435648794,0.070766148,0.07187443,0.096910729,0.128673648,0.9119642,0.919070483,0.934476772,0.861111658,1,0.965549026,1,1,0.568965505,0.530018119,0.600400659,0.428208359,0.985294131,0.590448578,0.579702929,0.711046776,0.952027882,0.615382579,0.179860572,0.124211827,0.904391338,0.985736783,0.997872217,0.999709038
208,DIOULOULOU,ZIGUINCHOR,11,Forest and Rainfed Rice,0,0,0,0.069632324,1,52,Dominantly hydromorphic soils,8674.419051,4.577529842,8785.269001,4.599617278,9312.380054,4.867945663,9085.338419,4.746780783,0.0031683,0.031992687,0.245653817,0.022918577,0.536105033,0,0.025237655,0.772314973,0.13526179,0.302839811,0.325929844,0.158477735,0.368633545,0.118287658,0.025728263,0.123039612,0.141747977,0.792672769,0.795565584,0.804949471,0.788474104,0.896740869,0.800237064,0.932921701,0.998194108,0.465517323,0.363250364,0.600400659,0.39644219,0.735294174,0.373371935,0.431188221,0.373371935,0.180769551,0.152667607,0.067161196,0.071442383,0.895729269,0.964316837,0.979520693,0.97174931
209,DJINAKY,ZIGUINCHOR,11,Forest and Rainfed Rice,2,0.008033485,0.000254261,0.040851874,3,2,Tropics lowland; semi-arid with soil/terrain limitations,15968.21922,2.822736295,15728.00773,2.771943554,15080.74492,2.647137954,16003.23812,2.756327613,0.0021122,0.173674589,0.113378685,0.004167014,0.34463895,0,0.026289224,0.694535735,0.241767137,0.3288598,0.289040943,0.147039003,0.370964321,0.087252082,0.073228239,0.157396928,0.184396538,0.814940266,0.856627182,0.83677626,0.73821479,0.870478868,0.827568886,0.927054807,1,0.758620707,0.651303805,0.725588478,0.634688659,0.85294113,0.662807554,0.604455527,0.707019132,1,0.55697985,0.099314996,0.175145126,0.960077499,1,1,1
210,KAFOUNTINE,ZIGUINCHOR,11,Forest and Rainfed Rice,0,0.000525845,0.000106461,0.015233853,3,50,Land with severe soil/terrain limitations,44270.35092,4.069340098,45292.73893,4.152630322,48522.13167,4.438541133,46981.28734,4.28270623,0.0021122,1,0.07558579,0.006250521,1,0,0.021031379,0.182945533,0.140587057,0,0,0,0,0.046190555,0.041294666,0.049166064,0,0.786402125,0.7744658,0.803516051,0.778712844,0.591243504,0.567138975,0.619378264,0.529473893,0.551724143,0.545178807,0.675513262,0.55527323,0.604114699,0.518089744,0.480693124,0.554269161,0.486214513,0.49856486,0.261812423,0.192941197,0.951463993,1,1,1
211,DIAMAGADIO,KAFFRINE,10,Rainfed Groundnut and Cereals,46,0,0,0,0,2,Tropics lowland; semi-arid with soil/terrain limitations,27557.04634,2.662002158,28391.3373,2.730723988,27376.62933,2.622784952,28578.85394,2.7356039,0.449898614,0.018281536,0,0.004167014,0.00547046,0,0.439555817,0.036150914,0.120351042,0.820610608,0.749855517,0.721230088,0.714584922,0.522591387,0.514550198,0.304931285,0.488065719,0.296984618,0.279333657,0.292550398,0.271131183,0.722948025,0.614752061,0.69947618,0.652583605,0.568965505,0.24196486,0.512769142,0.491740701,0.735294174,0.771345945,0.740594161,0.361312131,0.007111909,0.427551578,0.004054343,0.116710471,0.897061439,0.890831196,0.930318297,0.90235534
212,DIOKOUL BELBOUCK,KAFFRINE,10,Rainfed Groundnut and Cereals,49,0,0,0,0,2,Tropics lowland; semi-arid with soil/terrain limitations,25754.34402,3.27413476,27049.68731,3.420979804,26728.10017,3.368805164,27678.59416,3.468930212,0.442505914,0,0,0.006250521,0,0,0.29759401,0,0.308865505,0.893547361,0.800715443,0.783751234,0.795070995,0.635201686,0.636034826,0.345351657,0.62893486,0.254189666,0.220616778,0.233455913,0.218966971,0.64136652,0.567858638,0.583642918,0.527436126,0.241379293,0.393571921,0.412619006,0.444091444,0.573529435,0.78340575,0.666336659,0.301013101,0,0.11558094,0.004344868,0.044497721,0.856701995,0.849383825,0.906855149,0.904732128
213,KATHIOTTE,KAFFRINE,10,Rainfed Groundnut and Cereals,44,0,0,0,0,2,Tropics lowland; semi-arid with soil/terrain limitations,41782.74765,3.215789091,43302.72131,3.31187161,42577.18552,3.243481795,44382.89735,3.379494201,0.479469415,0,0,0.009375781,0,0,0.239757719,0.001095482,0.326971414,0.883929327,0.822408513,0.78688453,0.764599748,0.611139117,0.676693589,0.396907743,0.405079946,0.272745056,0.225869783,0.2535044,0.242880577,0.561305612,0.530214984,0.543832934,0.538114917,0.293103487,0.135839949,0.487731609,0.459974528,0.632352913,0.819585167,0.691089109,0.349252323,0.05102327,0.401378333,0.134664747,0.100764402,0.880992488,0.872301356,0.920752596,0.907361305
214,MEDINATOUL SALAM 2,KAFFRINE,10,Rainfed Groundnut and Cereals,49,0,0,0,0,2,Tropics lowland; semi-arid with soil/terrain limitations,19734.01871,3.227149421,20154.62661,3.276642271,20778.88281,3.340119403,22075.69381,3.498525169,0.275642109,0,0,0.004167014,0,0,0.651972743,0.027387056,0.094789758,0.742979466,0.778193359,0.781541165,0.75602971,0.46482729,0.551347328,0.488265895,0.501978173,0.311473193,0.279620433,0.286785222,0.265872038,0.651572147,0.688457476,0.607134142,0.702629041,0.60344823,0.469375365,0.637956961,0.507623785,0.750000046,0.795465557,0.851980193,0.457790717,0.468055508,0.179191444,0.013590549,0.167831225,0.876926411,0.875567705,0.913763101,0.904654147
215,KEBEMER,LOUGA,5,Rainfed Cowpea and Groundnut,43,0,0,0,0,53,Desert/Arid climate,23281.89017,18.50706691,22567.58786,17.67234758,24114.07392,18.88337817,23220.69675,18.18378759,0.046468401,0,0,0.216684724,0,0,0.004206276,0,0.783879351,0.704392704,0.690519791,0.854244281,0.824590014,0.836021591,0.891606285,0.808164915,0.799213771,0.173112871,0.133492055,0.135490933,0.129717095,0.164091913,0.255474809,0.219453869,0.301450598,0.327586212,0.24196486,0.174762136,0.221728059,0,0.686927164,0.480693124,0.940183365,0,0.4854583,0.025565918,0.822918749,0.588870184,0.743792375,0.795753899,0.690669653
216,GATHIARY,TAMBACOUNDA,15,Rainfed Maize and Artisanal Gold Mining,48,0,0,0.000582501,1,2,Tropics lowland; semi-arid with soil/terrain limitations,2962.188164,3.965446003,2899.865105,3.882014866,2743.790848,3.648658043,2990.086066,3.903506613,0.0021122,0.013711152,0.018896447,0.001041753,0.010940919,0,1,0.002190964,0.039406978,1,1,0.962425713,1,0.611401067,0.403557529,0.508732657,0.435434824,0.28267975,0.256218448,0.28678771,0.237701834,0.538854937,0.848892034,0.604202294,0.63619567,0.379310304,0.348089676,0.550325443,0.507623785,0.529411826,0.78340575,0.691089109,0.843704779,0.033270319,0.014033619,0.02284472,0.033084072,0.860302938,0.888013984,0.897955903,0.915241653
217,MADINA FOULBE,TAMBACOUNDA,15,Rainfed Maize and Artisanal Gold Mining,76,0,0,0.000130257,1,2,Tropics lowland; semi-arid with soil/terrain limitations,5778.21056,3.392959812,5626.503455,3.303877542,5360.808432,3.147861675,5659.076472,3.315217617,0,0.004570384,0,0.001041753,0.00547046,0,1,0.005477411,0.012780642,1,1,0.961857237,1,0.442395143,0.243600379,0.388018917,0.357911823,0.297007547,0.284653263,0.308789011,0.258279356,0.7213386,0.814318948,0.617644566,0.743372111,0.431034391,0.363250364,0.550325443,0.444091444,0.750000046,0.698986969,0.889108869,1,0.125870093,0.015020049,0.012745558,0.07362715,0.872510581,0.889161773,0.905060713,0.936025099
218,SADATOU,TAMBACOUNDA,15,Rainfed Maize and Artisanal Gold Mining,91,0,0,0.000181513,1,50,Land with severe soil/terrain limitations,16639.10175,3.129415413,17460.29422,3.272169082,17514.89103,3.280556477,17865.17031,3.338036307,0.0021122,0,0,0.001041753,0.00547046,0,0.947463616,0.096402436,0.005325267,0.925703672,0.944464541,0.727967621,0.93048369,0.325264166,0.239901303,0.262157021,0.151073303,0.35980166,0.349260208,0.40519383,0.339298391,0.786207584,0.805662709,0.780134504,0.843617929,0.413793029,0.378411233,0.375062556,0.52350687,0.558823566,0.554269161,0.62920798,0.570923276,0.151865179,0.042314392,0.014660386,0.569756944,0.874290757,0.856858465,0.909265574,0.938329459
219,TOUMBOURA,TAMBACOUNDA,15,Rainfed Maize and Artisanal Gold Mining,62,0,0,0.00017256,1,50,Land with severe soil/terrain limitations,4191.870134,2.156311797,4381.770213,2.252838156,4216.996307,2.168121495,4422.393765,2.273724301,0.0042244,0.004570384,0,0.001041753,0.010940919,0,1,0.003286447,0.034081711,0.985949181,1,0.909395639,1,0.421027208,0.138872151,0.256492989,0.351648202,0.311334534,0.349231007,0.333189458,0.289361231,0.745381002,0.903612136,0.739370825,0.734558138,0.568965505,0.514857428,0.587881893,0.571156318,0.499999912,0.891944001,0.691089109,0.807525362,0.027662069,0.007767612,0.034712604,0.145627594,0.866525972,0.868614723,0.895541272,0.927160797
220,DIAMAL,KAFFRINE,10,Rainfed Groundnut and Cereals,25,0,0,6.78E-05,1,2,Tropics lowland; semi-arid with soil/terrain limitations,14898.51569,2.197421193,15498.39391,2.275828768,16115.74499,2.354382029,16598.87332,2.412626936,0.701250422,0,0,0.005208767,0,0,0.085177084,0.002190964,0.264133259,0.975300645,0.708345632,0.655575647,0.695087218,0.797311855,0.577421603,0.193179499,0.35818854,0.298925017,0.251528857,0.305237177,0.285859926,0.531294582,0.599449799,0.610901055,0.666618366,0.137931011,0.075197105,0.400100089,0.412325274,0.470588174,0.891944001,0.554950478,0.409551352,0,0.057763442,0.106931755,0.062137584,0.851913186,0.86594476,0.909200604,0.87979993
221,KEUR MBOUCKI,KAFFRINE,10,Rainfed Groundnut and Cereals,7,0,0,0.000754938,1,2,Tropics lowland; semi-arid with soil/terrain limitations,13158.51794,2.201893899,13995.13882,2.340715641,14330.33885,2.39357589,14646.25507,2.444709576,0.676960122,0,0.037792895,0.007292274,0,0,0.087280222,0.001095482,0.281174115,0.945963382,0.777431732,0.670923439,0.734128502,0.67663796,0.466231082,0.228637833,0.351765375,0.301772512,0.251101867,0.313775415,0.309898942,0.522438418,0.622464566,0.614954701,0.693395827,0.155172373,0.257125547,0.412619006,0.571156318,0.485294043,0.771345945,0.653960431,0.614568332,0.137926622,0.068361884,0.181849205,0.213427616,0.845701466,0.86558427,0.903835044,0.867443757
222,TOUBA MBELLA,KAFFRINE,10,Rainfed Groundnut and Cereals,31,0,0,0,0,2,Tropics lowland; semi-arid with soil/terrain limitations,14122.0502,2.064627222,13861.29495,2.016481663,13522.58798,1.954413641,14169.0825,2.03901029,0.662174721,0,0,0.004167014,0,0,0.105156894,0.001095482,0.284369275,1,0.813272288,0.65956238,0.750316351,0.649373062,0.466055671,0.399919159,0.357430386,0.306100562,0.23619965,0.326942806,0.299106145,0.487181754,0.619909092,0.601241306,0.720728836,0.172413839,0.151000637,0.375062556,0.428208359,0.382352959,0.771345945,0.554950478,0.445730912,0.006674089,0.055539028,0.146880566,0.177923819,0.838379564,0.848101497,0.899866103,0.860062883
223,GANDE,LOUGA,5,Rainfed Cowpea and Groundnut,46,0,0.002339632,0.001152673,2,53,Desert/Arid climate,24527.22234,1.82263672,23276.37305,1.724942422,22950.86305,1.696043678,24593.32696,1.815139638,0.354849611,0.013711152,0,0.001041753,0,0,0.013670396,0.001095482,0.685894432,0.838219111,0.915058765,1,0.952361817,0.815162467,0.956879397,1,0.988175034,0.22695104,0.199090387,0.204121345,0.186093541,0.214537962,0.261976662,0.309921679,0.270775688,0.586206868,0.484536053,0.462694074,0.332909753,0.558823566,0.686927164,0.554950478,0.59044872,0.742894233,0.699545428,0.328781587,0.945541233,0.654025452,0.778481677,0.828712809,0.726870894
224,KEUR MOMAR SARR,LOUGA,5,Rainfed Cowpea and Groundnut,2,0,5.76E-05,9.57E-05,2,53,Desert/Arid climate,43260.7172,3.244634906,43237.22758,3.224974086,43196.42849,3.215694818,46106.4829,3.429011074,0.080263603,0.434186472,0,0.00312526,0.131291028,0.112107623,0.021031379,0.004381929,0.826481489,0.784100432,0.79386622,0.887462058,0.852153678,0.909805949,0.806143852,1,0.944763205,0.215924392,0.17445391,0.152695806,0.161921617,0.235564248,0.256850355,0.237982777,0.160194007,0.844827523,0.474532469,0.375062556,0.293305419,0.411764696,0.735166386,0.62920798,0.704796597,0.179500768,0.745118851,0.520349403,0.817319097,0.579723721,0.735603471,0.809458946,0.722809991
225,NGUER MALAL,LOUGA,5,Rainfed Cowpea and Groundnut,41,0,0,0,0,53,Desert/Arid climate,35086.58826,3.616428392,35175.85188,3.590471765,35244.67436,3.57269887,37201.43707,3.766471304,0.397093613,0.059414991,0,0.008334028,0,0,0.008412552,0.001095482,0.630511652,0.799518288,0.842503689,0.945734701,0.883303467,0.787665517,0.922316563,0.938880417,0.926308453,0.218544122,0.187959828,0.176828773,0.174763947,0.196885688,0.271794174,0.236500021,0.238665725,0.413793029,0.332928989,0.324987488,0.221728059,0.308823524,0.698986969,0.691089109,0.542209356,0.014135731,0.445048454,0.181950745,0.755837261,0.602325742,0.757153181,0.798436911,0.701568211
226,SYER,LOUGA,5,Rainfed Cowpea and Groundnut,27,0,0.000220706,5.27E-05,2,53,Desert/Arid climate,22660.25848,1.771301374,22107.42249,1.724447932,21535.50945,1.678135233,23715.89224,1.845594727,0.034851301,0.073126143,0,0,0.087527352,0.112107623,0.022082948,0.002190964,0.9681336,0.835767681,0.888758412,0.90287036,0.905302833,0.833706772,0.782544428,0.967619982,0.98129717,0.206263909,0.174540462,0.141940321,0.130471577,0.216312052,0.208544195,0.124356198,0.181710598,0.913793184,0.454214675,0.412619006,0.221728059,0.617647044,0.662807554,0.5178218,0.530149548,0.076094899,0.541212412,0.531248942,0.603714661,0.607331006,0.755801805,0.785510482,0.723439353
227,FANDENE,THIES,8,Rainfed Groundnut and Millet,52,0,0,0,0,2,Tropics lowland; semi-arid with soil/terrain limitations,82839.8218,11.45779001,86269.7081,11.91570554,90762.75051,12.47426478,91220.71633,12.46184649,0.386532612,0,0,0.069797483,0,0.112107623,0.304954993,0.012050305,0.280109061,0.70038519,0.739062991,0.745422867,0.69984835,0.686227808,0.856712963,0.458023444,0.65265031,0.34358239,0.389316701,0.404653192,0.364715245,0.522179623,0.568163041,0.679815512,0.662051201,0.22413793,0.272286235,0.249874812,0.618805572,0.573529435,0.723106581,0.765346611,0.807525362,0.270426419,0.40988209,0.066878889,0.553081699,0.642779687,0.865218803,0.849560419,0.794968398
228,KEUR MOUSSA,THIES,1,The Niayes Gardening and Fishing,36,0,0,0,0,2,Tropics lowland; semi-arid with soil/terrain limitations,109407.7375,8.060689417,116520.8837,8.569602391,120255.3927,8.799604325,125458.1933,9.103046965,0.174256506,0,0.094482237,0.029169097,0,0,0.527887608,0.12269401,0.197034891,0.713232715,0.682957289,0.712275742,0.693560784,0.565516536,0.862945202,0.658609539,0.6383948,0.339074199,0.373538074,0.361727954,0.323623314,0.644513569,0.643805601,0.792683993,0.752063368,0.431034391,0.393571921,0.212318511,0.221728059,0.823529392,0.590448578,0.653960431,0.662807554,0,0.415531466,0.190795277,0.536566076,0.607597186,0.879929722,0.837383883,0.787165717
229,KAYAR,THIES,1,The Niayes Gardening and Fishing,7,0.001189409,0,0,1,2,Tropics lowland; semi-arid with soil/terrain limitations,18014.40989,11.26604746,18742.83916,11.71427448,19385.47547,12.04815132,19285.85786,11.98623857,0.166863805,0,0.547996977,0.084382032,0.00547046,0,0.223984184,0.065728934,0.468623525,0.108876138,0.139464572,0.179794112,0.101850141,0.367007338,0.45492698,0.345351657,0.450378502,0.314217313,0.361994723,0.335322183,0.349580721,0.249585948,0.317307149,0.352573359,0.292152983,0.60344823,0.484536053,0.487731609,0.55527323,0.882353044,0.674867359,0.62920798,0.807525362,0.042981335,0.305039173,0.071947282,0.411923817,0.58754578,0.88590073,0.831254198,0.769786814
230,DIENDER,THIES,1,The Niayes Gardening and Fishing,0,0,0,0,0,2,Tropics lowland; semi-arid with soil/terrain limitations,59402.19478,8.288292839,61688.97372,8.541813033,65462.91558,9.043088214,67000.63454,9.252953258,0.362242312,0,0.056689342,0.04792066,0,0,0.269201649,0.070110863,0.297149917,0.562345728,0.580548467,0.593266237,0.60691172,0.644495072,0.491394845,0.440339531,0.711709331,0.396638524,0.429969227,0.45887904,0.468794509,0.460353309,0.502740143,0.698624936,0.58486085,0.689655254,0.590661052,0.587881893,0.698221001,1,0.747226191,0.814851515,0.988422587,0,0.386880948,0.175391386,0.612401609,0.591407724,0.88418986,0.824404741,0.771341702
231,POUT,THIES,1,The Niayes Gardening and Fishing,37,0,0,0,0,2,Tropics lowland; semi-arid with soil/terrain limitations,19810.8234,33.1839588,20100.25059,33.66876146,19949.00759,33.4154231,19460.78926,32.59763694,0.030626901,0,0,0.514626219,0,0,0.331244216,0.109548223,0.064968261,0.640272482,0.609614457,0.653017682,0.582724497,0.625878841,0.772851956,0.448423605,0.651402216,0.344294838,0.380495695,0.348211531,0.322251505,0.557051703,0.534327296,0.675720412,0.66925372,0.189655202,0.196482703,0.137205835,0.094663283,0.794117652,0.301012959,0.554950478,0.59044872,0,0,0,0,0,0,0,0
232,KHOMBOLE,THIES,8,Rainfed Groundnut and Millet,16,0,0,0,0,2,Tropics lowland; semi-arid with soil/terrain limitations,15248.46638,27.87653816,15251.37482,27.88185524,15197.44579,27.68205062,15041.75071,27.39845303,0.295708009,0,0,0.457329777,0,0,0.027340792,0,0.271588634,0.761299402,0.804686206,0.893466415,0.812211071,0.795414297,0.71456571,0.907194826,0.835082708,0.228193113,0.21556186,0.214965905,0.218477829,0.280415398,0.294125149,0.314851952,0.437173329,0.396551666,0.393571921,0.324987488,0.52350687,0.338235261,0.867824389,0.604455527,0.602508525,0,0,0,0,0,0,0,0
233,KOTHIARY,TAMBACOUNDA,13,"Rainfed Maize, Cotton, and Cattle",37,0,0,0,0,50,Land with severe soil/terrain limitations,5671.058355,10.92689471,6000.120961,11.56092671,7132.624217,13.74301391,6955.337105,13.40142024,0.0116171,0,0.018896447,0.054171181,0,0,0.891730462,0.002190964,0.090529545,0.926408975,0.933235792,0.84912835,0.958853944,0.457358568,0.459602347,0.49894907,0.54616039,0.252077031,0.265821518,0.260480746,0.239680318,0.495061303,0.68941012,0.519130041,0.587783547,0.344827575,0.393571921,0.237356046,0.55527323,0.808823521,0.711046774,0.604455527,0.095996194,0,0,0,0,0,0,0,0
234,KOULOR,TAMBACOUNDA,14,Rainfed Maize and Lumber,54,0,2.24E-05,0,1,2,Tropics lowland; semi-arid with soil/terrain limitations,12735.69542,1.571532011,13309.67933,1.63630186,13557.69609,1.664337845,14335.59817,1.757459626,0.0042244,0,0,0,0,0,1,0.003286447,0.020236016,0.939469827,0.937882798,0.797979688,0.976100777,0.503839418,0.121058522,0.312565828,0.465897335,0.309020062,0.294962062,0.349527737,0.31739825,0.638949032,0.919540984,0.66432175,0.745042845,0.103448282,0.408732612,0.350025021,0.428208359,0.323529392,0.735166386,0.653960431,0.288953296,0.740002552,0.521924189,0.257461761,0.387087191,0.953285608,0.862976677,0.927768052,0.926802314
235,SINTHIOU BOCAR ALY,TAMBACOUNDA,14,Rainfed Maize and Lumber,64,0,0,0,0,2,Tropics lowland; semi-arid with soil/terrain limitations,6776.812151,1.52734103,6936.116635,1.562188431,7022.426665,1.581271485,7286.591999,1.63780445,0.0010561,0,0,0,0,0,1,0.001095482,0.020236016,0.964344202,0.933856233,0.827344055,0.941973452,0.63682184,0.244312164,0.29886823,0.470371529,0.280061485,0.287144466,0.3391926,0.293645395,0.561013259,0.870921132,0.637803606,0.695300021,0.206896568,0.24196486,0.425137772,0.666454829,0.720588305,0.759285995,0.802475289,0.325132713,0.372629019,0.561329573,0.214354673,0.092953934,0.938135811,0.878019032,0.905457334,0.929544517
236,KAOLACK,KAOLACK,10,Rainfed Groundnut and Cereals,0,0.005635216,0.000339367,0.013199544,3,2,Tropics lowland; semi-arid with soil/terrain limitations,220652.1404,44.88448746,211110.9958,42.94365252,213938.9287,43.51005261,198327.295,40.30223431,0.089768503,0.228519196,1,0.304192016,0.202407002,0.112107623,0.091486498,0,0.397264943,0.61943341,0.528709123,0.577802776,0.592246761,0.458373751,0.285044489,0.381729992,0.469018953,0.111885096,0.084329594,0.072494513,0.07690841,0.12072474,0.145749402,0.104095003,0.143533638,0.293103487,0.469375365,0.324987488,0.39644219,0.470588174,0.397491545,0.356930719,0.506029939,0,0.068396297,0.016036479,0,0.81111332,0.903158741,0.892463586,0.899169548
237,KEUR BAKA,KAOLACK,10,Rainfed Groundnut and Cereals,17,0,0,0,0,2,Tropics lowland; semi-arid with soil/terrain limitations,30913.68393,3.450573047,33766.55951,3.763968288,34320.78123,3.796126671,38033.52426,4.169885348,0.814253126,0,0,0.009375781,0,0,0.045217464,0.144603655,0.045797299,0.820549009,0.720792975,0.646395826,0.677651031,0.41066018,0.578044986,0.205901374,0.557296286,0.326166844,0.268949026,0.325096725,0.291648703,0.574041051,0.65366286,0.677335456,0.716631924,0.08620692,0.166161327,0.375062556,0.364675922,0.294117652,0.650747747,0.493069349,0.421611157,0.059696121,0.145802958,0.026619017,0.050579514,0.87728226,0.910931161,0.906781638,0.916543869
238,LATMINGUE,KAOLACK,10,Rainfed Groundnut and Cereals,22,0.003017034,0.000270249,0.005710358,3,2,Tropics lowland; semi-arid with soil/terrain limitations,43340.01469,3.553916744,47120.61535,3.84344334,48073.53367,3.885043936,51867.28237,4.190279719,0.701250422,0.091407678,0.510204082,0.008334028,0.00547046,0,0.076764533,0.007668376,0.209815533,0.893863446,0.736483103,0.657977516,0.677768617,0.42791828,0.437131101,0.223184568,0.395380157,0.281046052,0.228739989,0.269418432,0.235869831,0.533454726,0.607746252,0.532820983,0.601153248,0.189655202,0.21164339,0.36254379,0.30114358,0.485294043,0.662807554,0.369306944,0.301013101,0,0.039756409,0.075291472,0.116448929,0.859403655,0.910559347,0.907082488,0.905633835
239,NDOFFANE,KAOLACK,10,Rainfed Groundnut and Cereals,23,0,0,0,0,2,Tropics lowland; semi-arid with soil/terrain limitations,15109.08964,14.28080306,15341.69006,14.50065223,15767.93077,14.87540638,15884.86774,14.74918082,0.770953025,0,0,0.144803734,0,0,0.055733154,0.007668376,0.074553743,0.888738344,0.712993494,0.731461949,0.695087218,0.382235073,0.60220105,0.272594988,0.42258993,0.274980376,0.2235041,0.268458675,0.244326798,0.561361196,0.610106403,0.670326649,0.670441065,0.293103487,0.30260761,0.487731609,0.317026668,0.705882436,0.662807554,0.790099064,0.518089744,0.03665573,0.209386871,0.005717572,0,0.865074526,0.892125204,0.874509065,0.894376788
240,THIARE,KAOLACK,10,Rainfed Groundnut and Cereals,30,0,0,0,0,2,Tropics lowland; semi-arid with soil/terrain limitations,45211.14239,2.67315925,47012.14919,2.778988544,46315.62215,2.730873947,50916.05131,2.99347706,0.910358229,0,0,0.010417535,0,0,0.031547068,0.032864467,0.070293529,0.918393947,0.743738791,0.73657788,0.688421632,0.794399114,0.483570245,0.217192717,0.319121842,0.302006001,0.250747841,0.289052919,0.266463277,0.58730474,0.588595989,0.601036511,0.61300699,0.103448282,0.151000637,0.412619006,0.237611146,0.602941176,0.940183365,0.542574253,0.409551352,0.053127049,0.397979496,0.090499824,0.219555574,0.883060033,0.883193333,0.927331257,0.90442
241,KOUMPENTOUM,TAMBACOUNDA,10,Rainfed Groundnut and Cereals,30,0,0,0,0,2,Tropics lowland; semi-arid with soil/terrain limitations,17674.32754,16.25973094,18096.52836,16.64814016,20609.787,18.60089079,19837.93424,17.83986892,0.041187901,0,0,0.085423785,0,0,0.572053504,0.002190964,0.353597751,0.851067713,0.911661036,0.824401353,0.873153563,0.353809967,0.195911632,0.575747777,0.386523911,0.25171052,0.214300638,0.210266375,0.185910312,0.61506411,0.6783076,0.383030223,0.629431976,0.77586207,0.469375365,0.487731609,0.602922487,0.264705826,0.78340575,0.406435622,0.506029939,0,0.223269713,0.030410805,0,0.906314846,0.8723457,0.885316062,0.922996662
242,KOUNGHEUL,KAFFRINE,10,Rainfed Groundnut and Cereals,18,0,0,0,0,2,Tropics lowland; semi-arid with soil/terrain limitations,30497.21174,32.86337472,30673.70753,32.80610431,33939.93889,36.26061848,30467.49942,32.51600791,0.029570801,0,0.018896447,0.388574048,0,0,0.251324977,0.002190964,0.379159034,0.747673855,0.789404087,0.89602438,0.795070995,0.370052885,0.30063986,0.634357316,0.696336929,0.196877829,0.155333213,0.141187566,0.125107858,0.416993179,0.499698006,0.371529276,0.504852026,0.534482777,0.484536053,0.713069562,0.698221001,0.588235304,0.879884194,0.31980204,0.518089744,0,0,0,0,0,0,0,0
243,KOUSSANAR,TAMBACOUNDA,14,Rainfed Maize and Lumber,54,0,0,0,0,2,Tropics lowland; semi-arid with soil/terrain limitations,39958.69367,2.226979528,40831.47755,2.274860858,41313.32026,2.296715603,43592.05493,2.417214979,0.0052805,0,0,0.001041753,0,0,1,0.001095482,0.041537085,0.920824866,0.962858059,0.745401337,0.901810652,0.707602161,0.191963235,0.385168637,0.42494276,0.285614499,0.264500819,0.338522287,0.286562284,0.612735454,0.882942756,0.624198627,0.702545508,0.258620655,0.393571921,0.412619006,0.714104086,0.132352913,0.771345945,0.802475289,0.288953296,0.302692429,0.323633129,0.301100231,0.206619899,0.94693229,0.870847413,0.915889865,0.929623926
244,SINTHIOU MALEME,TAMBACOUNDA,14,Rainfed Maize and Lumber,52,0,0.000109154,0,1,2,Tropics lowland; semi-arid with soil/terrain limitations,34226.83008,2.890779568,36420.21696,3.067482268,37521.96507,3.150723409,39555.47885,3.315909032,0.016897601,0,0,0.002083507,0,0,0.98321696,0.005477411,0.044732246,0.892866171,0.945910805,0.763673703,0.946290157,0.39026085,0.24489167,0.394422341,0.447285744,0.309177374,0.315689281,0.330470114,0.302074847,0.729485503,0.836573804,0.72454779,0.716674718,0.413793029,0.423893299,0.412619006,0.459974528,0.602941176,0.614568332,0.839603965,0.301013101,1,0.348594682,0.188602365,0.872529464,0.958564259,0.868001578,0.919364687,0.929074308
245,KOUTHIA GUAYDI,TAMBACOUNDA,10,Rainfed Groundnut and Cereals,53,0,0,0,0,2,Tropics lowland; semi-arid with soil/terrain limitations,14597.67153,1.272460908,14689.74494,1.280486832,14800.8167,1.288708464,15558.44517,1.346235629,0.0031683,0,0,0,0,0,1,0,0.040472032,1,0.999782767,0.823288984,0.907397108,0.548311145,0.477992367,0.312663148,0.373284186,0.254148347,0.242575261,0.305996402,0.247213924,0.651785325,0.805654832,0.627661704,0.730973062,0.206896568,0.272286235,0.425137772,0.618805572,0.382352959,0.686927164,0.802475289,0.156295221,0.299395954,0.258805768,0.369198063,0.057439242,0.947035062,0.889651185,0.909616056,0.927998566
246,KOUTHIABA WOLOF,TAMBACOUNDA,10,Rainfed Groundnut and Cereals,52,0,5.15E-05,0,1,1,Tropics lowland; semi-arid no soil/terrain limitations,27210.72847,1.809584922,28349.29907,1.885302858,29670.11625,1.969473366,31186.47548,2.046490943,0.034851301,0,0,0.001041753,0,0,0.85387398,0.002190964,0.160823073,1,0.943332917,0.86459795,0.85744793,0.584803001,0.536672855,0.352426002,0.493447205,0.263731438,0.238624551,0.265236854,0.242127001,0.658249142,0.8228157,0.577325331,0.720259471,0.327586212,0.530018119,0.47521284,0.650571744,0.441176434,0.78340575,0.901485242,0.156295221,0.386273254,0.171678552,0.038150468,0.15693091,0.901952436,0.851326732,0.880463771,0.888100533
247,PAYAR,TAMBACOUNDA,9,Agropastoral Groundnut,51,0,0.000664965,0,1,1,Tropics lowland; semi-arid no soil/terrain limitations,39110.66442,1.387148942,40026.64022,1.419384405,40271.44211,1.424982913,42543.68405,1.49701552,0.022178101,0,0,0.001041753,0,0,0.733995121,0.002190964,0.296084863,1,0.889572166,0.781790517,0.902139641,0.757450656,0.642776558,0.420165716,0.411487152,0.289222465,0.226935676,0.273377286,0.253684866,0.499570723,0.778077479,0.580681949,0.608751684,0.241379293,0.469375365,0.487731609,0.618805572,0.838235261,0.807525362,0.715841562,0.566328965,0.671252441,0.485124187,0.095771974,0.184328328,0.897461664,0.825747561,0.880051544,0.851461754
248,MALEM NIANI,TAMBACOUNDA,10,Rainfed Groundnut and Cereals,50,0,0,0,0,2,Tropics lowland; semi-arid with soil/terrain limitations,4870.686051,3.313391871,5243.225522,3.566820083,5965.796361,4.058364871,5911.535002,3.99698107,0.040131801,0,0,0.008334028,0,0,0.841255153,0.00985934,0.154432753,0.858281238,0.905368399,0.733167259,0.863631299,0.25229173,0.314198425,0.727324171,0.413072908,0.301498463,0.28123849,0.290064196,0.245856459,0.797720316,0.93899654,0.756626864,0.801224556,0.793103432,0.62098243,0.425137772,0.507623785,0.294117652,0.674867359,0.728217787,0.313072909,0.020531832,0.158237167,0.034712219,0,0.933323481,0.846796034,0.897854583,0.910942162
249,PASS KOTO,TAMBACOUNDA,10,Rainfed Groundnut and Cereals,50,0,0.00011879,0,1,2,Tropics lowland; semi-arid with soil/terrain limitations,14280.34054,2.012732987,14510.00183,2.045102443,14443.37702,2.029989743,15287.11523,2.125276689,0.0116171,0,0,0.001041753,0,0,0.996887356,0.002190964,0.039406978,0.852959034,0.920409869,0.750178079,0.870916917,0.290036802,0.342793446,0.432986838,0.376973573,0.318722661,0.311051117,0.324889951,0.2690507,0.768241371,0.829509948,0.72122918,0.77740212,0.637930959,0.439053987,0.375062556,0.55527323,0.176470522,0.542209356,0.790099064,0.204534515,0.270707478,0.212826631,0.137405076,0.34433177,0.949485779,0.865243297,0.908756171,0.922336931
250,GAWANE,DIOURBEL,8,Rainfed Groundnut and Millet,38,0,0,0,0,2,Tropics lowland; semi-arid with soil/terrain limitations,22118.29472,4.169329825,22654.77823,4.261621186,22467.88563,4.22249307,23509.46104,4.304185471,0.995902332,0,0,0.008334028,0,0,0.005257845,0,0.044732246,0.825419624,0.766930384,0.863901445,0.751268578,0.761913279,0.868283979,0.737092428,0.586365133,0.255630087,0.234921068,0.248489518,0.223904618,0.502316729,0.554587549,0.567657851,0.609618872,0.258620655,0.30260761,0.425137772,0.332909753,0.705882436,0.711046774,0.790099064,0.638687942,0.012861268,0.493724892,0.04625981,0.560915204,0.684333837,0.846340454,0.889074359,0.82629246
251,LAMBAYE,DIOURBEL,8,Rainfed Groundnut and Millet,39,0,0,0,0,2,Tropics lowland; semi-arid with soil/terrain limitations,30770.96428,6.04062903,31663.17456,6.08907203,32131.70654,6.027331934,33078.83294,6.096356973,0.892404529,0,0,0.019793316,0,0,0.005257845,0,0.138456951,0.778348094,0.80513568,0.855949591,0.753173031,0.694911242,0.873880032,0.897788289,0.702249391,0.244722771,0.23610079,0.251005332,0.232701496,0.39296205,0.512834151,0.54093676,0.596011804,0.327586212,0.348089676,0.450175307,0.459974528,0.661764654,0.711046774,0.839603965,0.686927164,0.005115228,0.633892574,0.210353074,0,0.707183218,0.872663409,0.9069456,0.837139739
252,NGOGOM,DIOURBEL,8,Rainfed Groundnut and Millet,22,0,0,0,0,2,Tropics lowland; semi-arid with soil/terrain limitations,39108.94858,6.866037322,40200.21679,6.96228209,40979.17951,7.008582096,41547.78028,7.026514508,0.883955728,0,0,0.028127344,0,0,0.017876672,0.002190964,0.123546202,0.797367027,0.814922031,0.84230711,0.782692051,0.758060645,0.826476386,0.868795473,0.803943741,0.248703857,0.233157613,0.257167882,0.237583882,0.392710912,0.503763392,0.503829597,0.552765201,0.327586212,0.332928989,0.375062556,0.507623785,0.382352959,0.867824389,0.604455527,0.783405752,0.003421142,0.675652012,0.018850027,0.044972082,0.709388707,0.853744736,0.891057306,0.825895204
253,REFANE,DIOURBEL,8,Rainfed Groundnut and Millet,23,0,0,0,0,2,Tropics lowland; semi-arid with soil/terrain limitations,30947.43373,9.299108694,30786.05164,9.052058699,31574.87072,9.240524062,32072.90661,9.364352295,0.710755323,0,0,0.061463455,0,0,0.006309414,0,0.277978955,0.774123446,0.757041954,0.816727457,0.779835371,0.733488172,0.723293062,0.802662504,0.68602476,0.234723816,0.232216172,0.249787394,0.226545255,0.337174812,0.433158249,0.491603588,0.52779073,0.327586212,0.393571921,0.350025021,0.491740701,0.279411783,0.554269161,0.455940671,0.73516653,0.006575345,0.566109543,0.017226549,0,0.707420919,0.88184731,0.908688819,0.846386581
254,MLOMP,ZIGUINCHOR,11,Forest and Rainfed Rice,0,0,0,0.001361766,1,2,Tropics lowland; semi-arid with soil/terrain limitations,12487.82861,3.849515601,12573.98025,3.853502987,12557.79161,3.836783262,12667.57773,3.864422735,0.0095049,1,0.018896447,0.005208767,1,0,0.056784723,0.312212436,0.15975802,0.099338255,0.084628735,0.029726818,0.102802367,0.103059922,0,0.100031092,0.169733632,0.690000721,0.639958723,0.673621882,0.686966518,0.563256959,0.531915141,0.580630361,0.60757086,0.655172528,0.560339676,0.637956961,0.714104086,0.838235261,0.518089744,0.653960431,0.602508525,0.197872206,0.53602194,0.329732604,0.005505573,0.958999492,1,0.991443216,0.987437817
255,OUKOUT,ZIGUINCHOR,11,Forest and Rainfed Rice,3,0.000230933,0,0.042264479,2,2,Tropics lowland; semi-arid with soil/terrain limitations,9576.025847,2.949191822,9452.458495,2.900416844,9153.273154,2.804311628,9421.841129,2.886593483,0.0021122,0.868372943,0.037792895,0.00312526,0.640043764,0,0.015773534,0.494062486,0.233246709,0.059272021,0.01851215,0,0.058047724,0.110011186,0.034653965,0.0986988,0.05975413,1,0.951008141,0.998526599,1,0.722083188,0.669200024,0.612572653,0.778864325,0.60344823,0.514857428,0.662994494,0.729987361,0.544117697,0.373371935,0.5178218,0.626628137,0.029311005,0.569641295,0.379805437,0.128730327,0.989449196,1,0.985133389,0.995313229
256,LOUGA,LOUGA,5,Rainfed Cowpea and Groundnut,38,0,0,0,0,53,Desert/Arid climate,83358.53375,33.0002113,82442.59458,32.63760672,85257.1851,33.72515233,77531.31122,30.42830111,0.082375803,0.004570384,0,0.574006167,0,0.112107623,0.034701775,0.001095482,0.354662804,0.697179179,0.692317687,0.820138078,0.825542241,0.838051956,0.897193694,0.820291027,1,0.189327504,0.171337317,0.164113038,0.164977758,0.165219334,0.187681938,0.249698714,0.174404623,0.362068938,0.166161327,0.312468722,0.110546368,0.602941176,0.759285995,0.975742599,0.626628137,0,0,0.275160548,0.269815896,0.587132738,0.719705416,0.787027711,0.657349131
257,LOUR ESCALE,KAFFRINE,10,Rainfed Groundnut and Cereals,51,0,0,0,0,2,Tropics lowland; semi-arid with soil/terrain limitations,26024.2524,3.041282272,26969.71301,3.096052464,28074.37794,3.206667954,29801.52683,3.328292029,0.050692802,0,0,0.002083507,0,0,0.600445865,0.002190964,0.400460103,0.928197487,0.842961192,0.816747658,0.803853059,0.610865695,0.513460478,0.415278901,0.478454251,0.273432975,0.241348712,0.263222688,0.236932599,0.590312604,0.688447516,0.603907205,0.699022917,0.189655202,0.469375365,0.512769142,0.459974528,0.676470522,0.747226191,0.542574253,0.228654125,0.245131503,0.440470992,0.192034003,0.12634196,0.877785995,0.844784868,0.888261234,0.882491699
258,RIBOT ESCALE,KAFFRINE,9,Agropastoral Groundnut,53,0,0.000449598,0,1,1,Tropics lowland; semi-arid no soil/terrain limitations,20689.67342,2.427225882,20722.73929,2.40458799,21155.04028,2.4465179,22823.77064,2.585091249,0.051748902,0,0,0.001041753,0,0,0.471102886,0.002190964,0.531461679,0.956550024,0.862011954,0.875708884,0.898481771,0.679704559,0.758785115,0.577834205,0.413721237,0.286754187,0.237457934,0.260398337,0.23566016,0.44432515,0.68507724,0.60444259,0.620353053,0.362068938,0.423893299,0.400100089,0.459974528,0.897058913,0.879884194,0.62920798,0.457790717,0.726026412,0.310250236,0.100029791,0.257491592,0.849587544,0.814843484,0.860076483,0.84417389
259,MABO,KAFFRINE,10,Rainfed Groundnut and Cereals,28,0,0,0,0,2,Tropics lowland; semi-arid with soil/terrain limitations,32983.5395,2.088755589,34201.92519,2.165364051,35079.1246,2.214171849,36231.29719,2.280993276,0.721316323,0.054844607,0,0.010417535,0.010940919,0,0.170354168,0.018623198,0.119285988,0.947726677,0.788758333,0.757824742,0.719081707,0.74688858,0.540953738,0.358886176,0.453507471,0.292139277,0.256294579,0.292710082,0.265846601,0.57405783,0.600569867,0.572898882,0.679152616,0.275862121,0.226804169,0.537806677,0.52350687,0.85294113,0.759285995,0.790099064,0.506029939,0.017189076,0.493468536,0.123492937,0.129059738,0.895061158,0.89460928,0.931643759,0.917487623
260,MBEULEUP,KAFFRINE,10,Rainfed Groundnut and Cereals,29,0,0,0,0,2,Tropics lowland; semi-arid with soil/terrain limitations,9113.461533,2.105211719,9590.374841,2.215378804,10127.05948,2.338812814,10614.75822,2.440174303,0.725540723,0,0,0.010417535,0,0,0.161941617,0.015336751,0.143782218,0.876715802,0.790303036,0.749367706,0.745555219,0.65531913,0.480173963,0.377687955,0.516598079,0.308276073,0.290299941,0.307223565,0.291907273,0.662704435,0.556884798,0.54957823,0.677047578,0.293103487,0.378411233,0.575363126,0.507623785,0.720588305,0.843704779,0.814851515,0.349252323,0.011873532,0.30395573,0.041587662,0.150739097,0.888326073,0.880165671,0.932449926,0.881611186
261,NDIOGNICK,KAFFRINE,10,Rainfed Groundnut and Cereals,29,0,0,0,0,2,Tropics lowland; semi-arid with soil/terrain limitations,29058.97195,2.094038477,30471.30598,2.192495753,32858.70726,2.35850612,34519.75706,2.46622541,0.748774924,0,0,0.011459288,0,0,0.07991924,0.003286447,0.213010693,0.969690125,0.824684385,0.743263104,0.761214054,0.826237366,0.550705218,0.172478199,0.392436373,0.266194443,0.229581117,0.260609993,0.244768752,0.547802054,0.530463714,0.540472686,0.584850637,0.103448282,0.151000637,0.437656541,0.428208359,0.632352913,0.795465557,0.641584206,0.373371935,0.074534995,0.251782491,0.119060603,0.085243562,0.880861782,0.872803613,0.923094501,0.890168651
262,SEGRE GATTA,KAFFRINE,10,Rainfed Groundnut and Cereals,30,0,0,0,0,2,Tropics lowland; semi-arid with soil/terrain limitations,7408.153147,1.77781453,7766.161382,1.861496017,7870.709646,1.877106999,8197.89931,1.950951763,0.885011828,0,0,0.009375781,0,0,0.065197274,0.023005127,0.073488689,0.929614986,0.709397702,0.73657788,0.69984835,0.757852549,0.267680381,0.232174616,0.311318401,0.292874823,0.253356404,0.303750008,0.248678829,0.639215314,0.620107483,0.567813344,0.596703861,0,0.060036417,0.387581323,0.189961889,0.661764654,0.843704779,0.468316897,0.301013101,0.044937458,0.102595186,0.165971293,0.023497272,0.8841838,0.877115075,0.928043789,0.876028664
263,MAKACOLIBANTANG,TAMBACOUNDA,14,Rainfed Maize and Lumber,51,0,0,0,0,2,Tropics lowland; semi-arid with soil/terrain limitations,40944.22932,2.449989787,42706.39173,2.545228663,41778.76295,2.484317236,44709.20237,2.658097644,0.036963501,0,0,0.00312526,0,0,0.906452427,0.035055431,0.071358582,0.785115809,0.828068782,0.707597469,0.86541301,0.33865713,0.302472604,0.343357084,0.35992301,0.393717075,0.395784432,0.398323141,0.33020528,0.787505524,0.840117085,0.781810776,0.848788702,0.551724143,0.363250364,0.47521284,0.475857616,0.397058827,0.421611157,0.740594161,0.132175611,0.595496556,0.313241985,0.080268925,0.331952335,0.928353011,0.853679042,0.92654992,0.901294131
264,NDOGA BABACAR,TAMBACOUNDA,14,Rainfed Maize and Lumber,50,0,0.000195696,0,1,2,Tropics lowland; semi-arid with soil/terrain limitations,21765.7063,2.379025718,22164.41798,2.418376211,21553.53022,2.346090151,23372.69996,2.542445335,0.031683001,0,0,0.001041753,0,0,0.939051064,0.015336751,0.064968261,0.832817279,0.917967348,0.747545572,0.942197207,0.282281918,0.321374097,0.301306706,0.406403808,0.357624567,0.390704048,0.351954922,0.304403839,0.781063016,0.898683671,0.74823091,0.813146254,0.586206868,0.30260761,0.337506255,0.491740701,0.720588305,0.445730767,0.876732643,0.156295221,1,0.3223869,0.126321333,0.888861992,0.962119984,0.88165222,0.944190738,0.914635679
265,NIANI TOUCOULEUR,TAMBACOUNDA,14,Rainfed Maize and Lumber,50,0,0,0,0,2,Tropics lowland; semi-arid with soil/terrain limitations,15384.23706,1.863626537,16276.68361,1.96816005,15842.70049,1.913138569,17153.05148,2.070874258,0.031683001,0,0,0.002083507,0,0,0.902246151,0.024100609,0.092659652,0.789602285,0.875328548,0.718179719,0.866487978,0.34729588,0.349450694,0.251007538,0.418451207,0.358987606,0.365238497,0.379337737,0.312181212,0.719606668,0.784985162,0.721580146,0.802358018,0.517241414,0.423893299,0.500250375,0.602922487,0.294117652,0.686927164,0.814851515,0.373371935,0.378625123,0.20499068,0.076832875,0.147935279,0.929130031,0.859424815,0.928594647,0.917147947
266,MALEM HODDAR,KAFFRINE,10,Rainfed Groundnut and Cereals,44,0,0,0,0,2,Tropics lowland; semi-arid with soil/terrain limitations,11245.42692,7.432535966,11966.53184,7.720343121,13554.81782,8.683419487,12959.51194,8.291434384,0.31154951,0,0,0.016668056,0,0,0.291284597,0,0.437736974,0.940836025,0.858623095,0.779210634,0.800784353,0.6340003,0.590727875,0.438318513,0.283647069,0.272232552,0.210531775,0.244977433,0.221696978,0.495465429,0.507452148,0.653567019,0.66699174,0.189655202,0.166161327,0.400100089,0.332909753,0.485294043,0.590448578,0.616831755,0.349252323,0,0.255470984,0.06789425,0.010496526,0.774067278,0.798479366,0.849281521,0.830021082
267,KEUR MASSAR NORD,DAKAR,0,Urban Area - Dakar,9,0.01819494,0.001354362,0,2,56,Dominantly built-up land,186094.9345,99.62255593,189516.1502,101.4540419,194131.6275,103.8692496,198071.5041,105.9772627,0.0147854,0.009140768,0.188964475,0.639636636,0.010940919,0.112107623,0.094641205,0.020814162,0.256677885,0.138531741,0.183513032,0.262501655,0.19326388,0.46649521,0.381056177,0.44236055,0.636029815,0.160487736,0.20536932,0.188030842,0.201752883,0.189331138,0.182130678,0.217935441,0.205505759,0.22413793,0.226804169,0.299949956,0.348792837,0.35294113,0.011577413,0.171287184,0.674867359,0.003626524,0.223812878,0.188874055,0.760573718,0.591887252,0.852848683,0.735295279,0.735211099
268,MALIKA,DAKAR,0,Urban Area - Dakar,11,0,0,0,0,53,Desert/Arid climate,52742.91573,67.2741272,54339.61239,68.95889897,56377.37474,71.45421387,55838.46205,70.59224026,0,0.063985375,0.604686319,0.442745229,0.158643326,0,0.09884748,0.025196091,0.391939675,0,0,0.034842748,0,0.280716837,0.281003317,0.219037995,0.200872599,0.23896161,0.194117814,0.207185139,0.183184243,0.162070089,0.154110032,0.212627292,0.211121001,0.396551666,0.181322015,0.274912345,0.285260496,0.632352913,0.325132713,0.406435622,0.554269161,0,0,0,0,0,0,0,0
269,BAGADADJI,KOLDA,13,"Rainfed Maize, Cotton, and Cattle",56,0,0,0,0,2,Tropics lowland; semi-arid with soil/terrain limitations,20971.97782,4.301944169,21960.63646,4.500130423,21819.23112,4.469322229,23472.77518,4.804088249,0.0095049,0,0,0.004167014,0,0,0.153529065,0.903772841,0.014910749,0.595731827,0.656670307,0.44345789,0.791316211,0.097500825,0.088515304,0.093791542,0.08091833,0.658576408,0.600723556,0.784735512,0.549853052,0.884971666,0.876093819,0.86202224,0.707661081,0.586206868,0.423893299,0.612919428,0.491740701,0.779411783,0.518089744,0.62920798,0.433671107,0.169224008,0.20473822,1,0.158699733,1,0.912076802,0.971185966,0.97127805
270,COUMBACARA,KOLDA,13,"Rainfed Maize, Cotton, and Cattle",60,0,0,0,0,2,Tropics lowland; semi-arid with soil/terrain limitations,14840.60405,3.699053852,14962.76483,3.723933507,15144.96656,3.766467685,16285.3854,4.050083412,0.0063366,0,0,0.002083507,0,0,0.097795911,0.976074668,0.006390321,0.467604444,0.661903275,0.312862256,0.803370878,0.026034323,0.012784878,0.05233529,0,0.735271425,0.616626031,0.866428264,0.550276851,0.933448628,0.96362475,1,0.693897342,0.620689596,0.363250364,0.662994494,0.110546368,0.823529392,0.795465557,0.616831755,0.288953296,0.332574737,0.230743598,1,0.212548258,1,0.918298001,0.972215036,0.969320125
271,DABO,KOLDA,13,"Rainfed Maize, Cotton, and Cattle",52,0,0,0,0,2,Tropics lowland; semi-arid with soil/terrain limitations,11134.68407,6.768804905,11396.67089,6.923858377,12262.27547,7.449742086,12260.94625,7.444411811,0.025346401,0,0,0.022918577,0,0,0.401699335,0.574032689,0.051122566,0.638669476,0.757940902,0.529382695,0.863631299,0.174797474,0.205262367,0.212974939,0.170127795,0.484808219,0.449990288,0.520916759,0.412680342,0.826045055,0.908775087,0.920949647,0.850608631,0.551724143,0.332928989,0.462694074,0.317026668,0.867646999,0.349252323,0.653960431,0.433671107,0,0,0.055827825,0,0.998074254,0.891959351,0.952386901,0.962063019
272,DIALAMBERE,KOLDA,13,"Rainfed Maize, Cotton, and Cattle",58,0,0,0,0,2,Tropics lowland; semi-arid with soil/terrain limitations,14803.74337,3.52806086,15561.15109,3.708567943,15604.21302,3.713520472,16704.03269,3.958301586,0.0095049,0,0,0.002083507,0,0,0.24817027,0.806274922,0.017040855,0.60758931,0.675852667,0.449104111,0.817416924,0.055459358,0.109107765,0.105913161,0.040983567,0.610186902,0.590752048,0.720029902,0.493507854,0.910466279,0.946576162,0.980975481,0.736343851,0.534482777,0.393571921,0.550325443,0.30114358,0.882353044,0.469850522,0.703465334,0.409551352,0.29315163,0.03767739,0.972469056,0.082303697,1,0.897633491,0.968638725,0.966620114
273,MAMPATIM,KOLDA,13,"Rainfed Maize, Cotton, and Cattle",56,0,0,0,0,50,Land with severe soil/terrain limitations,17124.18182,3.051351001,19146.0355,3.409194356,19269.87149,3.42028248,19944.29323,3.527466083,0.016897601,0,0,0.005208767,0,0,0.344914613,0.664957714,0.045797299,0.620395213,0.7135053,0.494423837,0.821248548,0.057760229,0.132326637,0.097271625,0.027357393,0.556828834,0.507940824,0.556900583,0.441894531,0.816581506,0.910098844,1,0.686339465,0.77586207,0.469375365,0.56284436,0.412325274,0.35294113,0.662807554,0.554950478,0.156295221,0.422686615,0.081322514,1,0.091415569,0.976291957,0.893128795,0.951536963,0.962048262
274,MEDINA CHERIF,KOLDA,13,"Rainfed Maize, Cotton, and Cattle",26,0,0,0,0,52,Dominantly hydromorphic soils,15117.07819,3.140232279,15955.73512,3.311692635,15843.80334,3.276898313,16496.7439,3.407714089,0.044356201,0.059414991,0,0.00312526,0.016411379,0,0.35753344,0.590464923,0.062838154,0.643244408,0.674773644,0.503139975,0.775481981,0.120492523,0.196725554,0.065855815,0.070070743,0.54509044,0.505858371,0.543075937,0.450572254,0.811202301,1,0.893864647,0.729002247,0.517241414,0.408732612,0.400100089,0.380559102,0.323529392,0.481910326,0.493069349,0.168355098,0.363299202,0.406363418,0.95005243,0.379271844,0.956413046,0.887964358,0.943849465,0.947921789
275,MARSASSOUM,SEDHIOU,12,"Forest, Rainfed Rice, and Groundnut",0,0,0,0.003320974,1,2,Tropics lowland; semi-arid with soil/terrain limitations,9784.634346,15.07647819,10152.80999,15.52417429,10531.43926,16.07853322,9792.881922,14.95096477,0.044356201,0.027422303,0,0.078131511,0.973741794,0,0.150374359,0.484203146,0.118220935,0.42947725,0.425330085,0.248859174,0.398944792,0.186304876,0.122975903,0.137186742,0.17249278,0.482428661,0.497597855,0.512024454,0.460087384,0.642951502,0.779463896,0.728031356,0.546865792,1,1,1,1,1,0.855764584,1,0.916063756,0.253855094,0.013456109,0,0,0.94335124,0.940151488,0.964528357,0.95433342
276,FASS,KAOLACK,10,Rainfed Groundnut and Cereals,31,0,0,0,0,2,Tropics lowland; semi-arid with soil/terrain limitations,4333.761813,16.05096968,4253.835441,15.75494608,4427.142598,16.39682444,4192.354439,15.52723866,0.647389321,0,0,0.147928994,0,0,0.045217464,0,0.214075747,0.889539847,0.738164043,0.813316837,0.704609482,0.574612132,0.83082651,0.45650768,0.866221676,0.255176244,0.219268239,0.236363013,0.240997243,0.400252456,0.506835341,0.625806697,0.617101849,0,0.166161327,0.324987488,0.30114358,0.073529347,0.638687942,0.406435622,0.771345945,0,0,0,0,0,0,0,0
277,KHELCOM BIRANE,KAOLACK,10,Rainfed Groundnut and Cereals,21,0,0,0,0,2,Tropics lowland; semi-arid with soil/terrain limitations,15785.96393,4.436752089,16544.58986,4.552721481,17426.26515,4.727689949,18263.59212,4.928114441,0.919863129,0,0,0.009375781,0,0,0.02944393,0.002190964,0.094789758,0.875112797,0.7604562,0.688829195,0.738889634,0.457718795,0.441912155,0.30728914,0.375881479,0.30248433,0.247448479,0.290280951,0.29483313,0.514689247,0.655133291,0.720555516,0.705448188,0.241379293,0.24196486,0.412619006,0.332909753,0.382352959,0.735166386,0.592079302,0.723106581,0,0.033887257,0.059249151,0,0.792743774,0.880834796,0.870446431,0.870790126
278,MBADAKHOUNE,KAOLACK,10,Rainfed Groundnut and Cereals,11,0.001211948,0.000664002,0.002928344,3,2,Tropics lowland; semi-arid with soil/terrain limitations,31123.15571,5.140924299,33716.57623,5.508344426,36734.89414,5.936472873,36875.33451,5.944758103,0.789962825,0.054844607,0.170068027,0.009375781,0.010940919,0,0.031547068,0.003286447,0.198099945,0.89947382,0.782070851,0.66255867,0.728211594,0.645363275,0.690990524,0.400306124,0.436723145,0.313479381,0.245834738,0.319753625,0.307930424,0.483640792,0.65619314,0.63310245,0.715428586,0.22413793,0.090357795,0.462694074,0.364675922,0.470588174,0.686927164,0.616831755,0.469850522,0.00775413,0.025657303,0.08448865,0.080973764,0.81464342,0.892122257,0.886905655,0.894010694
279,NDIAGO,KAOLACK,10,Rainfed Groundnut and Cereals,33,0,0,0,0,2,Tropics lowland; semi-arid with soil/terrain limitations,16415.30024,2.019847452,16326.33068,2.008158755,16305.68959,2.004140805,16978.55484,2.070050578,0.772009125,0,0,0.004167014,0,0,0.017876672,0.001095482,0.263068206,0.948851053,0.792955729,0.680302644,0.752220804,0.656953471,0.504328835,0.302446083,0.60526075,0.290299756,0.201140197,0.280790373,0.274223135,0.382461148,0.553506068,0.614644118,0.634287914,0.344827575,0.135839949,0.412619006,0.459974528,0.308823524,0.867824389,0.567326703,0.747226335,0.027209278,0.08025646,0.267213422,0.091152099,0.806287402,0.843638069,0.885826765,0.854298884
280,NGATHIE NAOUDE,KAOLACK,10,Rainfed Groundnut and Cereals,26,0.00113326,0.000354544,0.001916983,3,2,Tropics lowland; semi-arid with soil/terrain limitations,20394.98385,2.401953109,21247.36881,2.500573004,21385.80819,2.516273466,21998.47998,2.588360981,0.698082122,0.004570384,0.07558579,0.005208767,0,0,0.036804913,0.001095482,0.309930559,0.90847274,0.765143761,0.702351039,0.740347731,0.504740108,0.420041548,0.465715155,0.410305148,0.294802728,0.240650303,0.292379118,0.273621999,0.438460847,0.565326627,0.538762287,0.651200194,0.22413793,0.272286235,0.425137772,0.39644219,0.205882348,0.662807554,0.468316897,0.433671107,0.114716287,0.082247539,0.269499952,0.268176586,0.836413131,0.871174686,0.898996262,0.879436105
281,GAE,SAINT LOUIS,2,"Delta Rice, Horticulture, and Agricultural Labor",5,0,0,0,0,51,Ample irrigated soils,8733.742054,6.50315864,9295.446836,6.750506054,10065.92543,7.034189681,10331.32683,7.219655369,0.0031683,0.530164534,0.018896447,0.016668056,0.027352298,1,0.508959367,0.064633452,0.200230052,0.354116699,0.440612204,0.513561868,0.486549625,0.515673615,0.564330575,0.565642684,0.627042872,0.602689254,0.577569691,0.576488649,0.490765206,0.448279586,0.359938423,0.458637477,0.346569729,0.689655254,0.408732612,0.400100089,0.380559102,0.823529392,0.686927164,0.889108869,0.879884194,0,0.249817309,0.33465373,0.208378718,0.435598224,0.606730994,0.669434989,0.643595383
282,BOKHOL,SAINT LOUIS,2,"Delta Rice, Horticulture, and Agricultural Labor",20,0,0.000365677,0,1,53,Desert/Arid climate,30047.50435,4.183723803,30747.12875,4.235141702,31574.9961,4.302943049,33162.82561,4.497874083,0.0021122,0.068555759,0,0.00312526,0.016411379,1,0.032598637,0.018623198,0.971328761,0.82386644,0.872358209,0.828496123,0.828770128,0.821480904,0.881373666,1,0.968305417,0.150763856,0.112410575,0.087337248,0.089444899,0.16468855,0.153636943,0.130919922,0.135112339,0.137931011,0.120679171,0.049574317,0,0.602941176,0.38543174,0.431188221,0.554269161,0.002946172,0.591214044,0.388087793,0.31063593,0.491221179,0.68156257,0.666829577,0.668329729
283,MBANE,SAINT LOUIS,2,"Delta Rice, Horticulture, and Agricultural Labor",25,0,0,0,0,53,Desert/Arid climate,63512.17158,2.64876852,62342.07706,2.593696,61542.08861,2.54001769,67061.97278,2.759070714,0.0147854,0.018281536,0,0.001041753,0.021881838,0.784753363,0.024186086,0.00985934,0.997955097,0.836249649,0.907819061,0.876936878,0.917377807,0.792061358,0.788217864,0.890177111,1,0.196776816,0.15388372,0.109268035,0.110157356,0.18385177,0.160163635,0.160930267,0.215277998,0.706896616,0.277705462,0.312468722,0.094663283,0.588235304,0.590448578,0.530198025,0.566328965,0,0.450305994,0.532781792,0.636696916,0.588564234,0.733576783,0.743364957,0.71589481
284,NDOMBO SANDJIRY,SAINT LOUIS,2,"Delta Rice, Horticulture, and Agricultural Labor",7,0,0,0,0,51,Ample irrigated soils,4716.167449,9.00031956,4869.480611,9.29290193,5280.77843,9.761143124,5279.825024,9.705560705,0.021122001,0.054844607,0,0.031252604,0,1,0.221881047,0.248674467,0.419631065,0.520047065,0.444207996,0.57883669,0.55510993,0.587301911,0.581161897,0.408003234,0.520145556,0.516467013,0.548209314,0.579147676,0.598904725,0.549924465,0.461015416,0.591976257,0.467222305,0.637930959,0.62098243,0.650475727,0.666454829,1,1,1,1,0,0,0.207624117,0,0.497240266,0.662411908,0.654290849,0.63080324
285,KELE GUEYE,LOUGA,5,Rainfed Cowpea and Groundnut,39,0,0,0,0,53,Desert/Arid climate,12168.6428,4.203330847,13060.16151,4.511282042,13569.80487,4.664766196,14303.6316,4.680507723,0.280922609,0,0,0.016668056,0,0,0.003154707,0,0.7529928,0.770917435,0.752547213,0.903698276,0.848395676,0.926925734,0.932695343,0.884963622,0.886718211,0.209096241,0.17384631,0.166766799,0.182920858,0.204022112,0.226513044,0.450803858,0.298505068,0.431034391,0.166161327,0.274912345,0.39644219,0.382352959,0.771345945,0.653960431,0.711046776,0,0.134483695,0.207301632,0.642150901,0.602006582,0.754017366,0.8139439,0.705611636
286,MBEDIENE,LOUGA,5,Rainfed Cowpea and Groundnut,43,0,0,0,0,53,Desert/Arid climate,13832.56192,2.849724335,14069.76243,2.88906826,13939.03742,2.831986474,14801.67117,2.966266768,0.442505914,0,0,0.006250521,0,0,0.001051569,0,0.606015422,0.75488738,0.77861671,0.929277928,0.851537889,0.899732063,0.950101562,0.923362975,0.831413949,0.213047651,0.167773783,0.176396676,0.181284108,0.241283708,0.314504784,0.36664534,0.34306502,0.31034485,0.226804169,0.274912345,0.428208359,0.044117609,0.38543174,0.653960431,0.566328965,0.736821539,0.152023501,0.281931578,0.632822994,0.643627279,0.795712664,0.825843292,0.733225475
287,NGUIDILE,LOUGA,5,Rainfed Cowpea and Groundnut,38,0,0,0,0,53,Desert/Arid climate,34814.50532,6.576219365,37603.93843,7.103123996,39472.15121,7.34638958,39299.8826,7.171511423,0.222837107,0,0,0.030210851,0,0,0.005257845,0,0.798790099,0.736052064,0.80793195,0.874708003,0.854688841,0.876983922,0.888505676,0.818270008,1,0.212940406,0.18323768,0.171209447,0.182807007,0.247784278,0.26762675,0.380374081,0.244830807,0.517241414,0.272286235,0.375062556,0.444091444,0.338235261,0.867824389,0.82722774,0.614568332,0,0.115723853,0.254592054,0.447242633,0.589762382,0.732971049,0.810459275,0.693211865
288,NIOMRE,LOUGA,5,Rainfed Cowpea and Groundnut,37,0,0,0,0,53,Desert/Arid climate,19346.57834,5.656894251,20378.52807,5.942994479,20557.14964,5.944809034,21229.12215,6.029287744,0.503759716,0,0,0.013542795,0,0,0.003154707,0,0.537852,0.76940366,0.818170428,0.937310776,0.872201337,0.820253697,0.898775182,0.816248989,0.876932228,0.226500078,0.198890637,0.195007005,0.189788679,0.276882312,0.353826404,0.356827148,0.319796178,0.500000052,0.454214675,0.375062556,0.507623785,0.338235261,0.78340575,0.851980193,0.662807554,0.006092774,0.069947968,0.325440983,0.480577789,0.595930018,0.749064837,0.796360087,0.683545984
289,MBOUR,THIES,7,Small Coast Fishing and Tourism,13,0,0,0,0,56,Dominantly built-up land,144785.5412,50.22044438,140131.4171,48.6061107,139134.5959,48.26035238,131495.5698,45.61067285,0.031683001,0.004570384,0.037792895,0.809442454,0.00547046,0,0.088331791,0.020814162,0.089464491,0.467949384,0.440612204,0.460317634,0.470361776,0.478677398,0.387601691,0.395877122,0.464568412,0.181282075,0.169893985,0.164113038,0.168566378,0.170840867,0.23561663,0.258151627,0.252468635,0.431034391,0.423893299,0.400100089,0.428208359,0.426470565,0.337192518,0.455940671,0.457790717,0,0.314881114,0.022437702,0.234074928,0.725247702,0.915538228,0.874453044,0.858406302
290,KAYEMOR,KAOLACK,10,Rainfed Groundnut and Cereals,42,0,0,0,0,2,Tropics lowland; semi-arid with soil/terrain limitations,33102.70932,3.323565193,34117.50724,3.4206444,35218.00748,3.520392591,36937.82804,3.68751403,0.723428523,0.036563071,0,0.011459288,0.00547046,0,0.19874653,0.033959949,0.078813956,0.819406001,0.770560823,0.665125384,0.749393453,0.521527122,0.403623695,0.270573969,0.573526643,0.310153641,0.298047884,0.315033556,0.303267844,0.74062094,0.683609686,0.766093731,0.749518513,0.448275961,0.439053987,0.487731609,0.507623785,0.911764784,0.807525362,0.765346611,0.506029939,0.005591754,0.290935907,0.003266018,0.316503387,0.898646989,0.907553726,0.929542097,0.918728479
291,MEDINA SABAKH,KAOLACK,10,Rainfed Groundnut and Cereals,0,0,0,0,0,2,Tropics lowland; semi-arid with soil/terrain limitations,61820.87048,4.347764996,61876.80129,4.348945832,62301.21869,4.368030477,64411.64301,4.500848509,0.671679621,0.141681901,0.113378685,0.017709809,0.032822757,0,0.174560444,0.072301827,0.07668385,0.809041137,0.753008181,0.656549495,0.732474612,0.357778644,0.6069374,0.330140648,0.336059944,0.31248882,0.309486016,0.326040268,0.305324048,0.689858677,0.725093518,0.787079727,0.85017301,0.379310304,0.484536053,0.350025021,0.364675922,0.955882391,0.747226191,0.740594161,0.57838877,0.049619199,0.160202276,0.020237755,0.093958286,0.895206379,0.90701435,0.94502978,0.917227139
292,NGAYENE,KAOLACK,10,Rainfed Groundnut and Cereals,45,0,0,0,0,2,Tropics lowland; semi-arid with soil/terrain limitations,34309.5847,3.106064159,35087.7998,3.176516368,35759.20373,3.234370815,37461.58795,3.384675456,0.733989523,0,0,0.010417535,0,0,0.156683772,0.111739188,0.046862352,0.876013213,0.800052966,0.694705993,0.776978692,0.480200172,0.586897014,0.267879277,0.309661903,0.287365239,0.274812127,0.298172577,0.281579059,0.748296758,0.678390203,0.812401265,0.763045013,0.431034391,0.484536053,0.512769142,0.475857616,0.941176522,0.879884194,0.950990146,0.457790717,0.036886387,0.195298959,0.011289353,0.232062401,0.892795473,0.89804334,0.905311556,0.906644945
293,MBORO,THIES,1,The Niayes Gardening and Fishing,13,0,0,0,0,53,Desert/Arid climate,29722.16586,23.53298959,28585.1143,22.52570078,29367.36463,23.10571568,29175.08621,22.95443447,0.182705306,0.004570384,0.037792895,0.346903909,0,0.448430493,0.07991924,0.279347969,0.158692966,0.374173558,0.425330085,0.510624283,0.483692946,0.62080293,0.666253581,0.511075182,0.662044648,0.346894131,0.359051649,0.416987949,0.373611573,0.287211138,0.344703298,0.43967905,0.385112793,0.60344823,0.560339676,0.525287908,0.475857616,0.602941176,0.819585167,0.653960431,1,0,0.754115198,0.249324921,0.800298599,0.5489227,0.777518264,0.840804826,0.721989291
294,DAROU KHOUDOSS,THIES,1,The Niayes Gardening and Fishing,15,0.002478711,0.002224879,0.001426116,3,53,Desert/Arid climate,119167.3408,5.045188009,124413.6069,5.218691565,128193.3049,5.353209374,131141.2553,5.472199261,0.382308212,0.041133455,0.925925926,0.019793316,0,0.224215247,0.132497687,0.05915604,0.373833766,0.395786857,0.529363932,0.568473977,0.482180871,0.612573068,0.723827074,0.438700104,0.671508729,0.312797463,0.29864405,0.326310966,0.316531405,0.242759685,0.334192741,0.437918852,0.400938643,0.448275961,0.423893299,0.450175307,0.698221001,0.279411783,0.662807554,0.604455527,0.855764584,0.011246754,0.926156939,0.597045022,1,0.665666908,0.867563851,0.871758363,0.769665601
295,MEOUANE,THIES,1,The Niayes Gardening and Fishing,53,0.000107736,0,0,1,2,Tropics lowland; semi-arid with soil/terrain limitations,35966.56703,5.281434218,37249.27325,5.404711731,38742.03543,5.463550336,42055.71787,5.795991988,0.238678608,0,0.094482237,0.014584549,0,0,0.02944393,0.004381929,0.762578281,0.70014574,0.724318551,0.837990849,0.788214843,0.769125476,0.882135669,0.624252223,0.66518188,0.218347766,0.187739227,0.226147492,0.205433319,0.220793287,0.368171886,0.431992599,0.392086598,0.22413793,0.408732612,0.525287908,0.459974528,0,0.626628137,0.728217787,0.916063756,0,0.868396055,0.238562383,0.391554777,0.6365386,0.848028345,0.859390254,0.781749693
296,TAIBA NDIAYE,THIES,1,The Niayes Gardening and Fishing,60,0,0,0,0,2,Tropics lowland; semi-arid with soil/terrain limitations,30205.19014,6.536505116,30516.5129,6.547202939,31851.8224,6.769781594,32248.35693,6.799147571,0.410822913,0,0.415721844,0.025002084,0,0.112107623,0.173508875,0.026291574,0.390874622,0.644981311,0.687252293,0.73487257,0.671852892,0.740180452,0.717059239,0.465453971,0.631352141,0.31016336,0.347738104,0.345134502,0.354644305,0.353607827,0.40589419,0.511387972,0.493629974,0.568965505,0.605821739,0.612919428,0.618805572,0.676470522,0.614568332,0.889108869,0.891944143,0.004418534,0.708849479,0.333739886,0.439212664,0.635787117,0.863491062,0.884559155,0.764061335
297,MEKHE,THIES,5,Rainfed Cowpea and Groundnut,43,0,0,0,0,2,Tropics lowland; semi-arid with soil/terrain limitations,18551.01303,27.8962602,17836.81693,26.8222811,18231.31765,27.41551527,17722.1224,26.17743338,0.159471105,0,0.018896447,0.47608134,0,0,0.01997981,0,0.393004729,0.689164152,0.730972457,0.903698276,0.821733335,0.841097503,0.813995188,0.806143897,0.858338393,0.206284792,0.166717089,0.176478899,0.166986068,0.189418795,0.270157804,0.260743087,0.297797227,0.206896568,0.272286235,0.187280903,0.205844974,0.205882348,0.590448578,0.790099064,0.879884194,0,0,0,0,0,0,0,0
298,KOUL,THIES,5,Rainfed Cowpea and Groundnut,33,0,0,0,0,2,Tropics lowland; semi-arid with soil/terrain limitations,28154.84572,4.139201076,29212.14237,4.277660327,29130.82833,4.218191186,31727.9451,4.490862718,0.850160527,0,0,0.016668056,0,0,0.002103138,0,0.18425425,0.786145988,0.75883985,0.954396651,0.853156808,0.908077261,0.934235905,0.611620857,0.819316142,0.264180935,0.23872502,0.280923532,0.226565941,0.252824055,0.413662923,0.389813617,0.509662592,0.258620655,0.332928989,0.350025021,0.412325274,0.382352959,0.614568332,0.554950478,0.904003948,0.473652341,0.383101876,0.090550769,0.882173531,0.67303078,0.873120458,0.907533513,0.804183519
299,MERINA DAKHAR,THIES,5,Rainfed Cowpea and Groundnut,40,0,0,0,0,2,Tropics lowland; semi-arid with soil/terrain limitations,44175.43887,3.321461569,47260.2167,3.535588891,47680.54434,3.526145862,51264.18437,3.750397569,0.61887462,0,0,0.016668056,0,0,0.002103138,0,0.418566012,0.770180847,0.746254576,0.921107328,0.878228605,0.987755384,0.932694512,0.893231164,0.872854507,0.239589911,0.186865014,0.229226919,0.191707692,0.202337749,0.353837227,0.403361138,0.442053194,0.206896568,0.135839949,0.249874812,0.237611146,0.014705872,0.795465557,0.604455527,0.855764584,0.96458737,0.447974236,0.160624824,0.810630908,0.648255969,0.81474642,0.868104245,0.770929261
300,PEKESSE,THIES,5,Rainfed Cowpea and Groundnut,35,0,0,0,0,2,Tropics lowland; semi-arid with soil/terrain limitations,22902.15888,3.882379874,23396.15383,3.966122025,24772.33647,4.167620536,26915.67884,4.459191326,0.825870226,0,0,0.021876823,0,0,0.002103138,0,0.206620372,0.799771535,0.778369159,0.962531476,0.833160052,1,0.985579062,0.971867421,0.754279058,0.256248967,0.201277452,0.257747652,0.195937862,0.21877031,0.430690647,0.387581336,0.534689069,0.293103487,0.166161327,0.324987488,0.237611146,0.397058827,0.735166386,0.765346611,0.916063756,0.705645967,0.638062332,0.340734977,0.708250915,0.642406621,0.802399833,0.844350777,0.769563991
301,DIALACOTO,TAMBACOUNDA,16,National Park,72,0,0,0.001326348,1,50,Land with severe soil/terrain limitations,28917.49672,2.358494145,30202.70913,2.458703121,30321.72351,2.463178189,32390.43477,2.630588384,0.0010561,0.009140768,0,0,0,0,0.478463868,0.590464923,0.001065053,0.763806806,0.77045351,0.620945064,0.804523318,0,0,0.069288133,0.013008748,0.445664247,0.503111884,0.497362414,0.457381635,0.870387864,0.924412999,0.921929196,0.971836912,0.534482777,0.530018119,0.462694074,0.571156318,0.720588305,0.57838877,0.616831755,0.433671107,0.553430923,0.537937065,0.525280402,0.734823392,0.942874928,0.902426766,0.976082683,0.960037999
302,MISSIRAH,TAMBACOUNDA,13,"Rainfed Maize, Cotton, and Cattle",57,0,0.000539938,0.002964888,2,50,Land with severe soil/terrain limitations,52414.95532,3.8242343,55089.06492,3.997174932,56314.94292,4.056688008,59715.51268,4.294844123,0.0137293,0.018281536,0,0.00312526,0,0,0.787625137,0.21581,0.036211818,0.805611341,0.860410001,0.705163371,0.965148058,0.072619158,0.027800937,0.1978173,0.262256863,0.431111938,0.456580128,0.421226144,0.375129569,0.823241543,0.96046545,0.834898641,0.871898586,0.586206868,0.454214675,0.324987488,0.459974528,0.499999912,0.433670962,0.62920798,0.204534515,0.754013523,0.228386286,0.258582471,0.95240724,0.967570568,0.904065402,0.96055673,0.944427349
303,NETTEBOULOU,TAMBACOUNDA,13,"Rainfed Maize, Cotton, and Cattle",56,0,0.000675392,0.001409474,2,2,Tropics lowland; semi-arid with soil/terrain limitations,22344.15517,2.285847077,23521.14313,2.402568246,24050.09756,2.443618935,25774.60342,2.618571921,0.022178101,0.009140768,0,0.002083507,0.00547046,0,0.941154202,0.03943736,0.044732246,0.865476601,0.937771502,0.766502867,0.999801112,0.268874778,0.09309347,0.279612508,0.439736071,0.373150439,0.399710537,0.361618109,0.323803685,0.784732329,0.874533476,0.744946467,0.802623806,0.672413891,0.454214675,0.299949956,0.428208359,0.750000046,0.506029939,0.851980193,0.180414905,0.85118906,0.188390577,0.141410898,0.991152324,0.986588887,0.918847896,0.982966104,0.974592901
304,NGAINTHE PATHE,KAFFRINE,9,Agropastoral Groundnut,52,0,0,0,0,2,Tropics lowland; semi-arid with soil/terrain limitations,31576.61497,1.940310616,32724.76408,1.996508089,32725.19886,1.995682331,34951.69559,2.111757331,0.055973302,0,0,0.001041753,0,0,0.697190208,0.002190964,0.29821497,0.947951981,0.85576418,0.871348863,0.869317802,0.707405447,0.613109148,0.571283194,0.374590605,0.30663633,0.232096745,0.276065747,0.231870024,0.434891654,0.661345164,0.581086331,0.645657853,0.396551666,0.332928989,0.47521284,0.444091444,0.794117652,0.711046774,0.604455527,0.530149548,0.136786479,0.138580034,0.195030633,0.291491036,0.8818025,0.816657223,0.858950358,0.857559361
305,MAKA YOP,KAFFRINE,10,Rainfed Groundnut and Cereals,51,0,0,0,0,2,Tropics lowland; semi-arid with soil/terrain limitations,17917.07807,2.325081504,18597.09487,2.396841715,19198.64383,2.474370903,20108.71178,2.58068683,0.243959108,0,0,0.002083507,0,0,0.623580382,0.003286447,0.179994036,0.87304247,0.825386313,0.771287162,0.799995487,0.585287338,0.453056833,0.374769195,0.323851812,0.281977958,0.230979147,0.271421529,0.229196677,0.629037568,0.699172661,0.720978543,0.74841009,0.327586212,0.393571921,0.550325443,0.571156318,0.308823524,0.759285995,0.691089109,0.288953296,0.354969403,0.217460173,0.197362966,0.039852886,0.878826995,0.8430332,0.882346813,0.88743523
306,MISSIRAH WADENE,KAFFRINE,10,Rainfed Groundnut and Cereals,50,0,0,0,0,2,Tropics lowland; semi-arid with soil/terrain limitations,24668.03658,3.414261118,26096.52401,3.568511419,27511.78288,3.7461578,28200.49717,3.784793607,0.277754309,0,0,0.00312526,0,0,0.64566333,0.00985934,0.117155881,0.840936718,0.807980862,0.792865595,0.803786245,0.540383242,0.50105727,0.421563424,0.32128981,0.284989805,0.235478992,0.256935334,0.226668577,0.641692774,0.629753044,0.547538882,0.705579041,0.327586212,0.484536053,0.437656541,0.380559102,0.470588174,0.566328965,0.715841562,0.240713932,0.410885813,0.209051107,0.188494011,0.127889232,0.874194083,0.84674321,0.906133255,0.901465085
307,BALLOU,TAMBACOUNDA,3,Valley Rice and Remittances,29,0,0.001237563,0.005660611,2,2,Tropics lowland; semi-arid with soil/terrain limitations,16830.48723,8.394257968,16879.76973,8.360460491,16544.8968,8.074620207,17272.87314,8.364587479,0.0063366,0.041133455,0.037792895,0.005208767,0.010940919,0.112107623,0.601497434,0.003286447,0.423891279,0.979406119,0.93946887,0.97327493,0.991229643,0.961982296,0.239621506,0.655578011,0.588881234,0.22842345,0.177610405,0.247447679,0.188997421,0.288918373,0.703635224,0.565900315,0.372595491,0.189655202,0.30260761,0.450175307,0.666454829,0.102941176,0.916063756,0.82722774,1,0.021454182,0.017978698,0.036531556,0.243913289,0.79462989,0.860514073,0.856058368,0.877478002
308,DIAWARA,TAMBACOUNDA,3,Valley Rice and Remittances,27,0.003455174,0,0.075505108,2,52,Dominantly hydromorphic soils,11602.23958,20.68135397,11687.76242,20.8338011,12719.85329,22.67353527,12007.116,21.40305883,0.0031683,0.242230347,0.018896447,0.139594966,0.027352298,0.224215247,0.072558257,0.002190964,0.744472373,0.855075227,0.732770354,0.806495596,0.72936737,0.859370786,0.424069556,0.634357316,0.659679664,0.263840551,0.194779668,0.251646661,0.198460571,0.3104161,0.449384204,0.313653338,0.335792285,0.672413891,1,0.688032029,1,0.367647087,0.940183365,0.889108869,0.964302978,0,0,0,0,0,0,0,0
309,GABOU,TAMBACOUNDA,3,Valley Rice and Remittances,52,0,7.62E-05,0.002219891,2,2,Tropics lowland; semi-arid with soil/terrain limitations,23126.75212,5.526105644,24125.82257,5.694081324,23764.61084,5.524084341,25576.30174,5.895874075,0.0042244,0.004570384,0,0.002083507,0,0,0.444813662,0.002190964,0.602820262,0.925660229,0.889711191,0.878321636,0.869381112,0.903623748,0.483917072,0.675114524,0.636080324,0.203858053,0.178585879,0.225585031,0.17856327,0.340568799,0.531928359,0.478853928,0.400981053,0.293103487,0.742267934,0.462694074,0.888818214,0.35294113,1,1,0.891944143,0.013576017,0.037406818,0.166452771,0.017349652,0.84299231,0.863877514,0.853374059,0.883951859
310,MOUDERY,TAMBACOUNDA,3,Valley Rice and Remittances,25,0,0.004136565,0.015728604,2,1,Tropics lowland; semi-arid no soil/terrain limitations,24274.35788,8.657046318,25407.17423,8.93046546,26234.15179,9.166370297,27187.25338,9.463018926,0.0021122,0.164533821,0.018896447,0.006250521,0.010940919,0.33632287,0.067300412,0.005477411,0.936181996,0.929823161,0.736891604,0.824684132,0.782692051,0.854673095,0.612760931,0.671918386,0.692871085,0.175161856,0.161777448,0.195059328,0.1409648,0.248481344,0.394007791,0.278112353,0.308178768,0.379310304,0.939357246,0.612919428,0.968233831,0.617647044,1,0.802475289,0.75928614,0.141014906,0.197260645,0.075281056,0,0.829238858,0.86447614,0.851742042,0.855103218
311,DALLA NGABOU,DIOURBEL,8,Rainfed Groundnut and Millet,31,0,0,0,0,2,Tropics lowland; semi-arid with soil/terrain limitations,22504.62921,5.2009774,26444.29637,6.087545204,28330.07702,6.479889529,30913.0779,7.025699523,0.869170328,0,0,0.013542795,0,0,0.022082948,0,0.150172539,0.895951869,0.826260962,0.925014653,0.803641033,0.709123795,0.932749517,0.509054163,0.847864888,0.266901713,0.219698404,0.234945802,0.226916314,0.41296816,0.509744177,0.650949054,0.499729871,0.293103487,0.120679171,0.187280903,0.39644219,0.750000046,0.638687942,0.604455527,0.59044872,0,0.166834715,0.011720564,0.306584688,0.677359508,0.800555587,0.850999633,0.765953144
312,MISSIRAH,DIOURBEL,8,Rainfed Groundnut and Millet,47,0,0,0,0,2,Tropics lowland; semi-arid with soil/terrain limitations,11318.05735,3.493227578,12029.08786,3.702397003,13004.48284,3.992779502,14624.46855,4.460039205,0.991677932,0,0,0.004167014,0,0,0.002103138,0,0.057512887,0.899959383,0.849633614,0.981289888,0.783168281,0.534921211,0.962010672,0.721450662,0.754518065,0.294282577,0.251973848,0.264537346,0.23865937,0.451130236,0.51286577,0.53354195,0.584565622,0.327586212,0.166161327,0.212318511,0.221728059,0.926470653,0.891944001,0.901485242,0.807525362,0.01075857,0.346398166,0.278245055,0.383426685,0.647813042,0.810889741,0.825596713,0.776643346
313,NGHAYE,DIOURBEL,8,Rainfed Groundnut and Millet,41,0,0,0,0,2,Tropics lowland; semi-arid with soil/terrain limitations,9310.447121,3.218267239,10104.55087,3.467587806,11027.99368,3.758689053,12406.81477,4.202850533,0.94943393,0,0,0.004167014,0,0,0.006309414,0,0.094789758,0.882326322,0.822979185,0.925545696,0.816019976,0.59542337,0.83363173,0.516127728,1,0.291248792,0.241626428,0.253985524,0.242386854,0.451926511,0.560050616,0.640018835,0.548604788,0.258620655,0.151000637,0.237356046,0.332909753,0.632352913,0.602508382,0.62920798,0.566328965,0,0.197610527,0.017248813,0,0.672264826,0.811204893,0.849020841,0.787150415
314,TOUBA FALL,DIOURBEL,8,Rainfed Groundnut and Millet,45,0,0,0,0,2,Tropics lowland; semi-arid with soil/terrain limitations,17333.48394,4.035735493,18908.07009,4.393138962,20581.14295,4.753150797,23028.69711,5.301265449,0.965275431,0,0,0.002083507,0,0,0.002103138,0,0.086269331,0.888738344,0.845138873,0.930983238,0.75888639,0.588901303,1,0.570088925,0.634847322,0.278088129,0.232019946,0.241147467,0.226439398,0.44533683,0.52047558,0.587429641,0.602151685,0.22413793,0.181322015,0.249874812,0.253494231,0.676470522,0.662807554,0.790099064,0.686927164,0,0.253080645,0.054851275,0.332548805,0.662478881,0.818160893,0.832926965,0.778725281
315,TOUBA MOSQUEE,DIOURBEL,8,Rainfed Groundnut and Millet,50,0,0.000328547,0.000256546,2,2,Tropics lowland; semi-arid with soil/terrain limitations,1001408.466,26.63887174,1027223.059,27.32048883,1058689.333,28.13194093,1078822.139,28.61976758,0.575574518,0,0,0.156263022,0,0,0.007360983,0,0.315255826,0.853316401,0.814894305,0.907058993,0.76682161,0.588363877,0.773411058,0.685480976,0.670783823,0.248572439,0.206989296,0.222112431,0.209211427,0.367031202,0.39586077,0.458132272,0.529526077,0.362068938,0.348089676,0.350025021,0.39644219,0.617647044,0.747226191,0.790099064,0.686927164,0.007302804,0.347577252,0.30054612,0.548229707,0.680939988,0.820682255,0.848837356,0.782148242
316,GUEOUL,LOUGA,5,Rainfed Cowpea and Groundnut,41,0,0,0,0,53,Desert/Arid climate,8733.684491,19.75946717,8893.67103,20.12142767,9219.669158,20.71835766,8616.170124,19.31876709,0.026402501,0,0,0.298983249,0,0,0.002103138,0,0.72530141,0.690767157,0.748052472,0.824401353,0.807449938,0.843127868,0.939295031,0.709135004,0.747184104,0.188956176,0.164069676,0.141743335,0.159479596,0.183783304,0.23596909,0.263568392,0.32821154,0.534482777,0.332928989,0.400100089,0.459974528,0.323529392,0.57838877,0.814851515,0.988422587,0,0,0,0,0,0,0,0
317,BADEGNE OUOLOF,LOUGA,5,Rainfed Cowpea and Groundnut,42,0,0,0,0,53,Desert/Arid climate,17001.74163,3.451429482,18342.16083,3.689091077,18837.97063,3.730291214,19755.0696,3.811512561,0.044356201,0,0,0.007292274,0,0,0.001051569,0,0.977719081,0.709482038,0.68602505,0.811990484,0.833160052,0.803839041,0.841607357,0.734229777,0.818056739,0.19610911,0.142939563,0.139783029,0.161116255,0.178000281,0.262937283,0.335951841,0.284100639,0.500000052,0.24196486,0.375062556,0.428208359,0.382352959,0.843704779,0.82722774,0.75928614,0,0.345525094,0.323752115,0.70312425,0.608354594,0.755837713,0.810532292,0.733388975
318,DIOKOUL DIAWRIGNE,LOUGA,5,Rainfed Cowpea and Groundnut,46,0,0,0,0,53,Desert/Arid climate,19342.98736,2.935648408,19994.44116,3.007135082,20036.95464,2.992823695,20798.92673,3.099691018,0.076039202,0,0,0.009375781,0,0,0.005257845,0.001095482,0.953222852,0.640673233,0.642712543,0.799914195,0.78289257,0.831941874,0.894411505,0.779922879,0.736732066,0.180970598,0.126828074,0.134942031,0.152829031,0.176292825,0.304345943,0.28300812,0.310965733,0.206896568,0.044875729,0.249874812,0.269377316,0.176470522,0.638687942,0.715841562,0.711046776,1,0.559843118,0.309598255,0.856555215,0.673364295,0.760171989,0.840980083,0.726808338
319,KAB GAYE,LOUGA,1,The Niayes Gardening and Fishing,50,0,0,0,0,2,Tropics lowland; semi-arid with soil/terrain limitations,12200.59878,3.026692825,12230.19265,3.022786121,11886.47629,2.932760003,12611.65831,3.099449081,0.229173707,0,0,0.004167014,0,0,0.004206276,0,0.813700848,0.695996009,0.720616428,0.835592451,0.800055827,0.750646207,0.803937749,0.722201848,0.670487618,0.222732466,0.168453456,0.202582357,0.209120899,0.179822192,0.305768426,0.413788985,0.384143097,0.08620692,0.090357795,0.262393579,0.317026668,0.117647044,0.638687942,0.678712884,0.75928614,0,0.101635942,0.30828218,0.410603349,0.639709482,0.782705063,0.848769115,0.723309313
320,NDANDE,LOUGA,5,Rainfed Cowpea and Groundnut,46,0,0,0,0,2,Tropics lowland; semi-arid with soil/terrain limitations,25978.0901,5.123883649,27533.32877,5.380756061,29034.21386,5.638806343,29537.62782,5.672676748,0.125675904,0,0,0.025002084,0,0,0.003154707,0.001095482,0.894644911,0.665920571,0.665349242,0.793353702,0.808402165,0.917637747,0.944627091,0.737221227,0.828776082,0.204219229,0.158312789,0.166586211,0.168881441,0.182491529,0.326419234,0.377013753,0.361067244,0.137931011,0.044875729,0.149724601,0.332909753,0.044117609,0.614568332,0.765346611,0.843704779,0.68586132,0.256769121,0.174035326,0.87480506,0.638802347,0.795437987,0.827648146,0.731561822
321,THIEPPE,LOUGA,1,The Niayes Gardening and Fishing,41,0,7.89E-05,2.36E-05,2,53,Desert/Arid climate,29299.17594,3.029591142,29017.26068,2.962456425,28861.98728,2.92184524,30187.40188,3.030559369,0.093992903,0.018281536,0.755857899,0.005208767,0,0.112107623,0.034701775,0.006572893,0.839262131,0.6287853,0.647335163,0.743980937,0.727875548,0.661916668,0.747191801,0.717206532,0.75211209,0.227839753,0.174252778,0.160752117,0.202669121,0.188800421,0.258598984,0.358687044,0.260455792,0.293103487,0.090357795,0.224837277,0.269377316,0.397058827,0.723106581,0.641584206,0.662807554,0.137209338,0.2807068,0.533316492,0.668289589,0.648898113,0.752802924,0.823636576,0.73828603
322,ROSS BETHIO,SAINT LOUIS,2,"Delta Rice, Horticulture, and Agricultural Labor",4,2.24E-05,0.000443697,0.002007013,3,53,Desert/Arid climate,17344.04241,8.598930296,18524.29245,9.138772795,19590.37052,9.631450601,18773.59332,9.193728364,0.016897601,0.027422303,1,0.014584549,0,1,0.131446118,0.004381929,0.790269672,0.713113003,0.802777537,0.822696043,0.762003507,0.765436008,0.735243824,0.733387227,0.92324129,0.1855995,0.152986392,0.113442956,0.154251534,0.136579161,0.133125343,0.172528678,0.094085763,0.568965505,0.02694852,0.224837277,0.253494231,0.544117697,0.518089744,0.604455527,0.614568332,0,0.377603707,0.048304259,0.139325966,0.504454098,0.692931746,0.713819212,0.611152975
323,ROSSO,SAINT LOUIS,2,"Delta Rice, Horticulture, and Agricultural Labor",7,0,0,0,0,51,Ample irrigated soils,11659.73236,13.17483882,11969.38634,13.52473033,12690.57874,13.89986718,12015.4756,13.14603458,0.0042244,0.269652651,0,0.030210851,0.164113786,1,0.213468495,0.16213137,0.32590636,0.419859217,0.397462692,0.511476938,0.375139131,0.609635923,0.50635602,0.42821342,0.650219724,0.518461041,0.525706302,0.500006149,0.492222601,0.377627617,0.44310914,0.425081351,0.478255106,0.655172528,0.469375365,0.788182313,0.904701298,1,0.95224317,1,1,0,0,0.006823865,0,0.507146573,0.63616291,0.627065002,0.628434738
324,DIAMA,SAINT LOUIS,2,"Delta Rice, Horticulture, and Agricultural Labor",4,0.00378715,0.00656136,0.014784317,3,53,Desert/Arid climate,57419.20759,4.398928031,60151.65661,4.573227143,60946.60466,4.593157334,63442.37783,4.773333671,0.029570801,0.667276051,0.699168556,0.004167014,0.153172867,1,0.156683772,0.02957802,0.527201466,0.516680468,0.624382269,0.658079777,0.678939482,0.579416032,0.562426448,0.453401635,0.665059966,0.283834145,0.25786786,0.261512529,0.264590431,0.183688644,0.215605986,0.28501098,0.172627744,0.613068613,0.236055303,0.394902052,0.364675922,0.823529392,0.819585167,0.926237695,0.904003948,0.426657078,0.521197864,0.582489245,0.819660171,0.518454883,0.690865054,0.780120586,0.640917082
325,NGNITH,SAINT LOUIS,2,"Delta Rice, Horticulture, and Agricultural Labor",2,0.000242672,0.00112565,0.000152638,3,53,Desert/Arid climate,31204.7413,3.544784881,31860.21387,3.601244927,31669.20211,3.562339944,33547.57322,3.768543385,0.041187901,0.173674589,0.283446712,0.002083507,0.79321663,0.224215247,0.036804913,0.003286447,0.757253014,0.683985169,0.72880391,0.817572937,0.720777977,0.738283633,0.741576672,0.738831542,0.959018509,0.177746141,0.154305122,0.108996892,0.141301496,0.177604321,0.201437284,0.18455744,0.115891234,0.903530659,0.605821739,0.525287908,0.539390145,0.735294174,0.904003806,0.740594161,0.843704779,0.218745141,0.972834661,0.550381258,0.52396285,0.56971401,0.706691021,0.80448231,0.703557971
326,RONKH,SAINT LOUIS,2,"Delta Rice, Horticulture, and Agricultural Labor",5,4.72E-05,0.001092212,0.000771726,3,51,Ample irrigated soils,25943.34265,4.272619013,26982.48314,4.422632871,26804.74512,4.359203956,27608.97857,4.45521681,0.0052805,0.310786106,0.207860922,0.004167014,0.262582057,1,0.21872634,0.088734061,0.483534273,0.498998147,0.505785945,0.58961379,0.655834327,0.70638387,0.541352325,0.647460013,0.878516623,0.360730211,0.402407695,0.272113087,0.274914663,0.248370994,0.311838047,0.291519508,0.243940785,0.637930959,0.399257182,0.642210033,0.587039402,0.838235261,0.891944001,1,0.904003948,0.052460765,0.307925998,0.330484726,0.508231334,0.526777044,0.688650136,0.659605303,0.6566908
327,KEUR SOCE,KAOLACK,10,Rainfed Groundnut and Cereals,18,0,0,0,0,2,Tropics lowland; semi-arid with soil/terrain limitations,33081.0663,3.953282301,36622.82323,4.354675771,36838.77125,4.316706263,40174.08163,4.700372251,0.879731328,0,0,0.014584549,0,0,0.043114327,0.082161167,0.039406978,0.820455132,0.760076462,0.643723577,0.680803821,0.426903097,0.596482369,0.258447858,0.409448601,0.287525234,0.240162774,0.287067989,0.268515051,0.580431252,0.643992099,0.701092242,0.755966341,0.241379293,0.287446923,0.462694074,0.364675922,0.220588217,0.686927164,0.592079302,0.457790717,0,0.113047487,0.004565094,0.039352875,0.864619491,0.911000966,0.916822878,0.919387042
328,NDIAFFATE,KAOLACK,10,Rainfed Groundnut and Cereals,0,0.006428518,0.003141976,0.034033314,3,2,Tropics lowland; semi-arid with soil/terrain limitations,44219.59707,6.079130749,45951.55095,6.308559988,47769.36071,6.341346171,50743.45498,6.652262058,0.520657317,0.191956124,0.793650794,0.009375781,0.421225383,0,0.078867671,0.017527716,0.258807992,0.668087387,0.642309019,0.550667492,0.656051315,0.442592575,0.488978566,0.465191722,0.427041363,0.254384917,0.204854086,0.25137434,0.244083815,0.456050267,0.511005719,0.479767554,0.557941206,0.22413793,0.30260761,0.450175307,0.507623785,0.167164927,0.602508382,0.402544211,0.493970134,0.037999052,0.04575934,0.033643073,0.100334396,0.816418976,0.901159862,0.902121554,0.906159259
329,NDIEDIENG,KAOLACK,10,Rainfed Groundnut and Cereals,17,0,0,0,0,2,Tropics lowland; semi-arid with soil/terrain limitations,31546.60241,3.550546135,32544.34902,3.648060646,32542.48869,3.59625248,35596.91482,3.919501742,0.890292328,0,0,0.017709809,0,0,0.06940355,0.043819289,0.035146764,0.756136934,0.743449238,0.65613675,0.678899368,0.577994847,0.683743318,0.300889248,0.530787988,0.282522002,0.250892806,0.289304999,0.284464968,0.631733797,0.619710857,0.686833277,0.802780236,0.22413793,0.166161327,0.412619006,0.364675922,0.308823524,0.855764584,0.653960431,0.481910329,0,0.090779257,0.062847303,0.294793865,0.836002671,0.896352453,0.904309099,0.904340362
330,NDANKH SENE,DIOURBEL,8,Rainfed Groundnut and Millet,40,0,0,0,0,2,Tropics lowland; semi-arid with soil/terrain limitations,13474.97046,3.952763407,13795.97339,4.044553911,14321.52051,4.159605142,15598.34832,4.480996357,1,0,0,0.007292274,0,0,0.002103138,0,0.039406978,0.817404597,0.805585154,0.964236786,0.814115523,0.747700725,0.998204659,0.672756669,0.737973573,0.272438154,0.233109918,0.243902178,0.211642075,0.42393727,0.541606024,0.557218688,0.520728968,0.275862121,0.272286235,0.324987488,0.269377316,0.661764654,0.602508382,0.567326703,0.566328965,0.00731664,0.243534934,0.042293837,0.146697159,0.653671638,0.806223715,0.856060571,0.788909891
331,GADE ESCALE,DIOURBEL,8,Rainfed Groundnut and Millet,39,0,0,0,0,2,Tropics lowland; semi-arid with soil/terrain limitations,5394.634592,4.221153828,5650.631055,4.397378253,6414.009785,4.983690587,6859.498237,5.264388517,1,0,0,0.005208767,0,0,0.002103138,0,0.040472032,0.854273725,0.866713629,0.89261376,0.835064505,0.705063066,0.875418713,0.856669361,0.76965146,0.27462077,0.229284284,0.254768774,0.229634771,0.387241101,0.475936264,0.481819042,0.649342848,0.068965557,0,0.249874812,0.094663283,0.529411826,0.506029939,0.455940671,0.626628137,0,0.296499683,0.006057662,0.050603237,0.6226949,0.801667968,0.865432524,0.788474545
332,KEUR NGALGOU,DIOURBEL,8,Rainfed Groundnut and Millet,40,0,0,0,0,2,Tropics lowland; semi-arid with soil/terrain limitations,12315.26349,3.314118269,13380.06432,3.571827102,13522.68473,3.589775611,14720.00197,3.8869823,0.976892531,0,0,0.005208767,0,0,0.003154707,0,0.069228475,0.842251183,0.820867273,0.852538971,0.770313107,0.642121759,0.900021946,0.755388759,0.604102519,0.245292932,0.208625638,0.224275036,0.207118291,0.390427957,0.490093445,0.520933625,0.527473573,0.137931011,0.075197105,0.187280903,0.30114358,0.661764654,0.614568332,0.653960431,0.566328965,0,0.339950764,0.08991133,0.218632085,0.643700277,0.819590883,0.876191707,0.809332672
333,NDINDY,DIOURBEL,8,Rainfed Groundnut and Millet,39,0,0,0,0,2,Tropics lowland; semi-arid with soil/terrain limitations,24033.42965,3.345876325,24432.51385,3.390108762,23703.23719,3.279816963,25706.43609,3.52336021,1,0,0,0.005208767,0,0,0.003154707,0,0.02769139,0.805028669,0.845562113,0.89431907,0.846491223,0.751853992,0.976272936,0.767790294,0.649671599,0.263465884,0.224889764,0.229742606,0.210967501,0.387154676,0.489658457,0.490385111,0.487665802,0.293103487,0.226804169,0.337506255,0.30114358,0.647058782,0.650747747,0.740594161,0.57838877,0.00426757,0.306485684,0.023928868,0.370616713,0.664518808,0.810829784,0.880068883,0.802118439
334,TAIBA MOUTOUPHA,DIOURBEL,8,Rainfed Groundnut and Millet,33,0,0,0,0,2,Tropics lowland; semi-arid with soil/terrain limitations,18123.21296,3.674617389,18808.6598,3.795129095,18678.04022,3.74684859,20236.39212,4.035977687,0.992734032,0,0,0.007292274,0,0,0.008412552,0,0.045797299,0.878953538,0.849633614,0.839749145,0.774122013,0.75366623,0.856073493,0.779928746,0.611320087,0.259341246,0.216431025,0.237960849,0.210882602,0.418736942,0.510572869,0.513873745,0.523079737,0.22413793,0.30260761,0.287431187,0.30114358,0.441176434,0.662807554,0.653960431,0.711046776,0.006529984,0.312799074,0.076279239,0.409519828,0.660386981,0.818705335,0.87633084,0.807072435
335,TOUBA LAPPE,DIOURBEL,8,Rainfed Groundnut and Millet,32,0,0,0,0,2,Tropics lowland; semi-arid with soil/terrain limitations,8785.118544,3.469636076,8959.906442,3.538667631,8810.48278,3.468694008,9383.676839,3.658353544,1,0,0,0.004167014,0,0,0.002103138,0,0.02449623,0.881524819,0.872107318,0.963930227,0.850300129,0.687316175,0.883230158,0.907194826,0.953307514,0.279931409,0.241341861,0.258223865,0.222925813,0.372832167,0.429773343,0.473791638,0.581273198,0.172413839,0.090357795,0.274912345,0.062897015,0.632352913,0.506029939,0.406435622,0.674867359,0.004423888,0.45925511,0.053889009,0.512688309,0.631429503,0.788830119,0.826164894,0.76317899
336,DIAKHAO,FATICK,8,Rainfed Groundnut and Millet,13,0,0,0,0,2,Tropics lowland; semi-arid with soil/terrain limitations,4523.994179,6.064335361,4594.815548,6.069769548,4729.946839,6.166814653,4528.855865,5.858804482,0.854384927,0,0,0.056254688,0,0,0.026289224,0,0.118220935,0.866296266,0.762435643,0.745957086,0.780787598,0.686789783,0.562460428,0.717219078,0.729446717,0.257862352,0.228931296,0.254737318,0.260171036,0.413678184,0.48833114,0.657227509,0.57417474,0.137931011,0.226804169,0.324987488,0.412325274,0.397058827,0.747226191,0.542574253,0.723106581,0,0,0,0,0,0,0,0
337,DIAOULE,FATICK,8,Rainfed Groundnut and Millet,16,0,0,0,0,2,Tropics lowland; semi-arid with soil/terrain limitations,15121.36737,2.76088504,15002.57197,2.720321299,14864.95493,2.677887756,16050.87712,2.891528935,0.966331531,0,0,0.008334028,0,0,0.011567258,0,0.070293529,0.874311294,0.726477717,0.730609294,0.728415143,1,0.73077365,0.425552388,0.735195959,0.290718519,0.24551757,0.292825293,0.267436023,0.451859094,0.607042677,0.647629913,0.68818506,0.172413839,0.257125547,0.312468722,0.364675922,0.132352913,0.530149548,0.295049587,0.698986969,0.058079833,0.030768087,0.09230432,0.070563924,0.78226443,0.842256328,0.857656993,0.846027458
338,MBELLACADIAO,FATICK,8,Rainfed Groundnut and Millet,0,0.001008786,0.000565942,0.043436721,3,2,Tropics lowland; semi-arid with soil/terrain limitations,19433.88021,2.56282213,20832.20407,2.74396787,21397.30016,2.81617533,22412.02984,2.948951294,0.467852315,0.123400366,1,0.005208767,0.136761488,0,0.03995962,0.001095482,0.393004729,0.694774671,0.569836001,0.519289583,0.650043992,0.518930877,0.448381466,0.45650768,0.418451207,0.266986029,0.234485651,0.264353381,0.262516261,0.345997622,0.463981962,0.513086244,0.473257819,0.448275961,0.439053987,0.425137772,0.459974528,0.544117697,0.795465557,0.604455527,0.75928614,0.033193237,0.269976878,0.201295851,0.237147818,0.777571477,0.883923592,0.881895088,0.885642531
339,NDIOP,FATICK,8,Rainfed Groundnut and Millet,19,0,0,0,0,2,Tropics lowland; semi-arid with soil/terrain limitations,18330.87159,2.369247976,19439.94589,2.492300755,19546.50729,2.467993345,20570.26987,2.597256297,0.974780331,0,0,0.010417535,0,0,0.005257845,0,0.063903208,0.86148725,0.771425124,0.778357979,0.736032955,0.641913605,0.640560175,0.606063056,0.654949694,0.257748503,0.220620958,0.256509443,0.240827144,0.44692758,0.56516763,0.587433492,0.659163575,0.344827575,0.272286235,0.324987488,0.364675922,0.470588174,0.771345945,0.455940671,0.867824389,0,0.079597978,0.050601599,0.320214325,0.758085509,0.836246264,0.860050324,0.81721911
340,THIARE NDIALGUI,FATICK,8,Rainfed Groundnut and Millet,18,0,0,0,0,2,Tropics lowland; semi-arid with soil/terrain limitations,20348.931,2.421338767,20589.23667,2.421123786,20997.77953,2.453298228,22095.11047,2.581506072,0.918807029,0,0,0.010417535,0,0,0.017876672,0.001095482,0.1075704,0.868700775,0.761536695,0.726643762,0.759779956,0.575635918,0.775241804,0.408744273,0.666774618,0.272264675,0.233420051,0.270711598,0.255681071,0.45404404,0.557772124,0.62435711,0.702998044,0.206896568,0.24196486,0.287431187,0.364675922,0.499999912,0.711046774,0.505445575,0.783405752,0,0.113804378,0.013831659,0.285380656,0.763309601,0.843376862,0.844862981,0.831049313
341,BIGNARABE,KOLDA,10,Rainfed Groundnut and Cereals,55,0,0,0,0,2,Tropics lowland; semi-arid with soil/terrain limitations,11849.05571,4.182511722,12197.96371,4.284497262,12580.24746,4.412573646,12662.53397,4.43987867,0.0095049,0.009140768,0,0.002083507,0,0,0.139858669,0.922396039,0.011715588,0.63822248,0.643041449,0.473960115,0.791267418,0.065682753,0,0.046240905,0.028335956,0.668625391,0.607234018,0.866672944,0.529819567,0.852201374,0.828157318,0.915642994,0.72911406,0.879310455,0.545178807,0.725588478,0.571156318,0.720588305,0.373371935,0.728217787,0.457790717,0.112994115,0.04681789,0.634361199,0.114042908,1,0.908769255,0.976484662,0.965288314
342,BOUROUCO,KOLDA,10,Rainfed Groundnut and Cereals,50,0,8.14E-05,0,1,2,Tropics lowland; semi-arid with soil/terrain limitations,26748.0995,2.67480995,26884.24007,2.673452672,27426.87602,2.701090804,28184.6113,2.763197186,0.122507604,0,0,0.002083507,0,0,0.421679145,0.51049472,0.014910749,0.712898448,0.735757969,0.667633813,0.833488505,0.267227276,0.203117732,0.368464553,0.159716392,0.407233797,0.364574521,0.373798009,0.332623671,0.851665351,0.91775179,0.858588557,0.955683686,0.431034391,0.423893299,0.375062556,0.317026668,0.367647087,0.711046774,0.406435622,0.481910329,0.047235563,0.083680787,0.751178804,0.13826029,0.962998345,0.900782366,0.933959934,0.937015017
343,KOULINTO,KOLDA,10,Rainfed Groundnut and Cereals,53,0,0,0,0,2,Tropics lowland; semi-arid with soil/terrain limitations,12466.77828,2.404856921,12466.35223,2.395993126,12424.7122,2.382038382,12856.24611,2.460525572,0.0073927,0,0,0.001041753,0,0,0.171405737,0.897199947,0.009585481,0.68983622,0.650768098,0.523138786,0.800784353,0,0.04045567,0.080598222,0.072396377,0.478445901,0.51721252,0.51886741,0.420094708,0.968949586,0.869630853,0.994013298,0.807595596,0.551724143,0.317768301,0.425137772,0.444091444,0.720588305,0.686927164,0.641584206,0.264833542,0.254279481,0.177847981,0.510024353,0.164326862,0.993319398,0.91150329,0.982626168,0.966339134
344,NDORNA,KOLDA,10,Rainfed Groundnut and Cereals,52,0,0,0,0,2,Tropics lowland; semi-arid with soil/terrain limitations,19679.05526,2.861991747,19821.28513,2.86973869,19925.53325,2.866983202,20496.17265,2.940627353,0.0116171,0,0,0.001041753,0,0,0.12934298,0.93773279,0.009585481,0.69538168,0.589093378,0.574660947,0.85173201,0.045194527,0.108642611,0.18346281,0.088629598,0.537748556,0.570095488,0.605674176,0.402216545,0.988714888,0.848409538,0.968790877,1,0.448275961,0.530018119,0.324987488,0.285260496,0.397058827,0.723106581,0.604455527,0.421611157,0.107170263,0.177974944,0.086045889,0.116322545,0.980857877,0.898897264,0.96276164,0.94397178
345,DIOURBEL,DIOURBEL,8,Rainfed Groundnut and Millet,11,0,0,0,0,2,Tropics lowland; semi-arid with soil/terrain limitations,121181.0951,35.19636802,116321.851,33.77521807,118976.214,34.52588915,110314.2132,31.92886056,0.440393714,0,0,0.397949829,0,0,0.066248843,0.002190964,0.142717164,0.847861702,0.766031435,0.715234781,0.756528713,0.890841439,0.893612325,0.559579628,0.732994194,0.253227358,0.215297119,0.247061567,0.225589223,0.302239114,0.4516752,0.456459647,0.40959772,0.22413793,0.363250364,0.487731609,0.459974528,0.35294113,0.614568332,0.431188221,0.614568332,0,0.111638371,0.003893251,0.053891027,0.680385426,0.832399696,0.867605647,0.784674806
346,NDOULO,DIOURBEL,8,Rainfed Groundnut and Millet,29,0,0,0,0,2,Tropics lowland; semi-arid with soil/terrain limitations,16877.37423,5.249572079,18143.60381,5.471533115,18430.20577,5.485180289,19802.8743,5.865780301,0.970555931,0,0,0.010417535,0,0,0.017876672,0.001095482,0.05538278,0.8826473,0.79809392,0.851980733,0.795070995,0.70252511,0.822386762,0.713177041,0.7164393,0.272115597,0.208798977,0.244241684,0.229277092,0.369182872,0.525984348,0.600958512,0.541462018,0.293103487,0.24196486,0.312468722,0.491740701,0.735294174,0.614568332,0.678712884,0.73516653,0.004977119,0.103067297,0.008934208,0.363225729,0.663787155,0.82388535,0.87505988,0.801729106
347,NGOHE,DIOURBEL,8,Rainfed Groundnut and Millet,21,0,0,0,0,2,Tropics lowland; semi-arid with soil/terrain limitations,40763.3717,4.887108465,45249.98059,5.360101942,46699.34693,5.499216549,48677.91915,5.724120314,0.962107131,0,0,0.013542795,0,0,0.018928241,0.001095482,0.059642994,0.863090255,0.792100932,0.774947358,0.796975447,0.790175146,0.852325344,0.460549717,0.660539658,0.278384211,0.231184888,0.273983316,0.26401061,0.440765325,0.65013961,0.66190157,0.542364246,0.327586212,0.317768301,0.500250375,0.444091444,0.441176434,0.723106581,0.666336659,0.711046776,0,0.256826402,0.035113948,0.316261914,0.720249838,0.845876472,0.861774742,0.808889882
348,PATTAR,DIOURBEL,8,Rainfed Groundnut and Millet,26,0,0,0,0,2,Tropics lowland; semi-arid with soil/terrain limitations,26527.29714,5.130012985,27506.01193,5.215398545,28677.88809,5.394636585,30195.14254,5.675778673,0.957882731,0,0,0.011459288,0,0,0.007360983,0,0.078813956,0.838243669,0.760441864,0.757894257,0.760790842,0.789087127,0.848592906,0.720250606,0.709344346,0.25759614,0.199519199,0.243116093,0.225793138,0.328648571,0.510677886,0.560640597,0.524689831,0.258620655,0.226804169,0.350025021,0.459974528,0.617647044,0.662807554,0.455940671,0.795465557,0,0.044477776,0.02267639,0.349813781,0.683584068,0.83690845,0.883392711,0.799034379
349,TOCKY GARE,DIOURBEL,8,Rainfed Groundnut and Millet,25,0,0,0,0,2,Tropics lowland; semi-arid with soil/terrain limitations,29394.14537,4.144106213,30370.42145,4.225743906,30630.16879,4.136417122,32649.8461,4.375481922,0.974780331,0,0,0.007292274,0,0,0.007360983,0,0.066033315,0.836297576,0.747872683,0.733823346,0.773169786,0.832231355,0.741994532,0.626273242,0.663167315,0.249033868,0.202927817,0.247927466,0.23553264,0.363437525,0.540779676,0.587266734,0.599145882,0.31034485,0.166161327,0.36254379,0.39644219,0.338235261,0.723106581,0.344554491,0.916063756,0.053725248,0.173235639,0.128394161,0.319965383,0.723897494,0.841853216,0.876529759,0.808058823
350,TOURE MBONDE,DIOURBEL,8,Rainfed Groundnut and Millet,21,0,0,0,0,2,Tropics lowland; semi-arid with soil/terrain limitations,19785.32769,3.489475784,21162.55173,3.692645564,21222.2983,3.626503468,23242.4456,3.914187538,0.994846232,0,0,0.008334028,0,0,0.011567258,0,0.040472032,0.847234849,0.808281999,0.816456757,0.78554873,0.975101576,0.841682246,0.739787119,0.631299845,0.270166583,0.2171098,0.262221712,0.231538515,0.397046055,0.59328898,0.583518613,0.496105442,0.293103487,0.21164339,0.450175307,0.380559102,0.588235304,0.638687942,0.530198025,0.711046776,0,0.244431459,0.105686803,0.380071723,0.662763851,0.81679969,0.873262321,0.798710126
351,DYA,KAOLACK,10,Rainfed Groundnut and Cereals,3,0.00300448,0.000449569,0.009672389,3,2,Tropics lowland; semi-arid with soil/terrain limitations,28369.38365,5.06415274,31038.61635,5.514055134,32827.33911,5.823547829,35050.37806,6.201411546,0.722372423,0.073126143,1,0.007292274,0.032822757,0,0.030495499,0.001095482,0.213010693,0.829026387,0.698141351,0.748764973,0.704222392,0.515727089,0.460721224,0.418613581,0.449868577,0.276923154,0.239422049,0.269273385,0.267260401,0.45675197,0.614613427,0.626400981,0.650483175,0.293103487,0.332928989,0.425137772,0.428208359,0.529411826,0.650747747,0.604455527,0.686927164,0,0.02431826,0.028712939,0.056194372,0.806172816,0.885032459,0.881791528,0.887218337
352,GANDIAYE,KAOLACK,10,Rainfed Groundnut and Cereals,16,0,0,0,0,2,Tropics lowland; semi-arid with soil/terrain limitations,20349.07536,10.84705509,20727.04136,11.04264324,21674.80113,11.54757652,21439.52301,11.41614644,0.821645826,0,0,0.064588716,0,0,0.077816102,0.004381929,0.086269331,0.853472222,0.674338724,0.739135845,0.723654011,0.609635923,0.489524698,0.559579628,0.371151509,0.304029572,0.275141222,0.339143829,0.298957854,0.542520976,0.69533639,0.73776757,0.730995689,0.413793029,0.363250364,0.637956961,0.475857616,0.544117697,0.855764584,0.5178218,0.795465557,0,0.006445215,0.006478249,0,0.750934572,0.85189081,0.842445667,0.849932463
353,NDIEBEL,KAOLACK,10,Rainfed Groundnut and Cereals,26,0,0,0,0,2,Tropics lowland; semi-arid with soil/terrain limitations,20378.42139,4.710684556,21349.82606,4.844525995,21479.89263,4.771188945,23942.19142,5.318123372,0.981116931,0,0,0.009375781,0,0,0.018928241,0.002190964,0.043667192,0.891142852,0.714791391,0.736098722,0.736032955,0.616403806,0.678409536,0.415412757,0.7164393,0.293643223,0.259113606,0.296028265,0.275409029,0.485939149,0.649708159,0.640531856,0.728136685,0.241379293,0.287446923,0.425137772,0.30114358,0.294117652,0.602508382,0.542574253,0.819585167,0,0.01582669,0.014840818,0.023585647,0.775820394,0.858268592,0.849012382,0.851330965
354,SIBASSOR,KAOLACK,10,Rainfed Groundnut and Cereals,9,0.004229004,0,0.01241353,2,2,Tropics lowland; semi-arid with soil/terrain limitations,12258.13596,11.46691858,12494.48689,11.43136953,14057.99725,12.72216946,13988.97095,12.64825584,0.712867523,0.059414991,0.491307634,0.048962414,0.016411379,0,0.055733154,0.002190964,0.19064457,0.807786563,0.671641879,0.710145572,0.709370614,0.428933462,0.397887499,0.62930477,0.489400753,0.294625872,0.260633838,0.279010175,0.283095321,0.542465727,0.635477153,0.691188241,0.687892482,0.396551666,0.439053987,0.425137772,0.412325274,0.632352913,0.626628137,0.579702929,0.686927164,0,0,0,0,0,0,0,0
355,THIOMBY,KAOLACK,10,Rainfed Groundnut and Cereals,0,0.001553516,0.004960359,0.067443807,3,2,Tropics lowland; semi-arid with soil/terrain limitations,28528.71871,4.475795216,30051.4178,4.708039762,30175.27247,4.727443596,32250.84729,5.0526159,0.516432917,0.08226691,0.585789872,0.006250521,0.361050328,0,0.086228653,0.005477411,0.318450986,0.775223704,0.611412353,0.635623518,0.696039444,0.491874769,0.328534679,0.486822959,0.413721237,0.300520847,0.270247116,0.312917282,0.292776797,0.494344369,0.663365458,0.711843243,0.635963586,0.379310304,0.378411233,0.487731609,0.428208359,0.544117697,0.747226191,0.530198025,0.783405752,0,0.029386416,0.027622462,0.079336018,0.774473225,0.877942651,0.876205965,0.875126638
356,NDANGALMA,DIOURBEL,8,Rainfed Groundnut and Millet,19,0,0,0,0,2,Tropics lowland; semi-arid with soil/terrain limitations,37463.62276,8.964733851,38532.1557,8.944325835,40401.05244,9.360762846,39952.518,9.222649584,0.93042413,0,0,0.041670139,0,0,0.008412552,0,0.074553743,0.801374541,0.819069376,0.849981006,0.823637788,0.917651829,0.880385403,0.927405012,0.809856203,0.258942942,0.243849128,0.259114808,0.244705827,0.38204761,0.440006264,0.514164354,0.531128632,0.189655202,0.257125547,0.287431187,0.475857616,0.441176434,0.747226191,0.604455527,0.711046776,0.007957233,0.730320957,0.197343473,0.217668954,0.735203667,0.883442606,0.9029183,0.838994746
357,NDONDOL,DIOURBEL,8,Rainfed Groundnut and Millet,18,0,0,0,0,2,Tropics lowland; semi-arid with soil/terrain limitations,21153.58462,5.514490254,21219.01495,5.375985546,21079.71735,5.317789442,22186.75514,5.59282963,0.972668131,0,0,0.02396033,0,0,0.003154707,0,0.05538278,0.825241513,0.802667897,0.856802246,0.825542241,0.891266937,0.617293299,0.511075182,0.842404368,0.257607253,0.233588027,0.253752556,0.242196298,0.435746309,0.451922143,0.579879402,0.49229678,0.155172373,0.181322015,0.237356046,0.507623785,0.470588174,0.662807554,0.653960431,0.783405752,0.009947227,0.758618959,0.159410774,0.680007573,0.749105558,0.892261222,0.89289283,0.839391238
358,NGOYE,DIOURBEL,8,Rainfed Groundnut and Millet,17,0,0,0,0,2,Tropics lowland; semi-arid with soil/terrain limitations,46363.61058,5.167589231,50620.4978,5.590954031,52197.34144,5.692185544,53598.17741,5.792518903,1,0,0,0.021876823,0,0,0.00946412,0.001095482,0.018105909,0.85587673,0.833201604,0.80554315,0.804593259,0.910129904,0.977633043,0.440339531,0.74205997,0.287601772,0.256705066,0.286408489,0.280654243,0.458511945,0.553509179,0.694041833,0.560090995,0.293103487,0.317768301,0.36254379,0.587039402,0.602941176,0.867824389,0.864356418,0.891944143,0,0.422207267,0.022179639,0.441808272,0.742925656,0.869760443,0.88116751,0.826333223
359,THIAKHAR,DIOURBEL,8,Rainfed Groundnut and Millet,33,0,0,0,0,2,Tropics lowland; semi-arid with soil/terrain limitations,31108.66792,4.805169589,31765.97285,4.864620651,32556.21874,4.93575178,33951.88484,5.021725312,0.996958432,0,0,0.012501042,0,0,0.010515689,0.001095482,0.034081711,0.860961114,0.80738305,0.776652669,0.788405409,0.778156196,0.880385403,0.579789814,0.665000879,0.26342157,0.227023526,0.26489378,0.244596838,0.479335296,0.586196033,0.647401062,0.55597338,0.275862121,0.181322015,0.375062556,0.444091444,0.397058827,0.747226191,0.666336659,0.698986969,0,0.390137765,0.087316084,0.421263432,0.702154282,0.839400146,0.878417971,0.827660941
360,GUINGUINEO,KAOLACK,10,Rainfed Groundnut and Cereals,22,0,0,0,0,2,Tropics lowland; semi-arid with soil/terrain limitations,15760.37886,23.27973243,15207.36343,22.46287064,15844.36848,23.36927504,15112.13496,22.25645797,0.416103413,0,0,0.408367364,0,0,0.143013376,0,0.082009117,0.943240533,0.796595673,0.694797781,0.732224049,0.828915315,0.692435638,0.495917542,0.605285011,0.288595717,0.245477628,0.286382226,0.279188063,0.405887946,0.52128624,0.480945621,0.564219304,0.465517323,0.272286235,0.487731609,0.55527323,0.647058782,1,0.777722837,0.723106581,0,0,0,0,0,0,0,0
361,MBOSS,KAOLACK,10,Rainfed Groundnut and Cereals,23,0,0,0,0,2,Tropics lowland; semi-arid with soil/terrain limitations,5497.311205,6.183702142,5709.755183,6.422671747,6049.763639,6.805133452,5981.158607,6.667958313,0.678016222,0,0,0.032294358,0,0,0.006309414,0,0.340817109,0.937630014,0.828957806,0.794558425,0.775074239,0.754807002,0.683084904,0.581810833,0.587547625,0.266316068,0.187764899,0.264290407,0.249820639,0.274083503,0.460075212,0.584612251,0.584678182,0.413793029,0.24196486,0.600400659,0.650571744,0.308823524,0.904003806,0.468316897,0.542209356,0,0.093412837,0.043003619,0,0.785914271,0.803685778,0.890210207,0.835205409
362,DARA MBOSS,KAOLACK,10,Rainfed Groundnut and Cereals,33,0,0,0,0,2,Tropics lowland; semi-arid with soil/terrain limitations,7653.206738,2.05014914,7961.745734,2.132800893,7747.483722,2.069859397,8074.637078,2.141245579,0.656894221,0,0,0.004167014,0,0,0.01997981,0,0.375963873,0.94243903,0.825511839,0.746809741,0.767456428,0.674405173,0.602459013,0.519741913,0.613562459,0.29519932,0.199938891,0.27703413,0.276798785,0.325483986,0.52703576,0.573615112,0.602465566,0.22413793,0.181322015,0.437656541,0.491740701,0.323529392,0.711046774,0.5178218,0.674867359,0,0.076061347,0.151787545,0.091798572,0.809097032,0.840244425,0.881744593,0.852193991
363,GAGNICK,KAOLACK,10,Rainfed Groundnut and Cereals,22,0,0,0,0,2,Tropics lowland; semi-arid with soil/terrain limitations,9204.451455,4.722653389,9646.511394,4.891740058,10700.44343,5.310393763,11218.0282,5.480228723,0.93781683,0,0,0.007292274,0,0,0.010515689,0,0.100115026,0.945645042,0.781313554,0.713556193,0.736032955,0.784247291,0.629785717,0.41305578,0.501225677,0.297610352,0.240449081,0.305316266,0.297888396,0.432123842,0.606295712,0.697744729,0.680405571,0.362068938,0.151000637,0.375062556,0.459974528,0.294117652,0.916063756,0.666336659,0.783405752,0.004658191,0.042891632,0.079239533,0.042251093,0.803937036,0.862107933,0.881755761,0.868723542
364,NGUELOU,KAOLACK,10,Rainfed Groundnut and Cereals,31,0,0,0,0,2,Tropics lowland; semi-arid with soil/terrain limitations,13738.06617,2.239658652,13848.21005,2.251741471,13783.6137,2.229636638,14510.2902,2.327605101,0.92936803,0,0,0.004167014,0,0,0.007360983,0,0.116090828,0.921599958,0.786707243,0.741464537,0.770313107,0.664455771,1,0.49797761,0.553255344,0.2646893,0.219816632,0.255090498,0.245998631,0.40325936,0.471916304,0.624033237,0.620517576,0.08620692,0.120679171,0.337506255,0.285260496,0.544117697,0.92812356,0.505445575,0.976362782,0,0.063802346,0.086598821,0.080888141,0.780577795,0.813314121,0.87450982,0.833760187
365,OUROUR,KAOLACK,10,Rainfed Groundnut and Cereals,31,0,0,0,0,2,Tropics lowland; semi-arid with soil/terrain limitations,16502.39164,4.096919473,17446.74592,4.207076423,17694.5214,4.199981344,18830.13233,4.446312238,0.879731328,0,0,0.005208767,0,0,0.010515689,0.001095482,0.15975802,0.891142852,0.74445668,0.746809741,0.722701785,0.806581303,0.472693376,0.421139854,0.689241974,0.265361227,0.223116643,0.252039426,0.249800256,0.463193197,0.563867777,0.674255646,0.677191103,0.068965557,0.21164339,0.199799669,0.317026668,0.294117652,0.662807554,0.505445575,0.75928614,0.017689255,0.0484416,0.097072931,0.076185749,0.793086551,0.853936232,0.865760347,0.848756267
366,PANAL OUOLOF,KAOLACK,10,Rainfed Groundnut and Cereals,25,0,0,0,0,2,Tropics lowland; semi-arid with soil/terrain limitations,9303.090694,2.661828525,9387.573519,2.673760615,9163.69952,2.581323808,9567.332328,2.671692915,0.681184522,0,0,0.005208767,0,0,0.008412552,0,0.363183232,0.921599958,0.823342423,0.850833661,0.816019976,0.713184525,0.706061548,0.633069319,0.53670045,0.276094358,0.208652112,0.268731043,0.246103785,0.348089239,0.472822858,0.600747944,0.588956363,0.327586212,0.21164339,0.387581323,0.428208359,0.397058827,0.940183365,0.480693124,0.831644972,0,0.057912445,0.08634701,0.081432213,0.777105984,0.790935099,0.887878264,0.825562452
367,ADEANE,ZIGUINCHOR,11,Forest and Rainfed Rice,0,0.000127651,0,0.000249136,2,2,Tropics lowland; semi-arid with soil/terrain limitations,21551.33924,8.630892769,22499.89965,8.953402168,23493.43791,9.231213324,25351.74144,9.899157144,0.0010561,0.091407678,0,0.010417535,0.787746171,0,0.037856482,0.818325227,0.044732246,0.174184819,0.182123385,0.035386382,0.196443669,0.072894503,0.113625168,0.038355658,0.058700004,1,1,1,0.963828015,0.989607719,0.903450852,0.832875844,0.895338484,0.879310455,0.824142961,0.76314478,0.888818214,0.455882305,0.518089744,0.406435622,0.686927164,0.291306333,0.72170832,0.493765339,0.200136809,0.989211588,0.943825367,0.987008528,0.990874843
368,BOUTOUPA CAMARACOUNDA,ZIGUINCHOR,11,Forest and Rainfed Rice,32,0.00172305,0,0.000119543,2,2,Tropics lowland; semi-arid with soil/terrain limitations,16046.0986,5.123275416,16012.86058,5.088293797,16033.26392,5.081858613,18047.88157,5.700531134,0,0.031992687,0,0.002083507,0.016411379,0,0.005257845,1,0.009585481,0.104868624,0.12593725,0.011197243,0.145614364,0.110166199,0.099860595,0.11270565,0.129322418,1,1,1,1,0.97397104,0.985768177,0.927484844,0.935556947,0.741379345,0.711946559,0.662994494,0.793519703,0.441176434,0.301012959,0.715841562,0.650747747,0.700887182,0.809553875,0.59019759,0.304293361,0.986632916,0.953747375,0.983618822,0.988842477
369,NIAGUIS,ZIGUINCHOR,11,Forest and Rainfed Rice,0,0.002922783,0,0.002454851,2,2,Tropics lowland; semi-arid with soil/terrain limitations,36552.72573,7.623091914,38011.39001,7.914093278,40814.97715,8.487206727,42438.3481,8.804636536,0.0010561,0.781535649,0,0.012501042,0.508752735,0.112107623,0.044165896,0.629902283,0.11076556,0.111891967,0.162237925,0.048797513,0.153812643,0.179749961,0.082219754,0.109902991,0.044652209,0.99045763,0.981352766,0.999025927,0.986310848,0.757502164,0.717783228,0.751603553,0.702724164,0.689655254,0.696785871,0.713069562,0.777636615,0.691176568,0.650747747,0.530198025,0.662807554,0,0.297781674,0.114424097,0.233806595,0.969108328,0.968969362,0.983862892,0.997940434
370,NGAYOKHEME,FATICK,8,Rainfed Groundnut and Millet,11,0,0,0,0,2,Tropics lowland; semi-arid with soil/terrain limitations,21838.37095,3.037325583,22682.82452,3.154773925,21879.69142,2.960315441,23258.34379,3.08343415,0.996958432,0,0,0.014584549,0,0,0.007360983,0.002190964,0.034081711,0.869502277,0.785808295,0.737430535,0.790309862,0.922038444,0.40349794,0.408003234,0.666183372,0.276156246,0.251395523,0.271132718,0.282348683,0.474561,0.643820856,0.716701946,0.695727611,0.293103487,0.272286235,0.512769142,0.618805572,0.588235304,0.674867359,0.728217787,0.819585167,0,0.406297036,0.046762574,0.35085652,0.752890903,0.881426724,0.872966936,0.844657668
371,NIAKHAR,FATICK,8,Rainfed Groundnut and Millet,8,0.000176326,0,0.001485062,2,2,Tropics lowland; semi-arid with soil/terrain limitations,36507.88039,2.83094606,37890.31127,2.926570732,39269.26096,2.971342385,40052.00964,3.026219089,0.887124028,0.004570384,0.07558579,0.014584549,0,0,0.021031379,0,0.125676309,0.878380749,0.769364255,0.696929419,0.788554994,0.600362386,0.733890561,0.409154456,0.385341419,0.272966895,0.24053437,0.280059306,0.278600451,0.447660018,0.594240149,0.664219874,0.665363954,0.293103487,0.469375365,0.437656541,0.618805572,0.397058827,0.614568332,0.641584206,0.807525362,0,0.157779676,0.038291904,0.341455686,0.757117086,0.870221961,0.858693311,0.860652543
372,PATAR,FATICK,8,Rainfed Groundnut and Millet,14,0,0,0,0,2,Tropics lowland; semi-arid with soil/terrain limitations,23324.79392,3.025657532,23868.39247,3.049104813,24811.06662,3.142232348,25969.56093,3.288951485,1,0,0,0.013542795,0,0,0.007360983,0.001095482,0.030886551,0.879921814,0.784909347,0.7399885,0.781739824,0.98982172,0.604931027,0.44236055,0.699884406,0.25774103,0.219256892,0.260446339,0.255276051,0.415813465,0.618958596,0.631580972,0.623776507,0.155172373,0.378411233,0.387581323,0.650571744,0.514705957,0.78340575,0.715841562,0.843704779,0,0.147558733,0.022787669,0.292291057,0.750355196,0.85256706,0.84800948,0.829622193
373,MBAYENE,THIES,5,Rainfed Cowpea and Groundnut,36,0,0,0,0,2,Tropics lowland; semi-arid with soil/terrain limitations,12944.65051,3.871007929,13141.72047,3.919391729,12823.33982,3.799508094,14035.44898,4.125646378,0.709699223,0,0,0.006250521,0,0,0,0,0.340817109,0.837442166,0.820267974,0.970205372,0.850300129,1,1,0.961762328,0.728156726,0.246997993,0.179341186,0.239050698,0.189401806,0.209036638,0.371231094,0.333344708,0.616215076,0.327586212,0.257125547,0.350025021,0.221728059,0.514705957,0.735166386,0.5178218,1,0,0.680293725,0.422152046,0.834291915,0.662239309,0.808205795,0.840103221,0.772866864
374,NGANDIOUF,THIES,5,Rainfed Cowpea and Groundnut,38,0,0,0,0,2,Tropics lowland; semi-arid with soil/terrain limitations,27705.5838,3.533424793,28477.20694,3.606535834,28720.27179,3.589585276,32022.32052,3.934429355,0.268249409,0,0,0.011459288,0,0,0.001051569,0,0.759383121,0.737254318,0.698085022,0.915879062,0.836968958,1,1,0.904990145,0.780409484,0.192521556,0.135323371,0.157315889,0.144419478,0.158816513,0.270947829,0.276499558,0.424082965,0.258620655,0.120679171,0.262393579,0.332909753,0.132352913,0.590448578,0.468316897,0.940183365,0.995218559,0.632667161,0.327605429,0.791100349,0.651523872,0.789840322,0.835481405,0.751928457
375,NIAKHENE,THIES,5,Rainfed Cowpea and Groundnut,34,0,0,0,0,2,Tropics lowland; semi-arid with soil/terrain limitations,13782.29937,3.740108377,14170.15331,3.827702138,14316.06521,3.82577905,15611.11516,4.102789793,0.973724231,0,0,0.010417535,0,0,0.001051569,0,0.069228475,0.83376119,0.831654651,0.994656709,0.817924429,0.867492245,0.974360286,1,0.880805749,0.262503772,0.229551215,0.263005688,0.189531821,0.270729418,0.48808689,0.383213954,0.573472849,0.258620655,0.287446923,0.312468722,0.189961889,0.661764654,0.698986969,0.455940671,0.795465557,0.003255397,0.574765488,0.080555006,0.609969444,0.63567695,0.810963827,0.855256536,0.771542224
376,THILMAKHA,THIES,5,Rainfed Cowpea and Groundnut,37,0,0,0,0,2,Tropics lowland; semi-arid with soil/terrain limitations,17702.63169,3.386767112,18093.03132,3.449576992,18660.74493,3.531556572,20558.63141,3.805040054,1,0,0,0.006250521,0,0,0.002103138,0,0.035146764,0.875112797,0.855726658,0.977535065,0.873153563,0.733488172,0.935404241,0.748886966,0.855941387,0.270190135,0.230987148,0.272732538,0.210928257,0.328781171,0.495056904,0.463523388,0.612824389,0.344827575,0.348089676,0.412619006,0.205844974,0.720588305,0.92812356,0.542574253,0.867824389,0.004629515,0.462318968,0.184333622,0.498775854,0.629122348,0.789714036,0.821277378,0.77273824
377,DINGUIRAYE,KOLDA,10,Rainfed Groundnut and Cereals,52,0,0,0,0,50,Land with severe soil/terrain limitations,17336.09535,2.326368136,17958.72983,2.396414443,18395.6991,2.452432889,18552.56283,2.467096121,0.050692802,0,0,0.004167014,0,0,0.575208211,0.24538802,0.186384356,0.707583097,0.737215164,0.667725982,0.814773068,0.351955256,0.278732425,0.343035134,0.192856337,0.417737822,0.384203977,0.344304197,0.347840829,0.822954749,0.908880925,0.860348256,0.822330675,0.827586161,0.651303805,0.650475727,0.650571744,0.499999912,0.78340575,0.666336659,0.264833542,0.30415947,0.018677719,0.313269103,0.040892965,0.968995462,0.865319592,0.926952169,0.946194056
378,KEREWANE,KOLDA,10,Rainfed Groundnut and Cereals,51,0,0,0,0,2,Tropics lowland; semi-arid with soil/terrain limitations,37715.36265,2.655637421,38837.39964,2.713624905,39323.42013,2.724549306,40336.73527,2.782227567,0.062309902,0.009140768,0,0.002083507,0,0,0.493185833,0.421760659,0.087334384,0.738066996,0.726015463,0.635407575,0.827145406,0.269064045,0.233181504,0.330691731,0.261712831,0.381682475,0.349194015,0.447894957,0.323926536,0.714222739,0.87670906,0.846548177,0.907339985,0.22413793,0.287446923,0.450175307,0.285260496,0.191176479,0.638687942,0.5178218,0.421611157,0.151909389,0.113973852,0.425554099,0.098884807,0.964718704,0.915213442,0.942391954,0.933584437
379,NIAMING,KOLDA,10,Rainfed Groundnut and Cereals,50,0,0.000355341,0,1,50,Land with severe soil/terrain limitations,14768.68367,3.321791198,15057.33708,3.35352719,15347.59558,3.403769257,15787.15796,3.485793323,0.058085502,0,0,0.004167014,0,0,0.442710524,0.395469085,0.167213394,0.722804143,0.730073509,0.629995995,0.830659289,0.229577025,0.196342019,0.29886823,0.174857765,0.45163405,0.440178904,0.389082961,0.374180145,0.87847248,0.798547705,0.905287711,0.926866402,0.60344823,0.378411233,0.47521284,0.332909753,0.308823524,0.807525362,0.418811847,0.361312131,0.206929695,0.118667793,0.291978344,0.060053502,0.972309031,0.877983563,0.92260887,0.94784217
380,PATA,KOLDA,10,Rainfed Groundnut and Cereals,19,0,0,0,0,50,Land with severe soil/terrain limitations,4246.011412,6.542390465,4415.111678,6.649264575,4537.124031,6.833018119,4570.569326,6.88338754,0.104553903,0,0,0.022918577,0,0,0.597291158,0.119407563,0.214075747,0.765306916,0.806484102,0.68797654,0.822685562,0.71521489,0.431550144,0.42720291,0.302566948,0.356976932,0.330988027,0.369608639,0.312778369,0.564469004,0.886983837,0.810564499,0.881515955,0.431034391,0.30260761,0.324987488,0.364675922,0,0.626628137,0.567326703,0.276893347,0,0,0,0,0,0,0,0
381,BASSOUL,FATICK,7,Small Coast Fishing and Tourism,0,0.000899037,0,0.000408276,2,50,Land with severe soil/terrain limitations,6254.548319,6.515154499,5925.023727,6.171899716,6100.775884,6.354974879,6266.111412,6.527199388,0.0031683,1,0.056689342,0.00312526,1,0,0.018928241,0.036150914,0.101180079,0,0,0,0,0.070574087,0.016814639,0.052640797,0.077893385,0.787010025,0.846051555,0.771489199,0.840022448,0.676965975,0.608784227,0.719484096,0.72995252,0.465517323,0.575500364,0.550325443,0.52350687,0.470588174,0.38543174,0.431188221,0.38543174,0.298382178,0.119205112,0.041179296,0.272568735,0.840361374,0.953549873,0.954513037,0.958174281
382,DIONEWAR,FATICK,7,Small Coast Fishing and Tourism,0,0.001495169,2.97E-05,0.001286829,3,2,Tropics lowland; semi-arid with soil/terrain limitations,8400.123464,9.801777672,8099.163193,9.450598825,7941.673819,9.266830594,8028.201913,9.367796865,0.015841501,1,0.037792895,0.007292274,1,0,0.034701775,0.044914771,0.103310186,0,0,0,0,0.013723874,0.017326222,0,0.132503036,0.836340881,0.815352204,0.827840208,0.871820696,0.623066139,0.642642956,0.731287123,0.729089316,0.413793029,0.454214675,0.487731609,0.491740701,0.558823566,0.433670962,0.431188221,0.445730912,0.386304485,0.083783989,0.062418384,0.187402556,0.828402092,0.955101827,0.952925073,0.955259879
383,DJIRNDA,FATICK,7,Small Coast Fishing and Tourism,0,0.004064503,0.004548799,0.006757007,3,50,Land with severe soil/terrain limitations,5991.128076,4.576874007,5466.904509,4.176397638,5097.95811,3.89454401,5601.502689,4.279222833,0.0031683,1,0.566893424,0.00312526,1,0,0.030495499,0.007668376,0.251352618,0,0,0.030652754,0.026199332,0.112059201,0.057394922,0.119124754,0.213485852,0.477878961,0.506720568,0.446535154,0.502176359,0.449849727,0.434162296,0.45854866,0.474075364,0.551724143,0.590661052,0.525287908,0.666454829,0.573529435,0.638687942,0.554950478,0.650747747,0.627307445,0.224501797,0.07298039,0.286587809,0.819187131,0.931744524,0.937294586,0.93105259
384,NOTTO,THIES,8,Rainfed Groundnut and Millet,32,0,0,0,0,2,Tropics lowland; semi-arid with soil/terrain limitations,73483.89318,5.745867009,79706.01813,6.177324508,82537.52247,6.297209314,88903.11663,6.73253439,0.538611017,0,0,0.02083507,0,0,0.24817027,0.016432233,0.231116602,0.75606606,0.80534367,0.773870191,0.81743943,0.814164567,0.776280559,0.692966855,0.683139483,0.304182034,0.321470607,0.328841346,0.329227769,0.449184652,0.527257005,0.687680912,0.658229667,0.258620655,0.393571921,0.450175307,0.650571744,0.602941176,0.662807554,0.889108869,0.674867359,0.23746274,0.686652862,0.274809582,0.655457265,0.683479058,0.873074405,0.868107658,0.809728415
385,TASSETE,THIES,8,Rainfed Groundnut and Millet,22,0,0,0,0,2,Tropics lowland; semi-arid with soil/terrain limitations,32383.05847,3.980218593,35101.05281,4.174720839,35491.47788,4.195706097,39538.55167,4.674140166,0.716035823,0,0,0.009375781,0,0,0.136703962,0.046010254,0.149107485,0.752758878,0.855404508,0.750899951,0.782955433,0.885765527,0.783358593,0.64244139,0.607473189,0.300954151,0.296224825,0.301681316,0.318556669,0.453623768,0.511160143,0.715217601,0.606788102,0.189655202,0.272286235,0.400100089,0.634688659,0.397058827,0.638687942,0.790099064,0.638687942,0.192677988,0.664251836,0.24693837,0.660195142,0.714006842,0.866524852,0.867895753,0.823559689
386,ENAMPORE,ZIGUINCHOR,11,Forest and Rainfed Rice,4,0.00012979,0,0.006574366,2,50,Land with severe soil/terrain limitations,19500.56705,5.01042319,19718.66125,5.056066987,19320.20189,4.9475549,21700.12934,5.541401773,0.0010561,1,0.018896447,0.001041753,1,0,0.037856482,0.267297664,0.186384356,0.091557276,0.035573036,0.000736545,0.0751878,0.137419941,0.057380018,0.095106248,0.096048122,0.571877324,0.505321222,0.588053658,0.592197321,0.408575312,0.488595486,0.413234083,0.386946665,0.534482777,0.530018119,0.637956961,0.698221001,0.735294174,0.57838877,0.715841562,0.795465557,0.327846233,0.519141185,0.268945804,0.1984558,0.969408798,1,0.996100821,0.993761351
387,NIASSIA,ZIGUINCHOR,11,Forest and Rainfed Rice,3,0.000360539,0,0.018700667,2,2,Tropics lowland; semi-arid with soil/terrain limitations,17316.44893,5.014899776,16815.28176,4.865532916,17507.96082,5.065960885,19457.82989,5.628530486,0,0.297074954,0.113378685,0.001041753,0.262582057,0.112107623,0.025237655,0.709872486,0.219401014,0.07505272,0.075586374,0,0.088788244,0.160925317,0.129073867,0.123928718,0.118147112,1,1,1,1,0.766835616,0.7797723,0.847499477,0.750319411,0.77586207,0.62098243,0.713069562,0.745870446,0.867646999,0.662807554,0.728217787,0.698986969,0.516593175,0.631248843,0.136623836,0.140113149,0.99931799,1,0.999221583,1
388,BOKIDIAWE,MATAM,4,Dieri Millet and Remittances,16,0.011423699,0.001113057,0.027044748,3,53,Desert/Arid climate,57347.54327,6.827088485,58750.99435,6.937181999,60033.8728,7.030550744,63727.39337,7.398977519,0,0.141681901,0.07558579,0.008334028,0,0.112107623,0.043114327,0.005477411,0.94044221,0.924566615,0.719926989,0.85559207,0.815226455,0.871626688,0.815602374,0.679869796,0.891711958,0.155435878,0.146391845,0.176877725,0.133510734,0.15125474,0.291606967,0.175994019,0.21742574,0.362068938,0.636143118,0.550325443,0.507623785,0.602941176,0.846147715,0.480693124,0.783405752,0.729417075,0.479029807,0.394880468,0,0.76265384,0.77856598,0.787074947,0.797169518
389,NABADJI CIVOL,MATAM,4,Dieri Millet and Remittances,18,0.00063026,0.003176509,0.023579571,3,53,Desert/Arid climate,65070.86011,7.497506638,69412.58265,7.918387252,71953.19594,8.108315972,74952.73626,8.385851003,0,0.091407678,0.056689342,0.010417535,0,0,0.070455119,0.007668376,0.926596515,0.914008876,0.809129092,0.833154701,0.798171267,0.904592546,0.85409945,0.72535863,0.817838536,0.160333522,0.146196908,0.166243182,0.128101258,0.157817518,0.339220468,0.176156407,0.21024512,0.431034391,0.651303805,0.462694074,0.364675922,0.632352913,0.819585167,0.493069349,0.626628137,0.698979353,0.452524652,0.732025306,0.589719101,0.768045068,0.818030331,0.811155165,0.802985164
390,OGO,MATAM,4,Dieri Millet and Remittances,78,0.012629058,0.00801182,0.020645679,3,53,Desert/Arid climate,58891.40675,6.25240543,60359.80054,6.356339568,62368.0275,6.493963713,65512.16759,6.744792298,0.0010561,0.132541133,0.07558579,0.004167014,0,0,0.090434929,0.010954822,0.896775018,0.959678283,0.748418594,0.801683349,0.835288157,0.921087557,0.794006749,0.698320457,0.919261517,0.167394111,0.161894612,0.182486151,0.153911609,0.188874141,0.387385039,0.286508736,0.25108647,0.362068938,0.62098243,0.525287908,0.52350687,0.411764696,0.771345945,0.5178218,0.614568332,0.937480194,0.533126639,0.630241903,0.831113021,0.77217945,0.841662186,0.827348383,0.829395856
391,DEMBANCANE,MATAM,3,Valley Rice and Remittances,23,0.001428571,0,0.033816425,2,2,Tropics lowland; semi-arid with soil/terrain limitations,6229.517641,11.40937297,6974.26302,12.77337549,7753.714349,13.89554543,7794.506656,13.89395126,0.0021122,0.260511883,0.056689342,0.028127344,0.00547046,0.67264574,0.152477496,0.008763858,0.789204618,0.681950627,0.625555196,0.737430535,0.636368891,0.821809038,0.536278371,0.739785132,0.647854739,0.222807122,0.203163233,0.215099609,0.170112766,0.249751698,0.384681329,0.288824903,0.228031597,0.551724143,0.772589491,0.525287908,0.809402787,0.779411783,0.843704779,0.62920798,0.904003948,0,0,0,0,0,0,0,0
392,AOURE,MATAM,4,Dieri Millet and Remittances,87,1.53E-05,4.53E-05,0.002864962,3,2,Tropics lowland; semi-arid with soil/terrain limitations,44723.81681,7.659499369,45376.4809,7.713153305,48301.49504,8.142531194,50888.46788,8.472938376,0.0042244,0.02285192,0.018896447,0.002083507,0,0,0.760284344,0.001095482,0.275848848,0.839651383,0.973557399,0.860633603,0.869249308,0.814688672,0.559882904,0.647302501,0.655217584,0.24490513,0.218743299,0.27197839,0.220762554,0.436489972,0.552597605,0.519252191,0.472272481,0.293103487,0.378411233,0.462694074,0.634688659,0.441176434,0.916063756,0.963366371,0.542209356,0.417719869,0.394652656,0.274340686,0.426686007,0.87914014,0.873626997,0.884798535,0.883246393
393,BOKILADJI,MATAM,4,Dieri Millet and Remittances,48,0.001415635,0.000396943,0.00397786,3,2,Tropics lowland; semi-arid with soil/terrain limitations,38354.86546,7.904959905,39859.0592,8.126209827,39266.29292,7.905434451,41843.35071,8.262904959,0.0031683,0.036563071,0.018896447,0.004167014,0,0.112107623,0.299697148,0.002190964,0.739147105,0.905911577,0.837632656,0.86540627,0.91695598,0.909368574,0.665296523,0.761202608,0.656954057,0.213741036,0.182323589,0.22573094,0.169482965,0.397728339,0.505029789,0.365609323,0.400783351,0.551724143,0.848392936,0.525287908,0.76175353,0.470588174,0.92812356,0.864356418,0.95224317,0.34847977,0.249147863,0.24644445,0.274212804,0.838499037,0.862443688,0.857934792,0.869033428
394,ORKADIERE,MATAM,3,Valley Rice and Remittances,20,0.005914534,0.001476087,0.013153815,3,53,Desert/Arid climate,54178.36898,10.34135693,57183.98295,10.78129392,58186.51274,10.83345983,59888.32535,11.09453971,0.0147854,0.150822669,0.07558579,0.014584549,0,0.112107623,0.085177084,0.001095482,0.901035232,0.894032406,0.758326165,0.806008365,0.778962497,0.895631462,0.634065591,0.753597413,0.789753831,0.199123766,0.170985635,0.185380788,0.159173351,0.197217295,0.442578997,0.286269354,0.25101748,0.637930959,0.833232245,0.600400659,0.793519703,0.558823566,0.891944001,0.777722837,0.75928614,0.420042323,0.103502258,0.121445267,0.29609911,0.793516994,0.852955847,0.80527067,0.804052673
395,SEMME,MATAM,4,Dieri Millet and Remittances,30,0,0,0,0,53,Desert/Arid climate,9047.205231,17.3984716,9519.922653,18.23739972,10245.66076,19.62770261,9819.30128,18.77495465,0.023234201,0,0,0.025002084,0,0,0.065197274,0,0.946832531,1,0.805585154,0.950594305,0.958853944,1,0.646162428,0.741471302,1,0.188977817,0.183231482,0.188714502,0.168434685,0.281925337,0.647114804,0.334029778,0.352750015,0.396551666,0.833232245,0.550325443,0.571156318,0.485294043,0.988422587,0.839603965,0.75928614,0,0,0,0,0,0,0,0
396,GOSSAS,FATICK,8,Rainfed Groundnut and Millet,23,0,0,0,0,50,Land with severe soil/terrain limitations,11435.20275,21.21558953,11464.89549,21.27067809,12524.6099,23.23675306,11580.13881,21.48448759,0.412935113,0,0,0.495874656,0,0,0.058887861,0,0.080944063,0.937630014,0.82715991,0.731461949,0.804593259,0.78830802,0.710202034,0.611115602,0.654949694,0.264706982,0.233167157,0.267486079,0.261936348,0.41616443,0.441806293,0.566732144,0.620572552,0.120689648,0.151000637,0.274912345,0.221728059,0.485294043,0.662807554,0.493069349,0.95224317,0,0,0,0,0,0,0,0
397,NDIENE LAGANE,FATICK,8,Rainfed Groundnut and Millet,35,0,0,0,0,2,Tropics lowland; semi-arid with soil/terrain limitations,15578.43143,2.400744558,15839.7608,2.416808178,16032.46757,2.436174984,16620.30132,2.515559455,0.870226428,0,0,0.005208767,0,0,0.011567258,0,0.169343501,0.875112797,0.800191465,0.738567543,0.768408654,0.743639996,0.85513842,0.577419638,0.612379966,0.257437291,0.223144022,0.247840316,0.24072789,0.46274608,0.472146239,0.620327085,0.624860093,0.293103487,0.196482703,0.387581323,0.30114358,0.588235304,1,0.604455527,0.904003948,0.005737625,0.035506584,0.062938308,0.014612962,0.744838906,0.821170304,0.879467713,0.82854993
398,OUADIOUR,FATICK,8,Rainfed Groundnut and Millet,33,0,0,0,0,2,Tropics lowland; semi-arid with soil/terrain limitations,15759.43336,3.219496091,16203.87107,3.298833686,17224.44401,3.46289586,17988.34034,3.54519912,0.94943393,0,0,0.005208767,0,0,0.00946412,0,0.091594598,0.926408975,0.814574636,0.746809741,0.760790842,0.854181461,0.717682622,0.602328764,0.572526045,0.265312838,0.231181597,0.259179574,0.2509934,0.427504418,0.476276526,0.59988766,0.65286069,0.068965557,0.135839949,0.149724601,0.205844974,0.455882305,0.735166386,0.418811847,0.819585167,0.020977351,0.048397243,0.094265667,0.07237675,0.78061143,0.817571863,0.87631817,0.834498519
399,PATAR LIA,FATICK,8,Rainfed Groundnut and Millet,28,0,0,0,0,2,Tropics lowland; semi-arid with soil/terrain limitations,15457.96169,3.003879068,15280.98514,2.930760479,16584.12216,3.098098666,17601.47501,3.237946102,0.965275431,0,0,0.007292274,0,0,0.00946412,0.001095482,0.071358582,0.900760886,0.799292517,0.726848831,0.724606237,0.718768028,0.820007956,0.616168149,0.465437589,0.273835449,0.232521602,0.263268045,0.254996791,0.440488586,0.529392843,0.584475914,0.663495251,0.120689648,0.166161327,0.212318511,0.237611146,0.411764696,0.650747747,0.282673362,0.626628137,0.035728988,0.054646994,0.081394119,0.203549532,0.77472974,0.840410126,0.862671133,0.836659321
400,ODOBERE,MATAM,3,Valley Rice and Remittances,18,0.008176739,0.00598529,0.078479087,3,53,Desert/Arid climate,5751.473342,14.8233849,6966.72317,16.95066465,8135.728521,19.65151817,8250.095145,19.92776605,0,0.493601463,0.245653817,0.106258855,0.010940919,0,0.016825103,0,0.800920206,0.876715802,0.704004013,0.745957086,0.82839892,0.918251363,0.608279027,0.810185934,0.775563922,0.208265205,0.15467136,0.195791873,0.150392815,0.091626452,0.127939805,0.108347866,0.023520402,0.568965505,0.590661052,0.512769142,0.364675922,1,0.964302978,0.703465334,0.421611157,0,0,0,0,0,0,0,0
401,SINTHIOU BAMAMBE BANADJI,MATAM,4,Dieri Millet and Remittances,40,0,0,0,0,53,Desert/Arid climate,17346.96677,23.03714046,18117.2867,24.06014171,19428.24187,25.80111802,18910.01953,25.11290774,0.045412301,0,0.132275132,0.120843404,0,0,0.014721965,0,0.865888468,1,0.826260962,0.930983238,1,1,0.783137764,0.854648343,1,0.189079952,0.179159931,0.178146206,0.182657473,0.219419497,0.495732821,0.384756839,0.33428527,0.413793029,0.590661052,0.537806677,0.428208359,0.426470565,0.771345945,0.567326703,0.686927164,0,0.067327831,0.030261742,0,0.754738832,0.830320563,0.776910923,0.818836961
402,OUSSOUYE,ZIGUINCHOR,11,Forest and Rainfed Rice,22,0,0,0,0,2,Tropics lowland; semi-arid with soil/terrain limitations,4435.670163,10.89845249,4354.715856,10.69954756,4665.196946,11.46240036,4466.542675,10.97430633,0.017953701,0,0,0.245853821,0,0,0.080970808,0.685771877,0.044732246,0.153760294,0.121485609,0.047632574,0.144700331,0.11930284,0.109884874,0.143249798,0.129923052,0.915272725,0.821819455,0.92329354,0.879969168,0.777581723,0.730295592,0.758596016,0.836669444,0.379310304,0.378411233,0.537806677,0.475857616,0.102941176,0.349252323,0.356930719,0.276893347,0,0,0,0,0,0,0,0
403,OUASSADOU,KOLDA,13,"Rainfed Maize, Cotton, and Cattle",61,0,0,0,0,50,Land with severe soil/terrain limitations,23176.70885,3.465935225,23634.55658,3.527545757,22927.82731,3.415436811,24851.32834,3.699215293,0.0042244,0.004570384,0,0.004167014,0,0,0.161941617,0.909250252,0.006390321,0.52444838,0.721498926,0.406978739,0.751861229,0.038547956,0.190114177,0.015140284,0,0.668140438,0.513526929,0.709083748,0.535129759,0.968680579,0.903491164,0.98751227,0.807227722,0.741379345,0.21164339,0.612919428,0.587039402,0.588235304,0.602508382,0.728217787,0.264833542,0.490546297,0.693385649,1,0.647541323,0.973840373,0.91120601,0.962819565,0.949383597
404,PAKOUR,KOLDA,13,"Rainfed Maize, Cotton, and Cattle",68,0,0,0,0,50,Land with severe soil/terrain limitations,17008.61821,3.212810392,18021.90318,3.404212917,17968.05599,3.394041555,18623.18917,3.517127323,0.0052805,0.02285192,0,0.00312526,0.054704595,0,0.175612013,0.872003856,0.013845695,0.582875412,0.697703853,0.476914491,0.775361165,0.03064358,0.078893868,0,0,0.696775819,0.578321488,0.750826051,0.5842615,0.993082545,0.834720544,0.960148578,0.878550615,0.620689596,0.30260761,0.525287908,0.666454829,0.499999912,0.421611157,0.926237695,0.228654125,0.255793726,1,0.46367488,1,0.972359033,0.914666463,0.963436891,0.965325686
405,PAROUMBA,KOLDA,13,"Rainfed Maize, Cotton, and Cattle",70,0,0,0,0,50,Land with severe soil/terrain limitations,19707.56974,3.20187973,20398.81725,3.312571817,19876.51784,3.226183711,21097.30006,3.424330476,0.0052805,0.013711152,0,0.002083507,0.00547046,0,0.146168083,0.90815477,0.019170962,0.563502388,0.679696168,0.536590698,0.721034534,0.010862905,0.041531118,0,0,0.643945407,0.648092765,0.68193211,0.657351882,0.999618872,0.972639787,0.993745533,0.915447341,0.586206868,0.287446923,0.412619006,0.634688659,0.374156899,0.457790572,0.864356418,0.313072909,0.485856878,0.869626051,1,0.835933785,0.973591487,0.927561398,0.97415096,0.989464782
406,CHERIF LO,THIES,1,The Niayes Gardening and Fishing,62,0.000193881,0,0,1,2,Tropics lowland; semi-arid with soil/terrain limitations,27362.16803,7.13671571,29285.75257,7.478486356,31037.66247,7.818050999,31172.02524,7.847941903,0.585079419,0,0.037792895,0.02708559,0,0,0.172457306,0.001095482,0.26732842,0.752022549,0.768428631,0.774947358,0.775284562,0.718096921,0.701786373,0.535327405,0.736541672,0.284100857,0.339546892,0.328145523,0.319848639,0.393144185,0.441120378,0.576800503,0.559400326,0.362068938,0.469375365,0.650475727,0.745870446,1,0.493970134,0.839603965,0.831644972,0,0.25397767,0.150238865,0.704223347,0.651736247,0.879228705,0.888091783,0.821354865
407,MONT ROLLAND,THIES,1,The Niayes Gardening and Fishing,0,0.001607969,0,0,1,2,Tropics lowland; semi-arid with soil/terrain limitations,21371.44167,4.736578383,22989.39038,5.070443402,23140.56827,5.101536215,23994.31759,5.289752556,0.142573505,0.004570384,0.018896447,0.013542795,0,0,0.568898797,0.051487665,0.275848848,0.652950864,0.668945035,0.700340039,0.698679866,0.495935498,0.701440677,0.64244139,0.655049588,0.339217007,0.399347024,0.415476855,0.370377,0.606341848,0.612878764,0.813154362,0.566659234,0.465517323,0.439053987,0.56284436,0.444091444,0.911764784,0.638687942,0.752970386,0.783405752,0,0.354506662,0.46304807,0.774648977,0.618351148,0.879109661,0.872545873,0.784998337
408,NOTTO GOUYE DIAMA,THIES,1,The Niayes Gardening and Fishing,9,0,0,0,0,2,Tropics lowland; semi-arid with soil/terrain limitations,30571.13192,5.440671279,31727.47644,5.625439085,33270.98554,5.899110911,33702.34592,5.975593248,0.389700912,0.009140768,0.170068027,0.029169097,0,0,0.262892235,0.021909645,0.321646147,0.425469736,0.521745236,0.551978055,0.529885373,0.558731779,0.667063503,0.430894771,0.646672247,0.360868682,0.415337735,0.438017091,0.439840576,0.373066072,0.475584131,0.612899979,0.520258586,0.637930959,0.530018119,0.587881893,0.682337913,0.823529392,0.650747747,0.765346611,1,0.00752308,0.219774919,0.278902259,0.76629555,0.575159464,0.877290594,0.849526764,0.775715723
409,PAMBAL,THIES,1,The Niayes Gardening and Fishing,79,0,0,0,0,2,Tropics lowland; semi-arid with soil/terrain limitations,9875.953139,5.064591353,10993.39534,5.469350915,11612.68111,5.698077092,12164.50292,5.965916097,0.155246705,0,0.188964475,0.030210851,0,0,0.470051317,0.00985934,0.372768713,0.690767157,0.701307168,0.726346019,0.719845105,0.629939571,0.726098283,0.506022635,0.63673931,0.318472815,0.338947597,0.362071021,0.291215977,0.512299275,0.600589957,0.579702861,0.599164833,0.293103487,0.332928989,0.287431187,0.221728059,0.794117652,0.57838877,0.864356418,0.783405752,0,0.568426048,0.474881732,0.133722794,0.597033111,0.863306602,0.867600827,0.780077122
410,PIRE GOUREYE,THIES,5,Rainfed Cowpea and Groundnut,47,0.00036625,0,0,1,2,Tropics lowland; semi-arid with soil/terrain limitations,25994.05282,5.609420116,27154.12114,5.667735574,28875.64837,5.962347382,29844.62855,6.148460764,0.62415512,0,0,0.016668056,0,0,0.018928241,0.001095482,0.395134836,0.75344643,0.825062364,0.824401353,0.791579497,0.712915539,0.803319855,0.544262434,0.750755089,0.268569065,0.297377308,0.300564393,0.281643975,0.308231484,0.392249034,0.492453734,0.429868931,0.362068938,0.363250364,0.56284436,0.666454829,0.85294113,0.78340575,0.728217787,0.75928614,0.092858846,0.705471645,0.248472285,1,0.671390671,0.891123572,0.913118815,0.830093925
411,DABALY,KAOLACK,10,Rainfed Groundnut and Cereals,0,0,0,0,0,2,Tropics lowland; semi-arid with soil/terrain limitations,18137.52813,3.209613896,19401.45452,3.426608005,21440.4728,3.780721707,22214.73587,3.913801245,0.573462318,0.388482633,0.113378685,0.008334028,0.082056893,0,0.212416926,0.055869594,0.095854812,0.819809105,0.769627228,0.647945626,0.701501178,0.404569085,0.471730528,0.285731609,0.462794673,0.293490182,0.298237068,0.301742718,0.31354197,0.721990887,0.718039292,0.78004594,0.793369726,0.068965557,0.378411233,0.437656541,0.52350687,0.85294113,0.831644972,0.666336659,0.686927164,0.027676494,0.273572126,0.003154247,0.099146012,0.895251937,0.904454218,0.928653092,0.927067284
412,DAROU SALAM,KAOLACK,10,Rainfed Groundnut and Cereals,28,0,0,0,0,2,Tropics lowland; semi-arid with soil/terrain limitations,42486.11836,3.133194569,44834.07935,3.298806516,45202.27206,3.319059553,47565.67247,3.48466465,0.823758026,0,0,0.011459288,0,0,0.103053756,0.010954822,0.106505347,0.981063526,0.813213183,0.739029263,0.709370614,0.679823726,0.367745131,0.264045326,0.335676736,0.289795288,0.256094734,0.28666347,0.276010977,0.596476427,0.65410972,0.634512863,0.724071205,0.22413793,0.181322015,0.425137772,0.539390145,0.808823521,1,0.814851515,0.493970134,0.071338906,0.375593406,0.008462816,0.152508548,0.879750488,0.903169329,0.924208657,0.913579063
413,GAINTHE KAYE,KAOLACK,10,Rainfed Groundnut and Cereals,30,0,0,0,0,2,Tropics lowland; semi-arid with soil/terrain limitations,28162.83327,4.661948894,28826.92712,4.759274743,30429.94625,5.016476467,31953.75689,5.239179683,0.984285231,0,0,0.014584549,0,0,0.014721965,0.020814162,0.020236016,0.926408975,0.790791174,0.777505324,0.731999996,0.303050849,0.361985443,0.353435732,0.395688227,0.263028758,0.227760674,0.251789263,0.237548546,0.652203147,0.619972249,0.795047157,0.709697612,0.155172373,0.226804169,0.274912345,0.285260496,0.485294043,0.747226191,0.567326703,0.288953296,0.05807389,0.353416667,0.052147632,0.094406137,0.869140996,0.902565179,0.896077637,0.914253652
414,PAOS KOTO,KAOLACK,10,Rainfed Groundnut and Cereals,27,0,0,0,0,2,Tropics lowland; semi-arid with soil/terrain limitations,30736.26623,3.812959463,32074.35554,3.963221986,31891.61375,3.930442907,32939.84558,4.043187133,0.883955728,0,0,0.015626302,0,0,0.058887861,0.010954822,0.087334384,0.936205202,0.826260962,0.778357979,0.730319596,0.503364336,0.531790018,0.422150364,0.35223163,0.265632479,0.232521726,0.270737308,0.248365243,0.590255096,0.640731726,0.668751328,0.68774219,0.189655202,0.363250364,0.487731609,0.52350687,0.647058782,1,0.641584206,0.59044872,0.053919077,0.362595944,0.006857341,0.116151697,0.865492509,0.910492782,0.915964754,0.919635192
415,POROKHANE,KAOLACK,10,Rainfed Groundnut and Cereals,39,0,0,0,0,2,Tropics lowland; semi-arid with soil/terrain limitations,57700.35714,3.907385192,62370.12118,4.21448214,65015.78634,4.38791836,64841.15583,4.371706839,0.780457925,0.08226691,0.037792895,0.012501042,0.049234136,0,0.096744343,0.085447614,0.05218762,0.893518413,0.831736234,0.749462445,0.74539025,0.283341455,0.590754198,0.346398385,0.305523179,0.300342661,0.288791522,0.304801804,0.295948202,0.675984251,0.711009649,0.732036481,0.800293794,0,0.257125547,0.400100089,0.507623785,0.691176568,0.735166386,0.703465334,0.686927164,0.039224919,0.06733095,0.013619167,0.088095283,0.884172536,0.913561088,0.933791867,0.916886673
416,TAIBA NIASSENE,KAOLACK,10,Rainfed Groundnut and Cereals,43,0,0,0,0,2,Tropics lowland; semi-arid with soil/terrain limitations,33263.62987,4.528744707,34717.63032,4.716428518,36674.04344,4.970729661,36984.36757,4.99788751,0.991677932,0,0,0.02083507,0,0,0.012618827,0.002190964,0.02769139,0.950186891,0.835581635,0.834633214,0.78554873,0.272595378,0.607851565,0.391835085,0.377928053,0.242100018,0.214262221,0.233358387,0.218910533,0.576970392,0.596043251,0.757842601,0.666748232,0.22413793,0.423893299,0.47521284,0.602922487,0.588235304,0.843704779,0.5178218,0.337192518,0.003993842,0.250132763,0.037928161,0.31966212,0.86148347,0.89823973,0.898451942,0.903978329
417,CAMBERENE,DAKAR,0,Urban Area - Dakar,10,0,0,0,0,53,Desert/Arid climate,31400.07108,148.1135428,30629.61906,144.4793352,29428.24455,138.8124743,30024.54528,141.6252136,0,0,1,0.915701308,0.010940919,0,0,0,0.021301069,0,0,0,0,0.110166199,0.107079654,0.22611156,0.342771691,0,0,0,0,0,0,0,0,0.982758637,0.68162518,0.800701082,0.888818214,0.955882391,0.747226191,0.864356418,0.819585167,0,0,0,0,0,0,0,0
418,GRAND YOFF,DAKAR,0,Urban Area - Dakar,14,0,0,0,0,56,Dominantly built-up land,113657.0524,150.3400164,110420.5743,146.0589608,106314.0556,140.6270577,109625.6649,145.0074932,0,0,0.037792895,1,0,0,0.002103138,0.001095482,0.035146764,0.221086527,0.296780499,0.293197238,0.241827428,0.443146015,0.170664649,0.448423605,0.58518264,0,0,0,0,0.006762589,0.007838732,0.012458737,0.052382033,0.517241414,0.454214675,0.450175307,0.491740701,0.602941176,0.228654125,0.220792085,0.301013101,0,0,0,0,0,0,0,0
419,PARCELLES ASSAINIES,DAKAR,0,Urban Area - Dakar,18,0,0,0,0,56,Dominantly built-up land,76619.76381,176.5432346,73343.85332,168.9950537,70804.29305,163.1435324,71688.85404,165.1816913,0,0,0.377928949,1,0,0,0,0,0.007455374,0.078419032,0.187108825,0.183204732,0.085662291,0.263458736,0.225833983,0.383751011,0.600555042,0,0,0,0,0,0,0,0,0.827586161,0.787750182,0.537806677,0.682337913,0.867646999,0.542209356,0.616831755,0.75928614,0,0,0,0,0,0,0,0
420,PATTE D'OIE,DAKAR,0,Urban Area - Dakar,6,0,0,0,0,56,Dominantly built-up land,41912.42283,109.4319134,42092.22983,109.9013834,40774.02761,106.4596021,42214.97972,110.2218792,0,0.027422303,0.037792895,0.7636053,0.043763676,0.112107623,0.028392361,0.069015381,0.167213394,0.194636935,0.296780499,0.271028206,0.195168332,0.436039739,0.27632795,0.412045271,0.425546161,0.079662122,0.022962559,0.035452507,0.037005588,0.018447945,0.02193717,0.037715249,0.080056318,0.396551666,0.30260761,0.212318511,0.094663283,0.102941176,0.156295148,0.084653528,0.433671107,0,0,0,0,0,0,0,0
421,DALIFORT,DAKAR,0,Urban Area - Dakar,7,0,0,0,0,56,Dominantly built-up land,38121.7316,103.591662,38219.75312,103.8580248,38343.75085,104.1949751,39179.07457,106.4648766,0,0.004570384,0.132275132,0.978206517,0,0,0.005257845,0,0.050057513,0.132921221,0.213178321,0.174678182,0.119942443,0.398477991,0.394147205,0.380719483,0.547342882,0,0,0,0,0.004939342,0.029426966,0.009547817,0,0.017241363,0.166161327,0.149724601,0.237611146,0.35294113,0.0477569,0.134158432,0.481910329,0,0,0,0,0,0,0,0
422,DJIDAH THIAROYE KAO,DAKAR,0,Urban Area - Dakar,10,0,0,0,0,56,Dominantly built-up land,48119.777,172.472319,47210.72067,169.2140526,46201.24966,165.5958769,46457.24934,166.5134385,0,0,0.018896447,1,0,0,0.003154707,0.002190964,0.026626337,0.124906193,0.282397329,0.329861406,0.230400711,0.540603523,0.378250957,0.502991108,0.711709331,0.048594389,0.023756783,0.052542405,0.023309569,0.002784596,0.028457698,0.025643493,0.052564701,0.051724091,0,0.012018016,0,0.485294043,0.21659432,0.146534657,0.276893347,0.073732813,0.406986746,0.422706145,1,0.609335771,0.864535702,0.722918179,0.73852766
423,GUINAW RAIL NORD,DAKAR,0,Urban Area - Dakar,8,0,0,0,0,56,Dominantly built-up land,13678.43802,173.1447851,13383.26091,169.408366,13178.81048,166.8203858,13138.85379,166.3146049,0,0,0.056689342,1,0,0,0,0,0.007455374,0.150554282,0.262620469,0.345209198,0.21992622,0.489844404,0.460537421,0.549474535,0.496495707,0.020373501,0.041891562,0.060184229,0.005136007,0,0.006428888,0,0.044892622,0,0,0,0,0.264705826,0.023637218,0.146534657,0.288953296,0,0,0,0,0,0,0,0
424,GUINAW RAIL SUD,DAKAR,0,Urban Area - Dakar,6,0,0,0,0,56,Dominantly built-up land,20060.54667,130.26329,19472.05869,126.4419396,19480.80026,126.498703,19819.06426,128.6952225,0,0,0.094482237,0.986540545,0.00547046,0,0,0,0.046862352,0.13532573,0.323748944,0.289786617,0.207547276,0.439085286,0.526927636,0.51410671,0.332129259,0,0,0.030311643,0,0,0,0,0,0.068965557,0.090357795,0,0.047013931,0.382352959,0.144235344,0.171287184,0.288953296,0,0,0,0,0,0,0,0
425,PIKINE EST,DAKAR,0,Urban Area - Dakar,10,0,0,0,0,56,Dominantly built-up land,16854.25552,179.3005906,16401.67464,174.4859004,15897.98455,169.1274952,15858.23112,168.7045864,0,0,0,1,0,0,0,0,0.00319516,0.093647585,0.317456307,0.269322895,0.21992622,0.489844404,0.405368087,0.505012126,0.496495707,0,0,0,0,0,0,0,0,0.017241363,0,0,0.110546368,0.544117697,0.361312131,0.468316897,0.457790717,0,0,0,0,0,0,0,0
426,PIKINE NORD,DAKAR,0,Urban Area - Dakar,14,0,0,0,0,56,Dominantly built-up land,23764.29892,161.6618974,23581.15115,160.4159942,22561.15445,153.4772412,23024.35283,156.6282505,0,0,0.07558579,0.984457038,0,0.67264574,0.003154707,0.001095482,0.041537085,0.039145396,0.204188839,0.202815799,0.109467952,0.374113614,0.332432357,0.388803557,0.511868109,0.026686068,0.006283856,0.00738617,0,0.047619898,0.016297795,0,0.014660978,0,0,0,0.031130846,0.249999957,0.156295148,0.047524779,0.180414905,0,0,0,0,0,0,0,0
427,PIKINE OUEST,DAKAR,0,Urban Area - Dakar,12,0,0,0,0,56,Dominantly built-up land,38303.19781,158.9344308,36963.7412,153.3765195,36329.28047,150.7439024,36667.38334,152.1468188,0,0,0.018896447,0.987582299,0,0,0.003154707,0.012050305,0.038341925,0.055976954,0.230258336,0.174678182,0.133273613,0.391371715,0.340848018,0.412045271,0.345136676,0.046366425,0.058702635,0.039481832,0,0.060631252,0.057535728,0.022646957,0.068000194,0,0.090357795,0,0,0.308823524,0.19247471,0.072277229,0,0,0,0,0,0,0,0,0
428,MPAL,SAINT LOUIS,1,The Niayes Gardening and Fishing,14,0,0,0,0,53,Desert/Arid climate,9438.259689,17.06737738,9452.737998,16.91008586,9849.102836,17.46294829,10269.17617,18.20775916,0.175312606,0,0,0.128135678,0,0,0.024186086,0.002190964,0.730626677,0.741261832,0.77861671,0.742546465,0.875058016,0.802520573,0.740124385,0.870816492,0.990777545,0.235372111,0.209708494,0.187327739,0.215053824,0.195717285,0.25059622,0.364508822,0.218884414,0.620689596,0.423893299,0.299949956,0.348792837,0.382352959,0.674867359,0.505445575,0.530149548,0,0,0,0,0,0,0,0
429,FASS NGOM,SAINT LOUIS,1,The Niayes Gardening and Fishing,11,0.000111658,0,0,1,53,Desert/Arid climate,27878.22765,3.873051911,28407.25061,3.929623822,28296.69491,3.896006458,31768.39127,4.308162636,0.165807705,0.018281536,0,0.007292274,0,0.112107623,0.013670396,0.002190964,0.868018575,0.702883532,0.769253261,0.760452222,0.865535752,0.762590067,0.760480215,0.817343708,0.935042056,0.227956093,0.197798071,0.176891644,0.210861494,0.209139673,0.234214651,0.369715931,0.177846931,0.500000052,0.30260761,0.287431187,0.205844974,0.397058827,0.674867359,0.530198025,0.626628137,0.173351715,0,0.414841136,0.208780129,0.560037013,0.741567536,0.827356781,0.617610228
430,GANDON,SAINT LOUIS,1,The Niayes Gardening and Fishing,3,0.002111779,0.000901753,0.000148949,3,53,Desert/Arid climate,137467.9203,9.359836608,143866.6384,9.708910679,153235.4698,10.28080978,159661.9919,10.65905547,0.093992903,0.479890311,0.434618292,0.021876823,0.153172867,0.67264574,0.066248843,0.00985934,0.689089592,0.53441227,0.661706455,0.572269719,0.660100855,0.533758899,0.540827819,0.546755269,0.826651915,0.254645797,0.204790685,0.184974935,0.213128743,0.184228186,0.209349251,0.298368895,0.17239928,0.551724143,0.166161327,0.437656541,0.39644219,0.499999912,0.795465557,0.740594161,0.59044872,0.13214691,0.15375552,0.191569115,0.47594668,0.507225263,0.732223987,0.814665501,0.615970656
431,NDIEBENE GANDIOLE,SAINT LOUIS,1,The Niayes Gardening and Fishing,0,0.001586449,0.000827243,0.001182658,3,53,Desert/Arid climate,49673.15036,9.885204052,53320.74202,10.39390683,57198.40205,11.09786613,58428.61489,11.31460397,0.072870902,0.484460695,0.680272109,0.035419618,0.771334792,1,0.172457306,0.010954822,0.443062242,0.308098391,0.347121596,0.470549495,0.373857464,0.382260876,0.47288039,0.494289627,0.692789452,0.302829489,0.265368524,0.228712166,0.264130964,0.280674049,0.228059819,0.305655146,0.24370408,0.362068938,0.044875729,0.087130692,0.221728059,0.573529435,0.747226191,0.604455527,0.602508525,0.034526464,0,0.675308212,0.493096917,0.516312717,0.721705322,0.812448983,0.665875824
432,RICHARD TOLL,SAINT LOUIS,2,"Delta Rice, Horticulture, and Agricultural Labor",7,0,0,0,0,51,Ample irrigated soils,40510.65339,26.42573607,40686.55376,26.54047864,43642.93502,27.99418539,40789.1396,25.73447293,0.0021122,0.589579525,0,0.227102259,0.481400438,1,0.115672583,0.143508172,0.269458527,0.477567417,0.386675315,0.423653465,0.362760187,0.523345422,0.440900878,0.321099434,0.490583245,0.381244693,0.409926105,0.335670394,0.368804797,0.240303963,0.263576309,0.301881235,0.320996133,0,0,0,0,0.794117652,0.264833542,0.431188221,0.614568332,0.037206498,0,0.019178181,0,0.524615495,0.653074446,0.648664651,0.626363721
433,RUFISQUE EST,DAKAR,0,Urban Area - Dakar,5,0,0,0,0,56,Dominantly built-up land,82764.37788,92.785177,83404.27678,93.50255245,84096.6348,94.27873856,80989.05814,90.79490823,0.0126732,0.004570384,0.22675737,0.633386116,0.00547046,0,0.211365357,0.035055431,0.139522004,0.300435303,0.239247817,0.319629545,0.254206372,0.454313021,0.418459115,0.430234438,0.569810238,0.207027447,0.237005906,0.1630015,0.155528822,0.202347274,0.239758046,0.29070844,0.156046434,0.258620655,0.196482703,0.149724601,0.205844974,0.308823524,0.108055927,0.233168313,0.325132713,0,0,0,0,0,0,0,0
434,RUFISQUE NORD,DAKAR,1,The Niayes Gardening and Fishing,25,0,0,0,0,56,Dominantly built-up land,114908.0449,134.3953742,113462.9095,132.7051573,114501.778,133.9202082,111943.3317,130.9278734,0.0042244,0,0.056689342,0.918826569,0,0,0.028392361,0,0.087334384,0.284405247,0.240146766,0.319629545,0.271346448,0.449237109,0.527395173,0.471665319,0.656132186,0.080404777,0.07379289,0.078385665,0.072035788,0.095438696,0.152171496,0.151497973,0.090651094,0.362068938,0.454214675,0.375062556,0.30114358,0.499999912,0.19247471,0.31980204,0.337192518,0,0.355593885,0.247451802,0.865533234,0.594474528,0.851894491,0.728460368,0.74648408
435,RUFISQUE OUEST,DAKAR,0,Urban Area - Dakar,16,0,0,0,0,56,Dominantly built-up land,112077.4335,117.1133057,112560.4155,117.617989,111912.1825,116.9406296,112886.3808,117.9586007,0,0.009140768,0.113378685,0.911534295,0,0,0.024186086,0.003286447,0.094789758,0.205056472,0.221268854,0.281260067,0.270394222,0.323354496,0.388536765,0.409013743,0.557985314,0.063199937,0.066380133,0.046428945,0.057549615,0.074056981,0.100007274,0.119049777,0.064894828,0.206896568,0.21164339,0.212318511,0.237611146,0.249999957,0.011577413,0,0.228654125,0,0,0,0,0,0,0,0
436,KHOSSANTO,KEDOUGOU,15,Rainfed Maize and Artisanal Gold Mining,137,0,0,0,0,2,Tropics lowland; semi-arid with soil/terrain limitations,10120.92956,5.343679811,10671.88343,5.607926134,11083.15073,5.824041374,11384.05909,5.975884038,0,0.004570384,0,0.001041753,0.00547046,0,0.604652141,0.457911573,0.002130107,0.877517305,0.797657428,0.652165027,0.880771375,0.00757654,0.088161151,0,0.168914277,0.347835842,0.409799826,0.47021383,0.380414098,0.982260957,0.835651723,0.913227206,0.985958791,0.327586212,0.408732612,0.187280903,0.39644219,1,0.40955135,0.431188221,0.646078644,0.074527629,0.02296062,0,0.227104517,0.895069466,0.872130843,0.913129364,0.916680322
437,MISSIRAH SIRIMANA,KEDOUGOU,15,Rainfed Maize and Artisanal Gold Mining,129,8.69E-05,0,0.000158551,2,2,Tropics lowland; semi-arid with soil/terrain limitations,15386.38166,3.827458124,15796.4557,3.908079094,16071.39418,3.963352449,16939.80251,4.176479908,0,0.004570384,0,0.001041753,0.010940919,0,0.661436864,0.396564568,0.00319516,0.900654726,0.839979929,0.691220429,0.889274817,0.048022068,0.092274057,0.054096452,0.19286671,0.368330099,0.394166129,0.459180475,0.365048309,0.95592974,0.917616161,0.859863743,0.964708252,0.431034391,0.272286235,0.224837277,0.205844974,0.867646999,0.433670962,0.356930719,0.530149548,0.354192728,0.006236152,0.029589985,0.262457021,0.907388091,0.882490857,0.930085216,0.945922039
438,SABODALA,KEDOUGOU,15,Rainfed Maize and Artisanal Gold Mining,153,5.92E-05,1.53E-05,0.000106291,3,50,Land with severe soil/terrain limitations,20381.30726,4.88994896,21046.01322,5.032523485,23707.50262,5.600638464,24832.03532,5.8168272,0,0.004570384,0.037792895,0.001041753,0.00547046,0,0.546815849,0.517067613,0.002130107,0.860700577,0.794690055,0.670165248,0.826683668,0,0.213645788,0,0.193029936,0.377812033,0.432872637,0.478373375,0.429179514,0.908814596,0.820845207,0.806698143,0.886183787,0.22413793,0.378411233,0.224837277,0.428208359,0.970588262,0.451295036,0.511631953,0.686927164,0.152216219,0.010121359,0,0.424659356,0.898341547,0.881057387,0.944689076,0.904529205
439,DAHRA,LOUGA,6,Sylvopatoral Livestock and Gathering,39,0,0,0,0,53,Desert/Arid climate,25655.05715,14.77825873,26630.50539,15.2697852,29080.93359,16.67484724,27419.51232,15.72219743,0.373859412,0,0,0.204183682,0,0,0.014721965,0,0.463298258,0.878318808,0.976385303,0.99856095,0.888389186,0.922312093,0.751345266,1,0.816951157,0.215413259,0.180351266,0.163418327,0.142886344,0.25455844,0.289695558,0.257832167,0.259025828,0.896551818,0.560339676,0.512769142,0.348792837,1,0.723106581,0.691089109,0.807525362,0,0,0,0,0,0,0,0
440,AFFE DJOLOF,LOUGA,6,Sylvopatoral Livestock and Gathering,47,0,0,0,0,2,Tropics lowland; semi-arid with soil/terrain limitations,4977.567486,1.344925016,5075.518102,1.371020557,5471.777559,1.474475225,5664.606844,1.516628338,0.713923623,0,0,0.002083507,0,0,0.005257845,0,0.336556895,0.994309016,1,0.970668011,0.98932519,0.705063066,0.865289838,0.598523739,0.672981662,0.350945187,0.340818756,0.279538314,0.242220024,0.555587458,0.362335157,0.460598092,0.557040721,0.724137982,0.575500364,0.287431187,0.285260496,0.676470522,0.602508382,0.901485242,0.638687942,0,1,0.753120166,0.287191595,0.721930174,0.81167431,0.866476618,0.813899779
441,BOULAL,LOUGA,6,Sylvopatoral Livestock and Gathering,54,0,0,0,0,53,Desert/Arid climate,18750.7829,1.362306226,19058.94757,1.380083097,19592.33025,1.411246147,20092.67316,1.44520414,0.870226428,0,0,0,0,0,0.004206276,0,0.181059089,0.916511502,0.989869526,1,0.97599402,0.776198823,0.971350979,0.919058343,0.848972595,0.294005886,0.242544546,0.23057562,0.206071783,0.257478959,0.271787936,0.367161919,0.420573522,0.724137982,0.560339676,0.425137772,0.30114358,0.617647044,0.38543174,0.666336659,0.566328965,0,0.874645731,0.640858365,1,0.698252371,0.814841941,0.87845419,0.792766968
442,DEALY,LOUGA,6,Sylvopatoral Livestock and Gathering,56,0,0.001014601,0,1,2,Tropics lowland; semi-arid with soil/terrain limitations,29526.44878,1.167560947,30851.01424,1.214081077,30959.52788,1.214909072,32261.64469,1.265807851,0.837487327,0,0,0.001041753,0,0,0.005257845,0,0.21194564,0.940624929,0.954735074,0.9756796,0.994192279,0.917008519,0.843895661,0.586132996,0.641170793,0.328428597,0.277478181,0.274088062,0.248538763,0.418680237,0.433889306,0.533850105,0.559865812,0.568965505,0.378411233,0.350025021,0.348792837,0.529411826,0.638687942,0.926237695,0.638687942,0,1,0.758818783,0.919357625,0.726583485,0.822058092,0.886976691,0.814829758
443,SAGATTA DJOLOF,LOUGA,6,Sylvopatoral Livestock and Gathering,54,0,0.000965482,0,1,53,Desert/Arid climate,10273.51511,1.842452494,11057.21334,1.959109379,11549.95678,2.033801159,11862.96015,2.088917089,0.92197533,0,0,0.00312526,0,0,0.005257845,0,0.126741362,0.881224256,0.977643831,0.923008683,1,0.958178437,0.88639539,0.604042037,0.768307718,0.30194236,0.251706049,0.234851635,0.211304979,0.376113145,0.3366168,0.54081002,0.537554358,0.672413891,0.469375365,0.387581323,0.332909753,0.588235304,0.686927164,0.901485242,0.711046776,0,0.951337584,0.785695187,1,0.719322409,0.827537169,0.904134487,0.820147133
444,THIAMENE PASSE,LOUGA,6,Sylvopatoral Livestock and Gathering,45,0,0.000159748,0,1,53,Desert/Arid climate,14657.19242,2.289828529,15755.49381,2.432529536,16613.7936,2.550474916,17195.11391,2.634862689,0.672735722,0,0,0.00312526,0,0,0.010515689,0,0.37170366,0.90279547,1,1,0.947427226,0.789312453,0.836436951,0.875494776,0.771851258,0.29688364,0.247603085,0.230807093,0.181694833,0.328280616,0.323683285,0.350426723,0.327865652,0.810344798,0.560339676,0.450175307,0.364675922,0.941176522,0.602508382,0.715841562,0.698986969,0.232389256,1,0.705955037,0.951506028,0.692229709,0.796276097,0.859629535,0.79791046
445,KANENE NDIOB,LOUGA,5,Rainfed Cowpea and Groundnut,48,0,0,0,0,2,Tropics lowland; semi-arid with soil/terrain limitations,9525.258904,3.40187818,9605.857263,3.378774978,9581.911306,3.330521831,10091.65991,3.487097412,0.441449814,0,0,0.008334028,0,0,0.001051569,0,0.607080475,0.758627726,0.784909347,0.956256985,0.854574501,1,0.935647439,1,0.856473304,0.215741265,0.162754015,0.187302965,0.167296262,0.194996524,0.321528989,0.323920424,0.396544799,0.362068938,0.226804169,0.249874812,0.30114358,0.073529347,0.554269161,0.604455527,0.554269161,0.794718162,0.182142814,0.073968018,0.841249116,0.660493784,0.826544311,0.84089803,0.767754435
446,LORO,LOUGA,5,Rainfed Cowpea and Groundnut,47,0,0,1.88E-05,1,2,Tropics lowland; semi-arid with soil/terrain limitations,8189.446177,3.201503587,8657.698463,3.355697079,8942.686804,3.378423424,9383.14627,3.534141721,0.799467726,0,0,0.007292274,0,0,0.001051569,0,0.248157458,0.791957375,0.825961313,0.972763337,0.876962469,0.84543184,0.889736138,0.869970599,0.905141735,0.243353835,0.195606256,0.236407158,0.194822058,0.350456323,0.522904232,0.470633851,0.467163444,0.344827575,0.378411233,0.425137772,0.317026668,0.249999957,0.566328965,0.653960431,0.493970134,0.005153414,0.394567335,0.092348198,0.354430736,0.68019142,0.834565736,0.853929201,0.788414518
447,NGOURANE OUOLOF,LOUGA,5,Rainfed Cowpea and Groundnut,41,0,0,0,0,53,Desert/Arid climate,10758.26577,3.616223788,11545.66395,3.838319132,11999.44199,3.899721153,12614.69241,3.999585417,0.348513011,0,0,0.011459288,0,0,0.001051569,0,0.696544967,0.727636285,0.772324073,0.890055794,0.863631299,0.835006409,0.929009223,0.937510105,0.838604637,0.217826635,0.180616619,0.168369365,0.184496008,0.231342488,0.268061745,0.324342913,0.370136013,0.396551666,0.166161327,0.287431187,0.428208359,0.176470522,0.590448578,0.740594161,0.831644972,0.004120417,0.513119486,0.054120407,0.804221379,0.619998354,0.794918813,0.817151497,0.741977844
448,SAGATTA GUETH,LOUGA,5,Rainfed Cowpea and Groundnut,40,0,0,0,0,2,Tropics lowland; semi-arid with soil/terrain limitations,16265.20547,4.112567754,16715.11474,4.12413391,17008.05484,4.121166668,17657.66352,4.255884193,0.656894221,0,0,0.009375781,0,0,0.001051569,0,0.389809568,0.806183558,0.814759549,0.941215099,0.838873411,0.987019298,1,0.970272722,0.771115959,0.243356736,0.185764215,0.231865388,0.185341795,0.28001812,0.416451649,0.296662153,0.559823258,0.362068938,0.196482703,0.287431187,0.189961889,0.249999957,0.602508382,0.62920798,1,0.135971949,0.652146713,0.181799985,0.668066685,0.685689127,0.838422266,0.867386568,0.806984201
449,THIOLOM FALL,LOUGA,5,Rainfed Cowpea and Groundnut,41,0,0,0,0,2,Tropics lowland; semi-arid with soil/terrain limitations,22411.3733,4.285157418,23884.06693,4.527785201,24335.20167,4.546936037,25545.32693,4.707080695,0.184817506,0,0,0.013542795,0,0,0.001051569,0,0.852042773,0.733824632,0.73456825,0.928044853,0.840777864,1,1,0.950010479,0.837053529,0.191308415,0.136679604,0.163986726,0.146713941,0.175657501,0.285287126,0.246472804,0.367063504,0.293103487,0.181322015,0.249874812,0.380559102,0,0.662807554,0.431188221,0.783405752,0.082311991,0.754656521,0.036244833,0.781295777,0.649753862,0.810203109,0.850293135,0.766902551
450,DIANKE SOUF,KAFFRINE,10,Rainfed Groundnut and Cereals,44,0,0,0,0,2,Tropics lowland; semi-arid with soil/terrain limitations,21804.04179,3.422926498,22148.2787,3.456887576,22055.26386,3.420481368,23163.13544,3.534737591,0.288315309,0,0,0.00312526,0,0,0.460587196,0,0.303540238,0.893355338,0.802412396,0.681107291,0.748897116,0.699242687,0.694761469,0.364469234,0.336759274,0.31585914,0.234694055,0.318813442,0.286571186,0.434751061,0.612734012,0.697456423,0.764123313,0.275862121,0.21164339,0.525287908,0.539390145,0.735294174,0.711046774,0.703465334,0.566328965,0.022115808,0.152881125,0.055098817,0.146450165,0.828645783,0.848828208,0.870937566,0.847736805
451,SAGNA,KAFFRINE,10,Rainfed Groundnut and Cereals,45,0,0,0,0,2,Tropics lowland; semi-arid with soil/terrain limitations,42494.6583,2.682235581,44163.00406,2.775278329,44566.86861,2.796089379,45816.84256,2.860870594,0.330559311,0,0,0.005208767,0,0,0.452174645,0,0.266263366,0.890241811,0.785691994,0.733905467,0.737937408,0.636486795,0.578091896,0.442662821,0.317800355,0.306538924,0.237280935,0.28163869,0.25556958,0.53184879,0.564688204,0.661137274,0.672047385,0.293103487,0.196482703,0.462694074,0.412325274,0.514705957,0.614568332,0.653960431,0.349252323,0.021668475,0.290594984,0.176969636,0.150186567,0.851386099,0.844398995,0.898176219,0.883809928
452,SAINT LOUIS,SAINT LOUIS,1,The Niayes Gardening and Fishing,5,0,1.69E-05,0,1,53,Desert/Arid climate,151642.4498,60.778537,150395.3037,60.13406784,146216.5688,58.30006731,142779.0465,56.86142833,0.0031683,0.287934186,1,0.579214935,0.060175055,1,0.035753344,0.010954822,0.219401014,0.08082354,0.074740305,0.13386964,0.13422584,0.330214317,0.194976559,0.168854566,0.399531328,0.119394162,0.068745086,0.04359489,0.056729447,0.004837242,0.017178947,0.001157519,0,0.586206868,0.120679171,0.337506255,0.269377316,0.323529392,0.373371935,0.678712884,0.19247471,0,0,0.019830069,0.349460596,0.47076661,0.69241084,0.782118424,0.564414809
453,LEONA,LOUGA,1,The Niayes Gardening and Fishing,24,0,0,0,0,53,Desert/Arid climate,53267.52694,4.022012001,55113.15358,4.100375982,56203.2488,4.154586695,57987.57976,4.280789884,0.102441703,0.004570384,0.207860922,0.013542795,0.010940919,0.33632287,0.03995962,0.003286447,0.862693307,0.623925258,0.641429173,0.770708444,0.768678405,0.669201302,0.753721813,0.842673693,0.788041256,0.223451799,0.177055669,0.160691427,0.20017487,0.209917776,0.210096054,0.332144551,0.242088508,0.344827575,0.166161327,0.237356046,0.253494231,0.294117652,0.530149548,0.579702929,0.530149548,0.168931803,0.69586941,0.805028286,0.474900711,0.610636852,0.748465905,0.831035483,0.710826341
454,NGUEUNE SARR,LOUGA,5,Rainfed Cowpea and Groundnut,36,0,0,0,0,53,Desert/Arid climate,17206.51847,4.220387164,17715.18825,4.328167175,18009.2163,4.299168369,18873.54859,4.399428575,0.027458601,0,0,0.010417535,0,0,0.002103138,0,1,0.682466033,0.759738798,0.805060418,0.786172187,0.775124251,0.878332133,0.844831682,0.810099483,0.193767244,0.161422263,0.126524172,0.166505369,0.205268999,0.202353473,0.318887356,0.225301285,0.482758689,0.287446923,0.324987488,0.428208359,0.367647087,0.650747747,0.851980193,0.566328965,0,0.354463072,0.414860999,0.5252387,0.594572312,0.741658256,0.809235538,0.708486354
455,SAKAL,LOUGA,5,Rainfed Cowpea and Groundnut,18,0,0,0,0,53,Desert/Arid climate,30927.97957,3.489561048,31759.33066,3.54932171,32630.48804,3.600804242,34686.81867,3.785530794,0.111946604,0,0,0.007292274,0,0,0.002103138,0,0.93724705,0.725241124,0.780072724,0.80293373,0.84458677,0.851406281,0.828475044,0.868647224,0.909323735,0.214276364,0.166226126,0.143831509,0.171366966,0.196249686,0.247149572,0.359657832,0.218180043,0.620689596,0.363250364,0.337506255,0.205844974,0.249999957,0.554269161,0.62920798,0.542209356,0.124721541,0,0.327590863,0.366537861,0.589895185,0.749663294,0.823683885,0.631581054
456,GALOYA TOUCOULEUR,SAINT LOUIS,3,Valley Rice and Remittances,25,0,0,0.000492514,1,53,Desert/Arid climate,4929.639132,12.77108583,5710.990997,14.64356666,6063.535289,15.46820227,5761.714769,14.69825196,0,0,0,0.146887241,0,0,0,0,0.910620713,0.919996953,0.881096799,0.848275695,0.882675828,0.853279692,0.817735482,0.821301536,0.938747878,0.09364879,0.096957754,0.120346227,0.099691209,0.167622705,0.287428391,0.192764545,0.225186479,0.431034391,0.454214675,0.437656541,0.52350687,0.661764654,1,0.864356418,0.904003948,0,0,0,0,0,0,0,0
457,BOKE DIALLOUBE,SAINT LOUIS,6,Sylvopatoral Livestock and Gathering,58,2.11E-05,0.00147374,0.005498524,3,53,Desert/Arid climate,39880.52935,2.429073538,40894.44781,2.479052365,41121.67062,2.475717677,41656.99898,2.485501132,0,0.02285192,0.037792895,0.001041753,0,0,0.044165896,0.012050305,0.974523921,0.890362622,0.877476064,0.806189021,0.798817815,0.719065887,0.777540628,0.645686845,0.754844008,0.170116156,0.142230358,0.150062791,0.134724678,0.175900343,0.243000445,0.249625287,0.231515831,0.655172528,0.590661052,0.512769142,0.571156318,0.720588305,0.686927164,0.926237695,0.807525362,0.650956695,0.799260466,0.386949419,0.742098182,0.779855468,0.850896469,0.835806482,0.816309375
458,MBOLO BIRANE,SAINT LOUIS,4,Dieri Millet and Remittances,65,0.002835994,0.000105217,0.023940888,3,53,Desert/Arid climate,22486.04498,3.485127864,23012.18262,3.522991828,22778.12955,3.444968171,23708.25271,3.563543171,0,0.10511883,0.037792895,0.001041753,0,0,0.024186086,0.005477411,0.977719081,0.913158925,0.786629395,0.81406597,0.762710486,0.757045442,0.745610664,0.672743152,0.870200225,0.145868782,0.142293051,0.155400303,0.127068414,0.175775671,0.249722341,0.192929056,0.206528334,0.482758689,0.727107246,0.500250375,0.52350687,0.397058827,0.554269161,0.777722837,0.698986969,0.906578749,0.512757267,0.398012678,0,0.758816221,0.822362397,0.824996699,0.820321718
459,PETE,SAINT LOUIS,6,Sylvopatoral Livestock and Gathering,21,0,0,0,0,53,Desert/Arid climate,6359.808104,16.43361267,6734.478891,17.31228507,7181.730998,18.46203341,6606.145796,16.98237994,0,0,0.018896447,0.122926911,0,0,0.003154707,0,0.924466408,0.947248047,0.835250443,0.815022147,0.816019976,0.832976044,0.597058146,0.632336297,0.848878453,0.115804663,0.117872318,0.114788536,0.093501663,0.15187648,0.207595983,0.17392918,0.171481926,1,0.893874998,0.813219848,0.332909753,0.838235261,0.614568332,0.715841562,0.566328965,0,0,0,0,0,0,0,0
460,GOLF SUD,DAKAR,0,Urban Area - Dakar,3,0,0,0,0,56,Dominantly built-up land,84829.96329,94.36035961,85033.70736,94.58699373,83268.35612,92.62331047,85729.78108,95.36126927,0,0.137111517,0.453514739,0.541711809,0.486870897,0.112107623,0.032598637,0.074492792,0.248157458,0,0.130475091,0.121813566,0.068522215,0.227927353,0.10614458,0.34130962,0.513050602,0.236857421,0.305971017,0.243449068,0.324885354,0.169943201,0.1643314,0.207319144,0.258706158,0,0,0,0,0,0,0,0.02363729,0,0,0,0,0,0,0,0
461,SAM NOTAIRE,DAKAR,0,Urban Area - Dakar,10,0,0,0,0,56,Dominantly built-up land,48602.74708,150.4729012,48513.17019,150.1955733,45993.72398,142.3954303,46649.02741,144.4242335,0,0.013711152,0.869236584,0.919868322,0.016411379,0,0.002103138,0.002190964,0.05218762,0,0.056761342,0.076622847,0,0.162955682,0.167859429,0.337267583,0.382976434,0,0,0,0,0,0,0,0,0.08620692,0.120679171,0.212318511,0.094663283,0.426470565,0.276893347,0.31980204,0.168355098,0,0,0,0,0,0,0,0
462,BAMBILOR,DAKAR,1,The Niayes Gardening and Fishing,8,0.002593787,0,0,1,52,Dominantly hydromorphic soils,141380.6083,18.15131703,153455.4988,19.6309964,172208.2637,21.99620178,185042.0733,23.62339759,0.384420412,0,0.037792895,0.072922744,0,0,0.215571633,0.074492792,0.305670345,0.497604987,0.482862767,0.494423837,0.544635439,0.619586863,0.488589625,0.512364565,0.723534255,0.315545318,0.36231862,0.356339653,0.34738497,0.41633018,0.435660615,0.538143642,0.488448391,0.500000052,0.408732612,0.425137772,0.348792837,0.85294113,0.493970134,0.493069349,0.879884194,0,0.520628611,0.322027731,0.618504537,0.620511391,0.886550131,0.811180833,0.781696725
463,SANGALKAM,DAKAR,1,The Niayes Gardening and Fishing,19,0,0,0,0,52,Dominantly hydromorphic soils,219380.0879,37.72009765,238771.9228,40.86461112,260456.8278,44.46173231,265284.8513,45.20103106,0.229173707,0,0.037792895,0.235436286,0,0,0.240809287,0.086543096,0.257742939,0.493425866,0.454625182,0.453496393,0.475997745,0.528182403,0.522252269,0.536337914,0.560350299,0.257147136,0.295642765,0.296450343,0.276949291,0.425114915,0.371402216,0.439096866,0.395238469,0.344827575,0.363250364,0.36254379,0.332909753,0.617647044,0.264833542,0.295049587,0.57838877,0,0.55794207,0.069732323,0.734248976,0.61025921,0.878468822,0.78163168,0.770873394
464,TIVAOUANE PEULH NIAGHA,DAKAR,1,The Niayes Gardening and Fishing,0,0.005152434,0,0,1,52,Dominantly hydromorphic soils,208243.1245,38.34342193,227880.5355,41.89750607,255811.6429,47.00691712,262039.459,48.01016105,0.090824603,0.191956124,1,0.187515626,0.092997812,0,0.169302599,0.025196091,0.39939505,0.181139223,0.171826706,0.226690141,0.16374486,0.367007338,0.464836068,0.374486962,0.562715284,0.160128584,0.188561704,0.165640511,0.170678119,0.214738365,0.236760267,0.262551748,0.228032128,0.206896568,0.226804169,0.262393579,0.30114358,0.794117652,0.180414903,0.431188221,0.602508525,0.030121828,0.83603259,0.375144389,0.668727503,0.621741193,0.888139823,0.825772917,0.76438604
465,THIETTY,KOLDA,12,"Forest, Rainfed Rice, and Groundnut",53,0,0,0,0,2,Tropics lowland; semi-arid with soil/terrain limitations,7246.019268,2.806359128,7239.07575,2.802584495,7371.510359,2.842850119,8211.383193,3.153372962,0.015841501,0,0,0.001041753,0,0,0.110414739,0.958546952,0.004260214,0.645241799,0.620401835,0.449391163,0.835064505,0.03871992,0.165989282,0.114842619,0.22590309,0.658151929,0.494120157,0.628021391,0.44083118,0.946085623,0.908689793,0.952154969,0.857437944,0.793103432,0.332928989,0.637956961,0.364675922,0.35294113,0.638687942,0.616831755,0.438739057,0.105589589,0.113784256,0.059357538,0.057654492,0.988993269,0.890857299,0.963329706,0.93691418
466,SARE BIDJI,KOLDA,12,"Forest, Rainfed Rice, and Groundnut",54,0,0,0,0,2,Tropics lowland; semi-arid with soil/terrain limitations,25151.25287,4.254991181,25314.90737,4.281229049,25187.95399,4.254721958,26897.67302,4.531279147,0.024290301,0.004570384,0,0.004167014,0,0,0.140910238,0.895008983,0.020236016,0.525315605,0.612551021,0.422369679,0.817924429,0.128456923,0.10333936,0.086661277,0.146611091,0.682550023,0.550861447,0.714694561,0.488946585,0.868450895,0.869811747,0.885240865,0.729071307,0.758620707,0.514857428,0.662994494,0.459974528,0.35294113,0.433670962,0.579702929,0.440477484,0.155880783,0.020691341,0.883705197,0.342934375,0.993790446,0.898480874,0.9712247,0.943825143
467,KOUNKANE,KOLDA,13,"Rainfed Maize, Cotton, and Cattle",27,0,0,0,0,50,Land with severe soil/terrain limitations,19199.58204,10.92747982,20347.81846,11.58100083,22406.12373,12.75248932,21905.02418,12.46728752,0.046468401,0.02285192,0,0.041670139,0.043763676,0,0.418524438,0.478725735,0.071358582,0.672332593,0.721666245,0.568550904,0.812005975,0.112457019,0.170664649,0.156049583,0.173255982,0.509040463,0.46803122,0.512012113,0.425029217,0.849351357,0.854361851,0.941269086,0.702196189,0.758620707,0.530018119,0.625438194,0.602922487,0.882353044,0.325132713,0.691089109,0.361312131,0.235100995,0.235135877,0.541775346,0.03247988,0.945716658,0.88073022,0.901676836,0.921822675
468,DIAOBE KABENDOU,KOLDA,13,"Rainfed Maize, Cotton, and Cattle",37,0,0,0,0,50,Land with severe soil/terrain limitations,39325.66245,12.7267516,41848.92343,13.54334092,45308.95011,14.66309065,44355.39996,14.31743059,0.069702602,0.031992687,0,0.083340278,0.016411379,0,0.488979557,0.262915736,0.146977378,0.731643799,0.775020917,0.638309382,0.821733335,0.240109542,0.343653239,0.307420771,0.288377039,0.403150244,0.426131518,0.438680407,0.380459582,0.677192634,0.795016236,0.864887901,0.702090453,0.448275961,0.560339676,0.450175307,0.444091444,0.544117697,0.361312131,0.579702929,0.288953296,0.177842503,0.207642938,0.583003761,0.14430794,0.949614089,0.875474936,0.907979368,0.924258186
469,KANDIA,KOLDA,13,"Rainfed Maize, Cotton, and Cattle",53,0,0,0,0,50,Land with severe soil/terrain limitations,25232.95089,2.960224177,25788.40911,3.0161882,25367.13424,2.952756867,27324.6846,3.166243871,0.085544103,0.031992687,0,0.005208767,0.00547046,0,0.503701523,0.334122081,0.128871469,0.734638188,0.803567606,0.631125977,0.845777053,0.166643095,0.127649732,0.242279709,0.21212726,0.454727621,0.373525872,0.436004512,0.379228149,0.871891982,0.974196339,0.806837328,0.736248898,0.431034391,0.151000637,0.299949956,0.30114358,0.397058827,0.325132713,0.475713503,0,0.322503589,0.027763944,0.447450797,0.023130412,0.938395218,0.860210352,0.936891867,0.908716491
470,KANDIAYE,KOLDA,13,"Rainfed Maize, Cotton, and Cattle",27,0,0,0,0,50,Land with severe soil/terrain limitations,16405.71058,3.866535607,16726.32548,3.941170001,16316.68524,3.8410276,17566.44637,4.133281499,0.017953701,0.068555759,0,0.00312526,0.103938731,0,0.365945991,0.614565532,0.038341925,0.653397847,0.702910206,0.588322478,0.833965038,0.086142135,0.158041157,0.055430455,0.048653572,0.535143627,0.554770501,0.554751564,0.462880234,0.889100142,0.841123051,1,0.814979426,0.724137982,0.499696741,0.612919428,0.618805572,0.735294174,0.337192518,0.715841562,0.264833542,0.339542926,0.700417068,1,0.658422763,0.956515798,0.89784414,0.93569444,0.944545185
471,NEMATABA,KOLDA,13,"Rainfed Maize, Cotton, and Cattle",56,0,0,0,0,50,Land with severe soil/terrain limitations,13906.14783,3.059658488,13982.03371,3.06354814,13711.97709,2.997153462,15097.48427,3.295674365,0.053861102,0,0,0.004167014,0,0,0.697190208,0.141317208,0.15975802,0.797863555,0.89563688,0.764715497,0.912913955,0.341627779,0.319341329,0.298645362,0.790147995,0.405866977,0.354269709,0.377387563,0.358924614,0.885261037,0.898255794,0.745139936,0.614770087,0.551724143,0.272286235,0.312468722,0.39644219,0.397058827,0.337192518,0.765346611,0.011577413,0.479164866,0.223960425,0.271788722,0.219007999,0.905396802,0.860353181,0.913696843,0.888880382
472,SARE COLY SALLE,KOLDA,13,"Rainfed Maize, Cotton, and Cattle",31,0,0.00011855,0,1,50,Land with severe soil/terrain limitations,24512.86466,3.944780281,25554.80878,4.103212714,26058.13955,4.180003136,27578.0476,4.408255691,0.086600203,0.054844607,0,0.005208767,0.049234136,0,0.414318163,0.434906446,0.105440293,0.699541738,0.776679104,0.588392998,0.88835254,0.204324363,0.193292731,0.199438892,0.243442326,0.50587683,0.402466936,0.519143347,0.377216947,0.889658177,0.889868797,0.766106337,0.735912262,0.60344823,0.272286235,0.437656541,0.444091444,0.294117652,0.313072909,0.612654624,0.204534515,0.540691083,0.253818423,0.450538499,0.246777735,0.927110074,0.896607195,0.936257175,0.930677949
473,SEDHIOU,SEDHIOU,12,"Forest, Rainfed Rice, and Groundnut",0,0,0,0,0,2,Tropics lowland; semi-arid with soil/terrain limitations,34267.62123,26.79251074,33744.24116,26.38330036,34513.06689,26.98441508,31856.83574,24.88815292,0.0052805,0.018281536,0,0.256271356,0.875273523,0.112107623,0.107260032,0.508303755,0.018105909,0.47836892,0.433420619,0.300018478,0.520829778,0.160925317,0.13045649,0.066451091,0.268274667,0.551371796,0.52517682,0.522306181,0.536515174,0.798543031,0.794035738,0.655172742,0.642118457,0.77586207,0.742267934,0.775663546,0.650571744,0.35294113,0.120115734,0.109405981,0.276893347,0,0,0,0,0,0,0,0
474,NGUENIENE,THIES,7,Small Coast Fishing and Tourism,16,0.001454747,6.63E-05,0.001378076,3,2,Tropics lowland; semi-arid with soil/terrain limitations,68761.83149,3.54881459,70269.80105,3.618983419,70775.56728,3.610261543,77587.5284,3.920740229,0.679072322,0.182815356,0.302343159,0.008334028,0.049234136,0,0.115672583,0.05915604,0.125676309,0.69876589,0.813419883,0.530594601,0.721672331,0.549054649,0.465212788,0.371624899,0.181229061,0.332245074,0.319594102,0.369688823,0.367559674,0.682813673,0.800379252,0.855327604,0.850167422,0.413793029,0.332928989,0.450175307,0.507623785,0.191176479,0.711046774,0.62920798,0.614568332,0,0.137373943,0.118278896,0.349831929,0.751713078,0.913255274,0.916105399,0.896055115
475,SANDIARA,THIES,8,Rainfed Groundnut and Millet,13,0,0,0,0,2,Tropics lowland; semi-arid with soil/terrain limitations,43652.72517,3.987278513,47454.19936,4.274767982,47746.80265,4.269206245,52456.4546,4.672764529,0.880787428,0,0,0.014584549,0,0,0.082022377,0.023005127,0.05538278,0.835868157,0.823326613,0.700553203,0.723654011,0.832976044,0.80408407,0.664672595,0.463385919,0.315354223,0.301728193,0.329463341,0.328791422,0.483882107,0.653411067,0.818190104,0.705901597,0.293103487,0.30260761,0.425137772,0.55527323,0.102941176,0.795465557,0.740594161,0.59044872,0.046435184,0.302685105,0.073019113,0.345357361,0.721250124,0.8973536,0.863758557,0.858962578
476,SESSENE,THIES,8,Rainfed Groundnut and Millet,14,0,0,0,0,2,Tropics lowland; semi-arid with soil/terrain limitations,34743.85912,3.070873176,36717.07499,3.205051937,35357.76312,3.043360572,40132.71724,3.431026523,0.990621832,0,0,0.011459288,0,0,0.018928241,0.003286447,0.030886551,0.82141211,0.790432427,0.714868853,0.794118768,0.83312107,0.760696001,0.722513765,0.381793941,0.282031743,0.26202396,0.295078025,0.30183219,0.451403869,0.595304516,0.734856602,0.570233871,0.120689648,0.30260761,0.437656541,0.587039402,0.161764654,0.662807554,0.641584206,0.57838877,0,0.323736711,0.136636552,0.276224451,0.717471405,0.865755814,0.858238253,0.836922495
477,THIADIAYE,THIES,8,Rainfed Groundnut and Millet,18,0,0,0,0,2,Tropics lowland; semi-arid with soil/terrain limitations,13909.72808,11.61079139,14838.34261,12.22268749,14676.00945,12.03938429,14983.3797,12.2915338,0.820589726,0,0,0.146887241,0,0,0.042062758,0.008763858,0.033016657,0.790955005,0.730073509,0.752778326,0.753173031,0.721305984,0.642876745,0.763702506,0.423181176,0.292308991,0.273010724,0.303467553,0.301870555,0.391219095,0.593710859,0.638646965,0.544582436,0.327586212,0.378411233,0.450175307,0.571156318,0.132352913,0.904003806,0.592079302,0.433671107,0,0.073195699,0.013766657,0.357587411,0.684526431,0.840932861,0.839166791,0.82917586
478,BAGHERE,SEDHIOU,12,"Forest, Rainfed Rice, and Groundnut",47,0,0,0,0,2,Tropics lowland; semi-arid with soil/terrain limitations,12405.1875,6.355116546,13073.99016,6.667001614,13273.76773,6.755098082,13712.74209,6.9784947,0.0052805,0.004570384,0,0.008334028,0,0,0.016825103,1,0.008520428,0.334899922,0.308466825,0.165298976,0.493693091,0.105778231,0.094154525,0.061448887,0.159367295,0.9672987,0.890441858,0.969823757,0.889223895,0.959395665,0.958381399,0.901653154,0.724486403,1,0.939357246,0.950926433,0.936467658,0.926470653,0.843704779,0.715841562,0.723106581,0.149909814,0.183801881,1,0.374575883,0.984720181,0.907236697,0.988585467,0.980742272
479,DIOUBOUDOU,SEDHIOU,12,"Forest, Rainfed Rice, and Groundnut",0,0,0,0,0,2,Tropics lowland; semi-arid with soil/terrain limitations,6121.481634,5.529793707,5990.764637,5.397085259,5887.017824,5.294080777,6218.376878,5.58704122,0.0063366,0.036563071,0,0.006250521,0.743982495,0,0.025237655,0.828184567,0.067098368,0.324480386,0.321951048,0.166808014,0.404658151,0.077680363,0,0.07824587,0.089076745,0.883685134,0.847716238,0.902344993,0.841822247,0.95423986,1,0.866171632,0.901242776,1,1,1,1,0.911764784,0.916063756,0.765346611,0.891944143,0.162303174,0.240479265,0.223621756,0.059948168,0.972933155,0.902515202,0.985968049,0.950562621
480,NIAGHA,SEDHIOU,12,"Forest, Rainfed Rice, and Groundnut",53,0,0,0,0,2,Tropics lowland; semi-arid with soil/terrain limitations,14747.70286,4.87205248,15507.13605,5.092655517,15193.90121,4.973453751,16440.03244,5.376073393,0.0073927,0,0,0.004167014,0,0,0.010515689,1,0,0.372907865,0.375887937,0.18445873,0.692865356,0.075649998,0.0993536,0.056345998,0.048331074,0.918999952,0.813570193,0.98548061,0.699660802,0.994563538,0.881819595,0.905330604,0.807903371,0.948275909,0.605821739,0.913370132,0.618805572,0.617647044,0.819585167,0.480693124,0.518089744,0.08620799,0.062490039,0.906112436,0.204501082,0.995126791,0.900186107,0.983126099,0.965714114
481,SIMBANDI BRASSOU,SEDHIOU,12,"Forest, Rainfed Rice, and Groundnut",0,0.000495629,0,0,1,2,Tropics lowland; semi-arid with soil/terrain limitations,15434.62095,7.109452304,15608.94411,7.179827095,16815.38888,7.731213276,16959.39149,7.790257917,0.0052805,0.009140768,0,0.011459288,0.388402626,0,0.017876672,0.950878577,0.02769139,0.267281227,0.247338351,0.127437462,0.330464441,0.093121316,0.041313841,0.042198868,0.091633409,1,0.961382249,1,1,0.895720255,0.951853355,0.933029813,0.765803701,1,1,1,1,0.808823521,0.843704779,0.926237695,0.795465557,0.15137988,0.303284112,0.205397099,0.021194017,0.975707451,0.904446331,0.993066794,0.979444767
482,TANAFF,SEDHIOU,12,"Forest, Rainfed Rice, and Groundnut",31,0,0,0,0,2,Tropics lowland; semi-arid with soil/terrain limitations,8011.162919,13.71774472,8628.882292,14.67496989,9313.957409,15.81317047,8657.418079,14.69850268,0.0063366,0.009140768,0,0.066672223,0,0,0.025237655,0.931159897,0.056447834,0.352532983,0.347121596,0.189173318,0.398944792,0.203562977,0.108014727,0.06847211,0.217427493,0.914158743,0.865089767,0.903410275,0.908019667,0.929909949,0.911196181,0.86784113,0.721770927,1,1,1,1,1,0.891944001,1,0.855764584,0,0,0,0,0,0,0,0
483,POPENGUINE,THIES,8,Rainfed Groundnut and Millet,9,0,0,0,0,2,Tropics lowland; semi-arid with soil/terrain limitations,17004.47711,14.90313507,17618.053,15.21420812,18725.52285,16.12878799,18560.87333,15.986971,0.032739101,0.013711152,0.094482237,0.103133594,0.00547046,0,0.580466055,0.189518426,0.141652111,0.443102798,0.398361641,0.42621143,0.409419283,0.378174344,0.495135139,0.310994341,0.364056555,0.347722642,0.369442746,0.449917265,0.415045365,0.615229859,0.870398825,0.882588135,0.871560541,0.31034485,0.21164339,0.437656541,0.364675922,0.382352959,0.373371935,0.505445575,0.530149548,0,0,0,0,0,0,0,0
484,SINDIA,THIES,8,Rainfed Groundnut and Millet,14,0,0,0,0,2,Tropics lowland; semi-arid with soil/terrain limitations,94424.90216,7.037181559,101278.9761,7.502702137,107891.1661,7.967151532,112388.6911,8.286418281,0.381252112,0.02285192,0.018896447,0.02708559,0,0,0.353327164,0.163226852,0.127806416,0.703730094,0.747917379,0.673561277,0.720599944,0.759882914,0.518378393,0.478738884,0.443925052,0.344078874,0.342304675,0.377715147,0.355311085,0.618060754,0.712690235,0.846706558,0.764727895,0.413793029,0.287446923,0.36254379,0.475857616,0.382352959,0.506029939,0.530198025,0.57838877,0.068475001,0.439954449,0.265549333,0.737439553,0.687832989,0.900258342,0.852309328,0.834646985
485,NGAPAROU,THIES,8,Rainfed Groundnut and Millet,12,0,0,0,0,2,Tropics lowland; semi-arid with soil/terrain limitations,23178.54084,27.85882312,24314.93056,29.22467615,25349.88735,30.46861461,23811.0937,28.61910301,0.043300101,0.004570384,0.094482237,0.49691641,0.010940919,0,0.356481871,0.021909645,0.121416095,0.304442816,0.319254203,0.300871133,0.26277641,0.451267474,0.37638081,0.254405821,0.427911146,0.247007039,0.298161148,0.286799053,0.306711792,0.434479775,0.501812772,0.526150496,0.568786018,0.293103487,0.226804169,0.350025021,0.459974528,0.279411783,0.204534515,0.356930719,0.530149548,0,0,0,0,0,0,0,0
486,SALY PORTUDAL,THIES,7,Small Coast Fishing and Tourism,10,0,0,0,0,2,Tropics lowland; semi-arid with soil/terrain limitations,65699.14962,34.39746053,64507.95155,33.77379662,65830.09296,34.46601726,61635.35831,32.2698211,0.082375803,0.004570384,0.094482237,0.614634553,0,0.112107623,0.236603012,0.016432233,0.089464491,0.536878623,0.484660663,0.428769396,0.452269473,0.610651106,0.484849331,0.389814066,0.523693033,0.272381083,0.289424685,0.280685593,0.288072623,0.366688135,0.441982524,0.410227389,0.470053668,0.206896568,0.166161327,0.249874812,0.30114358,0.117647044,0,0.158910957,0.059816707,0,0,0,0,0,0,0,0
487,DIASS,THIES,8,Rainfed Groundnut and Millet,31,0,0,0,0,2,Tropics lowland; semi-arid with soil/terrain limitations,77562.29944,7.157174443,84023.11128,7.714204121,88758.81083,8.08810013,91897.89578,8.356633243,0.142573505,0,0.15117158,0.033336111,0,0,0.53630016,0.121598528,0.208750479,0.689612394,0.673971225,0.670193103,0.690089074,0.639150096,0.795566908,0.570409687,0.462523465,0.329819043,0.350733038,0.388535793,0.344003044,0.649957684,0.676192589,0.825958129,0.814159321,0.482758689,0.530018119,0.525287908,0.412325274,0.647058782,0.662807554,0.579702929,0.698986969,0.123171594,0.407147136,0.183457932,0.846032053,0.64121178,0.895841808,0.80808941,0.790525453
488,MALICOUNDA,THIES,7,Small Coast Fishing and Tourism,10,0.00039931,0.000105396,0.001125775,3,2,Tropics lowland; semi-arid with soil/terrain limitations,121942.5524,9.606314195,127281.2317,10.02688134,134188.6823,10.57103216,134966.6871,10.60475266,0.568181818,0.004570384,0.018896447,0.061463455,0.00547046,0,0.206107512,0.099688883,0.119285988,0.654480941,0.675353487,0.53194066,0.643949551,0.535527611,0.40232298,0.337511371,0.206728732,0.329578108,0.337950123,0.350274179,0.349162218,0.559821469,0.732181388,0.859947078,0.822931386,0.396551666,0.363250364,0.450175307,0.380559102,0.382352959,0.686927164,0.666336659,0.638687942,0.123542267,0.378281518,0.159134655,0.453560018,0.729902911,0.913953904,0.887341658,0.866314009
489,NGUEKHOKH,THIES,8,Rainfed Groundnut and Millet,10,0,0,0,0,2,Tropics lowland; semi-arid with soil/terrain limitations,39972.68347,14.57261519,39324.01568,14.32047184,41327.32643,15.01174225,41859.9174,15.16663674,0.439337614,0,0,0.183348612,0,0.112107623,0.259737528,0.055869594,0.115025774,0.65710404,0.723281814,0.62914334,0.680803821,0.743639996,0.4806415,0.543411479,0.271822145,0.280282548,0.28638016,0.297636549,0.277641042,0.457049365,0.637480871,0.760479552,0.694759325,0.396551666,0.332928989,0.387581323,0.491740701,0.558823566,0.590448578,0.542574253,0.554269161,0,0.433209153,0.15345682,0.571496861,0.658941503,0.883422439,0.836193202,0.808942161
490,SOMONE,THIES,8,Rainfed Groundnut and Millet,7,0,0,0,0,2,Tropics lowland; semi-arid with soil/terrain limitations,17163.33318,23.67356301,16995.07566,23.44148368,18057.20306,24.90648698,17571.72135,24.23685704,0.016897601,0.658135283,0.132275132,0.316693058,0.054704595,0,0.273407925,0.052583147,0.221531121,0.148149774,0.173624602,0.188320663,0.172314898,0.152803858,0.27632795,0.151333872,0.286012054,0.367069591,0.383937332,0.478400428,0.451178445,0.462242856,0.602440377,0.668785574,0.649708185,0.293103487,0.30260761,0.324987488,0.507623785,0.529411826,0.433670962,0.505445575,0.481910329,0,0,0,0,0,0,0,0
491,DJIBIDIONE,ZIGUINCHOR,11,Forest and Rainfed Rice,34,1.10E-05,0,6.39E-05,2,2,Tropics lowland; semi-arid with soil/terrain limitations,11776.04475,2.44012531,11529.20415,2.343810562,11073.04248,2.216381601,11877.48562,2.36226842,0.0052805,0.004570384,0,0.002083507,0,0,0.012618827,1,0.009585481,0.409012101,0.367797403,0.195141903,0.489947591,0.064572567,0.022029845,0.074754068,0.108537013,0.822706375,0.869879324,0.882325929,0.791534406,1,1,0.953320063,1,0.517241414,0.696785871,0.76314478,0.539390145,0.911764784,0.723106581,0.814851515,0.807525362,1,0.949432949,0.272207323,0.873036101,0.941507821,0.97591906,0.966644414,0.972669943
492,OULAMPANE,ZIGUINCHOR,11,Forest and Rainfed Rice,39,0.0009185,0,0.000224403,2,2,Tropics lowland; semi-arid with soil/terrain limitations,14788.40428,2.461042483,14487.64442,2.401001726,13761.7339,2.25972642,14396.60925,2.353156137,0.010561,0.004570384,0,0.002083507,0.038293217,0,0.01997981,1,0.015975802,0.554690181,0.553308795,0.286497326,0.64515689,0.095953646,0,0.021708888,0.066068461,0.738116475,0.712392699,0.83631919,0.637470631,1,0.982764547,1,0.971350488,0.689655254,0.651303805,0.625438194,0.634688659,0.838235261,0.723106581,0.975742599,0.614568332,0.444017106,0.168589746,0.212828489,0.123601868,0.959392781,0.983327053,0.979722608,0.975946235
493,SINDIAN,ZIGUINCHOR,11,Forest and Rainfed Rice,37,0,0,0,0,2,Tropics lowland; semi-arid with soil/terrain limitations,9675.516333,2.817564453,9597.309348,2.768188448,8859.135871,2.541347066,9420.014147,2.700692129,0.0052805,0,0,0.004167014,0,0,0.014721965,1,0,0.437492278,0.364201611,0.181499422,0.547679803,0.103567513,0.143079982,0.092724333,0.066068461,0.860753544,0.880878828,0.932125997,0.760688742,1,0.930593569,0.988814967,0.935979527,0.758620707,0.757428804,0.788182313,0.539390145,0.85294113,0.686927164,0.554950478,0.59044872,0.497605135,0.410103532,0.235386261,0.06330662,0.947320659,0.968449593,0.959158671,0.963618216
494,SUELLE,ZIGUINCHOR,11,Forest and Rainfed Rice,27,0.005147595,0,0.00889649,2,2,Tropics lowland; semi-arid with soil/terrain limitations,12340.34836,2.899517942,12435.68759,2.905534483,12211.70063,2.843898609,12929.09015,2.989385005,0.0052805,0.018281536,0,0.005208767,0.049234136,0,0.025237655,0.930064414,0.109700507,0.320027592,0.31946425,0.145072102,0.413545597,0.038870983,0.05720907,0.106871463,0.144500042,0.911521714,0.949720077,0.976448244,0.89992058,1,0.92337495,0.935056166,1,0.862068886,0.878714311,0.875813833,0.76175353,0.970588262,0.759285995,0.505445575,0.650747747,0.493463789,0.483382866,0.167146931,0.071916117,0.951329792,0.982468694,0.965455613,0.973528317
495,SOKONE,FATICK,7,Small Coast Fishing and Tourism,11,0,0,0,0,1,Tropics lowland; semi-arid no soil/terrain limitations,24650.2939,28.36627607,23842.02608,27.43616349,24508.79897,28.20345106,22392.35129,25.50381696,0.349569111,0.027422303,0,0.351070923,0,0.112107623,0.137755531,0.089829543,0.118220935,0.455926842,0.459490115,0.453496393,0.436081624,0.443146015,0.332432357,0.267542441,0.399531328,0.390091894,0.386452375,0.371275946,0.392706983,0.555725705,0.574684076,0.569300603,0.684049872,0.862068886,0.757428804,0.662994494,0.76175353,0.397058827,0.57838877,0.765346611,0.518089744,0,0.040055171,0.011966133,0.209571773,0.798708529,0.897084345,0.907025341,0.89406098
496,SADIO,DIOURBEL,9,Agropastoral Groundnut,46,0,0.000118333,0,1,2,Tropics lowland; semi-arid with soil/terrain limitations,24478.02385,3.29138414,26130.72703,3.506538786,27105.98194,3.622825708,30118.52462,4.00618843,0.592472119,0,0,0.005208767,0,0,0.001051569,0,0.460103097,0.954101918,0.853229406,1,0.836968958,0.847062155,0.994381449,0.6,0.595825072,0.262588183,0.208937437,0.256542714,0.227994849,0.275341343,0.45711771,0.523947328,0.621299552,0.22413793,0.257125547,0.350025021,0.269377316,0.382352959,0.361312131,0.691089109,0.57838877,0,0.07673011,0.107632763,0.243697144,0.710160432,0.792007532,0.833146659,0.776889251
497,TAIF,DIOURBEL,9,Agropastoral Groundnut,48,0,0.000100361,0,1,2,Tropics lowland; semi-arid with soil/terrain limitations,24941.40696,3.81658867,26346.82938,4.020575214,27050.85989,4.08561545,29623.91876,4.450040373,0.676960122,0,0,0.00312526,0,0,0.002103138,0,0.37489882,0.902731652,0.792522314,0.932688548,0.796409057,0.839671126,0.891777576,0.526602388,0.54794561,0.294055208,0.24520756,0.305317911,0.270550248,0.340016239,0.530330068,0.61074036,0.66250876,0.327586212,0.24196486,0.512769142,0.30114358,0.499999912,0.590448578,0.752970386,0.698986969,0.013007304,0.102694567,0.260312355,0.073270961,0.692877875,0.804820318,0.845193411,0.776191693
498,DIARRERE,FATICK,8,Rainfed Groundnut and Millet,8,0.001168114,0,0.0013391,2,2,Tropics lowland; semi-arid with soil/terrain limitations,36701.48407,3.033180502,36665.39421,3.030197868,37195.8379,3.032186997,38892.36439,3.121377559,0.975836431,0,0,0.012501042,0,0,0.010515689,0.001095482,0.05538278,0.859082741,0.785674319,0.61341191,0.765551975,0.714034474,0.409915024,0.526028566,0.579270178,0.263790821,0.245158382,0.276172779,0.294313274,0.434993533,0.571640724,0.658128923,0.598742763,0.31034485,0.469375365,0.575363126,0.698221001,0.573529435,0.662807554,0.765346611,0.747226335,0,0.022515801,0.069564907,0.360718551,0.745956166,0.885120441,0.860166058,0.860369196
499,DIOUROUP,FATICK,8,Rainfed Groundnut and Millet,0,0.004271047,0,0.018097848,2,2,Tropics lowland; semi-arid with soil/terrain limitations,30456.53214,2.703162522,31020.20435,2.752214032,31482.30888,2.778668039,31883.02402,2.811058369,0.586135519,0.027422303,0.888133031,0.009375781,0.010940919,0,0.032598637,0,0.367443446,0.842808892,0.702152248,0.547703298,0.698991089,0.619178638,0.33056221,0.502991108,0.320982693,0.258316238,0.227581216,0.296530919,0.287518584,0.352058193,0.600749684,0.599946459,0.564180197,0.465517323,0.439053987,0.487731609,0.602922487,0.176470522,0.325132713,0.394059394,0.57838877,0.03009668,0.182277621,0.044617635,0.328058647,0.767225237,0.869170355,0.875468214,0.879270505
500,TATTAGUINE,FATICK,8,Rainfed Groundnut and Millet,8,0.000268733,0.000148602,0.000448019,3,2,Tropics lowland; semi-arid with soil/terrain limitations,35592.19088,3.026289506,36968.70552,3.135332501,37797.39568,3.158468763,38640.42557,3.213875536,0.92619973,0,0,0.016668056,0,0,0.035753344,0.002190964,0.073488689,0.853872973,0.754345109,0.672628749,0.725242398,0.98119267,0.438095658,0.460694588,0.599372549,0.296428276,0.268303314,0.316910794,0.319856904,0.399244352,0.605963355,0.711911199,0.602449221,0.258620655,0.499696741,0.487731609,0.634688659,0.102941176,0.590448578,0.554950478,0.566328965,0,0.181673338,0.024013506,0.31149767,0.717586692,0.862078001,0.846216705,0.841892509
501,KARTIACK,ZIGUINCHOR,11,Forest and Rainfed Rice,2,0.01654499,0.000237098,0.076742029,3,50,Land with severe soil/terrain limitations,7892.883484,4.229841096,8152.24601,4.368834946,8004.936403,4.289890891,7972.722665,4.23405346,0.0031683,0.612431444,0.056689342,0.011459288,0.541575492,0.224215247,0.053630016,0.442574821,0.310995612,0.221642756,0.207521827,0.071087381,0.234907916,0.17809689,0.193332359,0.147291835,0.146877003,0.639068855,0.609761668,0.633251575,0.635855204,0.448858565,0.581953584,0.443531738,0.556060109,0.844827523,0.62098243,0.800701082,0.841168957,0.764705914,0.662807554,0.728217787,0.59044872,0.463694333,0.284221574,0.074277318,0.091622304,0.961837558,1,1,1
502,BALINGHORE,ZIGUINCHOR,11,Forest and Rainfed Rice,24,0,0,0,0,2,Tropics lowland; semi-arid with soil/terrain limitations,6422.808111,3.800478172,6595.04929,3.90239603,7382.326734,4.337442265,7638.076666,4.404888504,0.0063366,0.073126143,0.037792895,0.006250521,0.00547046,0.112107623,0.04942374,0.842425836,0.160823073,0.163378327,0.117376994,0,0.132857592,0.037073068,0.111755021,0.099797898,0.056608522,1,1,1,1,0.989501379,0.93820661,0.859894918,0.873085195,0.620689596,0.666464493,0.738107245,0.666454829,0.499999912,0.490692488,0.542574253,0.481910329,0.231402426,0.247462202,0.030862417,0,0.962017356,1,0.993187476,0.990585857
503,DIEGOUNE,ZIGUINCHOR,11,Forest and Rainfed Rice,23,0.002441075,0,0.009296117,2,2,Tropics lowland; semi-arid with soil/terrain limitations,6848.504305,2.879942937,7111.609621,2.990584365,7055.7227,2.967082717,7472.736248,3.079001338,0.0031683,0.009140768,0,0.006250521,0.049234136,0.112107623,0.043114327,0.925682485,0.099049972,0.26859606,0.230617915,0.05530647,0.240888752,0.071444243,0.05703472,0.098787389,0.077615216,1,1,1,1,0.9989787,0.883571181,0.953985361,0.899187754,0.827586161,0.848392936,0.925888901,0.888818214,0.779411783,0.723106581,0.616831755,0.542209356,0.401145933,0.244764861,0.096276863,0.069697256,0.956951186,0.996561347,0.980239551,0.989659619
504,MANGAGOULACK,ZIGUINCHOR,11,Forest and Rainfed Rice,0,6.62E-05,0.000210699,0.004953679,3,50,Land with severe soil/terrain limitations,14314.89252,3.550320565,14473.11303,3.589561765,14068.94899,3.485864468,14343.68855,3.521651989,0.0010561,1,0.018896447,0.002083507,1,0,0.01997981,0.19170939,0.073488689,0,0,0,0,0,0.035312766,0.048411629,0,0.873250832,0.86771898,0.94535891,0.912991058,0.545866429,0.60788588,0.485047937,0.550851288,0.672413891,0.62098243,0.675513262,0.682337913,0.705882436,0.602508382,0.728217787,0.73801113,0.138816001,0.664899124,0.23147045,0.342509276,0.963870385,1,1,1
505,MLOMP,ZIGUINCHOR,11,Forest and Rainfed Rice,3,0.00081787,0,0.000369083,2,2,Tropics lowland; semi-arid with soil/terrain limitations,3945.474065,2.792267562,3997.760744,2.829271581,4655.817859,3.294987869,4627.522491,3.256525328,0.0021122,0.790676417,0.056689342,0.004167014,0.295404814,0.33632287,0.060990999,0.626615836,0.137391897,0.203910699,0.136449114,0.015231681,0.160319025,0.079710728,0.169729575,0.155375909,0.06611422,0.834309603,0.827593627,0.890060519,0.860511604,0.811684731,0.828920389,0.799379563,0.761501336,0.896551818,0.62098243,0.838257381,0.952350743,0.823529392,0.674867359,0.839603965,0.662807554,0.376859939,0.393112761,0.090164167,0.119486439,0.960243431,1,1,1
506,THIONCK ESSYL,ZIGUINCHOR,11,Forest and Rainfed Rice,3,0,0,0.001257161,1,50,Land with severe soil/terrain limitations,7856.024195,4.834476428,8064.877303,4.963001417,9265.893086,5.702088053,8968.450108,5.505494235,0.0010561,1,0.170068027,0.013542795,0.634573304,0.112107623,0.058887861,0.161035888,0.214075747,0.092846082,0.032893589,0.054453815,0.064713309,0.132297174,0.214145565,0.125060631,0.129923052,0.585624845,0.534915559,0.539543088,0.564685829,0.366294479,0.428616982,0.411717064,0.364060243,0.758620707,0.62098243,0.750626014,0.920584383,0.926470653,0.674867359,0.765346611,0.723106581,0.305097792,0.437875306,0.177559754,0.108826488,0.953651323,1,1,1
507,COUBALAN,ZIGUINCHOR,11,Forest and Rainfed Rice,0,0.006277789,0.000172714,0.006187556,3,2,Tropics lowland; semi-arid with soil/terrain limitations,9920.798337,3.511787022,10233.3904,3.613485312,9886.37534,3.435154739,9960.793267,3.44068852,0.0031683,0.411334552,0,0.004167014,1,0.112107623,0.031547068,0.495157969,0.13526179,0.309091175,0.226841994,0.116131257,0.293540649,0.136967013,0.069091651,0.125565885,0.057049024,0.912799306,0.959043699,0.987151983,0.901942565,0.834654254,0.803343327,0.951341403,0.655285171,0.758620707,0.848392936,0.875813833,0.76175353,0.617647044,0.590448578,0.579702929,0.614568332,0.109967303,0.527866633,0.239374554,0.23669036,0.978247466,0.964670765,0.986240751,0.995675959
508,NIAMONE,ZIGUINCHOR,11,Forest and Rainfed Rice,3,0.003025613,1.70E-05,0.013522411,3,2,Tropics lowland; semi-arid with soil/terrain limitations,11493.79962,3.024684112,11840.2811,3.115863448,11319.0678,2.966212735,11500.65883,3.008281148,0.0010561,0.868372943,0.056689342,0.002083507,0.67833698,0,0.021031379,0.544454669,0.171473608,0.152772988,0.10680279,0.001778679,0.193739993,0.071959141,0.045397169,0.118997575,0.021547047,0.951346502,1,0.988061421,0.931736388,0.848008785,0.817134043,0.706993513,0.711141589,0.741379345,0.848392936,0.863294916,0.888818214,0.735294174,0.614568332,0.530198025,0.606896371,0.318135109,0.233543431,0.079636401,0.297625166,0.969893922,0.98286225,0.99850634,0.994761224
509,OUONCK,ZIGUINCHOR,11,Forest and Rainfed Rice,3,0.0031227,0.000881842,0.002637324,3,2,Tropics lowland; semi-arid with soil/terrain limitations,9634.020227,2.60801847,10180.38898,2.740346968,9789.412597,2.618890475,9890.452558,2.643799133,0.022178101,0.027422303,0,0.00312526,0.284463895,0.112107623,0.046269033,0.782174313,0.167213394,0.354616891,0.303073136,0.167004286,0.395294591,0.074115999,0.057373856,0.048687402,0.068876881,0.863711254,0.920799612,0.900883201,0.849726978,0.859718249,0.790206688,0.90770361,0.812797723,0.758620707,0.666464493,0.808877061,0.793519703,0.573529435,0.626628137,0.715841562,0.457790717,0.227337218,0.414144013,0.299162537,0.176023548,0.967440455,0.967273468,0.976188196,0.972683805
510,TENGHORI,ZIGUINCHOR,11,Forest and Rainfed Rice,32,0.002213202,0,0,1,2,Tropics lowland; semi-arid with soil/terrain limitations,29124.85257,4.232033213,29141.68135,4.218541018,29304.75613,4.209848604,29297.14492,4.196697453,0.0042244,0.009140768,0,0.016668056,0.00547046,0,0.031547068,0.974979186,0.059642994,0.289615015,0.257506657,0.108480644,0.422371495,0.092337202,0.121227883,0.140834881,0.109966192,0.96125619,0.980316399,0.99933145,0.9020566,0.999753676,0.917353889,0.973487426,0.80735706,0.827586161,0.818071557,0.900851365,0.714104086,0.735294174,0.698986969,0.542574253,0.493970134,0.280468349,0.192639158,0.203526398,0.049150834,0.958398339,0.979071848,0.981801579,0.964346633
511,DIAMAGUENE SICAP MBAO,DAKAR,0,Urban Area - Dakar,9,0,0,0,0,56,Dominantly built-up land,85204.35825,137.6483978,84855.47019,137.0847661,83888.93578,135.5233211,84575.44677,136.6323857,0.0031683,0.004570384,0.056689342,0.864655388,0,0,0.026289224,0.03943736,0.105440293,0.148951277,0.254529936,0.339240612,0.23611407,0.480707763,0.35487412,0.492886015,0.659679664,0.060229317,0.04136208,0.017667898,0.042404979,0.053172514,0.061060337,0.040797399,0.064529491,0.482758689,0.499696741,0.512769142,0.634688659,0.970588262,0.916063756,0.728217787,0.819585167,0,0,0,0,0,0,0,0
512,MBAO,DAKAR,0,Urban Area - Dakar,8,0,0,0,0,56,Dominantly built-up land,181319.1933,79.21327798,183446.6545,80.00290207,189253.667,82.35581678,188243.4245,81.77385946,0.0052805,0.009140768,0.283446712,0.588590716,0.010940919,0.112107623,0.231345167,0.051487665,0.151237592,0.154561796,0.171826706,0.246301208,0.248493014,0.392386897,0.322146549,0.412045271,0.390071388,0.11251262,0.130256275,0.110556853,0.175144383,0.123533276,0.196368885,0.176668869,0.120212003,0.362068938,0.287446923,0.249874812,0.380559102,0.35294113,0.204534515,0.171287184,0.409551352,0,0,0,0,0,0,0,0
513,THIAROYE GARE,DAKAR,0,Urban Area - Dakar,10,0,0,0,0,56,Dominantly built-up land,22517.0822,116.067434,22614.64495,116.5703348,22505.06815,116.0055059,22859.53053,117.8326316,0.0010561,0,0.113378685,0.874031169,0,0,0.010515689,0.001095482,0.150172539,0.150554282,0.275205744,0.354588404,0.256110825,0.536542793,0.394147205,0.57170574,0.729446717,0.068893625,0.118798912,0.121735649,0.110094915,0.061542876,0.056478345,0.118964162,0.076585615,0.068965557,0.135839949,0.087130692,0.031130846,0.397058827,0.361312131,0,0.288953296,0,0,0,0,0,0,0,0
514,THIAROYE SUR MER,DAKAR,0,Urban Area - Dakar,7,0,0,0,0,56,Dominantly built-up land,49172.32015,114.3542329,48850.66666,113.6062015,49401.01505,114.8860815,49510.72525,115.1412215,0,0.004570384,0.245653817,0.971955996,0.010940919,0,0.003154707,0.001095482,0.046862352,0.211468494,0.254529936,0.31366096,0.235161843,0.480707763,0.455862054,0.47065481,0.728264225,0.052183888,0.043215269,0.018223667,0.029894194,0.018033571,0.032951575,0,0,0.258620655,0.105518483,0.012018016,0.332909753,0.779411783,0.240713932,0.406435622,0.518089744,0,0,0,0,0,0,0,0
515,TIVAOUANE DIACKSAO,DAKAR,0,Urban Area - Dakar,8,0,0,0,0,56,Dominantly built-up land,21441.19541,166.2108171,20828.12455,161.4583299,20517.57174,159.0509437,20409.08568,158.2099665,0,0,0.07558579,0.985498792,0,0,0,0,0.051122566,0.155363299,0.275205744,0.345209198,0.211356182,0.511163234,0.366095002,0.44236055,0.724716747,0.031760877,0.035008288,0,0.018305255,0.007342713,0,0,0,0.327586212,0.454214675,0.312468722,0.205844974,0.720588305,0.542209356,0.418811847,0.57838877,0,0,0,0,0,0,0,0
516,NDIEYENE SIRAKH,THIES,8,Rainfed Groundnut and Millet,17,0,0,0,0,2,Tropics lowland; semi-arid with soil/terrain limitations,27129.04995,6.086840913,29190.2829,6.296437209,29694.73214,6.324756579,31913.31182,6.797297512,0.862833728,0,0,0.031252604,0,0,0.012618827,0,0.149107485,0.827824133,0.793898828,0.882805108,0.835064505,0.931292552,1,1,0.948535369,0.23895453,0.231022753,0.253979808,0.235367389,0.362913819,0.408866349,0.449913067,0.534425947,0.120689648,0.226804169,0.262393579,0.317026668,0.294117652,0.674867359,0.455940671,0.433671107,0.011613232,0.873250618,0.357658518,0.407111124,0.77568753,0.910033611,0.917099948,0.86384993
517,NGOUDIANE,THIES,8,Rainfed Groundnut and Millet,31,0.000654031,0,0,1,2,Tropics lowland; semi-arid with soil/terrain limitations,30032.86131,8.615278632,30914.91983,8.637865279,31727.6262,8.635717527,33170.222,9.025910747,0.500591416,0,0.056689342,0.073964497,0,0,0.05993943,0,0.419631065,0.765707667,0.804686206,0.870528792,0.833160052,0.964949752,0.65222748,0.852627324,0.693971944,0.218308336,0.212858679,0.243048139,0.220828229,0.34757635,0.406231627,0.533826564,0.541986312,0.051724091,0.090357795,0.224837277,0.317026668,0.382352959,0.57838877,0.728217787,0.518089744,0.014499641,0.643044194,0.287035467,0.688127664,0.770925256,0.899140972,0.910886735,0.845743328
518,THIENABA,THIES,8,Rainfed Groundnut and Millet,29,0,0,0,0,2,Tropics lowland; semi-arid with soil/terrain limitations,31670.49354,6.189269794,33566.96297,6.426759136,34577.9557,6.471636851,37383.73047,6.966777949,0.810028726,0,0,0.02083507,0,0,0.073609826,0.004381929,0.146977378,0.818772323,0.837273077,0.861918177,0.838873411,0.746685543,1,0.555537591,0.723534255,0.305809832,0.336227785,0.349017396,0.327703131,0.45115604,0.482530165,0.627035096,0.616940003,0.155172373,0.332928989,0.387581323,0.650571744,0.705882436,0.698986969,0.901485242,0.964302978,0.601810583,0.523879126,0.216301934,0.861115039,0.74326344,0.88755488,0.909699119,0.849004839
519,TOUBA TOUL,THIES,8,Rainfed Groundnut and Millet,22,0.000123001,0,0,1,2,Tropics lowland; semi-arid with soil/terrain limitations,51642.06084,7.225697613,53856.1321,7.499809512,57715.75036,7.906267173,61619.40499,8.275504296,0.858609327,0,0,0.033336111,0,0,0.00946412,0,0.154432753,0.783167185,0.833452547,0.885536645,0.838873411,0.940585375,0.511966461,0.750783534,0.831197261,0.261178406,0.280026485,0.289017205,0.263375676,0.340687024,0.396058159,0.470492766,0.520517478,0.258620655,0.272286235,0.299949956,0.459974528,0.661764654,0.590448578,0.530198025,0.662807554,0.371263033,0.741672734,0.286951716,0.939248092,0.772526485,0.896901376,0.921190975,0.870058642
520,THIES NORD,THIES,8,Rainfed Groundnut and Millet,59,0,0,0,0,2,Tropics lowland; semi-arid with soil/terrain limitations,103023.096,23.11489702,101453.6638,22.76276953,103849.1346,23.30023213,101340.2863,22.73733146,0.059141602,0,0,0.195849654,0,0.112107623,0.522629764,0.047105736,0.228986495,0.675538604,0.713892443,0.686698815,0.698896123,0.558876805,0.707797858,0.571279208,0.627752368,0.338667492,0.420176242,0.401495887,0.374774858,0.574590345,0.613190437,0.725590065,0.666457987,0.362068938,0.393571921,0.350025021,0.444091444,0.720588305,0.698986969,0.666336659,0.843704779,0,0.187473566,0.316943262,0.533863008,0.60560598,0.873367872,0.853467307,0.79682358
521,THIES OUEST,THIES,8,Rainfed Groundnut and Millet,92,0,0,0,0,56,Dominantly built-up land,72903.65575,47.40159672,68742.92195,44.69630816,66166.02797,43.02082443,62780.86586,40.81980875,0.0010561,0,0.018896447,0.783398617,0,0,0.097795911,0.004381929,0.156562859,0.64267699,0.669843983,0.710145572,0.691278312,0.583241182,0.599395829,0.72934519,0.660862156,0.214577773,0.227450675,0.197876007,0.198328879,0.259365182,0.322145796,0.325639479,0.345588593,0.258620655,0.029714951,0,0.015247761,0.441176434,0.313072909,0.394059394,0.38543174,0,0,0,0,0,0,0,0
522,THIES EST,THIES,8,Rainfed Groundnut and Millet,69,0,0,0,0,56,Dominantly built-up land,88366.90795,50.12303343,83353.39381,47.27929314,82100.48004,46.56862169,78310.36858,44.41881372,0.036963501,0,0,0.761521793,0,0,0.108311601,0.00985934,0.127806416,0.596189829,0.609614457,0.705029642,0.64081031,0.675622777,0.744332215,0.705092967,0.607649996,0.19580191,0.19530915,0.197876007,0.180405203,0.22986173,0.279263046,0.319497366,0.335426948,0.534482777,0.363250364,0.375062556,0.539390145,0.441176434,0.38543174,0.604455527,0.638687942,0,0.040167875,0.213064938,0.37804934,0.617234316,0.867516088,0.838449317,0.797503995
523,NIANDANE,SAINT LOUIS,2,"Delta Rice, Horticulture, and Agricultural Labor",7,0,0,0,0,52,Dominantly hydromorphic soils,5074.566579,5.110338951,5552.940781,5.536331786,5781.192679,5.723953148,5547.364385,5.487007305,0.015841501,0.123400366,0,0.012501042,0,1,0.32808951,0.013145787,0.640097133,0.67957274,0.660854501,0.766420808,0.576058912,0.692805338,0.743864678,0.835448666,0.889083196,0.43722711,0.451901967,0.427254451,0.454470757,0.263011676,0.275797179,0.259848354,0.31688609,0.741379345,0.560339676,0.587881893,0.682337913,0.941176522,0.38543174,0.802475289,0.650747747,0.054960012,0,0.505114503,0,0.506989464,0.640640999,0.743597129,0.706195166
524,FANAYE,SAINT LOUIS,6,Sylvopatoral Livestock and Gathering,34,0,0.003687473,0.000278611,2,53,Desert/Arid climate,55599.1461,3.689882274,56420.74749,3.709938683,57111.17527,3.745731965,57489.40705,3.756986476,0.0021122,0.02285192,0.018896447,0.002083507,0,0.560538117,0.018928241,0.001095482,1,0.818090826,0.922016396,0.766308058,0.78060074,0.814528936,0.841373974,1,0.872679726,0.141045648,0.136044227,0.065609546,0.07683152,0.157982038,0.112077127,0.122586749,0.128119904,0.413793029,0.393571921,0.224837277,0.189961889,0.676470522,0.337192518,0.616831755,0.650747747,0.176673733,0.319565033,0.581019476,0.545486199,0.574068913,0.726596684,0.737768102,0.71528915
525,NDIAYENE PEINDAO,SAINT LOUIS,6,Sylvopatoral Livestock and Gathering,39,0,0.002506203,0.000476811,2,53,Desert/Arid climate,46379.76929,3.107730454,48806.52884,3.253334812,49405.92088,3.275385898,50914.69912,3.358046374,0.0010561,0.027422303,0.056689342,0.001041753,0,0.448430493,0.018928241,0.002190964,1,0.870267002,0.927814761,0.851778004,0.821423892,0.832245629,0.869326059,0.931729118,0.88038886,0.148134864,0.115158677,0.076965339,0.071725362,0.125410871,0.146345407,0.179546593,0.158294351,0.637930959,0.454214675,0.324987488,0.364675922,0.676470522,0.469850522,0.889108869,0.843704779,0.467953744,0.612851189,0.608458326,0.572474787,0.58139528,0.733910711,0.742659746,0.767830588
526,KARANG POSTE,FATICK,7,Small Coast Fishing and Tourism,39,0,0,0,0,2,Tropics lowland; semi-arid with soil/terrain limitations,22183.98173,21.94261299,21821.24569,21.58382363,23209.62943,22.95710132,21534.03666,21.27869235,0.437225414,0,0,0.241686807,0,0,0.093589636,0.258533807,0.014910749,0.588976304,0.684227153,0.498687112,0.585581176,0.528421334,0.250145893,0.367582862,0.423181176,0.420912075,0.411338057,0.399620167,0.407983311,0.588378403,0.617243738,0.692244164,0.727250984,0.586206868,0.454214675,0.575363126,0.666454829,0.514705957,0.469850522,0.678712884,0.554269161,0,0,0,0,0,0,0,0
527,KEUR SALOUM DIANE,FATICK,7,Small Coast Fishing and Tourism,20,0,0,0.000287981,1,2,Tropics lowland; semi-arid with soil/terrain limitations,26001.075,4.64222014,26004.63404,4.590403185,25959.00957,4.541464236,28072.50365,4.816006802,0.590359919,0.182815356,0,0.008334028,0,0,0.121981997,0.277157005,0.02449623,0.708750992,0.787606191,0.686820141,0.725044326,0.504056957,0.606704166,0.304459961,0.353433287,0.348268347,0.337631991,0.356625652,0.32909949,0.687558899,0.719417055,0.641183816,0.75253753,0.258620655,0.484536053,0.387581323,0.269377316,0.661764654,0.662807554,0.666336659,0.530149548,0.166400988,0.386064583,0.273305499,0.118838321,0.815850095,0.889310694,0.88927738,0.91073312
528,KEUR SAMBA GUEYE,FATICK,7,Small Coast Fishing and Tourism,35,0.001216656,0,0,1,2,Tropics lowland; semi-arid with soil/terrain limitations,28293.73842,4.936963605,28725.27897,4.977521915,28411.56955,4.886750869,30375.70967,5.190654421,0.63682832,0.004570384,0,0.009375781,0,0,0.076764533,0.327549187,0.014910749,0.724227393,0.782811801,0.727198674,0.698919929,0.478357167,0.613827129,0.304931285,0.391074148,0.392530602,0.388939998,0.394349601,0.344337727,0.748229394,0.733562662,0.647098975,0.814651531,0.103448282,0.332928989,0.500250375,0.444091444,0.720588305,0.506029939,0.728217787,0.518089744,0.007711559,0.187041997,0.320957955,0.262012074,0.812849298,0.882413522,0.911863032,0.898796734
529,NIORO ALASSANE TALL,FATICK,7,Small Coast Fishing and Tourism,19,0,0.000789401,0.000657573,2,2,Tropics lowland; semi-arid with soil/terrain limitations,32100.46038,5.06396283,33202.69481,5.202553244,34836.55545,5.437264781,37320.16043,5.66745033,0.822701926,0.004570384,0,0.015626302,0,0,0.065197274,0.120503045,0.034081711,0.68015957,0.730502961,0.720661651,0.678407039,0.610743879,0.646617039,0.307542028,0.413275014,0.345747306,0.337155833,0.333381696,0.319249691,0.680644977,0.675044493,0.560847321,0.831061614,0.362068938,0.590661052,0.337506255,0.55527323,0.558823566,0.843704779,0.728217787,0.638687942,0.199732039,0.222996404,0.440585284,0.122580972,0.81713911,0.901687274,0.914451897,0.90342083
530,TOUBACOUTA,FATICK,7,Small Coast Fishing and Tourism,4,0.002656386,0,0.00011991,2,2,Tropics lowland; semi-arid with soil/terrain limitations,56116.84505,6.343753679,57756.96506,6.486631296,59340.44516,6.653262155,59961.6653,6.649109037,0.105610003,1,0.018896447,0.005208767,0.579868709,0,0.043114327,0.352745278,0.062838154,0.122768852,0.111453286,0.124836617,0.148580262,0.080702801,0.104346362,0.092325791,0.121824999,0.681121521,0.661003735,0.662471304,0.624350952,0.649590732,0.669498053,0.813137519,0.778656708,0.517241414,0.484536053,0.487731609,0.571156318,0.514705957,0.723106581,0.493069349,0.59044872,0.281638838,0.229231715,0.428228378,0.230165042,0.856320916,0.958418454,0.963116904,0.958587739
531,RANEROU,MATAM,6,Sylvopatoral Livestock and Gathering,34,0,0,0,0,53,Desert/Arid climate,3987.437012,6.182072887,4467.522785,6.90498112,5478.798723,8.468004208,5445.918374,8.417184503,0.0010561,0,0.056689342,0.030210851,0,0,0.007360983,0,1,0.990529197,0.799292517,0.990669094,0.882675828,0.76698919,0.861683934,0.626273242,0.762556505,0.127068263,0.106885553,0.160361597,0.120630314,0.159418093,0.383297773,0.380518882,0.339628325,0.22413793,0.393571921,0.650475727,0.507623785,0.411764696,0.626628137,0.765346611,0.614568332,0,0,0,0,0,0,0,0
532,LOUGRE THIOLY,MATAM,6,Sylvopatoral Livestock and Gathering,51,0,0,0,0,53,Desert/Arid climate,9738.149708,1.180095699,10096.36107,1.221137043,10777.60607,1.297568754,11262.23487,1.350387875,0.0010561,0,0,0,0,0,0.058887861,0.015336751,0.983044349,0.89842201,0.892562164,0.82716998,0.817924429,0.685749841,0.783803014,0.861966639,0.700384695,0.188186922,0.175945563,0.183959173,0.150156756,0.240446821,0.323815723,0.264083702,0.295871981,0.758620707,0.772589491,0.625438194,0.745870446,0.735294174,0.626628137,0.901485242,0.783405752,0.736848138,0.784793178,0.439951708,0.371798515,0.751594429,0.834613072,0.846933922,0.777957602
533,OUDALAYE,MATAM,6,Sylvopatoral Livestock and Gathering,58,0,0,0,0,53,Desert/Arid climate,48351.70283,1.191075325,50319.50439,1.237446006,52324.56577,1.281271506,55327.69034,1.349752149,0.0031683,0,0,0,0,0,0.515268781,0.007668376,0.527201466,0.959645029,0.802915657,0.871181056,0.830375023,0.796355617,0.735327239,0.483264086,0.633697626,0.224551849,0.209545164,0.240856617,0.204170236,0.347285927,0.531985965,0.465476038,0.465200029,0.327586212,0.666464493,0.525287908,0.666454829,0.485294043,0.674867359,0.839603965,0.711046776,1,0.921820125,0.70425572,1,0.931125816,0.934111359,0.919491858,0.917374524
534,VELINGARA,MATAM,9,Agropastoral Groundnut,52,0,0.000376463,0,1,2,Tropics lowland; semi-arid with soil/terrain limitations,30811.7495,0.972470316,32660.06046,1.027659937,33881.6252,1.0627529,35998.94341,1.126551194,0.027458601,0,0,0,0,0,0.553125263,0.002190964,0.473948792,0.967954375,0.828022854,0.903467135,0.904578352,0.791279492,0.74270814,0.369540935,0.655835174,0.26065395,0.226997557,0.246193739,0.216464714,0.412005511,0.650644768,0.513907337,0.470569975,0.500000052,0.651303805,0.462694074,0.602922487,0.632352913,0.747226191,0.814851515,0.602508525,1,0.642690756,0.4287013,0.524692397,0.916202824,0.860617464,0.890099874,0.852540882
535,KEUR MADIABEL,KAOLACK,10,Rainfed Groundnut and Cereals,25,0,0,0,0,2,Tropics lowland; semi-arid with soil/terrain limitations,11586.96748,19.50667925,11652.51565,19.51845167,12275.94222,20.56271728,11931.74383,19.98617057,0.700194322,0,0,0.225018752,0,0,0.060990999,0.020814162,0.045797299,0.813397083,0.774121969,0.693092471,0.689373859,0.589332276,0.713942328,0.310994341,0.450378502,0.250472762,0.218738756,0.255814929,0.251532642,0.619870852,0.627729451,0.684710018,0.653909562,0.293103487,0.499696741,0.437656541,0.174078709,0.661764654,0.891944001,0.666336659,0.638687942,0,0,0,0,0,0,0,0
536,KEUR MABA DIAKHOU,KAOLACK,10,Rainfed Groundnut and Cereals,38,0,0,0,0,2,Tropics lowland; semi-arid with soil/terrain limitations,30106.29715,3.61246666,30624.8746,3.650163838,30687.70328,3.635122398,33066.81706,3.887469676,0.875506928,0.08226691,0,0.009375781,0,0,0.046269033,0.089829543,0.015975802,0.934394339,0.872053694,0.760126411,0.740798177,0.280034339,0.518979512,0.337267583,0.295582351,0.300821763,0.275565314,0.296494352,0.282660891,0.612980108,0.675198591,0.677967968,0.727739596,0,0.226804169,0.375062556,0.475857616,0.573529435,0.807525362,0.715841562,0.530149548,0.046654268,0.246120065,0.010658884,0.174003849,0.865326314,0.914450521,0.921790314,0.910589202
537,KEUR MANDONGO,KAOLACK,10,Rainfed Groundnut and Cereals,22,0,0,0,0,1,Tropics lowland; semi-arid no soil/terrain limitations,12518.23809,3.622175374,13101.16248,3.779908389,14027.17263,4.038920998,15059.86402,4.330035658,0.95049003,0,0,0.013542795,0,0,0.026289224,0.051487665,0.013845695,0.849464708,0.830277887,0.742540573,0.693182765,0.6167422,0.751345266,0.339288601,0.385341419,0.287480603,0.249072182,0.287111673,0.268452929,0.661371249,0.654443969,0.787847907,0.750191621,0.241379293,0.363250364,0.437656541,0.428208359,0.544117697,0.916063756,0.616831755,0.747226335,0,0.055136688,0.05782897,0.039366765,0.842026265,0.883412502,0.881266377,0.907066208
538,NDRAME ESCALE,KAOLACK,10,Rainfed Groundnut and Cereals,21,0,0,0,0,2,Tropics lowland; semi-arid with soil/terrain limitations,30658.23337,3.975393331,32034.2498,4.130786564,33010.98242,4.25399258,34697.62346,4.466738345,0.95154613,0,0,0.013542795,0,0,0.048372171,0.016432233,0.025561283,0.8328049,0.850334891,0.79370577,0.735080728,0.492058339,0.739617008,0.315036378,0.317116263,0.268107872,0.258719485,0.273476305,0.258117869,0.535373879,0.60945007,0.627256061,0.748804614,0.327586212,0.378411233,0.350025021,0.444091444,0.632352913,0.807525362,0.703465334,0.566328965,0.122772119,0.148817757,0.200438818,0.074514866,0.80758311,0.870411451,0.878710748,0.891795909
539,WACK NGOUNA,KAOLACK,10,Rainfed Groundnut and Cereals,25,0,0,0,0,2,Tropics lowland; semi-arid with soil/terrain limitations,44541.3048,4.399141215,45665.66575,4.487585078,45729.77733,4.459266439,48027.37879,4.653364866,0.813197026,0.306215722,0,0.012501042,0.010940919,0,0.045217464,0.098593401,0.015975802,0.904559925,0.837074682,0.760463359,0.70782326,0.312110265,0.349388356,0.339288601,0.38731224,0.300413729,0.280694105,0.296649817,0.287652352,0.63559079,0.684715324,0.657492509,0.716683893,0.137931011,0.348089676,0.312468722,0.444091444,0.617647044,0.747226191,0.579702929,0.542209356,0.08038424,0.287949707,0.066143533,0.125395191,0.856572395,0.897172115,0.896819554,0.917259494
540,MEDINA GOUNASS,DAKAR,0,Urban Area - Dakar,7,0,0,0,0,56,Dominantly built-up land,16356.3416,177.7863217,15979.91463,173.6947242,15507.87518,168.5638607,15692.8429,170.5743793,0,0.004570384,0,1,0,0,0.001051569,0,0.028756444,0.061587474,0.229359388,0.249711829,0.156127048,0.418781638,0.290354052,0.502991108,0.595825072,0.055278284,0.018064845,0.042260677,0.029235731,0,0.015064182,0.02932495,0.037677215,0,0,0,0,0.323529392,0.156295148,0.109405981,0.264833542,0,0,0,0,0,0,0,0
541,NDIAREME LIMAMOULAYE,DAKAR,0,Urban Area - Dakar,10,0,0,0,0,53,Desert/Arid climate,21646.12807,142.4087373,21601.25801,142.1135395,20431.68533,134.4189824,20853.95806,137.1970925,0,0,1,0.871947662,0,0,0.004206276,0.001095482,0.067098368,0,0,0,0,0.061437445,0,0.118997575,0.286012054,0,0,0,0,0,0,0,0,0.120689648,0.120679171,0.212318511,0.110546368,0.485294043,0.288953154,0.369306944,0.433671107,0,0,0,0,0,0,0,0
542,WAKHINANE NIMZATT,DAKAR,0,Urban Area - Dakar,10,0,0,0,0,56,Dominantly built-up land,58495.31462,127.4407726,59257.41055,128.8204577,57733.28567,125.234893,58997.81188,127.9778999,0,0.018281536,1,0.741728477,0.00547046,0,0.008412552,0.018623198,0.185319303,0,0,0.047632574,0,0.377159161,0.251080966,0.280679062,0.404261297,0,0.012770019,0,0,0,0,0.000986288,0,0.103448282,0.120679171,0.124686993,0,0.411764696,0.264833542,0.31980204,0.409551352,0,0,0,0,0,0,0,0
543,HAMADY HOUNARE,MATAM,4,Dieri Millet and Remittances,22,0,0,0.003150315,1,53,Desert/Arid climate,14201.37701,20.58170581,15032.3006,21.7859429,16408.86057,23.78095734,15681.28609,22.72650158,0.0063366,0.009140768,0.056689342,0.126052171,0,0,0.034701775,0.001095482,0.88505943,1,0.763334591,0.889203139,0.879819148,0.948706834,0.698981153,0.675788197,0.82286362,0.197001605,0.154538989,0.192457259,0.162771908,0.21146351,0.517761631,0.346443995,0.350405769,0.810344798,0.833232245,0.713069562,0.698221001,0.102941176,0.638687942,0.542574253,0.602508525,0,0,0,0,0,0,0,0
544,NDENDORY,MATAM,4,Dieri Millet and Remittances,85,0.000999703,0.000288274,0.004134916,3,53,Desert/Arid climate,58180.69533,5.405118481,58424.79421,5.399204714,58911.20233,5.43110559,61299.27418,5.635678421,0.0031683,0.02285192,0.037792895,0.002083507,0,0,0.687726087,0.005477411,0.342947216,0.889409557,0.78836195,0.865595089,0.857624539,0.871823662,0.665085692,0.452317031,0.619392115,0.252382212,0.186283658,0.274522073,0.210535955,0.43642157,0.566379929,0.559196848,0.443699443,0.275862121,0.651303805,0.600400659,0.52350687,0.573529435,0.843704779,1,0.747226335,0.581056739,0.244192295,0.472255673,0.633742827,0.902983473,0.891831565,0.887508141,0.899531763
545,WOURO SIDY,MATAM,4,Dieri Millet and Remittances,71,0.000420235,0.000446393,0.004786876,3,2,Tropics lowland; semi-arid with soil/terrain limitations,54230.40074,4.104321558,55107.32332,4.146837484,56614.27994,4.234743058,59972.73075,4.464249721,0.0021122,0.009140768,0,0.001041753,0,0,0.742407672,0.003286447,0.300345077,0.899476265,0.799170948,0.87668609,0.871225083,0.833669287,0.671112352,0.3694655,0.574480465,0.25232506,0.204486355,0.291010673,0.231133115,0.404139777,0.614826478,0.626039276,0.56486286,0.31034485,0.514857428,0.600400659,0.666454829,0.602941176,0.831644972,0.93861392,0.771345945,0.750786838,0.316247516,0.548991214,0.558763707,0.937991822,0.921859739,0.915546313,0.926269149
546,MBEULEUKHE,LOUGA,6,Sylvopatoral Livestock and Gathering,22,0,0,0,0,53,Desert/Arid climate,1939.012499,9.322175477,2067.775007,9.662500033,2419.326533,11.1489702,2341.797959,10.79169566,0.256632308,0,0,0.086465539,0,0,0.018928241,0,0.69761002,0.898356378,1,0.970205372,0.981707378,0.983223035,0.847657832,1,0.86661584,0.243046213,0.220062463,0.17161592,0.165142373,0.280249649,0.193673775,0.223414819,0.451147473,0.655172528,0.499696741,0.350025021,0.428208359,0.441176434,0,0.468316897,0.747226335,0,0,0,0,0,0,0,0
547,KAMB,LOUGA,6,Sylvopatoral Livestock and Gathering,45,0,0.000236417,0,1,53,Desert/Arid climate,12309.08502,1.377779832,12509.42389,1.397076601,12282.53405,1.36411973,12912.66036,1.420847311,0.497423116,0,0,0.001041753,0,0,0.006309414,0,0.554892856,0.900680635,1,1,1,0.809429677,0.916242703,0.975406047,0.919490145,0.250928735,0.224508525,0.203502221,0.153271399,0.266438809,0.24090433,0.346635084,0.320463358,0.551724143,0.499696741,0.400100089,0.174078709,0.514705957,0.301012959,0.554950478,0.518089744,0.008575146,1,0.759608673,1,0.661720232,0.808576373,0.839351983,0.753569212
548,MBOULA,LOUGA,6,Sylvopatoral Livestock and Gathering,42,0,0.001757651,3.58E-05,2,53,Desert/Arid climate,12841.93284,1.355206082,12878.63927,1.356788798,12514.96307,1.314596962,13146.10536,1.377132345,0.234454208,0,0,0.001041753,0,0,0.012618827,0,0.813700848,0.830515687,0.958178808,0.971362283,0.976582268,0.865223696,0.910163517,0.994372317,0.994300363,0.219001917,0.187002672,0.165449557,0.13670985,0.229981355,0.224863285,0.196367207,0.256428635,0.689655254,0.727107246,0.400100089,0.317026668,0.705882436,0.469850522,0.62920798,0.662807554,0.011029739,1,0.71261321,0.951080046,0.665116189,0.804495023,0.832279195,0.721082215
549,TESSEKERE FORAGE,LOUGA,6,Sylvopatoral Livestock and Gathering,48,0,0,0,0,53,Desert/Arid climate,15763.80396,1.10708645,15389.97958,1.080225983,15364.46674,1.078056886,16247.98549,1.139250139,0.019009801,0,0,0,0,0,0.008412552,0,1,0.91838688,1,0.931049073,0.974089567,0.90456038,0.914959109,0.988089156,0.90090812,0.196094311,0.178923397,0.135721263,0.116410892,0.212206629,0.236750022,0.200408896,0.252992085,0.517241414,0.651303805,0.412619006,0.269377316,0.897058913,0.530149548,0.592079302,0.57838877,0.012053403,1,0.628813415,0.95709548,0.664049799,0.801309138,0.827227364,0.745419943
550,YANG YANG,LOUGA,6,Sylvopatoral Livestock and Gathering,49,0,8.52E-07,0,1,53,Desert/Arid climate,6361.616788,1.310592663,6442.566808,1.323996467,6233.701516,1.269076041,6548.867289,1.332424677,0.151022305,0,0,0.001041753,0,0,0.003154707,0,0.907425553,0.950380673,1,0.955582337,1,0.865388358,0.84987332,1,0.893689069,0.225112321,0.189554286,0.16276748,0.124118721,0.246652712,0.214458477,0.323770211,0.381265452,0.482758689,0.560339676,0.324987488,0.237611146,0.573529435,0.156295148,0.431188221,0.638687942,0,1,0.747061931,1,0.678289958,0.824672781,0.84353525,0.736882757
551,YEUMBEUL NORD,DAKAR,0,Urban Area - Dakar,9,0,0,0,0,56,Dominantly built-up land,119860.9139,133.3269342,120011.979,133.4949711,119435.0909,132.5583694,121769.2475,134.9991658,0.0010561,0.02285192,0.207860922,0.777148096,0,0.112107623,0.034701775,0.041628325,0.169343501,0.059984468,0.200593047,0.234364037,0.150413689,0.467510392,0.338042798,0.447413096,0.529605496,0.13635145,0.14871468,0.1100645,0.130243865,0.066929742,0.072779664,0.094135727,0.129376826,0.137931011,0.120679171,0.062093159,0.094663283,0.632352913,0.361312131,0.344554491,0.409551352,0,0,0,0,0,0,0,0
552,YEUMBEUL SUD,DAKAR,0,Urban Area - Dakar,11,0,0,0,0,56,Dominantly built-up land,44684.13233,169.258077,43860.93745,166.1399146,43366.625,164.2675189,43507.9076,164.8026803,0,0,0.037792895,0.997999833,0,0,0.002103138,0,0.038341925,0.147348271,0.300376292,0.37249416,0.264680863,0.520299875,0.33056221,0.565642684,0.573357716,0.055030732,0.022035964,0.00919242,0.016066483,0,0.024580628,0.027441414,0.073754253,0.60344823,0.545178807,0.56284436,0.237611146,0.85294113,0.78340575,0.431188221,0.530149548,0,0,0,0,0,0,0,0
553,ZIGUINCHOR,ZIGUINCHOR,11,Forest and Rainfed Rice,25,0,0,0,0,56,Dominantly built-up land,156294.1707,46.89294052,156567.5326,46.97495727,154841.2038,46.44307253,147329.1938,44.15019291,0.0031683,0.02285192,0,0.696933078,0.092997812,0.112107623,0.085177084,0.199377766,0.041537085,0.358143503,0.397912167,0.352030438,0.416084868,0.484768492,0.298769713,0.498274516,0.092083295,0.371339498,0.373391804,0.336366704,0.317421351,0.422545795,0.443039907,0.43236273,0.407718026,0.706896616,0.893874998,0.775663546,1,0.720588305,0.723106581,0.715841562,0.626628137,0.289948504,0.051097526,0.036069882,0,0.953959763,0.957094267,0.971758789,0.98956851
