fid,REGION,COMMUNE,AEZclass,AEZclassname,popsum2021,popmean2021,popsum2022,popmean2022,popsum2023,popmean2023,popsum2024,popmean2024,Rainfed_percentage,Wetland_percentage,Bare_percentage,Impervious_percentage,Water_percentage,Irrigated_percentage,Forest_percentage,Shrubland_percentage,Grassland_percentage
1,TAMBACOUNDA,TAMBACOUNDA,2,Tropics lowland; semi-arid with soil/terrain limitations,140566.5406,30.04200484,141713.7292,30.28718298,152955.1393,32.68970704,147418.3056,31.50637009,0.003,0,0.001,0.344,0,0,0.002,0.481,0.169
2,TAMBACOUNDA,BAKEL,50,Land with severe soil/terrain limitations,20265.94275,21.33257132,21103.19406,22.21388848,22388.75314,23.51759784,21160.40981,22.22732123,0.007,0.023,0.001,0.057,0.011,0,0.004,0.146,0.743
3,DAKAR,BARGNY,2,Tropics lowland; semi-arid with soil/terrain limitations,71495.15214,53.91791262,75394.3317,56.85847036,79156.28451,59.69553884,77983.80598,58.76699772,0.006,0.005,0.073,0.387,0.014,0.001,0.005,0.15,0.352
4,MATAM,KANEL,53,Desert/Arid climate,14971.09266,16.87834573,15289.27511,17.12124872,15662.57912,17.51966345,15458.18972,17.29103996,0.018,0.22,0.009,0.066,0,0,0,0.017,0.658
5,KEDOUGOU,KEDOUGOU,50,Land with severe soil/terrain limitations,42552.96872,15.5643631,43414.46093,15.7698732,47194.37977,17.13666658,45869.18707,16.65547824,0.001,0.014,0,0.203,0,0,0.251,0.524,0.006
6,KOLDA,KOLDA,2,Tropics lowland; semi-arid with soil/terrain limitations,86007.60322,29.61694326,86688.11281,29.85127852,91426.96642,31.48311516,86291.51124,29.67383468,0.01,0.001,0,0.409,0,0,0.207,0.329,0.044
7,LOUGA,LINGUERE,53,Desert/Arid climate,14031.16449,15.13609977,13997.40124,15.06717033,15319.04294,16.48982017,14345.38216,15.44174614,0.016,0,0,0.11,0,0.002,0,0.039,0.825
8,MATAM,MATAM,53,Desert/Arid climate,24305.37715,19.03318493,24895.29313,19.41910541,24722.83818,19.25454687,24224.6327,18.70628008,0.001,0.189,0.003,0.034,0,0.001,0.006,0.195,0.571
9,DIOURBEL,MBACKE,2,Tropics lowland; semi-arid with soil/terrain limitations,83236.40922,38.09446646,84861.7223,38.83831684,87128.41753,39.87570596,85232.16301,39.00785492,0.161,0,0.001,0.436,0,0,0,0.037,0.364
10,KOLDA,MEDINA YORO FOULAH,52,Dominantly hydromorphic soils,6708.527581,7.244630217,7774.276053,8.252946978,8670.935655,9.204814921,7930.052618,8.418314881,0.045,0,0,0.012,0,0,0.326,0.502,0.115
11,KAFFRINE,NGANDA,2,Tropics lowland; semi-arid with soil/terrain limitations,12082.20586,6.129987754,12498.12043,6.29945586,13297.36954,6.698926723,12788.45451,6.442546354,0.818,0,0,0.03,0,0,0,0.084,0.068
12,MATAM,OUROSSOGUI,53,Desert/Arid climate,31881.326,24.88784231,32101.28488,24.8269798,32873.6418,25.22919555,32177.78944,24.56319804,0.001,0.002,0.008,0.197,0,0,0.001,0.108,0.66
13,KEDOUGOU,SALEMATA,50,Land with severe soil/terrain limitations,7381.087723,3.949217615,8201.248927,4.334698164,8595.677896,4.528808165,8398.330677,4.420174041,0.001,0,0,0.011,0,0,0.573,0.41,0.005
14,DAKAR,SENDOU,2,Tropics lowland; semi-arid with soil/terrain limitations,13111.88741,13.83110486,13059.94457,13.77631284,14150.19925,14.92637052,15516.94375,16.28220751,0.119,0.001,0.008,0.062,0,0,0.009,0.464,0.332
15,THIES,TIVAOUANE,2,Tropics lowland; semi-arid with soil/terrain limitations,89900.30947,16.18076124,91229.10291,16.20698222,95683.46739,16.95012708,89927.53815,15.92765465,0.313,0,0,0.157,0,0,0,0.13,0.398
16,KOLDA,VELINGARA,50,Land with severe soil/terrain limitations,37851.67023,24.88604223,37511.01085,24.66207157,41587.95125,27.30659964,39970.41307,26.19293124,0.059,0,0,0.327,0,0.001,0.073,0.382,0.158
17,KAOLACK,NIORO,2,Tropics lowland; semi-arid with soil/terrain limitations,22041.63693,24.27493054,21649.14523,23.79026948,23498.13066,25.76549415,21706.96292,23.67171529,0.398,0.002,0,0.252,0,0,0.07,0.205,0.073
18,KEDOUGOU,SARAYA,2,Tropics lowland; semi-arid with soil/terrain limitations,5861.489732,9.901165088,6484.509492,10.52680112,7034.617529,11.40132501,6835.228088,11.07816546,0,0,0,0.004,0,0,0.556,0.44,0.001
19,MATAM,AGNAM CIVOL,53,Desert/Arid climate,31645.24673,9.71010946,31806.96886,9.723928113,32068.8593,9.765182492,32123.87325,9.722721927,0,0.041,0.007,0.004,0,0,0.002,0.014,0.832
20,MATAM,DABIA,53,Desert/Arid climate,30171.59456,6.37069142,32261.27297,6.742167809,32872.03851,6.851196022,33918.66631,7.042912441,0,0.031,0.004,0.004,0,0.001,0.001,0.033,0.861
21,MATAM,NGUIDJILONE,52,Dominantly hydromorphic soils,10621.82463,10.86076138,10704.77492,10.67275665,11419.25635,11.20633597,11540.56422,11.28109895,0,0.051,0.005,0.017,0,0,0,0.016,0.886
22,MATAM,OREFONDE,53,Desert/Arid climate,23491.92128,6.444971544,23658.79378,6.458857162,25803.15768,7.027003724,26752.1934,7.240106469,0,0.011,0.007,0.002,0,0,0.003,0.014,0.891
23,MATAM,THILOGNE,53,Desert/Arid climate,13344.92538,15.374338,14029.3983,16.16290126,15129.22703,17.42998506,14423.09472,16.61646857,0,0.038,0.003,0.035,0,0,0.001,0.052,0.869
24,DAKAR,MERMOZ-SACRE COEUR,56,Dominantly built-up land,70828.28929,133.3866088,68673.84601,129.3292769,65763.52763,123.8484513,67904.93353,127.8812307,0,0.001,0.002,0.951,0,0,0.001,0.001,0.043
25,DAKAR,NGOR,56,Dominantly built-up land,53480.49902,102.6497102,52931.18279,101.5953604,50916.03413,97.72751272,52486.52169,100.7418842,0,0.01,0.003,0.796,0.008,0,0.003,0.01,0.172
26,DAKAR,OUAKAM,56,Dominantly built-up land,106569.5954,122.4937878,104841.2015,120.5071282,102019.7935,117.2641305,105740.6972,121.2622675,0,0,0.001,0.821,0.001,0,0.003,0.016,0.157
27,DAKAR,YOFF,56,Dominantly built-up land,140274.4966,87.34402032,141910.1909,88.36250987,138483.9682,86.2291209,144587.3314,90.0294716,0,0.003,0.011,0.685,0.001,0.001,0.003,0.065,0.229
28,MATAM,OUAOUNDE,52,Dominantly hydromorphic soils,11439.84373,23.06420107,11159.75569,22.23058903,11687.21779,23.28131033,11528.44716,22.96503417,0,0.065,0.003,0.081,0.001,0.001,0.001,0.042,0.803
29,DIOURBEL,BABA GARAGE,2,Tropics lowland; semi-arid with soil/terrain limitations,24345.74043,3.936255526,24805.62868,3.998972865,24797.1806,3.988608751,25702.34139,4.097296571,0.89,0,0,0.013,0,0,0,0.004,0.092
30,DIOURBEL,DINGUIRAYE,2,Tropics lowland; semi-arid with soil/terrain limitations,18768.21435,3.704740298,18648.62044,3.660180656,19902.42713,3.897850985,20861.14553,4.05070787,0.948,0,0,0.009,0,0,0.001,0.013,0.025
31,DIOURBEL,KEUR SAMBA KANE,2,Tropics lowland; semi-arid with soil/terrain limitations,24542.71536,4.504903701,24958.20979,4.527977104,24486.70769,4.402500484,25629.89025,4.568607888,0.86,0,0,0.014,0,0,0,0.007,0.119
32,TAMBACOUNDA,BALA,2,Tropics lowland; semi-arid with soil/terrain limitations,12333.83974,1.441879792,12901.97396,1.505481209,13564.72269,1.580049236,13907.60171,1.619045601,0.001,0,0,0.001,0,0,0.014,0.978,0.005
33,TAMBACOUNDA,GOUMBAYEL,50,Land with severe soil/terrain limitations,7411.471185,2.110327786,7612.915102,2.163989512,7593.09757,2.15468149,7920.827025,2.241320607,0.002,0,0,0,0,0,0.148,0.843,0.006
34,TAMBACOUNDA,KOAR,2,Tropics lowland; semi-arid with soil/terrain limitations,9319.372782,2.311925771,9830.955584,2.432200788,9980.854325,2.460762901,10613.1579,2.6140783,0.006,0,0,0.001,0,0,0.022,0.95,0.021
35,TAMBACOUNDA,KAHENE,2,Tropics lowland; semi-arid with soil/terrain limitations,17530.93516,2.12444682,18223.76352,2.208405661,18116.77345,2.18907364,19125.66366,2.305963788,0.056,0,0,0.003,0,0,0.01,0.766,0.165
36,TAMBACOUNDA,NDAME,2,Tropics lowland; semi-arid with soil/terrain limitations,14882.53679,2.013330194,16036.89765,2.16861361,16282.17436,2.190230611,17171.45872,2.290444007,0.023,0,0,0.002,0,0,0.004,0.829,0.142
37,TAMBACOUNDA,BAMBA THIALENE,2,Tropics lowland; semi-arid with soil/terrain limitations,18770.51514,1.910679473,20225.27413,2.056458986,21356.84649,2.167987665,21902.60494,2.22338899,0.058,0,0,0.003,0,0,0.005,0.711,0.222
38,TAMBACOUNDA,MERETO,2,Tropics lowland; semi-arid with soil/terrain limitations,15927.34862,1.996158493,16767.28453,2.101426812,17993.84616,2.25120057,18415.26631,2.29387971,0.054,0,0,0.002,0,0,0.006,0.796,0.143
39,DIOURBEL,BAMBEY,2,Tropics lowland; semi-arid with soil/terrain limitations,27610.53232,27.52794848,26486.59317,26.35481907,26913.60362,26.5420154,25246.23531,24.65452667,0.44,0,0,0.378,0,0,0.009,0.089,0.083
40,DAKAR,YENNE,2,Tropics lowland; semi-arid with soil/terrain limitations,67455.10202,19.06049789,71888.68628,20.16512939,78289.55758,21.8685915,83678.04599,23.34115648,0.135,0.001,0.003,0.072,0.001,0,0.074,0.455,0.255
41,KEDOUGOU,BANDAFASSI,50,Land with severe soil/terrain limitations,14025.02741,2.310167585,14845.42494,2.429295523,14562.28825,2.369007361,15778.28782,2.561410361,0,0.003,0,0.002,0,0,0.645,0.348,0.001
42,KEDOUGOU,DINDEFELO,50,Land with severe soil/terrain limitations,6538.768376,3.496667581,6657.818361,3.524520043,6341.259999,3.280527677,6853.444913,3.529065352,0,0.002,0,0.003,0,0,0.646,0.348,0.001
43,KEDOUGOU,NINEFECHA,50,Land with severe soil/terrain limitations,8104.644347,2.044046494,8181.373934,2.060280517,7596.071642,1.902347018,8551.999084,2.127892283,0,0.003,0,0,0.001,0,0.61,0.385,0
44,KEDOUGOU,TOMBORONCOTO,50,Land with severe soil/terrain limitations,19331.53456,3.491337288,20927.04915,3.750367231,22876.97682,4.076439205,24286.30646,4.301506635,0,0.002,0,0.001,0,0,0.67,0.326,0.001
45,LOUGA,BARKEDJI,53,Desert/Arid climate,28363.34169,1.435391786,28508.61676,1.439901851,28372.41908,1.428693242,29202.87551,1.463363175,0.05,0,0,0.001,0,0,0.003,0.035,0.905
46,LOUGA,GASSANE,2,Tropics lowland; semi-arid with soil/terrain limitations,22856.43362,1.230361933,23974.17742,1.283689089,23996.99538,1.27827174,24764.12248,1.314513641,0.368,0,0,0.001,0,0,0,0.039,0.592
47,LOUGA,THIARNY,53,Desert/Arid climate,10948.52305,1.162386989,11198.3338,1.185887303,11289.90902,1.191924516,11617.6749,1.220215829,0.453,0,0,0,0,0,0.003,0.076,0.467
48,LOUGA,THIEL,2,Tropics lowland; semi-arid with soil/terrain limitations,19573.46515,1.090443741,20214.65429,1.123848018,19644.84083,1.090410792,20123.69828,1.112790217,0.077,0,0,0,0,0,0.003,0.344,0.575
49,TAMBACOUNDA,BELE,2,Tropics lowland; semi-arid with soil/terrain limitations,20493.76917,5.948844462,20891.7554,6.045068114,20651.56433,5.925843422,21651.72067,6.189742903,0.003,0,0,0.001,0,0,0.001,0.796,0.198
50,TAMBACOUNDA,SINTHIOU FISSA,50,Land with severe soil/terrain limitations,10734.70354,3.821539174,10506.74673,3.736396419,10084.73563,3.581227142,10940.1609,3.842697893,0.005,0,0,0.001,0,0,0.005,0.895,0.094
51,TAMBACOUNDA,KIDIRA,2,Tropics lowland; semi-arid with soil/terrain limitations,18430.00499,17.09647958,18926.86327,17.50866167,21121.43063,19.46675634,20118.49702,18.37305664,0.006,0.002,0.004,0.059,0.001,0,0.003,0.198,0.728
52,KEDOUGOU,BEMBOU,2,Tropics lowland; semi-arid with soil/terrain limitations,26425.05632,4.818573362,27976.25224,5.068161637,28549.90031,5.149693419,30259.03792,5.419852752,0,0,0,0.001,0.001,0,0.529,0.466,0.003
53,KEDOUGOU,MEDINA BAFFE,2,Tropics lowland; semi-arid with soil/terrain limitations,9632.182906,3.551689862,10013.973,3.691106892,10372.49728,3.799449555,11510.45467,4.168944102,0,0,0,0,0.001,0,0.678,0.318,0.002
54,ZIGUINCHOR,BIGNONA,2,Tropics lowland; semi-arid with soil/terrain limitations,17148.22389,20.00959614,16622.49658,19.39614537,17151.86277,19.99051604,16001.99854,18.65034795,0.005,0,0,0.589,0,0,0.285,0.103,0.018
55,KAFFRINE,BIRKELANE,2,Tropics lowland; semi-arid with soil/terrain limitations,8000.168433,13.96189953,7893.819516,13.77629933,8600.032513,14.90473572,8186.990433,13.99485544,0.555,0,0,0.225,0,0,0,0.106,0.114
56,SEDHIOU,BOGHAL,50,Land with severe soil/terrain limitations,19422.11336,5.09900587,20606.21502,5.334251882,21071.56946,5.416855902,21997.12226,5.646078608,0.066,0,0,0.007,0,0,0.703,0.219,0.005
57,SEDHIOU,DJINANY,50,Land with severe soil/terrain limitations,5363.194917,5.176829071,5554.6404,5.250132703,5830.583414,5.500550391,6220.750132,5.8686322,0.039,0.011,0,0.004,0.001,0,0.808,0.092,0.043
58,SEDHIOU,NDIAMACOUTA,50,Land with severe soil/terrain limitations,6647.408291,8.758113691,6798.104194,8.909704056,7518.962077,9.8415734,7321.445562,9.570517074,0.094,0,0,0.014,0,0,0.488,0.391,0.013
59,SEDHIOU,NDIAMALATHIEL,50,Land with severe soil/terrain limitations,22395.21027,4.744747939,22624.15164,4.75197472,22282.19101,4.66349749,24027.24966,5.026621267,0.09,0.004,0,0.006,0.001,0,0.66,0.224,0.014
60,SEDHIOU,TANKON,50,Land with severe soil/terrain limitations,26585.9023,2.757873682,26537.25065,2.74428652,26262.82281,2.708624465,27912.06537,2.870135257,0.075,0,0,0.003,0,0,0.647,0.269,0.005
61,SEDHIOU,BONA,2,Tropics lowland; semi-arid with soil/terrain limitations,11845.81701,5.896374818,12326.28478,6.078049692,12292.31534,5.94118673,12942.9892,6.175090268,0.011,0.002,0,0.004,0.051,0,0.841,0.045,0.046
62,SEDHIOU,DIACOUNDA,2,Tropics lowland; semi-arid with soil/terrain limitations,11783.89458,5.161583258,12147.33413,5.320777107,12502.98739,5.462205062,13032.13736,5.571670527,0.04,0.007,0,0.004,0.044,0,0.774,0.062,0.069
63,SEDHIOU,INOR,2,Tropics lowland; semi-arid with soil/terrain limitations,13370.04702,4.957377464,14092.73245,5.217598093,14525.48325,5.332409416,15095.21163,5.473245696,0.008,0.001,0,0.003,0.03,0,0.888,0.041,0.028
64,SEDHIOU,KANDION MANGANA,2,Tropics lowland; semi-arid with soil/terrain limitations,3510.315954,3.939748546,3524.47264,3.877307635,3474.319052,3.756020596,3815.186573,4.106767033,0.014,0,0,0.002,0,0,0.959,0.021,0.003
65,KOLDA,BONCONTO,50,Land with severe soil/terrain limitations,14725.19091,3.676701851,15495.84863,3.861412566,15738.63405,3.915083096,16833.439,4.179106007,0.009,0.011,0,0.002,0.017,0,0.718,0.217,0.026
66,KOLDA,LINKERING,50,Land with severe soil/terrain limitations,24478.08077,3.991208343,24442.00796,3.979486806,24494.72931,3.985474993,26636.30325,4.328291071,0.002,0.003,0,0.001,0,0,0.835,0.151,0.008
67,KOLDA,MEDINA GOUNASS,50,Land with severe soil/terrain limitations,61461.68066,5.859073466,65000.48045,6.191111577,69356.93166,6.594117861,69746.59471,6.622979272,0.026,0.003,0,0.008,0,0,0.594,0.312,0.057
68,KOLDA,SINTHIANG KOUNDARA,50,Land with severe soil/terrain limitations,38939.38527,3.826966611,40029.83326,3.920265719,40893.4957,3.991556437,43519.21038,4.236683253,0.019,0.008,0,0.003,0.002,0,0.387,0.529,0.052
69,SEDHIOU,BOUNKILING,2,Tropics lowland; semi-arid with soil/terrain limitations,10182.74928,16.45032194,10985.36736,17.74695858,11963.95175,19.1423228,10937.21609,17.27838245,0.015,0,0,0.097,0,0.001,0.773,0.103,0.01
70,TAMBACOUNDA,BOYNGUEL BAMBA,2,Tropics lowland; semi-arid with soil/terrain limitations,17797.91527,1.642783392,18254.24748,1.681644171,19083.04743,1.754117789,20138.06256,1.84448274,0.003,0,0,0.001,0,0,0.008,0.959,0.029
71,TAMBACOUNDA,DOUGUE,50,Land with severe soil/terrain limitations,9025.767559,1.176455626,9348.129966,1.217045953,9473.322123,1.230621216,9791.799011,1.270672075,0.003,0,0,0.001,0,0,0.024,0.957,0.016
72,TAMBACOUNDA,KOUSSAN,2,Tropics lowland; semi-arid with soil/terrain limitations,8250.261908,3.01324394,8270.268058,3.007370203,8684.343466,3.112667909,9345.575821,3.318741414,0.003,0,0,0.001,0,0,0.006,0.959,0.031
73,TAMBACOUNDA,SINTHIOU MAMADOU BOUBOU,2,Tropics lowland; semi-arid with soil/terrain limitations,17885.71142,2.028318374,18109.58406,2.051845011,18359.15066,2.078708182,19227.89478,2.167255949,0.001,0,0,0,0,0,0.001,0.956,0.041
74,ZIGUINCHOR,SANTHIABA MANJACK,2,Tropics lowland; semi-arid with soil/terrain limitations,3359.870176,2.635192295,3314.493387,2.583393131,3149.894263,2.422995587,3431.601947,2.633616229,0,0.15,0.005,0.003,0.151,0,0.389,0.014,0.289
75,ZIGUINCHOR,DIEMBERING,2,Tropics lowland; semi-arid with soil/terrain limitations,21707.42934,4.138690056,22273.98183,4.235402516,22851.90392,4.326373328,22791.81396,4.276137704,0.006,0.399,0.002,0.012,0.155,0,0.212,0.048,0.164
76,SAINT LOUIS,BODE LAO,53,Desert/Arid climate,3468.444533,3.824084381,3557.800882,3.909671299,3561.54012,3.900920175,3803.290115,4.120574339,0,0.071,0.001,0.004,0,0.001,0,0.028,0.89
77,SAINT LOUIS,AERE LAO,53,Desert/Arid climate,12527.7251,9.497896209,14279.26036,10.82582286,15795.54016,11.92116239,14914.56782,11.2562776,0.001,0,0,0.041,0,0,0,0.011,0.943
78,SAINT LOUIS,DOUMGA LAO,53,Desert/Arid climate,40100.21931,2.513332455,40122.11917,2.510613802,39618.50338,2.460623774,41990.03875,2.584002384,0,0.032,0.001,0.001,0,0,0.001,0.017,0.944
79,SAINT LOUIS,MADINA NDIATHBE,53,Desert/Arid climate,32072.85841,2.965590237,32383.87697,2.986340555,34106.93413,3.127928662,35174.94018,3.201505432,0,0.028,0.002,0.002,0,0,0,0.009,0.954
80,SAINT LOUIS,MERY,53,Desert/Arid climate,16398.52662,4.18864026,16420.64907,4.166619911,16437.91264,4.143663383,17125.42545,4.308283131,0,0.022,0.002,0.003,0,0,0,0.006,0.96
81,SAINT LOUIS,GOLLERE,53,Desert/Arid climate,4091.659293,14.15799063,3752.724408,12.98520556,3604.333467,12.4717421,3974.967312,13.75421215,0,0,0.001,0.156,0,0,0,0.013,0.771
82,SAINT LOUIS,MBOUMBA,53,Desert/Arid climate,4627.509094,13.61032087,4740.570336,13.94285393,4939.380207,14.52758885,4775.566145,14.04578278,0,0.002,0,0.128,0,0,0,0.005,0.862
83,SAINT LOUIS,WALALDE,52,Dominantly hydromorphic soils,2562.05573,8.511813055,2528.787448,8.183778147,2680.320199,8.590769867,2617.87212,8.39061577,0,0.049,0.01,0.021,0,0,0,0.009,0.889
84,LOUGA,COKI,53,Desert/Arid climate,21871.10552,3.673963635,23159.96716,3.828726593,23995.37051,3.95115602,24816.58359,4.084362013,0.772,0,0,0.011,0,0,0,0.001,0.216
85,LOUGA,GUET ARDO,53,Desert/Arid climate,8695.274645,2.608060781,9084.406476,2.723143428,9213.54883,2.729131762,9669.436658,2.835611923,0.717,0,0,0.006,0,0,0,0.001,0.275
86,LOUGA,NDIAGNE,2,Tropics lowland; semi-arid with soil/terrain limitations,5652.585712,9.436704026,5672.776584,9.47041166,5980.63148,9.804313901,6052.214415,9.777406163,0.518,0,0,0.075,0,0,0,0.004,0.403
87,LOUGA,PETE OUARACK,53,Desert/Arid climate,6992.851831,3.921958402,7842.92759,4.29749457,8156.319717,4.408821469,8526.7115,4.591659397,0.859,0,0,0.005,0,0,0,0.004,0.132
88,LOUGA,THIAMENE,53,Desert/Arid climate,17910.64841,3.192059956,18477.48716,3.276150206,18948.05906,3.347713616,19681.13496,3.469875697,0.761,0,0,0.005,0,0,0,0,0.234
89,FATICK,COLOBANE,2,Tropics lowland; semi-arid with soil/terrain limitations,26650.81226,2.823777522,28035.60427,2.945225787,28315.1561,2.96400671,28867.05887,3.015781327,0.661,0,0,0.003,0,0,0,0.005,0.331
90,FATICK,MBAR,2,Tropics lowland; semi-arid with soil/terrain limitations,35562.54142,2.190621007,36144.98024,2.2176195,35239.76251,2.154151385,35903.35895,2.180454206,0.675,0,0,0.005,0,0,0,0.011,0.308
91,SAINT LOUIS,DAGANA,53,Desert/Arid climate,22408.32326,23.00649205,23284.74388,23.23826735,24399.3184,24.32633938,22860.80713,22.79242984,0.004,0.108,0.001,0.231,0.002,0.044,0.017,0.149,0.433
92,DAKAR,DAKAR PLATEAU,56,Dominantly built-up land,68198.29569,104.1195354,67710.71602,103.375139,63530.47694,96.99309457,65235.19323,99.59571486,0,0.011,0.005,0.768,0.003,0,0.006,0.002,0.207
93,DAKAR,FANN POINT E AMITIE,56,Dominantly built-up land,60900.45613,107.9795321,60456.57762,107.1925135,57612.84915,102.1504418,59382.38453,105.2879158,0,0.002,0.003,0.89,0.004,0,0.006,0.002,0.092
94,DAKAR,GOREE,56,Dominantly built-up land,997.933917,45.36063259,835.8054857,37.99115844,805.660718,36.62094173,953.554637,43.34339259,0,0.037,0,0.44,0.005,0,0,0.032,0.486
95,DAKAR,GUEULE TAPEE-FASS-COLOBANE,56,Dominantly built-up land,32851.20345,139.7923551,31740.85771,135.0674796,30797.10381,131.0515056,31014.60196,131.9770296,0,0,0.001,0.973,0,0,0,0,0.026
96,DAKAR,MEDINA,56,Dominantly built-up land,44078.66553,148.9144106,42131.51104,142.3361859,41304.03906,139.5406725,41530.18479,140.3046783,0,0,0,0.937,0,0,0,0.003,0.06
97,KEDOUGOU,DAKATELY,50,Land with severe soil/terrain limitations,2960.517174,2.399122507,2903.771978,2.345534716,2984.048777,2.39490271,3178.012468,2.530264704,0,0,0,0.001,0,0,0.555,0.444,0
98,KEDOUGOU,KEVOYE,2,Tropics lowland; semi-arid with soil/terrain limitations,3989.085015,1.899564293,3903.54613,1.856179805,3934.048725,1.862712465,4096.310418,1.939540918,0,0,0,0,0,0,0.608,0.35,0
99,KEDOUGOU,OUBADJI,50,Land with severe soil/terrain limitations,4051.804246,1.630504727,3884.670808,1.56073556,3880.139897,1.555789855,4160.113575,1.651494075,0,0.003,0,0,0.001,0,0.768,0.226,0
100,KEDOUGOU,DAR SALAM,50,Land with severe soil/terrain limitations,4232.052265,1.659628339,4239.144631,1.659156411,4242.287909,1.65005364,4355.056993,1.688661106,0,0.005,0,0,0.002,0,0.683,0.31,0
101,KEDOUGOU,ETHIOLO,50,Land with severe soil/terrain limitations,4592.2909,1.471416501,4595.376846,1.468640731,4657.066681,1.486930613,4726.980104,1.507808646,0,0,0,0,0,0,0.692,0.307,0
102,KAFFRINE,DAROU MINAM,2,Tropics lowland; semi-arid with soil/terrain limitations,28646.1359,2.268102605,28807.21944,2.268642262,29750.33098,2.336841644,31048.83526,2.420584335,0.259,0,0,0.001,0,0,0.001,0.365,0.374
103,KAFFRINE,KHELCOM,2,Tropics lowland; semi-arid with soil/terrain limitations,8405.307321,1.629251274,9158.709503,1.768432034,9590.071331,1.845664228,9834.400098,1.890503671,0.422,0,0,0,0,0,0,0.077,0.5
104,KAFFRINE,NDIOBENE SAMBA LAMO,2,Tropics lowland; semi-arid with soil/terrain limitations,9267.998972,2.256634763,9454.572895,2.28758115,9733.813058,2.344367307,10299.44297,2.457514428,0.184,0,0,0.001,0,0,0,0.647,0.168
105,KAFFRINE,NDIOUM NGAINTH,1,Tropics lowland; semi-arid no soil/terrain limitations,13510.19496,2.698261426,14119.02294,2.787015976,14178.72252,2.779051846,15003.43401,2.903703117,0.251,0,0,0.002,0,0,0,0.525,0.223
106,LOUGA,DAROU MARNANE,2,Tropics lowland; semi-arid with soil/terrain limitations,14118.06343,4.449436945,14606.37088,4.593198389,14966.71798,4.640842783,15098.25169,4.554525397,0.952,0,0,0.008,0,0,0,0.001,0.039
107,LOUGA,DAROU MOUHTY,2,Tropics lowland; semi-arid with soil/terrain limitations,48456.80297,5.222200989,48902.60903,5.254954763,50729.67655,5.437847202,50587.68499,5.370812718,0.947,0,0,0.012,0,0,0,0.002,0.038
108,LOUGA,MBACKE CAJOR,2,Tropics lowland; semi-arid with soil/terrain limitations,7918.821977,4.001425961,8035.335514,4.031778983,8305.193347,4.089213859,8496.708227,4.142714884,0.895,0,0,0.007,0,0,0,0,0.096
109,LOUGA,MBADIANE,2,Tropics lowland; semi-arid with soil/terrain limitations,9717.668689,2.503908449,10070.48797,2.586155102,10410.97704,2.664016644,10920.36123,2.794360601,0.956,0,0,0.003,0,0,0,0.001,0.039
110,LOUGA,NDOYENE,2,Tropics lowland; semi-arid with soil/terrain limitations,8661.224622,3.14382019,8992.293219,3.259258144,8813.666302,3.172666055,9140.403523,3.249343592,0.817,0,0,0.004,0,0,0,0.003,0.175
111,LOUGA,SAM YABAL,2,Tropics lowland; semi-arid with soil/terrain limitations,12489.94269,2.137956639,12598.0797,2.147644,12549.75566,2.138312431,13071.01948,2.227128894,0.876,0,0,0.002,0,0,0,0.003,0.119
112,LOUGA,TOUBA MERINA,2,Tropics lowland; semi-arid with soil/terrain limitations,10577.94775,2.316169861,10526.39648,2.29633431,10261.97639,2.233291924,10640.89592,2.310726584,0.856,0,0,0.003,0,0,0,0.001,0.141
113,DAKAR,DIAMNIADIO,2,Tropics lowland; semi-arid with soil/terrain limitations,170785.9726,24.29042421,193870.0558,27.50710213,213516.2973,30.16192927,217622.8958,30.56501345,0.152,0,0.009,0.116,0,0,0.076,0.35,0.284
114,DAKAR,SEBIKOTANE,2,Tropics lowland; semi-arid with soil/terrain limitations,67097.11221,30.92032821,73100.58681,33.68690636,79060.64717,36.13375099,82367.78582,37.33807154,0.084,0,0.001,0.168,0,0,0.08,0.359,0.304
115,TAMBACOUNDA,BANI ISRAEL,50,Land with severe soil/terrain limitations,10116.06031,1.343612738,10387.3467,1.378180536,10328.72302,1.368767959,10866.08029,1.438644285,0.004,0,0,0.001,0,0,0.061,0.925,0.01
116,TAMBACOUNDA,BOUTOUCOUFARA,50,Land with severe soil/terrain limitations,6622.728537,1.916853412,6947.934966,2.01097973,6830.372445,1.976952951,7079.178244,2.048966207,0.003,0,0,0,0,0,0.311,0.682,0.003
117,TAMBACOUNDA,DIANKE MAKHA,50,Land with severe soil/terrain limitations,11780.54006,1.298560412,12590.11618,1.385661037,12373.52867,1.361074543,12777.61655,1.405523765,0.004,0,0,0,0,0,0.14,0.848,0.007
118,TAMBACOUNDA,KOMOTI,50,Land with severe soil/terrain limitations,10557.09405,2.029820045,10876.33902,2.088390748,10836.98387,2.078838264,11207.77163,2.149553439,0.006,0,0,0,0,0,0.196,0.788,0.01
119,SEDHIOU,DIAMBATI,2,Tropics lowland; semi-arid with soil/terrain limitations,12976.09238,3.17031331,12714.39823,3.07482424,12603.23363,3.024534109,13589.85078,3.254274612,0.014,0,0,0.001,0.001,0,0.934,0.041,0.009
120,SEDHIOU,DIAROUME,2,Tropics lowland; semi-arid with soil/terrain limitations,21467.67197,5.076299827,22275.2633,5.258560742,23181.19196,5.442872026,23581.44354,5.492998729,0.015,0.002,0,0.005,0.046,0,0.833,0.06,0.039
121,SEDHIOU,FAOUNE,50,Land with severe soil/terrain limitations,15360.10499,5.479880483,16476.93462,5.855342794,17731.50077,6.217216259,18316.5638,6.353299965,0.058,0,0,0.005,0,0,0.791,0.141,0.005
122,SEDHIOU,MADINA WANDIFA,2,Tropics lowland; semi-arid with soil/terrain limitations,16921.39628,20.04904772,17246.66753,20.4344402,18951.39529,22.45425982,17624.36248,20.37498552,0.06,0,0,0.123,0,0,0.525,0.284,0.009
123,SEDHIOU,DIANNAH MALARY,2,Tropics lowland; semi-arid with soil/terrain limitations,3857.413725,9.477675001,5271.456422,12.92023633,5763.483981,14.057278,5567.685766,13.48107934,0.009,0.021,0.001,0.037,0.055,0,0.632,0.105,0.139
124,SEDHIOU,DIANNAH BA,2,Tropics lowland; semi-arid with soil/terrain limitations,8046.143996,4.632207251,8423.317482,4.827116036,8345.987258,4.769135576,8876.908102,5.066728369,0.012,0.008,0,0.005,0.002,0,0.917,0.032,0.023
125,SEDHIOU,DIENDE,2,Tropics lowland; semi-arid with soil/terrain limitations,17515.6296,6.296056651,18353.41971,6.585367675,18851.29939,6.739828171,19441.09661,6.935817555,0.004,0.003,0,0.008,0.058,0,0.878,0.038,0.011
126,SEDHIOU,KOUSSY,2,Tropics lowland; semi-arid with soil/terrain limitations,12598.44351,4.236194858,12799.65024,4.30095774,13089.26149,4.387952227,13704.42338,4.59109661,0.014,0,0,0.003,0,0,0.909,0.07,0.004
127,SEDHIOU,OUDOUCAR,2,Tropics lowland; semi-arid with soil/terrain limitations,8684.340614,5.256864778,8798.170397,5.325769005,10270.28856,6.205612421,10614.77946,6.409890979,0.008,0.004,0,0.007,0.077,0,0.81,0.066,0.028
128,SEDHIOU,SAKAR,2,Tropics lowland; semi-arid with soil/terrain limitations,9374.087248,3.351479173,9193.267457,3.285656704,9913.154586,3.540412352,10483.82302,3.736216328,0.009,0.002,0,0.003,0.057,0,0.878,0.039,0.013
129,SEDHIOU,SAMA KANTA PEULH,2,Tropics lowland; semi-arid with soil/terrain limitations,5267.423943,3.006520516,5040.930072,2.872324827,5054.615933,2.870310013,5589.055675,3.168398909,0.005,0,0,0.001,0,0,0.982,0.012,0
130,FATICK,DIOFFIOR,2,Tropics lowland; semi-arid with soil/terrain limitations,9253.428552,11.78780707,8639.995785,11.00636406,9031.60394,11.50522795,8604.98534,10.96176476,0.565,0,0,0.245,0,0.001,0.004,0.059,0.126
131,KOLDA,DIOULACOLON,2,Tropics lowland; semi-arid with soil/terrain limitations,35539.95867,7.857607488,36974.82849,8.171232815,38198.54566,8.417484721,38952.7181,8.542262741,0.011,0.001,0,0.025,0,0,0.678,0.262,0.023
132,KOLDA,GUIRO YERO BOCAR,2,Tropics lowland; semi-arid with soil/terrain limitations,18707.05427,4.13415564,18692.7326,4.12734215,18688.09279,4.124496313,19971.00202,4.403749067,0.011,0,0,0.006,0,0,0.811,0.153,0.018
133,KOLDA,MEDINA EL HADJ,2,Tropics lowland; semi-arid with soil/terrain limitations,12947.91787,4.269013474,12781.65482,4.203109114,12673.7498,4.159419036,13757.13527,4.510536155,0.008,0,0,0.008,0,0,0.884,0.088,0.012
134,KOLDA,SALIKEGNE,52,Dominantly hydromorphic soils,3773.633572,9.675983517,4053.255594,10.39296306,4426.949574,11.35115275,4352.258615,11.15963747,0.014,0,0,0.048,0,0,0.694,0.225,0.019
135,KOLDA,TANKANTO ESCALE,2,Tropics lowland; semi-arid with soil/terrain limitations,17952.72155,4.636549987,17714.68748,4.572712308,17306.5573,4.437578796,18979.6303,4.825738699,0.019,0.001,0,0.005,0,0,0.913,0.042,0.019
136,KOLDA,SARE YOBA DIEGA,52,Dominantly hydromorphic soils,4885.482859,9.636060866,5181.021857,10.19886192,5929.605195,11.53619688,5804.114659,11.27012555,0.03,0.008,0,0.043,0,0,0.831,0.055,0.032
137,SEDHIOU,BEMET BIDJINI,2,Tropics lowland; semi-arid with soil/terrain limitations,12359.71667,5.549940131,12612.64755,5.615604429,12545.65849,5.546268119,13095.00472,5.766184376,0.009,0.006,0,0.007,0.134,0,0.654,0.067,0.122
138,SEDHIOU,DJIBABOUYA,2,Tropics lowland; semi-arid with soil/terrain limitations,5667.883429,5.56766545,6524.143445,6.377461823,6828.191705,6.661650444,6832.70538,6.666054029,0.01,0.004,0,0.006,0.056,0,0.751,0.038,0.135
139,SEDHIOU,SAN SAMBA,2,Tropics lowland; semi-arid with soil/terrain limitations,18344.24426,4.564380258,18519.55604,4.589728882,17282.24331,4.261958894,18762.29924,4.607637338,0.005,0.002,0,0.003,0.027,0,0.894,0.024,0.044
140,SEDHIOU,DIATTACOUNDA,57,Dominantly water,5149.33679,15.89301478,5400.335295,16.66770153,5641.610573,17.35880176,5381.172797,16.45618592,0.01,0.007,0,0.077,0.493,0,0.327,0.058,0.027
141,SEDHIOU,DJIBANAR,2,Tropics lowland; semi-arid with soil/terrain limitations,11018.18813,8.107570365,11345.01124,8.348058306,11859.18812,8.713584219,11774.70735,8.563423525,0.001,0.002,0,0.009,0.069,0,0.899,0.012,0.008
142,SEDHIOU,KAOUR,2,Tropics lowland; semi-arid with soil/terrain limitations,6790.459565,8.201038123,6913.817838,8.350021543,7083.209659,8.554601038,7113.181531,8.590798951,0.001,0.018,0,0.009,0.196,0,0.733,0.014,0.03
143,SEDHIOU,MANGAROUNGOU SANTO,2,Tropics lowland; semi-arid with soil/terrain limitations,15077.66267,7.135666197,15139.41172,7.127783296,15075.6808,7.067829725,15633.80679,7.312351162,0.002,0.002,0,0.009,0.085,0,0.865,0.01,0.026
144,SEDHIOU,SAMINE,2,Tropics lowland; semi-arid with soil/terrain limitations,7577.27889,20.15233747,8139.055505,21.58900665,8861.881664,23.38227352,8261.792791,21.57126055,0.006,0.046,0,0.109,0,0,0.787,0.036,0.016
145,SEDHIOU,SIMBANDI BALANTE,2,Tropics lowland; semi-arid with soil/terrain limitations,26249.43689,7.035496352,26613.24677,7.077991163,26591.64266,7.003329645,27582.99663,7.186815173,0.002,0.006,0,0.01,0.101,0,0.803,0.025,0.052
146,SEDHIOU,YARANG BALANTE,2,Tropics lowland; semi-arid with soil/terrain limitations,16722.52694,7.663852858,16866.80897,7.684195429,16782.27495,7.569812788,17460.73771,7.794972193,0.002,0.015,0,0.011,0.04,0,0.904,0.01,0.018
147,FATICK,DIAGANE BARKA,2,Tropics lowland; semi-arid with soil/terrain limitations,13124.84907,4.028498795,14108.2895,4.206407125,14320.4269,4.268383578,15153.34371,4.51664492,0.702,0,0,0.008,0,0,0.079,0.161,0.049
148,FATICK,DIOSSONG,1,Tropics lowland; semi-arid no soil/terrain limitations,26054.93591,5.455388591,26496.04987,5.482319443,26419.17399,5.34368406,27925.49891,5.524332129,0.602,0.083,0.002,0.011,0.023,0,0.081,0.1,0.099
149,FATICK,DJILOR,2,Tropics lowland; semi-arid with soil/terrain limitations,26875.3723,5.129866826,27618.84813,5.214054773,27202.02771,5.130522012,27594.61938,5.196726813,0.299,0.132,0.018,0.004,0.066,0,0.072,0.151,0.257
150,FATICK,MBAM,2,Tropics lowland; semi-arid with soil/terrain limitations,20258.42077,4.77567675,21806.0097,5.12600134,22746.28649,5.347034907,22451.22842,5.265297471,0.321,0.074,0.035,0.01,0.142,0,0.019,0.099,0.298
151,FATICK,NIASSENE,1,Tropics lowland; semi-arid no soil/terrain limitations,16656.18569,4.924951416,17924.3891,5.092155993,18721.48663,5.209094777,20097.00687,5.557800573,0.869,0,0,0.013,0,0,0.03,0.057,0.031
152,FATICK,PASSY,2,Tropics lowland; semi-arid with soil/terrain limitations,16986.45153,20.31872192,17564.72478,20.28259213,17447.50459,20.12399606,16735.17995,19.30239902,0.502,0,0,0.242,0,0,0.04,0.163,0.052
153,FATICK,SOUM,2,Tropics lowland; semi-arid with soil/terrain limitations,4397.265179,21.03954631,4956.532556,23.71546678,5211.574853,24.93576485,4984.598528,23.84975372,0.386,0,0,0.355,0,0,0.002,0.111,0.145
154,SEDHIOU,BAMBALY,2,Tropics lowland; semi-arid with soil/terrain limitations,17228.68364,5.850147247,17440.24421,5.884023014,18019.05785,6.046663707,19074.9668,6.354086209,0.003,0.003,0,0.005,0.171,0,0.722,0.019,0.076
155,SEDHIOU,DJIREDJI,2,Tropics lowland; semi-arid with soil/terrain limitations,19720.44992,6.506252037,19901.82119,6.531611812,19796.15516,6.473562839,20953.09388,6.785328329,0.004,0.002,0,0.006,0.183,0,0.718,0.03,0.057
156,LOUGA,DODJI,53,Desert/Arid climate,17226.07793,1.566149462,17141.30069,1.555189684,17073.12525,1.542009145,17525.84455,1.571120085,0.012,0,0,0.001,0,0,0.001,0.019,0.956
157,LOUGA,LABGAR,53,Desert/Arid climate,12455.02492,1.554352292,12017.97447,1.499809618,13251.36458,1.650026719,14205.69218,1.758783234,0.001,0,0,0,0,0,0,0.007,0.991
158,LOUGA,OUARKHOKH,53,Desert/Arid climate,17233.11912,2.056212757,17876.79221,2.119610174,18166.94166,2.149933924,18647.58596,2.192801736,0.246,0,0,0.002,0,0,0,0.016,0.733
159,KOLDA,BADION,50,Land with severe soil/terrain limitations,13712.82647,3.129353371,13638.29954,3.11163576,13786.47934,3.138283483,13986.09148,3.169293334,0.03,0,0,0.003,0,0,0.52,0.391,0.056
160,KOLDA,FAFACOUROU,2,Tropics lowland; semi-arid with soil/terrain limitations,9563.888726,2.972921581,9469.812116,2.942763243,9494.008972,2.942966203,9628.014777,2.977122689,0.012,0,0,0.001,0,0,0.771,0.186,0.029
161,FATICK,FATICK,2,Tropics lowland; semi-arid with soil/terrain limitations,30430.12276,19.4441679,28991.0001,18.47737418,29150.37881,18.49643325,26724.67346,16.91435029,0.279,0.007,0.033,0.294,0.001,0,0,0.058,0.326
162,FATICK,DJILASSE,2,Tropics lowland; semi-arid with soil/terrain limitations,12330.04344,2.472932901,12349.47872,2.476830871,12498.32962,2.497168755,12612.05804,2.50686902,0.315,0.028,0.089,0.003,0.162,0,0.012,0.043,0.344
163,FATICK,FIMELA,2,Tropics lowland; semi-arid with soil/terrain limitations,34304.20326,4.736841102,33897.9627,4.680746023,34982.68212,4.80597364,33828.45203,4.631496718,0.226,0.097,0.051,0.014,0.17,0.001,0.018,0.082,0.338
164,FATICK,LOUL SESSENE,2,Tropics lowland; semi-arid with soil/terrain limitations,26428.17668,2.317244777,28032.12046,2.452503977,28111.29897,2.44403573,28985.8546,2.518756917,0.489,0.024,0.094,0.004,0.028,0,0.007,0.03,0.321
165,FATICK,PALMARIN FACAO,2,Tropics lowland; semi-arid with soil/terrain limitations,8020.115003,5.980697243,8066.389285,6.015204537,8534.660939,6.364400402,8246.402349,6.149442467,0.053,0.229,0.023,0.023,0.143,0,0.015,0.145,0.37
166,THIES,FISSEL,2,Tropics lowland; semi-arid with soil/terrain limitations,42790.76126,3.267967104,43691.90674,3.309742197,43080.25821,3.214944642,49769.56435,3.628577162,0.9,0,0,0.013,0,0,0.002,0.02,0.065
167,THIES,NDIAGANIAO,2,Tropics lowland; semi-arid with soil/terrain limitations,45657.1785,3.499975354,47469.96861,3.607414592,46757.06973,3.542739031,52523.99527,3.978487749,0.866,0,0,0.015,0,0,0.001,0.017,0.102
168,KEDOUGOU,DIMBOLI,50,Land with severe soil/terrain limitations,10979.01584,2.298307691,11781.23976,2.453402699,11518.7821,2.391277165,12250.2113,2.538377808,0,0.001,0,0,0,0,0.577,0.422,0
169,KEDOUGOU,FONGOLIMBI,50,Land with severe soil/terrain limitations,6965.880212,3.519899046,7338.521035,3.652822815,7344.86464,3.567199922,8012.995622,3.845007496,0,0.002,0,0.004,0,0,0.611,0.382,0
170,FATICK,FOUNDIOUGNE,2,Tropics lowland; semi-arid with soil/terrain limitations,13564.75997,27.02143421,13357.83243,26.60922794,14552.4521,28.98894841,13154.86539,26.10092339,0.039,0.003,0.026,0.278,0.002,0,0,0.122,0.527
171,SAINT LOUIS,DEMETTE,52,Dominantly hydromorphic soils,3037.238827,6.871581056,3193.019887,7.224026893,3320.82801,7.412562522,3432.79606,7.577916248,0.001,0.09,0.006,0.029,0,0.001,0.001,0.031,0.833
172,SAINT LOUIS,DODEL,53,Desert/Arid climate,42043.48049,3.497502745,42227.34153,3.491016992,42788.66874,3.517937083,46027.93288,3.761373938,0,0.075,0.002,0.002,0,0,0,0.009,0.905
173,SAINT LOUIS,GAMADJI SARE,53,Desert/Arid climate,33218.98465,2.951224649,33168.89552,2.934261812,33742.4904,2.960646696,36072.14549,3.133438628,0,0.02,0.001,0.001,0,0,0.001,0.007,0.965
174,SAINT LOUIS,GUEDE VILLAGE,53,Desert/Arid climate,51342.92143,3.823287023,53862.49428,3.948573732,56214.3548,4.072323587,58156.78246,4.169243849,0.001,0.032,0.001,0.002,0,0.002,0.001,0.03,0.927
175,SAINT LOUIS,GUEDE CHANTIER,51,Ample irrigated soils,3390.142058,7.635455086,3459.135965,7.773339246,3761.634557,8.359187904,3885.364495,8.576963566,0.012,0.042,0,0.052,0,0.003,0.007,0.349,0.533
176,SAINT LOUIS,NDIOUM,53,Desert/Arid climate,22233.977,21.05490246,22622.58978,21.2618325,24226.97222,22.76971073,22337.04532,20.99346364,0.001,0.043,0.004,0.117,0,0.001,0.001,0.05,0.777
177,SAINT LOUIS,PODOR,52,Dominantly hydromorphic soils,10536.99775,24.05707248,9907.83016,21.72769772,10238.33033,22.4524788,9550.639088,20.94438397,0.006,0.097,0.006,0.204,0,0.002,0.003,0.051,0.569
178,KAFFRINE,BOULEL,2,Tropics lowland; semi-arid with soil/terrain limitations,31504.28053,2.67008056,32597.36194,2.757114263,33246.34931,2.806309556,34722.25865,2.913185557,0.354,0,0,0.003,0,0,0,0.189,0.454
179,KAFFRINE,GNIBY,2,Tropics lowland; semi-arid with soil/terrain limitations,24475.4654,3.184836097,25218.54842,3.267921267,25916.0928,3.339272362,26662.48835,3.410833868,0.443,0,0,0.004,0,0,0.001,0.038,0.514
180,KAFFRINE,KAHI,2,Tropics lowland; semi-arid with soil/terrain limitations,29839.4505,3.970652096,30200.35383,3.976346785,31736.65495,4.146414287,32745.83547,4.251601593,0.466,0,0,0.007,0,0,0.001,0.185,0.341
181,TAMBACOUNDA,GOUDIRY,2,Tropics lowland; semi-arid with soil/terrain limitations,12912.91812,13.84021235,13222.64617,14.17218239,15345.09757,16.44704991,14596.43077,15.64462033,0.002,0,0.001,0.047,0,0,0.001,0.761,0.189
182,SEDHIOU,GOUDOMP,52,Dominantly hydromorphic soils,11105.01665,23.93322554,10675.41627,23.00736265,10965.78288,23.63315275,10269.09489,22.13167002,0.004,0.004,0,0.216,0.381,0,0.265,0.083,0.046
183,DAKAR,BISCUITERIE,56,Dominantly built-up land,24739.7701,166.0387255,23582.29865,158.2704607,22641.2903,151.9549684,23396.54112,157.0237659,0,0,0,0.995,0,0,0,0,0.005
184,DAKAR,DIEUPPEUL DERKLE,56,Dominantly built-up land,31178.73769,170.3756158,29806.6414,162.8778218,28688.41846,156.767314,29364.03284,160.4591959,0,0,0,0.997,0,0,0,0,0.003
185,DAKAR,GRAND DAKAR,56,Dominantly built-up land,16776.30078,135.2927482,16398.18992,132.2434671,15606.22005,125.8566133,16373.99639,132.048358,0,0,0.003,0.993,0,0,0,0,0.004
186,DAKAR,HANN BEL AIR,56,Dominantly built-up land,130718.3333,91.53944912,134682.2455,94.31529797,131630.5681,92.17826897,135389.1058,94.81029815,0,0.01,0.008,0.8,0.01,0,0.031,0.005,0.129
187,DAKAR,HLM,56,Dominantly built-up land,30637.1091,145.8909957,30005.08534,142.8813588,29205.10856,139.0719455,29673.65659,141.3031266,0,0,0,0.96,0,0,0,0,0.04
188,DAKAR,SICAP LIBERTE,56,Dominantly built-up land,35231.81369,153.8507148,33754.29803,147.3986814,32346.63366,141.2516754,33797.73705,147.5883714,0,0,0,0.994,0,0,0,0,0.006
189,KAFFRINE,FASS THIEKENE,2,Tropics lowland; semi-arid with soil/terrain limitations,20110.39171,2.80401446,21155.834,2.906420388,21921.28713,3.007860474,22917.42581,3.137224614,0.044,0,0,0.004,0,0,0.004,0.615,0.334
190,KAFFRINE,IDA MOURIDE,2,Tropics lowland; semi-arid with soil/terrain limitations,26933.39794,2.990606034,29091.60447,3.174899539,30501.13896,3.322564157,32180.83952,3.473002323,0.036,0,0,0.003,0,0,0.004,0.691,0.266
191,KAFFRINE,SALY ESCALE,2,Tropics lowland; semi-arid with soil/terrain limitations,27864.64106,4.142209166,28876.96064,4.189316791,29480.07672,4.245402753,31495.63671,4.512268869,0.106,0,0,0.003,0,0,0.013,0.62,0.256
192,DAKAR,JAXAAY PARCELLES,56,Dominantly built-up land,62521.52862,102.6626086,62649.05288,102.872008,64577.30879,106.0382739,63701.61235,104.6003487,0.004,0,0.001,0.802,0,0.001,0.002,0.107,0.083
193,DAKAR,KEUR MASSAR SUD,56,Dominantly built-up land,84629.12934,125.5625064,82266.5564,122.0572053,85665.23536,127.0997557,82779.49952,122.8182485,0.002,0,0.002,0.932,0,0,0.001,0.019,0.043
194,THIES,JOAL FADHIOUTH,2,Tropics lowland; semi-arid with soil/terrain limitations,33252.75466,16.79432054,32896.89578,16.61459383,34716.98829,17.53383247,34108.25452,17.20033006,0.266,0.016,0.004,0.195,0.007,0,0.144,0.189,0.175
195,DIOURBEL,DAROU NAHIM,2,Tropics lowland; semi-arid with soil/terrain limitations,5346.917733,4.183816692,5739.133753,4.476703395,6340.054557,4.858279354,7077.206465,5.402447683,0.893,0,0,0.003,0,0,0,0.002,0.101
196,DIOURBEL,DAROU SALAM TYP,2,Tropics lowland; semi-arid with soil/terrain limitations,9475.096615,2.765644079,10014.46463,2.904427096,10402.89428,3.010096724,11715.2802,3.382985908,0.836,0,0,0.003,0,0,0,0.004,0.157
197,DIOURBEL,DENDEYE GOUY GUI,2,Tropics lowland; semi-arid with soil/terrain limitations,8313.625458,5.38796206,8845.308846,5.601842208,9991.568567,6.28796008,11466.71294,6.987637381,0.947,0,0,0.007,0,0,0,0.01,0.036
198,DIOURBEL,KAEL,2,Tropics lowland; semi-arid with soil/terrain limitations,12230.09239,2.902252583,13686.66835,3.24328634,14308.51265,3.376241776,16349.6086,3.824469847,0.863,0,0,0.002,0,0,0,0.009,0.126
199,DIOURBEL,MADINA,2,Tropics lowland; semi-arid with soil/terrain limitations,13329.48909,2.986665716,14496.52229,3.241619475,15143.30035,3.37643263,17232.5152,3.826046891,0.743,0,0,0.004,0,0,0,0.009,0.244
200,DIOURBEL,NDIOUMANE,2,Tropics lowland; semi-arid with soil/terrain limitations,8167.89,3.233527316,8557.865915,3.328613736,8988.352069,3.44249409,10372.16708,3.966411886,0.81,0,0,0.003,0,0,0,0.008,0.179
201,DIOURBEL,TAIBA THIEKENE,2,Tropics lowland; semi-arid with soil/terrain limitations,3819.137943,3.609771213,4001.376289,3.746607013,4282.359529,3.957818419,4900.793062,4.529383606,0.856,0,0,0.003,0,0,0,0.005,0.136
202,DIOURBEL,TOUBA MBOUL,2,Tropics lowland; semi-arid with soil/terrain limitations,15949.12399,2.842981104,16918.20407,2.978032752,17170.9986,2.993027471,19543.36625,3.382375606,0.795,0,0,0.004,0,0,0,0.006,0.196
203,KAFFRINE,KAFFRINE,2,Tropics lowland; semi-arid with soil/terrain limitations,47219.50051,25.46898625,46180.11661,24.90836926,49404.61072,26.4904079,46309.0787,24.77746319,0.377,0,0,0.205,0,0,0,0.138,0.278
204,KAOLACK,KAHONE,2,Tropics lowland; semi-arid with soil/terrain limitations,35236.50564,20.30922515,36984.21866,21.31655254,38820.49076,22.32345645,36936.32277,20.84442594,0.359,0.011,0.01,0.146,0,0,0,0.138,0.335
205,SEDHIOU,KARANTABA,2,Tropics lowland; semi-arid with soil/terrain limitations,12705.52687,7.49588606,12558.20321,7.387178361,12637.53624,7.416394509,12798.49618,7.480126345,0.005,0.002,0,0.007,0.117,0,0.805,0.035,0.029
206,SEDHIOU,KOLIBANTANG,2,Tropics lowland; semi-arid with soil/terrain limitations,11473.62713,4.731392629,11164.70051,4.592636985,10701.47828,4.38405501,11389.11776,4.656221489,0.006,0.001,0,0.003,0.01,0,0.941,0.02,0.018
207,ZIGUINCHOR,KATABA 1,2,Tropics lowland; semi-arid with soil/terrain limitations,33904.27081,2.828655999,34673.02688,2.853512212,35213.78378,2.876003249,36429.49257,2.964639695,0.001,0.017,0.003,0.005,0.013,0,0.904,0.009,0.046
208,ZIGUINCHOR,DIOULOULOU,52,Dominantly hydromorphic soils,8674.419051,4.577529842,8785.269001,4.599617278,9312.380054,4.867945663,9085.338419,4.746780783,0.003,0.007,0.013,0.022,0.098,0,0.705,0.024,0.128
209,ZIGUINCHOR,DJINAKY,2,Tropics lowland; semi-arid with soil/terrain limitations,15968.21922,2.822736295,15728.00773,2.771943554,15080.74492,2.647137954,16003.23812,2.756327613,0.002,0.038,0.006,0.004,0.063,0,0.634,0.025,0.228
210,ZIGUINCHOR,KAFOUNTINE,50,Land with severe soil/terrain limitations,44270.35092,4.069340098,45292.73893,4.152630322,48522.13167,4.438541133,46981.28734,4.28270623,0.002,0.458,0.004,0.006,0.209,0,0.167,0.02,0.133
211,KAFFRINE,DIAMAGADIO,2,Tropics lowland; semi-arid with soil/terrain limitations,27557.04634,2.662002158,28391.3373,2.730723988,27376.62933,2.622784952,28578.85394,2.7356039,0.426,0.004,0,0.004,0.001,0,0.033,0.418,0.114
212,KAFFRINE,DIOKOUL BELBOUCK,2,Tropics lowland; semi-arid with soil/terrain limitations,25754.34402,3.27413476,27049.68731,3.420979804,26728.10017,3.368805164,27678.59416,3.468930212,0.419,0,0,0.006,0,0,0,0.283,0.291
213,KAFFRINE,KATHIOTTE,2,Tropics lowland; semi-arid with soil/terrain limitations,41782.74765,3.215789091,43302.72131,3.31187161,42577.18552,3.243481795,44382.89735,3.379494201,0.454,0,0,0.009,0,0,0.001,0.228,0.308
214,KAFFRINE,MEDINATOUL SALAM 2,2,Tropics lowland; semi-arid with soil/terrain limitations,19734.01871,3.227149421,20154.62661,3.276642271,20778.88281,3.340119403,22075.69381,3.498525169,0.261,0,0,0.004,0,0,0.025,0.62,0.09
215,LOUGA,KEBEMER,53,Desert/Arid climate,23281.89017,18.50706691,22567.58786,17.67234758,24114.07392,18.88337817,23220.69675,18.18378759,0.044,0,0,0.208,0,0,0,0.004,0.737
216,TAMBACOUNDA,GATHIARY,2,Tropics lowland; semi-arid with soil/terrain limitations,2962.188164,3.965446003,2899.865105,3.882014866,2743.790848,3.648658043,2990.086066,3.903506613,0.002,0.003,0.001,0.001,0.002,0,0.002,0.951,0.038
217,TAMBACOUNDA,MADINA FOULBE,2,Tropics lowland; semi-arid with soil/terrain limitations,5778.21056,3.392959812,5626.503455,3.303877542,5360.808432,3.147861675,5659.076472,3.315217617,0,0.001,0,0.001,0.001,0,0.005,0.979,0.013
218,TAMBACOUNDA,SADATOU,50,Land with severe soil/terrain limitations,16639.10175,3.129415413,17460.29422,3.272169082,17514.89103,3.280556477,17865.17031,3.338036307,0.002,0,0,0.001,0.001,0,0.088,0.901,0.006
219,TAMBACOUNDA,TOUMBOURA,50,Land with severe soil/terrain limitations,4191.870134,2.156311797,4381.770213,2.252838156,4216.996307,2.168121495,4422.393765,2.273724301,0.004,0.001,0,0.001,0.002,0,0.003,0.957,0.033
220,KAFFRINE,DIAMAL,2,Tropics lowland; semi-arid with soil/terrain limitations,14898.51569,2.197421193,15498.39391,2.275828768,16115.74499,2.354382029,16598.87332,2.412626936,0.664,0,0,0.005,0,0,0.002,0.081,0.249
221,KAFFRINE,KEUR MBOUCKI,2,Tropics lowland; semi-arid with soil/terrain limitations,13158.51794,2.201893899,13995.13882,2.340715641,14330.33885,2.39357589,14646.25507,2.444709576,0.641,0,0.002,0.007,0,0,0.001,0.083,0.265
222,KAFFRINE,TOUBA MBELLA,2,Tropics lowland; semi-arid with soil/terrain limitations,14122.0502,2.064627222,13861.29495,2.016481663,13522.58798,1.954413641,14169.0825,2.03901029,0.627,0,0,0.004,0,0,0.001,0.1,0.268
223,LOUGA,GANDE,53,Desert/Arid climate,24527.22234,1.82263672,23276.37305,1.724942422,22950.86305,1.696043678,24593.32696,1.815139638,0.336,0.003,0,0.001,0,0,0.001,0.013,0.645
224,LOUGA,KEUR MOMAR SARR,53,Desert/Arid climate,43260.7172,3.244634906,43237.22758,3.224974086,43196.42849,3.215694818,46106.4829,3.429011074,0.076,0.095,0,0.003,0.024,0.001,0.004,0.02,0.777
225,LOUGA,NGUER MALAL,53,Desert/Arid climate,35086.58826,3.616428392,35175.85188,3.590471765,35244.67436,3.57269887,37201.43707,3.766471304,0.376,0.013,0,0.008,0,0,0.001,0.008,0.593
226,LOUGA,SYER,53,Desert/Arid climate,22660.25848,1.771301374,22107.42249,1.724447932,21535.50945,1.678135233,23715.89224,1.845594727,0.033,0.016,0,0,0.016,0.001,0.002,0.021,0.91
227,THIES,FANDENE,2,Tropics lowland; semi-arid with soil/terrain limitations,82839.8218,11.45779001,86269.7081,11.91570554,90762.75051,12.47426478,91220.71633,12.46184649,0.366,0,0,0.067,0,0.001,0.011,0.29,0.264
228,THIES,KEUR MOUSSA,2,Tropics lowland; semi-arid with soil/terrain limitations,109407.7375,8.060689417,116520.8837,8.569602391,120255.3927,8.799604325,125458.1933,9.103046965,0.165,0,0.005,0.028,0,0,0.112,0.502,0.186
229,THIES,KAYAR,2,Tropics lowland; semi-arid with soil/terrain limitations,18014.40989,11.26604746,18742.83916,11.71427448,19385.47547,12.04815132,19285.85786,11.98623857,0.158,0,0.029,0.081,0.001,0,0.06,0.213,0.441
230,THIES,DIENDER,2,Tropics lowland; semi-arid with soil/terrain limitations,59402.19478,8.288292839,61688.97372,8.541813033,65462.91558,9.043088214,67000.63454,9.252953258,0.343,0,0.003,0.046,0,0,0.064,0.256,0.28
231,THIES,POUT,2,Tropics lowland; semi-arid with soil/terrain limitations,19810.8234,33.1839588,20100.25059,33.66876146,19949.00759,33.4154231,19460.78926,32.59763694,0.029,0,0,0.494,0,0,0.1,0.315,0.062
232,THIES,KHOMBOLE,2,Tropics lowland; semi-arid with soil/terrain limitations,15248.46638,27.87653816,15251.37482,27.88185524,15197.44579,27.68205062,15041.75071,27.39845303,0.28,0,0,0.439,0,0,0,0.026,0.256
233,TAMBACOUNDA,KOTHIARY,50,Land with severe soil/terrain limitations,5671.058355,10.92689471,6000.120961,11.56092671,7132.624217,13.74301391,6955.337105,13.40142024,0.011,0,0.001,0.052,0,0,0.002,0.848,0.086
234,TAMBACOUNDA,KOULOR,2,Tropics lowland; semi-arid with soil/terrain limitations,12735.69542,1.571532011,13309.67933,1.63630186,13557.69609,1.664337845,14335.59817,1.757459626,0.004,0,0,0,0,0,0.003,0.973,0.02
235,TAMBACOUNDA,SINTHIOU BOCAR ALY,2,Tropics lowland; semi-arid with soil/terrain limitations,6776.812151,1.52734103,6936.116635,1.562188431,7022.426665,1.581271485,7286.591999,1.63780445,0.001,0,0,0,0,0,0.001,0.978,0.02
236,KAOLACK,KAOLACK,2,Tropics lowland; semi-arid with soil/terrain limitations,220652.1404,44.88448746,211110.9958,42.94365252,213938.9287,43.51005261,198327.295,40.30223431,0.085,0.05,0.07,0.292,0.037,0.001,0,0.087,0.374
237,KAOLACK,KEUR BAKA,2,Tropics lowland; semi-arid with soil/terrain limitations,30913.68393,3.450573047,33766.55951,3.763968288,34320.78123,3.796126671,38033.52426,4.169885348,0.771,0,0,0.009,0,0,0.132,0.043,0.044
238,KAOLACK,LATMINGUE,2,Tropics lowland; semi-arid with soil/terrain limitations,43340.01469,3.553916744,47120.61535,3.84344334,48073.53367,3.885043936,51867.28237,4.190279719,0.664,0.02,0.027,0.008,0.001,0,0.007,0.073,0.198
239,KAOLACK,NDOFFANE,2,Tropics lowland; semi-arid with soil/terrain limitations,15109.08964,14.28080306,15341.69006,14.50065223,15767.93077,14.87540638,15884.86774,14.74918082,0.73,0,0,0.139,0,0,0.007,0.053,0.071
240,KAOLACK,THIARE,2,Tropics lowland; semi-arid with soil/terrain limitations,45211.14239,2.67315925,47012.14919,2.778988544,46315.62215,2.730873947,50916.05131,2.99347706,0.862,0,0,0.01,0,0,0.03,0.03,0.067
241,TAMBACOUNDA,KOUMPENTOUM,2,Tropics lowland; semi-arid with soil/terrain limitations,17674.32754,16.25973094,18096.52836,16.64814016,20609.787,18.60089079,19837.93424,17.83986892,0.039,0,0,0.082,0,0,0.002,0.544,0.333
242,KAFFRINE,KOUNGHEUL,2,Tropics lowland; semi-arid with soil/terrain limitations,30497.21174,32.86337472,30673.70753,32.80610431,33939.93889,36.26061848,30467.49942,32.51600791,0.028,0,0.001,0.373,0,0,0.002,0.239,0.357
243,TAMBACOUNDA,KOUSSANAR,2,Tropics lowland; semi-arid with soil/terrain limitations,39958.69367,2.226979528,40831.47755,2.274860858,41313.32026,2.296715603,43592.05493,2.417214979,0.005,0,0,0.001,0,0,0.001,0.953,0.04
244,TAMBACOUNDA,SINTHIOU MALEME,2,Tropics lowland; semi-arid with soil/terrain limitations,34226.83008,2.890779568,36420.21696,3.067482268,37521.96507,3.150723409,39555.47885,3.315909032,0.016,0,0,0.002,0,0,0.005,0.935,0.043
245,TAMBACOUNDA,KOUTHIA GUAYDI,2,Tropics lowland; semi-arid with soil/terrain limitations,14597.67153,1.272460908,14689.74494,1.280486832,14800.8167,1.288708464,15558.44517,1.346235629,0.003,0,0,0,0,0,0,0.957,0.039
246,TAMBACOUNDA,KOUTHIABA WOLOF,1,Tropics lowland; semi-arid no soil/terrain limitations,27210.72847,1.809584922,28349.29907,1.885302858,29670.11625,1.969473366,31186.47548,2.046490943,0.033,0,0,0.001,0,0,0.002,0.812,0.152
247,TAMBACOUNDA,PAYAR,1,Tropics lowland; semi-arid no soil/terrain limitations,39110.66442,1.387148942,40026.64022,1.419384405,40271.44211,1.424982913,42543.68405,1.49701552,0.021,0,0,0.001,0,0,0.002,0.698,0.279
248,TAMBACOUNDA,MALEM NIANI,2,Tropics lowland; semi-arid with soil/terrain limitations,4870.686051,3.313391871,5243.225522,3.566820083,5965.796361,4.058364871,5911.535002,3.99698107,0.038,0,0,0.008,0,0,0.009,0.8,0.146
249,TAMBACOUNDA,PASS KOTO,2,Tropics lowland; semi-arid with soil/terrain limitations,14280.34054,2.012732987,14510.00183,2.045102443,14443.37702,2.029989743,15287.11523,2.125276689,0.011,0,0,0.001,0,0,0.002,0.948,0.038
250,DIOURBEL,GAWANE,2,Tropics lowland; semi-arid with soil/terrain limitations,22118.29472,4.169329825,22654.77823,4.261621186,22467.88563,4.22249307,23509.46104,4.304185471,0.943,0,0,0.008,0,0,0,0.005,0.043
251,DIOURBEL,LAMBAYE,2,Tropics lowland; semi-arid with soil/terrain limitations,30770.96428,6.04062903,31663.17456,6.08907203,32131.70654,6.027331934,33078.83294,6.096356973,0.845,0,0,0.019,0,0,0,0.005,0.131
252,DIOURBEL,NGOGOM,2,Tropics lowland; semi-arid with soil/terrain limitations,39108.94858,6.866037322,40200.21679,6.96228209,40979.17951,7.008582096,41547.78028,7.026514508,0.837,0,0,0.027,0,0,0.002,0.017,0.117
253,DIOURBEL,REFANE,2,Tropics lowland; semi-arid with soil/terrain limitations,30947.43373,9.299108694,30786.05164,9.052058699,31574.87072,9.240524062,32072.90661,9.364352295,0.673,0,0,0.059,0,0,0,0.006,0.262
254,ZIGUINCHOR,MLOMP,2,Tropics lowland; semi-arid with soil/terrain limitations,12487.82861,3.849515601,12573.98025,3.853502987,12557.79161,3.836783262,12667.57773,3.864422735,0.009,0.271,0.001,0.005,0.223,0,0.285,0.054,0.151
255,ZIGUINCHOR,OUKOUT,2,Tropics lowland; semi-arid with soil/terrain limitations,9576.025847,2.949191822,9452.458495,2.900416844,9153.273154,2.804311628,9421.841129,2.886593483,0.002,0.19,0.002,0.003,0.117,0,0.451,0.015,0.22
256,LOUGA,LOUGA,53,Desert/Arid climate,83358.53375,33.0002113,82442.59458,32.63760672,85257.1851,33.72515233,77531.31122,30.42830111,0.078,0.001,0,0.551,0,0.001,0.001,0.033,0.334
257,KAFFRINE,LOUR ESCALE,2,Tropics lowland; semi-arid with soil/terrain limitations,26024.2524,3.041282272,26969.71301,3.096052464,28074.37794,3.206667954,29801.52683,3.328292029,0.048,0,0,0.002,0,0,0.002,0.571,0.377
258,KAFFRINE,RIBOT ESCALE,1,Tropics lowland; semi-arid no soil/terrain limitations,20689.67342,2.427225882,20722.73929,2.40458799,21155.04028,2.4465179,22823.77064,2.585091249,0.049,0,0,0.001,0,0,0.002,0.448,0.5
259,KAFFRINE,MABO,2,Tropics lowland; semi-arid with soil/terrain limitations,32983.5395,2.088755589,34201.92519,2.165364051,35079.1246,2.214171849,36231.29719,2.280993276,0.683,0.012,0,0.01,0.002,0,0.017,0.162,0.113
260,KAFFRINE,MBEULEUP,2,Tropics lowland; semi-arid with soil/terrain limitations,9113.461533,2.105211719,9590.374841,2.215378804,10127.05948,2.338812814,10614.75822,2.440174303,0.687,0,0,0.01,0,0,0.014,0.154,0.136
261,KAFFRINE,NDIOGNICK,2,Tropics lowland; semi-arid with soil/terrain limitations,29058.97195,2.094038477,30471.30598,2.192495753,32858.70726,2.35850612,34519.75706,2.46622541,0.709,0,0,0.011,0,0,0.003,0.076,0.201
262,KAFFRINE,SEGRE GATTA,2,Tropics lowland; semi-arid with soil/terrain limitations,7408.153147,1.77781453,7766.161382,1.861496017,7870.709646,1.877106999,8197.89931,1.950951763,0.838,0,0,0.009,0,0,0.021,0.062,0.07
263,TAMBACOUNDA,MAKACOLIBANTANG,2,Tropics lowland; semi-arid with soil/terrain limitations,40944.22932,2.449989787,42706.39173,2.545228663,41778.76295,2.484317236,44709.20237,2.658097644,0.035,0,0,0.003,0,0,0.032,0.862,0.068
264,TAMBACOUNDA,NDOGA BABACAR,2,Tropics lowland; semi-arid with soil/terrain limitations,21765.7063,2.379025718,22164.41798,2.418376211,21553.53022,2.346090151,23372.69996,2.542445335,0.03,0,0,0.001,0,0,0.014,0.893,0.062
265,TAMBACOUNDA,NIANI TOUCOULEUR,2,Tropics lowland; semi-arid with soil/terrain limitations,15384.23706,1.863626537,16276.68361,1.96816005,15842.70049,1.913138569,17153.05148,2.070874258,0.03,0,0,0.002,0,0,0.022,0.858,0.088
266,KAFFRINE,MALEM HODDAR,2,Tropics lowland; semi-arid with soil/terrain limitations,11245.42692,7.432535966,11966.53184,7.720343121,13554.81782,8.683419487,12959.51194,8.291434384,0.295,0,0,0.016,0,0,0,0.277,0.412
267,DAKAR,KEUR MASSAR NORD,56,Dominantly built-up land,186094.9345,99.62255593,189516.1502,101.4540419,194131.6275,103.8692496,198071.5041,105.9772627,0.014,0.002,0.01,0.614,0.002,0.001,0.019,0.09,0.242
268,DAKAR,MALIKA,53,Desert/Arid climate,52742.91573,67.2741272,54339.61239,68.95889897,56377.37474,71.45421387,55838.46205,70.59224026,0,0.014,0.032,0.425,0.029,0,0.023,0.094,0.369
269,KOLDA,BAGADADJI,2,Tropics lowland; semi-arid with soil/terrain limitations,20971.97782,4.301944169,21960.63646,4.500130423,21819.23112,4.469322229,23472.77518,4.804088249,0.009,0,0,0.004,0,0,0.825,0.146,0.015
270,KOLDA,COUMBACARA,2,Tropics lowland; semi-arid with soil/terrain limitations,14840.60405,3.699053852,14962.76483,3.723933507,15144.96656,3.766467685,16285.3854,4.050083412,0.006,0,0,0.002,0,0,0.891,0.093,0.007
271,KOLDA,DABO,2,Tropics lowland; semi-arid with soil/terrain limitations,11134.68407,6.768804905,11396.67089,6.923858377,12262.27547,7.449742086,12260.94625,7.444411811,0.024,0,0,0.022,0,0,0.524,0.382,0.049
272,KOLDA,DIALAMBERE,2,Tropics lowland; semi-arid with soil/terrain limitations,14803.74337,3.52806086,15561.15109,3.708567943,15604.21302,3.713520472,16704.03269,3.958301586,0.009,0,0,0.002,0,0,0.736,0.236,0.017
273,KOLDA,MAMPATIM,50,Land with severe soil/terrain limitations,17124.18182,3.051351001,19146.0355,3.409194356,19269.87149,3.42028248,19944.29323,3.527466083,0.016,0,0,0.005,0,0,0.607,0.328,0.044
274,KOLDA,MEDINA CHERIF,52,Dominantly hydromorphic soils,15117.07819,3.140232279,15955.73512,3.311692635,15843.80334,3.276898313,16496.7439,3.407714089,0.042,0.013,0,0.003,0.003,0,0.539,0.34,0.06
275,SEDHIOU,MARSASSOUM,2,Tropics lowland; semi-arid with soil/terrain limitations,9784.634346,15.07647819,10152.80999,15.52417429,10531.43926,16.07853322,9792.881922,14.95096477,0.042,0.006,0,0.075,0.178,0,0.442,0.143,0.112
276,KAOLACK,FASS,2,Tropics lowland; semi-arid with soil/terrain limitations,4333.761813,16.05096968,4253.835441,15.75494608,4427.142598,16.39682444,4192.354439,15.52723866,0.613,0,0,0.142,0,0,0,0.043,0.202
277,KAOLACK,KHELCOM BIRANE,2,Tropics lowland; semi-arid with soil/terrain limitations,15785.96393,4.436752089,16544.58986,4.552721481,17426.26515,4.727689949,18263.59212,4.928114441,0.871,0,0,0.009,0,0,0.002,0.028,0.09
278,KAOLACK,MBADAKHOUNE,2,Tropics lowland; semi-arid with soil/terrain limitations,31123.15571,5.140924299,33716.57623,5.508344426,36734.89414,5.936472873,36875.33451,5.944758103,0.748,0.012,0.009,0.009,0.002,0,0.003,0.03,0.187
279,KAOLACK,NDIAGO,2,Tropics lowland; semi-arid with soil/terrain limitations,16415.30024,2.019847452,16326.33068,2.008158755,16305.68959,2.004140805,16978.55484,2.070050578,0.731,0,0,0.004,0,0,0.001,0.017,0.248
280,KAOLACK,NGATHIE NAOUDE,2,Tropics lowland; semi-arid with soil/terrain limitations,20394.98385,2.401953109,21247.36881,2.500573004,21385.80819,2.516273466,21998.47998,2.588360981,0.661,0.001,0.004,0.005,0,0,0.001,0.035,0.292
281,SAINT LOUIS,GAE,51,Ample irrigated soils,8733.742054,6.50315864,9295.446836,6.750506054,10065.92543,7.034189681,10331.32683,7.219655369,0.003,0.116,0.001,0.016,0.005,0.126,0.059,0.484,0.189
282,SAINT LOUIS,BOKHOL,53,Desert/Arid climate,30047.50435,4.183723803,30747.12875,4.235141702,31574.9961,4.302943049,33162.82561,4.497874083,0.002,0.015,0,0.003,0.003,0.014,0.017,0.031,0.913
283,SAINT LOUIS,MBANE,53,Desert/Arid climate,63512.17158,2.64876852,62342.07706,2.593696,61542.08861,2.54001769,67061.97278,2.759070714,0.014,0.004,0,0.001,0.004,0.007,0.009,0.023,0.938
284,SAINT LOUIS,NDOMBO SANDJIRY,51,Ample irrigated soils,4716.167449,9.00031956,4869.480611,9.29290193,5280.77843,9.761143124,5279.825024,9.705560705,0.02,0.012,0,0.03,0,0.105,0.227,0.211,0.395
285,LOUGA,KELE GUEYE,53,Desert/Arid climate,12168.6428,4.203330847,13060.16151,4.511282042,13569.80487,4.664766196,14303.6316,4.680507723,0.266,0,0,0.016,0,0,0,0.003,0.708
286,LOUGA,MBEDIENE,53,Desert/Arid climate,13832.56192,2.849724335,14069.76243,2.88906826,13939.03742,2.831986474,14801.67117,2.966266768,0.419,0,0,0.006,0,0,0,0.001,0.57
287,LOUGA,NGUIDILE,53,Desert/Arid climate,34814.50532,6.576219365,37603.93843,7.103123996,39472.15121,7.34638958,39299.8826,7.171511423,0.211,0,0,0.029,0,0,0,0.005,0.751
288,LOUGA,NIOMRE,53,Desert/Arid climate,19346.57834,5.656894251,20378.52807,5.942994479,20557.14964,5.944809034,21229.12215,6.029287744,0.477,0,0,0.013,0,0,0,0.003,0.506
289,THIES,MBOUR,56,Dominantly built-up land,144785.5412,50.22044438,140131.4171,48.6061107,139134.5959,48.26035238,131495.5698,45.61067285,0.03,0.001,0.002,0.777,0.001,0,0.019,0.084,0.085
290,KAOLACK,KAYEMOR,2,Tropics lowland; semi-arid with soil/terrain limitations,33102.70932,3.323565193,34117.50724,3.4206444,35218.00748,3.520392591,36937.82804,3.68751403,0.685,0.008,0,0.011,0.001,0,0.031,0.189,0.075
291,KAOLACK,MEDINA SABAKH,2,Tropics lowland; semi-arid with soil/terrain limitations,61820.87048,4.347764996,61876.80129,4.348945832,62301.21869,4.368030477,64411.64301,4.500848509,0.636,0.031,0.006,0.017,0.006,0,0.066,0.166,0.073
292,KAOLACK,NGAYENE,2,Tropics lowland; semi-arid with soil/terrain limitations,34309.5847,3.106064159,35087.7998,3.176516368,35759.20373,3.234370815,37461.58795,3.384675456,0.695,0,0,0.01,0,0,0.102,0.149,0.045
293,THIES,MBORO,53,Desert/Arid climate,29722.16586,23.53298959,28585.1143,22.52570078,29367.36463,23.10571568,29175.08621,22.95443447,0.173,0.001,0.002,0.333,0,0.004,0.255,0.076,0.15
294,THIES,DAROU KHOUDOSS,53,Desert/Arid climate,119167.3408,5.045188009,124413.6069,5.218691565,128193.3049,5.353209374,131141.2553,5.472199261,0.362,0.009,0.049,0.019,0,0.002,0.054,0.126,0.352
295,THIES,MEOUANE,2,Tropics lowland; semi-arid with soil/terrain limitations,35966.56703,5.281434218,37249.27325,5.404711731,38742.03543,5.463550336,42055.71787,5.795991988,0.226,0,0.005,0.014,0,0,0.004,0.028,0.717
296,THIES,TAIBA NDIAYE,2,Tropics lowland; semi-arid with soil/terrain limitations,30205.19014,6.536505116,30516.5129,6.547202939,31851.8224,6.769781594,32248.35693,6.799147571,0.389,0,0.022,0.024,0,0.001,0.024,0.165,0.368
297,THIES,MEKHE,2,Tropics lowland; semi-arid with soil/terrain limitations,18551.01303,27.8962602,17836.81693,26.8222811,18231.31765,27.41551527,17722.1224,26.17743338,0.151,0,0.001,0.457,0,0,0,0.019,0.37
298,THIES,KOUL,2,Tropics lowland; semi-arid with soil/terrain limitations,28154.84572,4.139201076,29212.14237,4.277660327,29130.82833,4.218191186,31727.9451,4.490862718,0.805,0,0,0.016,0,0,0,0.002,0.174
299,THIES,MERINA DAKHAR,2,Tropics lowland; semi-arid with soil/terrain limitations,44175.43887,3.321461569,47260.2167,3.535588891,47680.54434,3.526145862,51264.18437,3.750397569,0.586,0,0,0.016,0,0,0,0.002,0.394
300,THIES,PEKESSE,2,Tropics lowland; semi-arid with soil/terrain limitations,22902.15888,3.882379874,23396.15383,3.966122025,24772.33647,4.167620536,26915.67884,4.459191326,0.782,0,0,0.021,0,0,0,0.002,0.195
301,TAMBACOUNDA,DIALACOTO,50,Land with severe soil/terrain limitations,28917.49672,2.358494145,30202.70913,2.458703121,30321.72351,2.463178189,32390.43477,2.630588384,0.001,0.002,0,0,0,0,0.539,0.455,0.002
302,TAMBACOUNDA,MISSIRAH,50,Land with severe soil/terrain limitations,52414.95532,3.8242343,55089.06492,3.997174932,56314.94292,4.056688008,59715.51268,4.294844123,0.013,0.004,0,0.003,0,0,0.197,0.749,0.035
303,TAMBACOUNDA,NETTEBOULOU,2,Tropics lowland; semi-arid with soil/terrain limitations,22344.15517,2.285847077,23521.14313,2.402568246,24050.09756,2.443618935,25774.60342,2.618571921,0.021,0.002,0,0.002,0.001,0,0.036,0.895,0.043
304,KAFFRINE,NGAINTHE PATHE,2,Tropics lowland; semi-arid with soil/terrain limitations,31576.61497,1.940310616,32724.76408,1.996508089,32725.19886,1.995682331,34951.69559,2.111757331,0.053,0,0,0.001,0,0,0.002,0.663,0.281
305,KAFFRINE,MAKA YOP,2,Tropics lowland; semi-arid with soil/terrain limitations,17917.07807,2.325081504,18597.09487,2.396841715,19198.64383,2.474370903,20108.71178,2.58068683,0.231,0,0,0.002,0,0,0.003,0.593,0.17
306,KAFFRINE,MISSIRAH WADENE,2,Tropics lowland; semi-arid with soil/terrain limitations,24668.03658,3.414261118,26096.52401,3.568511419,27511.78288,3.7461578,28200.49717,3.784793607,0.263,0,0,0.003,0,0,0.009,0.614,0.111
307,TAMBACOUNDA,BALLOU,2,Tropics lowland; semi-arid with soil/terrain limitations,16830.48723,8.394257968,16879.76973,8.360460491,16544.8968,8.074620207,17272.87314,8.364587479,0.006,0.009,0.002,0.005,0.002,0.001,0.003,0.572,0.399
308,TAMBACOUNDA,DIAWARA,52,Dominantly hydromorphic soils,11602.23958,20.68135397,11687.76242,20.8338011,12719.85329,22.67353527,12007.116,21.40305883,0.003,0.053,0.001,0.134,0.005,0.002,0.002,0.069,0.7
309,TAMBACOUNDA,GABOU,2,Tropics lowland; semi-arid with soil/terrain limitations,23126.75212,5.526105644,24125.82257,5.694081324,23764.61084,5.524084341,25576.30174,5.895874075,0.004,0.001,0,0.002,0,0,0.002,0.423,0.567
310,TAMBACOUNDA,MOUDERY,1,Tropics lowland; semi-arid no soil/terrain limitations,24274.35788,8.657046318,25407.17423,8.93046546,26234.15179,9.166370297,27187.25338,9.463018926,0.002,0.036,0.001,0.006,0.002,0.003,0.005,0.064,0.88
311,DIOURBEL,DALLA NGABOU,2,Tropics lowland; semi-arid with soil/terrain limitations,22504.62921,5.2009774,26444.29637,6.087545204,28330.07702,6.479889529,30913.0779,7.025699523,0.823,0,0,0.013,0,0,0,0.021,0.142
312,DIOURBEL,MISSIRAH,2,Tropics lowland; semi-arid with soil/terrain limitations,11318.05735,3.493227578,12029.08786,3.702397003,13004.48284,3.992779502,14624.46855,4.460039205,0.939,0,0,0.004,0,0,0,0.002,0.055
313,DIOURBEL,NGHAYE,2,Tropics lowland; semi-arid with soil/terrain limitations,9310.447121,3.218267239,10104.55087,3.467587806,11027.99368,3.758689053,12406.81477,4.202850533,0.899,0,0,0.004,0,0,0,0.006,0.09
314,DIOURBEL,TOUBA FALL,2,Tropics lowland; semi-arid with soil/terrain limitations,17333.48394,4.035735493,18908.07009,4.393138962,20581.14295,4.753150797,23028.69711,5.301265449,0.914,0,0,0.002,0,0,0,0.002,0.082
315,DIOURBEL,TOUBA MOSQUEE,2,Tropics lowland; semi-arid with soil/terrain limitations,1001408.466,26.63887174,1027223.059,27.32048883,1058689.333,28.13194093,1078822.139,28.61976758,0.545,0,0,0.15,0,0,0,0.007,0.297
316,LOUGA,GUEOUL,53,Desert/Arid climate,8733.684491,19.75946717,8893.67103,20.12142767,9219.669158,20.71835766,8616.170124,19.31876709,0.025,0,0,0.287,0,0,0,0.002,0.682
317,LOUGA,BADEGNE OUOLOF,53,Desert/Arid climate,17001.74163,3.451429482,18342.16083,3.689091077,18837.97063,3.730291214,19755.0696,3.811512561,0.042,0,0,0.007,0,0,0,0.001,0.919
318,LOUGA,DIOKOUL DIAWRIGNE,53,Desert/Arid climate,19342.98736,2.935648408,19994.44116,3.007135082,20036.95464,2.992823695,20798.92673,3.099691018,0.072,0,0,0.009,0,0,0.001,0.005,0.896
319,LOUGA,KAB GAYE,2,Tropics lowland; semi-arid with soil/terrain limitations,12200.59878,3.026692825,12230.19265,3.022786121,11886.47629,2.932760003,12611.65831,3.099449081,0.217,0,0,0.004,0,0,0,0.004,0.765
320,LOUGA,NDANDE,2,Tropics lowland; semi-arid with soil/terrain limitations,25978.0901,5.123883649,27533.32877,5.380756061,29034.21386,5.638806343,29537.62782,5.672676748,0.119,0,0,0.024,0,0,0.001,0.003,0.841
321,LOUGA,THIEPPE,53,Desert/Arid climate,29299.17594,3.029591142,29017.26068,2.962456425,28861.98728,2.92184524,30187.40188,3.030559369,0.089,0.004,0.04,0.005,0,0.001,0.006,0.033,0.789
322,SAINT LOUIS,ROSS BETHIO,53,Desert/Arid climate,17344.04241,8.598930296,18524.29245,9.138772795,19590.37052,9.631450601,18773.59332,9.193728364,0.016,0.006,0.056,0.014,0,0.023,0.004,0.125,0.743
323,SAINT LOUIS,ROSSO,51,Ample irrigated soils,11659.73236,13.17483882,11969.38634,13.52473033,12690.57874,13.89986718,12015.4756,13.14603458,0.004,0.059,0,0.029,0.03,0.214,0.148,0.203,0.307
324,SAINT LOUIS,DIAMA,53,Desert/Arid climate,57419.20759,4.398928031,60151.65661,4.573227143,60946.60466,4.593157334,63442.37783,4.773333671,0.028,0.146,0.037,0.004,0.028,0.081,0.027,0.149,0.496
325,SAINT LOUIS,NGNITH,53,Desert/Arid climate,31204.7413,3.544784881,31860.21387,3.601244927,31669.20211,3.562339944,33547.57322,3.768543385,0.039,0.038,0.015,0.002,0.145,0.002,0.003,0.035,0.712
326,SAINT LOUIS,RONKH,51,Ample irrigated soils,25943.34265,4.272619013,26982.48314,4.422632871,26804.74512,4.359203956,27608.97857,4.45521681,0.005,0.068,0.011,0.004,0.048,0.11,0.081,0.208,0.455
327,KAOLACK,KEUR SOCE,2,Tropics lowland; semi-arid with soil/terrain limitations,33081.0663,3.953282301,36622.82323,4.354675771,36838.77125,4.316706263,40174.08163,4.700372251,0.833,0,0,0.014,0,0,0.075,0.041,0.038
328,KAOLACK,NDIAFFATE,2,Tropics lowland; semi-arid with soil/terrain limitations,44219.59707,6.079130749,45951.55095,6.308559988,47769.36071,6.341346171,50743.45498,6.652262058,0.493,0.042,0.042,0.009,0.077,0,0.016,0.075,0.244
329,KAOLACK,NDIEDIENG,2,Tropics lowland; semi-arid with soil/terrain limitations,31546.60241,3.550546135,32544.34902,3.648060646,32542.48869,3.59625248,35596.91482,3.919501742,0.843,0,0,0.017,0,0,0.04,0.066,0.034
330,DIOURBEL,NDANKH SENE,2,Tropics lowland; semi-arid with soil/terrain limitations,13474.97046,3.952763407,13795.97339,4.044553911,14321.52051,4.159605142,15598.34832,4.480996357,0.953,0,0,0.007,0,0,0,0.002,0.038
331,DIOURBEL,GADE ESCALE,2,Tropics lowland; semi-arid with soil/terrain limitations,5394.634592,4.221153828,5650.631055,4.397378253,6414.009785,4.983690587,6859.498237,5.264388517,0.954,0,0,0.005,0,0,0,0.002,0.039
332,DIOURBEL,KEUR NGALGOU,2,Tropics lowland; semi-arid with soil/terrain limitations,12315.26349,3.314118269,13380.06432,3.571827102,13522.68473,3.589775611,14720.00197,3.8869823,0.925,0,0,0.005,0,0,0,0.003,0.066
333,DIOURBEL,NDINDY,2,Tropics lowland; semi-arid with soil/terrain limitations,24033.42965,3.345876325,24432.51385,3.390108762,23703.23719,3.279816963,25706.43609,3.52336021,0.966,0,0,0.005,0,0,0,0.003,0.027
334,DIOURBEL,TAIBA MOUTOUPHA,2,Tropics lowland; semi-arid with soil/terrain limitations,18123.21296,3.674617389,18808.6598,3.795129095,18678.04022,3.74684859,20236.39212,4.035977687,0.94,0,0,0.007,0,0,0,0.008,0.044
335,DIOURBEL,TOUBA LAPPE,2,Tropics lowland; semi-arid with soil/terrain limitations,8785.118544,3.469636076,8959.906442,3.538667631,8810.48278,3.468694008,9383.676839,3.658353544,0.968,0,0,0.004,0,0,0,0.002,0.024
336,FATICK,DIAKHAO,2,Tropics lowland; semi-arid with soil/terrain limitations,4523.994179,6.064335361,4594.815548,6.069769548,4729.946839,6.166814653,4528.855865,5.858804482,0.809,0,0,0.054,0,0,0,0.025,0.112
337,FATICK,DIAOULE,2,Tropics lowland; semi-arid with soil/terrain limitations,15121.36737,2.76088504,15002.57197,2.720321299,14864.95493,2.677887756,16050.87712,2.891528935,0.915,0,0,0.008,0,0,0,0.011,0.067
338,FATICK,MBELLACADIAO,2,Tropics lowland; semi-arid with soil/terrain limitations,19433.88021,2.56282213,20832.20407,2.74396787,21397.30016,2.81617533,22412.02984,2.948951294,0.443,0.027,0.086,0.005,0.025,0,0.001,0.038,0.37
339,FATICK,NDIOP,2,Tropics lowland; semi-arid with soil/terrain limitations,18330.87159,2.369247976,19439.94589,2.492300755,19546.50729,2.467993345,20570.26987,2.597256297,0.923,0,0,0.01,0,0,0,0.005,0.061
340,FATICK,THIARE NDIALGUI,2,Tropics lowland; semi-arid with soil/terrain limitations,20348.931,2.421338767,20589.23667,2.421123786,20997.77953,2.453298228,22095.11047,2.581506072,0.87,0,0,0.01,0,0,0.001,0.017,0.102
341,KOLDA,BIGNARABE,2,Tropics lowland; semi-arid with soil/terrain limitations,11849.05571,4.182511722,12197.96371,4.284497262,12580.24746,4.412573646,12662.53397,4.43987867,0.009,0.002,0,0.002,0,0,0.842,0.133,0.012
342,KOLDA,BOUROUCO,2,Tropics lowland; semi-arid with soil/terrain limitations,26748.0995,2.67480995,26884.24007,2.673452672,27426.87602,2.701090804,28184.6113,2.763197186,0.116,0,0,0.002,0,0,0.466,0.401,0.015
343,KOLDA,KOULINTO,2,Tropics lowland; semi-arid with soil/terrain limitations,12466.77828,2.404856921,12466.35223,2.395993126,12424.7122,2.382038382,12856.24611,2.460525572,0.007,0,0,0.001,0,0,0.819,0.163,0.01
344,KOLDA,NDORNA,2,Tropics lowland; semi-arid with soil/terrain limitations,19679.05526,2.861991747,19821.28513,2.86973869,19925.53325,2.866983202,20496.17265,2.940627353,0.011,0,0,0.001,0,0,0.856,0.123,0.01
345,DIOURBEL,DIOURBEL,2,Tropics lowland; semi-arid with soil/terrain limitations,121181.0951,35.19636802,116321.851,33.77521807,118976.214,34.52588915,110314.2132,31.92886056,0.417,0,0,0.382,0,0,0.002,0.063,0.135
346,DIOURBEL,NDOULO,2,Tropics lowland; semi-arid with soil/terrain limitations,16877.37423,5.249572079,18143.60381,5.471533115,18430.20577,5.485180289,19802.8743,5.865780301,0.919,0,0,0.01,0,0,0.001,0.017,0.053
347,DIOURBEL,NGOHE,2,Tropics lowland; semi-arid with soil/terrain limitations,40763.3717,4.887108465,45249.98059,5.360101942,46699.34693,5.499216549,48677.91915,5.724120314,0.911,0,0,0.013,0,0,0.001,0.018,0.057
348,DIOURBEL,PATTAR,2,Tropics lowland; semi-arid with soil/terrain limitations,26527.29714,5.130012985,27506.01193,5.215398545,28677.88809,5.394636585,30195.14254,5.675778673,0.907,0,0,0.011,0,0,0,0.007,0.075
349,DIOURBEL,TOCKY GARE,2,Tropics lowland; semi-arid with soil/terrain limitations,29394.14537,4.144106213,30370.42145,4.225743906,30630.16879,4.136417122,32649.8461,4.375481922,0.923,0,0,0.007,0,0,0,0.007,0.063
350,DIOURBEL,TOURE MBONDE,2,Tropics lowland; semi-arid with soil/terrain limitations,19785.32769,3.489475784,21162.55173,3.692645564,21222.2983,3.626503468,23242.4456,3.914187538,0.942,0,0,0.008,0,0,0,0.011,0.039
351,KAOLACK,DYA,2,Tropics lowland; semi-arid with soil/terrain limitations,28369.38365,5.06415274,31038.61635,5.514055134,32827.33911,5.823547829,35050.37806,6.201411546,0.684,0.016,0.053,0.007,0.006,0,0.001,0.029,0.201
352,KAOLACK,GANDIAYE,2,Tropics lowland; semi-arid with soil/terrain limitations,20349.07536,10.84705509,20727.04136,11.04264324,21674.80113,11.54757652,21439.52301,11.41614644,0.778,0,0,0.062,0,0,0.004,0.074,0.082
353,KAOLACK,NDIEBEL,2,Tropics lowland; semi-arid with soil/terrain limitations,20378.42139,4.710684556,21349.82606,4.844525995,21479.89263,4.771188945,23942.19142,5.318123372,0.929,0,0,0.009,0,0,0.002,0.018,0.042
354,KAOLACK,SIBASSOR,2,Tropics lowland; semi-arid with soil/terrain limitations,12258.13596,11.46691858,12494.48689,11.43136953,14057.99725,12.72216946,13988.97095,12.64825584,0.675,0.013,0.026,0.047,0.003,0,0.002,0.053,0.18
355,KAOLACK,THIOMBY,2,Tropics lowland; semi-arid with soil/terrain limitations,28528.71871,4.475795216,30051.4178,4.708039762,30175.27247,4.727443596,32250.84729,5.0526159,0.489,0.018,0.031,0.006,0.066,0,0.005,0.082,0.3
356,DIOURBEL,NDANGALMA,2,Tropics lowland; semi-arid with soil/terrain limitations,37463.62276,8.964733851,38532.1557,8.944325835,40401.05244,9.360762846,39952.518,9.222649584,0.881,0,0,0.04,0,0,0,0.008,0.071
357,DIOURBEL,NDONDOL,2,Tropics lowland; semi-arid with soil/terrain limitations,21153.58462,5.514490254,21219.01495,5.375985546,21079.71735,5.317789442,22186.75514,5.59282963,0.921,0,0,0.023,0,0,0,0.003,0.053
358,DIOURBEL,NGOYE,2,Tropics lowland; semi-arid with soil/terrain limitations,46363.61058,5.167589231,50620.4978,5.590954031,52197.34144,5.692185544,53598.17741,5.792518903,0.951,0,0,0.021,0,0,0.001,0.009,0.018
359,DIOURBEL,THIAKHAR,2,Tropics lowland; semi-arid with soil/terrain limitations,31108.66792,4.805169589,31765.97285,4.864620651,32556.21874,4.93575178,33951.88484,5.021725312,0.944,0,0,0.012,0,0,0.001,0.01,0.033
360,KAOLACK,GUINGUINEO,2,Tropics lowland; semi-arid with soil/terrain limitations,15760.37886,23.27973243,15207.36343,22.46287064,15844.36848,23.36927504,15112.13496,22.25645797,0.394,0,0,0.392,0,0,0,0.136,0.078
361,KAOLACK,MBOSS,2,Tropics lowland; semi-arid with soil/terrain limitations,5497.311205,6.183702142,5709.755183,6.422671747,6049.763639,6.805133452,5981.158607,6.667958313,0.642,0,0,0.031,0,0,0,0.006,0.321
362,KAOLACK,DARA MBOSS,2,Tropics lowland; semi-arid with soil/terrain limitations,7653.206738,2.05014914,7961.745734,2.132800893,7747.483722,2.069859397,8074.637078,2.141245579,0.622,0,0,0.004,0,0,0,0.019,0.354
363,KAOLACK,GAGNICK,2,Tropics lowland; semi-arid with soil/terrain limitations,9204.451455,4.722653389,9646.511394,4.891740058,10700.44343,5.310393763,11218.0282,5.480228723,0.888,0,0,0.007,0,0,0,0.01,0.095
364,KAOLACK,NGUELOU,2,Tropics lowland; semi-arid with soil/terrain limitations,13738.06617,2.239658652,13848.21005,2.251741471,13783.6137,2.229636638,14510.2902,2.327605101,0.88,0,0,0.004,0,0,0,0.007,0.11
365,KAOLACK,OUROUR,2,Tropics lowland; semi-arid with soil/terrain limitations,16502.39164,4.096919473,17446.74592,4.207076423,17694.5214,4.199981344,18830.13233,4.446312238,0.833,0,0,0.005,0,0,0.001,0.01,0.151
366,KAOLACK,PANAL OUOLOF,2,Tropics lowland; semi-arid with soil/terrain limitations,9303.090694,2.661828525,9387.573519,2.673760615,9163.69952,2.581323808,9567.332328,2.671692915,0.645,0,0,0.005,0,0,0,0.008,0.342
367,ZIGUINCHOR,ADEANE,2,Tropics lowland; semi-arid with soil/terrain limitations,21551.33924,8.630892769,22499.89965,8.953402168,23493.43791,9.231213324,25351.74144,9.899157144,0.001,0.02,0,0.01,0.144,0,0.747,0.036,0.043
368,ZIGUINCHOR,BOUTOUPA CAMARACOUNDA,2,Tropics lowland; semi-arid with soil/terrain limitations,16046.0986,5.123275416,16012.86058,5.088293797,16033.26392,5.081858613,18047.88157,5.700531134,0,0.007,0,0.002,0.003,0,0.972,0.005,0.01
369,ZIGUINCHOR,NIAGUIS,2,Tropics lowland; semi-arid with soil/terrain limitations,36552.72573,7.623091914,38011.39001,7.914093278,40814.97715,8.487206727,42438.3481,8.804636536,0.001,0.171,0,0.012,0.093,0.001,0.575,0.042,0.105
370,FATICK,NGAYOKHEME,2,Tropics lowland; semi-arid with soil/terrain limitations,21838.37095,3.037325583,22682.82452,3.154773925,21879.69142,2.960315441,23258.34379,3.08343415,0.944,0,0,0.014,0,0,0.002,0.007,0.033
371,FATICK,NIAKHAR,2,Tropics lowland; semi-arid with soil/terrain limitations,36507.88039,2.83094606,37890.31127,2.926570732,39269.26096,2.971342385,40052.00964,3.026219089,0.84,0.001,0.004,0.014,0,0,0,0.02,0.119
372,FATICK,PATAR,2,Tropics lowland; semi-arid with soil/terrain limitations,23324.79392,3.025657532,23868.39247,3.049104813,24811.06662,3.142232348,25969.56093,3.288951485,0.949,0,0,0.013,0,0,0.001,0.007,0.03
373,THIES,MBAYENE,2,Tropics lowland; semi-arid with soil/terrain limitations,12944.65051,3.871007929,13141.72047,3.919391729,12823.33982,3.799508094,14035.44898,4.125646378,0.672,0,0,0.006,0,0,0,0,0.321
374,THIES,NGANDIOUF,2,Tropics lowland; semi-arid with soil/terrain limitations,27705.5838,3.533424793,28477.20694,3.606535834,28720.27179,3.589585276,32022.32052,3.934429355,0.254,0,0,0.011,0,0,0,0.001,0.714
375,THIES,NIAKHENE,2,Tropics lowland; semi-arid with soil/terrain limitations,13782.29937,3.740108377,14170.15331,3.827702138,14316.06521,3.82577905,15611.11516,4.102789793,0.922,0,0,0.01,0,0,0,0.001,0.066
376,THIES,THILMAKHA,2,Tropics lowland; semi-arid with soil/terrain limitations,17702.63169,3.386767112,18093.03132,3.449576992,18660.74493,3.531556572,20558.63141,3.805040054,0.955,0,0,0.006,0,0,0,0.002,0.034
377,KOLDA,DINGUIRAYE,50,Land with severe soil/terrain limitations,17336.09535,2.326368136,17958.72983,2.396414443,18395.6991,2.452432889,18552.56283,2.467096121,0.048,0,0,0.004,0,0,0.224,0.547,0.176
378,KOLDA,KEREWANE,2,Tropics lowland; semi-arid with soil/terrain limitations,37715.36265,2.655637421,38837.39964,2.713624905,39323.42013,2.724549306,40336.73527,2.782227567,0.059,0.002,0,0.002,0,0,0.385,0.469,0.083
379,KOLDA,NIAMING,50,Land with severe soil/terrain limitations,14768.68367,3.321791198,15057.33708,3.35352719,15347.59558,3.403769257,15787.15796,3.485793323,0.055,0,0,0.004,0,0,0.361,0.421,0.158
380,KOLDA,PATA,50,Land with severe soil/terrain limitations,4246.011412,6.542390465,4415.111678,6.649264575,4537.124031,6.833018119,4570.569326,6.88338754,0.099,0,0,0.022,0,0,0.109,0.568,0.202
381,FATICK,BASSOUL,50,Land with severe soil/terrain limitations,6254.548319,6.515154499,5925.023727,6.171899716,6100.775884,6.354974879,6266.111412,6.527199388,0.003,0.596,0.003,0.003,0.248,0,0.033,0.018,0.096
382,FATICK,DIONEWAR,2,Tropics lowland; semi-arid with soil/terrain limitations,8400.123464,9.801777672,8099.163193,9.450598825,7941.673819,9.266830594,8028.201913,9.367796865,0.015,0.474,0.002,0.007,0.33,0,0.041,0.033,0.098
383,FATICK,DJIRNDA,50,Land with severe soil/terrain limitations,5991.128076,4.576874007,5466.904509,4.176397638,5097.95811,3.89454401,5601.502689,4.279222833,0.003,0.419,0.03,0.003,0.271,0,0.007,0.029,0.237
384,THIES,NOTTO,2,Tropics lowland; semi-arid with soil/terrain limitations,73483.89318,5.745867009,79706.01813,6.177324508,82537.52247,6.297209314,88903.11663,6.73253439,0.51,0,0,0.02,0,0,0.015,0.236,0.218
385,THIES,TASSETE,2,Tropics lowland; semi-arid with soil/terrain limitations,32383.05847,3.980218593,35101.05281,4.174720839,35491.47788,4.195706097,39538.55167,4.674140166,0.678,0,0,0.009,0,0,0.042,0.13,0.141
386,ZIGUINCHOR,ENAMPORE,50,Land with severe soil/terrain limitations,19500.56705,5.01042319,19718.66125,5.056066987,19320.20189,4.9475549,21700.12934,5.541401773,0.001,0.352,0.001,0.001,0.187,0,0.244,0.036,0.176
387,ZIGUINCHOR,NIASSIA,2,Tropics lowland; semi-arid with soil/terrain limitations,17316.44893,5.014899776,16815.28176,4.865532916,17507.96082,5.065960885,19457.82989,5.628530486,0,0.065,0.006,0.001,0.048,0.001,0.648,0.024,0.207
388,MATAM,BOKIDIAWE,53,Desert/Arid climate,57347.54327,6.827088485,58750.99435,6.937181999,60033.8728,7.030550744,63727.39337,7.398977519,0,0.031,0.004,0.008,0,0.001,0.005,0.041,0.884
389,MATAM,NABADJI CIVOL,53,Desert/Arid climate,65070.86011,7.497506638,69412.58265,7.918387252,71953.19594,8.108315972,74952.73626,8.385851003,0,0.02,0.003,0.01,0,0,0.007,0.067,0.871
390,MATAM,OGO,53,Desert/Arid climate,58891.40675,6.25240543,60359.80054,6.356339568,62368.0275,6.493963713,65512.16759,6.744792298,0.001,0.029,0.004,0.004,0,0,0.01,0.086,0.843
391,MATAM,DEMBANCANE,2,Tropics lowland; semi-arid with soil/terrain limitations,6229.517641,11.40937297,6974.26302,12.77337549,7753.714349,13.89554543,7794.506656,13.89395126,0.002,0.057,0.003,0.027,0.001,0.006,0.008,0.145,0.742
392,MATAM,AOURE,2,Tropics lowland; semi-arid with soil/terrain limitations,44723.81681,7.659499369,45376.4809,7.713153305,48301.49504,8.142531194,50888.46788,8.472938376,0.004,0.005,0.001,0.002,0,0,0.001,0.723,0.26
393,MATAM,BOKILADJI,2,Tropics lowland; semi-arid with soil/terrain limitations,38354.86546,7.904959905,39859.0592,8.126209827,39266.29292,7.905434451,41843.35071,8.262904959,0.003,0.008,0.001,0.004,0,0.001,0.002,0.285,0.695
394,MATAM,ORKADIERE,53,Desert/Arid climate,54178.36898,10.34135693,57183.98295,10.78129392,58186.51274,10.83345983,59888.32535,11.09453971,0.014,0.033,0.004,0.014,0,0.001,0.001,0.081,0.847
395,MATAM,SEMME,53,Desert/Arid climate,9047.205231,17.3984716,9519.922653,18.23739972,10245.66076,19.62770261,9819.30128,18.77495465,0.022,0,0,0.024,0,0,0,0.062,0.89
396,FATICK,GOSSAS,50,Land with severe soil/terrain limitations,11435.20275,21.21558953,11464.89549,21.27067809,12524.6099,23.23675306,11580.13881,21.48448759,0.391,0,0,0.476,0,0,0,0.056,0.077
397,FATICK,NDIENE LAGANE,2,Tropics lowland; semi-arid with soil/terrain limitations,15578.43143,2.400744558,15839.7608,2.416808178,16032.46757,2.436174984,16620.30132,2.515559455,0.824,0,0,0.005,0,0,0,0.011,0.16
398,FATICK,OUADIOUR,2,Tropics lowland; semi-arid with soil/terrain limitations,15759.43336,3.219496091,16203.87107,3.298833686,17224.44401,3.46289586,17988.34034,3.54519912,0.899,0,0,0.005,0,0,0,0.009,0.087
399,FATICK,PATAR LIA,2,Tropics lowland; semi-arid with soil/terrain limitations,15457.96169,3.003879068,15280.98514,2.930760479,16584.12216,3.098098666,17601.47501,3.237946102,0.914,0,0,0.007,0,0,0.001,0.009,0.068
400,MATAM,ODOBERE,53,Desert/Arid climate,5751.473342,14.8233849,6966.72317,16.95066465,8135.728521,19.65151817,8250.095145,19.92776605,0,0.108,0.013,0.102,0.002,0,0,0.016,0.753
401,MATAM,SINTHIOU BAMAMBE BANADJI,53,Desert/Arid climate,17346.96677,23.03714046,18117.2867,24.06014171,19428.24187,25.80111802,18910.01953,25.11290774,0.043,0,0.007,0.116,0,0,0,0.014,0.814
402,ZIGUINCHOR,OUSSOUYE,2,Tropics lowland; semi-arid with soil/terrain limitations,4435.670163,10.89845249,4354.715856,10.69954756,4665.196946,11.46240036,4466.542675,10.97430633,0.017,0,0,0.236,0,0,0.626,0.077,0.043
403,KOLDA,OUASSADOU,50,Land with severe soil/terrain limitations,23176.70885,3.465935225,23634.55658,3.527545757,22927.82731,3.415436811,24851.32834,3.699215293,0.004,0.001,0,0.004,0,0,0.83,0.154,0.007
404,KOLDA,PAKOUR,50,Land with severe soil/terrain limitations,17008.61821,3.212810392,18021.90318,3.404212917,17968.05599,3.394041555,18623.18917,3.517127323,0.005,0.005,0,0.003,0.01,0,0.796,0.167,0.014
405,KOLDA,PAROUMBA,50,Land with severe soil/terrain limitations,19707.56974,3.20187973,20398.81725,3.312571817,19876.51784,3.226183711,21097.30006,3.424330476,0.005,0.003,0,0.002,0.001,0,0.829,0.139,0.019
406,THIES,CHERIF LO,2,Tropics lowland; semi-arid with soil/terrain limitations,27362.16803,7.13671571,29285.75257,7.478486356,31037.66247,7.818050999,31172.02524,7.847941903,0.554,0,0.002,0.026,0,0,0.001,0.164,0.252
407,THIES,MONT ROLLAND,2,Tropics lowland; semi-arid with soil/terrain limitations,21371.44167,4.736578383,22989.39038,5.070443402,23140.56827,5.101536215,23994.31759,5.289752556,0.135,0.001,0.001,0.013,0,0,0.047,0.541,0.26
408,THIES,NOTTO GOUYE DIAMA,2,Tropics lowland; semi-arid with soil/terrain limitations,30571.13192,5.440671279,31727.47644,5.625439085,33270.98554,5.899110911,33702.34592,5.975593248,0.369,0.002,0.009,0.028,0,0,0.02,0.25,0.303
409,THIES,PAMBAL,2,Tropics lowland; semi-arid with soil/terrain limitations,9875.953139,5.064591353,10993.39534,5.469350915,11612.68111,5.698077092,12164.50292,5.965916097,0.147,0,0.01,0.029,0,0,0.009,0.447,0.351
410,THIES,PIRE GOUREYE,2,Tropics lowland; semi-arid with soil/terrain limitations,25994.05282,5.609420116,27154.12114,5.667735574,28875.64837,5.962347382,29844.62855,6.148460764,0.591,0,0,0.016,0,0,0.001,0.018,0.372
411,KAOLACK,DABALY,2,Tropics lowland; semi-arid with soil/terrain limitations,18137.52813,3.209613896,19401.45452,3.426608005,21440.4728,3.780721707,22214.73587,3.913801245,0.543,0.085,0.006,0.008,0.015,0,0.051,0.202,0.091
412,KAOLACK,DAROU SALAM,2,Tropics lowland; semi-arid with soil/terrain limitations,42486.11836,3.133194569,44834.07935,3.298806516,45202.27206,3.319059553,47565.67247,3.48466465,0.78,0,0,0.011,0,0,0.01,0.098,0.101
413,KAOLACK,GAINTHE KAYE,2,Tropics lowland; semi-arid with soil/terrain limitations,28162.83327,4.661948894,28826.92712,4.759274743,30429.94625,5.016476467,31953.75689,5.239179683,0.932,0,0,0.014,0,0,0.019,0.014,0.02
414,KAOLACK,PAOS KOTO,2,Tropics lowland; semi-arid with soil/terrain limitations,30736.26623,3.812959463,32074.35554,3.963221986,31891.61375,3.930442907,32939.84558,4.043187133,0.837,0,0,0.015,0,0,0.01,0.056,0.083
415,KAOLACK,POROKHANE,2,Tropics lowland; semi-arid with soil/terrain limitations,57700.35714,3.907385192,62370.12118,4.21448214,65015.78634,4.38791836,64841.15583,4.371706839,0.739,0.018,0.002,0.012,0.009,0,0.078,0.092,0.05
416,KAOLACK,TAIBA NIASSENE,2,Tropics lowland; semi-arid with soil/terrain limitations,33263.62987,4.528744707,34717.63032,4.716428518,36674.04344,4.970729661,36984.36757,4.99788751,0.939,0,0,0.02,0,0,0.002,0.012,0.027
417,DAKAR,CAMBERENE,53,Desert/Arid climate,31400.07108,148.1135428,30629.61906,144.4793352,29428.24455,138.8124743,30024.54528,141.6252136,0,0,0.096,0.879,0.002,0,0,0,0.021
418,DAKAR,GRAND YOFF,56,Dominantly built-up land,113657.0524,150.3400164,110420.5743,146.0589608,106314.0556,140.6270577,109625.6649,145.0074932,0,0,0.002,0.96,0,0,0.001,0.002,0.034
419,DAKAR,PARCELLES ASSAINIES,56,Dominantly built-up land,76619.76381,176.5432346,73343.85332,168.9950537,70804.29305,163.1435324,71688.85404,165.1816913,0,0,0.02,0.97,0,0,0,0,0.008
420,DAKAR,PATTE D'OIE,56,Dominantly built-up land,41912.42283,109.4319134,42092.22983,109.9013834,40774.02761,106.4596021,42214.97972,110.2218792,0,0.006,0.002,0.733,0.008,0.001,0.063,0.027,0.158
421,DAKAR,DALIFORT,56,Dominantly built-up land,38121.7316,103.591662,38219.75312,103.8580248,38343.75085,104.1949751,39179.07457,106.4648766,0,0.001,0.007,0.939,0,0,0,0.005,0.048
422,DAKAR,DJIDAH THIAROYE KAO,56,Dominantly built-up land,48119.777,172.472319,47210.72067,169.2140526,46201.24966,165.5958769,46457.24934,166.5134385,0,0,0.001,0.967,0,0,0.002,0.003,0.026
423,DAKAR,GUINAW RAIL NORD,56,Dominantly built-up land,13678.43802,173.1447851,13383.26091,169.408366,13178.81048,166.8203858,13138.85379,166.3146049,0,0,0.003,0.989,0,0,0,0,0.008
424,DAKAR,GUINAW RAIL SUD,56,Dominantly built-up land,20060.54667,130.26329,19472.05869,126.4419396,19480.80026,126.498703,19819.06426,128.6952225,0,0,0.005,0.947,0.001,0,0,0,0.045
425,DAKAR,PIKINE EST,56,Dominantly built-up land,16854.25552,179.3005906,16401.67464,174.4859004,15897.98455,169.1274952,15858.23112,168.7045864,0,0,0,0.996,0,0,0,0,0.004
426,DAKAR,PIKINE NORD,56,Dominantly built-up land,23764.29892,161.6618974,23581.15115,160.4159942,22561.15445,153.4772412,23024.35283,156.6282505,0,0,0.004,0.945,0,0.006,0.001,0.003,0.04
427,DAKAR,PIKINE OUEST,56,Dominantly built-up land,38303.19781,158.9344308,36963.7412,153.3765195,36329.28047,150.7439024,36667.38334,152.1468188,0,0,0.001,0.948,0,0,0.011,0.003,0.037
428,SAINT LOUIS,MPAL,53,Desert/Arid climate,9438.259689,17.06737738,9452.737998,16.91008586,9849.102836,17.46294829,10269.17617,18.20775916,0.166,0,0,0.123,0,0,0.002,0.023,0.687
429,SAINT LOUIS,FASS NGOM,53,Desert/Arid climate,27878.22765,3.873051911,28407.25061,3.929623822,28296.69491,3.896006458,31768.39127,4.308162636,0.157,0.004,0,0.007,0,0.001,0.002,0.013,0.816
430,SAINT LOUIS,GANDON,53,Desert/Arid climate,137467.9203,9.359836608,143866.6384,9.708910679,153235.4698,10.28080978,159661.9919,10.65905547,0.089,0.105,0.023,0.021,0.028,0.006,0.009,0.063,0.648
431,SAINT LOUIS,NDIEBENE GANDIOLE,53,Desert/Arid climate,49673.15036,9.885204052,53320.74202,10.39390683,57198.40205,11.09786613,58428.61489,11.31460397,0.069,0.106,0.036,0.034,0.141,0.018,0.01,0.164,0.417
432,SAINT LOUIS,RICHARD TOLL,51,Ample irrigated soils,40510.65339,26.42573607,40686.55376,26.54047864,43642.93502,27.99418539,40789.1396,25.73447293,0.002,0.129,0,0.218,0.088,0.065,0.131,0.11,0.254
433,DAKAR,RUFISQUE EST,56,Dominantly built-up land,82764.37788,92.785177,83404.27678,93.50255245,84096.6348,94.27873856,80989.05814,90.79490823,0.012,0.001,0.012,0.608,0.001,0,0.032,0.201,0.132
434,DAKAR,RUFISQUE NORD,56,Dominantly built-up land,114908.0449,134.3953742,113462.9095,132.7051573,114501.778,133.9202082,111943.3317,130.9278734,0.004,0,0.003,0.882,0,0,0,0.027,0.083
435,DAKAR,RUFISQUE OUEST,56,Dominantly built-up land,112077.4335,117.1133057,112560.4155,117.617989,111912.1825,116.9406296,112886.3808,117.9586007,0,0.002,0.006,0.875,0,0,0.003,0.023,0.09
436,KEDOUGOU,KHOSSANTO,2,Tropics lowland; semi-arid with soil/terrain limitations,10120.92956,5.343679811,10671.88343,5.607926134,11083.15073,5.824041374,11384.05909,5.975884038,0,0.001,0,0.001,0.001,0,0.418,0.575,0.003
437,KEDOUGOU,MISSIRAH SIRIMANA,2,Tropics lowland; semi-arid with soil/terrain limitations,15386.38166,3.827458124,15796.4557,3.908079094,16071.39418,3.963352449,16939.80251,4.176479908,0,0.001,0,0.001,0.002,0,0.362,0.629,0.004
438,KEDOUGOU,SABODALA,50,Land with severe soil/terrain limitations,20381.30726,4.88994896,21046.01322,5.032523485,23707.50262,5.600638464,24832.03532,5.8168272,0,0.001,0.002,0.001,0.001,0,0.472,0.52,0.003
439,LOUGA,DAHRA,53,Desert/Arid climate,25655.05715,14.77825873,26630.50539,15.2697852,29080.93359,16.67484724,27419.51232,15.72219743,0.354,0,0,0.196,0,0,0,0.014,0.436
440,LOUGA,AFFE DJOLOF,2,Tropics lowland; semi-arid with soil/terrain limitations,4977.567486,1.344925016,5075.518102,1.371020557,5471.777559,1.474475225,5664.606844,1.516628338,0.676,0,0,0.002,0,0,0,0.005,0.317
441,LOUGA,BOULAL,53,Desert/Arid climate,18750.7829,1.362306226,19058.94757,1.380083097,19592.33025,1.411246147,20092.67316,1.44520414,0.824,0,0,0,0,0,0,0.004,0.171
442,LOUGA,DEALY,2,Tropics lowland; semi-arid with soil/terrain limitations,29526.44878,1.167560947,30851.01424,1.214081077,30959.52788,1.214909072,32261.64469,1.265807851,0.793,0,0,0.001,0,0,0,0.005,0.2
443,LOUGA,SAGATTA DJOLOF,53,Desert/Arid climate,10273.51511,1.842452494,11057.21334,1.959109379,11549.95678,2.033801159,11862.96015,2.088917089,0.873,0,0,0.003,0,0,0,0.005,0.12
444,LOUGA,THIAMENE PASSE,53,Desert/Arid climate,14657.19242,2.289828529,15755.49381,2.432529536,16613.7936,2.550474916,17195.11391,2.634862689,0.637,0,0,0.003,0,0,0,0.01,0.35
445,LOUGA,KANENE NDIOB,2,Tropics lowland; semi-arid with soil/terrain limitations,9525.258904,3.40187818,9605.857263,3.378774978,9581.911306,3.330521831,10091.65991,3.487097412,0.418,0,0,0.008,0,0,0,0.001,0.571
446,LOUGA,LORO,2,Tropics lowland; semi-arid with soil/terrain limitations,8189.446177,3.201503587,8657.698463,3.355697079,8942.686804,3.378423424,9383.14627,3.534141721,0.757,0,0,0.007,0,0,0,0.001,0.234
447,LOUGA,NGOURANE OUOLOF,53,Desert/Arid climate,10758.26577,3.616223788,11545.66395,3.838319132,11999.44199,3.899721153,12614.69241,3.999585417,0.33,0,0,0.011,0,0,0,0.001,0.655
448,LOUGA,SAGATTA GUETH,2,Tropics lowland; semi-arid with soil/terrain limitations,16265.20547,4.112567754,16715.11474,4.12413391,17008.05484,4.121166668,17657.66352,4.255884193,0.622,0,0,0.009,0,0,0,0.001,0.367
449,LOUGA,THIOLOM FALL,2,Tropics lowland; semi-arid with soil/terrain limitations,22411.3733,4.285157418,23884.06693,4.527785201,24335.20167,4.546936037,25545.32693,4.707080695,0.175,0,0,0.013,0,0,0,0.001,0.801
450,KAFFRINE,DIANKE SOUF,2,Tropics lowland; semi-arid with soil/terrain limitations,21804.04179,3.422926498,22148.2787,3.456887576,22055.26386,3.420481368,23163.13544,3.534737591,0.273,0,0,0.003,0,0,0,0.438,0.286
451,KAFFRINE,SAGNA,2,Tropics lowland; semi-arid with soil/terrain limitations,42494.6583,2.682235581,44163.00406,2.775278329,44566.86861,2.796089379,45816.84256,2.860870594,0.313,0,0,0.005,0,0,0,0.43,0.251
452,SAINT LOUIS,SAINT LOUIS,53,Desert/Arid climate,151642.4498,60.778537,150395.3037,60.13406784,146216.5688,58.30006731,142779.0465,56.86142833,0.003,0.063,0.1,0.556,0.011,0.009,0.01,0.034,0.207
453,LOUGA,LEONA,53,Desert/Arid climate,53267.52694,4.022012001,55113.15358,4.100375982,56203.2488,4.154586695,57987.57976,4.280789884,0.097,0.001,0.011,0.013,0.002,0.003,0.003,0.038,0.811
454,LOUGA,NGUEUNE SARR,53,Desert/Arid climate,17206.51847,4.220387164,17715.18825,4.328167175,18009.2163,4.299168369,18873.54859,4.399428575,0.026,0,0,0.01,0,0,0,0.002,0.94
455,LOUGA,SAKAL,53,Desert/Arid climate,30927.97957,3.489561048,31759.33066,3.54932171,32630.48804,3.600804242,34686.81867,3.785530794,0.106,0,0,0.007,0,0,0,0.002,0.881
456,SAINT LOUIS,GALOYA TOUCOULEUR,53,Desert/Arid climate,4929.639132,12.77108583,5710.990997,14.64356666,6063.535289,15.46820227,5761.714769,14.69825196,0,0,0,0.141,0,0,0,0,0.856
457,SAINT LOUIS,BOKE DIALLOUBE,53,Desert/Arid climate,39880.52935,2.429073538,40894.44781,2.479052365,41121.67062,2.475717677,41656.99898,2.485501132,0,0.005,0.002,0.001,0,0,0.011,0.042,0.916
458,SAINT LOUIS,MBOLO BIRANE,53,Desert/Arid climate,22486.04498,3.485127864,23012.18262,3.522991828,22778.12955,3.444968171,23708.25271,3.563543171,0,0.023,0.002,0.001,0,0,0.005,0.023,0.919
459,SAINT LOUIS,PETE,53,Desert/Arid climate,6359.808104,16.43361267,6734.478891,17.31228507,7181.730998,18.46203341,6606.145796,16.98237994,0,0,0.001,0.118,0,0,0,0.003,0.869
460,DAKAR,GOLF SUD,56,Dominantly built-up land,84829.96329,94.36035961,85033.70736,94.58699373,83268.35612,92.62331047,85729.78108,95.36126927,0,0.03,0.024,0.52,0.089,0.001,0.068,0.031,0.234
461,DAKAR,SAM NOTAIRE,56,Dominantly built-up land,48602.74708,150.4729012,48513.17019,150.1955733,45993.72398,142.3954303,46649.02741,144.4242335,0,0.003,0.046,0.883,0.003,0,0.002,0.002,0.05
462,DAKAR,BAMBILOR,52,Dominantly hydromorphic soils,141380.6083,18.15131703,153455.4988,19.6309964,172208.2637,21.99620178,185042.0733,23.62339759,0.364,0,0.002,0.07,0,0,0.068,0.205,0.288
463,DAKAR,SANGALKAM,52,Dominantly hydromorphic soils,219380.0879,37.72009765,238771.9228,40.86461112,260456.8278,44.46173231,265284.8513,45.20103106,0.217,0,0.002,0.226,0,0,0.079,0.229,0.243
464,DAKAR,TIVAOUANE PEULH NIAGHA,52,Dominantly hydromorphic soils,208243.1245,38.34342193,227880.5355,41.89750607,255811.6429,47.00691712,262039.459,48.01016105,0.086,0.042,0.09,0.18,0.017,0,0.023,0.161,0.376
465,KOLDA,THIETTY,2,Tropics lowland; semi-arid with soil/terrain limitations,7246.019268,2.806359128,7239.07575,2.802584495,7371.510359,2.842850119,8211.383193,3.153372962,0.015,0,0,0.001,0,0,0.875,0.105,0.005
466,KOLDA,SARE BIDJI,2,Tropics lowland; semi-arid with soil/terrain limitations,25151.25287,4.254991181,25314.90737,4.281229049,25187.95399,4.254721958,26897.67302,4.531279147,0.023,0.001,0,0.004,0,0,0.817,0.134,0.02
467,KOLDA,KOUNKANE,50,Land with severe soil/terrain limitations,19199.58204,10.92747982,20347.81846,11.58100083,22406.12373,12.75248932,21905.02418,12.46728752,0.044,0.005,0,0.04,0.008,0,0.437,0.398,0.068
468,KOLDA,DIAOBE KABENDOU,50,Land with severe soil/terrain limitations,39325.66245,12.7267516,41848.92343,13.54334092,45308.95011,14.66309065,44355.39996,14.31743059,0.066,0.007,0,0.08,0.003,0,0.24,0.465,0.139
469,KOLDA,KANDIA,50,Land with severe soil/terrain limitations,25232.95089,2.960224177,25788.40911,3.0161882,25367.13424,2.952756867,27324.6846,3.166243871,0.081,0.007,0,0.005,0.001,0,0.305,0.479,0.122
470,KOLDA,KANDIAYE,50,Land with severe soil/terrain limitations,16405.71058,3.866535607,16726.32548,3.941170001,16316.68524,3.8410276,17566.44637,4.133281499,0.017,0.015,0,0.003,0.019,0,0.561,0.348,0.037
471,KOLDA,NEMATABA,50,Land with severe soil/terrain limitations,13906.14783,3.059658488,13982.03371,3.06354814,13711.97709,2.997153462,15097.48427,3.295674365,0.051,0,0,0.004,0,0,0.129,0.663,0.151
472,KOLDA,SARE COLY SALLE,50,Land with severe soil/terrain limitations,24512.86466,3.944780281,25554.80878,4.103212714,26058.13955,4.180003136,27578.0476,4.408255691,0.082,0.012,0,0.005,0.009,0,0.397,0.394,0.1
473,SEDHIOU,SEDHIOU,2,Tropics lowland; semi-arid with soil/terrain limitations,34267.62123,26.79251074,33744.24116,26.38330036,34513.06689,26.98441508,31856.83574,24.88815292,0.005,0.004,0,0.246,0.16,0.001,0.464,0.102,0.018
474,THIES,NGUENIENE,2,Tropics lowland; semi-arid with soil/terrain limitations,68761.83149,3.54881459,70269.80105,3.618983419,70775.56728,3.610261543,77587.5284,3.920740229,0.643,0.04,0.016,0.008,0.009,0,0.054,0.11,0.119
475,THIES,SANDIARA,2,Tropics lowland; semi-arid with soil/terrain limitations,43652.72517,3.987278513,47454.19936,4.274767982,47746.80265,4.269206245,52456.4546,4.672764529,0.834,0,0,0.014,0,0,0.021,0.078,0.053
476,THIES,SESSENE,2,Tropics lowland; semi-arid with soil/terrain limitations,34743.85912,3.070873176,36717.07499,3.205051937,35357.76312,3.043360572,40132.71724,3.431026523,0.938,0,0,0.011,0,0,0.003,0.018,0.03
477,THIES,THIADIAYE,2,Tropics lowland; semi-arid with soil/terrain limitations,13909.72808,11.61079139,14838.34261,12.22268749,14676.00945,12.03938429,14983.3797,12.2915338,0.777,0,0,0.141,0,0,0.008,0.04,0.032
478,SEDHIOU,BAGHERE,2,Tropics lowland; semi-arid with soil/terrain limitations,12405.1875,6.355116546,13073.99016,6.667001614,13273.76773,6.755098082,13712.74209,6.9784947,0.005,0.001,0,0.008,0,0,0.961,0.016,0.009
479,SEDHIOU,DIOUBOUDOU,2,Tropics lowland; semi-arid with soil/terrain limitations,6121.481634,5.529793707,5990.764637,5.397085259,5887.017824,5.294080777,6218.376878,5.58704122,0.006,0.008,0,0.006,0.136,0,0.756,0.024,0.064
480,SEDHIOU,NIAGHA,2,Tropics lowland; semi-arid with soil/terrain limitations,14747.70286,4.87205248,15507.13605,5.092655517,15193.90121,4.973453751,16440.03244,5.376073393,0.007,0,0,0.004,0,0,0.979,0.01,0
481,SEDHIOU,SIMBANDI BRASSOU,2,Tropics lowland; semi-arid with soil/terrain limitations,15434.62095,7.109452304,15608.94411,7.179827095,16815.38888,7.731213276,16959.39149,7.790257917,0.005,0.002,0,0.011,0.071,0,0.868,0.017,0.027
482,SEDHIOU,TANAFF,2,Tropics lowland; semi-arid with soil/terrain limitations,8011.162919,13.71774472,8628.882292,14.67496989,9313.957409,15.81317047,8657.418079,14.69850268,0.006,0.002,0,0.064,0,0,0.85,0.024,0.054
483,THIES,POPENGUINE,2,Tropics lowland; semi-arid with soil/terrain limitations,17004.47711,14.90313507,17618.053,15.21420812,18725.52285,16.12878799,18560.87333,15.986971,0.031,0.003,0.005,0.099,0.001,0,0.173,0.552,0.134
484,THIES,SINDIA,2,Tropics lowland; semi-arid with soil/terrain limitations,94424.90216,7.037181559,101278.9761,7.502702137,107891.1661,7.967151532,112388.6911,8.286418281,0.361,0.005,0.001,0.026,0,0,0.149,0.336,0.121
485,THIES,NGAPAROU,2,Tropics lowland; semi-arid with soil/terrain limitations,23178.54084,27.85882312,24314.93056,29.22467615,25349.88735,30.46861461,23811.0937,28.61910301,0.041,0.001,0.005,0.477,0.002,0,0.02,0.339,0.115
486,THIES,SALY PORTUDAL,2,Tropics lowland; semi-arid with soil/terrain limitations,65699.14962,34.39746053,64507.95155,33.77379662,65830.09296,34.46601726,61635.35831,32.2698211,0.078,0.001,0.005,0.59,0,0.001,0.015,0.225,0.085
487,THIES,DIASS,2,Tropics lowland; semi-arid with soil/terrain limitations,77562.29944,7.157174443,84023.11128,7.714204121,88758.81083,8.08810013,91897.89578,8.356633243,0.135,0,0.008,0.032,0,0,0.111,0.51,0.197
488,THIES,MALICOUNDA,2,Tropics lowland; semi-arid with soil/terrain limitations,121942.5524,9.606314195,127281.2317,10.02688134,134188.6823,10.57103216,134966.6871,10.60475266,0.538,0.001,0.001,0.059,0.001,0,0.091,0.196,0.113
489,THIES,NGUEKHOKH,2,Tropics lowland; semi-arid with soil/terrain limitations,39972.68347,14.57261519,39324.01568,14.32047184,41327.32643,15.01174225,41859.9174,15.16663674,0.416,0,0,0.176,0,0.001,0.051,0.247,0.109
490,THIES,SOMONE,2,Tropics lowland; semi-arid with soil/terrain limitations,17163.33318,23.67356301,16995.07566,23.44148368,18057.20306,24.90648698,17571.72135,24.23685704,0.016,0.144,0.007,0.304,0.01,0,0.048,0.26,0.209
491,ZIGUINCHOR,DJIBIDIONE,2,Tropics lowland; semi-arid with soil/terrain limitations,11776.04475,2.44012531,11529.20415,2.343810562,11073.04248,2.216381601,11877.48562,2.36226842,0.005,0.001,0,0.002,0,0,0.963,0.012,0.01
492,ZIGUINCHOR,OULAMPANE,2,Tropics lowland; semi-arid with soil/terrain limitations,14788.40428,2.461042483,14487.64442,2.401001726,13761.7339,2.25972642,14396.60925,2.353156137,0.01,0.001,0,0.002,0.007,0,0.946,0.019,0.016
493,ZIGUINCHOR,SINDIAN,2,Tropics lowland; semi-arid with soil/terrain limitations,9675.516333,2.817564453,9597.309348,2.768188448,8859.135871,2.541347066,9420.014147,2.700692129,0.005,0,0,0.004,0,0,0.976,0.014,0.001
494,ZIGUINCHOR,SUELLE,2,Tropics lowland; semi-arid with soil/terrain limitations,12340.34836,2.899517942,12435.68759,2.905534483,12211.70063,2.843898609,12929.09015,2.989385005,0.005,0.004,0,0.005,0.009,0,0.849,0.024,0.104
495,FATICK,SOKONE,1,Tropics lowland; semi-arid no soil/terrain limitations,24650.2939,28.36627607,23842.02608,27.43616349,24508.79897,28.20345106,22392.35129,25.50381696,0.331,0.006,0,0.337,0,0.001,0.082,0.131,0.112
496,DIOURBEL,SADIO,2,Tropics lowland; semi-arid with soil/terrain limitations,24478.02385,3.29138414,26130.72703,3.506538786,27105.98194,3.622825708,30118.52462,4.00618843,0.561,0,0,0.005,0,0,0,0.001,0.433
497,DIOURBEL,TAIF,2,Tropics lowland; semi-arid with soil/terrain limitations,24941.40696,3.81658867,26346.82938,4.020575214,27050.85989,4.08561545,29623.91876,4.450040373,0.641,0,0,0.003,0,0,0,0.002,0.353
498,FATICK,DIARRERE,2,Tropics lowland; semi-arid with soil/terrain limitations,36701.48407,3.033180502,36665.39421,3.030197868,37195.8379,3.032186997,38892.36439,3.121377559,0.924,0,0,0.012,0,0,0.001,0.01,0.053
499,FATICK,DIOUROUP,2,Tropics lowland; semi-arid with soil/terrain limitations,30456.53214,2.703162522,31020.20435,2.752214032,31482.30888,2.778668039,31883.02402,2.811058369,0.555,0.006,0.047,0.009,0.002,0,0,0.031,0.346
500,FATICK,TATTAGUINE,2,Tropics lowland; semi-arid with soil/terrain limitations,35592.19088,3.026289506,36968.70552,3.135332501,37797.39568,3.158468763,38640.42557,3.213875536,0.877,0,0,0.016,0,0,0.002,0.034,0.07
501,ZIGUINCHOR,KARTIACK,50,Land with severe soil/terrain limitations,7892.883484,4.229841096,8152.24601,4.368834946,8004.936403,4.289890891,7972.722665,4.23405346,0.003,0.134,0.003,0.011,0.099,0.002,0.404,0.051,0.293
502,ZIGUINCHOR,BALINGHORE,2,Tropics lowland; semi-arid with soil/terrain limitations,6422.808111,3.800478172,6595.04929,3.90239603,7382.326734,4.337442265,7638.076666,4.404888504,0.006,0.016,0.002,0.006,0.001,0.001,0.769,0.047,0.152
503,ZIGUINCHOR,DIEGOUNE,2,Tropics lowland; semi-arid with soil/terrain limitations,6848.504305,2.879942937,7111.609621,2.990584365,7055.7227,2.967082717,7472.736248,3.079001338,0.003,0.002,0,0.006,0.009,0.001,0.845,0.041,0.094
504,ZIGUINCHOR,MANGAGOULACK,50,Land with severe soil/terrain limitations,14314.89252,3.550320565,14473.11303,3.589561765,14068.94899,3.485864468,14343.68855,3.521651989,0.001,0.479,0.001,0.002,0.254,0,0.175,0.019,0.07
505,ZIGUINCHOR,MLOMP,2,Tropics lowland; semi-arid with soil/terrain limitations,3945.474065,2.792267562,3997.760744,2.829271581,4655.817859,3.294987869,4627.522491,3.256525328,0.002,0.173,0.003,0.004,0.054,0.003,0.572,0.058,0.13
506,ZIGUINCHOR,THIONCK ESSYL,50,Land with severe soil/terrain limitations,7856.024195,4.834476428,8064.877303,4.963001417,9265.893086,5.702088053,8968.450108,5.505494235,0.001,0.455,0.009,0.013,0.116,0.001,0.147,0.056,0.202
507,ZIGUINCHOR,COUBALAN,2,Tropics lowland; semi-arid with soil/terrain limitations,9920.798337,3.511787022,10233.3904,3.613485312,9886.37534,3.435154739,9960.793267,3.44068852,0.003,0.09,0,0.004,0.29,0.001,0.452,0.03,0.128
508,ZIGUINCHOR,NIAMONE,2,Tropics lowland; semi-arid with soil/terrain limitations,11493.79962,3.024684112,11840.2811,3.115863448,11319.0678,2.966212735,11500.65883,3.008281148,0.001,0.19,0.003,0.002,0.124,0,0.497,0.02,0.162
509,ZIGUINCHOR,OUONCK,2,Tropics lowland; semi-arid with soil/terrain limitations,9634.020227,2.60801847,10180.38898,2.740346968,9789.412597,2.618890475,9890.452558,2.643799133,0.021,0.006,0,0.003,0.052,0.001,0.714,0.044,0.158
510,ZIGUINCHOR,TENGHORI,2,Tropics lowland; semi-arid with soil/terrain limitations,29124.85257,4.232033213,29141.68135,4.218541018,29304.75613,4.209848604,29297.14492,4.196697453,0.004,0.002,0,0.016,0.001,0,0.89,0.03,0.057
511,DAKAR,DIAMAGUENE SICAP MBAO,56,Dominantly built-up land,85204.35825,137.6483978,84855.47019,137.0847661,83888.93578,135.5233211,84575.44677,136.6323857,0.003,0.001,0.003,0.83,0,0,0.036,0.025,0.1
512,DAKAR,MBAO,56,Dominantly built-up land,181319.1933,79.21327798,183446.6545,80.00290207,189253.667,82.35581678,188243.4245,81.77385946,0.005,0.002,0.015,0.565,0.002,0.001,0.047,0.22,0.143
513,DAKAR,THIAROYE GARE,56,Dominantly built-up land,22517.0822,116.067434,22614.64495,116.5703348,22505.06815,116.0055059,22859.53053,117.8326316,0.001,0,0.006,0.839,0,0,0.001,0.01,0.142
514,DAKAR,THIAROYE SUR MER,56,Dominantly built-up land,49172.32015,114.3542329,48850.66666,113.6062015,49401.01505,114.8860815,49510.72525,115.1412215,0,0.001,0.013,0.933,0.002,0,0.001,0.003,0.045
515,DAKAR,TIVAOUANE DIACKSAO,56,Dominantly built-up land,21441.19541,166.2108171,20828.12455,161.4583299,20517.57174,159.0509437,20409.08568,158.2099665,0,0,0.004,0.946,0,0,0,0,0.049
516,THIES,NDIEYENE SIRAKH,2,Tropics lowland; semi-arid with soil/terrain limitations,27129.04995,6.086840913,29190.2829,6.296437209,29694.73214,6.324756579,31913.31182,6.797297512,0.817,0,0,0.03,0,0,0,0.012,0.141
517,THIES,NGOUDIANE,2,Tropics lowland; semi-arid with soil/terrain limitations,30032.86131,8.615278632,30914.91983,8.637865279,31727.6262,8.635717527,33170.222,9.025910747,0.474,0,0.003,0.071,0,0,0,0.057,0.395
518,THIES,THIENABA,2,Tropics lowland; semi-arid with soil/terrain limitations,31670.49354,6.189269794,33566.96297,6.426759136,34577.9557,6.471636851,37383.73047,6.966777949,0.767,0,0,0.02,0,0,0.004,0.07,0.139
519,THIES,TOUBA TOUL,2,Tropics lowland; semi-arid with soil/terrain limitations,51642.06084,7.225697613,53856.1321,7.499809512,57715.75036,7.906267173,61619.40499,8.275504296,0.813,0,0,0.032,0,0,0,0.009,0.146
520,THIES,THIES NORD,2,Tropics lowland; semi-arid with soil/terrain limitations,103023.096,23.11489702,101453.6638,22.76276953,103849.1346,23.30023213,101340.2863,22.73733146,0.056,0,0,0.188,0,0.001,0.043,0.497,0.216
521,THIES,THIES OUEST,56,Dominantly built-up land,72903.65575,47.40159672,68742.92195,44.69630816,66166.02797,43.02082443,62780.86586,40.81980875,0.001,0,0.001,0.752,0,0,0.004,0.093,0.148
522,THIES,THIES EST,56,Dominantly built-up land,88366.90795,50.12303343,83353.39381,47.27929314,82100.48004,46.56862169,78310.36858,44.41881372,0.035,0,0,0.731,0,0,0.009,0.103,0.121
523,SAINT LOUIS,NIANDANE,52,Dominantly hydromorphic soils,5074.566579,5.110338951,5552.940781,5.536331786,5781.192679,5.723953148,5547.364385,5.487007305,0.015,0.027,0,0.012,0,0.013,0.012,0.312,0.602
524,SAINT LOUIS,FANAYE,53,Desert/Arid climate,55599.1461,3.689882274,56420.74749,3.709938683,57111.17527,3.745731965,57489.40705,3.756986476,0.002,0.005,0.001,0.002,0,0.005,0.001,0.018,0.956
525,SAINT LOUIS,NDIAYENE PEINDAO,53,Desert/Arid climate,46379.76929,3.107730454,48806.52884,3.253334812,49405.92088,3.275385898,50914.69912,3.358046374,0.001,0.006,0.003,0.001,0,0.004,0.002,0.018,0.952
526,FATICK,KARANG POSTE,2,Tropics lowland; semi-arid with soil/terrain limitations,22183.98173,21.94261299,21821.24569,21.58382363,23209.62943,22.95710132,21534.03666,21.27869235,0.414,0,0,0.232,0,0,0.236,0.089,0.015
527,FATICK,KEUR SALOUM DIANE,2,Tropics lowland; semi-arid with soil/terrain limitations,26001.075,4.64222014,26004.63404,4.590403185,25959.00957,4.541464236,28072.50365,4.816006802,0.559,0.04,0,0.008,0,0,0.253,0.116,0.024
528,FATICK,KEUR SAMBA GUEYE,2,Tropics lowland; semi-arid with soil/terrain limitations,28293.73842,4.936963605,28725.27897,4.977521915,28411.56955,4.886750869,30375.70967,5.190654421,0.603,0.001,0,0.009,0,0,0.299,0.073,0.015
529,FATICK,NIORO ALASSANE TALL,2,Tropics lowland; semi-arid with soil/terrain limitations,32100.46038,5.06396283,33202.69481,5.202553244,34836.55545,5.437264781,37320.16043,5.66745033,0.779,0.001,0,0.015,0,0,0.11,0.062,0.033
530,FATICK,TOUBACOUTA,2,Tropics lowland; semi-arid with soil/terrain limitations,56116.84505,6.343753679,57756.96506,6.486631296,59340.44516,6.653262155,59961.6653,6.649109037,0.1,0.365,0.001,0.005,0.106,0,0.322,0.041,0.06
531,MATAM,RANEROU,53,Desert/Arid climate,3987.437012,6.182072887,4467.522785,6.90498112,5478.798723,8.468004208,5445.918374,8.417184503,0.001,0,0.003,0.029,0,0,0,0.007,0.948
532,MATAM,LOUGRE THIOLY,53,Desert/Arid climate,9738.149708,1.180095699,10096.36107,1.221137043,10777.60607,1.297568754,11262.23487,1.350387875,0.001,0,0,0,0,0,0.014,0.056,0.924
533,MATAM,OUDALAYE,53,Desert/Arid climate,48351.70283,1.191075325,50319.50439,1.237446006,52324.56577,1.281271506,55327.69034,1.349752149,0.003,0,0,0,0,0,0.007,0.49,0.496
534,MATAM,VELINGARA,2,Tropics lowland; semi-arid with soil/terrain limitations,30811.7495,0.972470316,32660.06046,1.027659937,33881.6252,1.0627529,35998.94341,1.126551194,0.026,0,0,0,0,0,0.002,0.526,0.446
535,KAOLACK,KEUR MADIABEL,2,Tropics lowland; semi-arid with soil/terrain limitations,11586.96748,19.50667925,11652.51565,19.51845167,12275.94222,20.56271728,11931.74383,19.98617057,0.663,0,0,0.216,0,0,0.019,0.058,0.044
536,KAOLACK,KEUR MABA DIAKHOU,2,Tropics lowland; semi-arid with soil/terrain limitations,30106.29715,3.61246666,30624.8746,3.650163838,30687.70328,3.635122398,33066.81706,3.887469676,0.829,0.018,0,0.009,0,0,0.082,0.044,0.016
537,KAOLACK,KEUR MANDONGO,1,Tropics lowland; semi-arid no soil/terrain limitations,12518.23809,3.622175374,13101.16248,3.779908389,14027.17263,4.038920998,15059.86402,4.330035658,0.9,0,0,0.013,0,0,0.047,0.025,0.014
538,KAOLACK,NDRAME ESCALE,2,Tropics lowland; semi-arid with soil/terrain limitations,30658.23337,3.975393331,32034.2498,4.130786564,33010.98242,4.25399258,34697.62346,4.466738345,0.901,0,0,0.013,0,0,0.015,0.046,0.025
539,KAOLACK,WACK NGOUNA,2,Tropics lowland; semi-arid with soil/terrain limitations,44541.3048,4.399141215,45665.66575,4.487585078,45729.77733,4.459266439,48027.37879,4.653364866,0.77,0.067,0,0.012,0.002,0,0.09,0.043,0.016
540,DAKAR,MEDINA GOUNASS,56,Dominantly built-up land,16356.3416,177.7863217,15979.91463,173.6947242,15507.87518,168.5638607,15692.8429,170.5743793,0,0.001,0,0.969,0,0,0,0.001,0.028
541,DAKAR,NDIAREME LIMAMOULAYE,53,Desert/Arid climate,21646.12807,142.4087373,21601.25801,142.1135395,20431.68533,134.4189824,20853.95806,137.1970925,0,0,0.082,0.837,0,0,0.001,0.004,0.064
542,DAKAR,WAKHINANE NIMZATT,56,Dominantly built-up land,58495.31462,127.4407726,59257.41055,128.8204577,57733.28567,125.234893,58997.81188,127.9778999,0,0.004,0.063,0.712,0.001,0,0.017,0.008,0.175
543,MATAM,HAMADY HOUNARE,53,Desert/Arid climate,14201.37701,20.58170581,15032.3006,21.7859429,16408.86057,23.78095734,15681.28609,22.72650158,0.006,0.002,0.003,0.121,0,0,0.001,0.033,0.832
544,MATAM,NDENDORY,53,Desert/Arid climate,58180.69533,5.405118481,58424.79421,5.399204714,58911.20233,5.43110559,61299.27418,5.635678421,0.003,0.005,0.002,0.002,0,0,0.005,0.654,0.323
545,MATAM,WOURO SIDY,2,Tropics lowland; semi-arid with soil/terrain limitations,54230.40074,4.104321558,55107.32332,4.146837484,56614.27994,4.234743058,59972.73075,4.464249721,0.002,0.002,0,0.001,0,0,0.003,0.706,0.283
546,LOUGA,MBEULEUKHE,53,Desert/Arid climate,1939.012499,9.322175477,2067.775007,9.662500033,2419.326533,11.1489702,2341.797959,10.79169566,0.243,0,0,0.083,0,0,0,0.018,0.656
547,LOUGA,KAMB,53,Desert/Arid climate,12309.08502,1.377779832,12509.42389,1.397076601,12282.53405,1.36411973,12912.66036,1.420847311,0.471,0,0,0.001,0,0,0,0.006,0.522
548,LOUGA,MBOULA,53,Desert/Arid climate,12841.93284,1.355206082,12878.63927,1.356788798,12514.96307,1.314596962,13146.10536,1.377132345,0.222,0,0,0.001,0,0,0,0.012,0.765
549,LOUGA,TESSEKERE FORAGE,53,Desert/Arid climate,15763.80396,1.10708645,15389.97958,1.080225983,15364.46674,1.078056886,16247.98549,1.139250139,0.018,0,0,0,0,0,0,0.008,0.974
550,LOUGA,YANG YANG,53,Desert/Arid climate,6361.616788,1.310592663,6442.566808,1.323996467,6233.701516,1.269076041,6548.867289,1.332424677,0.143,0,0,0.001,0,0,0,0.003,0.853
551,DAKAR,YEUMBEUL NORD,56,Dominantly built-up land,119860.9139,133.3269342,120011.979,133.4949711,119435.0909,132.5583694,121769.2475,134.9991658,0.001,0.005,0.011,0.746,0,0.001,0.038,0.033,0.16
552,DAKAR,YEUMBEUL SUD,56,Dominantly built-up land,44684.13233,169.258077,43860.93745,166.1399146,43366.625,164.2675189,43507.9076,164.8026803,0,0,0.002,0.958,0,0,0,0.002,0.037
553,ZIGUINCHOR,ZIGUINCHOR,56,Dominantly built-up land,156294.1707,46.89294052,156567.5326,46.97495727,154841.2038,46.44307253,147329.1938,44.15019291,0.003,0.005,0,0.669,0.017,0.001,0.182,0.081,0.04
