system:index,VHI_M,VHI_class,adm4_id,month,season,year,ym,.geo
VHI_M_2020-01_00000000000000000017,46.424611097178946,2.011999142918363,24,1,Dry,2020,2020-01,"{""type"":""MultiPoint"",""coordinates"":[]}"
VHI_M_2020-01_00000000000000000018,232.37399826966438,4.65902206836867,25,1,Dry,2020,2020-01,"{""type"":""MultiPoint"",""coordinates"":[]}"
VHI_M_2020-01_00000000000000000019,30.0239113219154,1.7324071669696184,26,1,Dry,2020,2020-01,"{""type"":""MultiPoint"",""coordinates"":[]}"
VHI_M_2020-01_0000000000000000001a,13.623340717694928,2.1118003953916418,27,1,Dry,2020,2020-01,"{""type"":""MultiPoint"",""coordinates"":[]}"
VHI_M_2020-01_0000000000000000005b,160.198326069054,3.7788428023701623,92,1,Dry,2020,2020-01,"{""type"":""MultiPoint"",""coordinates"":[]}"
VHI_M_2020-01_0000000000000000005c,60.12626175476249,1.9719831899139484,93,1,Dry,2020,2020-01,"{""type"":""MultiPoint"",""coordinates"":[]}"
VHI_M_2020-01_0000000000000000005d,254.0,5.0,94,1,Dry,2020,2020-01,"{""type"":""MultiPoint"",""coordinates"":[]}"
VHI_M_2020-01_0000000000000000005e,35.186339586693286,1.834404349975284,95,1,Dry,2020,2020-01,"{""type"":""MultiPoint"",""coordinates"":[]}"
VHI_M_2020-01_0000000000000000005f,81.71097039963357,2.857417371252882,96,1,Dry,2020,2020-01,"{""type"":""MultiPoint"",""coordinates"":[]}"
VHI_M_2020-01_000000000000000000b6,0.47365620869224695,2.2312404287901995,183,1,Dry,2020,2020-01,"{""type"":""MultiPoint"",""coordinates"":[]}"
VHI_M_2020-01_000000000000000000b7,0.41192282228285876,1.903225806451613,184,1,Dry,2020,2020-01,"{""type"":""MultiPoint"",""coordinates"":[]}"
VHI_M_2020-01_000000000000000000b8,0.3718587347344394,1.825278810408922,185,1,Dry,2020,2020-01,"{""type"":""MultiPoint"",""coordinates"":[]}"
VHI_M_2020-01_000000000000000000b9,39.22434388497777,2.1567867036011075,186,1,Dry,2020,2020-01,"{""type"":""MultiPoint"",""coordinates"":[]}"
VHI_M_2020-01_000000000000000000ba,0.532032002878189,2.607466666666667,187,1,Dry,2020,2020-01,"{""type"":""MultiPoint"",""coordinates"":[]}"
VHI_M_2020-01_000000000000000000bb,0.3875346495668487,1.684158415841584,188,1,Dry,2020,2020-01,"{""type"":""MultiPoint"",""coordinates"":[]}"
VHI_M_2020-01_000000000000000001a0,34.24169796267165,3.5278969957081543,417,1,Dry,2020,2020-01,"{""type"":""MultiPoint"",""coordinates"":[]}"
VHI_M_2020-01_000000000000000001a1,0.49840473129767654,2.4676421783074374,418,1,Dry,2020,2020-01,"{""type"":""MultiPoint"",""coordinates"":[]}"
VHI_M_2020-01_000000000000000001a2,19.61107862261109,2.969443718986681,419,1,Dry,2020,2020-01,"{""type"":""MultiPoint"",""coordinates"":[]}"
VHI_M_2020-01_000000000000000001a3,0.4103975864449373,2.0313331362695832,420,1,Dry,2020,2020-01,"{""type"":""MultiPoint"",""coordinates"":[]}"
VHI_M_2020-01_000000000000000001cb,41.24886511359312,1.8610281923714758,460,1,Dry,2020,2020-01,"{""type"":""MultiPoint"",""coordinates"":[]}"
VHI_M_2020-01_000000000000000001cc,79.81082906284904,2.817777777777778,461,1,Dry,2020,2020-01,"{""type"":""MultiPoint"",""coordinates"":[]}"
VHI_M_2020-01_0000000000000000021b,0.39400900146675844,2.0,540,1,Dry,2020,2020-01,"{""type"":""MultiPoint"",""coordinates"":[]}"
VHI_M_2020-01_0000000000000000021c,0.4235978340325148,2.0,541,1,Dry,2020,2020-01,"{""type"":""MultiPoint"",""coordinates"":[]}"
VHI_M_2020-01_0000000000000000021d,24.804458580511973,2.140027014858173,542,1,Dry,2020,2020-01,"{""type"":""MultiPoint"",""coordinates"":[]}"
VHI_M_2020-01_000000000000000000bf,0.43995059515494717,2.279455630126771,192,1,Dry,2020,2020-01,"{""type"":""MultiPoint"",""coordinates"":[]}"
VHI_M_2020-01_000000000000000000c0,0.43329326350265873,2.091093802912293,193,1,Dry,2020,2020-01,"{""type"":""MultiPoint"",""coordinates"":[]}"
VHI_M_2020-01_0000000000000000010a,0.4106721594720856,1.9602638087386643,267,1,Dry,2020,2020-01,"{""type"":""MultiPoint"",""coordinates"":[]}"
VHI_M_2020-01_0000000000000000010b,56.47193680266971,2.685329808963115,268,1,Dry,2020,2020-01,"{""type"":""MultiPoint"",""coordinates"":[]}"
VHI_M_2020-01_00000000000000000226,2.862331944696057,1.7124557765035988,551,1,Dry,2020,2020-01,"{""type"":""MultiPoint"",""coordinates"":[]}"
VHI_M_2020-01_00000000000000000227,0.48312227922071055,2.2902523933855528,552,1,Dry,2020,2020-01,"{""type"":""MultiPoint"",""coordinates"":[]}"
VHI_M_2020-01_000000000000000001a4,0.2994154222374459,1.5659203980099503,421,1,Dry,2020,2020-01,"{""type"":""MultiPoint"",""coordinates"":[]}"
VHI_M_2020-01_000000000000000001a5,0.37860635425758843,1.8459657701711496,422,1,Dry,2020,2020-01,"{""type"":""MultiPoint"",""coordinates"":[]}"
VHI_M_2020-01_000000000000000001a6,0.31406204567526086,1.0,423,1,Dry,2020,2020-01,"{""type"":""MultiPoint"",""coordinates"":[]}"
VHI_M_2020-01_000000000000000001a7,0.3064816202968359,1.0088235294117647,424,1,Dry,2020,2020-01,"{""type"":""MultiPoint"",""coordinates"":[]}"
VHI_M_2020-01_000000000000000001a8,0.3331762603694981,1.0,425,1,Dry,2020,2020-01,"{""type"":""MultiPoint"",""coordinates"":[]}"
VHI_M_2020-01_000000000000000001a9,0.2830312507692725,1.11875,426,1,Dry,2020,2020-01,"{""type"":""MultiPoint"",""coordinates"":[]}"
VHI_M_2020-01_000000000000000001aa,0.25131318242723333,1.040623523854511,427,1,Dry,2020,2020-01,"{""type"":""MultiPoint"",""coordinates"":[]}"
VHI_M_2020-01_000000000000000001fe,0.44208613321225637,2.1519492293744333,511,1,Dry,2020,2020-01,"{""type"":""MultiPoint"",""coordinates"":[]}"
VHI_M_2020-01_000000000000000001ff,61.76740512089105,2.595542305508233,512,1,Dry,2020,2020-01,"{""type"":""MultiPoint"",""coordinates"":[]}"
VHI_M_2020-01_00000000000000000200,0.3403744809874462,1.0795787009947337,513,1,Dry,2020,2020-01,"{""type"":""MultiPoint"",""coordinates"":[]}"
VHI_M_2020-01_00000000000000000201,101.7550224041587,2.729573010015814,514,1,Dry,2020,2020-01,"{""type"":""MultiPoint"",""coordinates"":[]}"
VHI_M_2020-01_00000000000000000202,0.35978467075810366,1.5512489233419466,515,1,Dry,2020,2020-01,"{""type"":""MultiPoint"",""coordinates"":[]}"
VHI_M_2020-01_00000000000000000002,18.538951066140942,2.0367200643698333,3,1,Dry,2020,2020-01,"{""type"":""MultiPoint"",""coordinates"":[]}"
VHI_M_2020-01_0000000000000000000d,17.063940080985358,2.59023207481815,14,1,Dry,2020,2020-01,"{""type"":""MultiPoint"",""coordinates"":[]}"
VHI_M_2020-01_00000000000000000027,53.40222496408775,2.543582464631422,40,1,Dry,2020,2020-01,"{""type"":""MultiPoint"",""coordinates"":[]}"
VHI_M_2020-01_00000000000000000070,0.4003370539557961,1.8620255903914307,113,1,Dry,2020,2020-01,"{""type"":""MultiPoint"",""coordinates"":[]}"
VHI_M_2020-01_00000000000000000071,0.38970799385128724,1.876374736275082,114,1,Dry,2020,2020-01,"{""type"":""MultiPoint"",""coordinates"":[]}"
VHI_M_2020-01_000000000000000001b0,55.90134456879848,2.3576085619387377,433,1,Dry,2020,2020-01,"{""type"":""MultiPoint"",""coordinates"":[]}"
VHI_M_2020-01_000000000000000001b1,7.459636135156394,2.2519695553478436,434,1,Dry,2020,2020-01,"{""type"":""MultiPoint"",""coordinates"":[]}"
VHI_M_2020-01_000000000000000001b2,90.9568409152958,3.1512415349887126,435,1,Dry,2020,2020-01,"{""type"":""MultiPoint"",""coordinates"":[]}"
VHI_M_2020-01_000000000000000001cd,1.2735956522395002,2.026589935825859,462,1,Dry,2020,2020-01,"{""type"":""MultiPoint"",""coordinates"":[]}"
VHI_M_2020-01_000000000000000001ce,0.42685675145025226,1.978997445159017,463,1,Dry,2020,2020-01,"{""type"":""MultiPoint"",""coordinates"":[]}"
VHI_M_2020-01_000000000000000001cf,22.2103267150387,2.191312980888558,464,1,Dry,2020,2020-01,"{""type"":""MultiPoint"",""coordinates"":[]}"
VHI_M_2020-01_0000000000000000001c,0.4623671857250674,2.2551924493490927,29,1,Dry,2020,2020-01,"{""type"":""MultiPoint"",""coordinates"":[]}"
VHI_M_2020-01_0000000000000000001d,0.4333918517041354,2.1039429735234214,30,1,Dry,2020,2020-01,"{""type"":""MultiPoint"",""coordinates"":[]}"
VHI_M_2020-01_0000000000000000001e,0.41600253882292937,1.9567931185269034,31,1,Dry,2020,2020-01,"{""type"":""MultiPoint"",""coordinates"":[]}"
VHI_M_2020-01_00000000000000000026,0.4258653288470493,1.9847543760587234,39,1,Dry,2020,2020-01,"{""type"":""MultiPoint"",""coordinates"":[]}"
VHI_M_2020-01_000000000000000000f9,0.48596855011135925,2.406871011259274,250,1,Dry,2020,2020-01,"{""type"":""MultiPoint"",""coordinates"":[]}"
VHI_M_2020-01_000000000000000000fa,0.5024890289375218,2.6009458796234326,251,1,Dry,2020,2020-01,"{""type"":""MultiPoint"",""coordinates"":[]}"
VHI_M_2020-01_000000000000000000fb,0.48331133214126704,2.460581131214973,252,1,Dry,2020,2020-01,"{""type"":""MultiPoint"",""coordinates"":[]}"
VHI_M_2020-01_000000000000000000fc,0.495819314405727,2.553304721030044,253,1,Dry,2020,2020-01,"{""type"":""MultiPoint"",""coordinates"":[]}"
VHI_M_2020-01_00000000000000000163,0.46279609548963385,2.217930357215926,356,1,Dry,2020,2020-01,"{""type"":""MultiPoint"",""coordinates"":[]}"
VHI_M_2020-01_00000000000000000164,0.43688958044847814,2.088155915641701,357,1,Dry,2020,2020-01,"{""type"":""MultiPoint"",""coordinates"":[]}"
VHI_M_2020-01_00000000000000000165,0.47020303046662276,2.296852539976977,358,1,Dry,2020,2020-01,"{""type"":""MultiPoint"",""coordinates"":[]}"
VHI_M_2020-01_00000000000000000166,0.41539470464072525,1.9547901720525684,359,1,Dry,2020,2020-01,"{""type"":""MultiPoint"",""coordinates"":[]}"
VHI_M_2020-01_00000000000000000149,0.4193369259316705,1.9593486973158967,330,1,Dry,2020,2020-01,"{""type"":""MultiPoint"",""coordinates"":[]}"
VHI_M_2020-01_0000000000000000014a,0.40253323987596795,1.933691541607488,331,1,Dry,2020,2020-01,"{""type"":""MultiPoint"",""coordinates"":[]}"
VHI_M_2020-01_0000000000000000014b,0.3891821098561593,1.727903964933255,332,1,Dry,2020,2020-01,"{""type"":""MultiPoint"",""coordinates"":[]}"
VHI_M_2020-01_0000000000000000014c,0.4275194486941823,1.9916039640300967,333,1,Dry,2020,2020-01,"{""type"":""MultiPoint"",""coordinates"":[]}"
VHI_M_2020-01_0000000000000000014d,0.3983230440555909,1.792447922643227,334,1,Dry,2020,2020-01,"{""type"":""MultiPoint"",""coordinates"":[]}"
VHI_M_2020-01_0000000000000000014e,0.40352423958757594,1.9262998424433402,335,1,Dry,2020,2020-01,"{""type"":""MultiPoint"",""coordinates"":[]}"
VHI_M_2020-01_00000000000000000158,0.42038347546239746,1.9786028764308772,345,1,Dry,2020,2020-01,"{""type"":""MultiPoint"",""coordinates"":[]}"
VHI_M_2020-01_00000000000000000159,0.4192521087607121,1.9880305640210234,346,1,Dry,2020,2020-01,"{""type"":""MultiPoint"",""coordinates"":[]}"
VHI_M_2020-01_0000000000000000015a,0.4516038224334587,2.175340035481964,347,1,Dry,2020,2020-01,"{""type"":""MultiPoint"",""coordinates"":[]}"
VHI_M_2020-01_0000000000000000015b,0.43389661133965796,2.057398033639933,348,1,Dry,2020,2020-01,"{""type"":""MultiPoint"",""coordinates"":[]}"
VHI_M_2020-01_0000000000000000015c,0.43660046957989457,1.9943445688651849,349,1,Dry,2020,2020-01,"{""type"":""MultiPoint"",""coordinates"":[]}"
VHI_M_2020-01_0000000000000000015d,0.434337011232381,2.012119722093225,350,1,Dry,2020,2020-01,"{""type"":""MultiPoint"",""coordinates"":[]}"
VHI_M_2020-01_00000000000000000008,0.3917333879564625,1.7955375654062593,9,1,Dry,2020,2020-01,"{""type"":""MultiPoint"",""coordinates"":[]}"
VHI_M_2020-01_000000000000000000c2,0.38249907545916007,1.8510062456627336,195,1,Dry,2020,2020-01,"{""type"":""MultiPoint"",""coordinates"":[]}"
VHI_M_2020-01_000000000000000000c3,0.43017154531262963,1.9996477887454955,196,1,Dry,2020,2020-01,"{""type"":""MultiPoint"",""coordinates"":[]}"
VHI_M_2020-01_000000000000000000c4,0.3929646014845921,1.7620090233545653,197,1,Dry,2020,2020-01,"{""type"":""MultiPoint"",""coordinates"":[]}"
VHI_M_2020-01_000000000000000000c5,0.42349033545701104,1.9700871007880545,198,1,Dry,2020,2020-01,"{""type"":""MultiPoint"",""coordinates"":[]}"
VHI_M_2020-01_000000000000000000c6,0.4322684141902261,2.0712707947867335,199,1,Dry,2020,2020-01,"{""type"":""MultiPoint"",""coordinates"":[]}"
VHI_M_2020-01_000000000000000000c7,0.41807388250998484,1.9114790225654417,200,1,Dry,2020,2020-01,"{""type"":""MultiPoint"",""coordinates"":[]}"
VHI_M_2020-01_000000000000000000c8,0.36146714366009747,1.530128238141835,201,1,Dry,2020,2020-01,"{""type"":""MultiPoint"",""coordinates"":[]}"
VHI_M_2020-01_000000000000000000c9,0.42225340443647014,1.986635888713401,202,1,Dry,2020,2020-01,"{""type"":""MultiPoint"",""coordinates"":[]}"
VHI_M_2020-01_00000000000000000136,0.4188066252739409,1.9694024351731634,311,1,Dry,2020,2020-01,"{""type"":""MultiPoint"",""coordinates"":[]}"
VHI_M_2020-01_00000000000000000137,0.4403899063577317,2.0906606002892105,312,1,Dry,2020,2020-01,"{""type"":""MultiPoint"",""coordinates"":[]}"
VHI_M_2020-01_00000000000000000138,0.43816697191624,2.0952149765021173,313,1,Dry,2020,2020-01,"{""type"":""MultiPoint"",""coordinates"":[]}"
VHI_M_2020-01_00000000000000000139,0.4235184502584718,1.9894656093623175,314,1,Dry,2020,2020-01,"{""type"":""MultiPoint"",""coordinates"":[]}"
VHI_M_2020-01_0000000000000000013a,0.482483923918111,2.3961113973479433,315,1,Dry,2020,2020-01,"{""type"":""MultiPoint"",""coordinates"":[]}"
VHI_M_2020-01_000000000000000001ef,0.46015200358315855,2.277246907509963,496,1,Dry,2020,2020-01,"{""type"":""MultiPoint"",""coordinates"":[]}"
VHI_M_2020-01_000000000000000001f0,0.4765725078168364,2.355654245416968,497,1,Dry,2020,2020-01,"{""type"":""MultiPoint"",""coordinates"":[]}"
VHI_M_2020-01_00000000000000000081,0.41938057298855513,2.0,130,1,Dry,2020,2020-01,"{""type"":""MultiPoint"",""coordinates"":[]}"
VHI_M_2020-01_000000000000000000a0,0.4378248915961509,2.0556952928494425,161,1,Dry,2020,2020-01,"{""type"":""MultiPoint"",""coordinates"":[]}"
VHI_M_2020-01_000000000000000000a1,31.954172715141922,2.4169950355083616,162,1,Dry,2020,2020-01,"{""type"":""MultiPoint"",""coordinates"":[]}"
VHI_M_2020-01_000000000000000000a2,8.644019470956295,2.61971623884431,163,1,Dry,2020,2020-01,"{""type"":""MultiPoint"",""coordinates"":[]}"
VHI_M_2020-01_000000000000000000a3,5.451457434081113,1.9594390792432863,164,1,Dry,2020,2020-01,"{""type"":""MultiPoint"",""coordinates"":[]}"
VHI_M_2020-01_000000000000000000a4,77.96011135779464,3.252642568184783,165,1,Dry,2020,2020-01,"{""type"":""MultiPoint"",""coordinates"":[]}"
VHI_M_2020-01_0000000000000000014f,0.37221044277836507,1.6323974789228126,336,1,Dry,2020,2020-01,"{""type"":""MultiPoint"",""coordinates"":[]}"
VHI_M_2020-01_00000000000000000150,0.381406242766446,1.7201632319934705,337,1,Dry,2020,2020-01,"{""type"":""MultiPoint"",""coordinates"":[]}"
VHI_M_2020-01_00000000000000000151,2.0709392617081757,2.0217683577840164,338,1,Dry,2020,2020-01,"{""type"":""MultiPoint"",""coordinates"":[]}"
VHI_M_2020-01_00000000000000000152,0.43669631402706716,2.076211020899668,339,1,Dry,2020,2020-01,"{""type"":""MultiPoint"",""coordinates"":[]}"
VHI_M_2020-01_00000000000000000153,0.39254497860613907,1.849940558024004,340,1,Dry,2020,2020-01,"{""type"":""MultiPoint"",""coordinates"":[]}"
VHI_M_2020-01_00000000000000000171,0.4570796747851196,2.1185057317154916,370,1,Dry,2020,2020-01,"{""type"":""MultiPoint"",""coordinates"":[]}"
VHI_M_2020-01_00000000000000000172,0.3900337190714964,1.7824478203090386,371,1,Dry,2020,2020-01,"{""type"":""MultiPoint"",""coordinates"":[]}"
VHI_M_2020-01_00000000000000000173,0.4149259013562468,1.9548245962930562,372,1,Dry,2020,2020-01,"{""type"":""MultiPoint"",""coordinates"":[]}"
VHI_M_2020-01_000000000000000001f1,0.4636697309609518,2.242930453522569,498,1,Dry,2020,2020-01,"{""type"":""MultiPoint"",""coordinates"":[]}"
VHI_M_2020-01_000000000000000001f2,0.47709424023315616,2.3326434663084563,499,1,Dry,2020,2020-01,"{""type"":""MultiPoint"",""coordinates"":[]}"
VHI_M_2020-01_000000000000000001f3,0.3501026647933131,1.4976519028930726,500,1,Dry,2020,2020-01,"{""type"":""MultiPoint"",""coordinates"":[]}"
VHI_M_2020-01_00000000000000000092,0.40074162077329417,1.8913643684331627,147,1,Dry,2020,2020-01,"{""type"":""MultiPoint"",""coordinates"":[]}"
VHI_M_2020-01_00000000000000000093,0.385832443826351,1.825939660556086,148,1,Dry,2020,2020-01,"{""type"":""MultiPoint"",""coordinates"":[]}"
VHI_M_2020-01_00000000000000000094,0.4935604680341829,1.3486954676113838,149,1,Dry,2020,2020-01,"{""type"":""MultiPoint"",""coordinates"":[]}"
VHI_M_2020-01_00000000000000000095,12.794139445242463,1.5439943260044222,150,1,Dry,2020,2020-01,"{""type"":""MultiPoint"",""coordinates"":[]}"
VHI_M_2020-01_00000000000000000096,0.40807594561306515,1.9319529344531639,151,1,Dry,2020,2020-01,"{""type"":""MultiPoint"",""coordinates"":[]}"
VHI_M_2020-01_00000000000000000097,0.4369223815810217,2.0001209043646475,152,1,Dry,2020,2020-01,"{""type"":""MultiPoint"",""coordinates"":[]}"
VHI_M_2020-01_00000000000000000098,0.3213082667976871,1.3469279661016949,153,1,Dry,2020,2020-01,"{""type"":""MultiPoint"",""coordinates"":[]}"
VHI_M_2020-01_000000000000000000a9,0.3120496105109039,1.403405507672903,170,1,Dry,2020,2020-01,"{""type"":""MultiPoint"",""coordinates"":[]}"
VHI_M_2020-01_0000000000000000017c,61.708393778492415,2.7961065933329707,381,1,Dry,2020,2020-01,"{""type"":""MultiPoint"",""coordinates"":[]}"
VHI_M_2020-01_0000000000000000017d,38.80756931366712,2.3219436088417753,382,1,Dry,2020,2020-01,"{""type"":""MultiPoint"",""coordinates"":[]}"
VHI_M_2020-01_0000000000000000017e,11.55932546548954,2.4320184689996505,383,1,Dry,2020,2020-01,"{""type"":""MultiPoint"",""coordinates"":[]}"
VHI_M_2020-01_000000000000000001ee,0.3719188515719148,1.7765576233961389,495,1,Dry,2020,2020-01,"{""type"":""MultiPoint"",""coordinates"":[]}"
VHI_M_2020-01_0000000000000000020d,0.4777130578437166,2.23230809905702,526,1,Dry,2020,2020-01,"{""type"":""MultiPoint"",""coordinates"":[]}"
VHI_M_2020-01_0000000000000000020e,3.5718845283596536,1.6193441627745304,527,1,Dry,2020,2020-01,"{""type"":""MultiPoint"",""coordinates"":[]}"
VHI_M_2020-01_0000000000000000020f,0.3396119780771075,1.4975676810572265,528,1,Dry,2020,2020-01,"{""type"":""MultiPoint"",""coordinates"":[]}"
VHI_M_2020-01_00000000000000000210,0.33333507073333235,1.3825540492470654,529,1,Dry,2020,2020-01,"{""type"":""MultiPoint"",""coordinates"":[]}"
VHI_M_2020-01_00000000000000000211,11.696297189319928,1.810696836203443,530,1,Dry,2020,2020-01,"{""type"":""MultiPoint"",""coordinates"":[]}"
VHI_M_2020-01_00000000000000000058,0.4376650771986403,2.0808076171332344,89,1,Dry,2020,2020-01,"{""type"":""MultiPoint"",""coordinates"":[]}"
VHI_M_2020-01_00000000000000000059,0.3965016768581441,1.8464454534870174,90,1,Dry,2020,2020-01,"{""type"":""MultiPoint"",""coordinates"":[]}"
VHI_M_2020-01_0000000000000000018b,0.41841340920410647,2.0,396,1,Dry,2020,2020-01,"{""type"":""MultiPoint"",""coordinates"":[]}"
VHI_M_2020-01_0000000000000000018c,0.40943239130844855,1.9511231809549154,397,1,Dry,2020,2020-01,"{""type"":""MultiPoint"",""coordinates"":[]}"
VHI_M_2020-01_0000000000000000018d,0.37211950719315295,1.6993347629588622,398,1,Dry,2020,2020-01,"{""type"":""MultiPoint"",""coordinates"":[]}"
VHI_M_2020-01_0000000000000000018e,0.40292231863290734,1.8627365962514593,399,1,Dry,2020,2020-01,"{""type"":""MultiPoint"",""coordinates"":[]}"
VHI_M_2020-01_00000000000000000036,0.4142666560940237,1.850951733514616,55,1,Dry,2020,2020-01,"{""type"":""MultiPoint"",""coordinates"":[]}"
VHI_M_2020-01_000000000000000000db,0.35705521383343203,1.5574094926126851,220,1,Dry,2020,2020-01,"{""type"":""MultiPoint"",""coordinates"":[]}"
VHI_M_2020-01_000000000000000000dc,0.4017349405092672,1.85307623638636,221,1,Dry,2020,2020-01,"{""type"":""MultiPoint"",""coordinates"":[]}"
VHI_M_2020-01_000000000000000000dd,0.38091294797221087,1.76556255503624,222,1,Dry,2020,2020-01,"{""type"":""MultiPoint"",""coordinates"":[]}"
VHI_M_2020-01_00000000000000000102,0.4134844919703128,1.938423951302331,259,1,Dry,2020,2020-01,"{""type"":""MultiPoint"",""coordinates"":[]}"
VHI_M_2020-01_00000000000000000103,0.42346301669796327,1.9322838077993494,260,1,Dry,2020,2020-01,"{""type"":""MultiPoint"",""coordinates"":[]}"
VHI_M_2020-01_00000000000000000104,0.3703888457468407,1.6252333001364772,261,1,Dry,2020,2020-01,"{""type"":""MultiPoint"",""coordinates"":[]}"
VHI_M_2020-01_00000000000000000105,0.31961945104324774,1.318305084745763,262,1,Dry,2020,2020-01,"{""type"":""MultiPoint"",""coordinates"":[]}"
VHI_M_2020-01_0000000000000000000a,0.5142135683577593,2.7172091745639335,11,1,Dry,2020,2020-01,"{""type"":""MultiPoint"",""coordinates"":[]}"
VHI_M_2020-01_000000000000000000b1,0.41733876224265504,1.936095261136124,178,1,Dry,2020,2020-01,"{""type"":""MultiPoint"",""coordinates"":[]}"
VHI_M_2020-01_000000000000000000b2,0.4534986163404521,2.1898200698430967,179,1,Dry,2020,2020-01,"{""type"":""MultiPoint"",""coordinates"":[]}"
VHI_M_2020-01_000000000000000000b3,0.35911581932990566,1.55016792611251,180,1,Dry,2020,2020-01,"{""type"":""MultiPoint"",""coordinates"":[]}"
VHI_M_2020-01_000000000000000000ca,0.3465117243548396,1.4397811645173892,203,1,Dry,2020,2020-01,"{""type"":""MultiPoint"",""coordinates"":[]}"
VHI_M_2020-01_000000000000000000d2,0.43888074500007707,2.0906639991216616,211,1,Dry,2020,2020-01,"{""type"":""MultiPoint"",""coordinates"":[]}"
VHI_M_2020-01_000000000000000000d3,0.4102395095444336,1.9175954571283198,212,1,Dry,2020,2020-01,"{""type"":""MultiPoint"",""coordinates"":[]}"
VHI_M_2020-01_000000000000000000d4,0.4147341455234821,1.9458514795216773,213,1,Dry,2020,2020-01,"{""type"":""MultiPoint"",""coordinates"":[]}"
VHI_M_2020-01_000000000000000000d5,0.5190079117227723,2.618639276610005,214,1,Dry,2020,2020-01,"{""type"":""MultiPoint"",""coordinates"":[]}"
VHI_M_2020-01_000000000000000000bc,0.3878726064828394,1.7623063083167128,189,1,Dry,2020,2020-01,"{""type"":""MultiPoint"",""coordinates"":[]}"
VHI_M_2020-01_000000000000000000bd,0.37938077710093,1.715429879678627,190,1,Dry,2020,2020-01,"{""type"":""MultiPoint"",""coordinates"":[]}"
VHI_M_2020-01_000000000000000000be,0.43435655691199065,2.0914198767726346,191,1,Dry,2020,2020-01,"{""type"":""MultiPoint"",""coordinates"":[]}"
VHI_M_2020-01_000000000000000000f1,0.4059404754652185,1.8141723356009065,242,1,Dry,2020,2020-01,"{""type"":""MultiPoint"",""coordinates"":[]}"
VHI_M_2020-01_00000000000000000100,0.3065279482853676,1.261139342921696,257,1,Dry,2020,2020-01,"{""type"":""MultiPoint"",""coordinates"":[]}"
VHI_M_2020-01_00000000000000000101,0.4127218794800136,1.9170587756088113,258,1,Dry,2020,2020-01,"{""type"":""MultiPoint"",""coordinates"":[]}"
VHI_M_2020-01_0000000000000000012f,0.3926729919683638,1.8354664724006333,304,1,Dry,2020,2020-01,"{""type"":""MultiPoint"",""coordinates"":[]}"
VHI_M_2020-01_00000000000000000130,0.3944184034199805,1.8120614474739358,305,1,Dry,2020,2020-01,"{""type"":""MultiPoint"",""coordinates"":[]}"
VHI_M_2020-01_00000000000000000131,0.3918204197971638,1.7883225443211537,306,1,Dry,2020,2020-01,"{""type"":""MultiPoint"",""coordinates"":[]}"
VHI_M_2020-01_00000000000000000065,0.4637886693566777,2.2539843250501868,102,1,Dry,2020,2020-01,"{""type"":""MultiPoint"",""coordinates"":[]}"
VHI_M_2020-01_00000000000000000066,0.49258644261985857,2.478396872788777,103,1,Dry,2020,2020-01,"{""type"":""MultiPoint"",""coordinates"":[]}"
VHI_M_2020-01_00000000000000000067,0.36287136070163944,1.6674355566507653,104,1,Dry,2020,2020-01,"{""type"":""MultiPoint"",""coordinates"":[]}"
VHI_M_2020-01_00000000000000000068,0.40597884681416035,1.8987761865738204,105,1,Dry,2020,2020-01,"{""type"":""MultiPoint"",""coordinates"":[]}"
VHI_M_2020-01_00000000000000000109,0.3197147503934051,1.2193205454125255,266,1,Dry,2020,2020-01,"{""type"":""MultiPoint"",""coordinates"":[]}"
VHI_M_2020-01_000000000000000001c1,0.37642517986423063,1.6747592869172838,450,1,Dry,2020,2020-01,"{""type"":""MultiPoint"",""coordinates"":[]}"
VHI_M_2020-01_000000000000000001c2,0.3496817748520074,1.4766035133003985,451,1,Dry,2020,2020-01,"{""type"":""MultiPoint"",""coordinates"":[]}"
VHI_M_2020-01_00000000000000000113,0.34575728570746483,1.329026937877955,276,1,Dry,2020,2020-01,"{""type"":""MultiPoint"",""coordinates"":[]}"
VHI_M_2020-01_00000000000000000114,0.43062963614808497,2.1416358364163584,277,1,Dry,2020,2020-01,"{""type"":""MultiPoint"",""coordinates"":[]}"
VHI_M_2020-01_00000000000000000115,0.4125191795921932,1.9617317107647234,278,1,Dry,2020,2020-01,"{""type"":""MultiPoint"",""coordinates"":[]}"
VHI_M_2020-01_00000000000000000116,0.3989039662556197,1.889003595985142,279,1,Dry,2020,2020-01,"{""type"":""MultiPoint"",""coordinates"":[]}"
VHI_M_2020-01_00000000000000000117,0.3862012165548988,1.795362708753709,280,1,Dry,2020,2020-01,"{""type"":""MultiPoint"",""coordinates"":[]}"
VHI_M_2020-01_00000000000000000167,0.3580218316839895,1.5560701290109162,360,1,Dry,2020,2020-01,"{""type"":""MultiPoint"",""coordinates"":[]}"
VHI_M_2020-01_00000000000000000168,0.4112579830153852,1.958461151621825,361,1,Dry,2020,2020-01,"{""type"":""MultiPoint"",""coordinates"":[]}"
VHI_M_2020-01_00000000000000000169,0.39042158588600184,1.8373109218108872,362,1,Dry,2020,2020-01,"{""type"":""MultiPoint"",""coordinates"":[]}"
VHI_M_2020-01_0000000000000000016a,0.3837211680107322,1.7527894087179612,363,1,Dry,2020,2020-01,"{""type"":""MultiPoint"",""coordinates"":[]}"
VHI_M_2020-01_0000000000000000016b,0.33283621699950294,1.2895874203040707,364,1,Dry,2020,2020-01,"{""type"":""MultiPoint"",""coordinates"":[]}"
VHI_M_2020-01_0000000000000000016c,0.3567342629315493,1.5747484491013197,365,1,Dry,2020,2020-01,"{""type"":""MultiPoint"",""coordinates"":[]}"
VHI_M_2020-01_0000000000000000016d,0.44005425007988097,2.1055117969601174,366,1,Dry,2020,2020-01,"{""type"":""MultiPoint"",""coordinates"":[]}"
VHI_M_2020-01_000000000000000000cb,0.507591434926633,2.464174954550316,204,1,Dry,2020,2020-01,"{""type"":""MultiPoint"",""coordinates"":[]}"
VHI_M_2020-01_000000000000000000eb,15.30595733494051,2.3450388300828084,236,1,Dry,2020,2020-01,"{""type"":""MultiPoint"",""coordinates"":[]}"
VHI_M_2020-01_000000000000000000ec,0.3675180336034527,1.6106328206772347,237,1,Dry,2020,2020-01,"{""type"":""MultiPoint"",""coordinates"":[]}"
VHI_M_2020-01_000000000000000000ed,0.38394667420744943,1.7118207106191399,238,1,Dry,2020,2020-01,"{""type"":""MultiPoint"",""coordinates"":[]}"
VHI_M_2020-01_000000000000000000ee,0.3815890790704505,1.690320150659134,239,1,Dry,2020,2020-01,"{""type"":""MultiPoint"",""coordinates"":[]}"
VHI_M_2020-01_000000000000000000ef,0.33306529927366496,1.3864999856474445,240,1,Dry,2020,2020-01,"{""type"":""MultiPoint"",""coordinates"":[]}"
VHI_M_2020-01_00000000000000000146,0.43258392252295874,1.9989488382309102,327,1,Dry,2020,2020-01,"{""type"":""MultiPoint"",""coordinates"":[]}"
VHI_M_2020-01_00000000000000000147,8.392252263597852,2.022663569859853,328,1,Dry,2020,2020-01,"{""type"":""MultiPoint"",""coordinates"":[]}"
VHI_M_2020-01_00000000000000000148,0.411695203880824,1.9208230735459737,329,1,Dry,2020,2020-01,"{""type"":""MultiPoint"",""coordinates"":[]}"
VHI_M_2020-01_0000000000000000015e,0.40240834488481203,1.8599504182987936,351,1,Dry,2020,2020-01,"{""type"":""MultiPoint"",""coordinates"":[]}"
VHI_M_2020-01_0000000000000000015f,0.4428587574359051,2.181684952667644,352,1,Dry,2020,2020-01,"{""type"":""MultiPoint"",""coordinates"":[]}"
VHI_M_2020-01_00000000000000000160,0.3899142356875488,1.7967968293158336,353,1,Dry,2020,2020-01,"{""type"":""MultiPoint"",""coordinates"":[]}"
VHI_M_2020-01_00000000000000000161,0.4416516335246833,2.116460290350128,354,1,Dry,2020,2020-01,"{""type"":""MultiPoint"",""coordinates"":[]}"
VHI_M_2020-01_00000000000000000162,4.338523083775605,1.9384366480540838,355,1,Dry,2020,2020-01,"{""type"":""MultiPoint"",""coordinates"":[]}"
VHI_M_2020-01_00000000000000000010,0.3996514921672979,1.9011039138764712,17,1,Dry,2020,2020-01,"{""type"":""MultiPoint"",""coordinates"":[]}"
VHI_M_2020-01_00000000000000000121,0.39883918724045514,1.8168764752163644,290,1,Dry,2020,2020-01,"{""type"":""MultiPoint"",""coordinates"":[]}"
VHI_M_2020-01_00000000000000000122,0.5073167565239707,1.6903621927262646,291,1,Dry,2020,2020-01,"{""type"":""MultiPoint"",""coordinates"":[]}"
VHI_M_2020-01_00000000000000000123,0.4241530721367035,1.975484526335904,292,1,Dry,2020,2020-01,"{""type"":""MultiPoint"",""coordinates"":[]}"
VHI_M_2020-01_0000000000000000019a,0.4117236598644177,1.9268712835207804,411,1,Dry,2020,2020-01,"{""type"":""MultiPoint"",""coordinates"":[]}"
VHI_M_2020-01_0000000000000000019b,0.37398551865250895,1.6837113228226959,412,1,Dry,2020,2020-01,"{""type"":""MultiPoint"",""coordinates"":[]}"
VHI_M_2020-01_0000000000000000019c,0.36559870161806834,1.581068138680412,413,1,Dry,2020,2020-01,"{""type"":""MultiPoint"",""coordinates"":[]}"
VHI_M_2020-01_0000000000000000019d,0.3919371485087022,1.8018687672840021,414,1,Dry,2020,2020-01,"{""type"":""MultiPoint"",""coordinates"":[]}"
VHI_M_2020-01_0000000000000000019e,4.002694896833474,1.7051412981631984,415,1,Dry,2020,2020-01,"{""type"":""MultiPoint"",""coordinates"":[]}"
VHI_M_2020-01_0000000000000000019f,0.387465301247939,1.813099899578854,416,1,Dry,2020,2020-01,"{""type"":""MultiPoint"",""coordinates"":[]}"
VHI_M_2020-01_00000000000000000216,0.36788064966291467,1.7100697259607585,535,1,Dry,2020,2020-01,"{""type"":""MultiPoint"",""coordinates"":[]}"
VHI_M_2020-01_00000000000000000217,0.38028331058179876,1.371956508506558,536,1,Dry,2020,2020-01,"{""type"":""MultiPoint"",""coordinates"":[]}"
VHI_M_2020-01_00000000000000000218,0.3901611316361547,1.7906343932922006,537,1,Dry,2020,2020-01,"{""type"":""MultiPoint"",""coordinates"":[]}"
VHI_M_2020-01_00000000000000000219,0.36755813608720506,1.5543105195374056,538,1,Dry,2020,2020-01,"{""type"":""MultiPoint"",""coordinates"":[]}"
VHI_M_2020-01_0000000000000000021a,8.200948785523133,1.70508456715317,539,1,Dry,2020,2020-01,"{""type"":""MultiPoint"",""coordinates"":[]}"
VHI_M_2020-01_00000000000000000004,0.5778374533566898,3.0186809431598123,5,1,Dry,2020,2020-01,"{""type"":""MultiPoint"",""coordinates"":[]}"
VHI_M_2020-01_00000000000000000028,0.4905523218791287,2.451639541168698,41,1,Dry,2020,2020-01,"{""type"":""MultiPoint"",""coordinates"":[]}"
VHI_M_2020-01_00000000000000000029,0.5234907615489549,2.6478081948035714,42,1,Dry,2020,2020-01,"{""type"":""MultiPoint"",""coordinates"":[]}"
VHI_M_2020-01_0000000000000000002a,0.467234531260799,2.286099162552277,43,1,Dry,2020,2020-01,"{""type"":""MultiPoint"",""coordinates"":[]}"
VHI_M_2020-01_0000000000000000002b,0.46020314759935677,2.239765560870873,44,1,Dry,2020,2020-01,"{""type"":""MultiPoint"",""coordinates"":[]}"
VHI_M_2020-01_000000000000000000a7,0.48300795357427584,2.39281182378639,168,1,Dry,2020,2020-01,"{""type"":""MultiPoint"",""coordinates"":[]}"
VHI_M_2020-01_000000000000000000a8,0.5112058660815397,2.5628436906905443,169,1,Dry,2020,2020-01,"{""type"":""MultiPoint"",""coordinates"":[]}"
VHI_M_2020-01_0000000000000000000c,0.47690269018226955,2.3851996725188758,13,1,Dry,2020,2020-01,"{""type"":""MultiPoint"",""coordinates"":[]}"
VHI_M_2020-01_00000000000000000060,0.5245995676667302,2.6998060346163144,97,1,Dry,2020,2020-01,"{""type"":""MultiPoint"",""coordinates"":[]}"
VHI_M_2020-01_00000000000000000061,0.5165899066907675,2.6017530254964143,98,1,Dry,2020,2020-01,"{""type"":""MultiPoint"",""coordinates"":[]}"
VHI_M_2020-01_00000000000000000062,0.41090260045316335,1.911250050592559,99,1,Dry,2020,2020-01,"{""type"":""MultiPoint"",""coordinates"":[]}"
VHI_M_2020-01_00000000000000000063,0.4789836828575787,2.3667992647443294,100,1,Dry,2020,2020-01,"{""type"":""MultiPoint"",""coordinates"":[]}"
VHI_M_2020-01_00000000000000000064,0.4316185943682611,2.060164090069182,101,1,Dry,2020,2020-01,"{""type"":""MultiPoint"",""coordinates"":[]}"
VHI_M_2020-01_00000000000000000011,0.4792190474676895,2.3831619774672177,18,1,Dry,2020,2020-01,"{""type"":""MultiPoint"",""coordinates"":[]}"
VHI_M_2020-01_00000000000000000033,0.48761562692472465,2.4222256701737552,52,1,Dry,2020,2020-01,"{""type"":""MultiPoint"",""coordinates"":[]}"
VHI_M_2020-01_00000000000000000034,0.5095043917244699,2.5786978135124152,53,1,Dry,2020,2020-01,"{""type"":""MultiPoint"",""coordinates"":[]}"
VHI_M_2020-01_000000000000000001b3,0.4545930368553545,2.199652469902071,436,1,Dry,2020,2020-01,"{""type"":""MultiPoint"",""coordinates"":[]}"
VHI_M_2020-01_000000000000000001b4,0.40226410645782523,1.869568364092335,437,1,Dry,2020,2020-01,"{""type"":""MultiPoint"",""coordinates"":[]}"
VHI_M_2020-01_000000000000000001b5,0.3970912675539603,1.8254259969767044,438,1,Dry,2020,2020-01,"{""type"":""MultiPoint"",""coordinates"":[]}"
VHI_M_2020-01_00000000000000000005,0.6137711220565835,3.310983919324066,6,1,Dry,2020,2020-01,"{""type"":""MultiPoint"",""coordinates"":[]}"
VHI_M_2020-01_00000000000000000082,0.6958255949377684,3.8082994571699813,131,1,Dry,2020,2020-01,"{""type"":""MultiPoint"",""coordinates"":[]}"
VHI_M_2020-01_00000000000000000083,0.6619496755407168,3.5855071330603256,132,1,Dry,2020,2020-01,"{""type"":""MultiPoint"",""coordinates"":[]}"
VHI_M_2020-01_00000000000000000084,0.6317815951347995,3.3749200926401395,133,1,Dry,2020,2020-01,"{""type"":""MultiPoint"",""coordinates"":[]}"
VHI_M_2020-01_00000000000000000085,0.6872785664658618,3.7757505390612036,134,1,Dry,2020,2020-01,"{""type"":""MultiPoint"",""coordinates"":[]}"
VHI_M_2020-01_00000000000000000086,0.6412909697262676,3.4586472629859415,135,1,Dry,2020,2020-01,"{""type"":""MultiPoint"",""coordinates"":[]}"
VHI_M_2020-01_00000000000000000087,0.6407129479859387,3.46155815342606,136,1,Dry,2020,2020-01,"{""type"":""MultiPoint"",""coordinates"":[]}"
VHI_M_2020-01_0000000000000000010c,0.6658311364898745,3.5875899904063973,269,1,Dry,2020,2020-01,"{""type"":""MultiPoint"",""coordinates"":[]}"
VHI_M_2020-01_0000000000000000010d,0.6561244588585444,3.515328599655099,270,1,Dry,2020,2020-01,"{""type"":""MultiPoint"",""coordinates"":[]}"
VHI_M_2020-01_0000000000000000010e,0.6550800246879316,3.536171846582871,271,1,Dry,2020,2020-01,"{""type"":""MultiPoint"",""coordinates"":[]}"
VHI_M_2020-01_0000000000000000010f,0.6285817252455803,3.3664579672666393,272,1,Dry,2020,2020-01,"{""type"":""MultiPoint"",""coordinates"":[]}"
VHI_M_2020-01_00000000000000000110,0.6552412921884452,3.560355135340594,273,1,Dry,2020,2020-01,"{""type"":""MultiPoint"",""coordinates"":[]}"
VHI_M_2020-01_00000000000000000111,0.5349323813554019,2.756804870147876,274,1,Dry,2020,2020-01,"{""type"":""MultiPoint"",""coordinates"":[]}"
VHI_M_2020-01_000000000000000001d0,0.6395986142074029,3.4246241947029326,465,1,Dry,2020,2020-01,"{""type"":""MultiPoint"",""coordinates"":[]}"
VHI_M_2020-01_000000000000000001d1,0.6138081705320008,3.2602966069870756,466,1,Dry,2020,2020-01,"{""type"":""MultiPoint"",""coordinates"":[]}"
VHI_M_2020-01_00000000000000000009,0.42539228559076875,2.0794021833735354,10,1,Dry,2020,2020-01,"{""type"":""MultiPoint"",""coordinates"":[]}"
VHI_M_2020-01_0000000000000000009e,0.54228950196951,2.7925428122262406,159,1,Dry,2020,2020-01,"{""type"":""MultiPoint"",""coordinates"":[]}"
VHI_M_2020-01_0000000000000000009f,0.6074276601249232,3.210540198600368,160,1,Dry,2020,2020-01,"{""type"":""MultiPoint"",""coordinates"":[]}"
VHI_M_2020-01_00000000000000000154,0.7135246431627028,3.918534266055706,341,1,Dry,2020,2020-01,"{""type"":""MultiPoint"",""coordinates"":[]}"
VHI_M_2020-01_00000000000000000155,0.4784547560437958,2.393367060900977,342,1,Dry,2020,2020-01,"{""type"":""MultiPoint"",""coordinates"":[]}"
VHI_M_2020-01_00000000000000000156,0.6047177524402981,3.2034319518351975,343,1,Dry,2020,2020-01,"{""type"":""MultiPoint"",""coordinates"":[]}"
VHI_M_2020-01_00000000000000000157,0.5095369175401078,2.5886444744641817,344,1,Dry,2020,2020-01,"{""type"":""MultiPoint"",""coordinates"":[]}"
VHI_M_2020-01_00000000000000000178,0.6211680341812944,3.3091236030169595,377,1,Dry,2020,2020-01,"{""type"":""MultiPoint"",""coordinates"":[]}"
VHI_M_2020-01_00000000000000000179,0.4479517330104883,2.1435065549766055,378,1,Dry,2020,2020-01,"{""type"":""MultiPoint"",""coordinates"":[]}"
VHI_M_2020-01_0000000000000000017a,0.5024062360886946,2.5236703617031537,379,1,Dry,2020,2020-01,"{""type"":""MultiPoint"",""coordinates"":[]}"
VHI_M_2020-01_0000000000000000017b,0.4765956901758753,2.323276754295177,380,1,Dry,2020,2020-01,"{""type"":""MultiPoint"",""coordinates"":[]}"
VHI_M_2020-01_0000000000000000000f,0.5707419855935913,3.0015015015015023,16,1,Dry,2020,2020-01,"{""type"":""MultiPoint"",""coordinates"":[]}"
VHI_M_2020-01_00000000000000000040,0.6627880137137484,3.5889171693282136,65,1,Dry,2020,2020-01,"{""type"":""MultiPoint"",""coordinates"":[]}"
VHI_M_2020-01_00000000000000000041,0.5349102733829116,2.732991961211845,66,1,Dry,2020,2020-01,"{""type"":""MultiPoint"",""coordinates"":[]}"
VHI_M_2020-01_00000000000000000042,0.611179872901302,3.244748333251453,67,1,Dry,2020,2020-01,"{""type"":""MultiPoint"",""coordinates"":[]}"
VHI_M_2020-01_00000000000000000043,0.61805986168867,3.2897323091537785,68,1,Dry,2020,2020-01,"{""type"":""MultiPoint"",""coordinates"":[]}"
VHI_M_2020-01_00000000000000000192,0.62381127965513,3.3430655300749947,403,1,Dry,2020,2020-01,"{""type"":""MultiPoint"",""coordinates"":[]}"
VHI_M_2020-01_00000000000000000193,0.576046730599705,2.9916090253323486,404,1,Dry,2020,2020-01,"{""type"":""MultiPoint"",""coordinates"":[]}"
VHI_M_2020-01_00000000000000000194,0.5686137631426587,2.944864428786727,405,1,Dry,2020,2020-01,"{""type"":""MultiPoint"",""coordinates"":[]}"
VHI_M_2020-01_000000000000000001d2,0.6306544071533033,3.3836069746722663,467,1,Dry,2020,2020-01,"{""type"":""MultiPoint"",""coordinates"":[]}"
VHI_M_2020-01_000000000000000001d3,0.5435388630052375,2.8097342728277197,468,1,Dry,2020,2020-01,"{""type"":""MultiPoint"",""coordinates"":[]}"
VHI_M_2020-01_000000000000000001d4,0.4939994057854355,2.478744722211333,469,1,Dry,2020,2020-01,"{""type"":""MultiPoint"",""coordinates"":[]}"
VHI_M_2020-01_000000000000000001d5,0.6267166868803292,3.334645681862449,470,1,Dry,2020,2020-01,"{""type"":""MultiPoint"",""coordinates"":[]}"
VHI_M_2020-01_000000000000000001d6,0.5329039559395387,2.7424678415330286,471,1,Dry,2020,2020-01,"{""type"":""MultiPoint"",""coordinates"":[]}"
VHI_M_2020-01_000000000000000001d7,0.5880995524082927,3.1089522180844464,472,1,Dry,2020,2020-01,"{""type"":""MultiPoint"",""coordinates"":[]}"
VHI_M_2020-01_00000000000000000069,0.5299960871805534,2.7063424913395386,106,1,Dry,2020,2020-01,"{""type"":""MultiPoint"",""coordinates"":[]}"
VHI_M_2020-01_0000000000000000006a,0.476796650091386,2.357429943061295,107,1,Dry,2020,2020-01,"{""type"":""MultiPoint"",""coordinates"":[]}"
VHI_M_2020-01_0000000000000000006b,0.5485844721400146,2.8621760161721177,108,1,Dry,2020,2020-01,"{""type"":""MultiPoint"",""coordinates"":[]}"
VHI_M_2020-01_0000000000000000006c,0.525962743712982,2.680071325916855,109,1,Dry,2020,2020-01,"{""type"":""MultiPoint"",""coordinates"":[]}"
VHI_M_2020-01_0000000000000000006d,0.5951653785469799,3.140357560938441,110,1,Dry,2020,2020-01,"{""type"":""MultiPoint"",""coordinates"":[]}"
VHI_M_2020-01_0000000000000000006e,0.5677865163440396,2.9278970551329633,111,1,Dry,2020,2020-01,"{""type"":""MultiPoint"",""coordinates"":[]}"
VHI_M_2020-01_0000000000000000006f,0.5961846546307079,3.147942237125143,112,1,Dry,2020,2020-01,"{""type"":""MultiPoint"",""coordinates"":[]}"
VHI_M_2020-01_000000000000000000d6,0.4527834456237818,2.162745098039215,215,1,Dry,2020,2020-01,"{""type"":""MultiPoint"",""coordinates"":[]}"
VHI_M_2020-01_0000000000000000013b,0.5447283392605342,2.851364289133557,316,1,Dry,2020,2020-01,"{""type"":""MultiPoint"",""coordinates"":[]}"
VHI_M_2020-01_0000000000000000013c,0.5286157057122344,2.7310084679982722,317,1,Dry,2020,2020-01,"{""type"":""MultiPoint"",""coordinates"":[]}"
VHI_M_2020-01_0000000000000000013d,0.42896325925403694,2.0794204689176166,318,1,Dry,2020,2020-01,"{""type"":""MultiPoint"",""coordinates"":[]}"
VHI_M_2020-01_0000000000000000013e,0.4021767892891565,1.8931254173158254,319,1,Dry,2020,2020-01,"{""type"":""MultiPoint"",""coordinates"":[]}"
VHI_M_2020-01_0000000000000000013f,0.49022699668575864,2.456117629133019,320,1,Dry,2020,2020-01,"{""type"":""MultiPoint"",""coordinates"":[]}"
VHI_M_2020-01_00000000000000000140,10.231248130457207,2.262235923956736,321,1,Dry,2020,2020-01,"{""type"":""MultiPoint"",""coordinates"":[]}"
VHI_M_2020-01_000000000000000001bc,0.5324877385824012,2.772787724516645,445,1,Dry,2020,2020-01,"{""type"":""MultiPoint"",""coordinates"":[]}"
VHI_M_2020-01_000000000000000001bd,0.5892453100456331,3.1074892659023003,446,1,Dry,2020,2020-01,"{""type"":""MultiPoint"",""coordinates"":[]}"
VHI_M_2020-01_000000000000000001be,0.5105253742133224,2.5949852234946427,447,1,Dry,2020,2020-01,"{""type"":""MultiPoint"",""coordinates"":[]}"
VHI_M_2020-01_000000000000000001bf,0.579566558100417,3.0509899358633117,448,1,Dry,2020,2020-01,"{""type"":""MultiPoint"",""coordinates"":[]}"
VHI_M_2020-01_000000000000000001c0,0.5135665514832604,2.60374838269346,449,1,Dry,2020,2020-01,"{""type"":""MultiPoint"",""coordinates"":[]}"
VHI_M_2020-01_00000000000000000006,0.5133614131571791,2.6754389864414287,7,1,Dry,2020,2020-01,"{""type"":""MultiPoint"",""coordinates"":[]}"
VHI_M_2020-01_0000000000000000002c,0.5293094888085268,2.704463748864754,45,1,Dry,2020,2020-01,"{""type"":""MultiPoint"",""coordinates"":[]}"
VHI_M_2020-01_0000000000000000002d,0.5351087469554678,2.7501487480802527,46,1,Dry,2020,2020-01,"{""type"":""MultiPoint"",""coordinates"":[]}"
VHI_M_2020-01_0000000000000000002e,0.6521319110884541,3.506535691997046,47,1,Dry,2020,2020-01,"{""type"":""MultiPoint"",""coordinates"":[]}"
VHI_M_2020-01_0000000000000000002f,0.5092080195389003,2.5797068842318986,48,1,Dry,2020,2020-01,"{""type"":""MultiPoint"",""coordinates"":[]}"
VHI_M_2020-01_0000000000000000009b,0.5501894808242229,2.867929582256352,156,1,Dry,2020,2020-01,"{""type"":""MultiPoint"",""coordinates"":[]}"
VHI_M_2020-01_0000000000000000009c,0.5153613310353997,2.627224641677723,157,1,Dry,2020,2020-01,"{""type"":""MultiPoint"",""coordinates"":[]}"
VHI_M_2020-01_0000000000000000009d,0.5865239183281102,3.0843736944287454,158,1,Dry,2020,2020-01,"{""type"":""MultiPoint"",""coordinates"":[]}"
VHI_M_2020-01_000000000000000001b6,0.58950704734912,3.1546910247402096,439,1,Dry,2020,2020-01,"{""type"":""MultiPoint"",""coordinates"":[]}"
VHI_M_2020-01_000000000000000001b7,0.5818130295454411,3.0406288371856274,440,1,Dry,2020,2020-01,"{""type"":""MultiPoint"",""coordinates"":[]}"
VHI_M_2020-01_000000000000000001b8,0.5624190399733556,2.92119664448592,441,1,Dry,2020,2020-01,"{""type"":""MultiPoint"",""coordinates"":[]}"
VHI_M_2020-01_000000000000000001b9,0.5334157296426728,2.730342037271538,442,1,Dry,2020,2020-01,"{""type"":""MultiPoint"",""coordinates"":[]}"
VHI_M_2020-01_000000000000000001ba,0.5931478328618914,3.1044276748629667,443,1,Dry,2020,2020-01,"{""type"":""MultiPoint"",""coordinates"":[]}"
VHI_M_2020-01_000000000000000001bb,0.6084964653026205,3.233514569014008,444,1,Dry,2020,2020-01,"{""type"":""MultiPoint"",""coordinates"":[]}"
VHI_M_2020-01_00000000000000000221,0.582483776925045,3.0025953802232026,546,1,Dry,2020,2020-01,"{""type"":""MultiPoint"",""coordinates"":[]}"
VHI_M_2020-01_00000000000000000222,0.5321110718795314,2.7329648499263484,547,1,Dry,2020,2020-01,"{""type"":""MultiPoint"",""coordinates"":[]}"
VHI_M_2020-01_00000000000000000223,0.5918606500739908,3.1027103598303554,548,1,Dry,2020,2020-01,"{""type"":""MultiPoint"",""coordinates"":[]}"
VHI_M_2020-01_00000000000000000224,0.5552235590248599,2.889250598647726,549,1,Dry,2020,2020-01,"{""type"":""MultiPoint"",""coordinates"":[]}"
VHI_M_2020-01_00000000000000000225,0.547596105365015,2.856178474990356,550,1,Dry,2020,2020-01,"{""type"":""MultiPoint"",""coordinates"":[]}"
VHI_M_2020-01_00000000000000000053,0.4988094060029454,2.498525093982383,84,1,Dry,2020,2020-01,"{""type"":""MultiPoint"",""coordinates"":[]}"
VHI_M_2020-01_00000000000000000054,0.5163823706419539,2.582946566052571,85,1,Dry,2020,2020-01,"{""type"":""MultiPoint"",""coordinates"":[]}"
VHI_M_2020-01_00000000000000000055,0.5352424442874092,2.710373443983402,86,1,Dry,2020,2020-01,"{""type"":""MultiPoint"",""coordinates"":[]}"
VHI_M_2020-01_00000000000000000056,0.5258027006838382,2.677603882435487,87,1,Dry,2020,2020-01,"{""type"":""MultiPoint"",""coordinates"":[]}"
VHI_M_2020-01_00000000000000000057,0.5012465894548428,2.4920245321551873,88,1,Dry,2020,2020-01,"{""type"":""MultiPoint"",""coordinates"":[]}"
VHI_M_2020-01_000000000000000000de,0.4949410814577688,2.4614636703578223,223,1,Dry,2020,2020-01,"{""type"":""MultiPoint"",""coordinates"":[]}"
VHI_M_2020-01_000000000000000000df,26.57580848577681,3.3825985186671335,224,1,Dry,2020,2020-01,"{""type"":""MultiPoint"",""coordinates"":[]}"
VHI_M_2020-01_000000000000000000e0,3.786385229071537,2.5515146989724755,225,1,Dry,2020,2020-01,"{""type"":""MultiPoint"",""coordinates"":[]}"
VHI_M_2020-01_000000000000000000e1,8.088993909219587,2.9904666182368222,226,1,Dry,2020,2020-01,"{""type"":""MultiPoint"",""coordinates"":[]}"
VHI_M_2020-01_000000000000000000ff,0.5676450858275931,2.8711941882295333,256,1,Dry,2020,2020-01,"{""type"":""MultiPoint"",""coordinates"":[]}"
VHI_M_2020-01_0000000000000000011c,0.5190876128808333,2.661455966554575,285,1,Dry,2020,2020-01,"{""type"":""MultiPoint"",""coordinates"":[]}"
VHI_M_2020-01_0000000000000000011d,0.528336380840824,2.696629961467373,286,1,Dry,2020,2020-01,"{""type"":""MultiPoint"",""coordinates"":[]}"
VHI_M_2020-01_0000000000000000011e,0.5830735979029372,3.0366070898402686,287,1,Dry,2020,2020-01,"{""type"":""MultiPoint"",""coordinates"":[]}"
VHI_M_2020-01_0000000000000000011f,0.586632600532387,3.0417598111010595,288,1,Dry,2020,2020-01,"{""type"":""MultiPoint"",""coordinates"":[]}"
VHI_M_2020-01_000000000000000001c4,8.69177554318503,2.4811671215353694,453,1,Dry,2020,2020-01,"{""type"":""MultiPoint"",""coordinates"":[]}"
VHI_M_2020-01_000000000000000001c5,0.5528654849819209,2.865034044286672,454,1,Dry,2020,2020-01,"{""type"":""MultiPoint"",""coordinates"":[]}"
VHI_M_2020-01_000000000000000001c6,0.5587435282313206,2.9225074869218264,455,1,Dry,2020,2020-01,"{""type"":""MultiPoint"",""coordinates"":[]}"
VHI_M_2020-01_00000000000000000003,0.7631961197440723,3.0665468344317963,4,1,Dry,2020,2020-01,"{""type"":""MultiPoint"",""coordinates"":[]}"
VHI_M_2020-01_0000000000000000001b,12.299328310370232,3.44225768321513,28,1,Dry,2020,2020-01,"{""type"":""MultiPoint"",""coordinates"":[]}"
VHI_M_2020-01_00000000000000000186,64.24432864892201,3.0278499021874445,391,1,Dry,2020,2020-01,"{""type"":""MultiPoint"",""coordinates"":[]}"
VHI_M_2020-01_00000000000000000187,0.4214529663746098,1.9987039493109775,392,1,Dry,2020,2020-01,"{""type"":""MultiPoint"",""coordinates"":[]}"
VHI_M_2020-01_00000000000000000188,2.670242796013867,2.0453867714439298,393,1,Dry,2020,2020-01,"{""type"":""MultiPoint"",""coordinates"":[]}"
VHI_M_2020-01_00000000000000000189,3.6321920457460695,3.261140637443726,394,1,Dry,2020,2020-01,"{""type"":""MultiPoint"",""coordinates"":[]}"
VHI_M_2020-01_0000000000000000018a,0.5423426160219464,2.8400490539593553,395,1,Dry,2020,2020-01,"{""type"":""MultiPoint"",""coordinates"":[]}"
VHI_M_2020-01_0000000000000000018f,0.5195814758786761,2.6116293929712464,400,1,Dry,2020,2020-01,"{""type"":""MultiPoint"",""coordinates"":[]}"
VHI_M_2020-01_00000000000000000190,0.5332836164946201,2.715931150511193,401,1,Dry,2020,2020-01,"{""type"":""MultiPoint"",""coordinates"":[]}"
VHI_M_2020-01_0000000000000000021e,0.6288373393470603,3.3373929198059655,543,1,Dry,2020,2020-01,"{""type"":""MultiPoint"",""coordinates"":[]}"
VHI_M_2020-01_0000000000000000021f,0.5293113025655816,1.9699063490634316,544,1,Dry,2020,2020-01,"{""type"":""MultiPoint"",""coordinates"":[]}"
VHI_M_2020-01_00000000000000000220,0.3930789282694459,1.6836526788664055,545,1,Dry,2020,2020-01,"{""type"":""MultiPoint"",""coordinates"":[]}"
VHI_M_2020-01_00000000000000000007,0.5931543950359468,3.096882323698601,8,1,Dry,2020,2020-01,"{""type"":""MultiPoint"",""coordinates"":[]}"
VHI_M_2020-01_0000000000000000000b,0.6119610618166959,3.2263878875270366,12,1,Dry,2020,2020-01,"{""type"":""MultiPoint"",""coordinates"":[]}"
VHI_M_2020-01_00000000000000000012,0.4949343191543345,2.480187742165404,19,1,Dry,2020,2020-01,"{""type"":""MultiPoint"",""coordinates"":[]}"
VHI_M_2020-01_00000000000000000013,0.4588248741755483,2.2627047454900158,20,1,Dry,2020,2020-01,"{""type"":""MultiPoint"",""coordinates"":[]}"
VHI_M_2020-01_00000000000000000014,0.3921498765648067,1.7559135267885997,21,1,Dry,2020,2020-01,"{""type"":""MultiPoint"",""coordinates"":[]}"
VHI_M_2020-01_00000000000000000015,0.47112950148611893,2.303595471040044,22,1,Dry,2020,2020-01,"{""type"":""MultiPoint"",""coordinates"":[]}"
VHI_M_2020-01_00000000000000000016,0.456685236926315,2.2595257426019764,23,1,Dry,2020,2020-01,"{""type"":""MultiPoint"",""coordinates"":[]}"
VHI_M_2020-01_00000000000000000183,0.4658850137238293,2.301483974521743,388,1,Dry,2020,2020-01,"{""type"":""MultiPoint"",""coordinates"":[]}"
VHI_M_2020-01_00000000000000000184,0.47616489567773806,2.363107125498671,389,1,Dry,2020,2020-01,"{""type"":""MultiPoint"",""coordinates"":[]}"
VHI_M_2020-01_00000000000000000185,4.886862066230554,2.451132568661282,390,1,Dry,2020,2020-01,"{""type"":""MultiPoint"",""coordinates"":[]}"
VHI_M_2020-01_00000000000000000212,0.46820011601013944,2.3358577543628583,531,1,Dry,2020,2020-01,"{""type"":""MultiPoint"",""coordinates"":[]}"
VHI_M_2020-01_00000000000000000213,0.5399347453342168,2.7945661051556905,532,1,Dry,2020,2020-01,"{""type"":""MultiPoint"",""coordinates"":[]}"
VHI_M_2020-01_00000000000000000214,0.4263113154887025,2.0311590856648496,533,1,Dry,2020,2020-01,"{""type"":""MultiPoint"",""coordinates"":[]}"
VHI_M_2020-01_00000000000000000215,0.45920858726881925,2.240076379442395,534,1,Dry,2020,2020-01,"{""type"":""MultiPoint"",""coordinates"":[]}"
VHI_M_2020-01_0000000000000000005a,74.9266675797982,2.729420073765989,91,1,Dry,2020,2020-01,"{""type"":""MultiPoint"",""coordinates"":[]}"
VHI_M_2020-01_00000000000000000118,52.96433591465009,2.71901411633548,281,1,Dry,2020,2020-01,"{""type"":""MultiPoint"",""coordinates"":[]}"
VHI_M_2020-01_00000000000000000119,8.277856868163033,2.1433426037853893,282,1,Dry,2020,2020-01,"{""type"":""MultiPoint"",""coordinates"":[]}"
VHI_M_2020-01_0000000000000000011a,3.774308483839168,2.640308579942721,283,1,Dry,2020,2020-01,"{""type"":""MultiPoint"",""coordinates"":[]}"
VHI_M_2020-01_0000000000000000011b,0.5520860597160718,2.828720554906943,284,1,Dry,2020,2020-01,"{""type"":""MultiPoint"",""coordinates"":[]}"
VHI_M_2020-01_00000000000000000141,10.102992061632749,2.5948632309137483,322,1,Dry,2020,2020-01,"{""type"":""MultiPoint"",""coordinates"":[]}"
VHI_M_2020-01_00000000000000000142,54.28029501689985,3.5197470394940766,323,1,Dry,2020,2020-01,"{""type"":""MultiPoint"",""coordinates"":[]}"
VHI_M_2020-01_00000000000000000143,13.624661959278294,2.760533090232669,324,1,Dry,2020,2020-01,"{""type"":""MultiPoint"",""coordinates"":[]}"
VHI_M_2020-01_00000000000000000144,48.917273354815244,3.7313667903756724,325,1,Dry,2020,2020-01,"{""type"":""MultiPoint"",""coordinates"":[]}"
VHI_M_2020-01_00000000000000000145,35.071124950252674,3.3045755228669798,326,1,Dry,2020,2020-01,"{""type"":""MultiPoint"",""coordinates"":[]}"
VHI_M_2020-01_000000000000000001af,85.72822410389867,2.5822487485560255,432,1,Dry,2020,2020-01,"{""type"":""MultiPoint"",""coordinates"":[]}"
VHI_M_2020-01_0000000000000000004b,0.5539015257262735,2.9215693470840827,76,1,Dry,2020,2020-01,"{""type"":""MultiPoint"",""coordinates"":[]}"
VHI_M_2020-01_0000000000000000004c,0.5503849382826501,2.94463606615371,77,1,Dry,2020,2020-01,"{""type"":""MultiPoint"",""coordinates"":[]}"
VHI_M_2020-01_0000000000000000004d,0.509763652368898,2.579216926695061,78,1,Dry,2020,2020-01,"{""type"":""MultiPoint"",""coordinates"":[]}"
VHI_M_2020-01_0000000000000000004e,0.4786185542468706,2.3792124484448047,79,1,Dry,2020,2020-01,"{""type"":""MultiPoint"",""coordinates"":[]}"
VHI_M_2020-01_0000000000000000004f,0.44738695282207286,2.123870667573588,80,1,Dry,2020,2020-01,"{""type"":""MultiPoint"",""coordinates"":[]}"
VHI_M_2020-01_00000000000000000050,0.5589089976734221,2.718199608610567,81,1,Dry,2020,2020-01,"{""type"":""MultiPoint"",""coordinates"":[]}"
VHI_M_2020-01_00000000000000000051,0.46855600254373836,2.3562005277044857,82,1,Dry,2020,2020-01,"{""type"":""MultiPoint"",""coordinates"":[]}"
VHI_M_2020-01_00000000000000000052,0.4635465751223823,2.3642345372130436,83,1,Dry,2020,2020-01,"{""type"":""MultiPoint"",""coordinates"":[]}"
VHI_M_2020-01_000000000000000000aa,0.4408838413542341,2.140787895562322,171,1,Dry,2020,2020-01,"{""type"":""MultiPoint"",""coordinates"":[]}"
VHI_M_2020-01_000000000000000000ab,0.4915586186167441,2.4447758202445846,172,1,Dry,2020,2020-01,"{""type"":""MultiPoint"",""coordinates"":[]}"
VHI_M_2020-01_000000000000000000ac,0.48607054790735393,2.4314962745928095,173,1,Dry,2020,2020-01,"{""type"":""MultiPoint"",""coordinates"":[]}"
VHI_M_2020-01_000000000000000000ad,0.4750427698729087,2.357771029639374,174,1,Dry,2020,2020-01,"{""type"":""MultiPoint"",""coordinates"":[]}"
VHI_M_2020-01_000000000000000000ae,0.3222746017454024,1.241341396371633,175,1,Dry,2020,2020-01,"{""type"":""MultiPoint"",""coordinates"":[]}"
VHI_M_2020-01_000000000000000000af,0.38402403242115457,1.7337404822335019,176,1,Dry,2020,2020-01,"{""type"":""MultiPoint"",""coordinates"":[]}"
VHI_M_2020-01_000000000000000000b0,0.5646623024499172,3.019883225501027,177,1,Dry,2020,2020-01,"{""type"":""MultiPoint"",""coordinates"":[]}"
VHI_M_2020-01_000000000000000001c7,0.37286137739228176,1.730911786508525,456,1,Dry,2020,2020-01,"{""type"":""MultiPoint"",""coordinates"":[]}"
VHI_M_2020-01_000000000000000001c8,0.5075341395211673,2.5611679276916,457,1,Dry,2020,2020-01,"{""type"":""MultiPoint"",""coordinates"":[]}"
VHI_M_2020-01_000000000000000001c9,0.47724360685215483,2.3671551558411577,458,1,Dry,2020,2020-01,"{""type"":""MultiPoint"",""coordinates"":[]}"
VHI_M_2020-01_000000000000000001ca,0.6369273724920039,3.365146256817054,459,1,Dry,2020,2020-01,"{""type"":""MultiPoint"",""coordinates"":[]}"
VHI_M_2020-01_0000000000000000020a,0.5519591871706985,2.9383559281106644,523,1,Dry,2020,2020-01,"{""type"":""MultiPoint"",""coordinates"":[]}"
VHI_M_2020-01_0000000000000000020b,0.9028366466619491,2.656614684741847,524,1,Dry,2020,2020-01,"{""type"":""MultiPoint"",""coordinates"":[]}"
VHI_M_2020-01_0000000000000000020c,0.5404362603828535,2.7746948023994658,525,1,Dry,2020,2020-01,"{""type"":""MultiPoint"",""coordinates"":[]}"
VHI_M_2020-01_000000000000000001ab,0.5471025673590401,2.8411142636058795,428,1,Dry,2020,2020-01,"{""type"":""MultiPoint"",""coordinates"":[]}"
VHI_M_2020-01_000000000000000001ac,0.5142379945603099,2.6030883796845328,429,1,Dry,2020,2020-01,"{""type"":""MultiPoint"",""coordinates"":[]}"
VHI_M_2020-01_000000000000000001ad,8.01614924865705,2.54066874095766,430,1,Dry,2020,2020-01,"{""type"":""MultiPoint"",""coordinates"":[]}"
VHI_M_2020-01_000000000000000001ae,45.37243474470329,2.374977321383214,431,1,Dry,2020,2020-01,"{""type"":""MultiPoint"",""coordinates"":[]}"
VHI_M_2020-01_000000000000000001c3,38.969982086905354,2.549436956150827,452,1,Dry,2020,2020-01,"{""type"":""MultiPoint"",""coordinates"":[]}"
VHI_M_2020-01_00000000000000000037,0.4634329259715749,2.274163311850994,56,1,Dry,2020,2020-01,"{""type"":""MultiPoint"",""coordinates"":[]}"
VHI_M_2020-01_00000000000000000038,0.4845774384234294,2.4244291884302833,57,1,Dry,2020,2020-01,"{""type"":""MultiPoint"",""coordinates"":[]}"
VHI_M_2020-01_00000000000000000039,0.5573076298745423,2.8821969526720306,58,1,Dry,2020,2020-01,"{""type"":""MultiPoint"",""coordinates"":[]}"
VHI_M_2020-01_0000000000000000003a,0.48678485424417417,2.4293405216025605,59,1,Dry,2020,2020-01,"{""type"":""MultiPoint"",""coordinates"":[]}"
VHI_M_2020-01_0000000000000000003b,0.42256678959820976,2.010569088328767,60,1,Dry,2020,2020-01,"{""type"":""MultiPoint"",""coordinates"":[]}"
VHI_M_2020-01_0000000000000000003c,0.5160559303907037,2.604078125999652,61,1,Dry,2020,2020-01,"{""type"":""MultiPoint"",""coordinates"":[]}"
VHI_M_2020-01_0000000000000000003d,0.5187152551684745,2.6419775787413253,62,1,Dry,2020,2020-01,"{""type"":""MultiPoint"",""coordinates"":[]}"
VHI_M_2020-01_0000000000000000003e,10.463802766149648,2.8664534609043875,63,1,Dry,2020,2020-01,"{""type"":""MultiPoint"",""coordinates"":[]}"
VHI_M_2020-01_0000000000000000003f,0.5017076692607548,2.5004162459925223,64,1,Dry,2020,2020-01,"{""type"":""MultiPoint"",""coordinates"":[]}"
VHI_M_2020-01_00000000000000000044,0.5191272678560993,2.6066256034626276,69,1,Dry,2020,2020-01,"{""type"":""MultiPoint"",""coordinates"":[]}"
VHI_M_2020-01_00000000000000000076,0.5683536596047192,2.9761352047010856,119,1,Dry,2020,2020-01,"{""type"":""MultiPoint"",""coordinates"":[]}"
VHI_M_2020-01_00000000000000000077,5.875078145257694,2.9872438752783985,120,1,Dry,2020,2020-01,"{""type"":""MultiPoint"",""coordinates"":[]}"
VHI_M_2020-01_00000000000000000078,0.4999178258468572,2.510482184793854,121,1,Dry,2020,2020-01,"{""type"":""MultiPoint"",""coordinates"":[]}"
VHI_M_2020-01_00000000000000000079,0.5066296284487065,2.4821779044001264,122,1,Dry,2020,2020-01,"{""type"":""MultiPoint"",""coordinates"":[]}"
VHI_M_2020-01_0000000000000000008b,0.327490072107205,1.628545034642032,140,1,Dry,2020,2020-01,"{""type"":""MultiPoint"",""coordinates"":[]}"
VHI_M_2020-01_0000000000000000008c,1.5213507882898254,2.5298290667813195,141,1,Dry,2020,2020-01,"{""type"":""MultiPoint"",""coordinates"":[]}"
VHI_M_2020-01_0000000000000000008d,9.916590237946407,2.746078431372551,142,1,Dry,2020,2020-01,"{""type"":""MultiPoint"",""coordinates"":[]}"
VHI_M_2020-01_0000000000000000008e,0.6446147265916677,3.4987936251765195,143,1,Dry,2020,2020-01,"{""type"":""MultiPoint"",""coordinates"":[]}"
VHI_M_2020-01_0000000000000000008f,0.6594916763933858,3.695590994371481,144,1,Dry,2020,2020-01,"{""type"":""MultiPoint"",""coordinates"":[]}"
VHI_M_2020-01_00000000000000000090,0.5691940968007738,2.9852658968938006,145,1,Dry,2020,2020-01,"{""type"":""MultiPoint"",""coordinates"":[]}"
VHI_M_2020-01_00000000000000000091,0.6258014057003741,3.310135684361908,146,1,Dry,2020,2020-01,"{""type"":""MultiPoint"",""coordinates"":[]}"
VHI_M_2020-01_000000000000000000b5,36.12228596974056,3.0332663821240273,182,1,Dry,2020,2020-01,"{""type"":""MultiPoint"",""coordinates"":[]}"
VHI_M_2020-01_000000000000000000cc,9.000709641535366,3.3733633856500203,205,1,Dry,2020,2020-01,"{""type"":""MultiPoint"",""coordinates"":[]}"
VHI_M_2020-01_000000000000000000cd,0.919115791235364,3.471204389217125,206,1,Dry,2020,2020-01,"{""type"":""MultiPoint"",""coordinates"":[]}"
VHI_M_2020-01_000000000000000001dd,0.6353844402533567,3.3824614406105913,478,1,Dry,2020,2020-01,"{""type"":""MultiPoint"",""coordinates"":[]}"
VHI_M_2020-01_000000000000000001de,0.666927543918158,3.6428943772101605,479,1,Dry,2020,2020-01,"{""type"":""MultiPoint"",""coordinates"":[]}"
VHI_M_2020-01_000000000000000001df,0.6283934562374219,3.367284618328868,480,1,Dry,2020,2020-01,"{""type"":""MultiPoint"",""coordinates"":[]}"
VHI_M_2020-01_000000000000000001e0,0.6879248609727568,3.775794145891463,481,1,Dry,2020,2020-01,"{""type"":""MultiPoint"",""coordinates"":[]}"
VHI_M_2020-01_000000000000000001e1,0.7108780242085034,3.81536827732686,482,1,Dry,2020,2020-01,"{""type"":""MultiPoint"",""coordinates"":[]}"
VHI_M_2020-01_0000000000000000007a,0.6265799391623605,3.3142106077006352,123,1,Dry,2020,2020-01,"{""type"":""MultiPoint"",""coordinates"":[]}"
VHI_M_2020-01_0000000000000000007b,0.6188682938603473,3.275984184776426,124,1,Dry,2020,2020-01,"{""type"":""MultiPoint"",""coordinates"":[]}"
VHI_M_2020-01_0000000000000000007c,0.6000332506929524,3.1896126014904778,125,1,Dry,2020,2020-01,"{""type"":""MultiPoint"",""coordinates"":[]}"
VHI_M_2020-01_0000000000000000007d,0.6772820780760448,3.676705136041872,126,1,Dry,2020,2020-01,"{""type"":""MultiPoint"",""coordinates"":[]}"
VHI_M_2020-01_0000000000000000007e,19.40714510572629,2.7846536960835206,127,1,Dry,2020,2020-01,"{""type"":""MultiPoint"",""coordinates"":[]}"
VHI_M_2020-01_0000000000000000007f,14.017879117529237,3.502195311595282,128,1,Dry,2020,2020-01,"{""type"":""MultiPoint"",""coordinates"":[]}"
VHI_M_2020-01_00000000000000000080,0.636806882663425,3.4381545079510607,129,1,Dry,2020,2020-01,"{""type"":""MultiPoint"",""coordinates"":[]}"
VHI_M_2020-01_00000000000000000088,4.470971919826445,2.1848739495798317,137,1,Dry,2020,2020-01,"{""type"":""MultiPoint"",""coordinates"":[]}"
VHI_M_2020-01_00000000000000000089,0.5648200701718392,2.91120296895272,138,1,Dry,2020,2020-01,"{""type"":""MultiPoint"",""coordinates"":[]}"
VHI_M_2020-01_0000000000000000008a,0.5940918457300214,3.1235390265756844,139,1,Dry,2020,2020-01,"{""type"":""MultiPoint"",""coordinates"":[]}"
VHI_M_2020-01_00000000000000000099,0.5857212808741281,3.0695201769364457,154,1,Dry,2020,2020-01,"{""type"":""MultiPoint"",""coordinates"":[]}"
VHI_M_2020-01_0000000000000000009a,2.7298331183808537,2.3224616224329644,155,1,Dry,2020,2020-01,"{""type"":""MultiPoint"",""coordinates"":[]}"
VHI_M_2020-01_00000000000000000112,0.6764888857888779,3.573457002175656,275,1,Dry,2020,2020-01,"{""type"":""MultiPoint"",""coordinates"":[]}"
VHI_M_2020-01_000000000000000001d8,0.4499471621728767,2.2010223421974615,473,1,Dry,2020,2020-01,"{""type"":""MultiPoint"",""coordinates"":[]}"
VHI_M_2020-01_00000000000000000001,0.4868057337809208,2.485770609318996,2,1,Dry,2020,2020-01,"{""type"":""MultiPoint"",""coordinates"":[]}"
VHI_M_2020-01_00000000000000000030,0.32377381593224597,1.4340338041707847,49,1,Dry,2020,2020-01,"{""type"":""MultiPoint"",""coordinates"":[]}"
VHI_M_2020-01_00000000000000000031,0.2997964290634995,1.3053383693534593,50,1,Dry,2020,2020-01,"{""type"":""MultiPoint"",""coordinates"":[]}"
VHI_M_2020-01_00000000000000000032,0.34701575219541436,1.566689730961781,51,1,Dry,2020,2020-01,"{""type"":""MultiPoint"",""coordinates"":[]}"
VHI_M_2020-01_000000000000000000d7,0.38163753470240724,1.705274675662627,216,1,Dry,2020,2020-01,"{""type"":""MultiPoint"",""coordinates"":[]}"
VHI_M_2020-01_000000000000000000d8,0.409050323984996,1.9139478183360512,217,1,Dry,2020,2020-01,"{""type"":""MultiPoint"",""coordinates"":[]}"
VHI_M_2020-01_000000000000000000d9,0.38917176754367616,1.7844359925193198,218,1,Dry,2020,2020-01,"{""type"":""MultiPoint"",""coordinates"":[]}"
VHI_M_2020-01_000000000000000000da,0.42827135980034053,2.0445400180224462,219,1,Dry,2020,2020-01,"{""type"":""MultiPoint"",""coordinates"":[]}"
VHI_M_2020-01_00000000000000000132,0.3954175038384982,1.7750610785673193,307,1,Dry,2020,2020-01,"{""type"":""MultiPoint"",""coordinates"":[]}"
VHI_M_2020-01_00000000000000000133,81.60663390063739,2.9531375014287358,308,1,Dry,2020,2020-01,"{""type"":""MultiPoint"",""coordinates"":[]}"
VHI_M_2020-01_00000000000000000134,0.41673821806461553,1.9439944615620355,309,1,Dry,2020,2020-01,"{""type"":""MultiPoint"",""coordinates"":[]}"
VHI_M_2020-01_00000000000000000135,24.509901059714416,2.3006146036801574,310,1,Dry,2020,2020-01,"{""type"":""MultiPoint"",""coordinates"":[]}"
VHI_M_2020-01_0000000000000000001f,0.34860703924734077,1.5692918744576274,32,1,Dry,2020,2020-01,"{""type"":""MultiPoint"",""coordinates"":[]}"
VHI_M_2020-01_00000000000000000020,0.4227870386007837,2.005794296576568,33,1,Dry,2020,2020-01,"{""type"":""MultiPoint"",""coordinates"":[]}"
VHI_M_2020-01_00000000000000000021,0.3311518018465725,1.414359326582624,34,1,Dry,2020,2020-01,"{""type"":""MultiPoint"",""coordinates"":[]}"
VHI_M_2020-01_00000000000000000045,0.33094528162095466,1.4423034284724816,70,1,Dry,2020,2020-01,"{""type"":""MultiPoint"",""coordinates"":[]}"
VHI_M_2020-01_00000000000000000046,0.3674814161423623,1.6484073054905772,71,1,Dry,2020,2020-01,"{""type"":""MultiPoint"",""coordinates"":[]}"
VHI_M_2020-01_00000000000000000047,0.32783834094028064,1.405454678416968,72,1,Dry,2020,2020-01,"{""type"":""MultiPoint"",""coordinates"":[]}"
VHI_M_2020-01_00000000000000000048,0.3266134127656644,1.4150696983948732,73,1,Dry,2020,2020-01,"{""type"":""MultiPoint"",""coordinates"":[]}"
VHI_M_2020-01_00000000000000000072,0.38785987429701135,1.8049367872539124,115,1,Dry,2020,2020-01,"{""type"":""MultiPoint"",""coordinates"":[]}"
VHI_M_2020-01_00000000000000000073,0.4116529393834899,1.8995463658210363,116,1,Dry,2020,2020-01,"{""type"":""MultiPoint"",""coordinates"":[]}"
VHI_M_2020-01_00000000000000000074,0.4358495019282603,2.0900354691367475,117,1,Dry,2020,2020-01,"{""type"":""MultiPoint"",""coordinates"":[]}"
VHI_M_2020-01_00000000000000000075,0.4370844210865705,2.0846626005457503,118,1,Dry,2020,2020-01,"{""type"":""MultiPoint"",""coordinates"":[]}"
VHI_M_2020-01_000000000000000000b4,0.3780227830050723,1.706815851647127,181,1,Dry,2020,2020-01,"{""type"":""MultiPoint"",""coordinates"":[]}"
VHI_M_2020-01_000000000000000000e8,0.38806018464087394,1.6286127167630053,233,1,Dry,2020,2020-01,"{""type"":""MultiPoint"",""coordinates"":[]}"
VHI_M_2020-01_000000000000000000e9,0.3014060364437853,1.3318323376973997,234,1,Dry,2020,2020-01,"{""type"":""MultiPoint"",""coordinates"":[]}"
VHI_M_2020-01_000000000000000000ea,0.2780854831549842,1.2514308047239704,235,1,Dry,2020,2020-01,"{""type"":""MultiPoint"",""coordinates"":[]}"
VHI_M_2020-01_00000000000000000022,0.49790328856958294,2.5295753222057895,35,1,Dry,2020,2020-01,"{""type"":""MultiPoint"",""coordinates"":[]}"
VHI_M_2020-01_00000000000000000023,0.38030402164097804,1.6963471500842406,36,1,Dry,2020,2020-01,"{""type"":""MultiPoint"",""coordinates"":[]}"
VHI_M_2020-01_00000000000000000024,0.4073832896734191,1.9000349333638356,37,1,Dry,2020,2020-01,"{""type"":""MultiPoint"",""coordinates"":[]}"
VHI_M_2020-01_00000000000000000025,0.3364745178255419,1.5011009375151143,38,1,Dry,2020,2020-01,"{""type"":""MultiPoint"",""coordinates"":[]}"
VHI_M_2020-01_000000000000000000f0,0.4058659698873086,1.8443147493984537,241,1,Dry,2020,2020-01,"{""type"":""MultiPoint"",""coordinates"":[]}"
VHI_M_2020-01_000000000000000000f4,0.2744460450447076,1.1834025859027812,245,1,Dry,2020,2020-01,"{""type"":""MultiPoint"",""coordinates"":[]}"
VHI_M_2020-01_000000000000000000f5,0.3613273818759333,1.5996308396425394,246,1,Dry,2020,2020-01,"{""type"":""MultiPoint"",""coordinates"":[]}"
VHI_M_2020-01_000000000000000000f6,0.40130838666707586,1.870628907765448,247,1,Dry,2020,2020-01,"{""type"":""MultiPoint"",""coordinates"":[]}"
VHI_M_2020-01_000000000000000000f7,0.37934171746725,1.7731539698786367,248,1,Dry,2020,2020-01,"{""type"":""MultiPoint"",""coordinates"":[]}"
VHI_M_2020-01_000000000000000000f8,0.3203895412258614,1.355931531696313,249,1,Dry,2020,2020-01,"{""type"":""MultiPoint"",""coordinates"":[]}"
VHI_M_2020-01_00000000000000000000,0.392959474491961,1.7872970731129285,1,1,Dry,2020,2020-01,"{""type"":""MultiPoint"",""coordinates"":[]}"
VHI_M_2020-01_000000000000000000f2,0.3154924502890324,1.3485025708506964,243,1,Dry,2020,2020-01,"{""type"":""MultiPoint"",""coordinates"":[]}"
VHI_M_2020-01_000000000000000000f3,0.3063067391869704,1.32896297244798,244,1,Dry,2020,2020-01,"{""type"":""MultiPoint"",""coordinates"":[]}"
VHI_M_2020-01_00000000000000000106,0.4421175541293851,2.1439822268687925,263,1,Dry,2020,2020-01,"{""type"":""MultiPoint"",""coordinates"":[]}"
VHI_M_2020-01_00000000000000000107,0.36561776573279064,1.6865457038123781,264,1,Dry,2020,2020-01,"{""type"":""MultiPoint"",""coordinates"":[]}"
VHI_M_2020-01_00000000000000000108,0.42550515397838806,2.01663226723805,265,1,Dry,2020,2020-01,"{""type"":""MultiPoint"",""coordinates"":[]}"
VHI_M_2020-01_0000000000000000012c,0.4651891553846232,2.27799975441773,301,1,Dry,2020,2020-01,"{""type"":""MultiPoint"",""coordinates"":[]}"
VHI_M_2020-01_0000000000000000012d,0.4976195969949701,2.4888431311805257,302,1,Dry,2020,2020-01,"{""type"":""MultiPoint"",""coordinates"":[]}"
VHI_M_2020-01_0000000000000000012e,0.40256600228414496,1.890278440612322,303,1,Dry,2020,2020-01,"{""type"":""MultiPoint"",""coordinates"":[]}"
VHI_M_2020-01_000000000000000000a5,0.4081590744468999,1.9119011284255776,166,1,Dry,2020,2020-01,"{""type"":""MultiPoint"",""coordinates"":[]}"
VHI_M_2020-01_000000000000000000a6,0.363691207197795,1.6069005839714288,167,1,Dry,2020,2020-01,"{""type"":""MultiPoint"",""coordinates"":[]}"
VHI_M_2020-01_000000000000000000c1,45.796034521871775,2.448998706569734,194,1,Dry,2020,2020-01,"{""type"":""MultiPoint"",""coordinates"":[]}"
VHI_M_2020-01_00000000000000000120,2.662700723144067,2.2295352029809767,289,1,Dry,2020,2020-01,"{""type"":""MultiPoint"",""coordinates"":[]}"
VHI_M_2020-01_000000000000000001d9,5.400501230005802,1.6448427479643462,474,1,Dry,2020,2020-01,"{""type"":""MultiPoint"",""coordinates"":[]}"
VHI_M_2020-01_000000000000000001da,0.3428001940989167,1.4492065363219437,475,1,Dry,2020,2020-01,"{""type"":""MultiPoint"",""coordinates"":[]}"
VHI_M_2020-01_000000000000000001db,0.34770269859857883,1.4696311467589378,476,1,Dry,2020,2020-01,"{""type"":""MultiPoint"",""coordinates"":[]}"
VHI_M_2020-01_000000000000000001dc,0.33902762307368783,1.3475541657359835,477,1,Dry,2020,2020-01,"{""type"":""MultiPoint"",""coordinates"":[]}"
VHI_M_2020-01_000000000000000001e2,54.51827937414074,2.257883514757042,483,1,Dry,2020,2020-01,"{""type"":""MultiPoint"",""coordinates"":[]}"
VHI_M_2020-01_000000000000000001e3,4.467195344023572,2.0577656021916053,484,1,Dry,2020,2020-01,"{""type"":""MultiPoint"",""coordinates"":[]}"
VHI_M_2020-01_000000000000000001e4,80.50031198374006,3.217498628634119,485,1,Dry,2020,2020-01,"{""type"":""MultiPoint"",""coordinates"":[]}"
VHI_M_2020-01_000000000000000001e5,26.529485795399154,2.309053254437871,486,1,Dry,2020,2020-01,"{""type"":""MultiPoint"",""coordinates"":[]}"
VHI_M_2020-01_000000000000000001e6,0.9689605636198253,1.7470561502726718,487,1,Dry,2020,2020-01,"{""type"":""MultiPoint"",""coordinates"":[]}"
VHI_M_2020-01_000000000000000001e7,15.895767490637645,1.9655081006065704,488,1,Dry,2020,2020-01,"{""type"":""MultiPoint"",""coordinates"":[]}"
VHI_M_2020-01_000000000000000001e8,0.437923954426277,1.975921057644683,489,1,Dry,2020,2020-01,"{""type"":""MultiPoint"",""coordinates"":[]}"
VHI_M_2020-01_000000000000000001e9,58.652454302005445,2.6887643187911285,490,1,Dry,2020,2020-01,"{""type"":""MultiPoint"",""coordinates"":[]}"
VHI_M_2020-01_000000000000000000e2,0.35171413560188947,1.5679577953630421,227,1,Dry,2020,2020-01,"{""type"":""MultiPoint"",""coordinates"":[]}"
VHI_M_2020-01_000000000000000000e3,0.35969134534212394,1.6057612437363091,228,1,Dry,2020,2020-01,"{""type"":""MultiPoint"",""coordinates"":[]}"
VHI_M_2020-01_000000000000000000e4,25.251346809135747,2.693064753495217,229,1,Dry,2020,2020-01,"{""type"":""MultiPoint"",""coordinates"":[]}"
VHI_M_2020-01_000000000000000000e5,1.1137609214099737,2.1989576683784784,230,1,Dry,2020,2020-01,"{""type"":""MultiPoint"",""coordinates"":[]}"
VHI_M_2020-01_000000000000000000e6,0.3315555726848912,1.2477081741787623,231,1,Dry,2020,2020-01,"{""type"":""MultiPoint"",""coordinates"":[]}"
VHI_M_2020-01_000000000000000000e7,0.5271660306654122,2.7157719517270085,232,1,Dry,2020,2020-01,"{""type"":""MultiPoint"",""coordinates"":[]}"
VHI_M_2020-01_0000000000000000017f,0.3891084513145402,1.8003822016703632,384,1,Dry,2020,2020-01,"{""type"":""MultiPoint"",""coordinates"":[]}"
VHI_M_2020-01_00000000000000000180,0.39762184183881477,1.7974831567631449,385,1,Dry,2020,2020-01,"{""type"":""MultiPoint"",""coordinates"":[]}"
VHI_M_2020-01_00000000000000000203,0.43824666714284927,2.151106728029805,516,1,Dry,2020,2020-01,"{""type"":""MultiPoint"",""coordinates"":[]}"
VHI_M_2020-01_00000000000000000204,0.41760232421452614,1.9218928875035424,517,1,Dry,2020,2020-01,"{""type"":""MultiPoint"",""coordinates"":[]}"
VHI_M_2020-01_00000000000000000205,0.399472155608207,1.8507836551025225,518,1,Dry,2020,2020-01,"{""type"":""MultiPoint"",""coordinates"":[]}"
VHI_M_2020-01_00000000000000000206,0.43538154891216,2.0943892810144753,519,1,Dry,2020,2020-01,"{""type"":""MultiPoint"",""coordinates"":[]}"
VHI_M_2020-01_00000000000000000207,0.391145324503416,1.7674780915287245,520,1,Dry,2020,2020-01,"{""type"":""MultiPoint"",""coordinates"":[]}"
VHI_M_2020-01_00000000000000000208,0.2996977322429511,1.1579493258260483,521,1,Dry,2020,2020-01,"{""type"":""MultiPoint"",""coordinates"":[]}"
VHI_M_2020-01_00000000000000000209,0.36327805749268566,1.6814714248771663,522,1,Dry,2020,2020-01,"{""type"":""MultiPoint"",""coordinates"":[]}"
VHI_M_2020-01_0000000000000000000e,0.39268623185607315,1.8038429083263021,15,1,Dry,2020,2020-01,"{""type"":""MultiPoint"",""coordinates"":[]}"
VHI_M_2020-01_00000000000000000124,0.45585618563415364,2.0421760391198043,293,1,Dry,2020,2020-01,"{""type"":""MultiPoint"",""coordinates"":[]}"
VHI_M_2020-01_00000000000000000125,13.492499552374788,2.411701240037977,294,1,Dry,2020,2020-01,"{""type"":""MultiPoint"",""coordinates"":[]}"
VHI_M_2020-01_00000000000000000126,0.43461271134770163,2.0532518030000517,295,1,Dry,2020,2020-01,"{""type"":""MultiPoint"",""coordinates"":[]}"
VHI_M_2020-01_00000000000000000127,0.40522929091153365,1.9193852262521356,296,1,Dry,2020,2020-01,"{""type"":""MultiPoint"",""coordinates"":[]}"
VHI_M_2020-01_00000000000000000128,0.47176561638076875,2.4408506867523263,297,1,Dry,2020,2020-01,"{""type"":""MultiPoint"",""coordinates"":[]}"
VHI_M_2020-01_00000000000000000129,0.46599346619342724,2.2988048483924115,298,1,Dry,2020,2020-01,"{""type"":""MultiPoint"",""coordinates"":[]}"
VHI_M_2020-01_0000000000000000012a,0.5004527369721993,2.5301017868818856,299,1,Dry,2020,2020-01,"{""type"":""MultiPoint"",""coordinates"":[]}"
VHI_M_2020-01_0000000000000000012b,0.49114348556712706,2.4924468166011016,300,1,Dry,2020,2020-01,"{""type"":""MultiPoint"",""coordinates"":[]}"
VHI_M_2020-01_00000000000000000174,0.4664032891051475,2.29603999106345,373,1,Dry,2020,2020-01,"{""type"":""MultiPoint"",""coordinates"":[]}"
VHI_M_2020-01_00000000000000000175,0.5010576615004496,2.523302267699958,374,1,Dry,2020,2020-01,"{""type"":""MultiPoint"",""coordinates"":[]}"
VHI_M_2020-01_00000000000000000176,0.43701535989764195,2.107805330469589,375,1,Dry,2020,2020-01,"{""type"":""MultiPoint"",""coordinates"":[]}"
VHI_M_2020-01_00000000000000000177,0.4348983480169445,2.0506045678459466,376,1,Dry,2020,2020-01,"{""type"":""MultiPoint"",""coordinates"":[]}"
VHI_M_2020-01_00000000000000000195,0.4141169835845037,1.9622234653000834,406,1,Dry,2020,2020-01,"{""type"":""MultiPoint"",""coordinates"":[]}"
VHI_M_2020-01_00000000000000000196,0.3451260804121014,1.4771077475270136,407,1,Dry,2020,2020-01,"{""type"":""MultiPoint"",""coordinates"":[]}"
VHI_M_2020-01_00000000000000000197,3.2148507392020815,2.2966257165087898,408,1,Dry,2020,2020-01,"{""type"":""MultiPoint"",""coordinates"":[]}"
VHI_M_2020-01_00000000000000000198,0.3497491428160339,1.433669333887561,409,1,Dry,2020,2020-01,"{""type"":""MultiPoint"",""coordinates"":[]}"
VHI_M_2020-01_00000000000000000199,0.4259882403536456,1.9782743376139065,410,1,Dry,2020,2020-01,"{""type"":""MultiPoint"",""coordinates"":[]}"
VHI_M_2020-01_00000000000000000035,0.6121251701124453,3.1356291390728477,54,1,Dry,2020,2020-01,"{""type"":""MultiPoint"",""coordinates"":[]}"
VHI_M_2020-01_000000000000000000ce,0.5232735431197362,2.6662158843691537,207,1,Dry,2020,2020-01,"{""type"":""MultiPoint"",""coordinates"":[]}"
VHI_M_2020-01_000000000000000000cf,0.500954409782387,2.5460345106934548,208,1,Dry,2020,2020-01,"{""type"":""MultiPoint"",""coordinates"":[]}"
VHI_M_2020-01_000000000000000000d0,3.318069173171934,2.6883730051306522,209,1,Dry,2020,2020-01,"{""type"":""MultiPoint"",""coordinates"":[]}"
VHI_M_2020-01_000000000000000000d1,27.176568186868376,2.784404035129257,210,1,Dry,2020,2020-01,"{""type"":""MultiPoint"",""coordinates"":[]}"
VHI_M_2020-01_000000000000000001ea,0.5258584753752269,2.69089389758447,491,1,Dry,2020,2020-01,"{""type"":""MultiPoint"",""coordinates"":[]}"
VHI_M_2020-01_000000000000000001eb,0.4514126926412644,2.181893511709918,492,1,Dry,2020,2020-01,"{""type"":""MultiPoint"",""coordinates"":[]}"
VHI_M_2020-01_000000000000000001ec,0.5661481974773279,2.9523381442621877,493,1,Dry,2020,2020-01,"{""type"":""MultiPoint"",""coordinates"":[]}"
VHI_M_2020-01_000000000000000001ed,0.6170397566005799,3.268795928581786,494,1,Dry,2020,2020-01,"{""type"":""MultiPoint"",""coordinates"":[]}"
VHI_M_2020-01_000000000000000001f4,8.942466610267264,2.671910505156441,501,1,Dry,2020,2020-01,"{""type"":""MultiPoint"",""coordinates"":[]}"
VHI_M_2020-01_000000000000000001f5,0.44792491047644967,2.22445957950844,502,1,Dry,2020,2020-01,"{""type"":""MultiPoint"",""coordinates"":[]}"
VHI_M_2020-01_000000000000000001f6,0.548342375168295,2.825225307375492,503,1,Dry,2020,2020-01,"{""type"":""MultiPoint"",""coordinates"":[]}"
VHI_M_2020-01_000000000000000001f7,50.226094699186014,2.9946056927763847,504,1,Dry,2020,2020-01,"{""type"":""MultiPoint"",""coordinates"":[]}"
VHI_M_2020-01_000000000000000001f8,0.5518255058038923,2.7913113928052735,505,1,Dry,2020,2020-01,"{""type"":""MultiPoint"",""coordinates"":[]}"
VHI_M_2020-01_000000000000000001f9,0.5346355384584236,2.7296388554758892,506,1,Dry,2020,2020-01,"{""type"":""MultiPoint"",""coordinates"":[]}"
VHI_M_2020-01_000000000000000001fa,26.71094870574518,2.6592717011964173,507,1,Dry,2020,2020-01,"{""type"":""MultiPoint"",""coordinates"":[]}"
VHI_M_2020-01_000000000000000001fb,7.954272106072559,3.049291475209667,508,1,Dry,2020,2020-01,"{""type"":""MultiPoint"",""coordinates"":[]}"
VHI_M_2020-01_000000000000000001fc,0.46244295740524105,2.1696515498885085,509,1,Dry,2020,2020-01,"{""type"":""MultiPoint"",""coordinates"":[]}"
VHI_M_2020-01_000000000000000001fd,0.5461869944723727,2.853452110859026,510,1,Dry,2020,2020-01,"{""type"":""MultiPoint"",""coordinates"":[]}"
VHI_M_2020-01_00000000000000000049,0.5039870449856543,2.527446211969091,74,1,Dry,2020,2020-01,"{""type"":""MultiPoint"",""coordinates"":[]}"
VHI_M_2020-01_0000000000000000004a,37.269333713315135,2.6553589851615715,75,1,Dry,2020,2020-01,"{""type"":""MultiPoint"",""coordinates"":[]}"
VHI_M_2020-01_000000000000000000fd,71.32293891994644,3.1396495567924125,254,1,Dry,2020,2020-01,"{""type"":""MultiPoint"",""coordinates"":[]}"
VHI_M_2020-01_000000000000000000fe,5.933325979472368,2.8134986892855354,255,1,Dry,2020,2020-01,"{""type"":""MultiPoint"",""coordinates"":[]}"
VHI_M_2020-01_00000000000000000191,0.4530247547157487,2.2691065662002154,402,1,Dry,2020,2020-01,"{""type"":""MultiPoint"",""coordinates"":[]}"
VHI_M_2020-01_0000000000000000016e,18.895878653020148,2.688662148045576,367,1,Dry,2020,2020-01,"{""type"":""MultiPoint"",""coordinates"":[]}"
VHI_M_2020-01_0000000000000000016f,0.5386074019303169,2.7686276561309673,368,1,Dry,2020,2020-01,"{""type"":""MultiPoint"",""coordinates"":[]}"
VHI_M_2020-01_00000000000000000170,0.5108017726406581,2.5847370210172205,369,1,Dry,2020,2020-01,"{""type"":""MultiPoint"",""coordinates"":[]}"
VHI_M_2020-01_00000000000000000181,35.82870560604488,2.8222414766642676,386,1,Dry,2020,2020-01,"{""type"":""MultiPoint"",""coordinates"":[]}"
VHI_M_2020-01_00000000000000000182,0.5589106880449428,2.9249524636552837,387,1,Dry,2020,2020-01,"{""type"":""MultiPoint"",""coordinates"":[]}"
VHI_M_2020-01_00000000000000000228,0.5683544910343292,2.916974845910377,553,1,Dry,2020,2020-01,"{""type"":""MultiPoint"",""coordinates"":[]}"
VHI_M_2020-02_00000000000000000017,46.4654081877036,2.198842939790015,24,2,Dry,2020,2020-02,"{""type"":""MultiPoint"",""coordinates"":[]}"
VHI_M_2020-02_00000000000000000018,232.37470467314472,4.65902206836867,25,2,Dry,2020,2020-02,"{""type"":""MultiPoint"",""coordinates"":[]}"
VHI_M_2020-02_00000000000000000019,30.037315631216146,2.058686055569982,26,2,Dry,2020,2020-02,"{""type"":""MultiPoint"",""coordinates"":[]}"
VHI_M_2020-02_0000000000000000001a,13.618706459501414,2.064694253186993,27,2,Dry,2020,2020-02,"{""type"":""MultiPoint"",""coordinates"":[]}"
VHI_M_2020-02_0000000000000000005b,160.20006273916712,3.7788428023701623,92,2,Dry,2020,2020-02,"{""type"":""MultiPoint"",""coordinates"":[]}"
VHI_M_2020-02_0000000000000000005c,60.162265362389114,1.9475685411246746,93,2,Dry,2020,2020-02,"{""type"":""MultiPoint"",""coordinates"":[]}"
VHI_M_2020-02_0000000000000000005d,254.0,5.0,94,2,Dry,2020,2020-02,"{""type"":""MultiPoint"",""coordinates"":[]}"
VHI_M_2020-02_0000000000000000005e,35.2228670283467,2.1947602570439937,95,2,Dry,2020,2020-02,"{""type"":""MultiPoint"",""coordinates"":[]}"
VHI_M_2020-02_0000000000000000005f,81.69840699664498,2.961568024596464,96,2,Dry,2020,2020-02,"{""type"":""MultiPoint"",""coordinates"":[]}"
VHI_M_2020-02_000000000000000000b6,0.4343032165563126,1.7741194486983158,183,2,Dry,2020,2020-02,"{""type"":""MultiPoint"",""coordinates"":[]}"
VHI_M_2020-02_000000000000000000b7,0.43816887991176534,1.9405439595192917,184,2,Dry,2020,2020-02,"{""type"":""MultiPoint"",""coordinates"":[]}"
VHI_M_2020-02_000000000000000000b8,0.35910315598364656,1.1942379182156133,185,2,Dry,2020,2020-02,"{""type"":""MultiPoint"",""coordinates"":[]}"
VHI_M_2020-02_000000000000000000b9,39.20419390992975,2.05176098140087,186,2,Dry,2020,2020-02,"{""type"":""MultiPoint"",""coordinates"":[]}"
VHI_M_2020-02_000000000000000000ba,0.4916026742458343,2.296,187,2,Dry,2020,2020-02,"{""type"":""MultiPoint"",""coordinates"":[]}"
VHI_M_2020-02_000000000000000000bb,0.41499505320397945,1.8247524752475246,188,2,Dry,2020,2020-02,"{""type"":""MultiPoint"",""coordinates"":[]}"
VHI_M_2020-02_000000000000000001a0,34.158943134411984,3.1480686695278965,417,2,Dry,2020,2020-02,"{""type"":""MultiPoint"",""coordinates"":[]}"
VHI_M_2020-02_000000000000000001a1,0.5319633337505121,2.6856237743249363,418,2,Dry,2020,2020-02,"{""type"":""MultiPoint"",""coordinates"":[]}"
VHI_M_2020-02_000000000000000001a2,19.621718473333576,3.3980151475581093,419,2,Dry,2020,2020-02,"{""type"":""MultiPoint"",""coordinates"":[]}"
VHI_M_2020-02_000000000000000001a3,0.4282057400095791,2.041678983151049,420,2,Dry,2020,2020-02,"{""type"":""MultiPoint"",""coordinates"":[]}"
VHI_M_2020-02_000000000000000001cb,41.277569925844375,2.0447761194029854,460,2,Dry,2020,2020-02,"{""type"":""MultiPoint"",""coordinates"":[]}"
VHI_M_2020-02_000000000000000001cc,79.8030444461464,2.6550427350427355,461,2,Dry,2020,2020-02,"{""type"":""MultiPoint"",""coordinates"":[]}"
VHI_M_2020-02_0000000000000000021b,0.3529279218600678,1.6447876447876446,540,2,Dry,2020,2020-02,"{""type"":""MultiPoint"",""coordinates"":[]}"
VHI_M_2020-02_0000000000000000021c,0.4035543479349302,1.6391304347826088,541,2,Dry,2020,2020-02,"{""type"":""MultiPoint"",""coordinates"":[]}"
VHI_M_2020-02_0000000000000000021d,24.827212971000733,2.035344439441693,542,2,Dry,2020,2020-02,"{""type"":""MultiPoint"",""coordinates"":[]}"
VHI_M_2020-02_000000000000000000bf,0.456056115883531,2.235645041014169,192,2,Dry,2020,2020-02,"{""type"":""MultiPoint"",""coordinates"":[]}"
VHI_M_2020-02_000000000000000000c0,0.45278868714490667,2.2238401625465634,193,2,Dry,2020,2020-02,"{""type"":""MultiPoint"",""coordinates"":[]}"
VHI_M_2020-02_0000000000000000010a,0.4326106059810033,2.11173399285518,267,2,Dry,2020,2020-02,"{""type"":""MultiPoint"",""coordinates"":[]}"
VHI_M_2020-02_0000000000000000010b,56.48223416822885,2.725459569866635,268,2,Dry,2020,2020-02,"{""type"":""MultiPoint"",""coordinates"":[]}"
VHI_M_2020-02_00000000000000000226,2.8905026179101982,1.949737708917897,551,2,Dry,2020,2020-02,"{""type"":""MultiPoint"",""coordinates"":[]}"
VHI_M_2020-02_00000000000000000227,0.47460834584721706,2.4099216710182767,552,2,Dry,2020,2020-02,"{""type"":""MultiPoint"",""coordinates"":[]}"
VHI_M_2020-02_000000000000000001a4,0.337032031096444,1.2142412935323386,421,2,Dry,2020,2020-02,"{""type"":""MultiPoint"",""coordinates"":[]}"
VHI_M_2020-02_000000000000000001a5,0.3729136048435875,1.794621026894866,422,2,Dry,2020,2020-02,"{""type"":""MultiPoint"",""coordinates"":[]}"
VHI_M_2020-02_000000000000000001a6,0.339689803616511,1.3338257016248154,423,2,Dry,2020,2020-02,"{""type"":""MultiPoint"",""coordinates"":[]}"
VHI_M_2020-02_000000000000000001a7,0.3817242645165499,1.6073529411764707,424,2,Dry,2020,2020-02,"{""type"":""MultiPoint"",""coordinates"":[]}"
VHI_M_2020-02_000000000000000001a8,0.40868421261867954,2.0,425,2,Dry,2020,2020-02,"{""type"":""MultiPoint"",""coordinates"":[]}"
VHI_M_2020-02_000000000000000001a9,0.3393242239486426,1.4460937499999997,426,2,Dry,2020,2020-02,"{""type"":""MultiPoint"",""coordinates"":[]}"
VHI_M_2020-02_000000000000000001aa,0.35337506360640547,1.7113840340103916,427,2,Dry,2020,2020-02,"{""type"":""MultiPoint"",""coordinates"":[]}"
VHI_M_2020-02_000000000000000001fe,0.5010416963212835,2.3978241160471443,511,2,Dry,2020,2020-02,"{""type"":""MultiPoint"",""coordinates"":[]}"
VHI_M_2020-02_000000000000000001ff,61.81397974437669,2.831014575052053,512,2,Dry,2020,2020-02,"{""type"":""MultiPoint"",""coordinates"":[]}"
VHI_M_2020-02_00000000000000000200,0.47337623065225276,2.5681685196021067,513,2,Dry,2020,2020-02,"{""type"":""MultiPoint"",""coordinates"":[]}"
VHI_M_2020-02_00000000000000000201,101.7919820798075,3.031365313653136,514,2,Dry,2020,2020-02,"{""type"":""MultiPoint"",""coordinates"":[]}"
VHI_M_2020-02_00000000000000000202,0.41636950226819897,2.013781223083549,515,2,Dry,2020,2020-02,"{""type"":""MultiPoint"",""coordinates"":[]}"
VHI_M_2020-02_00000000000000000002,18.5387945287352,2.071538292736449,3,2,Dry,2020,2020-02,"{""type"":""MultiPoint"",""coordinates"":[]}"
VHI_M_2020-02_0000000000000000000d,17.050148074418708,2.496363006581226,14,2,Dry,2020,2020-02,"{""type"":""MultiPoint"",""coordinates"":[]}"
VHI_M_2020-02_00000000000000000027,53.38934067771329,2.4869462025316453,40,2,Dry,2020,2020-02,"{""type"":""MultiPoint"",""coordinates"":[]}"
VHI_M_2020-02_00000000000000000070,0.394226538619866,1.7253496361619822,113,2,Dry,2020,2020-02,"{""type"":""MultiPoint"",""coordinates"":[]}"
VHI_M_2020-02_00000000000000000071,0.3546105832926391,1.5178884050814743,114,2,Dry,2020,2020-02,"{""type"":""MultiPoint"",""coordinates"":[]}"
VHI_M_2020-02_000000000000000001b0,55.88905708208958,2.2278263008980193,433,2,Dry,2020,2020-02,"{""type"":""MultiPoint"",""coordinates"":[]}"
VHI_M_2020-02_000000000000000001b1,7.481694482689723,2.492188543196689,434,2,Dry,2020,2020-02,"{""type"":""MultiPoint"",""coordinates"":[]}"
VHI_M_2020-02_000000000000000001b2,90.95448378127145,3.1512415349887126,435,2,Dry,2020,2020-02,"{""type"":""MultiPoint"",""coordinates"":[]}"
VHI_M_2020-02_000000000000000001cd,1.2321394037606215,1.7425303998920214,462,2,Dry,2020,2020-02,"{""type"":""MultiPoint"",""coordinates"":[]}"
VHI_M_2020-02_000000000000000001ce,0.3819992071302985,1.7216985287639859,463,2,Dry,2020,2020-02,"{""type"":""MultiPoint"",""coordinates"":[]}"
VHI_M_2020-02_000000000000000001cf,22.215760322864547,2.1597749648382556,464,2,Dry,2020,2020-02,"{""type"":""MultiPoint"",""coordinates"":[]}"
VHI_M_2020-02_0000000000000000001c,0.3234293232057282,1.2683138394178668,29,2,Dry,2020,2020-02,"{""type"":""MultiPoint"",""coordinates"":[]}"
VHI_M_2020-02_0000000000000000001d,0.31429743401545374,1.2124725050916503,30,2,Dry,2020,2020-02,"{""type"":""MultiPoint"",""coordinates"":[]}"
VHI_M_2020-02_0000000000000000001e,0.31859046016980874,1.252490400800283,31,2,Dry,2020,2020-02,"{""type"":""MultiPoint"",""coordinates"":[]}"
VHI_M_2020-02_00000000000000000026,0.29288160912559313,1.0175042348955394,39,2,Dry,2020,2020-02,"{""type"":""MultiPoint"",""coordinates"":[]}"
VHI_M_2020-02_000000000000000000f9,0.3616888583920702,1.5926944430031647,250,2,Dry,2020,2020-02,"{""type"":""MultiPoint"",""coordinates"":[]}"
VHI_M_2020-02_000000000000000000fa,0.35021449632716756,1.5273427623849247,251,2,Dry,2020,2020-02,"{""type"":""MultiPoint"",""coordinates"":[]}"
VHI_M_2020-02_000000000000000000fb,0.3343028358668882,1.379603399433428,252,2,Dry,2020,2020-02,"{""type"":""MultiPoint"",""coordinates"":[]}"
VHI_M_2020-02_000000000000000000fc,0.3432077265723752,1.5082975679542203,253,2,Dry,2020,2020-02,"{""type"":""MultiPoint"",""coordinates"":[]}"
VHI_M_2020-02_00000000000000000163,0.3396923962427638,1.4043025492041419,356,2,Dry,2020,2020-02,"{""type"":""MultiPoint"",""coordinates"":[]}"
VHI_M_2020-02_00000000000000000164,0.3040818510351343,1.1395410857344017,357,2,Dry,2020,2020-02,"{""type"":""MultiPoint"",""coordinates"":[]}"
VHI_M_2020-02_00000000000000000165,0.30388130108045885,1.161888118144567,358,2,Dry,2020,2020-02,"{""type"":""MultiPoint"",""coordinates"":[]}"
VHI_M_2020-02_00000000000000000166,0.3421759258856146,1.3990222842994096,359,2,Dry,2020,2020-02,"{""type"":""MultiPoint"",""coordinates"":[]}"
VHI_M_2020-02_00000000000000000149,0.3230932938458396,1.2958262143031483,330,2,Dry,2020,2020-02,"{""type"":""MultiPoint"",""coordinates"":[]}"
VHI_M_2020-02_0000000000000000014a,0.34824278472897346,1.4784818357603653,331,2,Dry,2020,2020-02,"{""type"":""MultiPoint"",""coordinates"":[]}"
VHI_M_2020-02_0000000000000000014b,0.3624131295809973,1.5885435345686398,332,2,Dry,2020,2020-02,"{""type"":""MultiPoint"",""coordinates"":[]}"
VHI_M_2020-02_0000000000000000014c,0.33820767386907924,1.3566046777186427,333,2,Dry,2020,2020-02,"{""type"":""MultiPoint"",""coordinates"":[]}"
VHI_M_2020-02_0000000000000000014d,0.34743962295909764,1.4507684422310456,334,2,Dry,2020,2020-02,"{""type"":""MultiPoint"",""coordinates"":[]}"
VHI_M_2020-02_0000000000000000014e,0.32975069623313624,1.3340928372318503,335,2,Dry,2020,2020-02,"{""type"":""MultiPoint"",""coordinates"":[]}"
VHI_M_2020-02_00000000000000000158,0.3465088074560526,1.450748459054887,345,2,Dry,2020,2020-02,"{""type"":""MultiPoint"",""coordinates"":[]}"
VHI_M_2020-02_00000000000000000159,0.3395884893383428,1.3954507309747797,346,2,Dry,2020,2020-02,"{""type"":""MultiPoint"",""coordinates"":[]}"
VHI_M_2020-02_0000000000000000015a,0.3514154727107531,1.4735955056179775,347,2,Dry,2020,2020-02,"{""type"":""MultiPoint"",""coordinates"":[]}"
VHI_M_2020-02_0000000000000000015b,0.369394374194005,1.6592976808959528,348,2,Dry,2020,2020-02,"{""type"":""MultiPoint"",""coordinates"":[]}"
VHI_M_2020-02_0000000000000000015c,0.35052989297884934,1.4149594910676957,349,2,Dry,2020,2020-02,"{""type"":""MultiPoint"",""coordinates"":[]}"
VHI_M_2020-02_0000000000000000015d,0.3241029945501147,1.250134309467224,350,2,Dry,2020,2020-02,"{""type"":""MultiPoint"",""coordinates"":[]}"
VHI_M_2020-02_00000000000000000008,0.3106636895807065,1.1317504195873236,9,2,Dry,2020,2020-02,"{""type"":""MultiPoint"",""coordinates"":[]}"
VHI_M_2020-02_000000000000000000c2,0.3472597745021627,1.5357390700902156,195,2,Dry,2020,2020-02,"{""type"":""MultiPoint"",""coordinates"":[]}"
VHI_M_2020-02_000000000000000000c3,0.33651044570840616,1.320566427945704,196,2,Dry,2020,2020-02,"{""type"":""MultiPoint"",""coordinates"":[]}"
VHI_M_2020-02_000000000000000000c4,0.36280818783970764,1.5911955944798306,197,2,Dry,2020,2020-02,"{""type"":""MultiPoint"",""coordinates"":[]}"
VHI_M_2020-02_000000000000000000c5,0.35335773552245275,1.5362090418913312,198,2,Dry,2020,2020-02,"{""type"":""MultiPoint"",""coordinates"":[]}"
VHI_M_2020-02_000000000000000000c6,0.3251932562539246,1.2693031861566426,199,2,Dry,2020,2020-02,"{""type"":""MultiPoint"",""coordinates"":[]}"
VHI_M_2020-02_000000000000000000c7,0.37662356524898744,1.6516940285378297,200,2,Dry,2020,2020-02,"{""type"":""MultiPoint"",""coordinates"":[]}"
VHI_M_2020-02_000000000000000000c8,0.32148722670030344,1.3183808003296082,201,2,Dry,2020,2020-02,"{""type"":""MultiPoint"",""coordinates"":[]}"
VHI_M_2020-02_000000000000000000c9,0.34835203117622254,1.4693300395523692,202,2,Dry,2020,2020-02,"{""type"":""MultiPoint"",""coordinates"":[]}"
VHI_M_2020-02_00000000000000000136,0.35079084727878934,1.4831748482402891,311,2,Dry,2020,2020-02,"{""type"":""MultiPoint"",""coordinates"":[]}"
VHI_M_2020-02_00000000000000000137,0.3574085202243759,1.525535216731916,312,2,Dry,2020,2020-02,"{""type"":""MultiPoint"",""coordinates"":[]}"
VHI_M_2020-02_00000000000000000138,0.33567095252084794,1.3657998990173619,313,2,Dry,2020,2020-02,"{""type"":""MultiPoint"",""coordinates"":[]}"
VHI_M_2020-02_00000000000000000139,0.32755224729215066,1.2904583931709313,314,2,Dry,2020,2020-02,"{""type"":""MultiPoint"",""coordinates"":[]}"
VHI_M_2020-02_0000000000000000013a,0.361587773814414,1.5756415471251293,315,2,Dry,2020,2020-02,"{""type"":""MultiPoint"",""coordinates"":[]}"
VHI_M_2020-02_000000000000000001ef,0.35966037658509936,1.5152748304953154,496,2,Dry,2020,2020-02,"{""type"":""MultiPoint"",""coordinates"":[]}"
VHI_M_2020-02_000000000000000001f0,0.3421925978991745,1.4276299182784844,497,2,Dry,2020,2020-02,"{""type"":""MultiPoint"",""coordinates"":[]}"
VHI_M_2020-02_00000000000000000081,0.3231270533074297,1.3009150633505397,130,2,Dry,2020,2020-02,"{""type"":""MultiPoint"",""coordinates"":[]}"
VHI_M_2020-02_000000000000000000a0,0.415035935290803,1.952988381842137,161,2,Dry,2020,2020-02,"{""type"":""MultiPoint"",""coordinates"":[]}"
VHI_M_2020-02_000000000000000000a1,31.91877765185597,2.1657613333630175,162,2,Dry,2020,2020-02,"{""type"":""MultiPoint"",""coordinates"":[]}"
VHI_M_2020-02_000000000000000000a2,8.640226638684586,2.577284103253533,163,2,Dry,2020,2020-02,"{""type"":""MultiPoint"",""coordinates"":[]}"
VHI_M_2020-02_000000000000000000a3,5.40394126195118,1.6282940865193796,164,2,Dry,2020,2020-02,"{""type"":""MultiPoint"",""coordinates"":[]}"
VHI_M_2020-02_000000000000000000a4,77.99252098863398,3.464106021720532,165,2,Dry,2020,2020-02,"{""type"":""MultiPoint"",""coordinates"":[]}"
VHI_M_2020-02_0000000000000000014f,0.30857943540081195,1.2589015306540072,336,2,Dry,2020,2020-02,"{""type"":""MultiPoint"",""coordinates"":[]}"
VHI_M_2020-02_00000000000000000150,0.26530128388471996,1.0446357886145685,337,2,Dry,2020,2020-02,"{""type"":""MultiPoint"",""coordinates"":[]}"
VHI_M_2020-02_00000000000000000151,1.9977532723793272,1.5595199493851077,338,2,Dry,2020,2020-02,"{""type"":""MultiPoint"",""coordinates"":[]}"
VHI_M_2020-02_00000000000000000152,0.3414296959789905,1.3493399132689612,339,2,Dry,2020,2020-02,"{""type"":""MultiPoint"",""coordinates"":[]}"
VHI_M_2020-02_00000000000000000153,0.31265552782350986,1.1855917963431557,340,2,Dry,2020,2020-02,"{""type"":""MultiPoint"",""coordinates"":[]}"
VHI_M_2020-02_00000000000000000171,0.3140085133169315,1.2120734732184753,370,2,Dry,2020,2020-02,"{""type"":""MultiPoint"",""coordinates"":[]}"
VHI_M_2020-02_00000000000000000172,0.3577709306903842,1.534189749068453,371,2,Dry,2020,2020-02,"{""type"":""MultiPoint"",""coordinates"":[]}"
VHI_M_2020-02_00000000000000000173,0.3164664299006007,1.2082093707740038,372,2,Dry,2020,2020-02,"{""type"":""MultiPoint"",""coordinates"":[]}"
VHI_M_2020-02_000000000000000001f1,0.3330411262637155,1.2960993963351468,498,2,Dry,2020,2020-02,"{""type"":""MultiPoint"",""coordinates"":[]}"
VHI_M_2020-02_000000000000000001f2,0.38568408162827095,1.75820421105245,499,2,Dry,2020,2020-02,"{""type"":""MultiPoint"",""coordinates"":[]}"
VHI_M_2020-02_000000000000000001f3,0.2980805886878093,1.2021413198777422,500,2,Dry,2020,2020-02,"{""type"":""MultiPoint"",""coordinates"":[]}"
VHI_M_2020-02_00000000000000000092,0.3709348249445938,1.6309277296316183,147,2,Dry,2020,2020-02,"{""type"":""MultiPoint"",""coordinates"":[]}"
VHI_M_2020-02_00000000000000000093,0.411074537595376,1.9862829730909723,148,2,Dry,2020,2020-02,"{""type"":""MultiPoint"",""coordinates"":[]}"
VHI_M_2020-02_00000000000000000094,0.5299031662312779,1.5374170337315363,149,2,Dry,2020,2020-02,"{""type"":""MultiPoint"",""coordinates"":[]}"
VHI_M_2020-02_00000000000000000095,12.870299032303926,2.038056100240589,150,2,Dry,2020,2020-02,"{""type"":""MultiPoint"",""coordinates"":[]}"
VHI_M_2020-02_00000000000000000096,0.3686464050374375,1.5583267851129188,151,2,Dry,2020,2020-02,"{""type"":""MultiPoint"",""coordinates"":[]}"
VHI_M_2020-02_00000000000000000097,0.39196348612606263,1.8596300326441775,152,2,Dry,2020,2020-02,"{""type"":""MultiPoint"",""coordinates"":[]}"
VHI_M_2020-02_00000000000000000098,0.4563400499775248,2.1165254237288136,153,2,Dry,2020,2020-02,"{""type"":""MultiPoint"",""coordinates"":[]}"
VHI_M_2020-02_000000000000000000a9,0.39966786107596963,1.9342022282951437,170,2,Dry,2020,2020-02,"{""type"":""MultiPoint"",""coordinates"":[]}"
VHI_M_2020-02_0000000000000000017c,61.76424872265573,3.1506509747872866,381,2,Dry,2020,2020-02,"{""type"":""MultiPoint"",""coordinates"":[]}"
VHI_M_2020-02_0000000000000000017d,38.88433093582844,2.837858055001951,382,2,Dry,2020,2020-02,"{""type"":""MultiPoint"",""coordinates"":[]}"
VHI_M_2020-02_0000000000000000017e,11.60133700924377,2.6798684582039214,383,2,Dry,2020,2020-02,"{""type"":""MultiPoint"",""coordinates"":[]}"
VHI_M_2020-02_000000000000000001ee,0.4356380752773865,2.078950410357183,495,2,Dry,2020,2020-02,"{""type"":""MultiPoint"",""coordinates"":[]}"
VHI_M_2020-02_0000000000000000020d,0.4428884335721738,2.1971446197232756,526,2,Dry,2020,2020-02,"{""type"":""MultiPoint"",""coordinates"":[]}"
VHI_M_2020-02_0000000000000000020e,3.600313443297386,1.7864922467337048,527,2,Dry,2020,2020-02,"{""type"":""MultiPoint"",""coordinates"":[]}"
VHI_M_2020-02_0000000000000000020f,0.3111446351906441,1.3103425053677398,528,2,Dry,2020,2020-02,"{""type"":""MultiPoint"",""coordinates"":[]}"
VHI_M_2020-02_00000000000000000210,0.3627739520338215,1.5917552665902532,529,2,Dry,2020,2020-02,"{""type"":""MultiPoint"",""coordinates"":[]}"
VHI_M_2020-02_00000000000000000211,11.734170711674274,2.0103270591376305,530,2,Dry,2020,2020-02,"{""type"":""MultiPoint"",""coordinates"":[]}"
VHI_M_2020-02_00000000000000000058,0.32831006333744894,1.340207630179581,89,2,Dry,2020,2020-02,"{""type"":""MultiPoint"",""coordinates"":[]}"
VHI_M_2020-02_00000000000000000059,0.31543661698412717,1.1589847479334026,90,2,Dry,2020,2020-02,"{""type"":""MultiPoint"",""coordinates"":[]}"
VHI_M_2020-02_0000000000000000018b,0.2540818887107278,1.0,396,2,Dry,2020,2020-02,"{""type"":""MultiPoint"",""coordinates"":[]}"
VHI_M_2020-02_0000000000000000018c,0.34564418141830094,1.4468046499812497,397,2,Dry,2020,2020-02,"{""type"":""MultiPoint"",""coordinates"":[]}"
VHI_M_2020-02_0000000000000000018d,0.26826698180192543,1.0456961353993726,398,2,Dry,2020,2020-02,"{""type"":""MultiPoint"",""coordinates"":[]}"
VHI_M_2020-02_0000000000000000018e,0.30262657954842814,1.186351706036745,399,2,Dry,2020,2020-02,"{""type"":""MultiPoint"",""coordinates"":[]}"
VHI_M_2020-02_00000000000000000036,0.3666646781116016,1.5810673011556768,55,2,Dry,2020,2020-02,"{""type"":""MultiPoint"",""coordinates"":[]}"
VHI_M_2020-02_000000000000000000db,0.30975737042746804,1.2507592042856654,220,2,Dry,2020,2020-02,"{""type"":""MultiPoint"",""coordinates"":[]}"
VHI_M_2020-02_000000000000000000dc,0.31397546784044733,1.274493840385646,221,2,Dry,2020,2020-02,"{""type"":""MultiPoint"",""coordinates"":[]}"
VHI_M_2020-02_000000000000000000dd,0.3007832083249197,1.2807549762436983,222,2,Dry,2020,2020-02,"{""type"":""MultiPoint"",""coordinates"":[]}"
VHI_M_2020-02_00000000000000000102,0.30662255133574107,1.1958176322000906,259,2,Dry,2020,2020-02,"{""type"":""MultiPoint"",""coordinates"":[]}"
VHI_M_2020-02_00000000000000000103,0.31478296978251685,1.211766086577474,260,2,Dry,2020,2020-02,"{""type"":""MultiPoint"",""coordinates"":[]}"
VHI_M_2020-02_00000000000000000104,0.29825600231660887,1.13832392755708,261,2,Dry,2020,2020-02,"{""type"":""MultiPoint"",""coordinates"":[]}"
VHI_M_2020-02_00000000000000000105,0.227128167102614,1.0157062146892655,262,2,Dry,2020,2020-02,"{""type"":""MultiPoint"",""coordinates"":[]}"
VHI_M_2020-02_0000000000000000000a,0.4581063050176562,2.280730668864168,11,2,Dry,2020,2020-02,"{""type"":""MultiPoint"",""coordinates"":[]}"
VHI_M_2020-02_000000000000000000b1,0.3060011592377641,1.2592139658112584,178,2,Dry,2020,2020-02,"{""type"":""MultiPoint"",""coordinates"":[]}"
VHI_M_2020-02_000000000000000000b2,0.34562274949474703,1.4519434955221127,179,2,Dry,2020,2020-02,"{""type"":""MultiPoint"",""coordinates"":[]}"
VHI_M_2020-02_000000000000000000b3,0.2877654248257554,1.132672486175048,180,2,Dry,2020,2020-02,"{""type"":""MultiPoint"",""coordinates"":[]}"
VHI_M_2020-02_000000000000000000ca,0.3242538094741843,1.293982024228214,203,2,Dry,2020,2020-02,"{""type"":""MultiPoint"",""coordinates"":[]}"
VHI_M_2020-02_000000000000000000d2,0.3705564030133299,1.6020030985812392,211,2,Dry,2020,2020-02,"{""type"":""MultiPoint"",""coordinates"":[]}"
VHI_M_2020-02_000000000000000000d3,0.338412650253079,1.3566146841122046,212,2,Dry,2020,2020-02,"{""type"":""MultiPoint"",""coordinates"":[]}"
VHI_M_2020-02_000000000000000000d4,0.3310908773840708,1.2952653539574148,213,2,Dry,2020,2020-02,"{""type"":""MultiPoint"",""coordinates"":[]}"
VHI_M_2020-02_000000000000000000d5,0.4137297345100783,1.9177892053475611,214,2,Dry,2020,2020-02,"{""type"":""MultiPoint"",""coordinates"":[]}"
VHI_M_2020-02_000000000000000000bc,0.4236480990427687,1.9943737011673797,189,2,Dry,2020,2020-02,"{""type"":""MultiPoint"",""coordinates"":[]}"
VHI_M_2020-02_000000000000000000bd,0.40718805907844363,1.8769359499810185,190,2,Dry,2020,2020-02,"{""type"":""MultiPoint"",""coordinates"":[]}"
VHI_M_2020-02_000000000000000000be,0.4322274442793159,2.0578121933550255,191,2,Dry,2020,2020-02,"{""type"":""MultiPoint"",""coordinates"":[]}"
VHI_M_2020-02_000000000000000000f1,0.44062415178603315,2.020861678004535,242,2,Dry,2020,2020-02,"{""type"":""MultiPoint"",""coordinates"":[]}"
VHI_M_2020-02_00000000000000000100,0.3288972535613718,1.3514568530931088,257,2,Dry,2020,2020-02,"{""type"":""MultiPoint"",""coordinates"":[]}"
VHI_M_2020-02_00000000000000000101,0.34692801007537505,1.47340869316059,258,2,Dry,2020,2020-02,"{""type"":""MultiPoint"",""coordinates"":[]}"
VHI_M_2020-02_0000000000000000012f,0.36102092146286513,1.5892558110866786,304,2,Dry,2020,2020-02,"{""type"":""MultiPoint"",""coordinates"":[]}"
VHI_M_2020-02_00000000000000000130,0.3924167495823986,1.7530648556535675,305,2,Dry,2020,2020-02,"{""type"":""MultiPoint"",""coordinates"":[]}"
VHI_M_2020-02_00000000000000000131,0.37045528040169856,1.611002906702657,306,2,Dry,2020,2020-02,"{""type"":""MultiPoint"",""coordinates"":[]}"
VHI_M_2020-02_00000000000000000065,0.3894525326225207,1.7524131377300667,102,2,Dry,2020,2020-02,"{""type"":""MultiPoint"",""coordinates"":[]}"
VHI_M_2020-02_00000000000000000066,0.395984943863459,1.7896984967985778,103,2,Dry,2020,2020-02,"{""type"":""MultiPoint"",""coordinates"":[]}"
VHI_M_2020-02_00000000000000000067,0.3361905801381374,1.466141236068078,104,2,Dry,2020,2020-02,"{""type"":""MultiPoint"",""coordinates"":[]}"
VHI_M_2020-02_00000000000000000068,0.35377963914392996,1.51665481941621,105,2,Dry,2020,2020-02,"{""type"":""MultiPoint"",""coordinates"":[]}"
VHI_M_2020-02_00000000000000000109,0.25080020765256567,1.0156657532437519,266,2,Dry,2020,2020-02,"{""type"":""MultiPoint"",""coordinates"":[]}"
VHI_M_2020-02_000000000000000001c1,0.281589532580271,1.1772326204624657,450,2,Dry,2020,2020-02,"{""type"":""MultiPoint"",""coordinates"":[]}"
VHI_M_2020-02_000000000000000001c2,0.29879574511229817,1.217919445299549,451,2,Dry,2020,2020-02,"{""type"":""MultiPoint"",""coordinates"":[]}"
VHI_M_2020-02_00000000000000000113,0.2650398607434907,1.0,276,2,Dry,2020,2020-02,"{""type"":""MultiPoint"",""coordinates"":[]}"
VHI_M_2020-02_00000000000000000114,0.3252585245977458,1.2445655434456555,277,2,Dry,2020,2020-02,"{""type"":""MultiPoint"",""coordinates"":[]}"
VHI_M_2020-02_00000000000000000115,0.33561174103123015,1.375795114303705,278,2,Dry,2020,2020-02,"{""type"":""MultiPoint"",""coordinates"":[]}"
VHI_M_2020-02_00000000000000000116,0.32628996051059794,1.2344355093653678,279,2,Dry,2020,2020-02,"{""type"":""MultiPoint"",""coordinates"":[]}"
VHI_M_2020-02_00000000000000000117,0.35094771517341,1.4861282737117623,280,2,Dry,2020,2020-02,"{""type"":""MultiPoint"",""coordinates"":[]}"
VHI_M_2020-02_00000000000000000167,0.3261710286702378,1.2131988091300032,360,2,Dry,2020,2020-02,"{""type"":""MultiPoint"",""coordinates"":[]}"
VHI_M_2020-02_00000000000000000168,0.3951503675922786,1.7683178275081717,361,2,Dry,2020,2020-02,"{""type"":""MultiPoint"",""coordinates"":[]}"
VHI_M_2020-02_00000000000000000169,0.31835358225699,1.3588355752468382,362,2,Dry,2020,2020-02,"{""type"":""MultiPoint"",""coordinates"":[]}"
VHI_M_2020-02_0000000000000000016a,0.3464196950614137,1.3909770796524434,363,2,Dry,2020,2020-02,"{""type"":""MultiPoint"",""coordinates"":[]}"
VHI_M_2020-02_0000000000000000016b,0.30751628303364137,1.191385176557135,364,2,Dry,2020,2020-02,"{""type"":""MultiPoint"",""coordinates"":[]}"
VHI_M_2020-02_0000000000000000016c,0.28412450315264504,1.0562305861113817,365,2,Dry,2020,2020-02,"{""type"":""MultiPoint"",""coordinates"":[]}"
VHI_M_2020-02_0000000000000000016d,0.3506282493803449,1.5278179642429768,366,2,Dry,2020,2020-02,"{""type"":""MultiPoint"",""coordinates"":[]}"
VHI_M_2020-02_000000000000000000cb,0.40654261329444047,1.9827825900973164,204,2,Dry,2020,2020-02,"{""type"":""MultiPoint"",""coordinates"":[]}"
VHI_M_2020-02_000000000000000000eb,15.259954664895922,2.1470663974086155,236,2,Dry,2020,2020-02,"{""type"":""MultiPoint"",""coordinates"":[]}"
VHI_M_2020-02_000000000000000000ec,0.2790982003751214,1.180779639600562,237,2,Dry,2020,2020-02,"{""type"":""MultiPoint"",""coordinates"":[]}"
VHI_M_2020-02_000000000000000000ed,0.30894551264172215,1.2983625362048696,238,2,Dry,2020,2020-02,"{""type"":""MultiPoint"",""coordinates"":[]}"
VHI_M_2020-02_000000000000000000ee,0.26910960591221045,1.0,239,2,Dry,2020,2020-02,"{""type"":""MultiPoint"",""coordinates"":[]}"
VHI_M_2020-02_000000000000000000ef,0.24789373710758794,1.0426701495536355,240,2,Dry,2020,2020-02,"{""type"":""MultiPoint"",""coordinates"":[]}"
VHI_M_2020-02_00000000000000000146,0.3446441742368435,1.4599538743940126,327,2,Dry,2020,2020-02,"{""type"":""MultiPoint"",""coordinates"":[]}"
VHI_M_2020-02_00000000000000000147,8.31761948769137,1.5599216318275901,328,2,Dry,2020,2020-02,"{""type"":""MultiPoint"",""coordinates"":[]}"
VHI_M_2020-02_00000000000000000148,0.3652581339667345,1.5746435320391687,329,2,Dry,2020,2020-02,"{""type"":""MultiPoint"",""coordinates"":[]}"
VHI_M_2020-02_0000000000000000015e,0.3125912434877087,1.2320153987881692,351,2,Dry,2020,2020-02,"{""type"":""MultiPoint"",""coordinates"":[]}"
VHI_M_2020-02_0000000000000000015f,0.3316314809144443,1.2761912306412648,352,2,Dry,2020,2020-02,"{""type"":""MultiPoint"",""coordinates"":[]}"
VHI_M_2020-02_00000000000000000160,0.26991331504284577,1.0021116236761742,353,2,Dry,2020,2020-02,"{""type"":""MultiPoint"",""coordinates"":[]}"
VHI_M_2020-02_00000000000000000161,0.28068050669774997,1.0039496157130656,354,2,Dry,2020,2020-02,"{""type"":""MultiPoint"",""coordinates"":[]}"
VHI_M_2020-02_00000000000000000162,4.2740679621169075,1.425028759330368,355,2,Dry,2020,2020-02,"{""type"":""MultiPoint"",""coordinates"":[]}"
VHI_M_2020-02_00000000000000000010,0.3276448300715488,1.283277073259739,17,2,Dry,2020,2020-02,"{""type"":""MultiPoint"",""coordinates"":[]}"
VHI_M_2020-02_00000000000000000121,0.34152026128250385,1.4044284590311344,290,2,Dry,2020,2020-02,"{""type"":""MultiPoint"",""coordinates"":[]}"
VHI_M_2020-02_00000000000000000122,0.4595130666838194,1.3293608407591913,291,2,Dry,2020,2020-02,"{""type"":""MultiPoint"",""coordinates"":[]}"
VHI_M_2020-02_00000000000000000123,0.35679865782884806,1.5492069558570603,292,2,Dry,2020,2020-02,"{""type"":""MultiPoint"",""coordinates"":[]}"
VHI_M_2020-02_0000000000000000019a,0.3579764951013013,1.5465108575025264,411,2,Dry,2020,2020-02,"{""type"":""MultiPoint"",""coordinates"":[]}"
VHI_M_2020-02_0000000000000000019b,0.29670446543086576,1.1386851399076339,412,2,Dry,2020,2020-02,"{""type"":""MultiPoint"",""coordinates"":[]}"
VHI_M_2020-02_0000000000000000019c,0.3174362236734349,1.2856438028569606,413,2,Dry,2020,2020-02,"{""type"":""MultiPoint"",""coordinates"":[]}"
VHI_M_2020-02_0000000000000000019d,0.32902099181315947,1.3205480600016763,414,2,Dry,2020,2020-02,"{""type"":""MultiPoint"",""coordinates"":[]}"
VHI_M_2020-02_0000000000000000019e,3.9534816096092564,1.362513312810937,415,2,Dry,2020,2020-02,"{""type"":""MultiPoint"",""coordinates"":[]}"
VHI_M_2020-02_0000000000000000019f,0.3365030480676382,1.326337586311586,416,2,Dry,2020,2020-02,"{""type"":""MultiPoint"",""coordinates"":[]}"
VHI_M_2020-02_00000000000000000216,0.39187773740792253,1.9030322685260257,535,2,Dry,2020,2020-02,"{""type"":""MultiPoint"",""coordinates"":[]}"
VHI_M_2020-02_00000000000000000217,0.35205047555300956,1.2111992878229902,536,2,Dry,2020,2020-02,"{""type"":""MultiPoint"",""coordinates"":[]}"
VHI_M_2020-02_00000000000000000218,0.3868002691062035,1.761382692611928,537,2,Dry,2020,2020-02,"{""type"":""MultiPoint"",""coordinates"":[]}"
VHI_M_2020-02_00000000000000000219,0.3765330834882691,1.6067088119349122,538,2,Dry,2020,2020-02,"{""type"":""MultiPoint"",""coordinates"":[]}"
VHI_M_2020-02_0000000000000000021a,8.219713963822416,1.8701477071148838,539,2,Dry,2020,2020-02,"{""type"":""MultiPoint"",""coordinates"":[]}"
VHI_M_2020-02_00000000000000000004,0.5376530611258061,2.735448228727645,5,2,Dry,2020,2020-02,"{""type"":""MultiPoint"",""coordinates"":[]}"
VHI_M_2020-02_00000000000000000028,0.47049109776389536,2.306223759424768,41,2,Dry,2020,2020-02,"{""type"":""MultiPoint"",""coordinates"":[]}"
VHI_M_2020-02_00000000000000000029,0.47299932182411264,2.326069591092703,42,2,Dry,2020,2020-02,"{""type"":""MultiPoint"",""coordinates"":[]}"
VHI_M_2020-02_0000000000000000002a,0.43472962640868523,2.076151118087082,43,2,Dry,2020,2020-02,"{""type"":""MultiPoint"",""coordinates"":[]}"
VHI_M_2020-02_0000000000000000002b,0.45781926649783783,2.2313347099255134,44,2,Dry,2020,2020-02,"{""type"":""MultiPoint"",""coordinates"":[]}"
VHI_M_2020-02_000000000000000000a7,0.5357172946388866,2.748854774833626,168,2,Dry,2020,2020-02,"{""type"":""MultiPoint"",""coordinates"":[]}"
VHI_M_2020-02_000000000000000000a8,0.5410651069617968,2.757311791328045,169,2,Dry,2020,2020-02,"{""type"":""MultiPoint"",""coordinates"":[]}"
VHI_M_2020-02_0000000000000000000c,0.4483321197578333,2.1897343764213586,13,2,Dry,2020,2020-02,"{""type"":""MultiPoint"",""coordinates"":[]}"
VHI_M_2020-02_00000000000000000060,0.4121896093876146,1.937791645235454,97,2,Dry,2020,2020-02,"{""type"":""MultiPoint"",""coordinates"":[]}"
VHI_M_2020-02_00000000000000000061,0.4723829979513326,2.3161320643872645,98,2,Dry,2020,2020-02,"{""type"":""MultiPoint"",""coordinates"":[]}"
VHI_M_2020-02_00000000000000000062,0.4710991705516765,2.32445538314468,99,2,Dry,2020,2020-02,"{""type"":""MultiPoint"",""coordinates"":[]}"
VHI_M_2020-02_00000000000000000063,0.4519412576451371,2.2010892080717235,100,2,Dry,2020,2020-02,"{""type"":""MultiPoint"",""coordinates"":[]}"
VHI_M_2020-02_00000000000000000064,0.4742354422347568,2.3330939927789474,101,2,Dry,2020,2020-02,"{""type"":""MultiPoint"",""coordinates"":[]}"
VHI_M_2020-02_00000000000000000011,0.5359678296939588,2.831201132795667,18,2,Dry,2020,2020-02,"{""type"":""MultiPoint"",""coordinates"":[]}"
VHI_M_2020-02_00000000000000000033,0.5029323590393167,2.5408224150019922,52,2,Dry,2020,2020-02,"{""type"":""MultiPoint"",""coordinates"":[]}"
VHI_M_2020-02_00000000000000000034,0.48092065080127594,2.3862432474465356,53,2,Dry,2020,2020-02,"{""type"":""MultiPoint"",""coordinates"":[]}"
VHI_M_2020-02_000000000000000001b3,0.5011496683585053,2.5219995665110044,436,2,Dry,2020,2020-02,"{""type"":""MultiPoint"",""coordinates"":[]}"
VHI_M_2020-02_000000000000000001b4,0.48440615280448457,2.395272118289615,437,2,Dry,2020,2020-02,"{""type"":""MultiPoint"",""coordinates"":[]}"
VHI_M_2020-02_000000000000000001b5,0.471344226919109,2.3067670552640784,438,2,Dry,2020,2020-02,"{""type"":""MultiPoint"",""coordinates"":[]}"
VHI_M_2020-02_00000000000000000005,0.46027749352224123,2.257393022621967,6,2,Dry,2020,2020-02,"{""type"":""MultiPoint"",""coordinates"":[]}"
VHI_M_2020-02_00000000000000000082,0.5232899648988595,2.6631289403860667,131,2,Dry,2020,2020-02,"{""type"":""MultiPoint"",""coordinates"":[]}"
VHI_M_2020-02_00000000000000000083,0.531812422086626,2.7310417623659813,132,2,Dry,2020,2020-02,"{""type"":""MultiPoint"",""coordinates"":[]}"
VHI_M_2020-02_00000000000000000084,0.5318854454771162,2.7455435272418587,133,2,Dry,2020,2020-02,"{""type"":""MultiPoint"",""coordinates"":[]}"
VHI_M_2020-02_00000000000000000085,0.5205776212765697,2.57646375850058,134,2,Dry,2020,2020-02,"{""type"":""MultiPoint"",""coordinates"":[]}"
VHI_M_2020-02_00000000000000000086,0.5163691399237847,2.6423758648620495,135,2,Dry,2020,2020-02,"{""type"":""MultiPoint"",""coordinates"":[]}"
VHI_M_2020-02_00000000000000000087,0.5379473466938883,2.820633159825924,136,2,Dry,2020,2020-02,"{""type"":""MultiPoint"",""coordinates"":[]}"
VHI_M_2020-02_0000000000000000010c,0.48934136688122515,2.420284422086246,269,2,Dry,2020,2020-02,"{""type"":""MultiPoint"",""coordinates"":[]}"
VHI_M_2020-02_0000000000000000010d,0.4634072241045935,2.282375310400362,270,2,Dry,2020,2020-02,"{""type"":""MultiPoint"",""coordinates"":[]}"
VHI_M_2020-02_0000000000000000010e,0.48479792228361457,2.37149900982096,271,2,Dry,2020,2020-02,"{""type"":""MultiPoint"",""coordinates"":[]}"
VHI_M_2020-02_0000000000000000010f,0.48754828355098034,2.4437206883287863,272,2,Dry,2020,2020-02,"{""type"":""MultiPoint"",""coordinates"":[]}"
VHI_M_2020-02_00000000000000000110,0.5291781247776338,2.708772910231915,273,2,Dry,2020,2020-02,"{""type"":""MultiPoint"",""coordinates"":[]}"
VHI_M_2020-02_00000000000000000111,0.5061906873590164,2.558243034620427,274,2,Dry,2020,2020-02,"{""type"":""MultiPoint"",""coordinates"":[]}"
VHI_M_2020-02_000000000000000001d0,0.4056637794915718,1.883979957050824,465,2,Dry,2020,2020-02,"{""type"":""MultiPoint"",""coordinates"":[]}"
VHI_M_2020-02_000000000000000001d1,0.4557816838435476,2.220771155057168,466,2,Dry,2020,2020-02,"{""type"":""MultiPoint"",""coordinates"":[]}"
VHI_M_2020-02_00000000000000000009,0.31944134977094013,1.3447392634222763,10,2,Dry,2020,2020-02,"{""type"":""MultiPoint"",""coordinates"":[]}"
VHI_M_2020-02_0000000000000000009e,0.42176633669632,1.9726457775804356,159,2,Dry,2020,2020-02,"{""type"":""MultiPoint"",""coordinates"":[]}"
VHI_M_2020-02_0000000000000000009f,0.49246496210482865,2.4532070644587516,160,2,Dry,2020,2020-02,"{""type"":""MultiPoint"",""coordinates"":[]}"
VHI_M_2020-02_00000000000000000154,0.4910876778109199,2.4342502549664613,341,2,Dry,2020,2020-02,"{""type"":""MultiPoint"",""coordinates"":[]}"
VHI_M_2020-02_00000000000000000155,0.38099346363639164,1.6941589985128094,342,2,Dry,2020,2020-02,"{""type"":""MultiPoint"",""coordinates"":[]}"
VHI_M_2020-02_00000000000000000156,0.36263222601492523,1.6486458894195466,343,2,Dry,2020,2020-02,"{""type"":""MultiPoint"",""coordinates"":[]}"
VHI_M_2020-02_00000000000000000157,0.31722114580379457,1.3687849063451414,344,2,Dry,2020,2020-02,"{""type"":""MultiPoint"",""coordinates"":[]}"
VHI_M_2020-02_00000000000000000178,0.47003478693725365,2.301878325136875,377,2,Dry,2020,2020-02,"{""type"":""MultiPoint"",""coordinates"":[]}"
VHI_M_2020-02_00000000000000000179,0.37917759156489605,1.7138781412829578,378,2,Dry,2020,2020-02,"{""type"":""MultiPoint"",""coordinates"":[]}"
VHI_M_2020-02_0000000000000000017a,0.38815925655775385,1.7799889482682527,379,2,Dry,2020,2020-02,"{""type"":""MultiPoint"",""coordinates"":[]}"
VHI_M_2020-02_0000000000000000017b,0.40732715823738685,1.8625025874560135,380,2,Dry,2020,2020-02,"{""type"":""MultiPoint"",""coordinates"":[]}"
VHI_M_2020-02_0000000000000000000f,0.5035435425451361,2.370933433433434,16,2,Dry,2020,2020-02,"{""type"":""MultiPoint"",""coordinates"":[]}"
VHI_M_2020-02_00000000000000000040,0.4310764099157367,2.063329010909258,65,2,Dry,2020,2020-02,"{""type"":""MultiPoint"",""coordinates"":[]}"
VHI_M_2020-02_00000000000000000041,0.4113493840355669,1.952153020014253,66,2,Dry,2020,2020-02,"{""type"":""MultiPoint"",""coordinates"":[]}"
VHI_M_2020-02_00000000000000000042,0.4849181431708133,2.4017319157421375,67,2,Dry,2020,2020-02,"{""type"":""MultiPoint"",""coordinates"":[]}"
VHI_M_2020-02_00000000000000000043,0.4779311671470238,2.360630017212754,68,2,Dry,2020,2020-02,"{""type"":""MultiPoint"",""coordinates"":[]}"
VHI_M_2020-02_00000000000000000192,0.5245496076878607,2.6724637616290665,403,2,Dry,2020,2020-02,"{""type"":""MultiPoint"",""coordinates"":[]}"
VHI_M_2020-02_00000000000000000193,0.4366053874924288,2.0980960878479102,404,2,Dry,2020,2020-02,"{""type"":""MultiPoint"",""coordinates"":[]}"
VHI_M_2020-02_00000000000000000194,0.41082160445499233,1.9162571066769132,405,2,Dry,2020,2020-02,"{""type"":""MultiPoint"",""coordinates"":[]}"
VHI_M_2020-02_000000000000000001d2,0.5061180034776339,2.5551737304314623,467,2,Dry,2020,2020-02,"{""type"":""MultiPoint"",""coordinates"":[]}"
VHI_M_2020-02_000000000000000001d3,0.5317218788835261,2.808430090387089,468,2,Dry,2020,2020-02,"{""type"":""MultiPoint"",""coordinates"":[]}"
VHI_M_2020-02_000000000000000001d4,0.43942881065353356,2.1355218525239996,469,2,Dry,2020,2020-02,"{""type"":""MultiPoint"",""coordinates"":[]}"
VHI_M_2020-02_000000000000000001d5,0.48319052385207545,2.3820818126375003,470,2,Dry,2020,2020-02,"{""type"":""MultiPoint"",""coordinates"":[]}"
VHI_M_2020-02_000000000000000001d6,0.4984831199060225,2.478205866036199,471,2,Dry,2020,2020-02,"{""type"":""MultiPoint"",""coordinates"":[]}"
VHI_M_2020-02_000000000000000001d7,0.45218068928338867,2.1578057671320714,472,2,Dry,2020,2020-02,"{""type"":""MultiPoint"",""coordinates"":[]}"
VHI_M_2020-02_00000000000000000069,0.43276437637108434,2.071353692735853,106,2,Dry,2020,2020-02,"{""type"":""MultiPoint"",""coordinates"":[]}"
VHI_M_2020-02_0000000000000000006a,0.41595703936656636,1.976119236351458,107,2,Dry,2020,2020-02,"{""type"":""MultiPoint"",""coordinates"":[]}"
VHI_M_2020-02_0000000000000000006b,0.3970915460061058,1.776756706581267,108,2,Dry,2020,2020-02,"{""type"":""MultiPoint"",""coordinates"":[]}"
VHI_M_2020-02_0000000000000000006c,0.4595550985509507,2.2335036638810517,109,2,Dry,2020,2020-02,"{""type"":""MultiPoint"",""coordinates"":[]}"
VHI_M_2020-02_0000000000000000006d,0.46005222830270526,2.2604126981927997,110,2,Dry,2020,2020-02,"{""type"":""MultiPoint"",""coordinates"":[]}"
VHI_M_2020-02_0000000000000000006e,0.482485525980218,2.4121515788744943,111,2,Dry,2020,2020-02,"{""type"":""MultiPoint"",""coordinates"":[]}"
VHI_M_2020-02_0000000000000000006f,0.4423913782692039,2.1096339997469316,112,2,Dry,2020,2020-02,"{""type"":""MultiPoint"",""coordinates"":[]}"
VHI_M_2020-02_000000000000000000d6,0.3504483851766366,1.5718569780853517,215,2,Dry,2020,2020-02,"{""type"":""MultiPoint"",""coordinates"":[]}"
VHI_M_2020-02_0000000000000000013b,0.41708951237642244,2.1141694590713263,316,2,Dry,2020,2020-02,"{""type"":""MultiPoint"",""coordinates"":[]}"
VHI_M_2020-02_0000000000000000013c,0.4247941477175919,2.0228400633607175,317,2,Dry,2020,2020-02,"{""type"":""MultiPoint"",""coordinates"":[]}"
VHI_M_2020-02_0000000000000000013d,0.3493530152857348,1.5072984017397628,318,2,Dry,2020,2020-02,"{""type"":""MultiPoint"",""coordinates"":[]}"
VHI_M_2020-02_0000000000000000013e,0.32089910713330594,1.2242377030937015,319,2,Dry,2020,2020-02,"{""type"":""MultiPoint"",""coordinates"":[]}"
VHI_M_2020-02_0000000000000000013f,0.34295701347155244,1.3911003606074455,320,2,Dry,2020,2020-02,"{""type"":""MultiPoint"",""coordinates"":[]}"
VHI_M_2020-02_00000000000000000140,10.14262454755337,1.6375732109723886,321,2,Dry,2020,2020-02,"{""type"":""MultiPoint"",""coordinates"":[]}"
VHI_M_2020-02_000000000000000001bc,0.3894390660275133,1.7247597528886842,445,2,Dry,2020,2020-02,"{""type"":""MultiPoint"",""coordinates"":[]}"
VHI_M_2020-02_000000000000000001bd,0.37742570309036994,1.65967012449531,446,2,Dry,2020,2020-02,"{""type"":""MultiPoint"",""coordinates"":[]}"
VHI_M_2020-02_000000000000000001be,0.38704854776545394,1.7513083364117723,447,2,Dry,2020,2020-02,"{""type"":""MultiPoint"",""coordinates"":[]}"
VHI_M_2020-02_000000000000000001bf,0.38830397685275175,1.767546327984385,448,2,Dry,2020,2020-02,"{""type"":""MultiPoint"",""coordinates"":[]}"
VHI_M_2020-02_000000000000000001c0,0.35566940871143815,1.4637158062665656,449,2,Dry,2020,2020-02,"{""type"":""MultiPoint"",""coordinates"":[]}"
VHI_M_2020-02_00000000000000000006,0.41275305928959233,1.8639697710602354,7,2,Dry,2020,2020-02,"{""type"":""MultiPoint"",""coordinates"":[]}"
VHI_M_2020-02_0000000000000000002c,0.46108536762326985,2.234612104425005,45,2,Dry,2020,2020-02,"{""type"":""MultiPoint"",""coordinates"":[]}"
VHI_M_2020-02_0000000000000000002d,0.4040926609065417,1.8410795476780524,46,2,Dry,2020,2020-02,"{""type"":""MultiPoint"",""coordinates"":[]}"
VHI_M_2020-02_0000000000000000002e,0.5072001536657483,2.5588364960522476,47,2,Dry,2020,2020-02,"{""type"":""MultiPoint"",""coordinates"":[]}"
VHI_M_2020-02_0000000000000000002f,0.42603680591676985,2.00007115433375,48,2,Dry,2020,2020-02,"{""type"":""MultiPoint"",""coordinates"":[]}"
VHI_M_2020-02_0000000000000000009b,0.4164903694450915,1.9335141222612815,156,2,Dry,2020,2020-02,"{""type"":""MultiPoint"",""coordinates"":[]}"
VHI_M_2020-02_0000000000000000009c,0.41035108140041265,1.9210261291501358,157,2,Dry,2020,2020-02,"{""type"":""MultiPoint"",""coordinates"":[]}"
VHI_M_2020-02_0000000000000000009d,0.4651180362633339,2.2743432208596492,158,2,Dry,2020,2020-02,"{""type"":""MultiPoint"",""coordinates"":[]}"
VHI_M_2020-02_000000000000000001b6,0.4981428176767486,2.492955142191487,439,2,Dry,2020,2020-02,"{""type"":""MultiPoint"",""coordinates"":[]}"
VHI_M_2020-02_000000000000000001b7,0.48496123746874825,2.4298220500194048,440,2,Dry,2020,2020-02,"{""type"":""MultiPoint"",""coordinates"":[]}"
VHI_M_2020-02_000000000000000001b8,0.43814614314301314,2.0975234317942077,441,2,Dry,2020,2020-02,"{""type"":""MultiPoint"",""coordinates"":[]}"
VHI_M_2020-02_000000000000000001b9,0.4256713371252303,2.0266165299626366,442,2,Dry,2020,2020-02,"{""type"":""MultiPoint"",""coordinates"":[]}"
VHI_M_2020-02_000000000000000001ba,0.48661355628138264,2.436901908403931,443,2,Dry,2020,2020-02,"{""type"":""MultiPoint"",""coordinates"":[]}"
VHI_M_2020-02_000000000000000001bb,0.5158084317891524,2.6150858363784963,444,2,Dry,2020,2020-02,"{""type"":""MultiPoint"",""coordinates"":[]}"
VHI_M_2020-02_00000000000000000221,0.39729042283566074,1.7960031144562678,546,2,Dry,2020,2020-02,"{""type"":""MultiPoint"",""coordinates"":[]}"
VHI_M_2020-02_00000000000000000222,0.42646800482269237,2.017169614984392,547,2,Dry,2020,2020-02,"{""type"":""MultiPoint"",""coordinates"":[]}"
VHI_M_2020-02_00000000000000000223,0.3974072898865645,1.8322541589626287,548,2,Dry,2020,2020-02,"{""type"":""MultiPoint"",""coordinates"":[]}"
VHI_M_2020-02_00000000000000000224,0.3822730774827543,1.7178589674432678,549,2,Dry,2020,2020-02,"{""type"":""MultiPoint"",""coordinates"":[]}"
VHI_M_2020-02_00000000000000000225,0.3933079165047625,1.8157644335862162,550,2,Dry,2020,2020-02,"{""type"":""MultiPoint"",""coordinates"":[]}"
VHI_M_2020-02_00000000000000000053,0.35246638563865823,1.558008396674259,84,2,Dry,2020,2020-02,"{""type"":""MultiPoint"",""coordinates"":[]}"
VHI_M_2020-02_00000000000000000054,0.38936584658476603,1.7736455864848029,85,2,Dry,2020,2020-02,"{""type"":""MultiPoint"",""coordinates"":[]}"
VHI_M_2020-02_00000000000000000055,0.39145079931883536,1.8027267338470656,86,2,Dry,2020,2020-02,"{""type"":""MultiPoint"",""coordinates"":[]}"
VHI_M_2020-02_00000000000000000056,0.34595725802893335,1.4572581273875416,87,2,Dry,2020,2020-02,"{""type"":""MultiPoint"",""coordinates"":[]}"
VHI_M_2020-02_00000000000000000057,0.35330861514704776,1.5225449750933808,88,2,Dry,2020,2020-02,"{""type"":""MultiPoint"",""coordinates"":[]}"
VHI_M_2020-02_000000000000000000de,0.3589913346696931,1.5439555615238405,223,2,Dry,2020,2020-02,"{""type"":""MultiPoint"",""coordinates"":[]}"
VHI_M_2020-02_000000000000000000df,26.413585170932794,2.363665546471385,224,2,Dry,2020,2020-02,"{""type"":""MultiPoint"",""coordinates"":[]}"
VHI_M_2020-02_000000000000000000e0,3.650730923788861,1.6133884309561703,225,2,Dry,2020,2020-02,"{""type"":""MultiPoint"",""coordinates"":[]}"
VHI_M_2020-02_000000000000000000e1,7.897547238241094,1.717494783840354,226,2,Dry,2020,2020-02,"{""type"":""MultiPoint"",""coordinates"":[]}"
VHI_M_2020-02_000000000000000000ff,0.3699285788892601,1.6009713492776108,256,2,Dry,2020,2020-02,"{""type"":""MultiPoint"",""coordinates"":[]}"
VHI_M_2020-02_0000000000000000011c,0.38186558267425136,1.7314368808506773,285,2,Dry,2020,2020-02,"{""type"":""MultiPoint"",""coordinates"":[]}"
VHI_M_2020-02_0000000000000000011d,0.35502208660367096,1.4818536386704673,286,2,Dry,2020,2020-02,"{""type"":""MultiPoint"",""coordinates"":[]}"
VHI_M_2020-02_0000000000000000011e,0.404206549072625,1.8427587435425445,287,2,Dry,2020,2020-02,"{""type"":""MultiPoint"",""coordinates"":[]}"
VHI_M_2020-02_0000000000000000011f,0.4051245333850428,1.8732397223315391,288,2,Dry,2020,2020-02,"{""type"":""MultiPoint"",""coordinates"":[]}"
VHI_M_2020-02_000000000000000001c4,8.58733054149516,1.7685360821129277,453,2,Dry,2020,2020-02,"{""type"":""MultiPoint"",""coordinates"":[]}"
VHI_M_2020-02_000000000000000001c5,0.41784022379187774,1.9516760264206943,454,2,Dry,2020,2020-02,"{""type"":""MultiPoint"",""coordinates"":[]}"
VHI_M_2020-02_000000000000000001c6,0.39535484341420435,1.7997219690412916,455,2,Dry,2020,2020-02,"{""type"":""MultiPoint"",""coordinates"":[]}"
VHI_M_2020-02_00000000000000000003,0.6866904402674379,2.5083283403235472,4,2,Dry,2020,2020-02,"{""type"":""MultiPoint"",""coordinates"":[]}"
VHI_M_2020-02_0000000000000000001b,12.17478014426064,2.5759456264775413,28,2,Dry,2020,2020-02,"{""type"":""MultiPoint"",""coordinates"":[]}"
VHI_M_2020-02_00000000000000000186,64.24844033521636,3.039907522674729,391,2,Dry,2020,2020-02,"{""type"":""MultiPoint"",""coordinates"":[]}"
VHI_M_2020-02_00000000000000000187,0.465042657393262,2.2770719942392947,392,2,Dry,2020,2020-02,"{""type"":""MultiPoint"",""coordinates"":[]}"
VHI_M_2020-02_00000000000000000188,2.714942165705708,2.3375771111167998,393,2,Dry,2020,2020-02,"{""type"":""MultiPoint"",""coordinates"":[]}"
VHI_M_2020-02_00000000000000000189,3.525501389374111,2.5854080322460056,394,2,Dry,2020,2020-02,"{""type"":""MultiPoint"",""coordinates"":[]}"
VHI_M_2020-02_0000000000000000018a,0.46844049657050396,2.2491824340107454,395,2,Dry,2020,2020-02,"{""type"":""MultiPoint"",""coordinates"":[]}"
VHI_M_2020-02_0000000000000000018f,0.5355475909984151,2.704153354632588,400,2,Dry,2020,2020-02,"{""type"":""MultiPoint"",""coordinates"":[]}"
VHI_M_2020-02_00000000000000000190,0.4244295976958638,2.020059531512877,401,2,Dry,2020,2020-02,"{""type"":""MultiPoint"",""coordinates"":[]}"
VHI_M_2020-02_0000000000000000021e,0.5091836115673903,2.665290535658995,543,2,Dry,2020,2020-02,"{""type"":""MultiPoint"",""coordinates"":[]}"
VHI_M_2020-02_0000000000000000021f,0.5428513656939842,2.004040784365083,544,2,Dry,2020,2020-02,"{""type"":""MultiPoint"",""coordinates"":[]}"
VHI_M_2020-02_00000000000000000220,0.43837620151318496,1.9581416738834232,545,2,Dry,2020,2020-02,"{""type"":""MultiPoint"",""coordinates"":[]}"
VHI_M_2020-02_00000000000000000007,0.5170744267984613,2.667992330090192,8,2,Dry,2020,2020-02,"{""type"":""MultiPoint"",""coordinates"":[]}"
VHI_M_2020-02_0000000000000000000b,0.49871124747430606,2.4303052150925257,12,2,Dry,2020,2020-02,"{""type"":""MultiPoint"",""coordinates"":[]}"
VHI_M_2020-02_00000000000000000012,0.4118798709604575,1.9309433361388508,19,2,Dry,2020,2020-02,"{""type"":""MultiPoint"",""coordinates"":[]}"
VHI_M_2020-02_00000000000000000013,0.3636147179794712,1.5780725906394721,20,2,Dry,2020,2020-02,"{""type"":""MultiPoint"",""coordinates"":[]}"
VHI_M_2020-02_00000000000000000014,0.35842895608089353,1.606847411620243,21,2,Dry,2020,2020-02,"{""type"":""MultiPoint"",""coordinates"":[]}"
VHI_M_2020-02_00000000000000000015,0.41368258813942604,1.9589162296280145,22,2,Dry,2020,2020-02,"{""type"":""MultiPoint"",""coordinates"":[]}"
VHI_M_2020-02_00000000000000000016,0.338529634566736,1.4135614098938931,23,2,Dry,2020,2020-02,"{""type"":""MultiPoint"",""coordinates"":[]}"
VHI_M_2020-02_00000000000000000183,0.3841581448171745,1.7643661445132335,388,2,Dry,2020,2020-02,"{""type"":""MultiPoint"",""coordinates"":[]}"
VHI_M_2020-02_00000000000000000184,0.4447041359650008,2.142909390143549,389,2,Dry,2020,2020-02,"{""type"":""MultiPoint"",""coordinates"":[]}"
VHI_M_2020-02_00000000000000000185,4.830454559749995,2.0713721889416283,390,2,Dry,2020,2020-02,"{""type"":""MultiPoint"",""coordinates"":[]}"
VHI_M_2020-02_00000000000000000212,0.4475201668096954,2.0931017451432337,531,2,Dry,2020,2020-02,"{""type"":""MultiPoint"",""coordinates"":[]}"
VHI_M_2020-02_00000000000000000213,0.4921546657830956,2.4398340990301164,532,2,Dry,2020,2020-02,"{""type"":""MultiPoint"",""coordinates"":[]}"
VHI_M_2020-02_00000000000000000214,0.41658554573963075,1.9515162116130638,533,2,Dry,2020,2020-02,"{""type"":""MultiPoint"",""coordinates"":[]}"
VHI_M_2020-02_00000000000000000215,0.43693681834765075,2.077014099759756,534,2,Dry,2020,2020-02,"{""type"":""MultiPoint"",""coordinates"":[]}"
VHI_M_2020-02_0000000000000000005a,74.84016361844662,2.1758612571607934,91,2,Dry,2020,2020-02,"{""type"":""MultiPoint"",""coordinates"":[]}"
VHI_M_2020-02_00000000000000000118,52.90665802867342,2.393072901758141,281,2,Dry,2020,2020-02,"{""type"":""MultiPoint"",""coordinates"":[]}"
VHI_M_2020-02_00000000000000000119,8.124347590438378,1.236915559988842,282,2,Dry,2020,2020-02,"{""type"":""MultiPoint"",""coordinates"":[]}"
VHI_M_2020-02_0000000000000000011a,3.6154315472305543,1.5773095276838685,283,2,Dry,2020,2020-02,"{""type"":""MultiPoint"",""coordinates"":[]}"
VHI_M_2020-02_0000000000000000011b,0.3605624625999007,1.8400521942174297,284,2,Dry,2020,2020-02,"{""type"":""MultiPoint"",""coordinates"":[]}"
VHI_M_2020-02_00000000000000000141,10.004702294825888,1.9296845519578012,322,2,Dry,2020,2020-02,"{""type"":""MultiPoint"",""coordinates"":[]}"
VHI_M_2020-02_00000000000000000142,54.22120910739285,3.114307561948456,323,2,Dry,2020,2020-02,"{""type"":""MultiPoint"",""coordinates"":[]}"
VHI_M_2020-02_00000000000000000143,13.531521768909252,2.150436303275367,324,2,Dry,2020,2020-02,"{""type"":""MultiPoint"",""coordinates"":[]}"
VHI_M_2020-02_00000000000000000144,48.77194868883021,2.777978538219156,325,2,Dry,2020,2020-02,"{""type"":""MultiPoint"",""coordinates"":[]}"
VHI_M_2020-02_00000000000000000145,34.975752767983685,2.6901722581958616,326,2,Dry,2020,2020-02,"{""type"":""MultiPoint"",""coordinates"":[]}"
VHI_M_2020-02_000000000000000001af,85.66906372741647,2.353715825953022,432,2,Dry,2020,2020-02,"{""type"":""MultiPoint"",""coordinates"":[]}"
VHI_M_2020-02_0000000000000000004b,0.4804976687781958,2.4439754835394716,76,2,Dry,2020,2020-02,"{""type"":""MultiPoint"",""coordinates"":[]}"
VHI_M_2020-02_0000000000000000004c,0.5429618804434453,2.8947112408242672,77,2,Dry,2020,2020-02,"{""type"":""MultiPoint"",""coordinates"":[]}"
VHI_M_2020-02_0000000000000000004d,0.4285052326353386,2.0062652470256848,78,2,Dry,2020,2020-02,"{""type"":""MultiPoint"",""coordinates"":[]}"
VHI_M_2020-02_0000000000000000004e,0.40628368346736043,1.9002610921208585,79,2,Dry,2020,2020-02,"{""type"":""MultiPoint"",""coordinates"":[]}"
VHI_M_2020-02_0000000000000000004f,0.3879143416382469,1.8058926309241754,80,2,Dry,2020,2020-02,"{""type"":""MultiPoint"",""coordinates"":[]}"
VHI_M_2020-02_00000000000000000050,0.46285224917350215,2.1249184605348987,81,2,Dry,2020,2020-02,"{""type"":""MultiPoint"",""coordinates"":[]}"
VHI_M_2020-02_00000000000000000051,0.3708011545517886,1.6512353082273927,82,2,Dry,2020,2020-02,"{""type"":""MultiPoint"",""coordinates"":[]}"
VHI_M_2020-02_00000000000000000052,0.37694692375942673,1.5579763123263637,83,2,Dry,2020,2020-02,"{""type"":""MultiPoint"",""coordinates"":[]}"
VHI_M_2020-02_000000000000000000aa,0.3774342675118422,1.6401882092443951,171,2,Dry,2020,2020-02,"{""type"":""MultiPoint"",""coordinates"":[]}"
VHI_M_2020-02_000000000000000000ab,0.38946194532936973,1.7540952948513862,172,2,Dry,2020,2020-02,"{""type"":""MultiPoint"",""coordinates"":[]}"
VHI_M_2020-02_000000000000000000ac,0.34435141413726655,1.4858083608534485,173,2,Dry,2020,2020-02,"{""type"":""MultiPoint"",""coordinates"":[]}"
VHI_M_2020-02_000000000000000000ad,0.340805740566727,1.4622418227432668,174,2,Dry,2020,2020-02,"{""type"":""MultiPoint"",""coordinates"":[]}"
VHI_M_2020-02_000000000000000000ae,0.2562451915648562,1.1100879604178122,175,2,Dry,2020,2020-02,"{""type"":""MultiPoint"",""coordinates"":[]}"
VHI_M_2020-02_000000000000000000af,0.23725888236227266,1.0305361675126905,176,2,Dry,2020,2020-02,"{""type"":""MultiPoint"",""coordinates"":[]}"
VHI_M_2020-02_000000000000000000b0,0.42832649187727917,2.0063121350796913,177,2,Dry,2020,2020-02,"{""type"":""MultiPoint"",""coordinates"":[]}"
VHI_M_2020-02_000000000000000001c7,0.3894823353423699,2.0,456,2,Dry,2020,2020-02,"{""type"":""MultiPoint"",""coordinates"":[]}"
VHI_M_2020-02_000000000000000001c8,0.460304880760563,2.2418213096265505,457,2,Dry,2020,2020-02,"{""type"":""MultiPoint"",""coordinates"":[]}"
VHI_M_2020-02_000000000000000001c9,0.4461312824172243,2.1388578539133425,458,2,Dry,2020,2020-02,"{""type"":""MultiPoint"",""coordinates"":[]}"
VHI_M_2020-02_000000000000000001ca,0.5138175503993069,2.682697074863658,459,2,Dry,2020,2020-02,"{""type"":""MultiPoint"",""coordinates"":[]}"
VHI_M_2020-02_0000000000000000020a,0.4949565360903383,2.4944634171582334,523,2,Dry,2020,2020-02,"{""type"":""MultiPoint"",""coordinates"":[]}"
VHI_M_2020-02_0000000000000000020b,0.7122768680106412,1.401941868608966,524,2,Dry,2020,2020-02,"{""type"":""MultiPoint"",""coordinates"":[]}"
VHI_M_2020-02_0000000000000000020c,0.3572300127226451,1.5541693571782835,525,2,Dry,2020,2020-02,"{""type"":""MultiPoint"",""coordinates"":[]}"
VHI_M_2020-02_000000000000000001ab,0.35667268622722,1.5727796406155958,428,2,Dry,2020,2020-02,"{""type"":""MultiPoint"",""coordinates"":[]}"
VHI_M_2020-02_000000000000000001ac,0.34413257250227053,1.4463773382808613,429,2,Dry,2020,2020-02,"{""type"":""MultiPoint"",""coordinates"":[]}"
VHI_M_2020-02_000000000000000001ad,7.9383087010657585,2.015145374679705,430,2,Dry,2020,2020-02,"{""type"":""MultiPoint"",""coordinates"":[]}"
VHI_M_2020-02_000000000000000001ae,45.32866250502734,2.053043772754213,431,2,Dry,2020,2020-02,"{""type"":""MultiPoint"",""coordinates"":[]}"
VHI_M_2020-02_000000000000000001c3,38.945462590485505,2.33518170960587,452,2,Dry,2020,2020-02,"{""type"":""MultiPoint"",""coordinates"":[]}"
VHI_M_2020-02_00000000000000000037,0.359084155794598,1.6165186516232701,56,2,Dry,2020,2020-02,"{""type"":""MultiPoint"",""coordinates"":[]}"
VHI_M_2020-02_00000000000000000038,0.41584280071690366,2.0108748676335875,57,2,Dry,2020,2020-02,"{""type"":""MultiPoint"",""coordinates"":[]}"
VHI_M_2020-02_00000000000000000039,0.525698231269876,2.6547260551036,58,2,Dry,2020,2020-02,"{""type"":""MultiPoint"",""coordinates"":[]}"
VHI_M_2020-02_0000000000000000003a,0.40454548588464045,1.9311828931273503,59,2,Dry,2020,2020-02,"{""type"":""MultiPoint"",""coordinates"":[]}"
VHI_M_2020-02_0000000000000000003b,0.3043907435820166,1.2664346023099005,60,2,Dry,2020,2020-02,"{""type"":""MultiPoint"",""coordinates"":[]}"
VHI_M_2020-02_0000000000000000003c,0.339667795552447,1.5781899774249857,61,2,Dry,2020,2020-02,"{""type"":""MultiPoint"",""coordinates"":[]}"
VHI_M_2020-02_0000000000000000003d,0.39408295146987954,1.9063942108072838,62,2,Dry,2020,2020-02,"{""type"":""MultiPoint"",""coordinates"":[]}"
VHI_M_2020-02_0000000000000000003e,10.353448448501009,2.141320400025107,63,2,Dry,2020,2020-02,"{""type"":""MultiPoint"",""coordinates"":[]}"
VHI_M_2020-02_0000000000000000003f,0.3653868866087784,1.6491666223851764,64,2,Dry,2020,2020-02,"{""type"":""MultiPoint"",""coordinates"":[]}"
VHI_M_2020-02_00000000000000000044,0.4660346240911582,2.353337772598635,69,2,Dry,2020,2020-02,"{""type"":""MultiPoint"",""coordinates"":[]}"
VHI_M_2020-02_00000000000000000076,0.371641502957226,1.688770822203875,119,2,Dry,2020,2020-02,"{""type"":""MultiPoint"",""coordinates"":[]}"
VHI_M_2020-02_00000000000000000077,5.748988752893254,2.1773552338530076,120,2,Dry,2020,2020-02,"{""type"":""MultiPoint"",""coordinates"":[]}"
VHI_M_2020-02_00000000000000000078,0.36779356824294246,1.6511405252469735,121,2,Dry,2020,2020-02,"{""type"":""MultiPoint"",""coordinates"":[]}"
VHI_M_2020-02_00000000000000000079,0.39012155484156946,1.8407090851535295,122,2,Dry,2020,2020-02,"{""type"":""MultiPoint"",""coordinates"":[]}"
VHI_M_2020-02_0000000000000000008b,0.35906328030119866,1.8734411085450349,140,2,Dry,2020,2020-02,"{""type"":""MultiPoint"",""coordinates"":[]}"
VHI_M_2020-02_0000000000000000008c,1.5371612421009426,2.5831018975795104,141,2,Dry,2020,2020-02,"{""type"":""MultiPoint"",""coordinates"":[]}"
VHI_M_2020-02_0000000000000000008d,9.910745787607071,2.742847279756974,142,2,Dry,2020,2020-02,"{""type"":""MultiPoint"",""coordinates"":[]}"
VHI_M_2020-02_0000000000000000008e,0.5897243082359814,3.1195642525721192,143,2,Dry,2020,2020-02,"{""type"":""MultiPoint"",""coordinates"":[]}"
VHI_M_2020-02_0000000000000000008f,0.5810465572985485,3.0159474671669773,144,2,Dry,2020,2020-02,"{""type"":""MultiPoint"",""coordinates"":[]}"
VHI_M_2020-02_00000000000000000090,0.5526978563102333,2.864429175475684,145,2,Dry,2020,2020-02,"{""type"":""MultiPoint"",""coordinates"":[]}"
VHI_M_2020-02_00000000000000000091,0.5431107369319741,2.821445319827423,146,2,Dry,2020,2020-02,"{""type"":""MultiPoint"",""coordinates"":[]}"
VHI_M_2020-02_000000000000000000b5,36.157865302562854,3.3971880492091393,182,2,Dry,2020,2020-02,"{""type"":""MultiPoint"",""coordinates"":[]}"
VHI_M_2020-02_000000000000000000cc,8.855649720840788,2.468399256021917,205,2,Dry,2020,2020-02,"{""type"":""MultiPoint"",""coordinates"":[]}"
VHI_M_2020-02_000000000000000000cd,0.8404765131118676,2.9214442088635515,206,2,Dry,2020,2020-02,"{""type"":""MultiPoint"",""coordinates"":[]}"
VHI_M_2020-02_000000000000000001dd,0.6092161306197679,3.2306726029575437,478,2,Dry,2020,2020-02,"{""type"":""MultiPoint"",""coordinates"":[]}"
VHI_M_2020-02_000000000000000001de,0.5982182759263465,3.148621423237859,479,2,Dry,2020,2020-02,"{""type"":""MultiPoint"",""coordinates"":[]}"
VHI_M_2020-02_000000000000000001df,0.628206304188374,3.3415777737098744,480,2,Dry,2020,2020-02,"{""type"":""MultiPoint"",""coordinates"":[]}"
VHI_M_2020-02_000000000000000001e0,0.6715456824775766,3.639188198020401,481,2,Dry,2020,2020-02,"{""type"":""MultiPoint"",""coordinates"":[]}"
VHI_M_2020-02_000000000000000001e1,0.7224850164354639,3.9110217704619585,482,2,Dry,2020,2020-02,"{""type"":""MultiPoint"",""coordinates"":[]}"
VHI_M_2020-02_0000000000000000007a,0.38084621971249294,1.76828513994124,123,2,Dry,2020,2020-02,"{""type"":""MultiPoint"",""coordinates"":[]}"
VHI_M_2020-02_0000000000000000007b,0.4057061727585658,1.8494567072476964,124,2,Dry,2020,2020-02,"{""type"":""MultiPoint"",""coordinates"":[]}"
VHI_M_2020-02_0000000000000000007c,0.4838800676134582,2.418884212992583,125,2,Dry,2020,2020-02,"{""type"":""MultiPoint"",""coordinates"":[]}"
VHI_M_2020-02_0000000000000000007d,0.5057243358617659,2.552113937707217,126,2,Dry,2020,2020-02,"{""type"":""MultiPoint"",""coordinates"":[]}"
VHI_M_2020-02_0000000000000000007e,19.277130358406097,1.9895196622854319,127,2,Dry,2020,2020-02,"{""type"":""MultiPoint"",""coordinates"":[]}"
VHI_M_2020-02_0000000000000000007f,13.859770112866729,2.4467483911525796,128,2,Dry,2020,2020-02,"{""type"":""MultiPoint"",""coordinates"":[]}"
VHI_M_2020-02_00000000000000000080,0.4000245229229935,1.8553612354994542,129,2,Dry,2020,2020-02,"{""type"":""MultiPoint"",""coordinates"":[]}"
VHI_M_2020-02_00000000000000000088,4.4301316968636035,1.9852926914146511,137,2,Dry,2020,2020-02,"{""type"":""MultiPoint"",""coordinates"":[]}"
VHI_M_2020-02_00000000000000000089,0.3916162286128317,1.8756901909905555,138,2,Dry,2020,2020-02,"{""type"":""MultiPoint"",""coordinates"":[]}"
VHI_M_2020-02_0000000000000000008a,0.4405633291219021,2.188124636910561,139,2,Dry,2020,2020-02,"{""type"":""MultiPoint"",""coordinates"":[]}"
VHI_M_2020-02_00000000000000000099,0.5773507248735725,3.0280019326165077,154,2,Dry,2020,2020-02,"{""type"":""MultiPoint"",""coordinates"":[]}"
VHI_M_2020-02_0000000000000000009a,2.7037780176077577,2.1237333697209504,155,2,Dry,2020,2020-02,"{""type"":""MultiPoint"",""coordinates"":[]}"
VHI_M_2020-02_00000000000000000112,0.6063617875635943,3.199301500057254,275,2,Dry,2020,2020-02,"{""type"":""MultiPoint"",""coordinates"":[]}"
VHI_M_2020-02_000000000000000001d8,0.5652423739051583,3.0617425765320787,473,2,Dry,2020,2020-02,"{""type"":""MultiPoint"",""coordinates"":[]}"
VHI_M_2020-02_00000000000000000001,0.5081711479733069,2.6505734767025086,2,2,Dry,2020,2020-02,"{""type"":""MultiPoint"",""coordinates"":[]}"
VHI_M_2020-02_00000000000000000030,0.38246471905196805,1.723598301780994,49,2,Dry,2020,2020-02,"{""type"":""MultiPoint"",""coordinates"":[]}"
VHI_M_2020-02_00000000000000000031,0.3845839316392666,1.7161999453298207,50,2,Dry,2020,2020-02,"{""type"":""MultiPoint"",""coordinates"":[]}"
VHI_M_2020-02_00000000000000000032,0.438959664668233,2.0792869062639903,51,2,Dry,2020,2020-02,"{""type"":""MultiPoint"",""coordinates"":[]}"
VHI_M_2020-02_000000000000000000d7,0.43770414096514404,2.0676060797973417,216,2,Dry,2020,2020-02,"{""type"":""MultiPoint"",""coordinates"":[]}"
VHI_M_2020-02_000000000000000000d8,0.46702432412244865,2.2926890241732987,217,2,Dry,2020,2020-02,"{""type"":""MultiPoint"",""coordinates"":[]}"
VHI_M_2020-02_000000000000000000d9,0.4739353524007797,2.330579454717136,218,2,Dry,2020,2020-02,"{""type"":""MultiPoint"",""coordinates"":[]}"
VHI_M_2020-02_000000000000000000da,0.4593776927664151,2.2391373801916927,219,2,Dry,2020,2020-02,"{""type"":""MultiPoint"",""coordinates"":[]}"
VHI_M_2020-02_00000000000000000132,0.40719018065980744,1.8993720777403602,307,2,Dry,2020,2020-02,"{""type"":""MultiPoint"",""coordinates"":[]}"
VHI_M_2020-02_00000000000000000133,81.61813121412415,2.848211224139903,308,2,Dry,2020,2020-02,"{""type"":""MultiPoint"",""coordinates"":[]}"
VHI_M_2020-02_00000000000000000134,0.4325086671567909,2.0347630019209397,309,2,Dry,2020,2020-02,"{""type"":""MultiPoint"",""coordinates"":[]}"
VHI_M_2020-02_00000000000000000135,24.5611977620921,2.602747054505641,310,2,Dry,2020,2020-02,"{""type"":""MultiPoint"",""coordinates"":[]}"
VHI_M_2020-02_0000000000000000001f,0.39762997392266225,1.8295593122098868,32,2,Dry,2020,2020-02,"{""type"":""MultiPoint"",""coordinates"":[]}"
VHI_M_2020-02_00000000000000000020,0.4043532587244494,1.8818005216590066,33,2,Dry,2020,2020-02,"{""type"":""MultiPoint"",""coordinates"":[]}"
VHI_M_2020-02_00000000000000000021,0.3946183762630518,1.795839553810905,34,2,Dry,2020,2020-02,"{""type"":""MultiPoint"",""coordinates"":[]}"
VHI_M_2020-02_00000000000000000045,0.41383283536709214,1.9209119761079756,70,2,Dry,2020,2020-02,"{""type"":""MultiPoint"",""coordinates"":[]}"
VHI_M_2020-02_00000000000000000046,0.43001026325463704,2.022695835372729,71,2,Dry,2020,2020-02,"{""type"":""MultiPoint"",""coordinates"":[]}"
VHI_M_2020-02_00000000000000000047,0.42084666443533586,1.9959958483066695,72,2,Dry,2020,2020-02,"{""type"":""MultiPoint"",""coordinates"":[]}"
VHI_M_2020-02_00000000000000000048,0.40929206267955764,1.9060141860308872,73,2,Dry,2020,2020-02,"{""type"":""MultiPoint"",""coordinates"":[]}"
VHI_M_2020-02_00000000000000000072,0.4009994166237601,1.8413173797554714,115,2,Dry,2020,2020-02,"{""type"":""MultiPoint"",""coordinates"":[]}"
VHI_M_2020-02_00000000000000000073,0.5060428028368109,2.5376217113544013,116,2,Dry,2020,2020-02,"{""type"":""MultiPoint"",""coordinates"":[]}"
VHI_M_2020-02_00000000000000000074,0.4847770174528201,2.4101952807456906,117,2,Dry,2020,2020-02,"{""type"":""MultiPoint"",""coordinates"":[]}"
VHI_M_2020-02_00000000000000000075,0.41514759043263383,1.9401727129150101,118,2,Dry,2020,2020-02,"{""type"":""MultiPoint"",""coordinates"":[]}"
VHI_M_2020-02_000000000000000000b4,0.4640404735399367,2.340346810502385,181,2,Dry,2020,2020-02,"{""type"":""MultiPoint"",""coordinates"":[]}"
VHI_M_2020-02_000000000000000000e8,0.45846693563049873,2.2338490309418564,233,2,Dry,2020,2020-02,"{""type"":""MultiPoint"",""coordinates"":[]}"
VHI_M_2020-02_000000000000000000e9,0.39404167971817233,1.8016647590510346,234,2,Dry,2020,2020-02,"{""type"":""MultiPoint"",""coordinates"":[]}"
VHI_M_2020-02_000000000000000000ea,0.3858171383681118,1.7449722227227515,235,2,Dry,2020,2020-02,"{""type"":""MultiPoint"",""coordinates"":[]}"
VHI_M_2020-02_00000000000000000022,0.4766767079073393,2.3636650468342837,35,2,Dry,2020,2020-02,"{""type"":""MultiPoint"",""coordinates"":[]}"
VHI_M_2020-02_00000000000000000023,0.4162069762278826,1.9312011733028607,36,2,Dry,2020,2020-02,"{""type"":""MultiPoint"",""coordinates"":[]}"
VHI_M_2020-02_00000000000000000024,0.4353707568570678,2.0725346474048845,37,2,Dry,2020,2020-02,"{""type"":""MultiPoint"",""coordinates"":[]}"
VHI_M_2020-02_00000000000000000025,0.4308789553275118,2.0426654651811003,38,2,Dry,2020,2020-02,"{""type"":""MultiPoint"",""coordinates"":[]}"
VHI_M_2020-02_000000000000000000f0,0.43530000406543634,2.103056366149593,241,2,Dry,2020,2020-02,"{""type"":""MultiPoint"",""coordinates"":[]}"
VHI_M_2020-02_000000000000000000f4,0.37535270226548545,1.674571166781496,245,2,Dry,2020,2020-02,"{""type"":""MultiPoint"",""coordinates"":[]}"
VHI_M_2020-02_000000000000000000f5,0.3875019015672857,1.7473027020582572,246,2,Dry,2020,2020-02,"{""type"":""MultiPoint"",""coordinates"":[]}"
VHI_M_2020-02_000000000000000000f6,0.37792418521101045,1.684504684153459,247,2,Dry,2020,2020-02,"{""type"":""MultiPoint"",""coordinates"":[]}"
VHI_M_2020-02_000000000000000000f7,0.4209935675336351,1.9570697470390408,248,2,Dry,2020,2020-02,"{""type"":""MultiPoint"",""coordinates"":[]}"
VHI_M_2020-02_000000000000000000f8,0.39079744046252957,1.7804858221429627,249,2,Dry,2020,2020-02,"{""type"":""MultiPoint"",""coordinates"":[]}"
VHI_M_2020-02_00000000000000000000,0.42026375507700514,1.9707508788561046,1,2,Dry,2020,2020-02,"{""type"":""MultiPoint"",""coordinates"":[]}"
VHI_M_2020-02_000000000000000000f2,0.4127350265050131,1.9162984623632329,243,2,Dry,2020,2020-02,"{""type"":""MultiPoint"",""coordinates"":[]}"
VHI_M_2020-02_000000000000000000f3,0.35930073732141465,1.5735031597658986,244,2,Dry,2020,2020-02,"{""type"":""MultiPoint"",""coordinates"":[]}"
VHI_M_2020-02_00000000000000000106,0.3951025659831107,1.7963836905384212,263,2,Dry,2020,2020-02,"{""type"":""MultiPoint"",""coordinates"":[]}"
VHI_M_2020-02_00000000000000000107,0.35587881945371835,1.5352637650628849,264,2,Dry,2020,2020-02,"{""type"":""MultiPoint"",""coordinates"":[]}"
VHI_M_2020-02_00000000000000000108,0.42645872509217714,1.9976088502062732,265,2,Dry,2020,2020-02,"{""type"":""MultiPoint"",""coordinates"":[]}"
VHI_M_2020-02_0000000000000000012c,0.46051764298602693,2.2430771395255857,301,2,Dry,2020,2020-02,"{""type"":""MultiPoint"",""coordinates"":[]}"
VHI_M_2020-02_0000000000000000012d,0.4406289496039366,2.101294431615629,302,2,Dry,2020,2020-02,"{""type"":""MultiPoint"",""coordinates"":[]}"
VHI_M_2020-02_0000000000000000012e,0.42398816736896483,1.9942580783351436,303,2,Dry,2020,2020-02,"{""type"":""MultiPoint"",""coordinates"":[]}"
VHI_M_2020-02_000000000000000000a5,0.2971780328770467,1.1453154218162278,166,2,Dry,2020,2020-02,"{""type"":""MultiPoint"",""coordinates"":[]}"
VHI_M_2020-02_000000000000000000a6,0.2663714869007578,1.0772018681450275,167,2,Dry,2020,2020-02,"{""type"":""MultiPoint"",""coordinates"":[]}"
VHI_M_2020-02_000000000000000000c1,45.77002163478076,2.4291958431827307,194,2,Dry,2020,2020-02,"{""type"":""MultiPoint"",""coordinates"":[]}"
VHI_M_2020-02_00000000000000000120,2.6623404589405846,2.157991763090802,289,2,Dry,2020,2020-02,"{""type"":""MultiPoint"",""coordinates"":[]}"
VHI_M_2020-02_000000000000000001d9,5.374903595258112,1.423793845368397,474,2,Dry,2020,2020-02,"{""type"":""MultiPoint"",""coordinates"":[]}"
VHI_M_2020-02_000000000000000001da,0.2948482111963384,1.1120111371201786,475,2,Dry,2020,2020-02,"{""type"":""MultiPoint"",""coordinates"":[]}"
VHI_M_2020-02_000000000000000001db,0.2899492416772707,1.1754772066634016,476,2,Dry,2020,2020-02,"{""type"":""MultiPoint"",""coordinates"":[]}"
VHI_M_2020-02_000000000000000001dc,0.2706168549727917,1.0437048618866802,477,2,Dry,2020,2020-02,"{""type"":""MultiPoint"",""coordinates"":[]}"
VHI_M_2020-02_000000000000000001e2,54.49268236159338,2.1375827628773427,483,2,Dry,2020,2020-02,"{""type"":""MultiPoint"",""coordinates"":[]}"
VHI_M_2020-02_000000000000000001e3,4.421583775208973,1.7575996320662284,484,2,Dry,2020,2020-02,"{""type"":""MultiPoint"",""coordinates"":[]}"
VHI_M_2020-02_000000000000000001e4,80.49137273653974,3.0688425671969277,485,2,Dry,2020,2020-02,"{""type"":""MultiPoint"",""coordinates"":[]}"
VHI_M_2020-02_000000000000000001e5,26.557844378770113,2.309053254437871,486,2,Dry,2020,2020-02,"{""type"":""MultiPoint"",""coordinates"":[]}"
VHI_M_2020-02_000000000000000001e6,0.9491044992059949,1.5972126843062013,487,2,Dry,2020,2020-02,"{""type"":""MultiPoint"",""coordinates"":[]}"
VHI_M_2020-02_000000000000000001e7,15.855940964316154,1.6458550986782257,488,2,Dry,2020,2020-02,"{""type"":""MultiPoint"",""coordinates"":[]}"
VHI_M_2020-02_000000000000000001e8,0.40077075449294985,1.7554006172133958,489,2,Dry,2020,2020-02,"{""type"":""MultiPoint"",""coordinates"":[]}"
VHI_M_2020-02_000000000000000001e9,58.64211064982771,2.803802096027297,490,2,Dry,2020,2020-02,"{""type"":""MultiPoint"",""coordinates"":[]}"
VHI_M_2020-02_000000000000000000e2,0.32402610038818946,1.380546567135488,227,2,Dry,2020,2020-02,"{""type"":""MultiPoint"",""coordinates"":[]}"
VHI_M_2020-02_000000000000000000e3,0.34576068414740474,1.4806187773583737,228,2,Dry,2020,2020-02,"{""type"":""MultiPoint"",""coordinates"":[]}"
VHI_M_2020-02_000000000000000000e4,25.227423196559794,2.4723142016188375,229,2,Dry,2020,2020-02,"{""type"":""MultiPoint"",""coordinates"":[]}"
VHI_M_2020-02_000000000000000000e5,1.1072003288684145,2.183160722962737,230,2,Dry,2020,2020-02,"{""type"":""MultiPoint"",""coordinates"":[]}"
VHI_M_2020-02_000000000000000000e6,0.31892379914034036,1.3489304812834224,231,2,Dry,2020,2020-02,"{""type"":""MultiPoint"",""coordinates"":[]}"
VHI_M_2020-02_000000000000000000e7,0.3429182281580459,1.4121930919683727,232,2,Dry,2020,2020-02,"{""type"":""MultiPoint"",""coordinates"":[]}"
VHI_M_2020-02_0000000000000000017f,0.31063468262631033,1.2431974394060932,384,2,Dry,2020,2020-02,"{""type"":""MultiPoint"",""coordinates"":[]}"
VHI_M_2020-02_00000000000000000180,0.3038157418750912,1.2866099344324178,385,2,Dry,2020,2020-02,"{""type"":""MultiPoint"",""coordinates"":[]}"
VHI_M_2020-02_00000000000000000203,0.30179347729450406,1.2460900922439377,516,2,Dry,2020,2020-02,"{""type"":""MultiPoint"",""coordinates"":[]}"
VHI_M_2020-02_00000000000000000204,0.2759060366013869,1.065298951544347,517,2,Dry,2020,2020-02,"{""type"":""MultiPoint"",""coordinates"":[]}"
VHI_M_2020-02_00000000000000000205,0.3147412873999982,1.225045094427412,518,2,Dry,2020,2020-02,"{""type"":""MultiPoint"",""coordinates"":[]}"
VHI_M_2020-02_00000000000000000206,0.30596497835185227,1.1476801451529286,519,2,Dry,2020,2020-02,"{""type"":""MultiPoint"",""coordinates"":[]}"
VHI_M_2020-02_00000000000000000207,0.3556252021525093,1.5413826679649467,520,2,Dry,2020,2020-02,"{""type"":""MultiPoint"",""coordinates"":[]}"
VHI_M_2020-02_00000000000000000208,0.2955915692943628,1.1305378574603642,521,2,Dry,2020,2020-02,"{""type"":""MultiPoint"",""coordinates"":[]}"
VHI_M_2020-02_00000000000000000209,0.34331490692085526,1.5572148952676501,522,2,Dry,2020,2020-02,"{""type"":""MultiPoint"",""coordinates"":[]}"
VHI_M_2020-02_0000000000000000000e,0.39235990313638724,1.8527023475217534,15,2,Dry,2020,2020-02,"{""type"":""MultiPoint"",""coordinates"":[]}"
VHI_M_2020-02_00000000000000000124,0.5012718367302831,2.4146873908487607,293,2,Dry,2020,2020-02,"{""type"":""MultiPoint"",""coordinates"":[]}"
VHI_M_2020-02_00000000000000000125,13.49118579629162,2.3966587066394287,294,2,Dry,2020,2020-02,"{""type"":""MultiPoint"",""coordinates"":[]}"
VHI_M_2020-02_00000000000000000126,0.36488304519698145,1.5224101701426684,295,2,Dry,2020,2020-02,"{""type"":""MultiPoint"",""coordinates"":[]}"
VHI_M_2020-02_00000000000000000127,0.40168860333281264,1.8220437985778624,296,2,Dry,2020,2020-02,"{""type"":""MultiPoint"",""coordinates"":[]}"
VHI_M_2020-02_00000000000000000128,0.36636316417556214,1.7473046817309112,297,2,Dry,2020,2020-02,"{""type"":""MultiPoint"",""coordinates"":[]}"
VHI_M_2020-02_00000000000000000129,0.3551145167889338,1.5265149107978826,298,2,Dry,2020,2020-02,"{""type"":""MultiPoint"",""coordinates"":[]}"
VHI_M_2020-02_0000000000000000012a,0.3458411168641862,1.394415221514148,299,2,Dry,2020,2020-02,"{""type"":""MultiPoint"",""coordinates"":[]}"
VHI_M_2020-02_0000000000000000012b,0.3690110001102094,1.6176948444770156,300,2,Dry,2020,2020-02,"{""type"":""MultiPoint"",""coordinates"":[]}"
VHI_M_2020-02_00000000000000000174,0.39359341454613134,1.817085567470957,373,2,Dry,2020,2020-02,"{""type"":""MultiPoint"",""coordinates"":[]}"
VHI_M_2020-02_00000000000000000175,0.3616483659990332,1.5633802816901416,374,2,Dry,2020,2020-02,"{""type"":""MultiPoint"",""coordinates"":[]}"
VHI_M_2020-02_00000000000000000176,0.32949339457292925,1.2626346447980736,375,2,Dry,2020,2020-02,"{""type"":""MultiPoint"",""coordinates"":[]}"
VHI_M_2020-02_00000000000000000177,0.3396342318610908,1.324950128241663,376,2,Dry,2020,2020-02,"{""type"":""MultiPoint"",""coordinates"":[]}"
VHI_M_2020-02_00000000000000000195,0.3832114576694319,1.7722129993864817,406,2,Dry,2020,2020-02,"{""type"":""MultiPoint"",""coordinates"":[]}"
VHI_M_2020-02_00000000000000000196,0.33687745414791925,1.4495650445164445,407,2,Dry,2020,2020-02,"{""type"":""MultiPoint"",""coordinates"":[]}"
VHI_M_2020-02_00000000000000000197,3.2082380469253478,2.17996416563756,408,2,Dry,2020,2020-02,"{""type"":""MultiPoint"",""coordinates"":[]}"
VHI_M_2020-02_00000000000000000198,0.3399598875165195,1.3399563545671829,409,2,Dry,2020,2020-02,"{""type"":""MultiPoint"",""coordinates"":[]}"
VHI_M_2020-02_00000000000000000199,0.353309464266969,1.5233707256924605,410,2,Dry,2020,2020-02,"{""type"":""MultiPoint"",""coordinates"":[]}"
VHI_M_2020-02_00000000000000000035,0.5567615915410566,2.932185430463577,54,2,Dry,2020,2020-02,"{""type"":""MultiPoint"",""coordinates"":[]}"
VHI_M_2020-02_000000000000000000ce,0.37716638401751734,1.6849308435393453,207,2,Dry,2020,2020-02,"{""type"":""MultiPoint"",""coordinates"":[]}"
VHI_M_2020-02_000000000000000000cf,0.3671683618166302,1.6613334413480236,208,2,Dry,2020,2020-02,"{""type"":""MultiPoint"",""coordinates"":[]}"
VHI_M_2020-02_000000000000000000d0,3.1520759846893953,1.6587102811308334,209,2,Dry,2020,2020-02,"{""type"":""MultiPoint"",""coordinates"":[]}"
VHI_M_2020-02_000000000000000000d1,27.14427565874892,2.5683666311892743,210,2,Dry,2020,2020-02,"{""type"":""MultiPoint"",""coordinates"":[]}"
VHI_M_2020-02_000000000000000001ea,0.29189167488978673,1.3222122231966171,491,2,Dry,2020,2020-02,"{""type"":""MultiPoint"",""coordinates"":[]}"
VHI_M_2020-02_000000000000000001eb,0.2857224173950605,1.3247845406961103,492,2,Dry,2020,2020-02,"{""type"":""MultiPoint"",""coordinates"":[]}"
VHI_M_2020-02_000000000000000001ec,0.36495835710875263,1.8251112424675309,493,2,Dry,2020,2020-02,"{""type"":""MultiPoint"",""coordinates"":[]}"
VHI_M_2020-02_000000000000000001ed,0.3484684707547488,1.5671218010786638,494,2,Dry,2020,2020-02,"{""type"":""MultiPoint"",""coordinates"":[]}"
VHI_M_2020-02_000000000000000001f4,8.841567649988898,1.990447988319608,501,2,Dry,2020,2020-02,"{""type"":""MultiPoint"",""coordinates"":[]}"
VHI_M_2020-02_000000000000000001f5,0.3161278373635735,1.3223036289128547,502,2,Dry,2020,2020-02,"{""type"":""MultiPoint"",""coordinates"":[]}"
VHI_M_2020-02_000000000000000001f6,0.37985744532268756,1.687753613276797,503,2,Dry,2020,2020-02,"{""type"":""MultiPoint"",""coordinates"":[]}"
VHI_M_2020-02_000000000000000001f7,50.12696959938577,2.335903748449434,504,2,Dry,2020,2020-02,"{""type"":""MultiPoint"",""coordinates"":[]}"
VHI_M_2020-02_000000000000000001f8,0.39695177639660145,1.7575113868771808,505,2,Dry,2020,2020-02,"{""type"":""MultiPoint"",""coordinates"":[]}"
VHI_M_2020-02_000000000000000001f9,0.4289170852083983,2.091133821426204,506,2,Dry,2020,2020-02,"{""type"":""MultiPoint"",""coordinates"":[]}"
VHI_M_2020-02_000000000000000001fa,26.657113927891224,2.3807303642101494,507,2,Dry,2020,2020-02,"{""type"":""MultiPoint"",""coordinates"":[]}"
VHI_M_2020-02_000000000000000001fb,7.8411809473525045,2.265212129001853,508,2,Dry,2020,2020-02,"{""type"":""MultiPoint"",""coordinates"":[]}"
VHI_M_2020-02_000000000000000001fc,0.4425753731901114,2.02807700763167,509,2,Dry,2020,2020-02,"{""type"":""MultiPoint"",""coordinates"":[]}"
VHI_M_2020-02_000000000000000001fd,0.3819552690396942,1.7355939617717298,510,2,Dry,2020,2020-02,"{""type"":""MultiPoint"",""coordinates"":[]}"
VHI_M_2020-02_00000000000000000049,0.4283697364770476,2.075366457687245,74,2,Dry,2020,2020-02,"{""type"":""MultiPoint"",""coordinates"":[]}"
VHI_M_2020-02_0000000000000000004a,37.25892057382168,2.559143066608724,75,2,Dry,2020,2020-02,"{""type"":""MultiPoint"",""coordinates"":[]}"
VHI_M_2020-02_000000000000000000fd,71.28728122081667,2.9157740672026384,254,2,Dry,2020,2020-02,"{""type"":""MultiPoint"",""coordinates"":[]}"
VHI_M_2020-02_000000000000000000fe,5.884163270957093,2.474929455176905,255,2,Dry,2020,2020-02,"{""type"":""MultiPoint"",""coordinates"":[]}"
VHI_M_2020-02_00000000000000000191,0.4341321289779938,2.18756727664155,402,2,Dry,2020,2020-02,"{""type"":""MultiPoint"",""coordinates"":[]}"
VHI_M_2020-02_0000000000000000016e,18.882377305271007,2.614639360590821,367,2,Dry,2020,2020-02,"{""type"":""MultiPoint"",""coordinates"":[]}"
VHI_M_2020-02_0000000000000000016f,0.5154787154810699,2.6352219559325025,368,2,Dry,2020,2020-02,"{""type"":""MultiPoint"",""coordinates"":[]}"
VHI_M_2020-02_00000000000000000170,0.4760905377616121,2.365474557794423,369,2,Dry,2020,2020-02,"{""type"":""MultiPoint"",""coordinates"":[]}"
VHI_M_2020-02_00000000000000000181,35.766812461998164,2.3872933663038616,386,2,Dry,2020,2020-02,"{""type"":""MultiPoint"",""coordinates"":[]}"
VHI_M_2020-02_00000000000000000182,0.49721472618704265,2.4819249599496946,387,2,Dry,2020,2020-02,"{""type"":""MultiPoint"",""coordinates"":[]}"
VHI_M_2020-02_00000000000000000228,0.5500339816890216,2.8759953356655,553,2,Dry,2020,2020-02,"{""type"":""MultiPoint"",""coordinates"":[]}"
VHI_M_2020-03_00000000000000000017,46.46177308497347,2.1795586029569316,24,3,Dry,2020,2020-03,"{""type"":""MultiPoint"",""coordinates"":[]}"
VHI_M_2020-03_00000000000000000018,232.37822479486772,4.734530506274339,25,3,Dry,2020,2020-03,"{""type"":""MultiPoint"",""coordinates"":[]}"
VHI_M_2020-03_00000000000000000019,30.028056997075478,1.8225136328226434,26,3,Dry,2020,2020-03,"{""type"":""MultiPoint"",""coordinates"":[]}"
VHI_M_2020-03_0000000000000000001a,13.631105734403738,2.1681777898970624,27,3,Dry,2020,2020-03,"{""type"":""MultiPoint"",""coordinates"":[]}"
VHI_M_2020-03_0000000000000000005b,160.25916173344663,4.1800278842802365,92,3,Dry,2020,2020-03,"{""type"":""MultiPoint"",""coordinates"":[]}"
VHI_M_2020-03_0000000000000000005c,60.19648789740429,2.356013608164899,93,3,Dry,2020,2020-03,"{""type"":""MultiPoint"",""coordinates"":[]}"
VHI_M_2020-03_0000000000000000005d,254.0,5.0,94,3,Dry,2020,2020-03,"{""type"":""MultiPoint"",""coordinates"":[]}"
VHI_M_2020-03_0000000000000000005e,35.22299802058767,1.9886307464162132,95,3,Dry,2020,2020-03,"{""type"":""MultiPoint"",""coordinates"":[]}"
VHI_M_2020-03_0000000000000000005f,81.66377978300608,2.857417371252882,96,3,Dry,2020,2020-03,"{""type"":""MultiPoint"",""coordinates"":[]}"
VHI_M_2020-03_000000000000000000b6,0.42708270466254655,2.026799387442573,183,3,Dry,2020,2020-03,"{""type"":""MultiPoint"",""coordinates"":[]}"
VHI_M_2020-03_000000000000000000b7,0.4526154306174683,2.4908285895003166,184,3,Dry,2020,2020-03,"{""type"":""MultiPoint"",""coordinates"":[]}"
VHI_M_2020-03_000000000000000000b8,0.3792332727946756,1.899628252788104,185,3,Dry,2020,2020-03,"{""type"":""MultiPoint"",""coordinates"":[]}"
VHI_M_2020-03_000000000000000000b9,39.32790937961374,2.7821131776810444,186,3,Dry,2020,2020-03,"{""type"":""MultiPoint"",""coordinates"":[]}"
VHI_M_2020-03_000000000000000000ba,0.44354668029149374,2.3034666666666666,187,3,Dry,2020,2020-03,"{""type"":""MultiPoint"",""coordinates"":[]}"
VHI_M_2020-03_000000000000000000bb,0.40739603564880866,1.8910891089108912,188,3,Dry,2020,2020-03,"{""type"":""MultiPoint"",""coordinates"":[]}"
VHI_M_2020-03_000000000000000001a0,34.18181331330998,3.4168454935622314,417,3,Dry,2020,2020-03,"{""type"":""MultiPoint"",""coordinates"":[]}"
VHI_M_2020-03_000000000000000001a1,0.49000527222945256,2.600693920651682,418,3,Dry,2020,2020-03,"{""type"":""MultiPoint"",""coordinates"":[]}"
VHI_M_2020-03_000000000000000001a2,19.548491777974284,2.3828675894489417,419,3,Dry,2020,2020-03,"{""type"":""MultiPoint"",""coordinates"":[]}"
VHI_M_2020-03_000000000000000001a3,0.3846039014245997,1.699379249187112,420,3,Dry,2020,2020-03,"{""type"":""MultiPoint"",""coordinates"":[]}"
VHI_M_2020-03_000000000000000001cb,41.23778883364566,1.8522940851299057,460,3,Dry,2020,2020-03,"{""type"":""MultiPoint"",""coordinates"":[]}"
VHI_M_2020-03_000000000000000001cc,79.78156068241495,2.749059829059829,461,3,Dry,2020,2020-03,"{""type"":""MultiPoint"",""coordinates"":[]}"
VHI_M_2020-03_0000000000000000021b,0.34339124930871506,1.0643500643500643,540,3,Dry,2020,2020-03,"{""type"":""MultiPoint"",""coordinates"":[]}"
VHI_M_2020-03_0000000000000000021c,0.3952608654032582,1.6391304347826088,541,3,Dry,2020,2020-03,"{""type"":""MultiPoint"",""coordinates"":[]}"
VHI_M_2020-03_0000000000000000021d,24.829047720096025,2.1215668617739762,542,3,Dry,2020,2020-03,"{""type"":""MultiPoint"",""coordinates"":[]}"
VHI_M_2020-03_000000000000000000bf,0.429355891070021,1.9884414615958241,192,3,Dry,2020,2020-03,"{""type"":""MultiPoint"",""coordinates"":[]}"
VHI_M_2020-03_000000000000000000c0,0.48286996004220567,2.567389095834745,193,3,Dry,2020,2020-03,"{""type"":""MultiPoint"",""coordinates"":[]}"
VHI_M_2020-03_0000000000000000010a,0.42970431612133464,1.9502610607309703,267,3,Dry,2020,2020-03,"{""type"":""MultiPoint"",""coordinates"":[]}"
VHI_M_2020-03_0000000000000000010b,56.46910909372899,2.5626576955424736,268,3,Dry,2020,2020-03,"{""type"":""MultiPoint"",""coordinates"":[]}"
VHI_M_2020-03_00000000000000000226,2.892841285832906,2.0130535561790905,551,3,Dry,2020,2020-03,"{""type"":""MultiPoint"",""coordinates"":[]}"
VHI_M_2020-03_00000000000000000227,0.478964314266741,2.1418624891209745,552,3,Dry,2020,2020-03,"{""type"":""MultiPoint"",""coordinates"":[]}"
VHI_M_2020-03_000000000000000001a4,0.29935167896195286,1.0475746268656716,421,3,Dry,2020,2020-03,"{""type"":""MultiPoint"",""coordinates"":[]}"
VHI_M_2020-03_000000000000000001a5,0.332416464290001,1.2249388753056236,422,3,Dry,2020,2020-03,"{""type"":""MultiPoint"",""coordinates"":[]}"
VHI_M_2020-03_000000000000000001a6,0.27790250084424833,1.0,423,3,Dry,2020,2020-03,"{""type"":""MultiPoint"",""coordinates"":[]}"
VHI_M_2020-03_000000000000000001a7,0.2775477870641385,1.1845588235294118,424,3,Dry,2020,2020-03,"{""type"":""MultiPoint"",""coordinates"":[]}"
VHI_M_2020-03_000000000000000001a8,0.2761015897500471,1.0,425,3,Dry,2020,2020-03,"{""type"":""MultiPoint"",""coordinates"":[]}"
VHI_M_2020-03_000000000000000001a9,0.2547851586248726,1.11875,426,3,Dry,2020,2020-03,"{""type"":""MultiPoint"",""coordinates"":[]}"
VHI_M_2020-03_000000000000000001aa,0.2584978803239119,1.0009447331128956,427,3,Dry,2020,2020-03,"{""type"":""MultiPoint"",""coordinates"":[]}"
VHI_M_2020-03_000000000000000001fe,0.40587669554236583,1.7559383499546692,511,3,Dry,2020,2020-03,"{""type"":""MultiPoint"",""coordinates"":[]}"
VHI_M_2020-03_000000000000000001ff,61.79639527656752,2.7179632784402794,512,3,Dry,2020,2020-03,"{""type"":""MultiPoint"",""coordinates"":[]}"
VHI_M_2020-03_00000000000000000200,0.32732591675588996,1.5868929198361614,513,3,Dry,2020,2020-03,"{""type"":""MultiPoint"",""coordinates"":[]}"
VHI_M_2020-03_00000000000000000201,101.722244332653,2.7809699525566676,514,3,Dry,2020,2020-03,"{""type"":""MultiPoint"",""coordinates"":[]}"
VHI_M_2020-03_00000000000000000202,0.2226485765693929,1.0137812230835486,515,3,Dry,2020,2020-03,"{""type"":""MultiPoint"",""coordinates"":[]}"
VHI_M_2020-03_00000000000000000002,18.558244460263513,2.195230780484237,3,3,Dry,2020,2020-03,"{""type"":""MultiPoint"",""coordinates"":[]}"
VHI_M_2020-03_0000000000000000000d,17.080664181950844,2.684793903706269,14,3,Dry,2020,2020-03,"{""type"":""MultiPoint"",""coordinates"":[]}"
VHI_M_2020-03_00000000000000000027,53.437334325081345,2.7306636262099775,40,3,Dry,2020,2020-03,"{""type"":""MultiPoint"",""coordinates"":[]}"
VHI_M_2020-03_00000000000000000070,0.4262438792555256,2.037601103687073,113,3,Dry,2020,2020-03,"{""type"":""MultiPoint"",""coordinates"":[]}"
VHI_M_2020-03_00000000000000000071,0.4049510700757678,1.8681599856354092,114,3,Dry,2020,2020-03,"{""type"":""MultiPoint"",""coordinates"":[]}"
VHI_M_2020-03_000000000000000001b0,55.94801082371243,2.686800344445811,433,3,Dry,2020,2020-03,"{""type"":""MultiPoint"",""coordinates"":[]}"
VHI_M_2020-03_000000000000000001b1,7.48303778671919,2.410735745760449,434,3,Dry,2020,2020-03,"{""type"":""MultiPoint"",""coordinates"":[]}"
VHI_M_2020-03_000000000000000001b2,90.95960140237474,3.0858975882143276,435,3,Dry,2020,2020-03,"{""type"":""MultiPoint"",""coordinates"":[]}"
VHI_M_2020-03_000000000000000001cd,1.2506473256314579,1.8943764801158332,462,3,Dry,2020,2020-03,"{""type"":""MultiPoint"",""coordinates"":[]}"
VHI_M_2020-03_000000000000000001ce,0.4178316442630499,1.9330807858338468,463,3,Dry,2020,2020-03,"{""type"":""MultiPoint"",""coordinates"":[]}"
VHI_M_2020-03_000000000000000001cf,22.219507071928888,2.2015553900885245,464,3,Dry,2020,2020-03,"{""type"":""MultiPoint"",""coordinates"":[]}"
VHI_M_2020-03_0000000000000000001c,0.26738608328131874,1.1368383370393569,29,3,Dry,2020,2020-03,"{""type"":""MultiPoint"",""coordinates"":[]}"
VHI_M_2020-03_0000000000000000001d,0.3182317317720588,1.3399511201629337,30,3,Dry,2020,2020-03,"{""type"":""MultiPoint"",""coordinates"":[]}"
VHI_M_2020-03_0000000000000000001e,0.21745200450457972,1.0303520405412692,31,3,Dry,2020,2020-03,"{""type"":""MultiPoint"",""coordinates"":[]}"
VHI_M_2020-03_00000000000000000026,0.23703651310819568,1.1255411255411258,39,3,Dry,2020,2020-03,"{""type"":""MultiPoint"",""coordinates"":[]}"
VHI_M_2020-03_000000000000000000f9,0.29165558757558385,1.2175647278576238,250,3,Dry,2020,2020-03,"{""type"":""MultiPoint"",""coordinates"":[]}"
VHI_M_2020-03_000000000000000000fa,0.25967909167420355,1.083731167923378,251,3,Dry,2020,2020-03,"{""type"":""MultiPoint"",""coordinates"":[]}"
VHI_M_2020-03_000000000000000000fb,0.2649740832366189,1.1624378393074837,252,3,Dry,2020,2020-03,"{""type"":""MultiPoint"",""coordinates"":[]}"
VHI_M_2020-03_000000000000000000fc,0.26179849727918664,1.121902718168813,253,3,Dry,2020,2020-03,"{""type"":""MultiPoint"",""coordinates"":[]}"
VHI_M_2020-03_00000000000000000163,0.31340587743538517,1.2765968329309714,356,3,Dry,2020,2020-03,"{""type"":""MultiPoint"",""coordinates"":[]}"
VHI_M_2020-03_00000000000000000164,0.2897282458372319,1.1816028930160123,357,3,Dry,2020,2020-03,"{""type"":""MultiPoint"",""coordinates"":[]}"
VHI_M_2020-03_00000000000000000165,0.29282877637058324,1.1998043648119099,358,3,Dry,2020,2020-03,"{""type"":""MultiPoint"",""coordinates"":[]}"
VHI_M_2020-03_00000000000000000166,0.28208707310744185,1.1259983493111547,359,3,Dry,2020,2020-03,"{""type"":""MultiPoint"",""coordinates"":[]}"
VHI_M_2020-03_00000000000000000149,0.29603041435417704,1.1929263741368579,330,3,Dry,2020,2020-03,"{""type"":""MultiPoint"",""coordinates"":[]}"
VHI_M_2020-03_0000000000000000014a,0.35257909999676396,1.4406988483718064,331,3,Dry,2020,2020-03,"{""type"":""MultiPoint"",""coordinates"":[]}"
VHI_M_2020-03_0000000000000000014b,0.33506061806309934,1.4418509663279546,332,3,Dry,2020,2020-03,"{""type"":""MultiPoint"",""coordinates"":[]}"
VHI_M_2020-03_0000000000000000014c,0.3188862375688224,1.2993005852246073,333,3,Dry,2020,2020-03,"{""type"":""MultiPoint"",""coordinates"":[]}"
VHI_M_2020-03_0000000000000000014d,0.2862010487078579,1.1738997391350916,334,3,Dry,2020,2020-03,"{""type"":""MultiPoint"",""coordinates"":[]}"
VHI_M_2020-03_0000000000000000014e,0.31277323907240995,1.2756514361895528,335,3,Dry,2020,2020-03,"{""type"":""MultiPoint"",""coordinates"":[]}"
VHI_M_2020-03_00000000000000000158,0.2940821842916172,1.3427648958027587,345,3,Dry,2020,2020-03,"{""type"":""MultiPoint"",""coordinates"":[]}"
VHI_M_2020-03_00000000000000000159,0.2980158993056456,1.229450995980743,346,3,Dry,2020,2020-03,"{""type"":""MultiPoint"",""coordinates"":[]}"
VHI_M_2020-03_0000000000000000015a,0.3276660995024776,1.337876995860438,347,3,Dry,2020,2020-03,"{""type"":""MultiPoint"",""coordinates"":[]}"
VHI_M_2020-03_0000000000000000015b,0.29972468410273634,1.1529557944244768,348,3,Dry,2020,2020-03,"{""type"":""MultiPoint"",""coordinates"":[]}"
VHI_M_2020-03_0000000000000000015c,0.31294316764141833,1.2377936473858466,349,3,Dry,2020,2020-03,"{""type"":""MultiPoint"",""coordinates"":[]}"
VHI_M_2020-03_0000000000000000015d,0.29699825139272085,1.205361451817048,350,3,Dry,2020,2020-03,"{""type"":""MultiPoint"",""coordinates"":[]}"
VHI_M_2020-03_00000000000000000008,0.32254047801127633,1.351959719616941,9,3,Dry,2020,2020-03,"{""type"":""MultiPoint"",""coordinates"":[]}"
VHI_M_2020-03_000000000000000000c2,0.30381471080730954,1.2629424011103396,195,3,Dry,2020,2020-03,"{""type"":""MultiPoint"",""coordinates"":[]}"
VHI_M_2020-03_000000000000000000c3,0.35664816798023063,1.5410416422075501,196,3,Dry,2020,2020-03,"{""type"":""MultiPoint"",""coordinates"":[]}"
VHI_M_2020-03_000000000000000000c4,0.34013883309560433,1.4665605095541405,197,3,Dry,2020,2020-03,"{""type"":""MultiPoint"",""coordinates"":[]}"
VHI_M_2020-03_000000000000000000c5,0.34008921636159545,1.4085109912899207,198,3,Dry,2020,2020-03,"{""type"":""MultiPoint"",""coordinates"":[]}"
VHI_M_2020-03_000000000000000000c6,0.3390071479608978,1.417998646963411,199,3,Dry,2020,2020-03,"{""type"":""MultiPoint"",""coordinates"":[]}"
VHI_M_2020-03_000000000000000000c7,0.3662297575381308,1.6313416113410555,200,3,Dry,2020,2020-03,"{""type"":""MultiPoint"",""coordinates"":[]}"
VHI_M_2020-03_000000000000000000c8,0.30658456601312634,1.2679868156769847,201,3,Dry,2020,2020-03,"{""type"":""MultiPoint"",""coordinates"":[]}"
VHI_M_2020-03_000000000000000000c9,0.34115562563355384,1.4419808582729245,202,3,Dry,2020,2020-03,"{""type"":""MultiPoint"",""coordinates"":[]}"
VHI_M_2020-03_00000000000000000136,0.34453319969144547,1.485677860041873,311,3,Dry,2020,2020-03,"{""type"":""MultiPoint"",""coordinates"":[]}"
VHI_M_2020-03_00000000000000000137,0.36612302864927104,1.639597220752655,312,3,Dry,2020,2020-03,"{""type"":""MultiPoint"",""coordinates"":[]}"
VHI_M_2020-03_00000000000000000138,0.323355585069012,1.3663436516875762,313,3,Dry,2020,2020-03,"{""type"":""MultiPoint"",""coordinates"":[]}"
VHI_M_2020-03_00000000000000000139,0.3442355216881029,1.4894165499647667,314,3,Dry,2020,2020-03,"{""type"":""MultiPoint"",""coordinates"":[]}"
VHI_M_2020-03_0000000000000000013a,0.4224961897909782,1.9938118610516038,315,3,Dry,2020,2020-03,"{""type"":""MultiPoint"",""coordinates"":[]}"
VHI_M_2020-03_000000000000000001ef,0.46007837935207035,2.2370865897210286,496,3,Dry,2020,2020-03,"{""type"":""MultiPoint"",""coordinates"":[]}"
VHI_M_2020-03_000000000000000001f0,0.38930091049945414,1.7314627835799705,497,3,Dry,2020,2020-03,"{""type"":""MultiPoint"",""coordinates"":[]}"
VHI_M_2020-03_00000000000000000081,0.33948791471446754,1.4716095729704364,130,3,Dry,2020,2020-03,"{""type"":""MultiPoint"",""coordinates"":[]}"
VHI_M_2020-03_000000000000000000a0,0.4529922682181107,2.3387830877949454,161,3,Dry,2020,2020-03,"{""type"":""MultiPoint"",""coordinates"":[]}"
VHI_M_2020-03_000000000000000000a1,31.930280616033397,2.247645762372271,162,3,Dry,2020,2020-03,"{""type"":""MultiPoint"",""coordinates"":[]}"
VHI_M_2020-03_000000000000000000a2,8.6741732331219,2.7371608279968087,163,3,Dry,2020,2020-03,"{""type"":""MultiPoint"",""coordinates"":[]}"
VHI_M_2020-03_000000000000000000a3,5.464084188326972,1.989221457864797,164,3,Dry,2020,2020-03,"{""type"":""MultiPoint"",""coordinates"":[]}"
VHI_M_2020-03_000000000000000000a4,78.01077080335749,3.5487552017631616,165,3,Dry,2020,2020-03,"{""type"":""MultiPoint"",""coordinates"":[]}"
VHI_M_2020-03_0000000000000000014f,0.2522476848961631,1.0476385364655807,336,3,Dry,2020,2020-03,"{""type"":""MultiPoint"",""coordinates"":[]}"
VHI_M_2020-03_00000000000000000150,0.2591765761658798,1.045509079779637,337,3,Dry,2020,2020-03,"{""type"":""MultiPoint"",""coordinates"":[]}"
VHI_M_2020-03_00000000000000000151,2.010132053408956,1.6460318715647124,338,3,Dry,2020,2020-03,"{""type"":""MultiPoint"",""coordinates"":[]}"
VHI_M_2020-03_00000000000000000152,0.3201569891846455,1.2820088504074285,339,3,Dry,2020,2020-03,"{""type"":""MultiPoint"",""coordinates"":[]}"
VHI_M_2020-03_00000000000000000153,0.27649418527102726,1.1414586197506749,340,3,Dry,2020,2020-03,"{""type"":""MultiPoint"",""coordinates"":[]}"
VHI_M_2020-03_00000000000000000171,0.3072263189981239,1.1915851042434806,370,3,Dry,2020,2020-03,"{""type"":""MultiPoint"",""coordinates"":[]}"
VHI_M_2020-03_00000000000000000172,0.3475526231058904,1.4494358600203248,371,3,Dry,2020,2020-03,"{""type"":""MultiPoint"",""coordinates"":[]}"
VHI_M_2020-03_00000000000000000173,0.2910688090695183,1.1321295044149233,372,3,Dry,2020,2020-03,"{""type"":""MultiPoint"",""coordinates"":[]}"
VHI_M_2020-03_000000000000000001f1,0.33132648466953046,1.3577756081298293,498,3,Dry,2020,2020-03,"{""type"":""MultiPoint"",""coordinates"":[]}"
VHI_M_2020-03_000000000000000001f2,0.46346706866634757,2.298889444253538,499,3,Dry,2020,2020-03,"{""type"":""MultiPoint"",""coordinates"":[]}"
VHI_M_2020-03_000000000000000001f3,0.3346938129490719,1.4153208061297693,500,3,Dry,2020,2020-03,"{""type"":""MultiPoint"",""coordinates"":[]}"
VHI_M_2020-03_00000000000000000092,0.2993883753764097,1.2307947951018743,147,3,Dry,2020,2020-03,"{""type"":""MultiPoint"",""coordinates"":[]}"
VHI_M_2020-03_00000000000000000093,0.32988623432055736,1.4048954643174922,148,3,Dry,2020,2020-03,"{""type"":""MultiPoint"",""coordinates"":[]}"
VHI_M_2020-03_00000000000000000094,0.4724837470541092,1.2196179031577628,149,3,Dry,2020,2020-03,"{""type"":""MultiPoint"",""coordinates"":[]}"
VHI_M_2020-03_00000000000000000095,12.78728725903914,1.508761316700738,150,3,Dry,2020,2020-03,"{""type"":""MultiPoint"",""coordinates"":[]}"
VHI_M_2020-03_00000000000000000096,0.27734210170021784,1.1768223612372568,151,3,Dry,2020,2020-03,"{""type"":""MultiPoint"",""coordinates"":[]}"
VHI_M_2020-03_00000000000000000097,0.29633478797443413,1.1188489904485552,152,3,Dry,2020,2020-03,"{""type"":""MultiPoint"",""coordinates"":[]}"
VHI_M_2020-03_00000000000000000098,0.33032309444684355,1.3469279661016949,153,3,Dry,2020,2020-03,"{""type"":""MultiPoint"",""coordinates"":[]}"
VHI_M_2020-03_000000000000000000a9,0.24150935481683233,1.0,170,3,Dry,2020,2020-03,"{""type"":""MultiPoint"",""coordinates"":[]}"
VHI_M_2020-03_0000000000000000017c,61.76999017318043,3.22534159826194,381,3,Dry,2020,2020-03,"{""type"":""MultiPoint"",""coordinates"":[]}"
VHI_M_2020-03_0000000000000000017d,38.93659029396463,3.2031289238446874,382,3,Dry,2020,2020-03,"{""type"":""MultiPoint"",""coordinates"":[]}"
VHI_M_2020-03_0000000000000000017e,11.59953128171888,2.6541513727183643,383,3,Dry,2020,2020-03,"{""type"":""MultiPoint"",""coordinates"":[]}"
VHI_M_2020-03_000000000000000001ee,0.4317165625886329,2.103803028551612,495,3,Dry,2020,2020-03,"{""type"":""MultiPoint"",""coordinates"":[]}"
VHI_M_2020-03_0000000000000000020d,0.42116021433937256,1.9465056843218476,526,3,Dry,2020,2020-03,"{""type"":""MultiPoint"",""coordinates"":[]}"
VHI_M_2020-03_0000000000000000020e,3.5819716250642255,1.7107808098907589,527,3,Dry,2020,2020-03,"{""type"":""MultiPoint"",""coordinates"":[]}"
VHI_M_2020-03_0000000000000000020f,0.34268442348362504,1.4966961661265912,528,3,Dry,2020,2020-03,"{""type"":""MultiPoint"",""coordinates"":[]}"
VHI_M_2020-03_00000000000000000210,0.2856273454022489,1.1629135212046955,529,3,Dry,2020,2020-03,"{""type"":""MultiPoint"",""coordinates"":[]}"
VHI_M_2020-03_00000000000000000211,11.762695628227378,2.198771859564811,530,3,Dry,2020,2020-03,"{""type"":""MultiPoint"",""coordinates"":[]}"
VHI_M_2020-03_00000000000000000058,0.36424767323156615,1.5803425390605177,89,3,Dry,2020,2020-03,"{""type"":""MultiPoint"",""coordinates"":[]}"
VHI_M_2020-03_00000000000000000059,0.34239947652015895,1.398914891139829,90,3,Dry,2020,2020-03,"{""type"":""MultiPoint"",""coordinates"":[]}"
VHI_M_2020-03_0000000000000000018b,0.2588510538924332,1.0,396,3,Dry,2020,2020-03,"{""type"":""MultiPoint"",""coordinates"":[]}"
VHI_M_2020-03_0000000000000000018c,0.31148865254850505,1.2408397546784082,397,3,Dry,2020,2020-03,"{""type"":""MultiPoint"",""coordinates"":[]}"
VHI_M_2020-03_0000000000000000018d,0.2715186305968419,1.0931735380926024,398,3,Dry,2020,2020-03,"{""type"":""MultiPoint"",""coordinates"":[]}"
VHI_M_2020-03_0000000000000000018e,0.28994470256307797,1.1870454519176288,399,3,Dry,2020,2020-03,"{""type"":""MultiPoint"",""coordinates"":[]}"
VHI_M_2020-03_00000000000000000036,0.5159602215314786,2.639021074099252,55,3,Dry,2020,2020-03,"{""type"":""MultiPoint"",""coordinates"":[]}"
VHI_M_2020-03_000000000000000000db,0.4497786251345739,2.188424023514615,220,3,Dry,2020,2020-03,"{""type"":""MultiPoint"",""coordinates"":[]}"
VHI_M_2020-03_000000000000000000dc,0.4315663619157226,2.0514693804677733,221,3,Dry,2020,2020-03,"{""type"":""MultiPoint"",""coordinates"":[]}"
VHI_M_2020-03_000000000000000000dd,0.4705643202331611,2.3427971473084264,222,3,Dry,2020,2020-03,"{""type"":""MultiPoint"",""coordinates"":[]}"
VHI_M_2020-03_00000000000000000102,0.4471971929574378,2.1702389332891623,259,3,Dry,2020,2020-03,"{""type"":""MultiPoint"",""coordinates"":[]}"
VHI_M_2020-03_00000000000000000103,0.45316550852215287,2.1972638567548537,260,3,Dry,2020,2020-03,"{""type"":""MultiPoint"",""coordinates"":[]}"
VHI_M_2020-03_00000000000000000104,0.4488251071843077,2.131673490465124,261,3,Dry,2020,2020-03,"{""type"":""MultiPoint"",""coordinates"":[]}"
VHI_M_2020-03_00000000000000000105,0.38743478543629445,1.7520419693301041,262,3,Dry,2020,2020-03,"{""type"":""MultiPoint"",""coordinates"":[]}"
VHI_M_2020-03_0000000000000000000a,0.5652421379528143,3.037769537151491,11,3,Dry,2020,2020-03,"{""type"":""MultiPoint"",""coordinates"":[]}"
VHI_M_2020-03_000000000000000000b1,0.4686568343636324,2.29145989579338,178,3,Dry,2020,2020-03,"{""type"":""MultiPoint"",""coordinates"":[]}"
VHI_M_2020-03_000000000000000000b2,0.48352008391931056,2.400468155132055,179,3,Dry,2020,2020-03,"{""type"":""MultiPoint"",""coordinates"":[]}"
VHI_M_2020-03_000000000000000000b3,0.45573349873092,2.231618605055153,180,3,Dry,2020,2020-03,"{""type"":""MultiPoint"",""coordinates"":[]}"
VHI_M_2020-03_000000000000000000ca,0.5138376297103842,2.625205158264947,203,3,Dry,2020,2020-03,"{""type"":""MultiPoint"",""coordinates"":[]}"
VHI_M_2020-03_000000000000000000d2,0.48891011449954824,2.391122686738314,211,3,Dry,2020,2020-03,"{""type"":""MultiPoint"",""coordinates"":[]}"
VHI_M_2020-03_000000000000000000d3,0.4644378585873198,2.2666745897042597,212,3,Dry,2020,2020-03,"{""type"":""MultiPoint"",""coordinates"":[]}"
VHI_M_2020-03_000000000000000000d4,0.46216588193013397,2.253071969328892,213,3,Dry,2020,2020-03,"{""type"":""MultiPoint"",""coordinates"":[]}"
VHI_M_2020-03_000000000000000000d5,0.5118214410435105,2.582791388923683,214,3,Dry,2020,2020-03,"{""type"":""MultiPoint"",""coordinates"":[]}"
VHI_M_2020-03_000000000000000000bc,0.5355001470846737,2.747848645029915,189,3,Dry,2020,2020-03,"{""type"":""MultiPoint"",""coordinates"":[]}"
VHI_M_2020-03_000000000000000000bd,0.5288028856089925,2.7186955241688677,190,3,Dry,2020,2020-03,"{""type"":""MultiPoint"",""coordinates"":[]}"
VHI_M_2020-03_000000000000000000be,0.5388120768481993,2.7989087376100295,191,3,Dry,2020,2020-03,"{""type"":""MultiPoint"",""coordinates"":[]}"
VHI_M_2020-03_000000000000000000f1,0.593130949970816,3.137868480725623,242,3,Dry,2020,2020-03,"{""type"":""MultiPoint"",""coordinates"":[]}"
VHI_M_2020-03_00000000000000000100,0.4894662658654868,2.446429114193373,257,3,Dry,2020,2020-03,"{""type"":""MultiPoint"",""coordinates"":[]}"
VHI_M_2020-03_00000000000000000101,0.5038728949703887,2.539794258682344,258,3,Dry,2020,2020-03,"{""type"":""MultiPoint"",""coordinates"":[]}"
VHI_M_2020-03_0000000000000000012f,0.5051143538221389,2.561190458686163,304,3,Dry,2020,2020-03,"{""type"":""MultiPoint"",""coordinates"":[]}"
VHI_M_2020-03_00000000000000000130,0.5156820492616555,2.632277465918205,305,3,Dry,2020,2020-03,"{""type"":""MultiPoint"",""coordinates"":[]}"
VHI_M_2020-03_00000000000000000131,0.4644301351475117,2.2969146927219293,306,3,Dry,2020,2020-03,"{""type"":""MultiPoint"",""coordinates"":[]}"
VHI_M_2020-03_00000000000000000065,0.5237966664190259,2.671544116646811,102,3,Dry,2020,2020-03,"{""type"":""MultiPoint"",""coordinates"":[]}"
VHI_M_2020-03_00000000000000000066,0.5310349930825833,2.721327425228243,103,3,Dry,2020,2020-03,"{""type"":""MultiPoint"",""coordinates"":[]}"
VHI_M_2020-03_00000000000000000067,0.4664807521902935,2.31209123263433,104,3,Dry,2020,2020-03,"{""type"":""MultiPoint"",""coordinates"":[]}"
VHI_M_2020-03_00000000000000000068,0.47306495379390845,2.333227689061743,105,3,Dry,2020,2020-03,"{""type"":""MultiPoint"",""coordinates"":[]}"
VHI_M_2020-03_00000000000000000109,0.383422860415922,1.745320083198521,266,3,Dry,2020,2020-03,"{""type"":""MultiPoint"",""coordinates"":[]}"
VHI_M_2020-03_000000000000000001c1,0.4551546598287147,2.1976993231434108,450,3,Dry,2020,2020-03,"{""type"":""MultiPoint"",""coordinates"":[]}"
VHI_M_2020-03_000000000000000001c2,0.43182339522523616,2.0554437060364172,451,3,Dry,2020,2020-03,"{""type"":""MultiPoint"",""coordinates"":[]}"
VHI_M_2020-03_00000000000000000113,0.28478422081031396,1.108301264431006,276,3,Dry,2020,2020-03,"{""type"":""MultiPoint"",""coordinates"":[]}"
VHI_M_2020-03_00000000000000000114,0.38646820307004404,1.751054894510549,277,3,Dry,2020,2020-03,"{""type"":""MultiPoint"",""coordinates"":[]}"
VHI_M_2020-03_00000000000000000115,0.46467690950265333,2.27392410593814,278,3,Dry,2020,2020-03,"{""type"":""MultiPoint"",""coordinates"":[]}"
VHI_M_2020-03_00000000000000000116,0.4189698084959809,1.9548476645854733,279,3,Dry,2020,2020-03,"{""type"":""MultiPoint"",""coordinates"":[]}"
VHI_M_2020-03_00000000000000000117,0.44189988746634246,2.1137372062588304,280,3,Dry,2020,2020-03,"{""type"":""MultiPoint"",""coordinates"":[]}"
VHI_M_2020-03_00000000000000000167,0.4730226658617389,2.289943764472379,360,3,Dry,2020,2020-03,"{""type"":""MultiPoint"",""coordinates"":[]}"
VHI_M_2020-03_00000000000000000168,0.5051438274667105,2.607694241890872,361,3,Dry,2020,2020-03,"{""type"":""MultiPoint"",""coordinates"":[]}"
VHI_M_2020-03_00000000000000000169,0.45458119214676906,2.2032262239172953,362,3,Dry,2020,2020-03,"{""type"":""MultiPoint"",""coordinates"":[]}"
VHI_M_2020-03_0000000000000000016a,0.43033478889768273,2.1133431759324255,363,3,Dry,2020,2020-03,"{""type"":""MultiPoint"",""coordinates"":[]}"
VHI_M_2020-03_0000000000000000016b,0.2825612283003246,1.1326860593428145,364,3,Dry,2020,2020-03,"{""type"":""MultiPoint"",""coordinates"":[]}"
VHI_M_2020-03_0000000000000000016c,0.2922901522694011,1.1931963999681419,365,3,Dry,2020,2020-03,"{""type"":""MultiPoint"",""coordinates"":[]}"
VHI_M_2020-03_0000000000000000016d,0.44228795108479574,2.075782743038811,366,3,Dry,2020,2020-03,"{""type"":""MultiPoint"",""coordinates"":[]}"
VHI_M_2020-03_000000000000000000cb,0.5463423703270996,2.692760132606139,204,3,Dry,2020,2020-03,"{""type"":""MultiPoint"",""coordinates"":[]}"
VHI_M_2020-03_000000000000000000eb,15.318947791799955,2.5063361478931454,236,3,Dry,2020,2020-03,"{""type"":""MultiPoint"",""coordinates"":[]}"
VHI_M_2020-03_000000000000000000ec,0.3259256093687932,1.3961046308781802,237,3,Dry,2020,2020-03,"{""type"":""MultiPoint"",""coordinates"":[]}"
VHI_M_2020-03_000000000000000000ed,0.34470237380971147,1.5297381778555261,238,3,Dry,2020,2020-03,"{""type"":""MultiPoint"",""coordinates"":[]}"
VHI_M_2020-03_000000000000000000ee,0.373140111522935,1.6727683615819209,239,3,Dry,2020,2020-03,"{""type"":""MultiPoint"",""coordinates"":[]}"
VHI_M_2020-03_000000000000000000ef,0.3674153681330865,1.5922534470055778,240,3,Dry,2020,2020-03,"{""type"":""MultiPoint"",""coordinates"":[]}"
VHI_M_2020-03_00000000000000000146,0.2802589989266713,1.2794835187247997,327,3,Dry,2020,2020-03,"{""type"":""MultiPoint"",""coordinates"":[]}"
VHI_M_2020-03_00000000000000000147,8.294874989451966,1.4731383609043935,328,3,Dry,2020,2020-03,"{""type"":""MultiPoint"",""coordinates"":[]}"
VHI_M_2020-03_00000000000000000148,0.25398833682223715,1.1107102636049555,329,3,Dry,2020,2020-03,"{""type"":""MultiPoint"",""coordinates"":[]}"
VHI_M_2020-03_0000000000000000015e,0.32292142552868636,1.3315233266175839,351,3,Dry,2020,2020-03,"{""type"":""MultiPoint"",""coordinates"":[]}"
VHI_M_2020-03_0000000000000000015f,0.3040527576771653,1.2172931437398504,352,3,Dry,2020,2020-03,"{""type"":""MultiPoint"",""coordinates"":[]}"
VHI_M_2020-03_00000000000000000160,0.2871459505867467,1.1339960583024709,353,3,Dry,2020,2020-03,"{""type"":""MultiPoint"",""coordinates"":[]}"
VHI_M_2020-03_00000000000000000161,0.34620009633107235,1.503576003415883,354,3,Dry,2020,2020-03,"{""type"":""MultiPoint"",""coordinates"":[]}"
VHI_M_2020-03_00000000000000000162,4.295399374402821,1.6787359552037318,355,3,Dry,2020,2020-03,"{""type"":""MultiPoint"",""coordinates"":[]}"
VHI_M_2020-03_00000000000000000010,0.42803484984758444,1.9873186753033483,17,3,Dry,2020,2020-03,"{""type"":""MultiPoint"",""coordinates"":[]}"
VHI_M_2020-03_00000000000000000121,0.4425002811838566,2.104108126334719,290,3,Dry,2020,2020-03,"{""type"":""MultiPoint"",""coordinates"":[]}"
VHI_M_2020-03_00000000000000000122,0.5221383863634252,1.7743372747032748,291,3,Dry,2020,2020-03,"{""type"":""MultiPoint"",""coordinates"":[]}"
VHI_M_2020-03_00000000000000000123,0.4043145719867858,1.8846842406992046,292,3,Dry,2020,2020-03,"{""type"":""MultiPoint"",""coordinates"":[]}"
VHI_M_2020-03_0000000000000000019a,0.4558358040971457,2.237117585675716,411,3,Dry,2020,2020-03,"{""type"":""MultiPoint"",""coordinates"":[]}"
VHI_M_2020-03_0000000000000000019b,0.4092290559092864,1.912064750021077,412,3,Dry,2020,2020-03,"{""type"":""MultiPoint"",""coordinates"":[]}"
VHI_M_2020-03_0000000000000000019c,0.3275959621513011,1.3112821495115536,413,3,Dry,2020,2020-03,"{""type"":""MultiPoint"",""coordinates"":[]}"
VHI_M_2020-03_0000000000000000019d,0.4124619124719006,1.945411883013492,414,3,Dry,2020,2020-03,"{""type"":""MultiPoint"",""coordinates"":[]}"
VHI_M_2020-03_0000000000000000019e,4.072465915344048,2.0723998074201604,415,3,Dry,2020,2020-03,"{""type"":""MultiPoint"",""coordinates"":[]}"
VHI_M_2020-03_0000000000000000019f,0.42061809612978474,1.947111529748792,416,3,Dry,2020,2020-03,"{""type"":""MultiPoint"",""coordinates"":[]}"
VHI_M_2020-03_00000000000000000216,0.354796493997716,1.3802497162315548,535,3,Dry,2020,2020-03,"{""type"":""MultiPoint"",""coordinates"":[]}"
VHI_M_2020-03_00000000000000000217,0.47572859183936195,1.979589585172111,536,3,Dry,2020,2020-03,"{""type"":""MultiPoint"",""coordinates"":[]}"
VHI_M_2020-03_00000000000000000218,0.30032423814298076,1.1939724727100143,537,3,Dry,2020,2020-03,"{""type"":""MultiPoint"",""coordinates"":[]}"
VHI_M_2020-03_00000000000000000219,0.29698041400039804,1.206357092891745,538,3,Dry,2020,2020-03,"{""type"":""MultiPoint"",""coordinates"":[]}"
VHI_M_2020-03_0000000000000000021a,8.233937755613384,1.923055306742541,539,3,Dry,2020,2020-03,"{""type"":""MultiPoint"",""coordinates"":[]}"
VHI_M_2020-03_00000000000000000004,0.5135976501052762,2.6253274860462463,5,3,Dry,2020,2020-03,"{""type"":""MultiPoint"",""coordinates"":[]}"
VHI_M_2020-03_00000000000000000028,0.4128460408681371,1.9228438368429972,41,3,Dry,2020,2020-03,"{""type"":""MultiPoint"",""coordinates"":[]}"
VHI_M_2020-03_00000000000000000029,0.45194419329349966,2.1978435922965964,42,3,Dry,2020,2020-03,"{""type"":""MultiPoint"",""coordinates"":[]}"
VHI_M_2020-03_0000000000000000002a,0.4853017056032187,2.424925941011097,43,3,Dry,2020,2020-03,"{""type"":""MultiPoint"",""coordinates"":[]}"
VHI_M_2020-03_0000000000000000002b,0.4797340120908572,2.3863341571558565,44,3,Dry,2020,2020-03,"{""type"":""MultiPoint"",""coordinates"":[]}"
VHI_M_2020-03_000000000000000000a7,0.44484847484735507,2.138593883966849,168,3,Dry,2020,2020-03,"{""type"":""MultiPoint"",""coordinates"":[]}"
VHI_M_2020-03_000000000000000000a8,0.4533891242107705,2.1974974451311495,169,3,Dry,2020,2020-03,"{""type"":""MultiPoint"",""coordinates"":[]}"
VHI_M_2020-03_0000000000000000000c,0.4771014492612111,2.415673610479396,13,3,Dry,2020,2020-03,"{""type"":""MultiPoint"",""coordinates"":[]}"
VHI_M_2020-03_00000000000000000060,0.445979601109922,2.1496384063853644,97,3,Dry,2020,2020-03,"{""type"":""MultiPoint"",""coordinates"":[]}"
VHI_M_2020-03_00000000000000000061,0.5102162837218821,2.5803031371166725,98,3,Dry,2020,2020-03,"{""type"":""MultiPoint"",""coordinates"":[]}"
VHI_M_2020-03_00000000000000000062,0.4925638862608055,2.4529007364349313,99,3,Dry,2020,2020-03,"{""type"":""MultiPoint"",""coordinates"":[]}"
VHI_M_2020-03_00000000000000000063,0.5050188630456593,2.5512527099480735,100,3,Dry,2020,2020-03,"{""type"":""MultiPoint"",""coordinates"":[]}"
VHI_M_2020-03_00000000000000000064,0.5037963788419136,2.5295188574267593,101,3,Dry,2020,2020-03,"{""type"":""MultiPoint"",""coordinates"":[]}"
VHI_M_2020-03_00000000000000000011,0.46343283121558565,2.261706581296559,18,3,Dry,2020,2020-03,"{""type"":""MultiPoint"",""coordinates"":[]}"
VHI_M_2020-03_00000000000000000033,0.5017672136520349,2.5170954456270045,52,3,Dry,2020,2020-03,"{""type"":""MultiPoint"",""coordinates"":[]}"
VHI_M_2020-03_00000000000000000034,0.46620462441231825,2.281636052592625,53,3,Dry,2020,2020-03,"{""type"":""MultiPoint"",""coordinates"":[]}"
VHI_M_2020-03_000000000000000001b3,0.5127570885269093,2.5784184055486596,436,3,Dry,2020,2020-03,"{""type"":""MultiPoint"",""coordinates"":[]}"
VHI_M_2020-03_000000000000000001b4,0.5072403129831774,2.5698721671000695,437,3,Dry,2020,2020-03,"{""type"":""MultiPoint"",""coordinates"":[]}"
VHI_M_2020-03_000000000000000001b5,0.5480054145759351,2.8308023591096623,438,3,Dry,2020,2020-03,"{""type"":""MultiPoint"",""coordinates"":[]}"
VHI_M_2020-03_00000000000000000005,0.6455675903804199,3.408387844099209,6,3,Dry,2020,2020-03,"{""type"":""MultiPoint"",""coordinates"":[]}"
VHI_M_2020-03_00000000000000000082,0.6083393756576154,3.1881161607555812,131,3,Dry,2020,2020-03,"{""type"":""MultiPoint"",""coordinates"":[]}"
VHI_M_2020-03_00000000000000000083,0.533882965812169,2.7525533391323056,132,3,Dry,2020,2020-03,"{""type"":""MultiPoint"",""coordinates"":[]}"
VHI_M_2020-03_00000000000000000084,0.5644655637658177,2.90669440281693,133,3,Dry,2020,2020-03,"{""type"":""MultiPoint"",""coordinates"":[]}"
VHI_M_2020-03_00000000000000000085,0.587764138091083,3.12813070160889,134,3,Dry,2020,2020-03,"{""type"":""MultiPoint"",""coordinates"":[]}"
VHI_M_2020-03_00000000000000000086,0.6251244148928093,3.3206811198747466,135,3,Dry,2020,2020-03,"{""type"":""MultiPoint"",""coordinates"":[]}"
VHI_M_2020-03_00000000000000000087,0.66348707700856,3.5542281764655685,136,3,Dry,2020,2020-03,"{""type"":""MultiPoint"",""coordinates"":[]}"
VHI_M_2020-03_0000000000000000010c,0.5498629476847704,2.829217758644318,269,3,Dry,2020,2020-03,"{""type"":""MultiPoint"",""coordinates"":[]}"
VHI_M_2020-03_0000000000000000010d,0.45184336512761525,2.1892819657099247,270,3,Dry,2020,2020-03,"{""type"":""MultiPoint"",""coordinates"":[]}"
VHI_M_2020-03_0000000000000000010e,0.5375636550775319,2.7411389079739727,271,3,Dry,2020,2020-03,"{""type"":""MultiPoint"",""coordinates"":[]}"
VHI_M_2020-03_0000000000000000010f,0.5588294030146245,2.8992319597216802,272,3,Dry,2020,2020-03,"{""type"":""MultiPoint"",""coordinates"":[]}"
VHI_M_2020-03_00000000000000000110,0.5527623935253668,2.8329016228788912,273,3,Dry,2020,2020-03,"{""type"":""MultiPoint"",""coordinates"":[]}"
VHI_M_2020-03_00000000000000000111,0.5831244908874715,3.0271290116413123,274,3,Dry,2020,2020-03,"{""type"":""MultiPoint"",""coordinates"":[]}"
VHI_M_2020-03_000000000000000001d0,0.5344104514587643,2.7244094488188972,465,3,Dry,2020,2020-03,"{""type"":""MultiPoint"",""coordinates"":[]}"
VHI_M_2020-03_000000000000000001d1,0.6050817785200783,3.190726265374863,466,3,Dry,2020,2020-03,"{""type"":""MultiPoint"",""coordinates"":[]}"
VHI_M_2020-03_00000000000000000009,0.4571612419377264,2.214855892373113,10,3,Dry,2020,2020-03,"{""type"":""MultiPoint"",""coordinates"":[]}"
VHI_M_2020-03_0000000000000000009e,0.49804125763997653,2.491043934284584,159,3,Dry,2020,2020-03,"{""type"":""MultiPoint"",""coordinates"":[]}"
VHI_M_2020-03_0000000000000000009f,0.5259033770644427,2.669774368694533,160,3,Dry,2020,2020-03,"{""type"":""MultiPoint"",""coordinates"":[]}"
VHI_M_2020-03_00000000000000000154,0.6067531922828574,3.177005616444262,341,3,Dry,2020,2020-03,"{""type"":""MultiPoint"",""coordinates"":[]}"
VHI_M_2020-03_00000000000000000155,0.486028637126449,2.4092058131376386,342,3,Dry,2020,2020-03,"{""type"":""MultiPoint"",""coordinates"":[]}"
VHI_M_2020-03_00000000000000000156,0.5123309220519788,2.6093672426210923,343,3,Dry,2020,2020-03,"{""type"":""MultiPoint"",""coordinates"":[]}"
VHI_M_2020-03_00000000000000000157,0.44896597265752525,2.1723919793535904,344,3,Dry,2020,2020-03,"{""type"":""MultiPoint"",""coordinates"":[]}"
VHI_M_2020-03_00000000000000000178,0.5463733991487558,2.79815355284782,377,3,Dry,2020,2020-03,"{""type"":""MultiPoint"",""coordinates"":[]}"
VHI_M_2020-03_00000000000000000179,0.47598902168235663,2.3362121923169092,378,3,Dry,2020,2020-03,"{""type"":""MultiPoint"",""coordinates"":[]}"
VHI_M_2020-03_0000000000000000017a,0.49650114397202627,2.4556910855544962,379,3,Dry,2020,2020-03,"{""type"":""MultiPoint"",""coordinates"":[]}"
VHI_M_2020-03_0000000000000000017b,0.5235789739917189,2.6718070792796524,380,3,Dry,2020,2020-03,"{""type"":""MultiPoint"",""coordinates"":[]}"
VHI_M_2020-03_0000000000000000000f,0.5550150201414472,2.8934559559559556,16,3,Dry,2020,2020-03,"{""type"":""MultiPoint"",""coordinates"":[]}"
VHI_M_2020-03_00000000000000000040,0.5883156373523275,3.1070015657156493,65,3,Dry,2020,2020-03,"{""type"":""MultiPoint"",""coordinates"":[]}"
VHI_M_2020-03_00000000000000000041,0.537278552526359,2.756686510783328,66,3,Dry,2020,2020-03,"{""type"":""MultiPoint"",""coordinates"":[]}"
VHI_M_2020-03_00000000000000000042,0.629828701509853,3.360311010799548,67,3,Dry,2020,2020-03,"{""type"":""MultiPoint"",""coordinates"":[]}"
VHI_M_2020-03_00000000000000000043,0.6009366077721984,3.157196883148541,68,3,Dry,2020,2020-03,"{""type"":""MultiPoint"",""coordinates"":[]}"
VHI_M_2020-03_00000000000000000192,0.6276342941834576,3.376015200309734,403,3,Dry,2020,2020-03,"{""type"":""MultiPoint"",""coordinates"":[]}"
VHI_M_2020-03_00000000000000000193,0.6051536255260616,3.2124594785848304,404,3,Dry,2020,2020-03,"{""type"":""MultiPoint"",""coordinates"":[]}"
VHI_M_2020-03_00000000000000000194,0.5611694386903928,2.9018079506480996,405,3,Dry,2020,2020-03,"{""type"":""MultiPoint"",""coordinates"":[]}"
VHI_M_2020-03_000000000000000001d2,0.6395897524561972,3.437401892155615,467,3,Dry,2020,2020-03,"{""type"":""MultiPoint"",""coordinates"":[]}"
VHI_M_2020-03_000000000000000001d3,0.6186501714086415,3.2829351350372233,468,3,Dry,2020,2020-03,"{""type"":""MultiPoint"",""coordinates"":[]}"
VHI_M_2020-03_000000000000000001d4,0.5109721394272492,2.5716199669323907,469,3,Dry,2020,2020-03,"{""type"":""MultiPoint"",""coordinates"":[]}"
VHI_M_2020-03_000000000000000001d5,0.5848284194545981,3.052069263903391,470,3,Dry,2020,2020-03,"{""type"":""MultiPoint"",""coordinates"":[]}"
VHI_M_2020-03_000000000000000001d6,0.5370466041947405,2.724746335671658,471,3,Dry,2020,2020-03,"{""type"":""MultiPoint"",""coordinates"":[]}"
VHI_M_2020-03_000000000000000001d7,0.5093470073718943,2.5819841814520195,472,3,Dry,2020,2020-03,"{""type"":""MultiPoint"",""coordinates"":[]}"
VHI_M_2020-03_00000000000000000069,0.4078801426010401,1.8887469867977833,106,3,Dry,2020,2020-03,"{""type"":""MultiPoint"",""coordinates"":[]}"
VHI_M_2020-03_0000000000000000006a,0.3915775034518348,1.7813799263146153,107,3,Dry,2020,2020-03,"{""type"":""MultiPoint"",""coordinates"":[]}"
VHI_M_2020-03_0000000000000000006b,0.39240152833285497,1.779562073909052,108,3,Dry,2020,2020-03,"{""type"":""MultiPoint"",""coordinates"":[]}"
VHI_M_2020-03_0000000000000000006c,0.4948824749484299,2.4937855964230593,109,3,Dry,2020,2020-03,"{""type"":""MultiPoint"",""coordinates"":[]}"
VHI_M_2020-03_0000000000000000006d,0.3846963637629272,1.7293356514993035,110,3,Dry,2020,2020-03,"{""type"":""MultiPoint"",""coordinates"":[]}"
VHI_M_2020-03_0000000000000000006e,0.5139437827115959,2.6150067354927273,111,3,Dry,2020,2020-03,"{""type"":""MultiPoint"",""coordinates"":[]}"
VHI_M_2020-03_0000000000000000006f,0.4081765037261783,1.9219007022649623,112,3,Dry,2020,2020-03,"{""type"":""MultiPoint"",""coordinates"":[]}"
VHI_M_2020-03_000000000000000000d6,0.2984293541513307,1.1723183391003462,215,3,Dry,2020,2020-03,"{""type"":""MultiPoint"",""coordinates"":[]}"
VHI_M_2020-03_0000000000000000013b,0.2814971258861132,1.102680708472954,316,3,Dry,2020,2020-03,"{""type"":""MultiPoint"",""coordinates"":[]}"
VHI_M_2020-03_0000000000000000013c,0.35158403445466246,1.5476908811846073,317,3,Dry,2020,2020-03,"{""type"":""MultiPoint"",""coordinates"":[]}"
VHI_M_2020-03_0000000000000000013d,0.30823068525976244,1.2862759993822344,318,3,Dry,2020,2020-03,"{""type"":""MultiPoint"",""coordinates"":[]}"
VHI_M_2020-03_0000000000000000013e,0.31244985207527864,1.345495771199644,319,3,Dry,2020,2020-03,"{""type"":""MultiPoint"",""coordinates"":[]}"
VHI_M_2020-03_0000000000000000013f,0.3107311817130994,1.2757885113515157,320,3,Dry,2020,2020-03,"{""type"":""MultiPoint"",""coordinates"":[]}"
VHI_M_2020-03_00000000000000000140,10.157714345070953,1.7629263522677754,321,3,Dry,2020,2020-03,"{""type"":""MultiPoint"",""coordinates"":[]}"
VHI_M_2020-03_000000000000000001bc,0.32767975616707024,1.3361743507607824,445,3,Dry,2020,2020-03,"{""type"":""MultiPoint"",""coordinates"":[]}"
VHI_M_2020-03_000000000000000001bd,0.3088773506838546,1.2751905849998981,446,3,Dry,2020,2020-03,"{""type"":""MultiPoint"",""coordinates"":[]}"
VHI_M_2020-03_000000000000000001be,0.35002447268458275,1.521710688338875,447,3,Dry,2020,2020-03,"{""type"":""MultiPoint"",""coordinates"":[]}"
VHI_M_2020-03_000000000000000001bf,0.36876598938981925,1.5835374046188557,448,3,Dry,2020,2020-03,"{""type"":""MultiPoint"",""coordinates"":[]}"
VHI_M_2020-03_000000000000000001c0,0.3345609295892832,1.3840668612319587,449,3,Dry,2020,2020-03,"{""type"":""MultiPoint"",""coordinates"":[]}"
VHI_M_2020-03_00000000000000000006,0.4638230703530981,2.2919315403422966,7,3,Dry,2020,2020-03,"{""type"":""MultiPoint"",""coordinates"":[]}"
VHI_M_2020-03_0000000000000000002c,0.5082031888981803,2.5666211310444735,45,3,Dry,2020,2020-03,"{""type"":""MultiPoint"",""coordinates"":[]}"
VHI_M_2020-03_0000000000000000002d,0.5595929894477151,2.8958348141587407,46,3,Dry,2020,2020-03,"{""type"":""MultiPoint"",""coordinates"":[]}"
VHI_M_2020-03_0000000000000000002e,0.599716767377622,3.176937948619098,47,3,Dry,2020,2020-03,"{""type"":""MultiPoint"",""coordinates"":[]}"
VHI_M_2020-03_0000000000000000002f,0.531165279851156,2.7120815047838764,48,3,Dry,2020,2020-03,"{""type"":""MultiPoint"",""coordinates"":[]}"
VHI_M_2020-03_0000000000000000009b,0.4816520379760525,2.3737501515264086,156,3,Dry,2020,2020-03,"{""type"":""MultiPoint"",""coordinates"":[]}"
VHI_M_2020-03_0000000000000000009c,0.5611582279323236,2.930835343802312,157,3,Dry,2020,2020-03,"{""type"":""MultiPoint"",""coordinates"":[]}"
VHI_M_2020-03_0000000000000000009d,0.5619028028381148,2.9106043105354993,158,3,Dry,2020,2020-03,"{""type"":""MultiPoint"",""coordinates"":[]}"
VHI_M_2020-03_000000000000000001b6,0.5328216389147277,2.800377204985022,439,3,Dry,2020,2020-03,"{""type"":""MultiPoint"",""coordinates"":[]}"
VHI_M_2020-03_000000000000000001b7,0.6131129944900676,3.2386451116243244,440,3,Dry,2020,2020-03,"{""type"":""MultiPoint"",""coordinates"":[]}"
VHI_M_2020-03_000000000000000001b8,0.5169471394495346,2.601651890773352,441,3,Dry,2020,2020-03,"{""type"":""MultiPoint"",""coordinates"":[]}"
VHI_M_2020-03_000000000000000001b9,0.5403575405381771,2.779674051044585,442,3,Dry,2020,2020-03,"{""type"":""MultiPoint"",""coordinates"":[]}"
VHI_M_2020-03_000000000000000001ba,0.5691564569982062,2.945387914922983,443,3,Dry,2020,2020-03,"{""type"":""MultiPoint"",""coordinates"":[]}"
VHI_M_2020-03_000000000000000001bb,0.5791582092601932,3.0347731959856974,444,3,Dry,2020,2020-03,"{""type"":""MultiPoint"",""coordinates"":[]}"
VHI_M_2020-03_00000000000000000221,0.47472359073369386,2.2335842200882436,546,3,Dry,2020,2020-03,"{""type"":""MultiPoint"",""coordinates"":[]}"
VHI_M_2020-03_00000000000000000222,0.49085230432313953,2.450149330378259,547,3,Dry,2020,2020-03,"{""type"":""MultiPoint"",""coordinates"":[]}"
VHI_M_2020-03_00000000000000000223,0.5366666597876018,2.744514602958839,548,3,Dry,2020,2020-03,"{""type"":""MultiPoint"",""coordinates"":[]}"
VHI_M_2020-03_00000000000000000224,0.5177120127697189,2.6170361300670995,549,3,Dry,2020,2020-03,"{""type"":""MultiPoint"",""coordinates"":[]}"
VHI_M_2020-03_00000000000000000225,0.48458204657563636,2.407560756075608,550,3,Dry,2020,2020-03,"{""type"":""MultiPoint"",""coordinates"":[]}"
VHI_M_2020-03_00000000000000000053,0.35227986162644054,1.5301189528853287,84,3,Dry,2020,2020-03,"{""type"":""MultiPoint"",""coordinates"":[]}"
VHI_M_2020-03_00000000000000000054,0.3189322485962632,1.3669447750925505,85,3,Dry,2020,2020-03,"{""type"":""MultiPoint"",""coordinates"":[]}"
VHI_M_2020-03_00000000000000000055,0.3141917595804338,1.3004742145820982,86,3,Dry,2020,2020-03,"{""type"":""MultiPoint"",""coordinates"":[]}"
VHI_M_2020-03_00000000000000000056,0.3739803254190774,1.6458641927184847,87,3,Dry,2020,2020-03,"{""type"":""MultiPoint"",""coordinates"":[]}"
VHI_M_2020-03_00000000000000000057,0.3851269244651231,1.720608457866434,88,3,Dry,2020,2020-03,"{""type"":""MultiPoint"",""coordinates"":[]}"
VHI_M_2020-03_000000000000000000de,0.44546978956820477,2.1299685976365597,223,3,Dry,2020,2020-03,"{""type"":""MultiPoint"",""coordinates"":[]}"
VHI_M_2020-03_000000000000000000df,26.54513107402888,3.1936054126052613,224,3,Dry,2020,2020-03,"{""type"":""MultiPoint"",""coordinates"":[]}"
VHI_M_2020-03_000000000000000000e0,3.7176142806316883,2.083919458882577,225,3,Dry,2020,2020-03,"{""type"":""MultiPoint"",""coordinates"":[]}"
VHI_M_2020-03_000000000000000000e1,8.069850452926497,2.892609583580735,226,3,Dry,2020,2020-03,"{""type"":""MultiPoint"",""coordinates"":[]}"
VHI_M_2020-03_000000000000000000ff,0.30779752482293476,1.2738551954942459,256,3,Dry,2020,2020-03,"{""type"":""MultiPoint"",""coordinates"":[]}"
VHI_M_2020-03_0000000000000000011c,0.3128399981328501,1.3009997273470866,285,3,Dry,2020,2020-03,"{""type"":""MultiPoint"",""coordinates"":[]}"
VHI_M_2020-03_0000000000000000011d,0.33467470494764967,1.4624776792707004,286,3,Dry,2020,2020-03,"{""type"":""MultiPoint"",""coordinates"":[]}"
VHI_M_2020-03_0000000000000000011e,0.3398860810159199,1.453963541357401,287,3,Dry,2020,2020-03,"{""type"":""MultiPoint"",""coordinates"":[]}"
VHI_M_2020-03_0000000000000000011f,0.40644412645005445,1.8966532917344536,288,3,Dry,2020,2020-03,"{""type"":""MultiPoint"",""coordinates"":[]}"
VHI_M_2020-03_000000000000000001c4,8.590650410693275,1.8198347578097969,453,3,Dry,2020,2020-03,"{""type"":""MultiPoint"",""coordinates"":[]}"
VHI_M_2020-03_000000000000000001c5,0.37371461036284126,1.7219461983879882,454,3,Dry,2020,2020-03,"{""type"":""MultiPoint"",""coordinates"":[]}"
VHI_M_2020-03_000000000000000001c6,0.4150501007637322,1.9534393884850774,455,3,Dry,2020,2020-03,"{""type"":""MultiPoint"",""coordinates"":[]}"
VHI_M_2020-03_00000000000000000003,0.7659442815948251,3.0833233473137613,4,3,Dry,2020,2020-03,"{""type"":""MultiPoint"",""coordinates"":[]}"
VHI_M_2020-03_0000000000000000001b,12.238666073803572,2.9572104018912526,28,3,Dry,2020,2020-03,"{""type"":""MultiPoint"",""coordinates"":[]}"
VHI_M_2020-03_00000000000000000186,64.34667419351739,3.723741774853281,391,3,Dry,2020,2020-03,"{""type"":""MultiPoint"",""coordinates"":[]}"
VHI_M_2020-03_00000000000000000187,0.5866420734907817,3.0706517661322144,392,3,Dry,2020,2020-03,"{""type"":""MultiPoint"",""coordinates"":[]}"
VHI_M_2020-03_00000000000000000188,2.855909959148185,3.2754802646735066,393,3,Dry,2020,2020-03,"{""type"":""MultiPoint"",""coordinates"":[]}"
VHI_M_2020-03_00000000000000000189,3.6333476206181268,3.2846880231443123,394,3,Dry,2020,2020-03,"{""type"":""MultiPoint"",""coordinates"":[]}"
VHI_M_2020-03_0000000000000000018a,0.54698916430755,2.857568325157672,395,3,Dry,2020,2020-03,"{""type"":""MultiPoint"",""coordinates"":[]}"
VHI_M_2020-03_0000000000000000018f,0.6411533555740748,3.568817891373802,400,3,Dry,2020,2020-03,"{""type"":""MultiPoint"",""coordinates"":[]}"
VHI_M_2020-03_00000000000000000190,0.5128203082515858,2.565096415167593,401,3,Dry,2020,2020-03,"{""type"":""MultiPoint"",""coordinates"":[]}"
VHI_M_2020-03_0000000000000000021e,0.6516203915928893,3.643719682113738,543,3,Dry,2020,2020-03,"{""type"":""MultiPoint"",""coordinates"":[]}"
VHI_M_2020-03_0000000000000000021f,0.6919306282976906,3.0090365143937596,544,3,Dry,2020,2020-03,"{""type"":""MultiPoint"",""coordinates"":[]}"
VHI_M_2020-03_00000000000000000220,0.5767520400547865,2.8864450747838406,545,3,Dry,2020,2020-03,"{""type"":""MultiPoint"",""coordinates"":[]}"
VHI_M_2020-03_00000000000000000007,0.6782040359524194,3.66883033875435,8,3,Dry,2020,2020-03,"{""type"":""MultiPoint"",""coordinates"":[]}"
VHI_M_2020-03_0000000000000000000b,0.6024720553354382,3.173035328046143,12,3,Dry,2020,2020-03,"{""type"":""MultiPoint"",""coordinates"":[]}"
VHI_M_2020-03_00000000000000000012,0.5404924809692273,2.7756587278117744,19,3,Dry,2020,2020-03,"{""type"":""MultiPoint"",""coordinates"":[]}"
VHI_M_2020-03_00000000000000000013,0.5330623038571565,2.727046861936263,20,3,Dry,2020,2020-03,"{""type"":""MultiPoint"",""coordinates"":[]}"
VHI_M_2020-03_00000000000000000014,0.540412248506086,2.7297873715504446,21,3,Dry,2020,2020-03,"{""type"":""MultiPoint"",""coordinates"":[]}"
VHI_M_2020-03_00000000000000000015,0.5206589553724007,2.667243258491799,22,3,Dry,2020,2020-03,"{""type"":""MultiPoint"",""coordinates"":[]}"
VHI_M_2020-03_00000000000000000016,0.5399329492064537,2.785072370447099,23,3,Dry,2020,2020-03,"{""type"":""MultiPoint"",""coordinates"":[]}"
VHI_M_2020-03_00000000000000000183,0.561730400298841,2.9214800041242883,388,3,Dry,2020,2020-03,"{""type"":""MultiPoint"",""coordinates"":[]}"
VHI_M_2020-03_00000000000000000184,0.5571810205589135,2.893347304899349,389,3,Dry,2020,2020-03,"{""type"":""MultiPoint"",""coordinates"":[]}"
VHI_M_2020-03_00000000000000000185,4.959714410497031,2.9375187897546815,390,3,Dry,2020,2020-03,"{""type"":""MultiPoint"",""coordinates"":[]}"
VHI_M_2020-03_00000000000000000212,0.5288977631989341,2.6610141587092526,531,3,Dry,2020,2020-03,"{""type"":""MultiPoint"",""coordinates"":[]}"
VHI_M_2020-03_00000000000000000213,0.5678727624181104,2.962537859452099,532,3,Dry,2020,2020-03,"{""type"":""MultiPoint"",""coordinates"":[]}"
VHI_M_2020-03_00000000000000000214,0.54455540227293,2.8018323383329706,533,3,Dry,2020,2020-03,"{""type"":""MultiPoint"",""coordinates"":[]}"
VHI_M_2020-03_00000000000000000215,0.5345442964323461,2.741781848799361,534,3,Dry,2020,2020-03,"{""type"":""MultiPoint"",""coordinates"":[]}"
VHI_M_2020-03_0000000000000000005a,74.93428666477,2.6531429019854036,91,3,Dry,2020,2020-03,"{""type"":""MultiPoint"",""coordinates"":[]}"
VHI_M_2020-03_00000000000000000118,53.02950894181088,3.085360893080435,281,3,Dry,2020,2020-03,"{""type"":""MultiPoint"",""coordinates"":[]}"
VHI_M_2020-03_00000000000000000119,8.267951901041485,2.0680051057930466,282,3,Dry,2020,2020-03,"{""type"":""MultiPoint"",""coordinates"":[]}"
VHI_M_2020-03_0000000000000000011a,3.748946691696179,2.5002664384740267,283,3,Dry,2020,2020-03,"{""type"":""MultiPoint"",""coordinates"":[]}"
VHI_M_2020-03_0000000000000000011b,0.5084334835947384,2.632580179932697,284,3,Dry,2020,2020-03,"{""type"":""MultiPoint"",""coordinates"":[]}"
VHI_M_2020-03_00000000000000000141,10.212952156027203,3.2737950912462965,322,3,Dry,2020,2020-03,"{""type"":""MultiPoint"",""coordinates"":[]}"
VHI_M_2020-03_00000000000000000142,54.32749530021511,3.8054022774712206,323,3,Dry,2020,2020-03,"{""type"":""MultiPoint"",""coordinates"":[]}"
VHI_M_2020-03_00000000000000000143,13.731891118543336,3.405397463434102,324,3,Dry,2020,2020-03,"{""type"":""MultiPoint"",""coordinates"":[]}"
VHI_M_2020-03_00000000000000000144,48.87785603151815,3.4835941295408483,325,3,Dry,2020,2020-03,"{""type"":""MultiPoint"",""coordinates"":[]}"
VHI_M_2020-03_00000000000000000145,35.150242307038866,3.701263145740337,326,3,Dry,2020,2020-03,"{""type"":""MultiPoint"",""coordinates"":[]}"
VHI_M_2020-03_000000000000000001af,85.787143240103,2.8301886792452824,432,3,Dry,2020,2020-03,"{""type"":""MultiPoint"",""coordinates"":[]}"
VHI_M_2020-03_0000000000000000004b,0.5455644634153513,2.881234631335559,76,3,Dry,2020,2020-03,"{""type"":""MultiPoint"",""coordinates"":[]}"
VHI_M_2020-03_0000000000000000004c,0.6476165199388902,3.5294950030954273,77,3,Dry,2020,2020-03,"{""type"":""MultiPoint"",""coordinates"":[]}"
VHI_M_2020-03_0000000000000000004d,0.5503031315697191,2.8246520439723324,78,3,Dry,2020,2020-03,"{""type"":""MultiPoint"",""coordinates"":[]}"
VHI_M_2020-03_0000000000000000004e,0.5544650616244682,2.842473466131504,79,3,Dry,2020,2020-03,"{""type"":""MultiPoint"",""coordinates"":[]}"
VHI_M_2020-03_0000000000000000004f,0.5857201827500766,3.0396205089044366,80,3,Dry,2020,2020-03,"{""type"":""MultiPoint"",""coordinates"":[]}"
VHI_M_2020-03_00000000000000000050,0.4817808219520234,2.4311806914546636,81,3,Dry,2020,2020-03,"{""type"":""MultiPoint"",""coordinates"":[]}"
VHI_M_2020-03_00000000000000000051,0.657122823124911,3.5531302470616466,82,3,Dry,2020,2020-03,"{""type"":""MultiPoint"",""coordinates"":[]}"
VHI_M_2020-03_00000000000000000052,0.5513240328386246,2.765316566749525,83,3,Dry,2020,2020-03,"{""type"":""MultiPoint"",""coordinates"":[]}"
VHI_M_2020-03_000000000000000000aa,0.4570822904598055,2.1349755512501147,171,3,Dry,2020,2020-03,"{""type"":""MultiPoint"",""coordinates"":[]}"
VHI_M_2020-03_000000000000000000ab,0.4819959810654489,2.3637808338321844,172,3,Dry,2020,2020-03,"{""type"":""MultiPoint"",""coordinates"":[]}"
VHI_M_2020-03_000000000000000000ac,0.47654516803234975,2.361704653448752,173,3,Dry,2020,2020-03,"{""type"":""MultiPoint"",""coordinates"":[]}"
VHI_M_2020-03_000000000000000000ad,0.4811683689722441,2.3846928983413855,174,3,Dry,2020,2020-03,"{""type"":""MultiPoint"",""coordinates"":[]}"
VHI_M_2020-03_000000000000000000ae,0.3816018432436114,1.735843870258384,175,3,Dry,2020,2020-03,"{""type"":""MultiPoint"",""coordinates"":[]}"
VHI_M_2020-03_000000000000000000af,0.4243773812839411,2.0415609137055837,176,3,Dry,2020,2020-03,"{""type"":""MultiPoint"",""coordinates"":[]}"
VHI_M_2020-03_000000000000000000b0,0.717986428974667,4.072747356793435,177,3,Dry,2020,2020-03,"{""type"":""MultiPoint"",""coordinates"":[]}"
VHI_M_2020-03_000000000000000001c7,0.5286076106287563,2.777365950086484,456,3,Dry,2020,2020-03,"{""type"":""MultiPoint"",""coordinates"":[]}"
VHI_M_2020-03_000000000000000001c8,0.5709448455863386,2.9757447286957657,457,3,Dry,2020,2020-03,"{""type"":""MultiPoint"",""coordinates"":[]}"
VHI_M_2020-03_000000000000000001c9,0.5520413461257314,2.847215418658469,458,3,Dry,2020,2020-03,"{""type"":""MultiPoint"",""coordinates"":[]}"
VHI_M_2020-03_000000000000000001ca,0.6664762045111344,3.650966782350024,459,3,Dry,2020,2020-03,"{""type"":""MultiPoint"",""coordinates"":[]}"
VHI_M_2020-03_0000000000000000020a,0.6814769392854253,3.672703439235573,523,3,Dry,2020,2020-03,"{""type"":""MultiPoint"",""coordinates"":[]}"
VHI_M_2020-03_0000000000000000020b,0.8697140353636363,2.437001588331146,524,3,Dry,2020,2020-03,"{""type"":""MultiPoint"",""coordinates"":[]}"
VHI_M_2020-03_0000000000000000020c,0.49342183296173053,2.472216958177749,525,3,Dry,2020,2020-03,"{""type"":""MultiPoint"",""coordinates"":[]}"
VHI_M_2020-03_000000000000000001ab,0.4445477623760559,2.145731235491359,428,3,Dry,2020,2020-03,"{""type"":""MultiPoint"",""coordinates"":[]}"
VHI_M_2020-03_000000000000000001ac,0.4124048901573031,1.8700062481669917,429,3,Dry,2020,2020-03,"{""type"":""MultiPoint"",""coordinates"":[]}"
VHI_M_2020-03_000000000000000001ad,8.028848463353993,2.592242761770293,430,3,Dry,2020,2020-03,"{""type"":""MultiPoint"",""coordinates"":[]}"
VHI_M_2020-03_000000000000000001ae,45.403420357549734,2.589039273316642,431,3,Dry,2020,2020-03,"{""type"":""MultiPoint"",""coordinates"":[]}"
VHI_M_2020-03_000000000000000001c3,39.08629521548194,3.298626514246716,452,3,Dry,2020,2020-03,"{""type"":""MultiPoint"",""coordinates"":[]}"
VHI_M_2020-03_00000000000000000037,0.4271700776709092,1.997870483957358,56,3,Dry,2020,2020-03,"{""type"":""MultiPoint"",""coordinates"":[]}"
VHI_M_2020-03_00000000000000000038,0.4479147378678696,2.17955429700049,57,3,Dry,2020,2020-03,"{""type"":""MultiPoint"",""coordinates"":[]}"
VHI_M_2020-03_00000000000000000039,0.4862454462945633,2.4100858465549018,58,3,Dry,2020,2020-03,"{""type"":""MultiPoint"",""coordinates"":[]}"
VHI_M_2020-03_0000000000000000003a,0.488130615307561,2.3965780214137915,59,3,Dry,2020,2020-03,"{""type"":""MultiPoint"",""coordinates"":[]}"
VHI_M_2020-03_0000000000000000003b,0.42969259473049426,2.0525755843187654,60,3,Dry,2020,2020-03,"{""type"":""MultiPoint"",""coordinates"":[]}"
VHI_M_2020-03_0000000000000000003c,0.43259075632090205,2.0743467412464693,61,3,Dry,2020,2020-03,"{""type"":""MultiPoint"",""coordinates"":[]}"
VHI_M_2020-03_0000000000000000003d,0.4502689355637081,2.201631176226347,62,3,Dry,2020,2020-03,"{""type"":""MultiPoint"",""coordinates"":[]}"
VHI_M_2020-03_0000000000000000003e,10.335835349888315,2.0314357359728565,63,3,Dry,2020,2020-03,"{""type"":""MultiPoint"",""coordinates"":[]}"
VHI_M_2020-03_0000000000000000003f,0.3971332601260235,1.8579981224648845,64,3,Dry,2020,2020-03,"{""type"":""MultiPoint"",""coordinates"":[]}"
VHI_M_2020-03_00000000000000000044,0.406823707218275,1.8689861827867489,69,3,Dry,2020,2020-03,"{""type"":""MultiPoint"",""coordinates"":[]}"
VHI_M_2020-03_00000000000000000076,0.48139639611664764,2.379216162401049,119,3,Dry,2020,2020-03,"{""type"":""MultiPoint"",""coordinates"":[]}"
VHI_M_2020-03_00000000000000000077,5.728007293936029,1.9962332962138094,120,3,Dry,2020,2020-03,"{""type"":""MultiPoint"",""coordinates"":[]}"
VHI_M_2020-03_00000000000000000078,0.41058983982487846,1.9207750333807025,121,3,Dry,2020,2020-03,"{""type"":""MultiPoint"",""coordinates"":[]}"
VHI_M_2020-03_00000000000000000079,0.49757740362870156,2.527698638809749,122,3,Dry,2020,2020-03,"{""type"":""MultiPoint"",""coordinates"":[]}"
VHI_M_2020-03_0000000000000000008b,0.41076212807767104,2.2237413394919163,140,3,Dry,2020,2020-03,"{""type"":""MultiPoint"",""coordinates"":[]}"
VHI_M_2020-03_0000000000000000008c,1.5985744038424532,3.002480913812939,141,3,Dry,2020,2020-03,"{""type"":""MultiPoint"",""coordinates"":[]}"
VHI_M_2020-03_0000000000000000008d,9.907065244352468,2.748370615851974,142,3,Dry,2020,2020-03,"{""type"":""MultiPoint"",""coordinates"":[]}"
VHI_M_2020-03_0000000000000000008e,0.6572608062457189,3.5691668347790997,143,3,Dry,2020,2020-03,"{""type"":""MultiPoint"",""coordinates"":[]}"
VHI_M_2020-03_0000000000000000008f,0.6068632789899718,3.1921904315196983,144,3,Dry,2020,2020-03,"{""type"":""MultiPoint"",""coordinates"":[]}"
VHI_M_2020-03_00000000000000000090,0.6002689240494578,3.172341031061958,145,3,Dry,2020,2020-03,"{""type"":""MultiPoint"",""coordinates"":[]}"
VHI_M_2020-03_00000000000000000091,0.6189399263231351,3.2967001188019744,146,3,Dry,2020,2020-03,"{""type"":""MultiPoint"",""coordinates"":[]}"
VHI_M_2020-03_000000000000000000b5,36.13830404700404,3.107080090384132,182,3,Dry,2020,2020-03,"{""type"":""MultiPoint"",""coordinates"":[]}"
VHI_M_2020-03_000000000000000000cc,8.806889402188832,2.1511549068653064,205,3,Dry,2020,2020-03,"{""type"":""MultiPoint"",""coordinates"":[]}"
VHI_M_2020-03_000000000000000000cd,0.8705279681167991,3.1061762664816075,206,3,Dry,2020,2020-03,"{""type"":""MultiPoint"",""coordinates"":[]}"
VHI_M_2020-03_000000000000000001dd,0.5959377477853888,3.0979487994911747,478,3,Dry,2020,2020-03,"{""type"":""MultiPoint"",""coordinates"":[]}"
VHI_M_2020-03_000000000000000001de,0.5943581913200903,3.093055692528776,479,3,Dry,2020,2020-03,"{""type"":""MultiPoint"",""coordinates"":[]}"
VHI_M_2020-03_000000000000000001df,0.609503630695456,3.231715231898288,480,3,Dry,2020,2020-03,"{""type"":""MultiPoint"",""coordinates"":[]}"
VHI_M_2020-03_000000000000000001e0,0.702633252811951,3.873836475134029,481,3,Dry,2020,2020-03,"{""type"":""MultiPoint"",""coordinates"":[]}"
VHI_M_2020-03_000000000000000001e1,0.6693882206805983,3.5660320109231582,482,3,Dry,2020,2020-03,"{""type"":""MultiPoint"",""coordinates"":[]}"
VHI_M_2020-03_0000000000000000007a,0.4930845042234118,2.5129117055821864,123,3,Dry,2020,2020-03,"{""type"":""MultiPoint"",""coordinates"":[]}"
VHI_M_2020-03_0000000000000000007b,0.5208252152218857,2.6606411423370124,124,3,Dry,2020,2020-03,"{""type"":""MultiPoint"",""coordinates"":[]}"
VHI_M_2020-03_0000000000000000007c,0.5096482383656706,2.6000802011336295,125,3,Dry,2020,2020-03,"{""type"":""MultiPoint"",""coordinates"":[]}"
VHI_M_2020-03_0000000000000000007d,0.4674104725679116,2.3132103853228587,126,3,Dry,2020,2020-03,"{""type"":""MultiPoint"",""coordinates"":[]}"
VHI_M_2020-03_0000000000000000007e,19.359158510312053,2.50472081285872,127,3,Dry,2020,2020-03,"{""type"":""MultiPoint"",""coordinates"":[]}"
VHI_M_2020-03_0000000000000000007f,13.895840026464883,2.6782900722947387,128,3,Dry,2020,2020-03,"{""type"":""MultiPoint"",""coordinates"":[]}"
VHI_M_2020-03_00000000000000000080,0.4720564150059115,2.3415429639293404,129,3,Dry,2020,2020-03,"{""type"":""MultiPoint"",""coordinates"":[]}"
VHI_M_2020-03_00000000000000000088,4.500801371552637,2.398797400834061,137,3,Dry,2020,2020-03,"{""type"":""MultiPoint"",""coordinates"":[]}"
VHI_M_2020-03_00000000000000000089,0.41644967540075456,1.966760200746261,138,3,Dry,2020,2020-03,"{""type"":""MultiPoint"",""coordinates"":[]}"
VHI_M_2020-03_0000000000000000008a,0.4767100275763254,2.3790678324914563,139,3,Dry,2020,2020-03,"{""type"":""MultiPoint"",""coordinates"":[]}"
VHI_M_2020-03_00000000000000000099,0.6105857705992199,3.243176573326894,154,3,Dry,2020,2020-03,"{""type"":""MultiPoint"",""coordinates"":[]}"
VHI_M_2020-03_0000000000000000009a,2.7706094292666292,2.5665743330831656,155,3,Dry,2020,2020-03,"{""type"":""MultiPoint"",""coordinates"":[]}"
VHI_M_2020-03_00000000000000000112,0.6003377985093625,3.252433298980878,275,3,Dry,2020,2020-03,"{""type"":""MultiPoint"",""coordinates"":[]}"
VHI_M_2020-03_000000000000000001d8,0.5884897471121265,3.1373844121532373,473,3,Dry,2020,2020-03,"{""type"":""MultiPoint"",""coordinates"":[]}"
VHI_M_2020-03_00000000000000000001,0.7162175657191583,3.8457706093189965,2,3,Dry,2020,2020-03,"{""type"":""MultiPoint"",""coordinates"":[]}"
VHI_M_2020-03_00000000000000000030,0.5184543695852744,2.6388561053109427,49,3,Dry,2020,2020-03,"{""type"":""MultiPoint"",""coordinates"":[]}"
VHI_M_2020-03_00000000000000000031,0.5044275359587673,2.5538045671293323,50,3,Dry,2020,2020-03,"{""type"":""MultiPoint"",""coordinates"":[]}"
VHI_M_2020-03_00000000000000000032,0.5477113377405535,2.724286702755505,51,3,Dry,2020,2020-03,"{""type"":""MultiPoint"",""coordinates"":[]}"
VHI_M_2020-03_000000000000000000d7,0.5694947147155479,2.921677775757308,216,3,Dry,2020,2020-03,"{""type"":""MultiPoint"",""coordinates"":[]}"
VHI_M_2020-03_000000000000000000d8,0.578614426942945,2.9840033781569555,217,3,Dry,2020,2020-03,"{""type"":""MultiPoint"",""coordinates"":[]}"
VHI_M_2020-03_000000000000000000d9,0.5732802031115286,2.995986927145882,218,3,Dry,2020,2020-03,"{""type"":""MultiPoint"",""coordinates"":[]}"
VHI_M_2020-03_000000000000000000da,0.5616614131213451,2.9453387400671756,219,3,Dry,2020,2020-03,"{""type"":""MultiPoint"",""coordinates"":[]}"
VHI_M_2020-03_00000000000000000132,0.618373738098163,3.275062650731214,307,3,Dry,2020,2020-03,"{""type"":""MultiPoint"",""coordinates"":[]}"
VHI_M_2020-03_00000000000000000133,81.70133501123344,3.4110184021030987,308,3,Dry,2020,2020-03,"{""type"":""MultiPoint"",""coordinates"":[]}"
VHI_M_2020-03_00000000000000000134,0.6610919333244163,3.561684900094678,309,3,Dry,2020,2020-03,"{""type"":""MultiPoint"",""coordinates"":[]}"
VHI_M_2020-03_00000000000000000135,24.730651725854685,3.753791507520812,310,3,Dry,2020,2020-03,"{""type"":""MultiPoint"",""coordinates"":[]}"
VHI_M_2020-03_0000000000000000001f,0.5115369037206752,2.6221786424269657,32,3,Dry,2020,2020-03,"{""type"":""MultiPoint"",""coordinates"":[]}"
VHI_M_2020-03_00000000000000000020,0.5008915039032126,2.5135838118835228,33,3,Dry,2020,2020-03,"{""type"":""MultiPoint"",""coordinates"":[]}"
VHI_M_2020-03_00000000000000000021,0.46036881676408836,2.2397153445866342,34,3,Dry,2020,2020-03,"{""type"":""MultiPoint"",""coordinates"":[]}"
VHI_M_2020-03_00000000000000000045,0.45786159602225873,2.2430230262338196,70,3,Dry,2020,2020-03,"{""type"":""MultiPoint"",""coordinates"":[]}"
VHI_M_2020-03_00000000000000000046,0.5465422800208473,2.8177326918575227,71,3,Dry,2020,2020-03,"{""type"":""MultiPoint"",""coordinates"":[]}"
VHI_M_2020-03_00000000000000000047,0.5224898356542983,2.6604720562556996,72,3,Dry,2020,2020-03,"{""type"":""MultiPoint"",""coordinates"":[]}"
VHI_M_2020-03_00000000000000000048,0.5088605295867171,2.566214274973525,73,3,Dry,2020,2020-03,"{""type"":""MultiPoint"",""coordinates"":[]}"
VHI_M_2020-03_00000000000000000072,0.49852881543400174,2.5474107691488914,115,3,Dry,2020,2020-03,"{""type"":""MultiPoint"",""coordinates"":[]}"
VHI_M_2020-03_00000000000000000073,0.6141845555670599,3.2622019708367893,116,3,Dry,2020,2020-03,"{""type"":""MultiPoint"",""coordinates"":[]}"
VHI_M_2020-03_00000000000000000074,0.574998246680735,2.9890122228176277,117,3,Dry,2020,2020-03,"{""type"":""MultiPoint"",""coordinates"":[]}"
VHI_M_2020-03_00000000000000000075,0.5256870750838837,2.6937467727055666,118,3,Dry,2020,2020-03,"{""type"":""MultiPoint"",""coordinates"":[]}"
VHI_M_2020-03_000000000000000000b4,0.46692974663171877,2.290687825970668,181,3,Dry,2020,2020-03,"{""type"":""MultiPoint"",""coordinates"":[]}"
VHI_M_2020-03_000000000000000000e8,0.4857803454096323,2.2616456987419244,233,3,Dry,2020,2020-03,"{""type"":""MultiPoint"",""coordinates"":[]}"
VHI_M_2020-03_000000000000000000e9,0.5249741608285232,2.691595970811579,234,3,Dry,2020,2020-03,"{""type"":""MultiPoint"",""coordinates"":[]}"
VHI_M_2020-03_000000000000000000ea,0.5444192148344211,2.7995873019226356,235,3,Dry,2020,2020-03,"{""type"":""MultiPoint"",""coordinates"":[]}"
VHI_M_2020-03_00000000000000000022,0.5907402352490341,3.103818578773154,35,3,Dry,2020,2020-03,"{""type"":""MultiPoint"",""coordinates"":[]}"
VHI_M_2020-03_00000000000000000023,0.5238481564378591,2.6849065474168676,36,3,Dry,2020,2020-03,"{""type"":""MultiPoint"",""coordinates"":[]}"
VHI_M_2020-03_00000000000000000024,0.5754502394517282,2.9758156013021204,37,3,Dry,2020,2020-03,"{""type"":""MultiPoint"",""coordinates"":[]}"
VHI_M_2020-03_00000000000000000025,0.6006104536663017,3.1509900801075226,38,3,Dry,2020,2020-03,"{""type"":""MultiPoint"",""coordinates"":[]}"
VHI_M_2020-03_000000000000000000f0,0.5784720745051518,3.0879025239338556,241,3,Dry,2020,2020-03,"{""type"":""MultiPoint"",""coordinates"":[]}"
VHI_M_2020-03_000000000000000000f4,0.5286255926947039,2.716666785047129,245,3,Dry,2020,2020-03,"{""type"":""MultiPoint"",""coordinates"":[]}"
VHI_M_2020-03_000000000000000000f5,0.553842553561883,2.861250942413897,246,3,Dry,2020,2020-03,"{""type"":""MultiPoint"",""coordinates"":[]}"
VHI_M_2020-03_000000000000000000f6,0.5432814436115446,2.7925344319521783,247,3,Dry,2020,2020-03,"{""type"":""MultiPoint"",""coordinates"":[]}"
VHI_M_2020-03_000000000000000000f7,0.5894550387361519,3.1122093873373284,248,3,Dry,2020,2020-03,"{""type"":""MultiPoint"",""coordinates"":[]}"
VHI_M_2020-03_000000000000000000f8,0.5470856655361191,2.8589073320428176,249,3,Dry,2020,2020-03,"{""type"":""MultiPoint"",""coordinates"":[]}"
VHI_M_2020-03_00000000000000000000,0.544794407471848,2.7761780621716645,1,3,Dry,2020,2020-03,"{""type"":""MultiPoint"",""coordinates"":[]}"
VHI_M_2020-03_000000000000000000f2,0.567536883793876,2.95680385993128,243,3,Dry,2020,2020-03,"{""type"":""MultiPoint"",""coordinates"":[]}"
VHI_M_2020-03_000000000000000000f3,0.5236655028587194,2.684567403736146,244,3,Dry,2020,2020-03,"{""type"":""MultiPoint"",""coordinates"":[]}"
VHI_M_2020-03_00000000000000000106,0.536830506259555,2.7600418191322538,263,3,Dry,2020,2020-03,"{""type"":""MultiPoint"",""coordinates"":[]}"
VHI_M_2020-03_00000000000000000107,0.5359100581482052,2.7488589198610645,264,3,Dry,2020,2020-03,"{""type"":""MultiPoint"",""coordinates"":[]}"
VHI_M_2020-03_00000000000000000108,0.5834984098498903,3.0943101951050296,265,3,Dry,2020,2020-03,"{""type"":""MultiPoint"",""coordinates"":[]}"
VHI_M_2020-03_0000000000000000012c,0.5625011010431322,2.923044190048009,301,3,Dry,2020,2020-03,"{""type"":""MultiPoint"",""coordinates"":[]}"
VHI_M_2020-03_0000000000000000012d,0.5415110343508399,2.7829092305783876,302,3,Dry,2020,2020-03,"{""type"":""MultiPoint"",""coordinates"":[]}"
VHI_M_2020-03_0000000000000000012e,0.47210855292113313,2.3362180727735944,303,3,Dry,2020,2020-03,"{""type"":""MultiPoint"",""coordinates"":[]}"
VHI_M_2020-03_000000000000000000a5,0.27338785587101444,1.1788758731864588,166,3,Dry,2020,2020-03,"{""type"":""MultiPoint"",""coordinates"":[]}"
VHI_M_2020-03_000000000000000000a6,0.29689850587917943,1.2443592868363396,167,3,Dry,2020,2020-03,"{""type"":""MultiPoint"",""coordinates"":[]}"
VHI_M_2020-03_000000000000000000c1,45.77085589869411,2.3698318540653855,194,3,Dry,2020,2020-03,"{""type"":""MultiPoint"",""coordinates"":[]}"
VHI_M_2020-03_00000000000000000120,2.661295348951736,2.160855069621494,289,3,Dry,2020,2020-03,"{""type"":""MultiPoint"",""coordinates"":[]}"
VHI_M_2020-03_000000000000000001d9,5.381743239219404,1.4397170140607334,474,3,Dry,2020,2020-03,"{""type"":""MultiPoint"",""coordinates"":[]}"
VHI_M_2020-03_000000000000000001da,0.3530307098580976,1.5996755415593085,475,3,Dry,2020,2020-03,"{""type"":""MultiPoint"",""coordinates"":[]}"
VHI_M_2020-03_000000000000000001db,0.2861051284921191,1.1972623825667705,476,3,Dry,2020,2020-03,"{""type"":""MultiPoint"",""coordinates"":[]}"
VHI_M_2020-03_000000000000000001dc,0.3379949401013147,1.5371156280247191,477,3,Dry,2020,2020-03,"{""type"":""MultiPoint"",""coordinates"":[]}"
VHI_M_2020-03_000000000000000001e2,54.56364352988239,2.7423409269442267,483,3,Dry,2020,2020-03,"{""type"":""MultiPoint"",""coordinates"":[]}"
VHI_M_2020-03_000000000000000001e3,4.446474234516991,1.9527964966306057,484,3,Dry,2020,2020-03,"{""type"":""MultiPoint"",""coordinates"":[]}"
VHI_M_2020-03_000000000000000001e4,80.46151398825683,2.8071859572133837,485,3,Dry,2020,2020-03,"{""type"":""MultiPoint"",""coordinates"":[]}"
VHI_M_2020-03_000000000000000001e5,26.55256953074912,2.3918343195266276,486,3,Dry,2020,2020-03,"{""type"":""MultiPoint"",""coordinates"":[]}"
VHI_M_2020-03_000000000000000001e6,1.0375849822725347,2.167228842658049,487,3,Dry,2020,2020-03,"{""type"":""MultiPoint"",""coordinates"":[]}"
VHI_M_2020-03_000000000000000001e7,15.89816947526967,1.9555233298508776,488,3,Dry,2020,2020-03,"{""type"":""MultiPoint"",""coordinates"":[]}"
VHI_M_2020-03_000000000000000001e8,0.3977079299269083,1.7786032689450217,489,3,Dry,2020,2020-03,"{""type"":""MultiPoint"",""coordinates"":[]}"
VHI_M_2020-03_000000000000000001e9,58.64746222519203,2.932854009261516,490,3,Dry,2020,2020-03,"{""type"":""MultiPoint"",""coordinates"":[]}"
VHI_M_2020-03_000000000000000000e2,0.30231409869361425,1.351776503380001,227,3,Dry,2020,2020-03,"{""type"":""MultiPoint"",""coordinates"":[]}"
VHI_M_2020-03_000000000000000000e3,0.363770481571119,1.6372719089142422,228,3,Dry,2020,2020-03,"{""type"":""MultiPoint"",""coordinates"":[]}"
VHI_M_2020-03_000000000000000000e4,25.22713346408187,2.512371228844738,229,3,Dry,2020,2020-03,"{""type"":""MultiPoint"",""coordinates"":[]}"
VHI_M_2020-03_000000000000000000e5,1.1451949863095163,2.3979629753136993,230,3,Dry,2020,2020-03,"{""type"":""MultiPoint"",""coordinates"":[]}"
VHI_M_2020-03_000000000000000000e6,0.41895148892886214,1.660236822001528,231,3,Dry,2020,2020-03,"{""type"":""MultiPoint"",""coordinates"":[]}"
VHI_M_2020-03_000000000000000000e7,0.26947252828158097,1.0711610486891385,232,3,Dry,2020,2020-03,"{""type"":""MultiPoint"",""coordinates"":[]}"
VHI_M_2020-03_0000000000000000017f,0.37538530793304736,1.7094952735966276,384,3,Dry,2020,2020-03,"{""type"":""MultiPoint"",""coordinates"":[]}"
VHI_M_2020-03_00000000000000000180,0.39761295830342697,1.82952838936804,385,3,Dry,2020,2020-03,"{""type"":""MultiPoint"",""coordinates"":[]}"
VHI_M_2020-03_00000000000000000203,0.26569939933308595,1.1510071125455739,516,3,Dry,2020,2020-03,"{""type"":""MultiPoint"",""coordinates"":[]}"
VHI_M_2020-03_00000000000000000204,0.28055528462642515,1.206494757721734,517,3,Dry,2020,2020-03,"{""type"":""MultiPoint"",""coordinates"":[]}"
VHI_M_2020-03_00000000000000000205,0.279952770586048,1.169159873289439,518,3,Dry,2020,2020-03,"{""type"":""MultiPoint"",""coordinates"":[]}"
VHI_M_2020-03_00000000000000000206,0.2358559380843744,1.0581708338317983,519,3,Dry,2020,2020-03,"{""type"":""MultiPoint"",""coordinates"":[]}"
VHI_M_2020-03_00000000000000000207,0.3348340643115804,1.3974358974358974,520,3,Dry,2020,2020-03,"{""type"":""MultiPoint"",""coordinates"":[]}"
VHI_M_2020-03_00000000000000000208,0.30238331258429435,1.3449399911097932,521,3,Dry,2020,2020-03,"{""type"":""MultiPoint"",""coordinates"":[]}"
VHI_M_2020-03_00000000000000000209,0.3579157010714985,1.679144039306957,522,3,Dry,2020,2020-03,"{""type"":""MultiPoint"",""coordinates"":[]}"
VHI_M_2020-03_0000000000000000000e,0.2818626623694151,1.1894617438337782,15,3,Dry,2020,2020-03,"{""type"":""MultiPoint"",""coordinates"":[]}"
VHI_M_2020-03_00000000000000000124,0.4442110510970427,2.1736814530213064,293,3,Dry,2020,2020-03,"{""type"":""MultiPoint"",""coordinates"":[]}"
VHI_M_2020-03_00000000000000000125,13.437116599404147,2.059837666593141,294,3,Dry,2020,2020-03,"{""type"":""MultiPoint"",""coordinates"":[]}"
VHI_M_2020-03_00000000000000000126,0.2550666915062405,1.1165183326833417,295,3,Dry,2020,2020-03,"{""type"":""MultiPoint"",""coordinates"":[]}"
VHI_M_2020-03_00000000000000000127,0.3069157325301841,1.37168691377366,296,3,Dry,2020,2020-03,"{""type"":""MultiPoint"",""coordinates"":[]}"
VHI_M_2020-03_00000000000000000128,0.28072367252468655,1.299364938709201,297,3,Dry,2020,2020-03,"{""type"":""MultiPoint"",""coordinates"":[]}"
VHI_M_2020-03_00000000000000000129,0.28364290364808425,1.1942407334443323,298,3,Dry,2020,2020-03,"{""type"":""MultiPoint"",""coordinates"":[]}"
VHI_M_2020-03_0000000000000000012a,0.305144742358381,1.2659893886606355,299,3,Dry,2020,2020-03,"{""type"":""MultiPoint"",""coordinates"":[]}"
VHI_M_2020-03_0000000000000000012b,0.32565852715130966,1.3990224072012778,300,3,Dry,2020,2020-03,"{""type"":""MultiPoint"",""coordinates"":[]}"
VHI_M_2020-03_00000000000000000174,0.36976751090710713,1.5863773458445052,373,3,Dry,2020,2020-03,"{""type"":""MultiPoint"",""coordinates"":[]}"
VHI_M_2020-03_00000000000000000175,0.31899929571278834,1.3173136898730908,374,3,Dry,2020,2020-03,"{""type"":""MultiPoint"",""coordinates"":[]}"
VHI_M_2020-03_00000000000000000176,0.31782814997576797,1.3561375248136938,375,3,Dry,2020,2020-03,"{""type"":""MultiPoint"",""coordinates"":[]}"
VHI_M_2020-03_00000000000000000177,0.3465641403810928,1.5072568497333385,376,3,Dry,2020,2020-03,"{""type"":""MultiPoint"",""coordinates"":[]}"
VHI_M_2020-03_00000000000000000195,0.3054095684817607,1.2431791114800252,406,3,Dry,2020,2020-03,"{""type"":""MultiPoint"",""coordinates"":[]}"
VHI_M_2020-03_00000000000000000196,0.30187474009407,1.3430748316864671,407,3,Dry,2020,2020-03,"{""type"":""MultiPoint"",""coordinates"":[]}"
VHI_M_2020-03_00000000000000000197,3.156606692521652,1.8623946205626438,408,3,Dry,2020,2020-03,"{""type"":""MultiPoint"",""coordinates"":[]}"
VHI_M_2020-03_00000000000000000198,0.23156790913489234,1.041941182583394,409,3,Dry,2020,2020-03,"{""type"":""MultiPoint"",""coordinates"":[]}"
VHI_M_2020-03_00000000000000000199,0.2496598291829463,1.064346936934227,410,3,Dry,2020,2020-03,"{""type"":""MultiPoint"",""coordinates"":[]}"
VHI_M_2020-03_00000000000000000035,0.5413655599083332,2.651390728476822,54,3,Dry,2020,2020-03,"{""type"":""MultiPoint"",""coordinates"":[]}"
VHI_M_2020-03_000000000000000000ce,0.2984519255646338,1.3812494163464506,207,3,Dry,2020,2020-03,"{""type"":""MultiPoint"",""coordinates"":[]}"
VHI_M_2020-03_000000000000000000cf,0.3900950866240142,1.754192320155542,208,3,Dry,2020,2020-03,"{""type"":""MultiPoint"",""coordinates"":[]}"
VHI_M_2020-03_000000000000000000d0,3.1638375451914316,1.8525986856829826,209,3,Dry,2020,2020-03,"{""type"":""MultiPoint"",""coordinates"":[]}"
VHI_M_2020-03_000000000000000000d1,27.175865796430614,2.77775479000113,210,3,Dry,2020,2020-03,"{""type"":""MultiPoint"",""coordinates"":[]}"
VHI_M_2020-03_000000000000000001ea,0.30475566821550026,1.4504726835293096,491,3,Dry,2020,2020-03,"{""type"":""MultiPoint"",""coordinates"":[]}"
VHI_M_2020-03_000000000000000001eb,0.366857195496941,1.6744263643120323,492,3,Dry,2020,2020-03,"{""type"":""MultiPoint"",""coordinates"":[]}"
VHI_M_2020-03_000000000000000001ec,0.40169964889163656,1.85552435840599,493,3,Dry,2020,2020-03,"{""type"":""MultiPoint"",""coordinates"":[]}"
VHI_M_2020-03_000000000000000001ed,0.3312516194184395,1.5217019126871645,494,3,Dry,2020,2020-03,"{""type"":""MultiPoint"",""coordinates"":[]}"
VHI_M_2020-03_000000000000000001f4,8.95175904832834,2.7592872492468414,501,3,Dry,2020,2020-03,"{""type"":""MultiPoint"",""coordinates"":[]}"
VHI_M_2020-03_000000000000000001f5,0.312991678650628,1.4300151881322418,502,3,Dry,2020,2020-03,"{""type"":""MultiPoint"",""coordinates"":[]}"
VHI_M_2020-03_000000000000000001f6,0.3949073690436264,1.7941989999848018,503,3,Dry,2020,2020-03,"{""type"":""MultiPoint"",""coordinates"":[]}"
VHI_M_2020-03_000000000000000001f7,50.19599081738778,2.7933837752546284,504,3,Dry,2020,2020-03,"{""type"":""MultiPoint"",""coordinates"":[]}"
VHI_M_2020-03_000000000000000001f8,0.4752554013428095,2.3863732919684257,505,3,Dry,2020,2020-03,"{""type"":""MultiPoint"",""coordinates"":[]}"
VHI_M_2020-03_000000000000000001f9,0.5082503941882415,2.5249334634072422,506,3,Dry,2020,2020-03,"{""type"":""MultiPoint"",""coordinates"":[]}"
VHI_M_2020-03_000000000000000001fa,25.89793797957102,2.5773540319469794,507,3,Dry,2020,2020-03,"{""type"":""MultiPoint"",""coordinates"":[]}"
VHI_M_2020-03_000000000000000001fb,7.881914373410001,2.5924973847598447,508,3,Dry,2020,2020-03,"{""type"":""MultiPoint"",""coordinates"":[]}"
VHI_M_2020-03_000000000000000001fc,0.44376054010682303,2.1228408341446565,509,3,Dry,2020,2020-03,"{""type"":""MultiPoint"",""coordinates"":[]}"
VHI_M_2020-03_000000000000000001fd,0.3455973152861573,1.5714704094191632,510,3,Dry,2020,2020-03,"{""type"":""MultiPoint"",""coordinates"":[]}"
VHI_M_2020-03_00000000000000000049,0.40085703815845697,1.8945806653131338,74,3,Dry,2020,2020-03,"{""type"":""MultiPoint"",""coordinates"":[]}"
VHI_M_2020-03_0000000000000000004a,37.3005043680091,2.8855818767478194,75,3,Dry,2020,2020-03,"{""type"":""MultiPoint"",""coordinates"":[]}"
VHI_M_2020-03_000000000000000000fd,71.34254015585249,3.2702700474129034,254,3,Dry,2020,2020-03,"{""type"":""MultiPoint"",""coordinates"":[]}"
VHI_M_2020-03_000000000000000000fe,5.918453732065707,2.6963901086974675,255,3,Dry,2020,2020-03,"{""type"":""MultiPoint"",""coordinates"":[]}"
VHI_M_2020-03_00000000000000000191,0.46905139204118695,2.3385360602798713,402,3,Dry,2020,2020-03,"{""type"":""MultiPoint"",""coordinates"":[]}"
VHI_M_2020-03_0000000000000000016e,18.85959123509404,2.4836527949857876,367,3,Dry,2020,2020-03,"{""type"":""MultiPoint"",""coordinates"":[]}"
VHI_M_2020-03_0000000000000000016f,0.5271587938810751,2.6964678648614187,368,3,Dry,2020,2020-03,"{""type"":""MultiPoint"",""coordinates"":[]}"
VHI_M_2020-03_00000000000000000170,0.49004574391725525,2.451008662423369,369,3,Dry,2020,2020-03,"{""type"":""MultiPoint"",""coordinates"":[]}"
VHI_M_2020-03_00000000000000000181,35.85044408013391,2.925129967483792,386,3,Dry,2020,2020-03,"{""type"":""MultiPoint"",""coordinates"":[]}"
VHI_M_2020-03_00000000000000000182,0.48952441168305233,2.4248139719423283,387,3,Dry,2020,2020-03,"{""type"":""MultiPoint"",""coordinates"":[]}"
VHI_M_2020-03_00000000000000000228,0.6134527733628599,3.305613859736798,553,3,Dry,2020,2020-03,"{""type"":""MultiPoint"",""coordinates"":[]}"
VHI_M_2020-04_00000000000000000017,46.542260549858746,2.710520677094493,24,4,Dry,2020,2020-04,"{""type"":""MultiPoint"",""coordinates"":[]}"
VHI_M_2020-04_00000000000000000018,232.38721224494765,4.734530506274339,25,4,Dry,2020,2020-04,"{""type"":""MultiPoint"",""coordinates"":[]}"
VHI_M_2020-04_00000000000000000019,30.10940469780918,2.489872760321995,26,4,Dry,2020,2020-04,"{""type"":""MultiPoint"",""coordinates"":[]}"
VHI_M_2020-04_0000000000000000001a,13.668466831630658,2.4211602699570522,27,4,Dry,2020,2020-04,"{""type"":""MultiPoint"",""coordinates"":[]}"
VHI_M_2020-04_0000000000000000005b,160.35054113207147,4.63018473335657,92,4,Dry,2020,2020-04,"{""type"":""MultiPoint"",""coordinates"":[]}"
VHI_M_2020-04_0000000000000000005c,60.28411146238587,2.864318591154693,93,4,Dry,2020,2020-04,"{""type"":""MultiPoint"",""coordinates"":[]}"
VHI_M_2020-04_0000000000000000005d,254.0,5.0,94,4,Dry,2020,2020-04,"{""type"":""MultiPoint"",""coordinates"":[]}"
VHI_M_2020-04_0000000000000000005e,35.3981833975031,3.342066238260009,95,4,Dry,2020,2020-04,"{""type"":""MultiPoint"",""coordinates"":[]}"
VHI_M_2020-04_0000000000000000005f,81.8907494263224,4.216372021521907,96,4,Dry,2020,2020-04,"{""type"":""MultiPoint"",""coordinates"":[]}"
VHI_M_2020-04_000000000000000000b6,0.5718836102058477,2.9349157733537528,183,4,Dry,2020,2020-04,"{""type"":""MultiPoint"",""coordinates"":[]}"
VHI_M_2020-04_000000000000000000b7,0.6642567884839088,3.6736242884250476,184,4,Dry,2020,2020-04,"{""type"":""MultiPoint"",""coordinates"":[]}"
VHI_M_2020-04_000000000000000000b8,0.4966635619563684,2.198884758364312,185,4,Dry,2020,2020-04,"{""type"":""MultiPoint"",""coordinates"":[]}"
VHI_M_2020-04_000000000000000000b9,39.485102093965104,3.8842105263157887,186,4,Dry,2020,2020-04,"{""type"":""MultiPoint"",""coordinates"":[]}"
VHI_M_2020-04_000000000000000000ba,0.6548026616096495,3.6959999999999997,187,4,Dry,2020,2020-04,"{""type"":""MultiPoint"",""coordinates"":[]}"
VHI_M_2020-04_000000000000000000bb,0.4916089141427881,2.2257425742574255,188,4,Dry,2020,2020-04,"{""type"":""MultiPoint"",""coordinates"":[]}"
VHI_M_2020-04_000000000000000001a0,34.243084757464885,3.9898068669527897,417,4,Dry,2020,2020-04,"{""type"":""MultiPoint"",""coordinates"":[]}"
VHI_M_2020-04_000000000000000001a1,0.5959262402731291,3.3308191280736157,418,4,Dry,2020,2020-04,"{""type"":""MultiPoint"",""coordinates"":[]}"
VHI_M_2020-04_000000000000000001a2,19.665357793878098,3.2232958997127183,419,4,Dry,2020,2020-04,"{""type"":""MultiPoint"",""coordinates"":[]}"
VHI_M_2020-04_000000000000000001a3,0.5434023103980385,2.664203369790127,420,4,Dry,2020,2020-04,"{""type"":""MultiPoint"",""coordinates"":[]}"
VHI_M_2020-04_000000000000000001cb,41.37737147839049,2.7150912106135996,460,4,Dry,2020,2020-04,"{""type"":""MultiPoint"",""coordinates"":[]}"
VHI_M_2020-04_000000000000000001cc,79.83136239596925,2.817777777777778,461,4,Dry,2020,2020-04,"{""type"":""MultiPoint"",""coordinates"":[]}"
VHI_M_2020-04_0000000000000000021b,0.4499806922835274,2.0,540,4,Dry,2020,2020-04,"{""type"":""MultiPoint"",""coordinates"":[]}"
VHI_M_2020-04_0000000000000000021c,0.4347499973100164,2.2978260869565217,541,4,Dry,2020,2020-04,"{""type"":""MultiPoint"",""coordinates"":[]}"
VHI_M_2020-04_0000000000000000021d,24.911301217922926,2.7931112111661416,542,4,Dry,2020,2020-04,"{""type"":""MultiPoint"",""coordinates"":[]}"
VHI_M_2020-04_000000000000000000bf,0.5682671499743468,2.9587994034302763,192,4,Dry,2020,2020-04,"{""type"":""MultiPoint"",""coordinates"":[]}"
VHI_M_2020-04_000000000000000000c0,0.5847400871729633,2.931933626820184,193,4,Dry,2020,2020-04,"{""type"":""MultiPoint"",""coordinates"":[]}"
VHI_M_2020-04_0000000000000000010a,0.5788392438849895,3.0256663918658977,267,4,Dry,2020,2020-04,"{""type"":""MultiPoint"",""coordinates"":[]}"
VHI_M_2020-04_0000000000000000010b,56.58250030341679,3.383395410308784,268,4,Dry,2020,2020-04,"{""type"":""MultiPoint"",""coordinates"":[]}"
VHI_M_2020-04_00000000000000000226,3.0279980397368402,2.9879224106380398,551,4,Dry,2020,2020-04,"{""type"":""MultiPoint"",""coordinates"":[]}"
VHI_M_2020-04_00000000000000000227,0.5833028620538555,3.141862489120974,552,4,Dry,2020,2020-04,"{""type"":""MultiPoint"",""coordinates"":[]}"
VHI_M_2020-04_000000000000000001a4,0.6174129302154727,3.1875,421,4,Dry,2020,2020-04,"{""type"":""MultiPoint"",""coordinates"":[]}"
VHI_M_2020-04_000000000000000001a5,0.4363141789145848,2.121026894865526,422,4,Dry,2020,2020-04,"{""type"":""MultiPoint"",""coordinates"":[]}"
VHI_M_2020-04_000000000000000001a6,0.49378875910443437,2.317577548005908,423,4,Dry,2020,2020-04,"{""type"":""MultiPoint"",""coordinates"":[]}"
VHI_M_2020-04_000000000000000001a7,0.5172132366720368,2.594852941176471,424,4,Dry,2020,2020-04,"{""type"":""MultiPoint"",""coordinates"":[]}"
VHI_M_2020-04_000000000000000001a8,0.5306854351643687,3.0,425,4,Dry,2020,2020-04,"{""type"":""MultiPoint"",""coordinates"":[]}"
VHI_M_2020-04_000000000000000001a9,0.3883398564299569,2.0109375,426,4,Dry,2020,2020-04,"{""type"":""MultiPoint"",""coordinates"":[]}"
VHI_M_2020-04_000000000000000001aa,0.42696741062850385,2.0614076523382145,427,4,Dry,2020,2020-04,"{""type"":""MultiPoint"",""coordinates"":[]}"
VHI_M_2020-04_000000000000000001fe,0.6199782414968081,3.3381686310063476,511,4,Dry,2020,2020-04,"{""type"":""MultiPoint"",""coordinates"":[]}"
VHI_M_2020-04_000000000000000001ff,61.901073492394964,3.324957410562179,512,4,Dry,2020,2020-04,"{""type"":""MultiPoint"",""coordinates"":[]}"
VHI_M_2020-04_00000000000000000200,0.48319778053854007,2.1872440023405497,513,4,Dry,2020,2020-04,"{""type"":""MultiPoint"",""coordinates"":[]}"
VHI_M_2020-04_00000000000000000201,101.91023062877298,3.7838692672641,514,4,Dry,2020,2020-04,"{""type"":""MultiPoint"",""coordinates"":[]}"
VHI_M_2020-04_00000000000000000202,0.47599052320155066,2.5512489233419466,515,4,Dry,2020,2020-04,"{""type"":""MultiPoint"",""coordinates"":[]}"
VHI_M_2020-04_00000000000000000002,18.62379818813139,2.576987784361056,3,4,Dry,2020,2020-04,"{""type"":""MultiPoint"",""coordinates"":[]}"
VHI_M_2020-04_0000000000000000000d,17.189725933681007,3.499134049186006,14,4,Dry,2020,2020-04,"{""type"":""MultiPoint"",""coordinates"":[]}"
VHI_M_2020-04_00000000000000000027,53.505676192311924,3.1342842516753544,40,4,Dry,2020,2020-04,"{""type"":""MultiPoint"",""coordinates"":[]}"
VHI_M_2020-04_00000000000000000070,0.5145165261044338,2.597262423242351,113,4,Dry,2020,2020-04,"{""type"":""MultiPoint"",""coordinates"":[]}"
VHI_M_2020-04_00000000000000000071,0.5428336443975766,2.777932396642277,114,4,Dry,2020,2020-04,"{""type"":""MultiPoint"",""coordinates"":[]}"
VHI_M_2020-04_000000000000000001b0,56.00417209809917,3.0059047853364502,433,4,Dry,2020,2020-04,"{""type"":""MultiPoint"",""coordinates"":[]}"
VHI_M_2020-04_000000000000000001b1,7.557794760755965,2.9766323941781283,434,4,Dry,2020,2020-04,"{""type"":""MultiPoint"",""coordinates"":[]}"
VHI_M_2020-04_000000000000000001b2,90.97299037312004,3.2706427468219075,435,4,Dry,2020,2020-04,"{""type"":""MultiPoint"",""coordinates"":[]}"
VHI_M_2020-04_000000000000000001cd,1.4219987230452165,3.0121844975888683,462,4,Dry,2020,2020-04,"{""type"":""MultiPoint"",""coordinates"":[]}"
VHI_M_2020-04_000000000000000001ce,0.5472835885502783,2.766910404369659,463,4,Dry,2020,2020-04,"{""type"":""MultiPoint"",""coordinates"":[]}"
VHI_M_2020-04_000000000000000001cf,22.367891619478566,3.2130057086125583,464,4,Dry,2020,2020-04,"{""type"":""MultiPoint"",""coordinates"":[]}"
VHI_M_2020-04_0000000000000000001c,0.5093626543293857,2.587392175355744,29,4,Dry,2020,2020-04,"{""type"":""MultiPoint"",""coordinates"":[]}"
VHI_M_2020-04_0000000000000000001d,0.5239053777298472,2.6637637474541758,30,4,Dry,2020,2020-04,"{""type"":""MultiPoint"",""coordinates"":[]}"
VHI_M_2020-04_0000000000000000001e,0.4529179478536621,2.2136503315542613,31,4,Dry,2020,2020-04,"{""type"":""MultiPoint"",""coordinates"":[]}"
VHI_M_2020-04_00000000000000000026,0.5086514248661507,2.6655373611895357,39,4,Dry,2020,2020-04,"{""type"":""MultiPoint"",""coordinates"":[]}"
VHI_M_2020-04_000000000000000000f9,0.5134677066875204,2.559558709074871,250,4,Dry,2020,2020-04,"{""type"":""MultiPoint"",""coordinates"":[]}"
VHI_M_2020-04_000000000000000000fa,0.47464782534898675,2.328700605303469,251,4,Dry,2020,2020-04,"{""type"":""MultiPoint"",""coordinates"":[]}"
VHI_M_2020-04_000000000000000000fb,0.48992615053283595,2.3942237697225908,252,4,Dry,2020,2020-04,"{""type"":""MultiPoint"",""coordinates"":[]}"
VHI_M_2020-04_000000000000000000fc,0.4858090128757075,2.405765379113019,253,4,Dry,2020,2020-04,"{""type"":""MultiPoint"",""coordinates"":[]}"
VHI_M_2020-04_00000000000000000163,0.5022008348323574,2.549490568353862,356,4,Dry,2020,2020-04,"{""type"":""MultiPoint"",""coordinates"":[]}"
VHI_M_2020-04_00000000000000000164,0.49073664045353715,2.4411849418089884,357,4,Dry,2020,2020-04,"{""type"":""MultiPoint"",""coordinates"":[]}"
VHI_M_2020-04_00000000000000000165,0.5049197767473014,2.542995007724011,358,4,Dry,2020,2020-04,"{""type"":""MultiPoint"",""coordinates"":[]}"
VHI_M_2020-04_00000000000000000166,0.473629705787545,2.310697733477239,359,4,Dry,2020,2020-04,"{""type"":""MultiPoint"",""coordinates"":[]}"
VHI_M_2020-04_00000000000000000149,0.4851708558627845,2.4210161644633743,330,4,Dry,2020,2020-04,"{""type"":""MultiPoint"",""coordinates"":[]}"
VHI_M_2020-04_0000000000000000014a,0.5236487594084133,2.627132565581204,331,4,Dry,2020,2020-04,"{""type"":""MultiPoint"",""coordinates"":[]}"
VHI_M_2020-04_0000000000000000014b,0.503590209485526,2.4559972105997225,332,4,Dry,2020,2020-04,"{""type"":""MultiPoint"",""coordinates"":[]}"
VHI_M_2020-04_0000000000000000014c,0.485043559604822,2.3860341347036154,333,4,Dry,2020,2020-04,"{""type"":""MultiPoint"",""coordinates"":[]}"
VHI_M_2020-04_0000000000000000014d,0.44225372726082174,2.116608909186882,334,4,Dry,2020,2020-04,"{""type"":""MultiPoint"",""coordinates"":[]}"
VHI_M_2020-04_0000000000000000014e,0.48672003328020025,2.430711428917707,335,4,Dry,2020,2020-04,"{""type"":""MultiPoint"",""coordinates"":[]}"
VHI_M_2020-04_00000000000000000158,0.47571177166649653,2.3282359847373058,345,4,Dry,2020,2020-04,"{""type"":""MultiPoint"",""coordinates"":[]}"
VHI_M_2020-04_00000000000000000159,0.4810072874808066,2.3506205556291686,346,4,Dry,2020,2020-04,"{""type"":""MultiPoint"",""coordinates"":[]}"
VHI_M_2020-04_0000000000000000015a,0.46239706649935725,2.2595062093435843,347,4,Dry,2020,2020-04,"{""type"":""MultiPoint"",""coordinates"":[]}"
VHI_M_2020-04_0000000000000000015b,0.4383768773754805,2.0838496626833556,348,4,Dry,2020,2020-04,"{""type"":""MultiPoint"",""coordinates"":[]}"
VHI_M_2020-04_0000000000000000015c,0.4278110205277873,2.0415880405428313,349,4,Dry,2020,2020-04,"{""type"":""MultiPoint"",""coordinates"":[]}"
VHI_M_2020-04_0000000000000000015d,0.4396830760866891,2.123309749501461,350,4,Dry,2020,2020-04,"{""type"":""MultiPoint"",""coordinates"":[]}"
VHI_M_2020-04_00000000000000000008,0.5278889808356204,2.739016684766511,9,4,Dry,2020,2020-04,"{""type"":""MultiPoint"",""coordinates"":[]}"
VHI_M_2020-04_000000000000000000c2,0.4477433502336302,2.1458015267175576,195,4,Dry,2020,2020-04,"{""type"":""MultiPoint"",""coordinates"":[]}"
VHI_M_2020-04_000000000000000000c3,0.49375159275373615,2.5060733863757445,196,4,Dry,2020,2020-04,"{""type"":""MultiPoint"",""coordinates"":[]}"
VHI_M_2020-04_000000000000000000c4,0.49763427205352145,2.4915903662420384,197,4,Dry,2020,2020-04,"{""type"":""MultiPoint"",""coordinates"":[]}"
VHI_M_2020-04_000000000000000000c5,0.5016513868571808,2.562455412691828,198,4,Dry,2020,2020-04,"{""type"":""MultiPoint"",""coordinates"":[]}"
VHI_M_2020-04_000000000000000000c6,0.4765504086538998,2.3729490492065177,199,4,Dry,2020,2020-04,"{""type"":""MultiPoint"",""coordinates"":[]}"
VHI_M_2020-04_000000000000000000c7,0.5182825903061364,2.5859607211311415,200,4,Dry,2020,2020-04,"{""type"":""MultiPoint"",""coordinates"":[]}"
VHI_M_2020-04_000000000000000000c8,0.4386233740921289,2.1124787557295166,201,4,Dry,2020,2020-04,"{""type"":""MultiPoint"",""coordinates"":[]}"
VHI_M_2020-04_000000000000000000c9,0.5067590342054343,2.5588290878656568,202,4,Dry,2020,2020-04,"{""type"":""MultiPoint"",""coordinates"":[]}"
VHI_M_2020-04_00000000000000000136,0.5118264399001544,2.566616372504298,311,4,Dry,2020,2020-04,"{""type"":""MultiPoint"",""coordinates"":[]}"
VHI_M_2020-04_00000000000000000137,0.5878284043261172,3.1269530561139938,312,4,Dry,2020,2020-04,"{""type"":""MultiPoint"",""coordinates"":[]}"
VHI_M_2020-04_00000000000000000138,0.5331008482821228,2.664931836718842,313,4,Dry,2020,2020-04,"{""type"":""MultiPoint"",""coordinates"":[]}"
VHI_M_2020-04_00000000000000000139,0.5389615031949262,2.7641313364671882,314,4,Dry,2020,2020-04,"{""type"":""MultiPoint"",""coordinates"":[]}"
VHI_M_2020-04_0000000000000000013a,0.5846467261514025,3.0913939130985013,315,4,Dry,2020,2020-04,"{""type"":""MultiPoint"",""coordinates"":[]}"
VHI_M_2020-04_000000000000000001ef,0.5062042746365502,2.5416289270741674,496,4,Dry,2020,2020-04,"{""type"":""MultiPoint"",""coordinates"":[]}"
VHI_M_2020-04_000000000000000001f0,0.4971368282551916,2.5187856940018305,497,4,Dry,2020,2020-04,"{""type"":""MultiPoint"",""coordinates"":[]}"
VHI_M_2020-04_00000000000000000081,0.40493665064992296,1.7599718442045988,130,4,Dry,2020,2020-04,"{""type"":""MultiPoint"",""coordinates"":[]}"
VHI_M_2020-04_000000000000000000a0,0.5199529825034778,2.6676847526649907,161,4,Dry,2020,2020-04,"{""type"":""MultiPoint"",""coordinates"":[]}"
VHI_M_2020-04_000000000000000000a1,32.00712948009938,2.7398354074370914,162,4,Dry,2020,2020-04,"{""type"":""MultiPoint"",""coordinates"":[]}"
VHI_M_2020-04_000000000000000000a2,8.735627899067438,3.1850269176984654,163,4,Dry,2020,2020-04,"{""type"":""MultiPoint"",""coordinates"":[]}"
VHI_M_2020-04_000000000000000000a3,5.515986721395344,2.330377695462362,164,4,Dry,2020,2020-04,"{""type"":""MultiPoint"",""coordinates"":[]}"
VHI_M_2020-04_000000000000000000a4,78.04293771014945,3.8100540838371972,165,4,Dry,2020,2020-04,"{""type"":""MultiPoint"",""coordinates"":[]}"
VHI_M_2020-04_0000000000000000014f,0.3954943935731786,1.7860358516820827,336,4,Dry,2020,2020-04,"{""type"":""MultiPoint"",""coordinates"":[]}"
VHI_M_2020-04_00000000000000000150,0.3559690273304278,1.493466639461335,337,4,Dry,2020,2020-04,"{""type"":""MultiPoint"",""coordinates"":[]}"
VHI_M_2020-04_00000000000000000151,2.0747121872365573,2.0473209695915218,338,4,Dry,2020,2020-04,"{""type"":""MultiPoint"",""coordinates"":[]}"
VHI_M_2020-04_00000000000000000152,0.43268323264657,2.043077400432914,339,4,Dry,2020,2020-04,"{""type"":""MultiPoint"",""coordinates"":[]}"
VHI_M_2020-04_00000000000000000153,0.37391281051368813,1.6235562905550345,340,4,Dry,2020,2020-04,"{""type"":""MultiPoint"",""coordinates"":[]}"
VHI_M_2020-04_00000000000000000171,0.4926259036665948,2.4295602332908754,370,4,Dry,2020,2020-04,"{""type"":""MultiPoint"",""coordinates"":[]}"
VHI_M_2020-04_00000000000000000172,0.4860836185131883,2.431716913776481,371,4,Dry,2020,2020-04,"{""type"":""MultiPoint"",""coordinates"":[]}"
VHI_M_2020-04_00000000000000000173,0.47979500362506294,2.3382626680455014,372,4,Dry,2020,2020-04,"{""type"":""MultiPoint"",""coordinates"":[]}"
VHI_M_2020-04_000000000000000001f1,0.47513082368419535,2.3503339802588474,498,4,Dry,2020,2020-04,"{""type"":""MultiPoint"",""coordinates"":[]}"
VHI_M_2020-04_000000000000000001f2,0.4657239884625485,2.2924971103683105,499,4,Dry,2020,2020-04,"{""type"":""MultiPoint"",""coordinates"":[]}"
VHI_M_2020-04_000000000000000001f3,0.44249130258989733,2.167628210924832,500,4,Dry,2020,2020-04,"{""type"":""MultiPoint"",""coordinates"":[]}"
VHI_M_2020-04_00000000000000000092,0.49125041535240016,2.5101618222256303,147,4,Dry,2020,2020-04,"{""type"":""MultiPoint"",""coordinates"":[]}"
VHI_M_2020-04_00000000000000000093,0.4820167676705448,2.3980866902836806,148,4,Dry,2020,2020-04,"{""type"":""MultiPoint"",""coordinates"":[]}"
VHI_M_2020-04_00000000000000000094,0.5956148216449951,1.9701727585023232,149,4,Dry,2020,2020-04,"{""type"":""MultiPoint"",""coordinates"":[]}"
VHI_M_2020-04_00000000000000000095,12.903161512951897,2.167327242132199,150,4,Dry,2020,2020-04,"{""type"":""MultiPoint"",""coordinates"":[]}"
VHI_M_2020-04_00000000000000000096,0.5200932748146841,2.6395077098917246,151,4,Dry,2020,2020-04,"{""type"":""MultiPoint"",""coordinates"":[]}"
VHI_M_2020-04_00000000000000000097,0.5132450704281424,2.580582759037601,152,4,Dry,2020,2020-04,"{""type"":""MultiPoint"",""coordinates"":[]}"
VHI_M_2020-04_00000000000000000098,0.45672934071429205,1.989406779661017,153,4,Dry,2020,2020-04,"{""type"":""MultiPoint"",""coordinates"":[]}"
VHI_M_2020-04_000000000000000000a9,0.43525120517599597,2.298297246163549,170,4,Dry,2020,2020-04,"{""type"":""MultiPoint"",""coordinates"":[]}"
VHI_M_2020-04_0000000000000000017c,61.76196192048931,3.149425910742598,381,4,Dry,2020,2020-04,"{""type"":""MultiPoint"",""coordinates"":[]}"
VHI_M_2020-04_0000000000000000017d,38.89356468228432,2.9187687342712274,382,4,Dry,2020,2020-04,"{""type"":""MultiPoint"",""coordinates"":[]}"
VHI_M_2020-04_0000000000000000017e,11.640906077255247,2.9513727183643637,383,4,Dry,2020,2020-04,"{""type"":""MultiPoint"",""coordinates"":[]}"
VHI_M_2020-04_000000000000000001ee,0.4786804989953492,2.3934805224829487,495,4,Dry,2020,2020-04,"{""type"":""MultiPoint"",""coordinates"":[]}"
VHI_M_2020-04_0000000000000000020d,0.4549695962881258,2.22922358332599,526,4,Dry,2020,2020-04,"{""type"":""MultiPoint"",""coordinates"":[]}"
VHI_M_2020-04_0000000000000000020e,3.7128201255956728,2.4816196509643036,527,4,Dry,2020,2020-04,"{""type"":""MultiPoint"",""coordinates"":[]}"
VHI_M_2020-04_0000000000000000020f,0.4528566674259855,2.2163139672151915,528,4,Dry,2020,2020-04,"{""type"":""MultiPoint"",""coordinates"":[]}"
VHI_M_2020-04_00000000000000000210,0.4386543508060006,2.092674202600688,529,4,Dry,2020,2020-04,"{""type"":""MultiPoint"",""coordinates"":[]}"
VHI_M_2020-04_00000000000000000211,11.752273020640214,2.1127686557201963,530,4,Dry,2020,2020-04,"{""type"":""MultiPoint"",""coordinates"":[]}"
VHI_M_2020-04_00000000000000000058,0.49566033810910015,2.472775416818673,89,4,Dry,2020,2020-04,"{""type"":""MultiPoint"",""coordinates"":[]}"
VHI_M_2020-04_00000000000000000059,0.4712813148290065,2.3082361159622766,90,4,Dry,2020,2020-04,"{""type"":""MultiPoint"",""coordinates"":[]}"
VHI_M_2020-04_0000000000000000018b,0.3999665800255576,1.7077501566743272,396,4,Dry,2020,2020-04,"{""type"":""MultiPoint"",""coordinates"":[]}"
VHI_M_2020-04_0000000000000000018c,0.46755621913948353,2.2967024326514824,397,4,Dry,2020,2020-04,"{""type"":""MultiPoint"",""coordinates"":[]}"
VHI_M_2020-04_0000000000000000018d,0.4181865096147028,1.956235011990407,398,4,Dry,2020,2020-04,"{""type"":""MultiPoint"",""coordinates"":[]}"
VHI_M_2020-04_0000000000000000018e,0.3833305578334387,1.719050261889071,399,4,Dry,2020,2020-04,"{""type"":""MultiPoint"",""coordinates"":[]}"
VHI_M_2020-04_00000000000000000036,0.5483327744912322,2.9318490822569685,55,4,Dry,2020,2020-04,"{""type"":""MultiPoint"",""coordinates"":[]}"
VHI_M_2020-04_000000000000000000db,0.4091508122050503,1.8904552301010473,220,4,Dry,2020,2020-04,"{""type"":""MultiPoint"",""coordinates"":[]}"
VHI_M_2020-04_000000000000000000dc,0.4385484383455708,2.10320299946438,221,4,Dry,2020,2020-04,"{""type"":""MultiPoint"",""coordinates"":[]}"
VHI_M_2020-04_000000000000000000dd,0.41442817961876866,1.943546123997253,222,4,Dry,2020,2020-04,"{""type"":""MultiPoint"",""coordinates"":[]}"
VHI_M_2020-04_00000000000000000102,0.4908241753872097,2.4127003188537817,259,4,Dry,2020,2020-04,"{""type"":""MultiPoint"",""coordinates"":[]}"
VHI_M_2020-04_00000000000000000103,0.48976511278460794,2.520353418502498,260,4,Dry,2020,2020-04,"{""type"":""MultiPoint"",""coordinates"":[]}"
VHI_M_2020-04_00000000000000000104,0.4675802079437933,2.3273800302460246,261,4,Dry,2020,2020-04,"{""type"":""MultiPoint"",""coordinates"":[]}"
VHI_M_2020-04_00000000000000000105,0.41553535211413384,1.9082324455205808,262,4,Dry,2020,2020-04,"{""type"":""MultiPoint"",""coordinates"":[]}"
VHI_M_2020-04_0000000000000000000a,0.6502017585348092,3.476692761983245,11,4,Dry,2020,2020-04,"{""type"":""MultiPoint"",""coordinates"":[]}"
VHI_M_2020-04_000000000000000000b1,0.42205687126163727,1.975457452897545,178,4,Dry,2020,2020-04,"{""type"":""MultiPoint"",""coordinates"":[]}"
VHI_M_2020-04_000000000000000000b2,0.48847567024180394,2.438496255302046,179,4,Dry,2020,2020-04,"{""type"":""MultiPoint"",""coordinates"":[]}"
VHI_M_2020-04_000000000000000000b3,0.3922370546893914,1.804840180665335,180,4,Dry,2020,2020-04,"{""type"":""MultiPoint"",""coordinates"":[]}"
VHI_M_2020-04_000000000000000000ca,0.4604552572898074,2.3068386088315753,203,4,Dry,2020,2020-04,"{""type"":""MultiPoint"",""coordinates"":[]}"
VHI_M_2020-04_000000000000000000d2,0.5019257412530679,2.5117294718992813,211,4,Dry,2020,2020-04,"{""type"":""MultiPoint"",""coordinates"":[]}"
VHI_M_2020-04_000000000000000000d3,0.524128360667926,2.6935418577789996,212,4,Dry,2020,2020-04,"{""type"":""MultiPoint"",""coordinates"":[]}"
VHI_M_2020-04_000000000000000000d4,0.5079218086429728,2.5778364737649557,213,4,Dry,2020,2020-04,"{""type"":""MultiPoint"",""coordinates"":[]}"
VHI_M_2020-04_000000000000000000d5,0.4976715795888765,2.4905564564452733,214,4,Dry,2020,2020-04,"{""type"":""MultiPoint"",""coordinates"":[]}"
VHI_M_2020-04_000000000000000000bc,0.48645167962440056,2.4350771977293957,189,4,Dry,2020,2020-04,"{""type"":""MultiPoint"",""coordinates"":[]}"
VHI_M_2020-04_000000000000000000bd,0.4805263087802029,2.3634259438603564,190,4,Dry,2020,2020-04,"{""type"":""MultiPoint"",""coordinates"":[]}"
VHI_M_2020-04_000000000000000000be,0.5190508027578333,2.668403059605119,191,4,Dry,2020,2020-04,"{""type"":""MultiPoint"",""coordinates"":[]}"
VHI_M_2020-04_000000000000000000f1,0.5636003474124163,2.881859410430838,242,4,Dry,2020,2020-04,"{""type"":""MultiPoint"",""coordinates"":[]}"
VHI_M_2020-04_00000000000000000100,0.45357713088947677,2.191721896000474,257,4,Dry,2020,2020-04,"{""type"":""MultiPoint"",""coordinates"":[]}"
VHI_M_2020-04_00000000000000000101,0.46392329114905684,2.2486635522682383,258,4,Dry,2020,2020-04,"{""type"":""MultiPoint"",""coordinates"":[]}"
VHI_M_2020-04_0000000000000000012f,0.4588195400307976,2.2389360815739128,304,4,Dry,2020,2020-04,"{""type"":""MultiPoint"",""coordinates"":[]}"
VHI_M_2020-04_00000000000000000130,0.47491681242209294,2.3170684643143544,305,4,Dry,2020,2020-04,"{""type"":""MultiPoint"",""coordinates"":[]}"
VHI_M_2020-04_00000000000000000131,0.4845465380980652,2.3704146698239,306,4,Dry,2020,2020-04,"{""type"":""MultiPoint"",""coordinates"":[]}"
VHI_M_2020-04_00000000000000000065,0.49248112914388037,2.474818249481615,102,4,Dry,2020,2020-04,"{""type"":""MultiPoint"",""coordinates"":[]}"
VHI_M_2020-04_00000000000000000066,0.5154720475031532,2.5940989420637535,103,4,Dry,2020,2020-04,"{""type"":""MultiPoint"",""coordinates"":[]}"
VHI_M_2020-04_00000000000000000067,0.4046793471842239,1.8300456890318042,104,4,Dry,2020,2020-04,"{""type"":""MultiPoint"",""coordinates"":[]}"
VHI_M_2020-04_00000000000000000068,0.40187795158857303,1.8619553849149035,105,4,Dry,2020,2020-04,"{""type"":""MultiPoint"",""coordinates"":[]}"
VHI_M_2020-04_00000000000000000109,0.3777749352069793,1.7265178777774108,266,4,Dry,2020,2020-04,"{""type"":""MultiPoint"",""coordinates"":[]}"
VHI_M_2020-04_000000000000000001c1,0.3863362043912898,1.7317931933013444,450,4,Dry,2020,2020-04,"{""type"":""MultiPoint"",""coordinates"":[]}"
VHI_M_2020-04_000000000000000001c2,0.42271860127906674,2.0012725054859306,451,4,Dry,2020,2020-04,"{""type"":""MultiPoint"",""coordinates"":[]}"
VHI_M_2020-04_00000000000000000113,0.42391562008018874,1.930181418361737,276,4,Dry,2020,2020-04,"{""type"":""MultiPoint"",""coordinates"":[]}"
VHI_M_2020-04_00000000000000000114,0.4071705330870599,1.8478652134786515,277,4,Dry,2020,2020-04,"{""type"":""MultiPoint"",""coordinates"":[]}"
VHI_M_2020-04_00000000000000000115,0.3848288980103558,1.747021935517033,278,4,Dry,2020,2020-04,"{""type"":""MultiPoint"",""coordinates"":[]}"
VHI_M_2020-04_00000000000000000116,0.4047771775786629,1.8679315182170235,279,4,Dry,2020,2020-04,"{""type"":""MultiPoint"",""coordinates"":[]}"
VHI_M_2020-04_00000000000000000117,0.44338758496301306,2.1385399884250216,280,4,Dry,2020,2020-04,"{""type"":""MultiPoint"",""coordinates"":[]}"
VHI_M_2020-04_00000000000000000167,0.4936941807145045,2.4250744293747934,360,4,Dry,2020,2020-04,"{""type"":""MultiPoint"",""coordinates"":[]}"
VHI_M_2020-04_00000000000000000168,0.5468901141417636,2.8190093034950965,361,4,Dry,2020,2020-04,"{""type"":""MultiPoint"",""coordinates"":[]}"
VHI_M_2020-04_00000000000000000169,0.44573766053523345,2.1468320125455786,362,4,Dry,2020,2020-04,"{""type"":""MultiPoint"",""coordinates"":[]}"
VHI_M_2020-04_0000000000000000016a,0.4345523044894346,2.0671878403562705,363,4,Dry,2020,2020-04,"{""type"":""MultiPoint"",""coordinates"":[]}"
VHI_M_2020-04_0000000000000000016b,0.3992203984542258,1.8066837297694947,364,4,Dry,2020,2020-04,"{""type"":""MultiPoint"",""coordinates"":[]}"
VHI_M_2020-04_0000000000000000016c,0.39893264438127235,1.8351224347118116,365,4,Dry,2020,2020-04,"{""type"":""MultiPoint"",""coordinates"":[]}"
VHI_M_2020-04_0000000000000000016d,0.48378703648272364,2.414224222615158,366,4,Dry,2020,2020-04,"{""type"":""MultiPoint"",""coordinates"":[]}"
VHI_M_2020-04_000000000000000000cb,0.46544059318580067,2.342476740455566,204,4,Dry,2020,2020-04,"{""type"":""MultiPoint"",""coordinates"":[]}"
VHI_M_2020-04_000000000000000000eb,15.331338585705494,2.546223384790533,236,4,Dry,2020,2020-04,"{""type"":""MultiPoint"",""coordinates"":[]}"
VHI_M_2020-04_000000000000000000ec,0.43376559465242603,2.0613112806344236,237,4,Dry,2020,2020-04,"{""type"":""MultiPoint"",""coordinates"":[]}"
VHI_M_2020-04_000000000000000000ed,0.38087830804321565,1.7385592612772796,238,4,Dry,2020,2020-04,"{""type"":""MultiPoint"",""coordinates"":[]}"
VHI_M_2020-04_000000000000000000ee,0.3827898287818033,1.712467043314502,239,4,Dry,2020,2020-04,"{""type"":""MultiPoint"",""coordinates"":[]}"
VHI_M_2020-04_000000000000000000ef,0.4047135465386254,1.860033872032609,240,4,Dry,2020,2020-04,"{""type"":""MultiPoint"",""coordinates"":[]}"
VHI_M_2020-04_00000000000000000146,0.5156487396603063,2.583253581010056,327,4,Dry,2020,2020-04,"{""type"":""MultiPoint"",""coordinates"":[]}"
VHI_M_2020-04_00000000000000000147,8.455673665894391,2.4795721350586972,328,4,Dry,2020,2020-04,"{""type"":""MultiPoint"",""coordinates"":[]}"
VHI_M_2020-04_00000000000000000148,0.49160342266358503,2.4515769849904885,329,4,Dry,2020,2020-04,"{""type"":""MultiPoint"",""coordinates"":[]}"
VHI_M_2020-04_0000000000000000015e,0.4306672931139779,2.030071077091307,351,4,Dry,2020,2020-04,"{""type"":""MultiPoint"",""coordinates"":[]}"
VHI_M_2020-04_0000000000000000015f,0.43140194827142797,2.000039608666376,352,4,Dry,2020,2020-04,"{""type"":""MultiPoint"",""coordinates"":[]}"
VHI_M_2020-04_00000000000000000160,0.38762469381859443,1.7898880298009656,353,4,Dry,2020,2020-04,"{""type"":""MultiPoint"",""coordinates"":[]}"
VHI_M_2020-04_00000000000000000161,0.45580994117015644,2.1484842015371477,354,4,Dry,2020,2020-04,"{""type"":""MultiPoint"",""coordinates"":[]}"
VHI_M_2020-04_00000000000000000162,4.354202144630092,1.9822191172067463,355,4,Dry,2020,2020-04,"{""type"":""MultiPoint"",""coordinates"":[]}"
VHI_M_2020-04_00000000000000000010,0.5228282089771098,2.640634978560351,17,4,Dry,2020,2020-04,"{""type"":""MultiPoint"",""coordinates"":[]}"
VHI_M_2020-04_00000000000000000121,0.41657643146319673,1.9811284702708767,290,4,Dry,2020,2020-04,"{""type"":""MultiPoint"",""coordinates"":[]}"
VHI_M_2020-04_00000000000000000122,0.5883176977994512,2.206320632810222,291,4,Dry,2020,2020-04,"{""type"":""MultiPoint"",""coordinates"":[]}"
VHI_M_2020-04_00000000000000000123,0.47080956427496484,2.3169108994538696,292,4,Dry,2020,2020-04,"{""type"":""MultiPoint"",""coordinates"":[]}"
VHI_M_2020-04_0000000000000000019a,0.4903669266868049,2.411135772613586,411,4,Dry,2020,2020-04,"{""type"":""MultiPoint"",""coordinates"":[]}"
VHI_M_2020-04_0000000000000000019b,0.48251899310052904,2.3951793459423505,412,4,Dry,2020,2020-04,"{""type"":""MultiPoint"",""coordinates"":[]}"
VHI_M_2020-04_0000000000000000019c,0.47897252142673274,2.3931367939587074,413,4,Dry,2020,2020-04,"{""type"":""MultiPoint"",""coordinates"":[]}"
VHI_M_2020-04_0000000000000000019d,0.5095562307777983,2.5289700829632107,414,4,Dry,2020,2020-04,"{""type"":""MultiPoint"",""coordinates"":[]}"
VHI_M_2020-04_0000000000000000019e,4.1456358411588665,2.5154282713041463,415,4,Dry,2020,2020-04,"{""type"":""MultiPoint"",""coordinates"":[]}"
VHI_M_2020-04_0000000000000000019f,0.5523733219260458,2.8964572353824964,416,4,Dry,2020,2020-04,"{""type"":""MultiPoint"",""coordinates"":[]}"
VHI_M_2020-04_00000000000000000216,0.4884125147083116,2.4961893951678285,535,4,Dry,2020,2020-04,"{""type"":""MultiPoint"",""coordinates"":[]}"
VHI_M_2020-04_00000000000000000217,0.558053192628568,2.4914858325470948,536,4,Dry,2020,2020-04,"{""type"":""MultiPoint"",""coordinates"":[]}"
VHI_M_2020-04_00000000000000000218,0.5089472395670112,2.5769814902705264,537,4,Dry,2020,2020-04,"{""type"":""MultiPoint"",""coordinates"":[]}"
VHI_M_2020-04_00000000000000000219,0.5027772069363515,2.5409674234945707,538,4,Dry,2020,2020-04,"{""type"":""MultiPoint"",""coordinates"":[]}"
VHI_M_2020-04_0000000000000000021a,8.353527986631182,2.6970195127948458,539,4,Dry,2020,2020-04,"{""type"":""MultiPoint"",""coordinates"":[]}"
VHI_M_2020-04_00000000000000000004,0.5614143094545015,3.0354539241371437,5,4,Dry,2020,2020-04,"{""type"":""MultiPoint"",""coordinates"":[]}"
VHI_M_2020-04_00000000000000000028,0.5201228350164913,2.6601923990369123,41,4,Dry,2020,2020-04,"{""type"":""MultiPoint"",""coordinates"":[]}"
VHI_M_2020-04_00000000000000000029,0.5553963194836011,2.8845625286303234,42,4,Dry,2020,2020-04,"{""type"":""MultiPoint"",""coordinates"":[]}"
VHI_M_2020-04_0000000000000000002a,0.5709781704626845,2.985930083546086,43,4,Dry,2020,2020-04,"{""type"":""MultiPoint"",""coordinates"":[]}"
VHI_M_2020-04_0000000000000000002b,0.5040053458677504,2.527839140384459,44,4,Dry,2020,2020-04,"{""type"":""MultiPoint"",""coordinates"":[]}"
VHI_M_2020-04_000000000000000000a7,0.5582991631633683,2.8973380149430454,168,4,Dry,2020,2020-04,"{""type"":""MultiPoint"",""coordinates"":[]}"
VHI_M_2020-04_000000000000000000a8,0.5608688377951961,2.905682758285074,169,4,Dry,2020,2020-04,"{""type"":""MultiPoint"",""coordinates"":[]}"
VHI_M_2020-04_0000000000000000000c,0.48613640325435215,2.417470208314381,13,4,Dry,2020,2020-04,"{""type"":""MultiPoint"",""coordinates"":[]}"
VHI_M_2020-04_00000000000000000060,0.5744304503115459,3.000238583618912,97,4,Dry,2020,2020-04,"{""type"":""MultiPoint"",""coordinates"":[]}"
VHI_M_2020-04_00000000000000000061,0.6038285857147706,3.1803665844201627,98,4,Dry,2020,2020-04,"{""type"":""MultiPoint"",""coordinates"":[]}"
VHI_M_2020-04_00000000000000000062,0.478229867278595,2.3500870192020455,99,4,Dry,2020,2020-04,"{""type"":""MultiPoint"",""coordinates"":[]}"
VHI_M_2020-04_00000000000000000063,0.5486658201238996,2.8550564916077095,100,4,Dry,2020,2020-04,"{""type"":""MultiPoint"",""coordinates"":[]}"
VHI_M_2020-04_00000000000000000064,0.4688725852575206,2.3101036877728727,101,4,Dry,2020,2020-04,"{""type"":""MultiPoint"",""coordinates"":[]}"
VHI_M_2020-04_00000000000000000011,0.5787778122794021,2.9584374807609435,18,4,Dry,2020,2020-04,"{""type"":""MultiPoint"",""coordinates"":[]}"
VHI_M_2020-04_00000000000000000033,0.616525782822409,3.276131424564821,52,4,Dry,2020,2020-04,"{""type"":""MultiPoint"",""coordinates"":[]}"
VHI_M_2020-04_00000000000000000034,0.6330172282361453,3.3934703299874274,53,4,Dry,2020,2020-04,"{""type"":""MultiPoint"",""coordinates"":[]}"
VHI_M_2020-04_000000000000000001b3,0.59779408846893,3.1532962404681717,436,4,Dry,2020,2020-04,"{""type"":""MultiPoint"",""coordinates"":[]}"
VHI_M_2020-04_000000000000000001b4,0.633914708037073,3.3932063700449664,437,4,Dry,2020,2020-04,"{""type"":""MultiPoint"",""coordinates"":[]}"
VHI_M_2020-04_000000000000000001b5,0.5536836943362904,2.8606380919453027,438,4,Dry,2020,2020-04,"{""type"":""MultiPoint"",""coordinates"":[]}"
VHI_M_2020-04_00000000000000000005,0.6982537837611228,3.8683565004088294,6,4,Dry,2020,2020-04,"{""type"":""MultiPoint"",""coordinates"":[]}"
VHI_M_2020-04_00000000000000000082,0.6349167206454833,3.4256042939558444,131,4,Dry,2020,2020-04,"{""type"":""MultiPoint"",""coordinates"":[]}"
VHI_M_2020-04_00000000000000000083,0.5142980148288981,2.591413613247717,132,4,Dry,2020,2020-04,"{""type"":""MultiPoint"",""coordinates"":[]}"
VHI_M_2020-04_00000000000000000084,0.5207375046330148,2.621915051926684,133,4,Dry,2020,2020-04,"{""type"":""MultiPoint"",""coordinates"":[]}"
VHI_M_2020-04_00000000000000000085,0.5770720651215394,3.1846077293083423,134,4,Dry,2020,2020-04,"{""type"":""MultiPoint"",""coordinates"":[]}"
VHI_M_2020-04_00000000000000000086,0.5558677590693217,2.880292684251253,135,4,Dry,2020,2020-04,"{""type"":""MultiPoint"",""coordinates"":[]}"
VHI_M_2020-04_00000000000000000087,0.6201207408223283,3.3416673777626076,136,4,Dry,2020,2020-04,"{""type"":""MultiPoint"",""coordinates"":[]}"
VHI_M_2020-04_0000000000000000010c,0.48092575154639333,2.368404398545644,269,4,Dry,2020,2020-04,"{""type"":""MultiPoint"",""coordinates"":[]}"
VHI_M_2020-04_0000000000000000010d,0.4381877739880435,2.140150853993721,270,4,Dry,2020,2020-04,"{""type"":""MultiPoint"",""coordinates"":[]}"
VHI_M_2020-04_0000000000000000010e,0.6298888569356494,3.27025825485996,271,4,Dry,2020,2020-04,"{""type"":""MultiPoint"",""coordinates"":[]}"
VHI_M_2020-04_0000000000000000010f,0.546318859536549,2.8076269487690224,272,4,Dry,2020,2020-04,"{""type"":""MultiPoint"",""coordinates"":[]}"
VHI_M_2020-04_00000000000000000110,0.5562393366433767,2.872218740009616,273,4,Dry,2020,2020-04,"{""type"":""MultiPoint"",""coordinates"":[]}"
VHI_M_2020-04_00000000000000000111,0.5918839875466715,3.1126280062686256,274,4,Dry,2020,2020-04,"{""type"":""MultiPoint"",""coordinates"":[]}"
VHI_M_2020-04_000000000000000001d0,0.45470618022871995,2.188775948460989,465,4,Dry,2020,2020-04,"{""type"":""MultiPoint"",""coordinates"":[]}"
VHI_M_2020-04_000000000000000001d1,0.5497143839400807,2.8538918834601468,466,4,Dry,2020,2020-04,"{""type"":""MultiPoint"",""coordinates"":[]}"
VHI_M_2020-04_00000000000000000009,0.4377892739036782,2.171263024395096,10,4,Dry,2020,2020-04,"{""type"":""MultiPoint"",""coordinates"":[]}"
VHI_M_2020-04_0000000000000000009e,0.4715629372426333,2.3203878601687298,159,4,Dry,2020,2020-04,"{""type"":""MultiPoint"",""coordinates"":[]}"
VHI_M_2020-04_0000000000000000009f,0.4880489045405591,2.419240986185745,160,4,Dry,2020,2020-04,"{""type"":""MultiPoint"",""coordinates"":[]}"
VHI_M_2020-04_00000000000000000154,0.5751345063784318,2.99412212534295,341,4,Dry,2020,2020-04,"{""type"":""MultiPoint"",""coordinates"":[]}"
VHI_M_2020-04_00000000000000000155,0.4169949159228898,1.9591962454301617,342,4,Dry,2020,2020-04,"{""type"":""MultiPoint"",""coordinates"":[]}"
VHI_M_2020-04_00000000000000000156,0.5239246054494878,2.6629736590004813,343,4,Dry,2020,2020-04,"{""type"":""MultiPoint"",""coordinates"":[]}"
VHI_M_2020-04_00000000000000000157,0.38117798823966725,1.7377424541806965,344,4,Dry,2020,2020-04,"{""type"":""MultiPoint"",""coordinates"":[]}"
VHI_M_2020-04_00000000000000000178,0.5636002621327961,2.943133389248765,377,4,Dry,2020,2020-04,"{""type"":""MultiPoint"",""coordinates"":[]}"
VHI_M_2020-04_00000000000000000179,0.4077965493890004,1.9285961735613582,378,4,Dry,2020,2020-04,"{""type"":""MultiPoint"",""coordinates"":[]}"
VHI_M_2020-04_0000000000000000017a,0.48141586366727934,2.354185750683316,379,4,Dry,2020,2020-04,"{""type"":""MultiPoint"",""coordinates"":[]}"
VHI_M_2020-04_0000000000000000017b,0.390934847034645,1.7819292072034778,380,4,Dry,2020,2020-04,"{""type"":""MultiPoint"",""coordinates"":[]}"
VHI_M_2020-04_0000000000000000000f,0.6226661064651786,3.234859859859861,16,4,Dry,2020,2020-04,"{""type"":""MultiPoint"",""coordinates"":[]}"
VHI_M_2020-04_00000000000000000040,0.5975282239496452,3.1475249258378613,65,4,Dry,2020,2020-04,"{""type"":""MultiPoint"",""coordinates"":[]}"
VHI_M_2020-04_00000000000000000041,0.5418841357886953,2.785893663446602,66,4,Dry,2020,2020-04,"{""type"":""MultiPoint"",""coordinates"":[]}"
VHI_M_2020-04_00000000000000000042,0.6210934858594734,3.309971881294556,67,4,Dry,2020,2020-04,"{""type"":""MultiPoint"",""coordinates"":[]}"
VHI_M_2020-04_00000000000000000043,0.6080909420350153,3.219223722856684,68,4,Dry,2020,2020-04,"{""type"":""MultiPoint"",""coordinates"":[]}"
VHI_M_2020-04_00000000000000000192,0.6012864869326225,3.179948660909109,403,4,Dry,2020,2020-04,"{""type"":""MultiPoint"",""coordinates"":[]}"
VHI_M_2020-04_00000000000000000193,0.6431671870209676,3.462415425967819,404,4,Dry,2020,2020-04,"{""type"":""MultiPoint"",""coordinates"":[]}"
VHI_M_2020-04_00000000000000000194,0.5698754160852219,2.9764759712542013,405,4,Dry,2020,2020-04,"{""type"":""MultiPoint"",""coordinates"":[]}"
VHI_M_2020-04_000000000000000001d2,0.7294762654572247,4.046837215222095,467,4,Dry,2020,2020-04,"{""type"":""MultiPoint"",""coordinates"":[]}"
VHI_M_2020-04_000000000000000001d3,0.6846972307127243,3.7006901298748347,468,4,Dry,2020,2020-04,"{""type"":""MultiPoint"",""coordinates"":[]}"
VHI_M_2020-04_000000000000000001d4,0.47523833344975197,2.358709763707263,469,4,Dry,2020,2020-04,"{""type"":""MultiPoint"",""coordinates"":[]}"
VHI_M_2020-04_000000000000000001d5,0.650589470420689,3.4918369367039297,470,4,Dry,2020,2020-04,"{""type"":""MultiPoint"",""coordinates"":[]}"
VHI_M_2020-04_000000000000000001d6,0.5309279667035081,2.748435499007118,471,4,Dry,2020,2020-04,"{""type"":""MultiPoint"",""coordinates"":[]}"
VHI_M_2020-04_000000000000000001d7,0.5909565811620513,3.1144622706254284,472,4,Dry,2020,2020-04,"{""type"":""MultiPoint"",""coordinates"":[]}"
VHI_M_2020-04_00000000000000000069,0.5930927274009213,3.1457884346248197,106,4,Dry,2020,2020-04,"{""type"":""MultiPoint"",""coordinates"":[]}"
VHI_M_2020-04_0000000000000000006a,0.5853973203816303,3.0951077369655047,107,4,Dry,2020,2020-04,"{""type"":""MultiPoint"",""coordinates"":[]}"
VHI_M_2020-04_0000000000000000006b,0.5438856397027411,2.767783656672544,108,4,Dry,2020,2020-04,"{""type"":""MultiPoint"",""coordinates"":[]}"
VHI_M_2020-04_0000000000000000006c,0.6266750746204076,3.3368464008800416,109,4,Dry,2020,2020-04,"{""type"":""MultiPoint"",""coordinates"":[]}"
VHI_M_2020-04_0000000000000000006d,0.6364172206638868,3.415489689471968,110,4,Dry,2020,2020-04,"{""type"":""MultiPoint"",""coordinates"":[]}"
VHI_M_2020-04_0000000000000000006e,0.692447624014138,3.8047428253300652,111,4,Dry,2020,2020-04,"{""type"":""MultiPoint"",""coordinates"":[]}"
VHI_M_2020-04_0000000000000000006f,0.6113583852238714,3.2661331140073404,112,4,Dry,2020,2020-04,"{""type"":""MultiPoint"",""coordinates"":[]}"
VHI_M_2020-04_000000000000000000d6,0.5260126874486744,2.659284890426759,215,4,Dry,2020,2020-04,"{""type"":""MultiPoint"",""coordinates"":[]}"
VHI_M_2020-04_0000000000000000013b,0.6127716686492791,3.3468166586883674,316,4,Dry,2020,2020-04,"{""type"":""MultiPoint"",""coordinates"":[]}"
VHI_M_2020-04_0000000000000000013c,0.6556505528560368,3.5207941865488435,317,4,Dry,2020,2020-04,"{""type"":""MultiPoint"",""coordinates"":[]}"
VHI_M_2020-04_0000000000000000013d,0.5755935136735268,2.9886673373042876,318,4,Dry,2020,2020-04,"{""type"":""MultiPoint"",""coordinates"":[]}"
VHI_M_2020-04_0000000000000000013e,0.6198508268346162,3.2889807756510123,319,4,Dry,2020,2020-04,"{""type"":""MultiPoint"",""coordinates"":[]}"
VHI_M_2020-04_0000000000000000013f,0.5773027771793918,3.007967646909442,320,4,Dry,2020,2020-04,"{""type"":""MultiPoint"",""coordinates"":[]}"
VHI_M_2020-04_00000000000000000140,10.440248738595901,3.639330478881076,321,4,Dry,2020,2020-04,"{""type"":""MultiPoint"",""coordinates"":[]}"
VHI_M_2020-04_000000000000000001bc,0.5098552079194721,2.568177268047134,445,4,Dry,2020,2020-04,"{""type"":""MultiPoint"",""coordinates"":[]}"
VHI_M_2020-04_000000000000000001bd,0.528471611291279,2.703759124825589,446,4,Dry,2020,2020-04,"{""type"":""MultiPoint"",""coordinates"":[]}"
VHI_M_2020-04_000000000000000001be,0.6430543152661985,3.523557751508432,447,4,Dry,2020,2020-04,"{""type"":""MultiPoint"",""coordinates"":[]}"
VHI_M_2020-04_000000000000000001bf,0.5468110117967719,2.8573985347428192,448,4,Dry,2020,2020-04,"{""type"":""MultiPoint"",""coordinates"":[]}"
VHI_M_2020-04_000000000000000001c0,0.5784754823980085,3.0655129531075325,449,4,Dry,2020,2020-04,"{""type"":""MultiPoint"",""coordinates"":[]}"
VHI_M_2020-04_00000000000000000006,0.5939931128178202,3.059035341186929,7,4,Dry,2020,2020-04,"{""type"":""MultiPoint"",""coordinates"":[]}"
VHI_M_2020-04_0000000000000000002c,0.5961622285737213,3.1148876326759605,45,4,Dry,2020,2020-04,"{""type"":""MultiPoint"",""coordinates"":[]}"
VHI_M_2020-04_0000000000000000002d,0.5450403712201289,2.7877546587100093,46,4,Dry,2020,2020-04,"{""type"":""MultiPoint"",""coordinates"":[]}"
VHI_M_2020-04_0000000000000000002e,0.6610626781507549,3.5395443241871183,47,4,Dry,2020,2020-04,"{""type"":""MultiPoint"",""coordinates"":[]}"
VHI_M_2020-04_0000000000000000002f,0.5161126355661875,2.6045282217128953,48,4,Dry,2020,2020-04,"{""type"":""MultiPoint"",""coordinates"":[]}"
VHI_M_2020-04_0000000000000000009b,0.6084768859638423,3.183259948930711,156,4,Dry,2020,2020-04,"{""type"":""MultiPoint"",""coordinates"":[]}"
VHI_M_2020-04_0000000000000000009c,0.5884703873401962,3.070805664142961,157,4,Dry,2020,2020-04,"{""type"":""MultiPoint"",""coordinates"":[]}"
VHI_M_2020-04_0000000000000000009d,0.6643178178327923,3.56248064682608,158,4,Dry,2020,2020-04,"{""type"":""MultiPoint"",""coordinates"":[]}"
VHI_M_2020-04_000000000000000001b6,0.642896523425082,3.549461928183129,439,4,Dry,2020,2020-04,"{""type"":""MultiPoint"",""coordinates"":[]}"
VHI_M_2020-04_000000000000000001b7,0.6704191877547884,3.648579008646194,440,4,Dry,2020,2020-04,"{""type"":""MultiPoint"",""coordinates"":[]}"
VHI_M_2020-04_000000000000000001b8,0.6588246253958309,3.5632366814087493,441,4,Dry,2020,2020-04,"{""type"":""MultiPoint"",""coordinates"":[]}"
VHI_M_2020-04_000000000000000001b9,0.6356813493212973,3.411318303300161,442,4,Dry,2020,2020-04,"{""type"":""MultiPoint"",""coordinates"":[]}"
VHI_M_2020-04_000000000000000001ba,0.682858892385074,3.7262651899908796,443,4,Dry,2020,2020-04,"{""type"":""MultiPoint"",""coordinates"":[]}"
VHI_M_2020-04_000000000000000001bb,0.6754821392211285,3.6300245145725536,444,4,Dry,2020,2020-04,"{""type"":""MultiPoint"",""coordinates"":[]}"
VHI_M_2020-04_00000000000000000221,0.6232338320921218,3.0,546,4,Dry,2020,2020-04,"{""type"":""MultiPoint"",""coordinates"":[]}"
VHI_M_2020-04_00000000000000000222,0.6166955895069359,3.30110545022096,547,4,Dry,2020,2020-04,"{""type"":""MultiPoint"",""coordinates"":[]}"
VHI_M_2020-04_00000000000000000223,0.6859111837067848,3.7360492961005978,548,4,Dry,2020,2020-04,"{""type"":""MultiPoint"",""coordinates"":[]}"
VHI_M_2020-04_00000000000000000224,0.6242334153576637,3.285802844397255,549,4,Dry,2020,2020-04,"{""type"":""MultiPoint"",""coordinates"":[]}"
VHI_M_2020-04_00000000000000000225,0.6036055570641948,3.138412412669837,550,4,Dry,2020,2020-04,"{""type"":""MultiPoint"",""coordinates"":[]}"
VHI_M_2020-04_00000000000000000053,0.5677508704033715,2.9390315012485266,84,4,Dry,2020,2020-04,"{""type"":""MultiPoint"",""coordinates"":[]}"
VHI_M_2020-04_00000000000000000054,0.5243016362222466,2.720801345404112,85,4,Dry,2020,2020-04,"{""type"":""MultiPoint"",""coordinates"":[]}"
VHI_M_2020-04_00000000000000000055,0.5423034972863996,2.7655601659751032,86,4,Dry,2020,2020-04,"{""type"":""MultiPoint"",""coordinates"":[]}"
VHI_M_2020-04_00000000000000000056,0.641506001426451,3.524586809074607,87,4,Dry,2020,2020-04,"{""type"":""MultiPoint"",""coordinates"":[]}"
VHI_M_2020-04_00000000000000000057,0.5329916732139005,2.657251555287033,88,4,Dry,2020,2020-04,"{""type"":""MultiPoint"",""coordinates"":[]}"
VHI_M_2020-04_000000000000000000de,0.6512631587266628,3.474340963556731,223,4,Dry,2020,2020-04,"{""type"":""MultiPoint"",""coordinates"":[]}"
VHI_M_2020-04_000000000000000000df,26.679422704031555,4.0666098209359465,224,4,Dry,2020,2020-04,"{""type"":""MultiPoint"",""coordinates"":[]}"
VHI_M_2020-04_000000000000000000e0,3.9600808721470164,3.72553115541099,225,4,Dry,2020,2020-04,"{""type"":""MultiPoint"",""coordinates"":[]}"
VHI_M_2020-04_000000000000000000e1,8.218589442313757,3.886339134963364,226,4,Dry,2020,2020-04,"{""type"":""MultiPoint"",""coordinates"":[]}"
VHI_M_2020-04_000000000000000000ff,0.6190647666342027,3.318708676842709,256,4,Dry,2020,2020-04,"{""type"":""MultiPoint"",""coordinates"":[]}"
VHI_M_2020-04_0000000000000000011c,0.6319443331378097,3.3546941743160956,285,4,Dry,2020,2020-04,"{""type"":""MultiPoint"",""coordinates"":[]}"
VHI_M_2020-04_0000000000000000011d,0.5671291634571597,2.954497039566429,286,4,Dry,2020,2020-04,"{""type"":""MultiPoint"",""coordinates"":[]}"
VHI_M_2020-04_0000000000000000011e,0.6480452484798132,3.588902084199275,287,4,Dry,2020,2020-04,"{""type"":""MultiPoint"",""coordinates"":[]}"
VHI_M_2020-04_0000000000000000011f,0.6667674776360154,3.6793667666067567,288,4,Dry,2020,2020-04,"{""type"":""MultiPoint"",""coordinates"":[]}"
VHI_M_2020-04_000000000000000001c4,8.80459086918684,3.2213794130660482,453,4,Dry,2020,2020-04,"{""type"":""MultiPoint"",""coordinates"":[]}"
VHI_M_2020-04_000000000000000001c5,0.648279929104727,3.5476910990194077,454,4,Dry,2020,2020-04,"{""type"":""MultiPoint"",""coordinates"":[]}"
VHI_M_2020-04_000000000000000001c6,0.64547618598512,3.512097793368618,455,4,Dry,2020,2020-04,"{""type"":""MultiPoint"",""coordinates"":[]}"
VHI_M_2020-04_00000000000000000003,0.7234713405840928,2.776832434591572,4,4,Dry,2020,2020-04,"{""type"":""MultiPoint"",""coordinates"":[]}"
VHI_M_2020-04_0000000000000000001b,12.337772157763618,3.6850472813238775,28,4,Dry,2020,2020-04,"{""type"":""MultiPoint"",""coordinates"":[]}"
VHI_M_2020-04_00000000000000000186,64.41457958714764,4.144584741241329,391,4,Dry,2020,2020-04,"{""type"":""MultiPoint"",""coordinates"":[]}"
VHI_M_2020-04_00000000000000000187,0.643229117828818,3.439437294843705,392,4,Dry,2020,2020-04,"{""type"":""MultiPoint"",""coordinates"":[]}"
VHI_M_2020-04_00000000000000000188,2.906603079929086,3.6001836588425,393,4,Dry,2020,2020-04,"{""type"":""MultiPoint"",""coordinates"":[]}"
VHI_M_2020-04_00000000000000000189,3.679464707200183,3.592695889609443,394,4,Dry,2020,2020-04,"{""type"":""MultiPoint"",""coordinates"":[]}"
VHI_M_2020-04_0000000000000000018a,0.624503912981552,3.2707311375846753,395,4,Dry,2020,2020-04,"{""type"":""MultiPoint"",""coordinates"":[]}"
VHI_M_2020-04_0000000000000000018f,0.6397412158315557,3.44408945686901,400,4,Dry,2020,2020-04,"{""type"":""MultiPoint"",""coordinates"":[]}"
VHI_M_2020-04_00000000000000000190,0.5557043446005893,2.9242267374142608,401,4,Dry,2020,2020-04,"{""type"":""MultiPoint"",""coordinates"":[]}"
VHI_M_2020-04_0000000000000000021e,0.6369991806936605,3.465166683868305,543,4,Dry,2020,2020-04,"{""type"":""MultiPoint"",""coordinates"":[]}"
VHI_M_2020-04_0000000000000000021f,0.7227667093832416,3.1980315646570334,544,4,Dry,2020,2020-04,"{""type"":""MultiPoint"",""coordinates"":[]}"
VHI_M_2020-04_00000000000000000220,0.574858543427846,2.8830037572745897,545,4,Dry,2020,2020-04,"{""type"":""MultiPoint"",""coordinates"":[]}"
VHI_M_2020-04_00000000000000000007,0.6687420620188336,3.6163198636460465,8,4,Dry,2020,2020-04,"{""type"":""MultiPoint"",""coordinates"":[]}"
VHI_M_2020-04_0000000000000000000b,0.6001402936791662,3.185892814227349,12,4,Dry,2020,2020-04,"{""type"":""MultiPoint"",""coordinates"":[]}"
VHI_M_2020-04_00000000000000000012,0.5180403001613981,2.656281704237848,19,4,Dry,2020,2020-04,"{""type"":""MultiPoint"",""coordinates"":[]}"
VHI_M_2020-04_00000000000000000013,0.5110998280713653,2.5765961105521873,20,4,Dry,2020,2020-04,"{""type"":""MultiPoint"",""coordinates"":[]}"
VHI_M_2020-04_00000000000000000014,0.5277771783779218,2.742890842112067,21,4,Dry,2020,2020-04,"{""type"":""MultiPoint"",""coordinates"":[]}"
VHI_M_2020-04_00000000000000000015,0.4938088070148714,2.4464487671022086,22,4,Dry,2020,2020-04,"{""type"":""MultiPoint"",""coordinates"":[]}"
VHI_M_2020-04_00000000000000000016,0.49004983103917105,2.4252638651697973,23,4,Dry,2020,2020-04,"{""type"":""MultiPoint"",""coordinates"":[]}"
VHI_M_2020-04_00000000000000000183,0.5270260871833048,2.687774407556682,388,4,Dry,2020,2020-04,"{""type"":""MultiPoint"",""coordinates"":[]}"
VHI_M_2020-04_00000000000000000184,0.5481202573533097,2.8472796350389538,389,4,Dry,2020,2020-04,"{""type"":""MultiPoint"",""coordinates"":[]}"
VHI_M_2020-04_00000000000000000185,4.9260745922517035,2.747710796981792,390,4,Dry,2020,2020-04,"{""type"":""MultiPoint"",""coordinates"":[]}"
VHI_M_2020-04_00000000000000000212,0.510918662636481,2.6536878498518277,531,4,Dry,2020,2020-04,"{""type"":""MultiPoint"",""coordinates"":[]}"
VHI_M_2020-04_00000000000000000213,0.5866765879818743,3.0625199931938054,532,4,Dry,2020,2020-04,"{""type"":""MultiPoint"",""coordinates"":[]}"
VHI_M_2020-04_00000000000000000214,0.5649108426034959,2.927784602036336,533,4,Dry,2020,2020-04,"{""type"":""MultiPoint"",""coordinates"":[]}"
VHI_M_2020-04_00000000000000000215,0.5385795487982823,2.7677176100049774,534,4,Dry,2020,2020-04,"{""type"":""MultiPoint"",""coordinates"":[]}"
VHI_M_2020-04_0000000000000000005a,74.98692380184562,3.054539747312249,91,4,Dry,2020,2020-04,"{""type"":""MultiPoint"",""coordinates"":[]}"
VHI_M_2020-04_00000000000000000118,53.1590877115257,3.919384726637242,281,4,Dry,2020,2020-04,"{""type"":""MultiPoint"",""coordinates"":[]}"
VHI_M_2020-04_00000000000000000119,8.390035428280346,2.8805058454567747,282,4,Dry,2020,2020-04,"{""type"":""MultiPoint"",""coordinates"":[]}"
VHI_M_2020-04_0000000000000000011a,3.890397402105259,3.3816464701971043,283,4,Dry,2020,2020-04,"{""type"":""MultiPoint"",""coordinates"":[]}"
VHI_M_2020-04_0000000000000000011b,0.751221074639879,3.8609985577913615,284,4,Dry,2020,2020-04,"{""type"":""MultiPoint"",""coordinates"":[]}"
VHI_M_2020-04_00000000000000000141,10.299113791498321,3.8246128154279697,322,4,Dry,2020,2020-04,"{""type"":""MultiPoint"",""coordinates"":[]}"
VHI_M_2020-04_00000000000000000142,54.437214643857594,4.322421311509289,323,4,Dry,2020,2020-04,"{""type"":""MultiPoint"",""coordinates"":[]}"
VHI_M_2020-04_00000000000000000143,13.848120253816269,4.0362751201551,324,4,Dry,2020,2020-04,"{""type"":""MultiPoint"",""coordinates"":[]}"
VHI_M_2020-04_00000000000000000144,48.98657427284499,4.159473392071504,325,4,Dry,2020,2020-04,"{""type"":""MultiPoint"",""coordinates"":[]}"
VHI_M_2020-04_00000000000000000145,35.28001060596764,4.3785487041893125,326,4,Dry,2020,2020-04,"{""type"":""MultiPoint"",""coordinates"":[]}"
VHI_M_2020-04_000000000000000001af,85.81377608830256,2.9730073161340007,432,4,Dry,2020,2020-04,"{""type"":""MultiPoint"",""coordinates"":[]}"
VHI_M_2020-04_0000000000000000004b,0.5692865256180862,2.9230006973244747,76,4,Dry,2020,2020-04,"{""type"":""MultiPoint"",""coordinates"":[]}"
VHI_M_2020-04_0000000000000000004c,0.5438392142159577,2.8346599451667105,77,4,Dry,2020,2020-04,"{""type"":""MultiPoint"",""coordinates"":[]}"
VHI_M_2020-04_0000000000000000004d,0.49930057564028096,2.477703926307481,78,4,Dry,2020,2020-04,"{""type"":""MultiPoint"",""coordinates"":[]}"
VHI_M_2020-04_0000000000000000004e,0.5614819935958092,2.942421362221419,79,4,Dry,2020,2020-04,"{""type"":""MultiPoint"",""coordinates"":[]}"
VHI_M_2020-04_0000000000000000004f,0.6118762916322499,3.275366203344317,80,4,Dry,2020,2020-04,"{""type"":""MultiPoint"",""coordinates"":[]}"
VHI_M_2020-04_00000000000000000050,0.6320662190925039,3.542726679712981,81,4,Dry,2020,2020-04,"{""type"":""MultiPoint"",""coordinates"":[]}"
VHI_M_2020-04_00000000000000000051,0.7164895607001721,3.851283281362438,82,4,Dry,2020,2020-04,"{""type"":""MultiPoint"",""coordinates"":[]}"
VHI_M_2020-04_00000000000000000052,0.48026684812067333,2.478140078958913,83,4,Dry,2020,2020-04,"{""type"":""MultiPoint"",""coordinates"":[]}"
VHI_M_2020-04_000000000000000000aa,0.4911011080645539,2.413968078235999,171,4,Dry,2020,2020-04,"{""type"":""MultiPoint"",""coordinates"":[]}"
VHI_M_2020-04_000000000000000000ab,0.5117550372673699,2.569761167826782,172,4,Dry,2020,2020-04,"{""type"":""MultiPoint"",""coordinates"":[]}"
VHI_M_2020-04_000000000000000000ac,0.4985247123169747,2.5173766454180724,173,4,Dry,2020,2020-04,"{""type"":""MultiPoint"",""coordinates"":[]}"
VHI_M_2020-04_000000000000000000ad,0.5461455934051165,2.8190754604122237,174,4,Dry,2020,2020-04,"{""type"":""MultiPoint"",""coordinates"":[]}"
VHI_M_2020-04_000000000000000000ae,0.3710342170716709,1.7181143485431554,175,4,Dry,2020,2020-04,"{""type"":""MultiPoint"",""coordinates"":[]}"
VHI_M_2020-04_000000000000000000af,0.46593234422593016,2.204711294416243,176,4,Dry,2020,2020-04,"{""type"":""MultiPoint"",""coordinates"":[]}"
VHI_M_2020-04_000000000000000000b0,1.0338101568932372,5.0,177,4,Dry,2020,2020-04,"{""type"":""MultiPoint"",""coordinates"":[]}"
VHI_M_2020-04_000000000000000001c7,0.48125649045684293,2.5253274030145785,456,4,Dry,2020,2020-04,"{""type"":""MultiPoint"",""coordinates"":[]}"
VHI_M_2020-04_000000000000000001c8,0.5874862808289262,3.0774903883383735,457,4,Dry,2020,2020-04,"{""type"":""MultiPoint"",""coordinates"":[]}"
VHI_M_2020-04_000000000000000001c9,0.5425319754760244,2.771368887752057,458,4,Dry,2020,2020-04,"{""type"":""MultiPoint"",""coordinates"":[]}"
VHI_M_2020-04_000000000000000001ca,0.6888126130439762,3.884729796727813,459,4,Dry,2020,2020-04,"{""type"":""MultiPoint"",""coordinates"":[]}"
VHI_M_2020-04_0000000000000000020a,0.7306524893517797,3.955845320638863,523,4,Dry,2020,2020-04,"{""type"":""MultiPoint"",""coordinates"":[]}"
VHI_M_2020-04_0000000000000000020b,1.036001650869907,3.5387253480832728,524,4,Dry,2020,2020-04,"{""type"":""MultiPoint"",""coordinates"":[]}"
VHI_M_2020-04_0000000000000000020c,0.62518167700823,3.3338965860916887,525,4,Dry,2020,2020-04,"{""type"":""MultiPoint"",""coordinates"":[]}"
VHI_M_2020-04_000000000000000001ab,0.6496285771951558,3.4705528329464355,428,4,Dry,2020,2020-04,"{""type"":""MultiPoint"",""coordinates"":[]}"
VHI_M_2020-04_000000000000000001ac,0.616243226187529,3.2762359256850684,429,4,Dry,2020,2020-04,"{""type"":""MultiPoint"",""coordinates"":[]}"
VHI_M_2020-04_000000000000000001ad,8.150396707449827,3.3841229583921613,430,4,Dry,2020,2020-04,"{""type"":""MultiPoint"",""coordinates"":[]}"
VHI_M_2020-04_000000000000000001ae,45.5130192487538,3.2944531127157486,431,4,Dry,2020,2020-04,"{""type"":""MultiPoint"",""coordinates"":[]}"
VHI_M_2020-04_000000000000000001c3,39.11356551502447,3.4343542057669327,452,4,Dry,2020,2020-04,"{""type"":""MultiPoint"",""coordinates"":[]}"
VHI_M_2020-04_00000000000000000037,0.31333444148306205,1.41231404530297,56,4,Dry,2020,2020-04,"{""type"":""MultiPoint"",""coordinates"":[]}"
VHI_M_2020-04_00000000000000000038,0.36266380723893404,1.5963805965709652,57,4,Dry,2020,2020-04,"{""type"":""MultiPoint"",""coordinates"":[]}"
VHI_M_2020-04_00000000000000000039,0.33150703406699866,1.45548114522001,58,4,Dry,2020,2020-04,"{""type"":""MultiPoint"",""coordinates"":[]}"
VHI_M_2020-04_0000000000000000003a,0.3999249072462382,1.8780146181609505,59,4,Dry,2020,2020-04,"{""type"":""MultiPoint"",""coordinates"":[]}"
VHI_M_2020-04_0000000000000000003b,0.3544527821490925,1.5991997468388837,60,4,Dry,2020,2020-04,"{""type"":""MultiPoint"",""coordinates"":[]}"
VHI_M_2020-04_0000000000000000003c,0.407377939807572,2.0744015793370076,61,4,Dry,2020,2020-04,"{""type"":""MultiPoint"",""coordinates"":[]}"
VHI_M_2020-04_0000000000000000003d,0.4541524115859052,2.2154576190758646,62,4,Dry,2020,2020-04,"{""type"":""MultiPoint"",""coordinates"":[]}"
VHI_M_2020-04_0000000000000000003e,10.28921293338723,1.7784234887554884,63,4,Dry,2020,2020-04,"{""type"":""MultiPoint"",""coordinates"":[]}"
VHI_M_2020-04_0000000000000000003f,0.3695825577029801,1.617496501762402,64,4,Dry,2020,2020-04,"{""type"":""MultiPoint"",""coordinates"":[]}"
VHI_M_2020-04_00000000000000000044,0.3998039827576806,1.9504744464791075,69,4,Dry,2020,2020-04,"{""type"":""MultiPoint"",""coordinates"":[]}"
VHI_M_2020-04_00000000000000000076,0.393657393641663,1.7764693312612294,119,4,Dry,2020,2020-04,"{""type"":""MultiPoint"",""coordinates"":[]}"
VHI_M_2020-04_00000000000000000077,5.743466731447541,2.1035857461024503,120,4,Dry,2020,2020-04,"{""type"":""MultiPoint"",""coordinates"":[]}"
VHI_M_2020-04_00000000000000000078,0.4307236636145309,2.0439809547525094,121,4,Dry,2020,2020-04,"{""type"":""MultiPoint"",""coordinates"":[]}"
VHI_M_2020-04_00000000000000000079,0.5321389656328785,2.7928458372902814,122,4,Dry,2020,2020-04,"{""type"":""MultiPoint"",""coordinates"":[]}"
VHI_M_2020-04_0000000000000000008b,0.4946776053261261,2.39150115473441,140,4,Dry,2020,2020-04,"{""type"":""MultiPoint"",""coordinates"":[]}"
VHI_M_2020-04_0000000000000000008c,1.5384853962023026,2.6160393692552613,141,4,Dry,2020,2020-04,"{""type"":""MultiPoint"",""coordinates"":[]}"
VHI_M_2020-04_0000000000000000008d,6.329928747293157,2.3716929025131184,142,4,Dry,2020,2020-04,"{""type"":""MultiPoint"",""coordinates"":[]}"
VHI_M_2020-04_0000000000000000008e,0.6987182143197707,3.8390639499697405,143,4,Dry,2020,2020-04,"{""type"":""MultiPoint"",""coordinates"":[]}"
VHI_M_2020-04_0000000000000000008f,0.7212359257755313,4.022865853658536,144,4,Dry,2020,2020-04,"{""type"":""MultiPoint"",""coordinates"":[]}"
VHI_M_2020-04_00000000000000000090,0.6392692928617902,3.3988046836884,145,4,Dry,2020,2020-04,"{""type"":""MultiPoint"",""coordinates"":[]}"
VHI_M_2020-04_00000000000000000091,0.6907605703454028,3.7748311761395614,146,4,Dry,2020,2020-04,"{""type"":""MultiPoint"",""coordinates"":[]}"
VHI_M_2020-04_000000000000000000b5,36.03585174613538,2.503389404971127,182,4,Dry,2020,2020-04,"{""type"":""MultiPoint"",""coordinates"":[]}"
VHI_M_2020-04_000000000000000000cc,8.900441669469078,2.7724178371494297,205,4,Dry,2020,2020-04,"{""type"":""MultiPoint"",""coordinates"":[]}"
VHI_M_2020-04_000000000000000000cd,0.8463237814338683,2.939383715268325,206,4,Dry,2020,2020-04,"{""type"":""MultiPoint"",""coordinates"":[]}"
VHI_M_2020-04_000000000000000001dd,0.6505364932215808,3.487804102401019,478,4,Dry,2020,2020-04,"{""type"":""MultiPoint"",""coordinates"":[]}"
VHI_M_2020-04_000000000000000001de,0.6410088896777439,3.465447526733259,479,4,Dry,2020,2020-04,"{""type"":""MultiPoint"",""coordinates"":[]}"
VHI_M_2020-04_000000000000000001df,0.6447634206969871,3.4784951157411275,480,4,Dry,2020,2020-04,"{""type"":""MultiPoint"",""coordinates"":[]}"
VHI_M_2020-04_000000000000000001e0,0.7094214303651569,3.927515519966125,481,4,Dry,2020,2020-04,"{""type"":""MultiPoint"",""coordinates"":[]}"
VHI_M_2020-04_000000000000000001e1,0.6920461946424273,3.889934005916711,482,4,Dry,2020,2020-04,"{""type"":""MultiPoint"",""coordinates"":[]}"
VHI_M_2020-04_0000000000000000007a,0.5288027707739077,2.7293953919901037,123,4,Dry,2020,2020-04,"{""type"":""MultiPoint"",""coordinates"":[]}"
VHI_M_2020-04_0000000000000000007b,0.5123545750445787,2.5755916486517245,124,4,Dry,2020,2020-04,"{""type"":""MultiPoint"",""coordinates"":[]}"
VHI_M_2020-04_0000000000000000007c,0.4730357705025457,2.338984960034603,125,4,Dry,2020,2020-04,"{""type"":""MultiPoint"",""coordinates"":[]}"
VHI_M_2020-04_0000000000000000007d,0.4242090442828286,2.0218562764611945,126,4,Dry,2020,2020-04,"{""type"":""MultiPoint"",""coordinates"":[]}"
VHI_M_2020-04_0000000000000000007e,19.28171657203816,1.986769738857149,127,4,Dry,2020,2020-04,"{""type"":""MultiPoint"",""coordinates"":[]}"
VHI_M_2020-04_0000000000000000007f,13.830821148398186,2.262745876553014,128,4,Dry,2020,2020-04,"{""type"":""MultiPoint"",""coordinates"":[]}"
VHI_M_2020-04_00000000000000000080,0.3356730006683265,1.4745001939282825,129,4,Dry,2020,2020-04,"{""type"":""MultiPoint"",""coordinates"":[]}"
VHI_M_2020-04_00000000000000000088,4.51598940489733,2.478951662131249,137,4,Dry,2020,2020-04,"{""type"":""MultiPoint"",""coordinates"":[]}"
VHI_M_2020-04_00000000000000000089,0.32818025937016604,1.7097627452755229,138,4,Dry,2020,2020-04,"{""type"":""MultiPoint"",""coordinates"":[]}"
VHI_M_2020-04_0000000000000000008a,0.44747527289424444,2.1995465689894522,139,4,Dry,2020,2020-04,"{""type"":""MultiPoint"",""coordinates"":[]}"
VHI_M_2020-04_00000000000000000099,0.6384113701287168,3.4074999924976113,154,4,Dry,2020,2020-04,"{""type"":""MultiPoint"",""coordinates"":[]}"
VHI_M_2020-04_0000000000000000009a,2.764462466619837,2.529584498874254,155,4,Dry,2020,2020-04,"{""type"":""MultiPoint"",""coordinates"":[]}"
VHI_M_2020-04_00000000000000000112,0.5328375179289434,2.8363105462040537,275,4,Dry,2020,2020-04,"{""type"":""MultiPoint"",""coordinates"":[]}"
VHI_M_2020-04_000000000000000001d8,0.5957509657587056,3.3082534030210797,473,4,Dry,2020,2020-04,"{""type"":""MultiPoint"",""coordinates"":[]}"
VHI_M_2020-04_00000000000000000001,0.7306236547701673,4.004301075268818,2,4,Dry,2020,2020-04,"{""type"":""MultiPoint"",""coordinates"":[]}"
VHI_M_2020-04_00000000000000000030,0.566890096735571,2.944061306774187,49,4,Dry,2020,2020-04,"{""type"":""MultiPoint"",""coordinates"":[]}"
VHI_M_2020-04_00000000000000000031,0.559121507220087,2.910229180858492,50,4,Dry,2020,2020-04,"{""type"":""MultiPoint"",""coordinates"":[]}"
VHI_M_2020-04_00000000000000000032,0.656043996648467,3.552810452195855,51,4,Dry,2020,2020-04,"{""type"":""MultiPoint"",""coordinates"":[]}"
VHI_M_2020-04_000000000000000000d7,0.593354893504022,3.080300541137079,216,4,Dry,2020,2020-04,"{""type"":""MultiPoint"",""coordinates"":[]}"
VHI_M_2020-04_000000000000000000d8,0.646094530263524,3.4851138255380425,217,4,Dry,2020,2020-04,"{""type"":""MultiPoint"",""coordinates"":[]}"
VHI_M_2020-04_000000000000000000d9,0.6449428976775444,3.4570176061825615,218,4,Dry,2020,2020-04,"{""type"":""MultiPoint"",""coordinates"":[]}"
VHI_M_2020-04_000000000000000000da,0.6379830319849144,3.4296182518227254,219,4,Dry,2020,2020-04,"{""type"":""MultiPoint"",""coordinates"":[]}"
VHI_M_2020-04_00000000000000000132,0.6147009761810037,3.2488075136856875,307,4,Dry,2020,2020-04,"{""type"":""MultiPoint"",""coordinates"":[]}"
VHI_M_2020-04_00000000000000000133,81.74380271385253,3.750028574694252,308,4,Dry,2020,2020-04,"{""type"":""MultiPoint"",""coordinates"":[]}"
VHI_M_2020-04_00000000000000000134,0.7079344487357649,3.8669666653896884,309,4,Dry,2020,2020-04,"{""type"":""MultiPoint"",""coordinates"":[]}"
VHI_M_2020-04_00000000000000000135,24.780272047510717,4.0611026786269715,310,4,Dry,2020,2020-04,"{""type"":""MultiPoint"",""coordinates"":[]}"
VHI_M_2020-04_0000000000000000001f,0.5965898472654401,3.110172761596812,32,4,Dry,2020,2020-04,"{""type"":""MultiPoint"",""coordinates"":[]}"
VHI_M_2020-04_00000000000000000020,0.625010904484121,3.336559843865064,33,4,Dry,2020,2020-04,"{""type"":""MultiPoint"",""coordinates"":[]}"
VHI_M_2020-04_00000000000000000021,0.576729713182635,3.0056298303101388,34,4,Dry,2020,2020-04,"{""type"":""MultiPoint"",""coordinates"":[]}"
VHI_M_2020-04_00000000000000000045,0.5788778762673087,3.014598978557112,70,4,Dry,2020,2020-04,"{""type"":""MultiPoint"",""coordinates"":[]}"
VHI_M_2020-04_00000000000000000046,0.6147372619401161,3.2701302868143314,71,4,Dry,2020,2020-04,"{""type"":""MultiPoint"",""coordinates"":[]}"
VHI_M_2020-04_00000000000000000047,0.5805750652583895,3.0480677819103676,72,4,Dry,2020,2020-04,"{""type"":""MultiPoint"",""coordinates"":[]}"
VHI_M_2020-04_00000000000000000048,0.5426248168487809,2.7915859624201356,73,4,Dry,2020,2020-04,"{""type"":""MultiPoint"",""coordinates"":[]}"
VHI_M_2020-04_00000000000000000072,0.563874950244312,2.925824813845359,115,4,Dry,2020,2020-04,"{""type"":""MultiPoint"",""coordinates"":[]}"
VHI_M_2020-04_00000000000000000073,0.5690388041044033,2.958714942428795,116,4,Dry,2020,2020-04,"{""type"":""MultiPoint"",""coordinates"":[]}"
VHI_M_2020-04_00000000000000000074,0.5992539262363381,3.146640274421031,117,4,Dry,2020,2020-04,"{""type"":""MultiPoint"",""coordinates"":[]}"
VHI_M_2020-04_00000000000000000075,0.6108887517742361,3.235467722734627,118,4,Dry,2020,2020-04,"{""type"":""MultiPoint"",""coordinates"":[]}"
VHI_M_2020-04_000000000000000000b4,0.5907076602262058,3.2067935630544278,181,4,Dry,2020,2020-04,"{""type"":""MultiPoint"",""coordinates"":[]}"
VHI_M_2020-04_000000000000000000e8,0.6716227399648268,3.7226283577014616,233,4,Dry,2020,2020-04,"{""type"":""MultiPoint"",""coordinates"":[]}"
VHI_M_2020-04_000000000000000000e9,0.5581520327742054,2.888486240450834,234,4,Dry,2020,2020-04,"{""type"":""MultiPoint"",""coordinates"":[]}"
VHI_M_2020-04_000000000000000000ea,0.5088346217040972,2.5673374512010345,235,4,Dry,2020,2020-04,"{""type"":""MultiPoint"",""coordinates"":[]}"
VHI_M_2020-04_00000000000000000022,0.572915431442996,3.012119163321361,35,4,Dry,2020,2020-04,"{""type"":""MultiPoint"",""coordinates"":[]}"
VHI_M_2020-04_00000000000000000023,0.5076387623048457,2.5665167796255606,36,4,Dry,2020,2020-04,"{""type"":""MultiPoint"",""coordinates"":[]}"
VHI_M_2020-04_00000000000000000024,0.5310007008202208,2.743752956197274,37,4,Dry,2020,2020-04,"{""type"":""MultiPoint"",""coordinates"":[]}"
VHI_M_2020-04_00000000000000000025,0.5973741042750748,3.135095851565622,38,4,Dry,2020,2020-04,"{""type"":""MultiPoint"",""coordinates"":[]}"
VHI_M_2020-04_000000000000000000f0,0.5231067975035635,2.6784416116315977,241,4,Dry,2020,2020-04,"{""type"":""MultiPoint"",""coordinates"":[]}"
VHI_M_2020-04_000000000000000000f4,0.5120828561800906,2.592125805283084,245,4,Dry,2020,2020-04,"{""type"":""MultiPoint"",""coordinates"":[]}"
VHI_M_2020-04_000000000000000000f5,0.5329238496239799,2.732426500292907,246,4,Dry,2020,2020-04,"{""type"":""MultiPoint"",""coordinates"":[]}"
VHI_M_2020-04_000000000000000000f6,0.5324377523282178,2.7382651300490553,247,4,Dry,2020,2020-04,"{""type"":""MultiPoint"",""coordinates"":[]}"
VHI_M_2020-04_000000000000000000f7,0.6293757866882301,3.3588536335721595,248,4,Dry,2020,2020-04,"{""type"":""MultiPoint"",""coordinates"":[]}"
VHI_M_2020-04_000000000000000000f8,0.5525454551968317,2.838500972965281,249,4,Dry,2020,2020-04,"{""type"":""MultiPoint"",""coordinates"":[]}"
VHI_M_2020-04_00000000000000000000,0.6577348230988531,3.5436268120235415,1,4,Dry,2020,2020-04,"{""type"":""MultiPoint"",""coordinates"":[]}"
VHI_M_2020-04_000000000000000000f2,0.5763796113829178,3.0130711309306224,243,4,Dry,2020,2020-04,"{""type"":""MultiPoint"",""coordinates"":[]}"
VHI_M_2020-04_000000000000000000f3,0.5929274678151017,3.115566837145889,244,4,Dry,2020,2020-04,"{""type"":""MultiPoint"",""coordinates"":[]}"
VHI_M_2020-04_00000000000000000106,0.5062377150405998,2.5441944589649763,263,4,Dry,2020,2020-04,"{""type"":""MultiPoint"",""coordinates"":[]}"
VHI_M_2020-04_00000000000000000107,0.5619704783910879,2.929634436377467,264,4,Dry,2020,2020-04,"{""type"":""MultiPoint"",""coordinates"":[]}"
VHI_M_2020-04_00000000000000000108,0.5247872921663536,2.655986853596195,265,4,Dry,2020,2020-04,"{""type"":""MultiPoint"",""coordinates"":[]}"
VHI_M_2020-04_0000000000000000012c,0.5311123570261166,2.715457613662663,301,4,Dry,2020,2020-04,"{""type"":""MultiPoint"",""coordinates"":[]}"
VHI_M_2020-04_0000000000000000012d,0.6443906955745361,3.4615335628147297,302,4,Dry,2020,2020-04,"{""type"":""MultiPoint"",""coordinates"":[]}"
VHI_M_2020-04_0000000000000000012e,0.5811326893731397,3.0282937448878244,303,4,Dry,2020,2020-04,"{""type"":""MultiPoint"",""coordinates"":[]}"
VHI_M_2020-04_000000000000000000a5,0.4562797418527228,2.250936055883934,166,4,Dry,2020,2020-04,"{""type"":""MultiPoint"",""coordinates"":[]}"
VHI_M_2020-04_000000000000000000a6,0.4689687867435059,2.3327298727097268,167,4,Dry,2020,2020-04,"{""type"":""MultiPoint"",""coordinates"":[]}"
VHI_M_2020-04_000000000000000000c1,45.83294857355276,2.828865795459614,194,4,Dry,2020,2020-04,"{""type"":""MultiPoint"",""coordinates"":[]}"
VHI_M_2020-04_00000000000000000120,2.6868719400623577,2.4618552657383797,289,4,Dry,2020,2020-04,"{""type"":""MultiPoint"",""coordinates"":[]}"
VHI_M_2020-04_000000000000000001d9,5.467685553161935,2.044352002834028,474,4,Dry,2020,2020-04,"{""type"":""MultiPoint"",""coordinates"":[]}"
VHI_M_2020-04_000000000000000001da,0.48717968078019813,2.457637965005641,475,4,Dry,2020,2020-04,"{""type"":""MultiPoint"",""coordinates"":[]}"
VHI_M_2020-04_000000000000000001db,0.4259096330700112,2.044976052208094,476,4,Dry,2020,2020-04,"{""type"":""MultiPoint"",""coordinates"":[]}"
VHI_M_2020-04_000000000000000001dc,0.46055915493077926,2.271684908048544,477,4,Dry,2020,2020-04,"{""type"":""MultiPoint"",""coordinates"":[]}"
VHI_M_2020-04_000000000000000001e2,54.63472028828142,3.141229940522949,483,4,Dry,2020,2020-04,"{""type"":""MultiPoint"",""coordinates"":[]}"
VHI_M_2020-04_000000000000000001e3,4.569566718378966,2.742286388450076,484,4,Dry,2020,2020-04,"{""type"":""MultiPoint"",""coordinates"":[]}"
VHI_M_2020-04_000000000000000001e4,80.52566579990477,3.1833516182117383,485,4,Dry,2020,2020-04,"{""type"":""MultiPoint"",""coordinates"":[]}"
VHI_M_2020-04_000000000000000001e5,26.567603842164655,2.5125443786982253,486,4,Dry,2020,2020-04,"{""type"":""MultiPoint"",""coordinates"":[]}"
VHI_M_2020-04_000000000000000001e6,1.1479727067546912,2.90202989295092,487,4,Dry,2020,2020-04,"{""type"":""MultiPoint"",""coordinates"":[]}"
VHI_M_2020-04_000000000000000001e7,15.959788115154883,2.382633463795459,488,4,Dry,2020,2020-04,"{""type"":""MultiPoint"",""coordinates"":[]}"
VHI_M_2020-04_000000000000000001e8,0.463000533330707,2.215072198727473,489,4,Dry,2020,2020-04,"{""type"":""MultiPoint"",""coordinates"":[]}"
VHI_M_2020-04_000000000000000001e9,58.69788081922925,3.0513039239580793,490,4,Dry,2020,2020-04,"{""type"":""MultiPoint"",""coordinates"":[]}"
VHI_M_2020-04_000000000000000000e2,0.5358701501025778,2.737972426019072,227,4,Dry,2020,2020-04,"{""type"":""MultiPoint"",""coordinates"":[]}"
VHI_M_2020-04_000000000000000000e3,0.5558238128710903,2.875869769310714,228,4,Dry,2020,2020-04,"{""type"":""MultiPoint"",""coordinates"":[]}"
VHI_M_2020-04_000000000000000000e4,25.316134561563214,3.12251655629139,229,4,Dry,2020,2020-04,"{""type"":""MultiPoint"",""coordinates"":[]}"
VHI_M_2020-04_000000000000000000e5,1.283443598721778,3.2896710081271365,230,4,Dry,2020,2020-04,"{""type"":""MultiPoint"",""coordinates"":[]}"
VHI_M_2020-04_000000000000000000e6,0.5980022907473369,3.2347211611917492,231,4,Dry,2020,2020-04,"{""type"":""MultiPoint"",""coordinates"":[]}"
VHI_M_2020-04_000000000000000000e7,0.5277642419548566,2.5855181023720353,232,4,Dry,2020,2020-04,"{""type"":""MultiPoint"",""coordinates"":[]}"
VHI_M_2020-04_0000000000000000017f,0.556217971909406,2.852077730068105,384,4,Dry,2020,2020-04,"{""type"":""MultiPoint"",""coordinates"":[]}"
VHI_M_2020-04_00000000000000000180,0.5283027113660089,2.6995913309644766,385,4,Dry,2020,2020-04,"{""type"":""MultiPoint"",""coordinates"":[]}"
VHI_M_2020-04_00000000000000000203,0.4746300754738569,2.337238260315184,516,4,Dry,2020,2020-04,"{""type"":""MultiPoint"",""coordinates"":[]}"
VHI_M_2020-04_00000000000000000204,0.5033010491604641,2.4887503542079905,517,4,Dry,2020,2020-04,"{""type"":""MultiPoint"",""coordinates"":[]}"
VHI_M_2020-04_00000000000000000205,0.5689613308537697,2.9450134805249424,518,4,Dry,2020,2020-04,"{""type"":""MultiPoint"",""coordinates"":[]}"
VHI_M_2020-04_00000000000000000206,0.48413750619342727,2.3796407066235985,519,4,Dry,2020,2020-04,"{""type"":""MultiPoint"",""coordinates"":[]}"
VHI_M_2020-04_00000000000000000207,0.5795124140856752,3.0919668938656284,520,4,Dry,2020,2020-04,"{""type"":""MultiPoint"",""coordinates"":[]}"
VHI_M_2020-04_00000000000000000208,0.5023629428510542,2.514594754778485,521,4,Dry,2020,2020-04,"{""type"":""MultiPoint"",""coordinates"":[]}"
VHI_M_2020-04_00000000000000000209,0.5135331009771124,2.603956555469356,522,4,Dry,2020,2020-04,"{""type"":""MultiPoint"",""coordinates"":[]}"
VHI_M_2020-04_0000000000000000000e,0.5690288266625205,3.003942508542101,15,4,Dry,2020,2020-04,"{""type"":""MultiPoint"",""coordinates"":[]}"
VHI_M_2020-04_00000000000000000124,0.6365167637815269,3.4531959483059724,293,4,Dry,2020,2020-04,"{""type"":""MultiPoint"",""coordinates"":[]}"
VHI_M_2020-04_00000000000000000125,13.668153297653953,3.5691115778436333,294,4,Dry,2020,2020-04,"{""type"":""MultiPoint"",""coordinates"":[]}"
VHI_M_2020-04_00000000000000000126,0.5520074113702892,2.837500072760291,295,4,Dry,2020,2020-04,"{""type"":""MultiPoint"",""coordinates"":[]}"
VHI_M_2020-04_00000000000000000127,0.53918544647365,2.773984211983496,296,4,Dry,2020,2020-04,"{""type"":""MultiPoint"",""coordinates"":[]}"
VHI_M_2020-04_00000000000000000128,0.6109326598061855,3.2683503175306456,297,4,Dry,2020,2020-04,"{""type"":""MultiPoint"",""coordinates"":[]}"
VHI_M_2020-04_00000000000000000129,0.55777585687018,2.896270499963987,298,4,Dry,2020,2020-04,"{""type"":""MultiPoint"",""coordinates"":[]}"
VHI_M_2020-04_0000000000000000012a,0.5560137221246809,2.861649214233898,299,4,Dry,2020,2020-04,"{""type"":""MultiPoint"",""coordinates"":[]}"
VHI_M_2020-04_0000000000000000012b,0.5546885076735507,2.8482034831064507,300,4,Dry,2020,2020-04,"{""type"":""MultiPoint"",""coordinates"":[]}"
VHI_M_2020-04_00000000000000000174,0.5420696481513037,2.73650580875782,373,4,Dry,2020,2020-04,"{""type"":""MultiPoint"",""coordinates"":[]}"
VHI_M_2020-04_00000000000000000175,0.578487216508089,3.0039341688497827,374,4,Dry,2020,2020-04,"{""type"":""MultiPoint"",""coordinates"":[]}"
VHI_M_2020-04_00000000000000000176,0.5197198912775317,2.6266067883758017,375,4,Dry,2020,2020-04,"{""type"":""MultiPoint"",""coordinates"":[]}"
VHI_M_2020-04_00000000000000000177,0.5002941929646553,2.5005597850425416,376,4,Dry,2020,2020-04,"{""type"":""MultiPoint"",""coordinates"":[]}"
VHI_M_2020-04_00000000000000000195,0.6217059420962918,3.3106030531596238,406,4,Dry,2020,2020-04,"{""type"":""MultiPoint"",""coordinates"":[]}"
VHI_M_2020-04_00000000000000000196,0.5599195636673281,2.8951271015684177,407,4,Dry,2020,2020-04,"{""type"":""MultiPoint"",""coordinates"":[]}"
VHI_M_2020-04_00000000000000000197,3.3350591436700237,3.0678782773808098,408,4,Dry,2020,2020-04,"{""type"":""MultiPoint"",""coordinates"":[]}"
VHI_M_2020-04_00000000000000000198,0.4895140820495753,2.36722435830822,409,4,Dry,2020,2020-04,"{""type"":""MultiPoint"",""coordinates"":[]}"
VHI_M_2020-04_00000000000000000199,0.5421930762028276,2.766852124748127,410,4,Dry,2020,2020-04,"{""type"":""MultiPoint"",""coordinates"":[]}"
VHI_M_2020-04_00000000000000000035,0.4830887420564297,2.2860927152317885,54,4,Dry,2020,2020-04,"{""type"":""MultiPoint"",""coordinates"":[]}"
VHI_M_2020-04_000000000000000000ce,0.34427379635831956,1.5666973336976502,207,4,Dry,2020,2020-04,"{""type"":""MultiPoint"",""coordinates"":[]}"
VHI_M_2020-04_000000000000000000cf,0.44676371154689853,2.211884316267012,208,4,Dry,2020,2020-04,"{""type"":""MultiPoint"",""coordinates"":[]}"
VHI_M_2020-04_000000000000000000d0,3.21752721424163,2.0895381132751125,209,4,Dry,2020,2020-04,"{""type"":""MultiPoint"",""coordinates"":[]}"
VHI_M_2020-04_000000000000000000d1,27.1938779259038,2.8960438651033025,210,4,Dry,2020,2020-04,"{""type"":""MultiPoint"",""coordinates"":[]}"
VHI_M_2020-04_000000000000000001ea,0.3574038449122223,1.6852418973457175,491,4,Dry,2020,2020-04,"{""type"":""MultiPoint"",""coordinates"":[]}"
VHI_M_2020-04_000000000000000001eb,0.29801001766607943,1.43837942976422,492,4,Dry,2020,2020-04,"{""type"":""MultiPoint"",""coordinates"":[]}"
VHI_M_2020-04_000000000000000001ec,0.37096838442747565,1.7464246424642467,493,4,Dry,2020,2020-04,"{""type"":""MultiPoint"",""coordinates"":[]}"
VHI_M_2020-04_000000000000000001ed,0.3899645893964417,1.8526917481745508,494,4,Dry,2020,2020-04,"{""type"":""MultiPoint"",""coordinates"":[]}"
VHI_M_2020-04_000000000000000001f4,8.969540494927022,2.831261503028061,501,4,Dry,2020,2020-04,"{""type"":""MultiPoint"",""coordinates"":[]}"
VHI_M_2020-04_000000000000000001f5,0.3380570658110615,1.5800529196557362,502,4,Dry,2020,2020-04,"{""type"":""MultiPoint"",""coordinates"":[]}"
VHI_M_2020-04_000000000000000001f6,0.4175221120746475,1.9381221599112446,503,4,Dry,2020,2020-04,"{""type"":""MultiPoint"",""coordinates"":[]}"
VHI_M_2020-04_000000000000000001f7,50.214474993817724,2.934869087055091,504,4,Dry,2020,2020-04,"{""type"":""MultiPoint"",""coordinates"":[]}"
VHI_M_2020-04_000000000000000001f8,0.5054246005174261,2.5087291158250435,505,4,Dry,2020,2020-04,"{""type"":""MultiPoint"",""coordinates"":[]}"
VHI_M_2020-04_000000000000000001f9,0.5093980926104592,2.5575150832062583,506,4,Dry,2020,2020-04,"{""type"":""MultiPoint"",""coordinates"":[]}"
VHI_M_2020-04_000000000000000001fa,25.908002950197282,2.6156248006730793,507,4,Dry,2020,2020-04,"{""type"":""MultiPoint"",""coordinates"":[]}"
VHI_M_2020-04_000000000000000001fb,7.917829457233947,2.832599637972217,508,4,Dry,2020,2020-04,"{""type"":""MultiPoint"",""coordinates"":[]}"
VHI_M_2020-04_000000000000000001fc,0.4220553296021039,1.8977654596275249,509,4,Dry,2020,2020-04,"{""type"":""MultiPoint"",""coordinates"":[]}"
VHI_M_2020-04_000000000000000001fd,0.3886152629775325,1.8132034343164742,510,4,Dry,2020,2020-04,"{""type"":""MultiPoint"",""coordinates"":[]}"
VHI_M_2020-04_00000000000000000049,0.40790224812147075,1.9657006016524994,74,4,Dry,2020,2020-04,"{""type"":""MultiPoint"",""coordinates"":[]}"
VHI_M_2020-04_0000000000000000004a,37.346688389778535,3.1738647258058643,75,4,Dry,2020,2020-04,"{""type"":""MultiPoint"",""coordinates"":[]}"
VHI_M_2020-04_000000000000000000fd,71.32183085797244,3.1530653473510606,254,4,Dry,2020,2020-04,"{""type"":""MultiPoint"",""coordinates"":[]}"
VHI_M_2020-04_000000000000000000fe,5.915967298391359,2.674333372293,255,4,Dry,2020,2020-04,"{""type"":""MultiPoint"",""coordinates"":[]}"
VHI_M_2020-04_00000000000000000191,0.31155543340484343,1.120828848223897,402,4,Dry,2020,2020-04,"{""type"":""MultiPoint"",""coordinates"":[]}"
VHI_M_2020-04_0000000000000000016e,18.840982775688587,2.343978815926924,367,4,Dry,2020,2020-04,"{""type"":""MultiPoint"",""coordinates"":[]}"
VHI_M_2020-04_0000000000000000016f,0.4291550244549634,1.9946378768608046,368,4,Dry,2020,2020-04,"{""type"":""MultiPoint"",""coordinates"":[]}"
VHI_M_2020-04_00000000000000000170,0.47882723164224006,2.405445956558945,369,4,Dry,2020,2020-04,"{""type"":""MultiPoint"",""coordinates"":[]}"
VHI_M_2020-04_00000000000000000181,35.85507233370432,2.949663155435271,386,4,Dry,2020,2020-04,"{""type"":""MultiPoint"",""coordinates"":[]}"
VHI_M_2020-04_00000000000000000182,0.4889276818197191,2.4598411462622223,387,4,Dry,2020,2020-04,"{""type"":""MultiPoint"",""coordinates"":[]}"
VHI_M_2020-04_00000000000000000228,0.5933476582618826,3.139630184907545,553,4,Dry,2020,2020-04,"{""type"":""MultiPoint"",""coordinates"":[]}"
VHI_M_2020-05_00000000000000000017,46.478224775240456,2.2888365116777365,24,5,Dry,2020,2020-05,"{""type"":""MultiPoint"",""coordinates"":[]}"
VHI_M_2020-05_00000000000000000018,232.38108611070757,4.734530506274339,25,5,Dry,2020,2020-05,"{""type"":""MultiPoint"",""coordinates"":[]}"
VHI_M_2020-05_00000000000000000019,30.07561802092511,2.1822903142041032,26,5,Dry,2020,2020-05,"{""type"":""MultiPoint"",""coordinates"":[]}"
VHI_M_2020-05_0000000000000000001a,13.609996250407313,1.8876542368259592,27,5,Dry,2020,2020-05,"{""type"":""MultiPoint"",""coordinates"":[]}"
VHI_M_2020-05_0000000000000000005b,160.29786424233382,4.372080864412688,92,5,Dry,2020,2020-05,"{""type"":""MultiPoint"",""coordinates"":[]}"
VHI_M_2020-05_0000000000000000005c,60.17894736506689,2.244546728036822,93,5,Dry,2020,2020-05,"{""type"":""MultiPoint"",""coordinates"":[]}"
VHI_M_2020-05_0000000000000000005d,254.0,5.0,94,5,Dry,2020,2020-05,"{""type"":""MultiPoint"",""coordinates"":[]}"
VHI_M_2020-05_0000000000000000005e,35.24056599167273,2.3588729609490855,95,5,Dry,2020,2020-05,"{""type"":""MultiPoint"",""coordinates"":[]}"
VHI_M_2020-05_0000000000000000005f,81.76196963715151,3.523059185242122,96,5,Dry,2020,2020-05,"{""type"":""MultiPoint"",""coordinates"":[]}"
VHI_M_2020-05_000000000000000000b6,0.4929517668887266,2.5696784073506898,183,5,Dry,2020,2020-05,"{""type"":""MultiPoint"",""coordinates"":[]}"
VHI_M_2020-05_000000000000000000b7,0.5599494066365077,2.9032258064516134,184,5,Dry,2020,2020-05,"{""type"":""MultiPoint"",""coordinates"":[]}"
VHI_M_2020-05_000000000000000000b8,0.4028949740872507,2.0418215613382897,185,5,Dry,2020,2020-05,"{""type"":""MultiPoint"",""coordinates"":[]}"
VHI_M_2020-05_000000000000000000b9,39.37780846954807,3.101464186782746,186,5,Dry,2020,2020-05,"{""type"":""MultiPoint"",""coordinates"":[]}"
VHI_M_2020-05_000000000000000000ba,0.5414320083936055,2.905066666666666,187,5,Dry,2020,2020-05,"{""type"":""MultiPoint"",""coordinates"":[]}"
VHI_M_2020-05_000000000000000000bb,0.48265842603574893,2.4584158415841584,188,5,Dry,2020,2020-05,"{""type"":""MultiPoint"",""coordinates"":[]}"
VHI_M_2020-05_000000000000000001a0,34.149055804625604,3.4425965665236045,417,5,Dry,2020,2020-05,"{""type"":""MultiPoint"",""coordinates"":[]}"
VHI_M_2020-05_000000000000000001a1,0.5388663432809955,2.871322974807663,418,5,Dry,2020,2020-05,"{""type"":""MultiPoint"",""coordinates"":[]}"
VHI_M_2020-05_000000000000000001a2,19.643751636991983,3.4254374510316006,419,5,Dry,2020,2020-05,"{""type"":""MultiPoint"",""coordinates"":[]}"
VHI_M_2020-05_000000000000000001a3,0.43925805146740704,2.041678983151049,420,5,Dry,2020,2020-05,"{""type"":""MultiPoint"",""coordinates"":[]}"
VHI_M_2020-05_000000000000000001cb,41.27066114035149,2.0447761194029854,460,5,Dry,2020,2020-05,"{""type"":""MultiPoint"",""coordinates"":[]}"
VHI_M_2020-05_000000000000000001cc,79.82015726616243,2.817777777777778,461,5,Dry,2020,2020-05,"{""type"":""MultiPoint"",""coordinates"":[]}"
VHI_M_2020-05_0000000000000000021b,0.4165765688763009,2.0,540,5,Dry,2020,2020-05,"{""type"":""MultiPoint"",""coordinates"":[]}"
VHI_M_2020-05_0000000000000000021c,0.443739134526771,2.0,541,5,Dry,2020,2020-05,"{""type"":""MultiPoint"",""coordinates"":[]}"
VHI_M_2020-05_0000000000000000021d,24.85841625641726,2.2890589824403427,542,5,Dry,2020,2020-05,"{""type"":""MultiPoint"",""coordinates"":[]}"
VHI_M_2020-05_000000000000000000bf,0.47656786242898586,2.236390753169277,192,5,Dry,2020,2020-05,"{""type"":""MultiPoint"",""coordinates"":[]}"
VHI_M_2020-05_000000000000000000c0,0.48428208414998836,2.468337284117847,193,5,Dry,2020,2020-05,"{""type"":""MultiPoint"",""coordinates"":[]}"
VHI_M_2020-05_0000000000000000010a,0.463365210354017,2.1557570761198135,267,5,Dry,2020,2020-05,"{""type"":""MultiPoint"",""coordinates"":[]}"
VHI_M_2020-05_0000000000000000010b,56.499659976996604,2.766430373663343,268,5,Dry,2020,2020-05,"{""type"":""MultiPoint"",""coordinates"":[]}"
VHI_M_2020-05_00000000000000000226,2.931822010059976,2.157008661705502,551,5,Dry,2020,2020-05,"{""type"":""MultiPoint"",""coordinates"":[]}"
VHI_M_2020-05_00000000000000000227,0.5881875544993954,2.851610095735422,552,5,Dry,2020,2020-05,"{""type"":""MultiPoint"",""coordinates"":[]}"
VHI_M_2020-05_000000000000000001a4,0.5302860742963073,2.457400497512438,421,5,Dry,2020,2020-05,"{""type"":""MultiPoint"",""coordinates"":[]}"
VHI_M_2020-05_000000000000000001a5,0.42366543727962597,1.991035044824776,422,5,Dry,2020,2020-05,"{""type"":""MultiPoint"",""coordinates"":[]}"
VHI_M_2020-05_000000000000000001a6,0.4079911380874179,2.0,423,5,Dry,2020,2020-05,"{""type"":""MultiPoint"",""coordinates"":[]}"
VHI_M_2020-05_000000000000000001a7,0.4610735285808058,2.0669117647058823,424,5,Dry,2020,2020-05,"{""type"":""MultiPoint"",""coordinates"":[]}"
VHI_M_2020-05_000000000000000001a8,0.4409241180597933,2.0,425,5,Dry,2020,2020-05,"{""type"":""MultiPoint"",""coordinates"":[]}"
VHI_M_2020-05_000000000000000001a9,0.3733164089731872,1.5648437499999999,426,5,Dry,2020,2020-05,"{""type"":""MultiPoint"",""coordinates"":[]}"
VHI_M_2020-05_000000000000000001aa,0.4057392524445344,1.7113840340103916,427,5,Dry,2020,2020-05,"{""type"":""MultiPoint"",""coordinates"":[]}"
VHI_M_2020-05_000000000000000001fe,0.5014378919130225,2.4556663644605625,511,5,Dry,2020,2020-05,"{""type"":""MultiPoint"",""coordinates"":[]}"
VHI_M_2020-05_000000000000000001ff,61.826916051042375,2.8498958924853293,512,5,Dry,2020,2020-05,"{""type"":""MultiPoint"",""coordinates"":[]}"
VHI_M_2020-05_00000000000000000200,0.43597717535223723,2.0456407255705096,513,5,Dry,2020,2020-05,"{""type"":""MultiPoint"",""coordinates"":[]}"
VHI_M_2020-05_00000000000000000201,101.87651423842075,3.514232999472851,514,5,Dry,2020,2020-05,"{""type"":""MultiPoint"",""coordinates"":[]}"
VHI_M_2020-05_00000000000000000202,0.43690353629406314,2.013781223083549,515,5,Dry,2020,2020-05,"{""type"":""MultiPoint"",""coordinates"":[]}"
VHI_M_2020-05_00000000000000000002,18.665170072153277,2.8806232170287474,3,5,Dry,2020,2020-05,"{""type"":""MultiPoint"",""coordinates"":[]}"
VHI_M_2020-05_0000000000000000000d,17.17987704145679,3.4185140284031865,14,5,Dry,2020,2020-05,"{""type"":""MultiPoint"",""coordinates"":[]}"
VHI_M_2020-05_00000000000000000027,53.531240113835445,3.3125000000000004,40,5,Dry,2020,2020-05,"{""type"":""MultiPoint"",""coordinates"":[]}"
VHI_M_2020-05_00000000000000000070,0.5069476123820114,2.5581058782157062,113,5,Dry,2020,2020-05,"{""type"":""MultiPoint"",""coordinates"":[]}"
VHI_M_2020-05_00000000000000000071,0.47856757767475416,2.407415720249585,114,5,Dry,2020,2020-05,"{""type"":""MultiPoint"",""coordinates"":[]}"
VHI_M_2020-05_000000000000000001b0,55.94951162569667,2.5562799852380373,433,5,Dry,2020,2020-05,"{""type"":""MultiPoint"",""coordinates"":[]}"
VHI_M_2020-05_000000000000000001b1,7.539525304307511,2.8350914674856456,434,5,Dry,2020,2020-05,"{""type"":""MultiPoint"",""coordinates"":[]}"
VHI_M_2020-05_000000000000000001b2,90.98601461852245,3.1512415349887126,435,5,Dry,2020,2020-05,"{""type"":""MultiPoint"",""coordinates"":[]}"
VHI_M_2020-05_000000000000000001cd,1.3336071274628,2.452912377142717,462,5,Dry,2020,2020-05,"{""type"":""MultiPoint"",""coordinates"":[]}"
VHI_M_2020-05_000000000000000001ce,0.4492397142101432,2.114826887498899,463,5,Dry,2020,2020-05,"{""type"":""MultiPoint"",""coordinates"":[]}"
VHI_M_2020-05_000000000000000001cf,22.25678431338261,2.4517580872011253,464,5,Dry,2020,2020-05,"{""type"":""MultiPoint"",""coordinates"":[]}"
VHI_M_2020-05_0000000000000000001c,0.5036737482972817,2.5446753729545155,29,5,Dry,2020,2020-05,"{""type"":""MultiPoint"",""coordinates"":[]}"
VHI_M_2020-05_0000000000000000001d,0.4901427281582669,2.407437881873728,30,5,Dry,2020,2020-05,"{""type"":""MultiPoint"",""coordinates"":[]}"
VHI_M_2020-05_0000000000000000001e,0.5080118704559526,2.613366398907397,31,5,Dry,2020,2020-05,"{""type"":""MultiPoint"",""coordinates"":[]}"
VHI_M_2020-05_00000000000000000026,0.484923772661111,2.3716356107660452,39,5,Dry,2020,2020-05,"{""type"":""MultiPoint"",""coordinates"":[]}"
VHI_M_2020-05_000000000000000000f9,0.48629517274489914,2.323898718414362,250,5,Dry,2020,2020-05,"{""type"":""MultiPoint"",""coordinates"":[]}"
VHI_M_2020-05_000000000000000000fa,0.5486487369276273,2.858683204687754,251,5,Dry,2020,2020-05,"{""type"":""MultiPoint"",""coordinates"":[]}"
VHI_M_2020-05_000000000000000000fb,0.5246353656740189,2.7126443838307654,252,5,Dry,2020,2020-05,"{""type"":""MultiPoint"",""coordinates"":[]}"
VHI_M_2020-05_000000000000000000fc,0.5834509311354211,3.0857653791130186,253,5,Dry,2020,2020-05,"{""type"":""MultiPoint"",""coordinates"":[]}"
VHI_M_2020-05_00000000000000000163,0.5698732044123276,2.970344531281968,356,5,Dry,2020,2020-05,"{""type"":""MultiPoint"",""coordinates"":[]}"
VHI_M_2020-05_00000000000000000164,0.5827502333423437,2.968072282730444,357,5,Dry,2020,2020-05,"{""type"":""MultiPoint"",""coordinates"":[]}"
VHI_M_2020-05_00000000000000000165,0.47908725368719113,2.3449501667074233,358,5,Dry,2020,2020-05,"{""type"":""MultiPoint"",""coordinates"":[]}"
VHI_M_2020-05_00000000000000000166,0.4650715501495682,2.2319662243667064,359,5,Dry,2020,2020-05,"{""type"":""MultiPoint"",""coordinates"":[]}"
VHI_M_2020-05_00000000000000000149,0.45001535213445937,2.1569126111159225,330,5,Dry,2020,2020-05,"{""type"":""MultiPoint"",""coordinates"":[]}"
VHI_M_2020-05_0000000000000000014a,0.4698811596247586,2.190660346686288,331,5,Dry,2020,2020-05,"{""type"":""MultiPoint"",""coordinates"":[]}"
VHI_M_2020-05_0000000000000000014b,0.468476042466754,2.207541342896992,332,5,Dry,2020,2020-05,"{""type"":""MultiPoint"",""coordinates"":[]}"
VHI_M_2020-05_0000000000000000014c,0.4774541185377219,2.333144715646092,333,5,Dry,2020,2020-05,"{""type"":""MultiPoint"",""coordinates"":[]}"
VHI_M_2020-05_0000000000000000014d,0.45072778173791955,2.1019132643303573,334,5,Dry,2020,2020-05,"{""type"":""MultiPoint"",""coordinates"":[]}"
VHI_M_2020-05_0000000000000000014e,0.46974251545200846,2.1715913222639682,335,5,Dry,2020,2020-05,"{""type"":""MultiPoint"",""coordinates"":[]}"
VHI_M_2020-05_00000000000000000158,0.445832401678504,2.152421485177576,345,5,Dry,2020,2020-05,"{""type"":""MultiPoint"",""coordinates"":[]}"
VHI_M_2020-05_00000000000000000159,0.48553606102941593,2.385177333156662,346,5,Dry,2020,2020-05,"{""type"":""MultiPoint"",""coordinates"":[]}"
VHI_M_2020-05_0000000000000000015a,0.4436626248394312,2.1193081017149615,347,5,Dry,2020,2020-05,"{""type"":""MultiPoint"",""coordinates"":[]}"
VHI_M_2020-05_0000000000000000015b,0.4981728623492064,2.448076586305527,348,5,Dry,2020,2020-05,"{""type"":""MultiPoint"",""coordinates"":[]}"
VHI_M_2020-05_0000000000000000015c,0.4508044720118671,2.1937931502050865,349,5,Dry,2020,2020-05,"{""type"":""MultiPoint"",""coordinates"":[]}"
VHI_M_2020-05_0000000000000000015d,0.4582586669623691,2.162801285728595,350,5,Dry,2020,2020-05,"{""type"":""MultiPoint"",""coordinates"":[]}"
VHI_M_2020-05_00000000000000000008,0.44582930058814624,2.2924770461052417,9,5,Dry,2020,2020-05,"{""type"":""MultiPoint"",""coordinates"":[]}"
VHI_M_2020-05_000000000000000000c2,0.46970379001187595,2.2645385149201935,195,5,Dry,2020,2020-05,"{""type"":""MultiPoint"",""coordinates"":[]}"
VHI_M_2020-05_000000000000000000c3,0.5342855045282102,2.784609271283944,196,5,Dry,2020,2020-05,"{""type"":""MultiPoint"",""coordinates"":[]}"
VHI_M_2020-05_000000000000000000c4,0.5008101925909354,2.5112626061571133,197,5,Dry,2020,2020-05,"{""type"":""MultiPoint"",""coordinates"":[]}"
VHI_M_2020-05_000000000000000000c5,0.48880671540022574,2.44360846121941,198,5,Dry,2020,2020-05,"{""type"":""MultiPoint"",""coordinates"":[]}"
VHI_M_2020-05_000000000000000000c6,0.4802057272651182,2.3759974569432787,199,5,Dry,2020,2020-05,"{""type"":""MultiPoint"",""coordinates"":[]}"
VHI_M_2020-05_000000000000000000c7,0.49904381885038895,2.4529107290017316,200,5,Dry,2020,2020-05,"{""type"":""MultiPoint"",""coordinates"":[]}"
VHI_M_2020-05_000000000000000000c8,0.47780733199123143,2.314801462635836,201,5,Dry,2020,2020-05,"{""type"":""MultiPoint"",""coordinates"":[]}"
VHI_M_2020-05_000000000000000000c9,0.5038680655243073,2.5203431471807094,202,5,Dry,2020,2020-05,"{""type"":""MultiPoint"",""coordinates"":[]}"
VHI_M_2020-05_00000000000000000136,0.4807352898590678,2.3729721510696273,311,5,Dry,2020,2020-05,"{""type"":""MultiPoint"",""coordinates"":[]}"
VHI_M_2020-05_00000000000000000137,0.4407909651375029,2.0761559623320287,312,5,Dry,2020,2020-05,"{""type"":""MultiPoint"",""coordinates"":[]}"
VHI_M_2020-05_00000000000000000138,0.4679990872612265,2.1943139006486203,313,5,Dry,2020,2020-05,"{""type"":""MultiPoint"",""coordinates"":[]}"
VHI_M_2020-05_00000000000000000139,0.43520025237784,2.080876646834777,314,5,Dry,2020,2020-05,"{""type"":""MultiPoint"",""coordinates"":[]}"
VHI_M_2020-05_0000000000000000013a,0.5082003413658953,2.56833979625964,315,5,Dry,2020,2020-05,"{""type"":""MultiPoint"",""coordinates"":[]}"
VHI_M_2020-05_000000000000000001ef,0.5567825153601345,2.864761787692149,496,5,Dry,2020,2020-05,"{""type"":""MultiPoint"",""coordinates"":[]}"
VHI_M_2020-05_000000000000000001f0,0.5046927944677674,2.529052156627647,497,5,Dry,2020,2020-05,"{""type"":""MultiPoint"",""coordinates"":[]}"
VHI_M_2020-05_00000000000000000081,0.5228912432126068,2.559244486156734,130,5,Dry,2020,2020-05,"{""type"":""MultiPoint"",""coordinates"":[]}"
VHI_M_2020-05_000000000000000000a0,0.566654684413606,2.962151155827046,161,5,Dry,2020,2020-05,"{""type"":""MultiPoint"",""coordinates"":[]}"
VHI_M_2020-05_000000000000000000a1,32.06900873390706,3.190290671356591,162,5,Dry,2020,2020-05,"{""type"":""MultiPoint"",""coordinates"":[]}"
VHI_M_2020-05_000000000000000000a2,8.753863921215165,3.343445225334451,163,5,Dry,2020,2020-05,"{""type"":""MultiPoint"",""coordinates"":[]}"
VHI_M_2020-05_000000000000000000a3,5.588808687108443,2.8827358116152926,164,5,Dry,2020,2020-05,"{""type"":""MultiPoint"",""coordinates"":[]}"
VHI_M_2020-05_000000000000000000a4,78.00625364392154,3.5778125770295928,165,5,Dry,2020,2020-05,"{""type"":""MultiPoint"",""coordinates"":[]}"
VHI_M_2020-05_0000000000000000014f,0.5312944998827606,2.705574199885406,336,5,Dry,2020,2020-05,"{""type"":""MultiPoint"",""coordinates"":[]}"
VHI_M_2020-05_00000000000000000150,0.4823142624237034,2.412732095490717,337,5,Dry,2020,2020-05,"{""type"":""MultiPoint"",""coordinates"":[]}"
VHI_M_2020-05_00000000000000000151,2.1907448093947663,2.8488394163470288,338,5,Dry,2020,2020-05,"{""type"":""MultiPoint"",""coordinates"":[]}"
VHI_M_2020-05_00000000000000000152,0.4539314879037905,2.1809679302014593,339,5,Dry,2020,2020-05,"{""type"":""MultiPoint"",""coordinates"":[]}"
VHI_M_2020-05_00000000000000000153,0.5122483666107569,2.611183061361387,340,5,Dry,2020,2020-05,"{""type"":""MultiPoint"",""coordinates"":[]}"
VHI_M_2020-05_00000000000000000171,0.532813610870029,2.6975263122611763,370,5,Dry,2020,2020-05,"{""type"":""MultiPoint"",""coordinates"":[]}"
VHI_M_2020-05_00000000000000000172,0.6047261626443907,3.169163822080934,371,5,Dry,2020,2020-05,"{""type"":""MultiPoint"",""coordinates"":[]}"
VHI_M_2020-05_00000000000000000173,0.5249771319803291,2.6078593588417793,372,5,Dry,2020,2020-05,"{""type"":""MultiPoint"",""coordinates"":[]}"
VHI_M_2020-05_000000000000000001f1,0.5699500505128693,2.9868551085287,498,5,Dry,2020,2020-05,"{""type"":""MultiPoint"",""coordinates"":[]}"
VHI_M_2020-05_000000000000000001f2,0.5382874621763992,2.7643739651994617,499,5,Dry,2020,2020-05,"{""type"":""MultiPoint"",""coordinates"":[]}"
VHI_M_2020-05_000000000000000001f3,0.5627090225657155,2.8973046618318183,500,5,Dry,2020,2020-05,"{""type"":""MultiPoint"",""coordinates"":[]}"
VHI_M_2020-05_00000000000000000092,0.5888717164023756,3.1572334279213634,147,5,Dry,2020,2020-05,"{""type"":""MultiPoint"",""coordinates"":[]}"
VHI_M_2020-05_00000000000000000093,0.6136411747494488,3.2840286720127336,148,5,Dry,2020,2020-05,"{""type"":""MultiPoint"",""coordinates"":[]}"
VHI_M_2020-05_00000000000000000094,0.6986613764382853,2.625897791321983,149,5,Dry,2020,2020-05,"{""type"":""MultiPoint"",""coordinates"":[]}"
VHI_M_2020-05_00000000000000000095,12.981295667592754,2.6907463807417917,150,5,Dry,2020,2020-05,"{""type"":""MultiPoint"",""coordinates"":[]}"
VHI_M_2020-05_00000000000000000096,0.6196135884654715,3.266667347001256,151,5,Dry,2020,2020-05,"{""type"":""MultiPoint"",""coordinates"":[]}"
VHI_M_2020-05_00000000000000000097,0.5916303872355898,3.194897835811872,152,5,Dry,2020,2020-05,"{""type"":""MultiPoint"",""coordinates"":[]}"
VHI_M_2020-05_00000000000000000098,0.5420789259596397,3.0,153,5,Dry,2020,2020-05,"{""type"":""MultiPoint"",""coordinates"":[]}"
VHI_M_2020-05_000000000000000000a9,0.5066281262505624,2.753626235022073,170,5,Dry,2020,2020-05,"{""type"":""MultiPoint"",""coordinates"":[]}"
VHI_M_2020-05_0000000000000000017c,61.750217702534904,3.1048099715108792,381,5,Dry,2020,2020-05,"{""type"":""MultiPoint"",""coordinates"":[]}"
VHI_M_2020-05_0000000000000000017d,38.894536887996956,2.916968106990388,382,5,Dry,2020,2020-05,"{""type"":""MultiPoint"",""coordinates"":[]}"
VHI_M_2020-05_0000000000000000017e,11.605144047676283,2.7141490474845953,383,5,Dry,2020,2020-05,"{""type"":""MultiPoint"",""coordinates"":[]}"
VHI_M_2020-05_000000000000000001ee,0.6313547605504163,3.2996185412091075,495,5,Dry,2020,2020-05,"{""type"":""MultiPoint"",""coordinates"":[]}"
VHI_M_2020-05_0000000000000000020d,0.5163602695345744,2.6521547545606774,526,5,Dry,2020,2020-05,"{""type"":""MultiPoint"",""coordinates"":[]}"
VHI_M_2020-05_0000000000000000020e,3.820950234517347,3.2500334544220206,527,5,Dry,2020,2020-05,"{""type"":""MultiPoint"",""coordinates"":[]}"
VHI_M_2020-05_0000000000000000020f,0.5335880267973155,2.7454582187819354,528,5,Dry,2020,2020-05,"{""type"":""MultiPoint"",""coordinates"":[]}"
VHI_M_2020-05_00000000000000000210,0.591465257723081,3.137697126595788,529,5,Dry,2020,2020-05,"{""type"":""MultiPoint"",""coordinates"":[]}"
VHI_M_2020-05_00000000000000000211,11.803994092432282,2.4311547189961282,530,5,Dry,2020,2020-05,"{""type"":""MultiPoint"",""coordinates"":[]}"
VHI_M_2020-05_00000000000000000058,0.5491534370163828,2.8359059600057,89,5,Dry,2020,2020-05,"{""type"":""MultiPoint"",""coordinates"":[]}"
VHI_M_2020-05_00000000000000000059,0.5463104427164067,2.818037024100591,90,5,Dry,2020,2020-05,"{""type"":""MultiPoint"",""coordinates"":[]}"
VHI_M_2020-05_0000000000000000018b,0.3957321909541299,1.813870900355129,396,5,Dry,2020,2020-05,"{""type"":""MultiPoint"",""coordinates"":[]}"
VHI_M_2020-05_0000000000000000018c,0.4725341425788912,2.2902790714553567,397,5,Dry,2020,2020-05,"{""type"":""MultiPoint"",""coordinates"":[]}"
VHI_M_2020-05_0000000000000000018d,0.42635505947596536,1.9586042704298081,398,5,Dry,2020,2020-05,"{""type"":""MultiPoint"",""coordinates"":[]}"
VHI_M_2020-05_0000000000000000018e,0.4084208321462874,1.9076103923132952,399,5,Dry,2020,2020-05,"{""type"":""MultiPoint"",""coordinates"":[]}"
VHI_M_2020-05_00000000000000000036,0.5683718523166359,3.084466349422162,55,5,Dry,2020,2020-05,"{""type"":""MultiPoint"",""coordinates"":[]}"
VHI_M_2020-05_000000000000000000db,0.5345310700078373,2.744629513183101,220,5,Dry,2020,2020-05,"{""type"":""MultiPoint"",""coordinates"":[]}"
VHI_M_2020-05_000000000000000000dc,0.539990608494019,2.770819496518478,221,5,Dry,2020,2020-05,"{""type"":""MultiPoint"",""coordinates"":[]}"
VHI_M_2020-05_000000000000000000dd,0.5251903893623372,2.688245710802103,222,5,Dry,2020,2020-05,"{""type"":""MultiPoint"",""coordinates"":[]}"
VHI_M_2020-05_00000000000000000102,0.6336804003595858,3.343393101163606,259,5,Dry,2020,2020-05,"{""type"":""MultiPoint"",""coordinates"":[]}"
VHI_M_2020-05_00000000000000000103,0.6604190535741694,3.576484592428662,260,5,Dry,2020,2020-05,"{""type"":""MultiPoint"",""coordinates"":[]}"
VHI_M_2020-05_00000000000000000104,0.6089953547618088,3.255918261960089,261,5,Dry,2020,2020-05,"{""type"":""MultiPoint"",""coordinates"":[]}"
VHI_M_2020-05_00000000000000000105,0.5646979821103538,2.8848587570621462,262,5,Dry,2020,2020-05,"{""type"":""MultiPoint"",""coordinates"":[]}"
VHI_M_2020-05_0000000000000000000a,0.7546242300567843,4.200741656365884,11,5,Dry,2020,2020-05,"{""type"":""MultiPoint"",""coordinates"":[]}"
VHI_M_2020-05_000000000000000000b1,0.5665937593054939,2.94183665641909,178,5,Dry,2020,2020-05,"{""type"":""MultiPoint"",""coordinates"":[]}"
VHI_M_2020-05_000000000000000000b2,0.6373355351721676,3.3850060012925853,179,5,Dry,2020,2020-05,"{""type"":""MultiPoint"",""coordinates"":[]}"
VHI_M_2020-05_000000000000000000b3,0.5618266135446848,2.937241234546454,180,5,Dry,2020,2020-05,"{""type"":""MultiPoint"",""coordinates"":[]}"
VHI_M_2020-05_000000000000000000ca,0.5864908152886227,3.1309105119187177,203,5,Dry,2020,2020-05,"{""type"":""MultiPoint"",""coordinates"":[]}"
VHI_M_2020-05_000000000000000000d2,0.6318092081217841,3.357575055201101,211,5,Dry,2020,2020-05,"{""type"":""MultiPoint"",""coordinates"":[]}"
VHI_M_2020-05_000000000000000000d3,0.6850882612854945,3.7566934192982915,212,5,Dry,2020,2020-05,"{""type"":""MultiPoint"",""coordinates"":[]}"
VHI_M_2020-05_000000000000000000d4,0.6554203002602661,3.540142460461185,213,5,Dry,2020,2020-05,"{""type"":""MultiPoint"",""coordinates"":[]}"
VHI_M_2020-05_000000000000000000d5,0.6311770822618614,3.35163700501376,214,5,Dry,2020,2020-05,"{""type"":""MultiPoint"",""coordinates"":[]}"
VHI_M_2020-05_000000000000000000bc,0.5815476228302012,3.0689939887585598,189,5,Dry,2020,2020-05,"{""type"":""MultiPoint"",""coordinates"":[]}"
VHI_M_2020-05_000000000000000000bd,0.5601794469416318,2.8897428547078734,190,5,Dry,2020,2020-05,"{""type"":""MultiPoint"",""coordinates"":[]}"
VHI_M_2020-05_000000000000000000be,0.6095521326288855,3.1934737469502066,191,5,Dry,2020,2020-05,"{""type"":""MultiPoint"",""coordinates"":[]}"
VHI_M_2020-05_000000000000000000f1,0.6112760739633284,3.25204081632653,242,5,Dry,2020,2020-05,"{""type"":""MultiPoint"",""coordinates"":[]}"
VHI_M_2020-05_00000000000000000100,0.5287509879636588,2.717527829360537,257,5,Dry,2020,2020-05,"{""type"":""MultiPoint"",""coordinates"":[]}"
VHI_M_2020-05_00000000000000000101,0.5925636273061897,3.0835648531803654,258,5,Dry,2020,2020-05,"{""type"":""MultiPoint"",""coordinates"":[]}"
VHI_M_2020-05_0000000000000000012f,0.551624631000255,2.8501552420268106,304,5,Dry,2020,2020-05,"{""type"":""MultiPoint"",""coordinates"":[]}"
VHI_M_2020-05_00000000000000000130,0.5922679560713073,3.1307462910986374,305,5,Dry,2020,2020-05,"{""type"":""MultiPoint"",""coordinates"":[]}"
VHI_M_2020-05_00000000000000000131,0.6182815574568591,3.302359035696677,306,5,Dry,2020,2020-05,"{""type"":""MultiPoint"",""coordinates"":[]}"
VHI_M_2020-05_00000000000000000065,0.6322546448159084,3.3894231983815883,102,5,Dry,2020,2020-05,"{""type"":""MultiPoint"",""coordinates"":[]}"
VHI_M_2020-05_00000000000000000066,0.6012328281852559,3.175182938404985,103,5,Dry,2020,2020-05,"{""type"":""MultiPoint"",""coordinates"":[]}"
VHI_M_2020-05_00000000000000000067,0.5130248276444611,2.622558504987013,104,5,Dry,2020,2020-05,"{""type"":""MultiPoint"",""coordinates"":[]}"
VHI_M_2020-05_00000000000000000068,0.5738390761275945,2.990437684217198,105,5,Dry,2020,2020-05,"{""type"":""MultiPoint"",""coordinates"":[]}"
VHI_M_2020-05_00000000000000000109,0.5562836352969809,2.9437914754531347,266,5,Dry,2020,2020-05,"{""type"":""MultiPoint"",""coordinates"":[]}"
VHI_M_2020-05_000000000000000001c1,0.5395929212722701,2.749664749435952,450,5,Dry,2020,2020-05,"{""type"":""MultiPoint"",""coordinates"":[]}"
VHI_M_2020-05_000000000000000001c2,0.5899415028699414,3.100206926183157,451,5,Dry,2020,2020-05,"{""type"":""MultiPoint"",""coordinates"":[]}"
VHI_M_2020-05_00000000000000000113,0.4638551434378102,2.0313358988455192,276,5,Dry,2020,2020-05,"{""type"":""MultiPoint"",""coordinates"":[]}"
VHI_M_2020-05_00000000000000000114,0.5784888016293728,2.999840015998398,277,5,Dry,2020,2020-05,"{""type"":""MultiPoint"",""coordinates"":[]}"
VHI_M_2020-05_00000000000000000115,0.5511966555258256,2.8324316683586277,278,5,Dry,2020,2020-05,"{""type"":""MultiPoint"",""coordinates"":[]}"
VHI_M_2020-05_00000000000000000116,0.5336420450272437,2.7468633920809298,279,5,Dry,2020,2020-05,"{""type"":""MultiPoint"",""coordinates"":[]}"
VHI_M_2020-05_00000000000000000117,0.5454964192490604,2.8532688888541275,280,5,Dry,2020,2020-05,"{""type"":""MultiPoint"",""coordinates"":[]}"
VHI_M_2020-05_00000000000000000167,0.5374048866955129,2.8021832616606024,360,5,Dry,2020,2020-05,"{""type"":""MultiPoint"",""coordinates"":[]}"
VHI_M_2020-05_00000000000000000168,0.6579537350627263,3.6603469952225303,361,5,Dry,2020,2020-05,"{""type"":""MultiPoint"",""coordinates"":[]}"
VHI_M_2020-05_00000000000000000169,0.5784788113922452,2.9973584244943323,362,5,Dry,2020,2020-05,"{""type"":""MultiPoint"",""coordinates"":[]}"
VHI_M_2020-05_0000000000000000016a,0.5373023826591323,2.7288525304354145,363,5,Dry,2020,2020-05,"{""type"":""MultiPoint"",""coordinates"":[]}"
VHI_M_2020-05_0000000000000000016b,0.4620251950041434,2.209899153997057,364,5,Dry,2020,2020-05,"{""type"":""MultiPoint"",""coordinates"":[]}"
VHI_M_2020-05_0000000000000000016c,0.5202642038849215,2.625049779201586,365,5,Dry,2020,2020-05,"{""type"":""MultiPoint"",""coordinates"":[]}"
VHI_M_2020-05_0000000000000000016d,0.597869137037726,3.180088946042972,366,5,Dry,2020,2020-05,"{""type"":""MultiPoint"",""coordinates"":[]}"
VHI_M_2020-05_000000000000000000cb,0.6234571202695467,3.3577157523259538,204,5,Dry,2020,2020-05,"{""type"":""MultiPoint"",""coordinates"":[]}"
VHI_M_2020-05_000000000000000000eb,15.42157434695856,3.126600978545191,236,5,Dry,2020,2020-05,"{""type"":""MultiPoint"",""coordinates"":[]}"
VHI_M_2020-05_000000000000000000ec,0.5614385340794124,2.914888400644988,237,5,Dry,2020,2020-05,"{""type"":""MultiPoint"",""coordinates"":[]}"
VHI_M_2020-05_000000000000000000ed,0.5207557714954448,2.6334231883226766,238,5,Dry,2020,2020-05,"{""type"":""MultiPoint"",""coordinates"":[]}"
VHI_M_2020-05_000000000000000000ee,0.5315227889902399,2.64210922787194,239,5,Dry,2020,2020-05,"{""type"":""MultiPoint"",""coordinates"":[]}"
VHI_M_2020-05_000000000000000000ef,0.5887703678843221,3.089177215795465,240,5,Dry,2020,2020-05,"{""type"":""MultiPoint"",""coordinates"":[]}"
VHI_M_2020-05_00000000000000000146,0.5864887268483137,3.1089024511419012,327,5,Dry,2020,2020-05,"{""type"":""MultiPoint"",""coordinates"":[]}"
VHI_M_2020-05_00000000000000000147,8.528480921340336,2.9390403058886716,328,5,Dry,2020,2020-05,"{""type"":""MultiPoint"",""coordinates"":[]}"
VHI_M_2020-05_00000000000000000148,0.5951401692221593,3.1223221159658205,329,5,Dry,2020,2020-05,"{""type"":""MultiPoint"",""coordinates"":[]}"
VHI_M_2020-05_0000000000000000015e,0.5451682927354176,2.8090655122568675,351,5,Dry,2020,2020-05,"{""type"":""MultiPoint"",""coordinates"":[]}"
VHI_M_2020-05_0000000000000000015f,0.5636432086042205,2.877807264229414,352,5,Dry,2020,2020-05,"{""type"":""MultiPoint"",""coordinates"":[]}"
VHI_M_2020-05_00000000000000000160,0.5027359588613436,2.5240725099083865,353,5,Dry,2020,2020-05,"{""type"":""MultiPoint"",""coordinates"":[]}"
VHI_M_2020-05_00000000000000000161,0.5670068302023976,2.8806575576430387,354,5,Dry,2020,2020-05,"{""type"":""MultiPoint"",""coordinates"":[]}"
VHI_M_2020-05_00000000000000000162,4.455284782852312,2.659809952041519,355,5,Dry,2020,2020-05,"{""type"":""MultiPoint"",""coordinates"":[]}"
VHI_M_2020-05_00000000000000000010,0.6965742194623195,3.9534713985950187,17,5,Dry,2020,2020-05,"{""type"":""MultiPoint"",""coordinates"":[]}"
VHI_M_2020-05_00000000000000000121,0.5812264266575982,3.058272451388107,290,5,Dry,2020,2020-05,"{""type"":""MultiPoint"",""coordinates"":[]}"
VHI_M_2020-05_00000000000000000122,0.6471393960874737,2.6124709625856157,291,5,Dry,2020,2020-05,"{""type"":""MultiPoint"",""coordinates"":[]}"
VHI_M_2020-05_00000000000000000123,0.5952431938094767,3.123874802619007,292,5,Dry,2020,2020-05,"{""type"":""MultiPoint"",""coordinates"":[]}"
VHI_M_2020-05_0000000000000000019a,0.6349850107491773,3.3581071008563446,411,5,Dry,2020,2020-05,"{""type"":""MultiPoint"",""coordinates"":[]}"
VHI_M_2020-05_0000000000000000019b,0.6513853527342474,3.4208282981573572,412,5,Dry,2020,2020-05,"{""type"":""MultiPoint"",""coordinates"":[]}"
VHI_M_2020-05_0000000000000000019c,0.5551428199838478,2.899402719974926,413,5,Dry,2020,2020-05,"{""type"":""MultiPoint"",""coordinates"":[]}"
VHI_M_2020-05_0000000000000000019d,0.6820453349012328,3.6925249308639887,414,5,Dry,2020,2020-05,"{""type"":""MultiPoint"",""coordinates"":[]}"
VHI_M_2020-05_0000000000000000019e,4.3334411598821765,3.828607589396443,415,5,Dry,2020,2020-05,"{""type"":""MultiPoint"",""coordinates"":[]}"
VHI_M_2020-05_0000000000000000019f,0.6784161081517988,3.6447738188838463,416,5,Dry,2020,2020-05,"{""type"":""MultiPoint"",""coordinates"":[]}"
VHI_M_2020-05_00000000000000000216,0.5502626979024364,2.9244365169450295,535,5,Dry,2020,2020-05,"{""type"":""MultiPoint"",""coordinates"":[]}"
VHI_M_2020-05_00000000000000000217,0.658064339741225,3.1494430410567027,536,5,Dry,2020,2020-05,"{""type"":""MultiPoint"",""coordinates"":[]}"
VHI_M_2020-05_00000000000000000218,0.6375999055068491,3.423065970574275,537,5,Dry,2020,2020-05,"{""type"":""MultiPoint"",""coordinates"":[]}"
VHI_M_2020-05_00000000000000000219,0.6830977756667234,3.6949458365748558,538,5,Dry,2020,2020-05,"{""type"":""MultiPoint"",""coordinates"":[]}"
VHI_M_2020-05_0000000000000000021a,8.402780529176596,3.032948697683408,539,5,Dry,2020,2020-05,"{""type"":""MultiPoint"",""coordinates"":[]}"
VHI_M_2020-05_00000000000000000004,0.5514135983166724,2.7406880054675917,5,5,Dry,2020,2020-05,"{""type"":""MultiPoint"",""coordinates"":[]}"
VHI_M_2020-05_00000000000000000028,0.4982632969695987,2.5074906776005803,41,5,Dry,2020,2020-05,"{""type"":""MultiPoint"",""coordinates"":[]}"
VHI_M_2020-05_00000000000000000029,0.5595764395981174,2.922625244659142,42,5,Dry,2020,2020-05,"{""type"":""MultiPoint"",""coordinates"":[]}"
VHI_M_2020-05_0000000000000000002a,0.556492864216546,2.888176589213511,43,5,Dry,2020,2020-05,"{""type"":""MultiPoint"",""coordinates"":[]}"
VHI_M_2020-05_0000000000000000002b,0.4868371351514536,2.4211371828509405,44,5,Dry,2020,2020-05,"{""type"":""MultiPoint"",""coordinates"":[]}"
VHI_M_2020-05_000000000000000000a7,0.4723754868495515,2.284130159637447,168,5,Dry,2020,2020-05,"{""type"":""MultiPoint"",""coordinates"":[]}"
VHI_M_2020-05_000000000000000000a8,0.479078361287309,2.3628278748357587,169,5,Dry,2020,2020-05,"{""type"":""MultiPoint"",""coordinates"":[]}"
VHI_M_2020-05_0000000000000000000c,0.5335775057685328,2.7616665150550355,13,5,Dry,2020,2020-05,"{""type"":""MultiPoint"",""coordinates"":[]}"
VHI_M_2020-05_00000000000000000060,0.6469533795185889,3.4700314186739707,97,5,Dry,2020,2020-05,"{""type"":""MultiPoint"",""coordinates"":[]}"
VHI_M_2020-05_00000000000000000061,0.6845203502372039,3.773283985430617,98,5,Dry,2020,2020-05,"{""type"":""MultiPoint"",""coordinates"":[]}"
VHI_M_2020-05_00000000000000000062,0.5169953987853358,2.64662494627552,99,5,Dry,2020,2020-05,"{""type"":""MultiPoint"",""coordinates"":[]}"
VHI_M_2020-05_00000000000000000063,0.5774311188109197,2.9927097871861177,100,5,Dry,2020,2020-05,"{""type"":""MultiPoint"",""coordinates"":[]}"
VHI_M_2020-05_00000000000000000064,0.5697694300850891,2.9866162123166218,101,5,Dry,2020,2020-05,"{""type"":""MultiPoint"",""coordinates"":[]}"
VHI_M_2020-05_00000000000000000011,0.4749665060525811,2.3090438958320516,18,5,Dry,2020,2020-05,"{""type"":""MultiPoint"",""coordinates"":[]}"
VHI_M_2020-05_00000000000000000033,0.46497829471457247,2.2864610072688483,52,5,Dry,2020,2020-05,"{""type"":""MultiPoint"",""coordinates"":[]}"
VHI_M_2020-05_00000000000000000034,0.45954901878465204,2.2390071333946673,53,5,Dry,2020,2020-05,"{""type"":""MultiPoint"",""coordinates"":[]}"
VHI_M_2020-05_000000000000000001b3,0.4203147962390652,1.9875679789560796,436,5,Dry,2020,2020-05,"{""type"":""MultiPoint"",""coordinates"":[]}"
VHI_M_2020-05_000000000000000001b4,0.4534400961230171,2.1789649378227725,437,5,Dry,2020,2020-05,"{""type"":""MultiPoint"",""coordinates"":[]}"
VHI_M_2020-05_000000000000000001b5,0.4480341501218373,2.163887294442264,438,5,Dry,2020,2020-05,"{""type"":""MultiPoint"",""coordinates"":[]}"
VHI_M_2020-05_00000000000000000005,0.7356631574630896,4.033762605614608,6,5,Dry,2020,2020-05,"{""type"":""MultiPoint"",""coordinates"":[]}"
VHI_M_2020-05_00000000000000000082,0.6199411533932365,3.2929456439716667,131,5,Dry,2020,2020-05,"{""type"":""MultiPoint"",""coordinates"":[]}"
VHI_M_2020-05_00000000000000000083,0.5248970661253319,2.6716642069906933,132,5,Dry,2020,2020-05,"{""type"":""MultiPoint"",""coordinates"":[]}"
VHI_M_2020-05_00000000000000000084,0.46746193236936884,2.2775012313593157,133,5,Dry,2020,2020-05,"{""type"":""MultiPoint"",""coordinates"":[]}"
VHI_M_2020-05_00000000000000000085,0.5372433231716865,2.773179631779731,134,5,Dry,2020,2020-05,"{""type"":""MultiPoint"",""coordinates"":[]}"
VHI_M_2020-05_00000000000000000086,0.537630560866046,2.7499377797084916,135,5,Dry,2020,2020-05,"{""type"":""MultiPoint"",""coordinates"":[]}"
VHI_M_2020-05_00000000000000000087,0.6389580996983164,3.3891116989504226,136,5,Dry,2020,2020-05,"{""type"":""MultiPoint"",""coordinates"":[]}"
VHI_M_2020-05_0000000000000000010c,0.5121758229151596,2.5932836723341475,269,5,Dry,2020,2020-05,"{""type"":""MultiPoint"",""coordinates"":[]}"
VHI_M_2020-05_0000000000000000010d,0.3900585885327566,1.802961225263969,270,5,Dry,2020,2020-05,"{""type"":""MultiPoint"",""coordinates"":[]}"
VHI_M_2020-05_0000000000000000010e,0.5264867824931273,2.715070929151679,271,5,Dry,2020,2020-05,"{""type"":""MultiPoint"",""coordinates"":[]}"
VHI_M_2020-05_0000000000000000010f,0.4417002527971188,2.1156900172822604,272,5,Dry,2020,2020-05,"{""type"":""MultiPoint"",""coordinates"":[]}"
VHI_M_2020-05_00000000000000000110,0.46889334801417226,2.315571531779175,273,5,Dry,2020,2020-05,"{""type"":""MultiPoint"",""coordinates"":[]}"
VHI_M_2020-05_00000000000000000111,0.46221047672627225,2.2684097017734834,274,5,Dry,2020,2020-05,"{""type"":""MultiPoint"",""coordinates"":[]}"
VHI_M_2020-05_000000000000000001d0,0.4474898588909823,2.1663087568599386,465,5,Dry,2020,2020-05,"{""type"":""MultiPoint"",""coordinates"":[]}"
VHI_M_2020-05_000000000000000001d1,0.5675092437202568,2.9512684079472655,466,5,Dry,2020,2020-05,"{""type"":""MultiPoint"",""coordinates"":[]}"
VHI_M_2020-05_00000000000000000009,0.43240544525587976,1.9802551413721918,10,5,Dry,2020,2020-05,"{""type"":""MultiPoint"",""coordinates"":[]}"
VHI_M_2020-05_0000000000000000009e,0.4762155195953976,2.3651285866865095,159,5,Dry,2020,2020-05,"{""type"":""MultiPoint"",""coordinates"":[]}"
VHI_M_2020-05_0000000000000000009f,0.45500626657688,2.2037194384661007,160,5,Dry,2020,2020-05,"{""type"":""MultiPoint"",""coordinates"":[]}"
VHI_M_2020-05_00000000000000000154,0.5952232505916891,3.142784090092939,341,5,Dry,2020,2020-05,"{""type"":""MultiPoint"",""coordinates"":[]}"
VHI_M_2020-05_00000000000000000155,0.3849790518559649,1.7581283549921618,342,5,Dry,2020,2020-05,"{""type"":""MultiPoint"",""coordinates"":[]}"
VHI_M_2020-05_00000000000000000156,0.4792517522235061,2.3690005524127846,343,5,Dry,2020,2020-05,"{""type"":""MultiPoint"",""coordinates"":[]}"
VHI_M_2020-05_00000000000000000157,0.3486994924647922,1.5151105409601382,344,5,Dry,2020,2020-05,"{""type"":""MultiPoint"",""coordinates"":[]}"
VHI_M_2020-05_00000000000000000178,0.6189633010506327,3.268722126106833,377,5,Dry,2020,2020-05,"{""type"":""MultiPoint"",""coordinates"":[]}"
VHI_M_2020-05_00000000000000000179,0.4276616480567528,2.0528668077898375,378,5,Dry,2020,2020-05,"{""type"":""MultiPoint"",""coordinates"":[]}"
VHI_M_2020-05_0000000000000000017a,0.4844455591941269,2.419995475465528,379,5,Dry,2020,2020-05,"{""type"":""MultiPoint"",""coordinates"":[]}"
VHI_M_2020-05_0000000000000000017b,0.476406542600879,2.3221382736493483,380,5,Dry,2020,2020-05,"{""type"":""MultiPoint"",""coordinates"":[]}"
VHI_M_2020-05_0000000000000000000f,0.515566811463362,2.6927552552552556,16,5,Dry,2020,2020-05,"{""type"":""MultiPoint"",""coordinates"":[]}"
VHI_M_2020-05_00000000000000000040,0.48518051287876995,2.418360743930634,65,5,Dry,2020,2020-05,"{""type"":""MultiPoint"",""coordinates"":[]}"
VHI_M_2020-05_00000000000000000041,0.4250010974201222,2.022874441075674,66,5,Dry,2020,2020-05,"{""type"":""MultiPoint"",""coordinates"":[]}"
VHI_M_2020-05_00000000000000000042,0.523671108177204,2.677087156427278,67,5,Dry,2020,2020-05,"{""type"":""MultiPoint"",""coordinates"":[]}"
VHI_M_2020-05_00000000000000000043,0.5471390130541202,2.8379799456891273,68,5,Dry,2020,2020-05,"{""type"":""MultiPoint"",""coordinates"":[]}"
VHI_M_2020-05_00000000000000000192,0.4524362461810882,2.1718628659924413,403,5,Dry,2020,2020-05,"{""type"":""MultiPoint"",""coordinates"":[]}"
VHI_M_2020-05_00000000000000000193,0.4860596540659054,2.40714687282359,404,5,Dry,2020,2020-05,"{""type"":""MultiPoint"",""coordinates"":[]}"
VHI_M_2020-05_00000000000000000194,0.3976463328883139,1.8239972386057357,405,5,Dry,2020,2020-05,"{""type"":""MultiPoint"",""coordinates"":[]}"
VHI_M_2020-05_000000000000000001d2,0.4808162567573379,2.3767553349454835,467,5,Dry,2020,2020-05,"{""type"":""MultiPoint"",""coordinates"":[]}"
VHI_M_2020-05_000000000000000001d3,0.508433529969383,2.5126886083286544,468,5,Dry,2020,2020-05,"{""type"":""MultiPoint"",""coordinates"":[]}"
VHI_M_2020-05_000000000000000001d4,0.42226598325971737,1.9687126000502702,469,5,Dry,2020,2020-05,"{""type"":""MultiPoint"",""coordinates"":[]}"
VHI_M_2020-05_000000000000000001d5,0.4865615341733542,2.41637849281082,470,5,Dry,2020,2020-05,"{""type"":""MultiPoint"",""coordinates"":[]}"
VHI_M_2020-05_000000000000000001d6,0.5261260784264815,2.655529804586436,471,5,Dry,2020,2020-05,"{""type"":""MultiPoint"",""coordinates"":[]}"
VHI_M_2020-05_000000000000000001d7,0.48389663864142735,2.399904931201692,472,5,Dry,2020,2020-05,"{""type"":""MultiPoint"",""coordinates"":[]}"
VHI_M_2020-05_00000000000000000069,0.5040107119626283,2.5700047359822893,106,5,Dry,2020,2020-05,"{""type"":""MultiPoint"",""coordinates"":[]}"
VHI_M_2020-05_0000000000000000006a,0.4996644072067105,2.5378050686613856,107,5,Dry,2020,2020-05,"{""type"":""MultiPoint"",""coordinates"":[]}"
VHI_M_2020-05_0000000000000000006b,0.5053740801183998,2.632445310807884,108,5,Dry,2020,2020-05,"{""type"":""MultiPoint"",""coordinates"":[]}"
VHI_M_2020-05_0000000000000000006c,0.5305449700825767,2.760596866627632,109,5,Dry,2020,2020-05,"{""type"":""MultiPoint"",""coordinates"":[]}"
VHI_M_2020-05_0000000000000000006d,0.512796171982724,2.6373478703581825,110,5,Dry,2020,2020-05,"{""type"":""MultiPoint"",""coordinates"":[]}"
VHI_M_2020-05_0000000000000000006e,0.5545450739797008,2.89894741700344,111,5,Dry,2020,2020-05,"{""type"":""MultiPoint"",""coordinates"":[]}"
VHI_M_2020-05_0000000000000000006f,0.5514692797926672,2.8542721118562566,112,5,Dry,2020,2020-05,"{""type"":""MultiPoint"",""coordinates"":[]}"
VHI_M_2020-05_000000000000000000d6,0.5469403109456294,2.9030565167243374,215,5,Dry,2020,2020-05,"{""type"":""MultiPoint"",""coordinates"":[]}"
VHI_M_2020-05_0000000000000000013b,0.6098492157379368,3.0,316,5,Dry,2020,2020-05,"{""type"":""MultiPoint"",""coordinates"":[]}"
VHI_M_2020-05_0000000000000000013c,0.5601943140363287,2.9772898893294792,317,5,Dry,2020,2020-05,"{""type"":""MultiPoint"",""coordinates"":[]}"
VHI_M_2020-05_0000000000000000013d,0.5422316161834344,2.882265530756803,318,5,Dry,2020,2020-05,"{""type"":""MultiPoint"",""coordinates"":[]}"
VHI_M_2020-05_0000000000000000013e,0.5649078591709514,2.9579554306699314,319,5,Dry,2020,2020-05,"{""type"":""MultiPoint"",""coordinates"":[]}"
VHI_M_2020-05_0000000000000000013f,0.5173009660495528,2.6572959520544464,320,5,Dry,2020,2020-05,"{""type"":""MultiPoint"",""coordinates"":[]}"
VHI_M_2020-05_00000000000000000140,10.311273578370315,2.8056265304494223,321,5,Dry,2020,2020-05,"{""type"":""MultiPoint"",""coordinates"":[]}"
VHI_M_2020-05_000000000000000001bc,0.48988548951314503,2.4189309003546504,445,5,Dry,2020,2020-05,"{""type"":""MultiPoint"",""coordinates"":[]}"
VHI_M_2020-05_000000000000000001bd,0.4965222858152194,2.5151355832810935,446,5,Dry,2020,2020-05,"{""type"":""MultiPoint"",""coordinates"":[]}"
VHI_M_2020-05_000000000000000001be,0.5408359123466141,2.852481221524442,447,5,Dry,2020,2020-05,"{""type"":""MultiPoint"",""coordinates"":[]}"
VHI_M_2020-05_000000000000000001bf,0.47712457207795445,2.2323522701346112,448,5,Dry,2020,2020-05,"{""type"":""MultiPoint"",""coordinates"":[]}"
VHI_M_2020-05_000000000000000001c0,0.5683484203625845,2.998166005786713,449,5,Dry,2020,2020-05,"{""type"":""MultiPoint"",""coordinates"":[]}"
VHI_M_2020-05_00000000000000000006,0.5654418771493216,3.01004667703934,7,5,Dry,2020,2020-05,"{""type"":""MultiPoint"",""coordinates"":[]}"
VHI_M_2020-05_0000000000000000002c,0.5896366138360611,3.0571233059364875,45,5,Dry,2020,2020-05,"{""type"":""MultiPoint"",""coordinates"":[]}"
VHI_M_2020-05_0000000000000000002d,0.5955686848029721,3.114769626161132,46,5,Dry,2020,2020-05,"{""type"":""MultiPoint"",""coordinates"":[]}"
VHI_M_2020-05_0000000000000000002e,0.6461603502930675,3.4960131229137597,47,5,Dry,2020,2020-05,"{""type"":""MultiPoint"",""coordinates"":[]}"
VHI_M_2020-05_0000000000000000002f,0.577942834803092,3.020931901293906,48,5,Dry,2020,2020-05,"{""type"":""MultiPoint"",""coordinates"":[]}"
VHI_M_2020-05_0000000000000000009b,0.5818829756352053,3.0151008286050565,156,5,Dry,2020,2020-05,"{""type"":""MultiPoint"",""coordinates"":[]}"
VHI_M_2020-05_0000000000000000009c,0.6042030942089881,3.125630644296747,157,5,Dry,2020,2020-05,"{""type"":""MultiPoint"",""coordinates"":[]}"
VHI_M_2020-05_0000000000000000009d,0.6233727727319818,3.3508933179327145,158,5,Dry,2020,2020-05,"{""type"":""MultiPoint"",""coordinates"":[]}"
VHI_M_2020-05_000000000000000001b6,0.6410188243999353,3.3979512591989933,439,5,Dry,2020,2020-05,"{""type"":""MultiPoint"",""coordinates"":[]}"
VHI_M_2020-05_000000000000000001b7,0.6343743131570087,3.3939139452471383,440,5,Dry,2020,2020-05,"{""type"":""MultiPoint"",""coordinates"":[]}"
VHI_M_2020-05_000000000000000001b8,0.5368210357634041,2.8084438144120747,441,5,Dry,2020,2020-05,"{""type"":""MultiPoint"",""coordinates"":[]}"
VHI_M_2020-05_000000000000000001b9,0.5572813093578879,2.8879441371508334,442,5,Dry,2020,2020-05,"{""type"":""MultiPoint"",""coordinates"":[]}"
VHI_M_2020-05_000000000000000001ba,0.5720334409640542,2.9948532429274586,443,5,Dry,2020,2020-05,"{""type"":""MultiPoint"",""coordinates"":[]}"
VHI_M_2020-05_000000000000000001bb,0.6418179694890274,3.452953599184973,444,5,Dry,2020,2020-05,"{""type"":""MultiPoint"",""coordinates"":[]}"
VHI_M_2020-05_00000000000000000221,0.5796340420869244,3.0,546,5,Dry,2020,2020-05,"{""type"":""MultiPoint"",""coordinates"":[]}"
VHI_M_2020-05_00000000000000000222,0.6395809961530935,3.4237401516277717,547,5,Dry,2020,2020-05,"{""type"":""MultiPoint"",""coordinates"":[]}"
VHI_M_2020-05_00000000000000000223,0.6155715964919883,3.2176436483401902,548,5,Dry,2020,2020-05,"{""type"":""MultiPoint"",""coordinates"":[]}"
VHI_M_2020-05_00000000000000000224,0.6128459898645169,3.2330093928470505,549,5,Dry,2020,2020-05,"{""type"":""MultiPoint"",""coordinates"":[]}"
VHI_M_2020-05_00000000000000000225,0.5920287928686853,3.104869058334404,550,5,Dry,2020,2020-05,"{""type"":""MultiPoint"",""coordinates"":[]}"
VHI_M_2020-05_00000000000000000053,0.5373324262295619,2.8906545838707025,84,5,Dry,2020,2020-05,"{""type"":""MultiPoint"",""coordinates"":[]}"
VHI_M_2020-05_00000000000000000054,0.5306447712914191,2.8883543916742194,85,5,Dry,2020,2020-05,"{""type"":""MultiPoint"",""coordinates"":[]}"
VHI_M_2020-05_00000000000000000055,0.5227661530365233,2.778660343805572,86,5,Dry,2020,2020-05,"{""type"":""MultiPoint"",""coordinates"":[]}"
VHI_M_2020-05_00000000000000000056,0.5404898334636389,2.94392687300226,87,5,Dry,2020,2020-05,"{""type"":""MultiPoint"",""coordinates"":[]}"
VHI_M_2020-05_00000000000000000057,0.5179463109378278,2.7028418406039263,88,5,Dry,2020,2020-05,"{""type"":""MultiPoint"",""coordinates"":[]}"
VHI_M_2020-05_000000000000000000de,0.5511542563618342,2.838546401123872,223,5,Dry,2020,2020-05,"{""type"":""MultiPoint"",""coordinates"":[]}"
VHI_M_2020-05_000000000000000000df,26.60170742807736,3.594084700138769,224,5,Dry,2020,2020-05,"{""type"":""MultiPoint"",""coordinates"":[]}"
VHI_M_2020-05_000000000000000000e0,3.8247047897166,2.910848209570086,225,5,Dry,2020,2020-05,"{""type"":""MultiPoint"",""coordinates"":[]}"
VHI_M_2020-05_000000000000000000e1,8.146873367743762,3.3609084908132574,226,5,Dry,2020,2020-05,"{""type"":""MultiPoint"",""coordinates"":[]}"
VHI_M_2020-05_000000000000000000ff,0.5332007587026573,2.8210350175495886,256,5,Dry,2020,2020-05,"{""type"":""MultiPoint"",""coordinates"":[]}"
VHI_M_2020-05_0000000000000000011c,0.5186556375436776,2.705253112787422,285,5,Dry,2020,2020-05,"{""type"":""MultiPoint"",""coordinates"":[]}"
VHI_M_2020-05_0000000000000000011d,0.5201619595271961,2.8078772594843513,286,5,Dry,2020,2020-05,"{""type"":""MultiPoint"",""coordinates"":[]}"
VHI_M_2020-05_0000000000000000011e,0.5429306725889836,2.9305741939314767,287,5,Dry,2020,2020-05,"{""type"":""MultiPoint"",""coordinates"":[]}"
VHI_M_2020-05_0000000000000000011f,0.5502304018377359,2.975985978635272,288,5,Dry,2020,2020-05,"{""type"":""MultiPoint"",""coordinates"":[]}"
VHI_M_2020-05_000000000000000001c4,8.71827242504452,2.6732808810580417,453,5,Dry,2020,2020-05,"{""type"":""MultiPoint"",""coordinates"":[]}"
VHI_M_2020-05_000000000000000001c5,0.5338959231944295,2.8816888294002982,454,5,Dry,2020,2020-05,"{""type"":""MultiPoint"",""coordinates"":[]}"
VHI_M_2020-05_000000000000000001c6,0.5809032467795403,3.0158431690933782,455,5,Dry,2020,2020-05,"{""type"":""MultiPoint"",""coordinates"":[]}"
VHI_M_2020-05_00000000000000000003,0.8030271608957587,3.366886359097264,4,5,Dry,2020,2020-05,"{""type"":""MultiPoint"",""coordinates"":[]}"
VHI_M_2020-05_0000000000000000001b,12.351666667127438,3.7094562647754143,28,5,Dry,2020,2020-05,"{""type"":""MultiPoint"",""coordinates"":[]}"
VHI_M_2020-05_00000000000000000186,64.36425751195817,3.7820380579761688,391,5,Dry,2020,2020-05,"{""type"":""MultiPoint"",""coordinates"":[]}"
VHI_M_2020-05_00000000000000000187,0.5932059579572714,3.1273303676929802,392,5,Dry,2020,2020-05,"{""type"":""MultiPoint"",""coordinates"":[]}"
VHI_M_2020-05_00000000000000000188,2.862505071456365,3.2839256917603055,393,5,Dry,2020,2020-05,"{""type"":""MultiPoint"",""coordinates"":[]}"
VHI_M_2020-05_00000000000000000189,3.714921806793056,3.8204203032814874,394,5,Dry,2020,2020-05,"{""type"":""MultiPoint"",""coordinates"":[]}"
VHI_M_2020-05_0000000000000000018a,0.6605162329500146,3.5927645409950943,395,5,Dry,2020,2020-05,"{""type"":""MultiPoint"",""coordinates"":[]}"
VHI_M_2020-05_0000000000000000018f,0.6204798686390108,3.327539936102236,400,5,Dry,2020,2020-05,"{""type"":""MultiPoint"",""coordinates"":[]}"
VHI_M_2020-05_00000000000000000190,0.6057609663800153,3.1272809628575113,401,5,Dry,2020,2020-05,"{""type"":""MultiPoint"",""coordinates"":[]}"
VHI_M_2020-05_0000000000000000021e,0.7157709771283386,3.928475590876252,543,5,Dry,2020,2020-05,"{""type"":""MultiPoint"",""coordinates"":[]}"
VHI_M_2020-05_0000000000000000021f,0.7392340746545231,3.3208403054111124,544,5,Dry,2020,2020-05,"{""type"":""MultiPoint"",""coordinates"":[]}"
VHI_M_2020-05_00000000000000000220,0.6125058250280917,3.1459753470396317,545,5,Dry,2020,2020-05,"{""type"":""MultiPoint"",""coordinates"":[]}"
VHI_M_2020-05_00000000000000000007,0.6356392991707055,3.3420495703430158,8,5,Dry,2020,2020-05,"{""type"":""MultiPoint"",""coordinates"":[]}"
VHI_M_2020-05_0000000000000000000b,0.6243315875508755,3.224465272770968,12,5,Dry,2020,2020-05,"{""type"":""MultiPoint"",""coordinates"":[]}"
VHI_M_2020-05_00000000000000000012,0.5379935916493633,2.7940128750483395,19,5,Dry,2020,2020-05,"{""type"":""MultiPoint"",""coordinates"":[]}"
VHI_M_2020-05_00000000000000000013,0.5453431372503779,2.8111271650594034,20,5,Dry,2020,2020-05,"{""type"":""MultiPoint"",""coordinates"":[]}"
VHI_M_2020-05_00000000000000000014,0.5317557181182864,2.747786466748532,21,5,Dry,2020,2020-05,"{""type"":""MultiPoint"",""coordinates"":[]}"
VHI_M_2020-05_00000000000000000015,0.518414792143909,2.7035377691153637,22,5,Dry,2020,2020-05,"{""type"":""MultiPoint"",""coordinates"":[]}"
VHI_M_2020-05_00000000000000000016,0.5352889223090946,2.748229233741146,23,5,Dry,2020,2020-05,"{""type"":""MultiPoint"",""coordinates"":[]}"
VHI_M_2020-05_00000000000000000183,0.5395466897625913,2.7969757267135416,388,5,Dry,2020,2020-05,"{""type"":""MultiPoint"",""coordinates"":[]}"
VHI_M_2020-05_00000000000000000184,0.5792515689273512,3.0585037270876714,389,5,Dry,2020,2020-05,"{""type"":""MultiPoint"",""coordinates"":[]}"
VHI_M_2020-05_00000000000000000185,4.96933839379064,3.005999392803987,390,5,Dry,2020,2020-05,"{""type"":""MultiPoint"",""coordinates"":[]}"
VHI_M_2020-05_00000000000000000212,0.6056964077769356,3.1679288771814287,531,5,Dry,2020,2020-05,"{""type"":""MultiPoint"",""coordinates"":[]}"
VHI_M_2020-05_00000000000000000213,0.6128983631460305,3.186480347115875,532,5,Dry,2020,2020-05,"{""type"":""MultiPoint"",""coordinates"":[]}"
VHI_M_2020-05_00000000000000000214,0.6086724893531438,3.2231973535397804,533,5,Dry,2020,2020-05,"{""type"":""MultiPoint"",""coordinates"":[]}"
VHI_M_2020-05_00000000000000000215,0.6267965281937562,3.313942556616014,534,5,Dry,2020,2020-05,"{""type"":""MultiPoint"",""coordinates"":[]}"
VHI_M_2020-05_0000000000000000005a,75.0475429620032,3.4345915404535816,91,5,Dry,2020,2020-05,"{""type"":""MultiPoint"",""coordinates"":[]}"
VHI_M_2020-05_00000000000000000118,53.15232738911991,3.8893291350919768,281,5,Dry,2020,2020-05,"{""type"":""MultiPoint"",""coordinates"":[]}"
VHI_M_2020-05_00000000000000000119,8.410702823852338,2.993085200808136,282,5,Dry,2020,2020-05,"{""type"":""MultiPoint"",""coordinates"":[]}"
VHI_M_2020-05_0000000000000000011a,3.8381237170239397,3.061651523430211,283,5,Dry,2020,2020-05,"{""type"":""MultiPoint"",""coordinates"":[]}"
VHI_M_2020-05_0000000000000000011b,0.7469445700608115,3.838060572762861,284,5,Dry,2020,2020-05,"{""type"":""MultiPoint"",""coordinates"":[]}"
VHI_M_2020-05_00000000000000000141,10.185999775732657,3.137804789928786,322,5,Dry,2020,2020-05,"{""type"":""MultiPoint"",""coordinates"":[]}"
VHI_M_2020-05_00000000000000000142,54.41647384640702,4.329365325397316,323,5,Dry,2020,2020-05,"{""type"":""MultiPoint"",""coordinates"":[]}"
VHI_M_2020-05_00000000000000000143,13.83838119574691,3.9436465236172324,324,5,Dry,2020,2020-05,"{""type"":""MultiPoint"",""coordinates"":[]}"
VHI_M_2020-05_00000000000000000144,48.95824142222497,3.9986474901971913,325,5,Dry,2020,2020-05,"{""type"":""MultiPoint"",""coordinates"":[]}"
VHI_M_2020-05_00000000000000000145,35.271244520046835,4.36990540840294,326,5,Dry,2020,2020-05,"{""type"":""MultiPoint"",""coordinates"":[]}"
VHI_M_2020-05_000000000000000001af,85.83118733017886,3.0939930689256827,432,5,Dry,2020,2020-05,"{""type"":""MultiPoint"",""coordinates"":[]}"
VHI_M_2020-05_0000000000000000004b,0.6043070743301572,3.2648364957610014,76,5,Dry,2020,2020-05,"{""type"":""MultiPoint"",""coordinates"":[]}"
VHI_M_2020-05_0000000000000000004c,0.6072039446793742,3.133634032015565,77,5,Dry,2020,2020-05,"{""type"":""MultiPoint"",""coordinates"":[]}"
VHI_M_2020-05_0000000000000000004d,0.5875579887681411,3.0637052794769817,78,5,Dry,2020,2020-05,"{""type"":""MultiPoint"",""coordinates"":[]}"
VHI_M_2020-05_0000000000000000004e,0.6160466344836876,3.268873353144272,79,5,Dry,2020,2020-05,"{""type"":""MultiPoint"",""coordinates"":[]}"
VHI_M_2020-05_0000000000000000004f,0.6286211833714443,3.319791037152604,80,5,Dry,2020,2020-05,"{""type"":""MultiPoint"",""coordinates"":[]}"
VHI_M_2020-05_00000000000000000050,0.7001728641388079,3.993476842791911,81,5,Dry,2020,2020-05,"{""type"":""MultiPoint"",""coordinates"":[]}"
VHI_M_2020-05_00000000000000000051,0.6684588482837993,3.876948908611178,82,5,Dry,2020,2020-05,"{""type"":""MultiPoint"",""coordinates"":[]}"
VHI_M_2020-05_00000000000000000052,0.6146300665675802,3.3036993712531078,83,5,Dry,2020,2020-05,"{""type"":""MultiPoint"",""coordinates"":[]}"
VHI_M_2020-05_000000000000000000aa,0.565280927592444,3.0136543961620084,171,5,Dry,2020,2020-05,"{""type"":""MultiPoint"",""coordinates"":[]}"
VHI_M_2020-05_000000000000000000ab,0.5693824068039102,2.9909087899295157,172,5,Dry,2020,2020-05,"{""type"":""MultiPoint"",""coordinates"":[]}"
VHI_M_2020-05_000000000000000000ac,0.5822623893266216,3.052259410705358,173,5,Dry,2020,2020-05,"{""type"":""MultiPoint"",""coordinates"":[]}"
VHI_M_2020-05_000000000000000000ad,0.602013872422923,3.1789005762055966,174,5,Dry,2020,2020-05,"{""type"":""MultiPoint"",""coordinates"":[]}"
VHI_M_2020-05_000000000000000000ae,0.46697842040155035,2.2978284771852673,175,5,Dry,2020,2020-05,"{""type"":""MultiPoint"",""coordinates"":[]}"
VHI_M_2020-05_000000000000000000af,0.5452546013145694,2.808217005076141,176,5,Dry,2020,2020-05,"{""type"":""MultiPoint"",""coordinates"":[]}"
VHI_M_2020-05_000000000000000000b0,1.064864293726081,4.9583399084740405,177,5,Dry,2020,2020-05,"{""type"":""MultiPoint"",""coordinates"":[]}"
VHI_M_2020-05_000000000000000001c7,0.5113874466471651,2.7504324190758584,456,5,Dry,2020,2020-05,"{""type"":""MultiPoint"",""coordinates"":[]}"
VHI_M_2020-05_000000000000000001c8,0.5981418813103271,3.1257119767117474,457,5,Dry,2020,2020-05,"{""type"":""MultiPoint"",""coordinates"":[]}"
VHI_M_2020-05_000000000000000001c9,0.5728716460798411,3.0150866177453564,458,5,Dry,2020,2020-05,"{""type"":""MultiPoint"",""coordinates"":[]}"
VHI_M_2020-05_000000000000000001ca,0.6954660312220431,3.7741695587506197,459,5,Dry,2020,2020-05,"{""type"":""MultiPoint"",""coordinates"":[]}"
VHI_M_2020-05_0000000000000000020a,0.6603584107111923,3.5264410638518067,523,5,Dry,2020,2020-05,"{""type"":""MultiPoint"",""coordinates"":[]}"
VHI_M_2020-05_0000000000000000020b,0.9752696412529014,3.110250528218604,524,5,Dry,2020,2020-05,"{""type"":""MultiPoint"",""coordinates"":[]}"
VHI_M_2020-05_0000000000000000020c,0.599519440165648,3.1311279326576646,525,5,Dry,2020,2020-05,"{""type"":""MultiPoint"",""coordinates"":[]}"
VHI_M_2020-05_000000000000000001ab,0.6036892837193236,3.1793482933539665,428,5,Dry,2020,2020-05,"{""type"":""MultiPoint"",""coordinates"":[]}"
VHI_M_2020-05_000000000000000001ac,0.5723682946579652,2.9711627966285414,429,5,Dry,2020,2020-05,"{""type"":""MultiPoint"",""coordinates"":[]}"
VHI_M_2020-05_000000000000000001ad,8.082860234015916,2.9561392040997747,430,5,Dry,2020,2020-05,"{""type"":""MultiPoint"",""coordinates"":[]}"
VHI_M_2020-05_000000000000000001ae,45.424408027908896,2.676113066511848,431,5,Dry,2020,2020-05,"{""type"":""MultiPoint"",""coordinates"":[]}"
VHI_M_2020-05_000000000000000001c3,39.047637776898,3.026104760279817,452,5,Dry,2020,2020-05,"{""type"":""MultiPoint"",""coordinates"":[]}"
VHI_M_2020-05_00000000000000000037,0.35442481556335426,1.5835219517252108,56,5,Dry,2020,2020-05,"{""type"":""MultiPoint"",""coordinates"":[]}"
VHI_M_2020-05_00000000000000000038,0.37480469092471236,1.658560091377443,57,5,Dry,2020,2020-05,"{""type"":""MultiPoint"",""coordinates"":[]}"
VHI_M_2020-05_00000000000000000039,0.47362836320441276,2.3161490404063105,58,5,Dry,2020,2020-05,"{""type"":""MultiPoint"",""coordinates"":[]}"
VHI_M_2020-05_0000000000000000003a,0.4979158550430325,2.4940009664899794,59,5,Dry,2020,2020-05,"{""type"":""MultiPoint"",""coordinates"":[]}"
VHI_M_2020-05_0000000000000000003b,0.3428486158181905,1.5424035162991885,60,5,Dry,2020,2020-05,"{""type"":""MultiPoint"",""coordinates"":[]}"
VHI_M_2020-05_0000000000000000003c,0.4187622591016922,2.0330262400263224,61,5,Dry,2020,2020-05,"{""type"":""MultiPoint"",""coordinates"":[]}"
VHI_M_2020-05_0000000000000000003d,0.49655863327548766,2.503902959843407,62,5,Dry,2020,2020-05,"{""type"":""MultiPoint"",""coordinates"":[]}"
VHI_M_2020-05_0000000000000000003e,10.273106108149756,1.6549436535494462,63,5,Dry,2020,2020-05,"{""type"":""MultiPoint"",""coordinates"":[]}"
VHI_M_2020-05_0000000000000000003f,0.3788193220738081,1.6676674283082686,64,5,Dry,2020,2020-05,"{""type"":""MultiPoint"",""coordinates"":[]}"
VHI_M_2020-05_00000000000000000044,0.3639033640236709,1.5952222407191612,69,5,Dry,2020,2020-05,"{""type"":""MultiPoint"",""coordinates"":[]}"
VHI_M_2020-05_00000000000000000076,0.3397427610107218,1.446243504443688,119,5,Dry,2020,2020-05,"{""type"":""MultiPoint"",""coordinates"":[]}"
VHI_M_2020-05_00000000000000000077,5.733804467522186,2.0468652561247223,120,5,Dry,2020,2020-05,"{""type"":""MultiPoint"",""coordinates"":[]}"
VHI_M_2020-05_00000000000000000078,0.41769984455854087,1.9537478694310042,121,5,Dry,2020,2020-05,"{""type"":""MultiPoint"",""coordinates"":[]}"
VHI_M_2020-05_00000000000000000079,0.42777524673701006,1.9249762583095915,122,5,Dry,2020,2020-05,"{""type"":""MultiPoint"",""coordinates"":[]}"
VHI_M_2020-05_0000000000000000008b,0.400827247716538,1.8015704387990763,140,5,Dry,2020,2020-05,"{""type"":""MultiPoint"",""coordinates"":[]}"
VHI_M_2020-05_0000000000000000008c,1.4841153833738554,2.251722695422801,141,5,Dry,2020,2020-05,"{""type"":""MultiPoint"",""coordinates"":[]}"
VHI_M_2020-05_0000000000000000008d,6.330111017707585,2.2933443800055247,142,5,Dry,2020,2020-05,"{""type"":""MultiPoint"",""coordinates"":[]}"
VHI_M_2020-05_0000000000000000008e,0.5628539441255689,2.94459552148477,143,5,Dry,2020,2020-05,"{""type"":""MultiPoint"",""coordinates"":[]}"
VHI_M_2020-05_0000000000000000008f,0.6159597751116606,3.2867026266416497,144,5,Dry,2020,2020-05,"{""type"":""MultiPoint"",""coordinates"":[]}"
VHI_M_2020-05_00000000000000000090,0.5452733577678466,2.818507074321026,145,5,Dry,2020,2020-05,"{""type"":""MultiPoint"",""coordinates"":[]}"
VHI_M_2020-05_00000000000000000091,0.5884236840798287,3.1287360095041565,146,5,Dry,2020,2020-05,"{""type"":""MultiPoint"",""coordinates"":[]}"
VHI_M_2020-05_000000000000000000b5,36.047200596002575,2.557996485061512,182,5,Dry,2020,2020-05,"{""type"":""MultiPoint"",""coordinates"":[]}"
VHI_M_2020-05_000000000000000000cc,8.886464638704856,2.62826750226767,205,5,Dry,2020,2020-05,"{""type"":""MultiPoint"",""coordinates"":[]}"
VHI_M_2020-05_000000000000000000cd,0.8108030210245101,2.70001648640255,206,5,Dry,2020,2020-05,"{""type"":""MultiPoint"",""coordinates"":[]}"
VHI_M_2020-05_000000000000000001dd,0.5819458200518234,3.057703927492448,478,5,Dry,2020,2020-05,"{""type"":""MultiPoint"",""coordinates"":[]}"
VHI_M_2020-05_000000000000000001de,0.6568211721318228,3.582425787909101,479,5,Dry,2020,2020-05,"{""type"":""MultiPoint"",""coordinates"":[]}"
VHI_M_2020-05_000000000000000001df,0.6017037923852844,3.1725674393836027,480,5,Dry,2020,2020-05,"{""type"":""MultiPoint"",""coordinates"":[]}"
VHI_M_2020-05_000000000000000001e0,0.621202505085152,3.257763763809178,481,5,Dry,2020,2020-05,"{""type"":""MultiPoint"",""coordinates"":[]}"
VHI_M_2020-05_000000000000000001e1,0.6821034721934648,3.7646969582037473,482,5,Dry,2020,2020-05,"{""type"":""MultiPoint"",""coordinates"":[]}"
VHI_M_2020-05_0000000000000000007a,0.5548005270588355,2.97935673418896,123,5,Dry,2020,2020-05,"{""type"":""MultiPoint"",""coordinates"":[]}"
VHI_M_2020-05_0000000000000000007b,0.5084168414160057,2.5109440778245533,124,5,Dry,2020,2020-05,"{""type"":""MultiPoint"",""coordinates"":[]}"
VHI_M_2020-05_0000000000000000007c,0.5381688223098386,2.8109866541709096,125,5,Dry,2020,2020-05,"{""type"":""MultiPoint"",""coordinates"":[]}"
VHI_M_2020-05_0000000000000000007d,0.47550229482525586,2.3376413024188682,126,5,Dry,2020,2020-05,"{""type"":""MultiPoint"",""coordinates"":[]}"
VHI_M_2020-05_0000000000000000007e,19.25129319620845,1.8707535988707316,127,5,Dry,2020,2020-05,"{""type"":""MultiPoint"",""coordinates"":[]}"
VHI_M_2020-05_0000000000000000007f,13.782092509818236,1.9621387331050337,128,5,Dry,2020,2020-05,"{""type"":""MultiPoint"",""coordinates"":[]}"
VHI_M_2020-05_00000000000000000080,0.3453075353963708,1.5094778040266572,129,5,Dry,2020,2020-05,"{""type"":""MultiPoint"",""coordinates"":[]}"
VHI_M_2020-05_00000000000000000088,4.5409589120606055,2.6647098758036827,137,5,Dry,2020,2020-05,"{""type"":""MultiPoint"",""coordinates"":[]}"
VHI_M_2020-05_00000000000000000089,0.4145577266489136,2.146395920707239,138,5,Dry,2020,2020-05,"{""type"":""MultiPoint"",""coordinates"":[]}"
VHI_M_2020-05_0000000000000000008a,0.4847184893464496,2.403652064317291,139,5,Dry,2020,2020-05,"{""type"":""MultiPoint"",""coordinates"":[]}"
VHI_M_2020-05_00000000000000000099,0.5818002741364492,3.0699493138311165,154,5,Dry,2020,2020-05,"{""type"":""MultiPoint"",""coordinates"":[]}"
VHI_M_2020-05_0000000000000000009a,2.752962692003704,2.460418912465029,155,5,Dry,2020,2020-05,"{""type"":""MultiPoint"",""coordinates"":[]}"
VHI_M_2020-05_00000000000000000112,0.6441806943865968,3.438680865681896,275,5,Dry,2020,2020-05,"{""type"":""MultiPoint"",""coordinates"":[]}"
VHI_M_2020-05_000000000000000001d8,0.6372302027054297,3.4979036241456565,473,5,Dry,2020,2020-05,"{""type"":""MultiPoint"",""coordinates"":[]}"
VHI_M_2020-05_00000000000000000001,0.7073962346862294,3.8913261648745525,2,5,Dry,2020,2020-05,"{""type"":""MultiPoint"",""coordinates"":[]}"
VHI_M_2020-05_00000000000000000030,0.5593694313572734,2.9249942591653113,49,5,Dry,2020,2020-05,"{""type"":""MultiPoint"",""coordinates"":[]}"
VHI_M_2020-05_00000000000000000031,0.577954933238995,3.0355605645780552,50,5,Dry,2020,2020-05,"{""type"":""MultiPoint"",""coordinates"":[]}"
VHI_M_2020-05_00000000000000000032,0.5839592636740248,3.041515731205991,51,5,Dry,2020,2020-05,"{""type"":""MultiPoint"",""coordinates"":[]}"
VHI_M_2020-05_000000000000000000d7,0.5412963767158679,2.9046724020090413,216,5,Dry,2020,2020-05,"{""type"":""MultiPoint"",""coordinates"":[]}"
VHI_M_2020-05_000000000000000000d8,0.5082739839868974,2.600960827236485,217,5,Dry,2020,2020-05,"{""type"":""MultiPoint"",""coordinates"":[]}"
VHI_M_2020-05_000000000000000000d9,0.49871702803774776,2.4954878713983173,218,5,Dry,2020,2020-05,"{""type"":""MultiPoint"",""coordinates"":[]}"
VHI_M_2020-05_000000000000000000da,0.5444575030313016,2.8489207012369953,219,5,Dry,2020,2020-05,"{""type"":""MultiPoint"",""coordinates"":[]}"
VHI_M_2020-05_00000000000000000132,0.5515194628413636,2.886404869934881,307,5,Dry,2020,2020-05,"{""type"":""MultiPoint"",""coordinates"":[]}"
VHI_M_2020-05_00000000000000000133,81.76561777689676,3.827980340610356,308,5,Dry,2020,2020-05,"{""type"":""MultiPoint"",""coordinates"":[]}"
VHI_M_2020-05_00000000000000000134,0.6411915093059816,3.4346182472923488,309,5,Dry,2020,2020-05,"{""type"":""MultiPoint"",""coordinates"":[]}"
VHI_M_2020-05_00000000000000000135,24.745692532907444,3.7928480784303975,310,5,Dry,2020,2020-05,"{""type"":""MultiPoint"",""coordinates"":[]}"
VHI_M_2020-05_0000000000000000001f,0.5455209051553276,2.824512088101739,32,5,Dry,2020,2020-05,"{""type"":""MultiPoint"",""coordinates"":[]}"
VHI_M_2020-05_00000000000000000020,0.49272360462308973,2.4589501884574787,33,5,Dry,2020,2020-05,"{""type"":""MultiPoint"",""coordinates"":[]}"
VHI_M_2020-05_00000000000000000021,0.5355956232751827,2.744487424698435,34,5,Dry,2020,2020-05,"{""type"":""MultiPoint"",""coordinates"":[]}"
VHI_M_2020-05_00000000000000000045,0.5620448883448075,2.916447556326002,70,5,Dry,2020,2020-05,"{""type"":""MultiPoint"",""coordinates"":[]}"
VHI_M_2020-05_00000000000000000046,0.5258755963087474,2.725492442906414,71,5,Dry,2020,2020-05,"{""type"":""MultiPoint"",""coordinates"":[]}"
VHI_M_2020-05_00000000000000000047,0.559750584812795,2.9469235003034218,72,5,Dry,2020,2020-05,"{""type"":""MultiPoint"",""coordinates"":[]}"
VHI_M_2020-05_00000000000000000048,0.5708374746395803,2.9778193696590445,73,5,Dry,2020,2020-05,"{""type"":""MultiPoint"",""coordinates"":[]}"
VHI_M_2020-05_00000000000000000072,0.45940873165237495,2.226915130900945,115,5,Dry,2020,2020-05,"{""type"":""MultiPoint"",""coordinates"":[]}"
VHI_M_2020-05_00000000000000000073,0.4747495047551964,2.31173069476698,116,5,Dry,2020,2020-05,"{""type"":""MultiPoint"",""coordinates"":[]}"
VHI_M_2020-05_00000000000000000074,0.4967717619315123,2.4559180236436617,117,5,Dry,2020,2020-05,"{""type"":""MultiPoint"",""coordinates"":[]}"
VHI_M_2020-05_00000000000000000075,0.5173928485201574,2.6485786941313445,118,5,Dry,2020,2020-05,"{""type"":""MultiPoint"",""coordinates"":[]}"
VHI_M_2020-05_000000000000000000b4,0.5651023062784237,3.045067534435876,181,5,Dry,2020,2020-05,"{""type"":""MultiPoint"",""coordinates"":[]}"
VHI_M_2020-05_000000000000000000e8,0.5917625746296118,3.1122067324039446,233,5,Dry,2020,2020-05,"{""type"":""MultiPoint"",""coordinates"":[]}"
VHI_M_2020-05_000000000000000000e9,0.5480222107454954,2.8357508717359816,234,5,Dry,2020,2020-05,"{""type"":""MultiPoint"",""coordinates"":[]}"
VHI_M_2020-05_000000000000000000ea,0.5728200043308292,2.9924984885756243,235,5,Dry,2020,2020-05,"{""type"":""MultiPoint"",""coordinates"":[]}"
VHI_M_2020-05_00000000000000000022,0.6325288122357998,3.365053877033596,35,5,Dry,2020,2020-05,"{""type"":""MultiPoint"",""coordinates"":[]}"
VHI_M_2020-05_00000000000000000023,0.5263380952238748,2.7043393760530146,36,5,Dry,2020,2020-05,"{""type"":""MultiPoint"",""coordinates"":[]}"
VHI_M_2020-05_00000000000000000024,0.6183002117077246,3.279321612623003,37,5,Dry,2020,2020-05,"{""type"":""MultiPoint"",""coordinates"":[]}"
VHI_M_2020-05_00000000000000000025,0.6164927320233617,3.2641079096951238,38,5,Dry,2020,2020-05,"{""type"":""MultiPoint"",""coordinates"":[]}"
VHI_M_2020-05_000000000000000000f0,0.5366451687474212,2.820764859468592,241,5,Dry,2020,2020-05,"{""type"":""MultiPoint"",""coordinates"":[]}"
VHI_M_2020-05_000000000000000000f4,0.5219001755592217,2.6717219858559047,245,5,Dry,2020,2020-05,"{""type"":""MultiPoint"",""coordinates"":[]}"
VHI_M_2020-05_000000000000000000f5,0.6072197902661386,3.2254708638643947,246,5,Dry,2020,2020-05,"{""type"":""MultiPoint"",""coordinates"":[]}"
VHI_M_2020-05_000000000000000000f6,0.6530721550919305,3.527949203162102,247,5,Dry,2020,2020-05,"{""type"":""MultiPoint"",""coordinates"":[]}"
VHI_M_2020-05_000000000000000000f7,0.6285961437145156,3.311302822050007,248,5,Dry,2020,2020-05,"{""type"":""MultiPoint"",""coordinates"":[]}"
VHI_M_2020-05_000000000000000000f8,0.5510327090113913,2.8782131987948425,249,5,Dry,2020,2020-05,"{""type"":""MultiPoint"",""coordinates"":[]}"
VHI_M_2020-05_00000000000000000000,0.4401835723443021,2.1228423588892844,1,5,Dry,2020,2020-05,"{""type"":""MultiPoint"",""coordinates"":[]}"
VHI_M_2020-05_000000000000000000f2,0.5516713696140575,2.872232863026048,243,5,Dry,2020,2020-05,"{""type"":""MultiPoint"",""coordinates"":[]}"
VHI_M_2020-05_000000000000000000f3,0.49516139348779686,2.475339933231059,244,5,Dry,2020,2020-05,"{""type"":""MultiPoint"",""coordinates"":[]}"
VHI_M_2020-05_00000000000000000106,0.5556514274195045,2.8624589649764762,263,5,Dry,2020,2020-05,"{""type"":""MultiPoint"",""coordinates"":[]}"
VHI_M_2020-05_00000000000000000107,0.5214469039795845,2.6476925520487193,264,5,Dry,2020,2020-05,"{""type"":""MultiPoint"",""coordinates"":[]}"
VHI_M_2020-05_00000000000000000108,0.5453967786269375,2.81150753138384,265,5,Dry,2020,2020-05,"{""type"":""MultiPoint"",""coordinates"":[]}"
VHI_M_2020-05_0000000000000000012c,0.47305858690977076,2.322296891374439,301,5,Dry,2020,2020-05,"{""type"":""MultiPoint"",""coordinates"":[]}"
VHI_M_2020-05_0000000000000000012d,0.4935874611179571,2.484341510238767,302,5,Dry,2020,2020-05,"{""type"":""MultiPoint"",""coordinates"":[]}"
VHI_M_2020-05_0000000000000000012e,0.4707362719243301,2.327766775768189,303,5,Dry,2020,2020-05,"{""type"":""MultiPoint"",""coordinates"":[]}"
VHI_M_2020-05_000000000000000000a5,0.579103535356091,3.0342052659860284,166,5,Dry,2020,2020-05,"{""type"":""MultiPoint"",""coordinates"":[]}"
VHI_M_2020-05_000000000000000000a6,0.5477299616534864,2.822610753809199,167,5,Dry,2020,2020-05,"{""type"":""MultiPoint"",""coordinates"":[]}"
VHI_M_2020-05_000000000000000000c1,45.85291356458555,2.9817581731412517,194,5,Dry,2020,2020-05,"{""type"":""MultiPoint"",""coordinates"":[]}"
VHI_M_2020-05_00000000000000000120,2.7360860935015445,2.887154343989017,289,5,Dry,2020,2020-05,"{""type"":""MultiPoint"",""coordinates"":[]}"
VHI_M_2020-05_000000000000000001d9,5.5615999751200125,2.6974936573015267,474,5,Dry,2020,2020-05,"{""type"":""MultiPoint"",""coordinates"":[]}"
VHI_M_2020-05_000000000000000001da,0.5576979717850141,2.890318452030109,475,5,Dry,2020,2020-05,"{""type"":""MultiPoint"",""coordinates"":[]}"
VHI_M_2020-05_000000000000000001db,0.5686215254790921,2.914869257141403,476,5,Dry,2020,2020-05,"{""type"":""MultiPoint"",""coordinates"":[]}"
VHI_M_2020-05_000000000000000001dc,0.5896031549748905,2.9405852133124855,477,5,Dry,2020,2020-05,"{""type"":""MultiPoint"",""coordinates"":[]}"
VHI_M_2020-05_000000000000000001e2,54.64890219861308,3.1556503198294235,483,5,Dry,2020,2020-05,"{""type"":""MultiPoint"",""coordinates"":[]}"
VHI_M_2020-05_000000000000000001e3,4.609290066494139,3.023027854986102,484,5,Dry,2020,2020-05,"{""type"":""MultiPoint"",""coordinates"":[]}"
VHI_M_2020-05_000000000000000001e4,80.5718191132824,3.631376851343939,485,5,Dry,2020,2020-05,"{""type"":""MultiPoint"",""coordinates"":[]}"
VHI_M_2020-05_000000000000000001e5,26.598275738443153,2.5868047337278113,486,5,Dry,2020,2020-05,"{""type"":""MultiPoint"",""coordinates"":[]}"
VHI_M_2020-05_000000000000000001e6,1.1462756246867092,2.936997576247223,487,5,Dry,2020,2020-05,"{""type"":""MultiPoint"",""coordinates"":[]}"
VHI_M_2020-05_000000000000000001e7,16.03531661737644,2.8845592095346513,488,5,Dry,2020,2020-05,"{""type"":""MultiPoint"",""coordinates"":[]}"
VHI_M_2020-05_000000000000000001e8,0.5657290322542525,2.878538499638054,489,5,Dry,2020,2020-05,"{""type"":""MultiPoint"",""coordinates"":[]}"
VHI_M_2020-05_000000000000000001e9,58.72038752303642,3.3354862295881063,490,5,Dry,2020,2020-05,"{""type"":""MultiPoint"",""coordinates"":[]}"
VHI_M_2020-05_000000000000000000e2,0.5748232599540342,2.998942748213883,227,5,Dry,2020,2020-05,"{""type"":""MultiPoint"",""coordinates"":[]}"
VHI_M_2020-05_000000000000000000e3,0.5288390967572462,2.7278785935332817,228,5,Dry,2020,2020-05,"{""type"":""MultiPoint"",""coordinates"":[]}"
VHI_M_2020-05_000000000000000000e4,25.259428806028662,2.6396247240618096,229,5,Dry,2020,2020-05,"{""type"":""MultiPoint"",""coordinates"":[]}"
VHI_M_2020-05_000000000000000000e5,1.2238257576125107,2.9290947721447833,230,5,Dry,2020,2020-05,"{""type"":""MultiPoint"",""coordinates"":[]}"
VHI_M_2020-05_000000000000000000e6,0.4914008833587487,2.4875859434682965,231,5,Dry,2020,2020-05,"{""type"":""MultiPoint"",""coordinates"":[]}"
VHI_M_2020-05_000000000000000000e7,0.5948356236957083,3.0,232,5,Dry,2020,2020-05,"{""type"":""MultiPoint"",""coordinates"":[]}"
VHI_M_2020-05_0000000000000000017f,0.5766243771407396,2.9875784457132077,384,5,Dry,2020,2020-05,"{""type"":""MultiPoint"",""coordinates"":[]}"
VHI_M_2020-05_00000000000000000180,0.5369838911067153,2.741237824042542,385,5,Dry,2020,2020-05,"{""type"":""MultiPoint"",""coordinates"":[]}"
VHI_M_2020-05_00000000000000000203,0.5754929971816548,2.97292451138605,516,5,Dry,2020,2020-05,"{""type"":""MultiPoint"",""coordinates"":[]}"
VHI_M_2020-05_00000000000000000204,0.5820676666726201,3.070592235760839,517,5,Dry,2020,2020-05,"{""type"":""MultiPoint"",""coordinates"":[]}"
VHI_M_2020-05_00000000000000000205,0.5564770249921669,2.891607656173313,518,5,Dry,2020,2020-05,"{""type"":""MultiPoint"",""coordinates"":[]}"
VHI_M_2020-05_00000000000000000206,0.5638717759443537,2.953677672767876,519,5,Dry,2020,2020-05,"{""type"":""MultiPoint"",""coordinates"":[]}"
VHI_M_2020-05_00000000000000000207,0.5781514118516532,3.106653683868875,520,5,Dry,2020,2020-05,"{""type"":""MultiPoint"",""coordinates"":[]}"
VHI_M_2020-05_00000000000000000208,0.5587283299907716,2.910134834790338,521,5,Dry,2020,2020-05,"{""type"":""MultiPoint"",""coordinates"":[]}"
VHI_M_2020-05_00000000000000000209,0.6474372889390898,3.452547194207397,522,5,Dry,2020,2020-05,"{""type"":""MultiPoint"",""coordinates"":[]}"
VHI_M_2020-05_0000000000000000000e,0.5827648735489653,3.0230878833570807,15,5,Dry,2020,2020-05,"{""type"":""MultiPoint"",""coordinates"":[]}"
VHI_M_2020-05_00000000000000000124,0.673854785855213,3.6238211666084523,293,5,Dry,2020,2020-05,"{""type"":""MultiPoint"",""coordinates"":[]}"
VHI_M_2020-05_00000000000000000125,13.642744131542502,3.3869740068347545,294,5,Dry,2020,2020-05,"{""type"":""MultiPoint"",""coordinates"":[]}"
VHI_M_2020-05_00000000000000000126,0.54675817952661,2.8554747754617353,295,5,Dry,2020,2020-05,"{""type"":""MultiPoint"",""coordinates"":[]}"
VHI_M_2020-05_00000000000000000127,0.6221886481872789,3.3242553363900926,296,5,Dry,2020,2020-05,"{""type"":""MultiPoint"",""coordinates"":[]}"
VHI_M_2020-05_00000000000000000128,0.5143575487742835,2.747304681730911,297,5,Dry,2020,2020-05,"{""type"":""MultiPoint"",""coordinates"":[]}"
VHI_M_2020-05_00000000000000000129,0.5270344478124267,2.6695772272991074,298,5,Dry,2020,2020-05,"{""type"":""MultiPoint"",""coordinates"":[]}"
VHI_M_2020-05_0000000000000000012a,0.5147515501988212,2.646686640187112,299,5,Dry,2020,2020-05,"{""type"":""MultiPoint"",""coordinates"":[]}"
VHI_M_2020-05_0000000000000000012b,0.55919590440757,2.883760482850644,300,5,Dry,2020,2020-05,"{""type"":""MultiPoint"",""coordinates"":[]}"
VHI_M_2020-05_00000000000000000174,0.5473663423078879,2.888717605004469,373,5,Dry,2020,2020-05,"{""type"":""MultiPoint"",""coordinates"":[]}"
VHI_M_2020-05_00000000000000000175,0.5458522643444135,2.8341411615078242,374,5,Dry,2020,2020-05,"{""type"":""MultiPoint"",""coordinates"":[]}"
VHI_M_2020-05_00000000000000000176,0.5096696092861382,2.552385368869797,375,5,Dry,2020,2020-05,"{""type"":""MultiPoint"",""coordinates"":[]}"
VHI_M_2020-05_00000000000000000177,0.4918678501711959,2.392149778121564,376,5,Dry,2020,2020-05,"{""type"":""MultiPoint"",""coordinates"":[]}"
VHI_M_2020-05_00000000000000000195,0.5821013952574808,3.028420368833233,406,5,Dry,2020,2020-05,"{""type"":""MultiPoint"",""coordinates"":[]}"
VHI_M_2020-05_00000000000000000196,0.5141730191770882,2.616067830488257,407,5,Dry,2020,2020-05,"{""type"":""MultiPoint"",""coordinates"":[]}"
VHI_M_2020-05_00000000000000000197,3.3055688189932124,2.8368394377859785,408,5,Dry,2020,2020-05,"{""type"":""MultiPoint"",""coordinates"":[]}"
VHI_M_2020-05_00000000000000000198,0.574883925272449,2.9707367764730335,409,5,Dry,2020,2020-05,"{""type"":""MultiPoint"",""coordinates"":[]}"
VHI_M_2020-05_00000000000000000199,0.576048388764294,2.9833809509488436,410,5,Dry,2020,2020-05,"{""type"":""MultiPoint"",""coordinates"":[]}"
VHI_M_2020-05_00000000000000000035,0.5863748283220442,3.015496688741722,54,5,Dry,2020,2020-05,"{""type"":""MultiPoint"",""coordinates"":[]}"
VHI_M_2020-05_000000000000000000ce,0.33522614599097933,1.499645484510267,207,5,Dry,2020,2020-05,"{""type"":""MultiPoint"",""coordinates"":[]}"
VHI_M_2020-05_000000000000000000cf,0.3741748036933811,1.8056343162670123,208,5,Dry,2020,2020-05,"{""type"":""MultiPoint"",""coordinates"":[]}"
VHI_M_2020-05_000000000000000000d0,3.24996858031619,2.2249472972944173,209,5,Dry,2020,2020-05,"{""type"":""MultiPoint"",""coordinates"":[]}"
VHI_M_2020-05_000000000000000000d1,27.467086578806615,2.8351175290033215,210,5,Dry,2020,2020-05,"{""type"":""MultiPoint"",""coordinates"":[]}"
VHI_M_2020-05_000000000000000001ea,0.49063550529687827,2.44799562899738,491,5,Dry,2020,2020-05,"{""type"":""MultiPoint"",""coordinates"":[]}"
VHI_M_2020-05_000000000000000001eb,0.38769645073383524,1.8051789300567709,492,5,Dry,2020,2020-05,"{""type"":""MultiPoint"",""coordinates"":[]}"
VHI_M_2020-05_000000000000000001ec,0.4363482692883639,2.0872165574766437,493,5,Dry,2020,2020-05,"{""type"":""MultiPoint"",""coordinates"":[]}"
VHI_M_2020-05_000000000000000001ed,0.4793349090067111,2.388609010070959,494,5,Dry,2020,2020-05,"{""type"":""MultiPoint"",""coordinates"":[]}"
VHI_M_2020-05_000000000000000001f4,8.931856729203359,2.64251416350494,501,5,Dry,2020,2020-05,"{""type"":""MultiPoint"",""coordinates"":[]}"
VHI_M_2020-05_000000000000000001f5,0.4019214887476342,2.032640155893281,502,5,Dry,2020,2020-05,"{""type"":""MultiPoint"",""coordinates"":[]}"
VHI_M_2020-05_000000000000000001f6,0.47174561987965546,2.3343743825894006,503,5,Dry,2020,2020-05,"{""type"":""MultiPoint"",""coordinates"":[]}"
VHI_M_2020-05_000000000000000001f7,50.2162895129159,2.9523970210116612,504,5,Dry,2020,2020-05,"{""type"":""MultiPoint"",""coordinates"":[]}"
VHI_M_2020-05_000000000000000001f8,0.44014563351877267,2.1690889510240785,505,5,Dry,2020,2020-05,"{""type"":""MultiPoint"",""coordinates"":[]}"
VHI_M_2020-05_000000000000000001f9,0.4572689679853725,2.2884704634356567,506,5,Dry,2020,2020-05,"{""type"":""MultiPoint"",""coordinates"":[]}"
VHI_M_2020-05_000000000000000001fa,28.24556203426498,2.636236343258422,507,5,Dry,2020,2020-05,"{""type"":""MultiPoint"",""coordinates"":[]}"
VHI_M_2020-05_000000000000000001fb,7.930988739692695,2.900631584960496,508,5,Dry,2020,2020-05,"{""type"":""MultiPoint"",""coordinates"":[]}"
VHI_M_2020-05_000000000000000001fc,0.502215893305308,2.397914638359349,509,5,Dry,2020,2020-05,"{""type"":""MultiPoint"",""coordinates"":[]}"
VHI_M_2020-05_000000000000000001fd,0.44953330549064263,2.16880199297122,510,5,Dry,2020,2020-05,"{""type"":""MultiPoint"",""coordinates"":[]}"
VHI_M_2020-05_00000000000000000049,0.4350064710259344,2.1625428556554573,74,5,Dry,2020,2020-05,"{""type"":""MultiPoint"",""coordinates"":[]}"
VHI_M_2020-05_0000000000000000004a,37.34607166435251,3.191204423994932,75,5,Dry,2020,2020-05,"{""type"":""MultiPoint"",""coordinates"":[]}"
VHI_M_2020-05_000000000000000000fd,71.31575784391735,3.078878581735725,254,5,Dry,2020,2020-05,"{""type"":""MultiPoint"",""coordinates"":[]}"
VHI_M_2020-05_000000000000000000fe,5.880708015156258,2.4594012455961667,255,5,Dry,2020,2020-05,"{""type"":""MultiPoint"",""coordinates"":[]}"
VHI_M_2020-05_00000000000000000191,0.3322093586955697,1.580193756727664,402,5,Dry,2020,2020-05,"{""type"":""MultiPoint"",""coordinates"":[]}"
VHI_M_2020-05_0000000000000000016e,17.62429990481435,2.48615990088186,367,5,Dry,2020,2020-05,"{""type"":""MultiPoint"",""coordinates"":[]}"
VHI_M_2020-05_0000000000000000016f,0.46563753695139476,2.2818089972502773,368,5,Dry,2020,2020-05,"{""type"":""MultiPoint"",""coordinates"":[]}"
VHI_M_2020-05_00000000000000000170,0.5032402916888082,2.5707880578120075,369,5,Dry,2020,2020-05,"{""type"":""MultiPoint"",""coordinates"":[]}"
VHI_M_2020-05_00000000000000000181,35.833083150403766,2.8221587258318905,386,5,Dry,2020,2020-05,"{""type"":""MultiPoint"",""coordinates"":[]}"
VHI_M_2020-05_00000000000000000182,0.560343703214481,2.9252893353895,387,5,Dry,2020,2020-05,"{""type"":""MultiPoint"",""coordinates"":[]}"
VHI_M_2020-05_00000000000000000228,0.591378815209252,3.1767116441779097,553,5,Dry,2020,2020-05,"{""type"":""MultiPoint"",""coordinates"":[]}"
VHI_M_2020-06_00000000000000000017,46.475749944993034,2.2753374758945784,24,6,Wet,2020,2020-06,"{""type"":""MultiPoint"",""coordinates"":[]}"
VHI_M_2020-06_00000000000000000018,232.37457053249832,4.65902206836867,25,6,Wet,2020,2020-06,"{""type"":""MultiPoint"",""coordinates"":[]}"
VHI_M_2020-06_00000000000000000019,30.046728122895246,2.1737211113996366,26,6,Wet,2020,2020-06,"{""type"":""MultiPoint"",""coordinates"":[]}"
VHI_M_2020-06_0000000000000000001a,13.595197698030422,1.865294157747631,27,6,Wet,2020,2020-06,"{""type"":""MultiPoint"",""coordinates"":[]}"
VHI_M_2020-06_0000000000000000005b,160.25468630099303,4.1800278842802365,92,6,Wet,2020,2020-06,"{""type"":""MultiPoint"",""coordinates"":[]}"
VHI_M_2020-06_0000000000000000005c,60.169046428937996,1.9437662597558536,93,6,Wet,2020,2020-06,"{""type"":""MultiPoint"",""coordinates"":[]}"
VHI_M_2020-06_0000000000000000005d,254.0,5.0,94,6,Wet,2020,2020-06,"{""type"":""MultiPoint"",""coordinates"":[]}"
VHI_M_2020-06_0000000000000000005e,35.201502720834114,1.834404349975284,95,6,Wet,2020,2020-06,"{""type"":""MultiPoint"",""coordinates"":[]}"
VHI_M_2020-06_0000000000000000005f,81.69646618266137,2.857417371252882,96,6,Wet,2020,2020-06,"{""type"":""MultiPoint"",""coordinates"":[]}"
VHI_M_2020-06_000000000000000000b6,0.4446707438865811,1.9081163859111794,183,6,Wet,2020,2020-06,"{""type"":""MultiPoint"",""coordinates"":[]}"
VHI_M_2020-06_000000000000000000b7,0.538225810110079,2.8659076533839345,184,6,Wet,2020,2020-06,"{""type"":""MultiPoint"",""coordinates"":[]}"
VHI_M_2020-06_000000000000000000b8,0.3611942361832551,1.2314126394052045,185,6,Wet,2020,2020-06,"{""type"":""MultiPoint"",""coordinates"":[]}"
VHI_M_2020-06_000000000000000000b9,39.299505730738126,2.5699248120300746,186,6,Wet,2020,2020-06,"{""type"":""MultiPoint"",""coordinates"":[]}"
VHI_M_2020-06_000000000000000000ba,0.49182132802009576,2.2896,187,6,Wet,2020,2020-06,"{""type"":""MultiPoint"",""coordinates"":[]}"
VHI_M_2020-06_000000000000000000bb,0.4502326691799825,2.3277227722772276,188,6,Wet,2020,2020-06,"{""type"":""MultiPoint"",""coordinates"":[]}"
VHI_M_2020-06_000000000000000001a0,34.300488220951465,4.2784334763948495,417,6,Wet,2020,2020-06,"{""type"":""MultiPoint"",""coordinates"":[]}"
VHI_M_2020-06_000000000000000001a1,0.5307090027396326,2.5626791371247553,418,6,Wet,2020,2020-06,"{""type"":""MultiPoint"",""coordinates"":[]}"
VHI_M_2020-06_000000000000000001a2,19.6806280987868,3.40219378427788,419,6,Wet,2020,2020-06,"{""type"":""MultiPoint"",""coordinates"":[]}"
VHI_M_2020-06_000000000000000001a3,0.4665444845318829,2.2976647945610407,420,6,Wet,2020,2020-06,"{""type"":""MultiPoint"",""coordinates"":[]}"
VHI_M_2020-06_000000000000000001cb,41.32230238170173,2.23869541182974,460,6,Wet,2020,2020-06,"{""type"":""MultiPoint"",""coordinates"":[]}"
VHI_M_2020-06_000000000000000001cc,79.90843418484062,3.4598290598290604,461,6,Wet,2020,2020-06,"{""type"":""MultiPoint"",""coordinates"":[]}"
VHI_M_2020-06_0000000000000000021b,0.5666988565654829,3.045045045045045,540,6,Wet,2020,2020-06,"{""type"":""MultiPoint"",""coordinates"":[]}"
VHI_M_2020-06_0000000000000000021c,0.5996195676534072,3.273913043478261,541,6,Wet,2020,2020-06,"{""type"":""MultiPoint"",""coordinates"":[]}"
VHI_M_2020-06_0000000000000000021d,24.99556732238118,3.3361098604232335,542,6,Wet,2020,2020-06,"{""type"":""MultiPoint"",""coordinates"":[]}"
VHI_M_2020-06_000000000000000000bf,0.6860430765227539,3.711782252050709,192,6,Wet,2020,2020-06,"{""type"":""MultiPoint"",""coordinates"":[]}"
VHI_M_2020-06_000000000000000000c0,0.6872104611027011,3.8769048425330177,193,6,Wet,2020,2020-06,"{""type"":""MultiPoint"",""coordinates"":[]}"
VHI_M_2020-06_0000000000000000010a,0.596857927428002,3.086562242374279,267,6,Wet,2020,2020-06,"{""type"":""MultiPoint"",""coordinates"":[]}"
VHI_M_2020-06_0000000000000000010b,56.60072269622173,3.517241379310345,268,6,Wet,2020,2020-06,"{""type"":""MultiPoint"",""coordinates"":[]}"
VHI_M_2020-06_00000000000000000226,3.115815540610457,3.501036964743199,551,6,Wet,2020,2020-06,"{""type"":""MultiPoint"",""coordinates"":[]}"
VHI_M_2020-06_00000000000000000227,0.7188032871749319,4.146649260226283,552,6,Wet,2020,2020-06,"{""type"":""MultiPoint"",""coordinates"":[]}"
VHI_M_2020-06_000000000000000001a4,0.4495444611011454,2.0830223880597014,421,6,Wet,2020,2020-06,"{""type"":""MultiPoint"",""coordinates"":[]}"
VHI_M_2020-06_000000000000000001a5,0.5706193962763653,2.9889975550122254,422,6,Wet,2020,2020-06,"{""type"":""MultiPoint"",""coordinates"":[]}"
VHI_M_2020-06_000000000000000001a6,0.44395864414851816,2.016248153618907,423,6,Wet,2020,2020-06,"{""type"":""MultiPoint"",""coordinates"":[]}"
VHI_M_2020-06_000000000000000001a7,0.4488051487242474,2.070588235294118,424,6,Wet,2020,2020-06,"{""type"":""MultiPoint"",""coordinates"":[]}"
VHI_M_2020-06_000000000000000001a8,0.4559547053045858,2.0,425,6,Wet,2020,2020-06,"{""type"":""MultiPoint"",""coordinates"":[]}"
VHI_M_2020-06_000000000000000001a9,0.3815468678250909,1.68359375,426,6,Wet,2020,2020-06,"{""type"":""MultiPoint"",""coordinates"":[]}"
VHI_M_2020-06_000000000000000001aa,0.3789891314973908,1.7113840340103916,427,6,Wet,2020,2020-06,"{""type"":""MultiPoint"",""coordinates"":[]}"
VHI_M_2020-06_000000000000000001fe,0.7149238478888842,4.160290117860381,511,6,Wet,2020,2020-06,"{""type"":""MultiPoint"",""coordinates"":[]}"
VHI_M_2020-06_000000000000000001ff,62.024281422048944,4.164726481166003,512,6,Wet,2020,2020-06,"{""type"":""MultiPoint"",""coordinates"":[]}"
VHI_M_2020-06_00000000000000000200,0.5356407305906921,2.8894090111176127,513,6,Wet,2020,2020-06,"{""type"":""MultiPoint"",""coordinates"":[]}"
VHI_M_2020-06_00000000000000000201,101.89371112067572,3.681338956246704,514,6,Wet,2020,2020-06,"{""type"":""MultiPoint"",""coordinates"":[]}"
VHI_M_2020-06_00000000000000000202,0.5327476346215537,3.013781223083549,515,6,Wet,2020,2020-06,"{""type"":""MultiPoint"",""coordinates"":[]}"
VHI_M_2020-06_00000000000000000002,18.70033904185467,2.994075049374589,3,6,Wet,2020,2020-06,"{""type"":""MultiPoint"",""coordinates"":[]}"
VHI_M_2020-06_0000000000000000000d,17.17327285587147,3.270176653966055,14,6,Wet,2020,2020-06,"{""type"":""MultiPoint"",""coordinates"":[]}"
VHI_M_2020-06_00000000000000000027,53.54650944779396,3.412346425912138,40,6,Wet,2020,2020-06,"{""type"":""MultiPoint"",""coordinates"":[]}"
VHI_M_2020-06_00000000000000000070,0.6151190225047952,3.3192712419184676,113,6,Wet,2020,2020-06,"{""type"":""MultiPoint"",""coordinates"":[]}"
VHI_M_2020-06_00000000000000000071,0.593374554607488,3.179961395160929,114,6,Wet,2020,2020-06,"{""type"":""MultiPoint"",""coordinates"":[]}"
VHI_M_2020-06_000000000000000001b0,56.016923362716184,3.123631442981917,433,6,Wet,2020,2020-06,"{""type"":""MultiPoint"",""coordinates"":[]}"
VHI_M_2020-06_000000000000000001b1,7.707976366429706,3.940980104152757,434,6,Wet,2020,2020-06,"{""type"":""MultiPoint"",""coordinates"":[]}"
VHI_M_2020-06_000000000000000001b2,91.1262676790064,4.319353688962813,435,6,Wet,2020,2020-06,"{""type"":""MultiPoint"",""coordinates"":[]}"
VHI_M_2020-06_000000000000000001cd,1.57725038777928,3.9878768543627374,462,6,Wet,2020,2020-06,"{""type"":""MultiPoint"",""coordinates"":[]}"
VHI_M_2020-06_000000000000000001ce,0.6456632914768736,3.4433618183419954,463,6,Wet,2020,2020-06,"{""type"":""MultiPoint"",""coordinates"":[]}"
VHI_M_2020-06_000000000000000001cf,22.425060810098046,3.523554231819309,464,6,Wet,2020,2020-06,"{""type"":""MultiPoint"",""coordinates"":[]}"
VHI_M_2020-06_0000000000000000001c,0.7146548935966373,3.948409392877549,29,6,Wet,2020,2020-06,"{""type"":""MultiPoint"",""coordinates"":[]}"
VHI_M_2020-06_0000000000000000001d,0.7407288363125563,4.045604887983707,30,6,Wet,2020,2020-06,"{""type"":""MultiPoint"",""coordinates"":[]}"
VHI_M_2020-06_0000000000000000001e,0.67867444243515,3.6690447523376513,31,6,Wet,2020,2020-06,"{""type"":""MultiPoint"",""coordinates"":[]}"
VHI_M_2020-06_00000000000000000026,0.6397473185766491,3.5095990965556174,39,6,Wet,2020,2020-06,"{""type"":""MultiPoint"",""coordinates"":[]}"
VHI_M_2020-06_000000000000000000f9,0.6921732818719126,3.9112424116639852,250,6,Wet,2020,2020-06,"{""type"":""MultiPoint"",""coordinates"":[]}"
VHI_M_2020-06_000000000000000000fa,0.6803933369521924,3.7303276372343426,251,6,Wet,2020,2020-06,"{""type"":""MultiPoint"",""coordinates"":[]}"
VHI_M_2020-06_000000000000000000fb,0.6868998591874508,3.7062156307282117,252,6,Wet,2020,2020-06,"{""type"":""MultiPoint"",""coordinates"":[]}"
VHI_M_2020-06_000000000000000000fc,0.6807069400554052,3.7338340486409156,253,6,Wet,2020,2020-06,"{""type"":""MultiPoint"",""coordinates"":[]}"
VHI_M_2020-06_00000000000000000163,0.623075871781064,3.2865297270755782,356,6,Wet,2020,2020-06,"{""type"":""MultiPoint"",""coordinates"":[]}"
VHI_M_2020-06_00000000000000000164,0.616515584065023,3.2040045656742375,357,6,Wet,2020,2020-06,"{""type"":""MultiPoint"",""coordinates"":[]}"
VHI_M_2020-06_00000000000000000165,0.653196876595206,3.478745549001247,358,6,Wet,2020,2020-06,"{""type"":""MultiPoint"",""coordinates"":[]}"
VHI_M_2020-06_00000000000000000166,0.6638437253499014,3.5369373373119166,359,6,Wet,2020,2020-06,"{""type"":""MultiPoint"",""coordinates"":[]}"
VHI_M_2020-06_00000000000000000149,0.7451844387702002,4.134882329320431,330,6,Wet,2020,2020-06,"{""type"":""MultiPoint"",""coordinates"":[]}"
VHI_M_2020-06_0000000000000000014a,0.7518770878690191,4.150926607231471,331,6,Wet,2020,2020-06,"{""type"":""MultiPoint"",""coordinates"":[]}"
VHI_M_2020-06_0000000000000000014b,0.711896895345143,3.960569834628413,332,6,Wet,2020,2020-06,"{""type"":""MultiPoint"",""coordinates"":[]}"
VHI_M_2020-06_0000000000000000014c,0.72493587031051,3.983977692135154,333,6,Wet,2020,2020-06,"{""type"":""MultiPoint"",""coordinates"":[]}"
VHI_M_2020-06_0000000000000000014d,0.651343567785084,3.4687688859308903,334,6,Wet,2020,2020-06,"{""type"":""MultiPoint"",""coordinates"":[]}"
VHI_M_2020-06_0000000000000000014e,0.752453701770778,4.138419585504788,335,6,Wet,2020,2020-06,"{""type"":""MultiPoint"",""coordinates"":[]}"
VHI_M_2020-06_00000000000000000158,0.6535173169496578,3.5146463164073958,345,6,Wet,2020,2020-06,"{""type"":""MultiPoint"",""coordinates"":[]}"
VHI_M_2020-06_00000000000000000159,0.821592331877193,4.603427410450068,346,6,Wet,2020,2020-06,"{""type"":""MultiPoint"",""coordinates"":[]}"
VHI_M_2020-06_0000000000000000015a,0.6040973869487777,3.1811575990538135,347,6,Wet,2020,2020-06,"{""type"":""MultiPoint"",""coordinates"":[]}"
VHI_M_2020-06_0000000000000000015b,0.6324768795276662,3.3608495876314457,348,6,Wet,2020,2020-06,"{""type"":""MultiPoint"",""coordinates"":[]}"
VHI_M_2020-06_0000000000000000015c,0.5381531971438317,2.7960654922654493,349,6,Wet,2020,2020-06,"{""type"":""MultiPoint"",""coordinates"":[]}"
VHI_M_2020-06_0000000000000000015d,0.6913007066648242,3.8586335946676864,350,6,Wet,2020,2020-06,"{""type"":""MultiPoint"",""coordinates"":[]}"
VHI_M_2020-06_00000000000000000008,0.7585773550165948,4.312172968703721,9,6,Wet,2020,2020-06,"{""type"":""MultiPoint"",""coordinates"":[]}"
VHI_M_2020-06_000000000000000000c2,0.6526725632226664,3.4996298866527873,195,6,Wet,2020,2020-06,"{""type"":""MultiPoint"",""coordinates"":[]}"
VHI_M_2020-06_000000000000000000c3,0.6309996465736243,3.3364701207452425,196,6,Wet,2020,2020-06,"{""type"":""MultiPoint"",""coordinates"":[]}"
VHI_M_2020-06_000000000000000000c4,0.7218437319504782,3.973112393842888,197,6,Wet,2020,2020-06,"{""type"":""MultiPoint"",""coordinates"":[]}"
VHI_M_2020-06_000000000000000000c5,0.670855370519666,3.600530900041475,198,6,Wet,2020,2020-06,"{""type"":""MultiPoint"",""coordinates"":[]}"
VHI_M_2020-06_000000000000000000c6,0.7356819819606131,4.067032366917441,199,6,Wet,2020,2020-06,"{""type"":""MultiPoint"",""coordinates"":[]}"
VHI_M_2020-06_000000000000000000c7,0.6629090156672357,3.5657564561978585,200,6,Wet,2020,2020-06,"{""type"":""MultiPoint"",""coordinates"":[]}"
VHI_M_2020-06_000000000000000000c8,0.6343163203099073,3.40966678683628,201,6,Wet,2020,2020-06,"{""type"":""MultiPoint"",""coordinates"":[]}"
VHI_M_2020-06_000000000000000000c9,0.590446178966365,3.0312099245400184,202,6,Wet,2020,2020-06,"{""type"":""MultiPoint"",""coordinates"":[]}"
VHI_M_2020-06_00000000000000000136,0.7381192934038747,4.078575856462799,311,6,Wet,2020,2020-06,"{""type"":""MultiPoint"",""coordinates"":[]}"
VHI_M_2020-06_00000000000000000137,0.6459300190712777,3.4452967939900536,312,6,Wet,2020,2020-06,"{""type"":""MultiPoint"",""coordinates"":[]}"
VHI_M_2020-06_00000000000000000138,0.8263949709963783,4.593088515166817,313,6,Wet,2020,2020-06,"{""type"":""MultiPoint"",""coordinates"":[]}"
VHI_M_2020-06_00000000000000000139,0.7734722913314805,4.244351479363835,314,6,Wet,2020,2020-06,"{""type"":""MultiPoint"",""coordinates"":[]}"
VHI_M_2020-06_0000000000000000013a,0.7206495920415673,3.9489510173459554,315,6,Wet,2020,2020-06,"{""type"":""MultiPoint"",""coordinates"":[]}"
VHI_M_2020-06_000000000000000001ef,0.6879360693640947,3.7088271828580295,496,6,Wet,2020,2020-06,"{""type"":""MultiPoint"",""coordinates"":[]}"
VHI_M_2020-06_000000000000000001f0,0.6402995335023681,3.430820685955889,497,6,Wet,2020,2020-06,"{""type"":""MultiPoint"",""coordinates"":[]}"
VHI_M_2020-06_00000000000000000081,0.41532027066900734,2.0396527451900517,130,6,Wet,2020,2020-06,"{""type"":""MultiPoint"",""coordinates"":[]}"
VHI_M_2020-06_000000000000000000a0,0.5862839792549774,3.0928853754940726,161,6,Wet,2020,2020-06,"{""type"":""MultiPoint"",""coordinates"":[]}"
VHI_M_2020-06_000000000000000000a1,32.01774917068443,2.8550984364448615,162,6,Wet,2020,2020-06,"{""type"":""MultiPoint"",""coordinates"":[]}"
VHI_M_2020-06_000000000000000000a2,9.387217888325274,3.0871899363217907,163,6,Wet,2020,2020-06,"{""type"":""MultiPoint"",""coordinates"":[]}"
VHI_M_2020-06_000000000000000000a3,5.577872750737124,2.783096309035586,164,6,Wet,2020,2020-06,"{""type"":""MultiPoint"",""coordinates"":[]}"
VHI_M_2020-06_000000000000000000a4,77.98376904816855,3.4066002580944508,165,6,Wet,2020,2020-06,"{""type"":""MultiPoint"",""coordinates"":[]}"
VHI_M_2020-06_0000000000000000014f,0.4906597347362759,2.4248178767291484,336,6,Wet,2020,2020-06,"{""type"":""MultiPoint"",""coordinates"":[]}"
VHI_M_2020-06_00000000000000000150,0.6056888415146502,3.144133850234647,337,6,Wet,2020,2020-06,"{""type"":""MultiPoint"",""coordinates"":[]}"
VHI_M_2020-06_00000000000000000151,2.2885899022058345,3.482122662026969,338,6,Wet,2020,2020-06,"{""type"":""MultiPoint"",""coordinates"":[]}"
VHI_M_2020-06_00000000000000000152,0.5594592956381584,2.931449974512597,339,6,Wet,2020,2020-06,"{""type"":""MultiPoint"",""coordinates"":[]}"
VHI_M_2020-06_00000000000000000153,0.5534635055810341,2.863369795506319,340,6,Wet,2020,2020-06,"{""type"":""MultiPoint"",""coordinates"":[]}"
VHI_M_2020-06_00000000000000000171,0.5788966453728912,3.038538244955418,370,6,Wet,2020,2020-06,"{""type"":""MultiPoint"",""coordinates"":[]}"
VHI_M_2020-06_00000000000000000172,0.5798676033234912,3.0306068739088516,371,6,Wet,2020,2020-06,"{""type"":""MultiPoint"",""coordinates"":[]}"
VHI_M_2020-06_00000000000000000173,0.5667831128797277,2.9754275713944796,372,6,Wet,2020,2020-06,"{""type"":""MultiPoint"",""coordinates"":[]}"
VHI_M_2020-06_000000000000000001f1,0.5840985524530479,3.0344398537868944,498,6,Wet,2020,2020-06,"{""type"":""MultiPoint"",""coordinates"":[]}"
VHI_M_2020-06_000000000000000001f2,0.5071371731221981,2.5270727250007803,499,6,Wet,2020,2020-06,"{""type"":""MultiPoint"",""coordinates"":[]}"
VHI_M_2020-06_000000000000000001f3,0.46860482610016035,2.3146028128937357,500,6,Wet,2020,2020-06,"{""type"":""MultiPoint"",""coordinates"":[]}"
VHI_M_2020-06_00000000000000000092,0.5845501299111436,3.0376051333179936,147,6,Wet,2020,2020-06,"{""type"":""MultiPoint"",""coordinates"":[]}"
VHI_M_2020-06_00000000000000000093,0.558753002344319,2.9354658649408925,148,6,Wet,2020,2020-06,"{""type"":""MultiPoint"",""coordinates"":[]}"
VHI_M_2020-06_00000000000000000094,0.6879141101403441,2.534985365444631,149,6,Wet,2020,2020-06,"{""type"":""MultiPoint"",""coordinates"":[]}"
VHI_M_2020-06_00000000000000000095,13.015577273755245,2.9010875158190434,150,6,Wet,2020,2020-06,"{""type"":""MultiPoint"",""coordinates"":[]}"
VHI_M_2020-06_00000000000000000096,0.5540498095878362,2.9214723801165405,151,6,Wet,2020,2020-06,"{""type"":""MultiPoint"",""coordinates"":[]}"
VHI_M_2020-06_00000000000000000097,0.5698373910377916,3.0365131181235636,152,6,Wet,2020,2020-06,"{""type"":""MultiPoint"",""coordinates"":[]}"
VHI_M_2020-06_00000000000000000098,0.629798724237135,3.0471398305084745,153,6,Wet,2020,2020-06,"{""type"":""MultiPoint"",""coordinates"":[]}"
VHI_M_2020-06_000000000000000000a9,0.5710447814902112,3.065797771704856,170,6,Wet,2020,2020-06,"{""type"":""MultiPoint"",""coordinates"":[]}"
VHI_M_2020-06_0000000000000000017c,62.5618465921634,3.0589913001311193,381,6,Wet,2020,2020-06,"{""type"":""MultiPoint"",""coordinates"":[]}"
VHI_M_2020-06_0000000000000000017d,38.87852474050959,2.8102502177316375,382,6,Wet,2020,2020-06,"{""type"":""MultiPoint"",""coordinates"":[]}"
VHI_M_2020-06_0000000000000000017e,11.745291052219127,2.9082861366240906,383,6,Wet,2020,2020-06,"{""type"":""MultiPoint"",""coordinates"":[]}"
VHI_M_2020-06_000000000000000001ee,0.5585007440759987,2.811120101722343,495,6,Wet,2020,2020-06,"{""type"":""MultiPoint"",""coordinates"":[]}"
VHI_M_2020-06_0000000000000000020d,0.45534194364908703,2.1918568784700807,526,6,Wet,2020,2020-06,"{""type"":""MultiPoint"",""coordinates"":[]}"
VHI_M_2020-06_0000000000000000020e,3.7994528483443926,3.0625907757182893,527,6,Wet,2020,2020-06,"{""type"":""MultiPoint"",""coordinates"":[]}"
VHI_M_2020-06_0000000000000000020f,0.5391302882138185,2.7301155945712505,528,6,Wet,2020,2020-06,"{""type"":""MultiPoint"",""coordinates"":[]}"
VHI_M_2020-06_00000000000000000210,0.5739741750688162,3.014075530611439,529,6,Wet,2020,2020-06,"{""type"":""MultiPoint"",""coordinates"":[]}"
VHI_M_2020-06_00000000000000000211,11.961772433387475,2.349781070618074,530,6,Wet,2020,2020-06,"{""type"":""MultiPoint"",""coordinates"":[]}"
VHI_M_2020-06_00000000000000000058,0.5781441941557485,3.021470903024577,89,6,Wet,2020,2020-06,"{""type"":""MultiPoint"",""coordinates"":[]}"
VHI_M_2020-06_00000000000000000059,0.5639816165655333,2.91982768657585,90,6,Wet,2020,2020-06,"{""type"":""MultiPoint"",""coordinates"":[]}"
VHI_M_2020-06_0000000000000000018b,0.476657617607619,2.1715061625235017,396,6,Wet,2020,2020-06,"{""type"":""MultiPoint"",""coordinates"":[]}"
VHI_M_2020-06_0000000000000000018c,0.5749266014579739,2.9732783335551063,397,6,Wet,2020,2020-06,"{""type"":""MultiPoint"",""coordinates"":[]}"
VHI_M_2020-06_0000000000000000018d,0.5464997514556655,2.8081477125991494,398,6,Wet,2020,2020-06,"{""type"":""MultiPoint"",""coordinates"":[]}"
VHI_M_2020-06_0000000000000000018e,0.5125331535149913,2.5985697272422446,399,6,Wet,2020,2020-06,"{""type"":""MultiPoint"",""coordinates"":[]}"
VHI_M_2020-06_00000000000000000036,0.5359381449305631,2.757817811012917,55,6,Wet,2020,2020-06,"{""type"":""MultiPoint"",""coordinates"":[]}"
VHI_M_2020-06_000000000000000000db,0.5410802147267111,2.7825385451549836,220,6,Wet,2020,2020-06,"{""type"":""MultiPoint"",""coordinates"":[]}"
VHI_M_2020-06_000000000000000000dc,0.59158611151368,3.0917621853240482,221,6,Wet,2020,2020-06,"{""type"":""MultiPoint"",""coordinates"":[]}"
VHI_M_2020-06_000000000000000000dd,0.599074688965657,3.102563358202455,222,6,Wet,2020,2020-06,"{""type"":""MultiPoint"",""coordinates"":[]}"
VHI_M_2020-06_00000000000000000102,0.6297633874317128,3.385585324444076,259,6,Wet,2020,2020-06,"{""type"":""MultiPoint"",""coordinates"":[]}"
VHI_M_2020-06_00000000000000000103,0.5175146694425862,2.720836267310465,260,6,Wet,2020,2020-06,"{""type"":""MultiPoint"",""coordinates"":[]}"
VHI_M_2020-06_00000000000000000104,0.5133725612900543,2.6143225996827852,261,6,Wet,2020,2020-06,"{""type"":""MultiPoint"",""coordinates"":[]}"
VHI_M_2020-06_00000000000000000105,0.5696230825740931,2.888377723970943,262,6,Wet,2020,2020-06,"{""type"":""MultiPoint"",""coordinates"":[]}"
VHI_M_2020-06_0000000000000000000a,0.6139052354721328,3.2416151627523697,11,6,Wet,2020,2020-06,"{""type"":""MultiPoint"",""coordinates"":[]}"
VHI_M_2020-06_000000000000000000b1,0.6170470900085999,3.2375376908143574,178,6,Wet,2020,2020-06,"{""type"":""MultiPoint"",""coordinates"":[]}"
VHI_M_2020-06_000000000000000000b2,0.7069414994125147,3.759092908698889,179,6,Wet,2020,2020-06,"{""type"":""MultiPoint"",""coordinates"":[]}"
VHI_M_2020-06_000000000000000000b3,0.5319624903039303,2.7590803150062224,180,6,Wet,2020,2020-06,"{""type"":""MultiPoint"",""coordinates"":[]}"
VHI_M_2020-06_000000000000000000ca,0.537676630214864,2.813208284486126,203,6,Wet,2020,2020-06,"{""type"":""MultiPoint"",""coordinates"":[]}"
VHI_M_2020-06_000000000000000000d2,0.5738685289845354,3.026661217718027,211,6,Wet,2020,2020-06,"{""type"":""MultiPoint"",""coordinates"":[]}"
VHI_M_2020-06_000000000000000000d3,0.5525738970562855,2.8723375808242673,212,6,Wet,2020,2020-06,"{""type"":""MultiPoint"",""coordinates"":[]}"
VHI_M_2020-06_000000000000000000d4,0.5159335018112735,2.652114380615012,213,6,Wet,2020,2020-06,"{""type"":""MultiPoint"",""coordinates"":[]}"
VHI_M_2020-06_000000000000000000d5,0.621397774786698,3.25825442555021,214,6,Wet,2020,2020-06,"{""type"":""MultiPoint"",""coordinates"":[]}"
VHI_M_2020-06_000000000000000000bc,0.6386181672601465,3.4116459085900757,189,6,Wet,2020,2020-06,"{""type"":""MultiPoint"",""coordinates"":[]}"
VHI_M_2020-06_000000000000000000bd,0.6156028666534983,3.2567152962323074,190,6,Wet,2020,2020-06,"{""type"":""MultiPoint"",""coordinates"":[]}"
VHI_M_2020-06_000000000000000000be,0.60067667379842,3.1790915676720783,191,6,Wet,2020,2020-06,"{""type"":""MultiPoint"",""coordinates"":[]}"
VHI_M_2020-06_000000000000000000f1,0.6775827617399275,3.8773242630385494,242,6,Wet,2020,2020-06,"{""type"":""MultiPoint"",""coordinates"":[]}"
VHI_M_2020-06_00000000000000000100,0.574859589019707,3.000131710924915,257,6,Wet,2020,2020-06,"{""type"":""MultiPoint"",""coordinates"":[]}"
VHI_M_2020-06_00000000000000000101,0.5837440626074288,3.052744388043181,258,6,Wet,2020,2020-06,"{""type"":""MultiPoint"",""coordinates"":[]}"
VHI_M_2020-06_0000000000000000012f,0.631845063782688,3.3559330970357353,304,6,Wet,2020,2020-06,"{""type"":""MultiPoint"",""coordinates"":[]}"
VHI_M_2020-06_00000000000000000130,0.5818684094699004,3.0527340617481964,305,6,Wet,2020,2020-06,"{""type"":""MultiPoint"",""coordinates"":[]}"
VHI_M_2020-06_00000000000000000131,0.5513978842339246,2.8363410567036,306,6,Wet,2020,2020-06,"{""type"":""MultiPoint"",""coordinates"":[]}"
VHI_M_2020-06_00000000000000000065,0.7746792323146092,4.330407964569093,102,6,Wet,2020,2020-06,"{""type"":""MultiPoint"",""coordinates"":[]}"
VHI_M_2020-06_00000000000000000066,0.7900676539931653,4.438439500888805,103,6,Wet,2020,2020-06,"{""type"":""MultiPoint"",""coordinates"":[]}"
VHI_M_2020-06_00000000000000000067,0.5705832321346034,2.952824357788342,104,6,Wet,2020,2020-06,"{""type"":""MultiPoint"",""coordinates"":[]}"
VHI_M_2020-06_00000000000000000068,0.6491582488619071,3.469569922170356,105,6,Wet,2020,2020-06,"{""type"":""MultiPoint"",""coordinates"":[]}"
VHI_M_2020-06_00000000000000000109,0.5159194764784072,2.6528112516094944,266,6,Wet,2020,2020-06,"{""type"":""MultiPoint"",""coordinates"":[]}"
VHI_M_2020-06_000000000000000001c1,0.583258296045891,3.034620314171618,450,6,Wet,2020,2020-06,"{""type"":""MultiPoint"",""coordinates"":[]}"
VHI_M_2020-06_000000000000000001c2,0.5113773767243349,2.5947539191687397,451,6,Wet,2020,2020-06,"{""type"":""MultiPoint"",""coordinates"":[]}"
VHI_M_2020-06_00000000000000000113,0.5375810954484262,2.6423859263331497,276,6,Wet,2020,2020-06,"{""type"":""MultiPoint"",""coordinates"":[]}"
VHI_M_2020-06_00000000000000000114,0.5760268473792651,3.0142285771422825,277,6,Wet,2020,2020-06,"{""type"":""MultiPoint"",""coordinates"":[]}"
VHI_M_2020-06_00000000000000000115,0.5129015076185558,2.609028643390431,278,6,Wet,2020,2020-06,"{""type"":""MultiPoint"",""coordinates"":[]}"
VHI_M_2020-06_00000000000000000116,0.566592582797289,2.956161582233464,279,6,Wet,2020,2020-06,"{""type"":""MultiPoint"",""coordinates"":[]}"
VHI_M_2020-06_00000000000000000117,0.5497757991075741,2.8741507771399366,280,6,Wet,2020,2020-06,"{""type"":""MultiPoint"",""coordinates"":[]}"
VHI_M_2020-06_00000000000000000167,0.5573693358844927,2.815580549123388,360,6,Wet,2020,2020-06,"{""type"":""MultiPoint"",""coordinates"":[]}"
VHI_M_2020-06_00000000000000000168,0.594186073126492,3.1025898918782997,361,6,Wet,2020,2020-06,"{""type"":""MultiPoint"",""coordinates"":[]}"
VHI_M_2020-06_00000000000000000169,0.5853477069906523,2.9844702765661046,362,6,Wet,2020,2020-06,"{""type"":""MultiPoint"",""coordinates"":[]}"
VHI_M_2020-06_0000000000000000016a,0.6053597175085634,3.1877677469322556,363,6,Wet,2020,2020-06,"{""type"":""MultiPoint"",""coordinates"":[]}"
VHI_M_2020-06_0000000000000000016b,0.5287798079065961,2.7558086071603727,364,6,Wet,2020,2020-06,"{""type"":""MultiPoint"",""coordinates"":[]}"
VHI_M_2020-06_0000000000000000016c,0.594746812905224,3.060690802573476,365,6,Wet,2020,2020-06,"{""type"":""MultiPoint"",""coordinates"":[]}"
VHI_M_2020-06_0000000000000000016d,0.5698699299213801,2.954616085302469,366,6,Wet,2020,2020-06,"{""type"":""MultiPoint"",""coordinates"":[]}"
VHI_M_2020-06_000000000000000000cb,0.5302994297894039,2.579028980857662,204,6,Wet,2020,2020-06,"{""type"":""MultiPoint"",""coordinates"":[]}"
VHI_M_2020-06_000000000000000000eb,15.383570268409878,2.946518845804586,236,6,Wet,2020,2020-06,"{""type"":""MultiPoint"",""coordinates"":[]}"
VHI_M_2020-06_000000000000000000ec,0.5507972275913237,2.8469999717111922,237,6,Wet,2020,2020-06,"{""type"":""MultiPoint"",""coordinates"":[]}"
VHI_M_2020-06_000000000000000000ed,0.49917431251097,2.49859482091136,238,6,Wet,2020,2020-06,"{""type"":""MultiPoint"",""coordinates"":[]}"
VHI_M_2020-06_000000000000000000ee,0.5326327710299843,2.623126177024482,239,6,Wet,2020,2020-06,"{""type"":""MultiPoint"",""coordinates"":[]}"
VHI_M_2020-06_000000000000000000ef,0.6032139432531101,3.189683382610444,240,6,Wet,2020,2020-06,"{""type"":""MultiPoint"",""coordinates"":[]}"
VHI_M_2020-06_00000000000000000146,0.5332221763226656,2.749195939691555,327,6,Wet,2020,2020-06,"{""type"":""MultiPoint"",""coordinates"":[]}"
VHI_M_2020-06_00000000000000000147,8.492016257968864,2.6984910966804128,328,6,Wet,2020,2020-06,"{""type"":""MultiPoint"",""coordinates"":[]}"
VHI_M_2020-06_00000000000000000148,0.5103756502630313,2.578537479241826,329,6,Wet,2020,2020-06,"{""type"":""MultiPoint"",""coordinates"":[]}"
VHI_M_2020-06_0000000000000000015e,0.5766279941194722,3.065751926720942,351,6,Wet,2020,2020-06,"{""type"":""MultiPoint"",""coordinates"":[]}"
VHI_M_2020-06_0000000000000000015f,0.5486845930774658,2.92605061987563,352,6,Wet,2020,2020-06,"{""type"":""MultiPoint"",""coordinates"":[]}"
VHI_M_2020-06_00000000000000000160,0.6141870246210452,3.22635522924653,353,6,Wet,2020,2020-06,"{""type"":""MultiPoint"",""coordinates"":[]}"
VHI_M_2020-06_00000000000000000161,0.6096762909047323,3.3043339026473095,354,6,Wet,2020,2020-06,"{""type"":""MultiPoint"",""coordinates"":[]}"
VHI_M_2020-06_00000000000000000162,4.436405555043038,2.5935032804021585,355,6,Wet,2020,2020-06,"{""type"":""MultiPoint"",""coordinates"":[]}"
VHI_M_2020-06_00000000000000000010,0.5547851456222,2.876562357449138,17,6,Wet,2020,2020-06,"{""type"":""MultiPoint"",""coordinates"":[]}"
VHI_M_2020-06_00000000000000000121,0.6986789931195957,3.8528998538833314,290,6,Wet,2020,2020-06,"{""type"":""MultiPoint"",""coordinates"":[]}"
VHI_M_2020-06_00000000000000000122,0.7419220536366455,3.2655158762763348,291,6,Wet,2020,2020-06,"{""type"":""MultiPoint"",""coordinates"":[]}"
VHI_M_2020-06_00000000000000000123,0.7044559333444252,3.8581371257304347,292,6,Wet,2020,2020-06,"{""type"":""MultiPoint"",""coordinates"":[]}"
VHI_M_2020-06_0000000000000000019a,0.6162163538846356,3.3055504944263188,411,6,Wet,2020,2020-06,"{""type"":""MultiPoint"",""coordinates"":[]}"
VHI_M_2020-06_0000000000000000019b,0.6406751129508608,3.410523751978941,412,6,Wet,2020,2020-06,"{""type"":""MultiPoint"",""coordinates"":[]}"
VHI_M_2020-06_0000000000000000019c,0.5506987708173413,2.8824188389897905,413,6,Wet,2020,2020-06,"{""type"":""MultiPoint"",""coordinates"":[]}"
VHI_M_2020-06_0000000000000000019d,0.619297494130223,3.276284253750103,414,6,Wet,2020,2020-06,"{""type"":""MultiPoint"",""coordinates"":[]}"
VHI_M_2020-06_0000000000000000019e,4.272238760653326,3.399026888230751,415,6,Wet,2020,2020-06,"{""type"":""MultiPoint"",""coordinates"":[]}"
VHI_M_2020-06_0000000000000000019f,0.5367862482577201,2.8168131466070903,416,6,Wet,2020,2020-06,"{""type"":""MultiPoint"",""coordinates"":[]}"
VHI_M_2020-06_00000000000000000216,0.5066944961418726,2.4170585373763576,535,6,Wet,2020,2020-06,"{""type"":""MultiPoint"",""coordinates"":[]}"
VHI_M_2020-06_00000000000000000217,0.6494684555524245,3.0568676385549516,536,6,Wet,2020,2020-06,"{""type"":""MultiPoint"",""coordinates"":[]}"
VHI_M_2020-06_00000000000000000218,0.6010662886169851,3.0870273690871692,537,6,Wet,2020,2020-06,"{""type"":""MultiPoint"",""coordinates"":[]}"
VHI_M_2020-06_00000000000000000219,0.6001833455466092,3.1805534671783375,538,6,Wet,2020,2020-06,"{""type"":""MultiPoint"",""coordinates"":[]}"
VHI_M_2020-06_0000000000000000021a,8.450976816592899,3.3524667615083357,539,6,Wet,2020,2020-06,"{""type"":""MultiPoint"",""coordinates"":[]}"
VHI_M_2020-06_00000000000000000004,0.4232456708384857,1.9971238182025282,5,6,Wet,2020,2020-06,"{""type"":""MultiPoint"",""coordinates"":[]}"
VHI_M_2020-06_00000000000000000028,0.4143522156217195,1.9508478879237405,41,6,Wet,2020,2020-06,"{""type"":""MultiPoint"",""coordinates"":[]}"
VHI_M_2020-06_00000000000000000029,0.47977612505864653,2.380127430974887,42,6,Wet,2020,2020-06,"{""type"":""MultiPoint"",""coordinates"":[]}"
VHI_M_2020-06_0000000000000000002a,0.6000591166401019,3.1512953120809013,43,6,Wet,2020,2020-06,"{""type"":""MultiPoint"",""coordinates"":[]}"
VHI_M_2020-06_0000000000000000002b,0.6253871550098474,3.3319331185158423,44,6,Wet,2020,2020-06,"{""type"":""MultiPoint"",""coordinates"":[]}"
VHI_M_2020-06_000000000000000000a7,0.3408266767753485,1.4536006205854755,168,6,Wet,2020,2020-06,"{""type"":""MultiPoint"",""coordinates"":[]}"
VHI_M_2020-06_000000000000000000a8,0.4035548563054794,1.8713623533991917,169,6,Wet,2020,2020-06,"{""type"":""MultiPoint"",""coordinates"":[]}"
VHI_M_2020-06_0000000000000000000c,0.5619906967013253,2.8202265077776767,13,6,Wet,2020,2020-06,"{""type"":""MultiPoint"",""coordinates"":[]}"
VHI_M_2020-06_00000000000000000060,0.5954623260688766,3.157991931535798,97,6,Wet,2020,2020-06,"{""type"":""MultiPoint"",""coordinates"":[]}"
VHI_M_2020-06_00000000000000000061,0.5891944766050217,3.1035600986958025,98,6,Wet,2020,2020-06,"{""type"":""MultiPoint"",""coordinates"":[]}"
VHI_M_2020-06_00000000000000000062,0.5265009988327892,2.665559091145626,99,6,Wet,2020,2020-06,"{""type"":""MultiPoint"",""coordinates"":[]}"
VHI_M_2020-06_00000000000000000063,0.6044472103194733,3.1950056511718636,100,6,Wet,2020,2020-06,"{""type"":""MultiPoint"",""coordinates"":[]}"
VHI_M_2020-06_00000000000000000064,0.5586212446245217,2.8805838094622307,101,6,Wet,2020,2020-06,"{""type"":""MultiPoint"",""coordinates"":[]}"
VHI_M_2020-06_00000000000000000011,0.35833793077756654,1.5487594656159578,18,6,Wet,2020,2020-06,"{""type"":""MultiPoint"",""coordinates"":[]}"
VHI_M_2020-06_00000000000000000033,0.4094245116829704,1.8996832030858721,52,6,Wet,2020,2020-06,"{""type"":""MultiPoint"",""coordinates"":[]}"
VHI_M_2020-06_00000000000000000034,0.30915157197381526,1.3807878025884068,53,6,Wet,2020,2020-06,"{""type"":""MultiPoint"",""coordinates"":[]}"
VHI_M_2020-06_000000000000000001b3,0.6480567069307896,3.503174814289377,436,6,Wet,2020,2020-06,"{""type"":""MultiPoint"",""coordinates"":[]}"
VHI_M_2020-06_000000000000000001b4,0.5566367433485371,2.891001764469916,437,6,Wet,2020,2020-06,"{""type"":""MultiPoint"",""coordinates"":[]}"
VHI_M_2020-06_000000000000000001b5,0.6963960477200267,3.8213889700098562,438,6,Wet,2020,2020-06,"{""type"":""MultiPoint"",""coordinates"":[]}"
VHI_M_2020-06_00000000000000000005,0.7337629481658651,4.039860997547013,6,6,Wet,2020,2020-06,"{""type"":""MultiPoint"",""coordinates"":[]}"
VHI_M_2020-06_00000000000000000082,0.7096546774654866,3.8616939704486266,131,6,Wet,2020,2020-06,"{""type"":""MultiPoint"",""coordinates"":[]}"
VHI_M_2020-06_00000000000000000083,0.7087429738691442,3.8865714723196843,132,6,Wet,2020,2020-06,"{""type"":""MultiPoint"",""coordinates"":[]}"
VHI_M_2020-06_00000000000000000084,0.7011743772869768,3.855915240560453,133,6,Wet,2020,2020-06,"{""type"":""MultiPoint"",""coordinates"":[]}"
VHI_M_2020-06_00000000000000000085,0.7396537505200222,4.085254602753359,134,6,Wet,2020,2020-06,"{""type"":""MultiPoint"",""coordinates"":[]}"
VHI_M_2020-06_00000000000000000086,0.7302389489359331,4.021521433193508,135,6,Wet,2020,2020-06,"{""type"":""MultiPoint"",""coordinates"":[]}"
VHI_M_2020-06_00000000000000000087,0.8014408195168304,4.492874818670535,136,6,Wet,2020,2020-06,"{""type"":""MultiPoint"",""coordinates"":[]}"
VHI_M_2020-06_0000000000000000010c,0.7312914885574477,4.013074306076218,269,6,Wet,2020,2020-06,"{""type"":""MultiPoint"",""coordinates"":[]}"
VHI_M_2020-06_0000000000000000010d,0.6505021454938033,3.5033291675103047,270,6,Wet,2020,2020-06,"{""type"":""MultiPoint"",""coordinates"":[]}"
VHI_M_2020-06_0000000000000000010e,0.7226150887783255,4.0706260356464465,271,6,Wet,2020,2020-06,"{""type"":""MultiPoint"",""coordinates"":[]}"
VHI_M_2020-06_0000000000000000010f,0.7138020617202079,3.900840997784187,272,6,Wet,2020,2020-06,"{""type"":""MultiPoint"",""coordinates"":[]}"
VHI_M_2020-06_00000000000000000110,0.7237334634046129,3.944552267172129,273,6,Wet,2020,2020-06,"{""type"":""MultiPoint"",""coordinates"":[]}"
VHI_M_2020-06_00000000000000000111,0.7002065178888139,3.820547541433325,274,6,Wet,2020,2020-06,"{""type"":""MultiPoint"",""coordinates"":[]}"
VHI_M_2020-06_000000000000000001d0,0.6050985459751176,3.2052588880935313,465,6,Wet,2020,2020-06,"{""type"":""MultiPoint"",""coordinates"":[]}"
VHI_M_2020-06_000000000000000001d1,0.6919766629122593,3.785829419207239,466,6,Wet,2020,2020-06,"{""type"":""MultiPoint"",""coordinates"":[]}"
VHI_M_2020-06_00000000000000000009,0.5824227237220876,3.058936164921791,10,6,Wet,2020,2020-06,"{""type"":""MultiPoint"",""coordinates"":[]}"
VHI_M_2020-06_0000000000000000009e,0.6950829356288293,3.782351882297881,159,6,Wet,2020,2020-06,"{""type"":""MultiPoint"",""coordinates"":[]}"
VHI_M_2020-06_0000000000000000009f,0.7190556668989632,3.9549297615768517,160,6,Wet,2020,2020-06,"{""type"":""MultiPoint"",""coordinates"":[]}"
VHI_M_2020-06_00000000000000000154,0.7515413906703128,4.153287271787067,341,6,Wet,2020,2020-06,"{""type"":""MultiPoint"",""coordinates"":[]}"
VHI_M_2020-06_00000000000000000155,0.571211556248925,2.9681831762774586,342,6,Wet,2020,2020-06,"{""type"":""MultiPoint"",""coordinates"":[]}"
VHI_M_2020-06_00000000000000000156,0.6597572821352155,3.5489822318875053,343,6,Wet,2020,2020-06,"{""type"":""MultiPoint"",""coordinates"":[]}"
VHI_M_2020-06_00000000000000000157,0.5760363094727746,3.0369238562816308,344,6,Wet,2020,2020-06,"{""type"":""MultiPoint"",""coordinates"":[]}"
VHI_M_2020-06_00000000000000000178,0.7052365161227108,3.847056857325904,377,6,Wet,2020,2020-06,"{""type"":""MultiPoint"",""coordinates"":[]}"
VHI_M_2020-06_00000000000000000179,0.5122411389719602,2.571287007067571,378,6,Wet,2020,2020-06,"{""type"":""MultiPoint"",""coordinates"":[]}"
VHI_M_2020-06_0000000000000000017a,0.5940505510706089,3.1150418519438823,379,6,Wet,2020,2020-06,"{""type"":""MultiPoint"",""coordinates"":[]}"
VHI_M_2020-06_0000000000000000017b,0.5309493352730953,2.679465949078866,380,6,Wet,2020,2020-06,"{""type"":""MultiPoint"",""coordinates"":[]}"
VHI_M_2020-06_0000000000000000000f,0.6057526311269394,3.1086711711711725,16,6,Wet,2020,2020-06,"{""type"":""MultiPoint"",""coordinates"":[]}"
VHI_M_2020-06_00000000000000000040,0.621364189517781,3.314825576231575,65,6,Wet,2020,2020-06,"{""type"":""MultiPoint"",""coordinates"":[]}"
VHI_M_2020-06_00000000000000000041,0.559520071576723,2.920266793995174,66,6,Wet,2020,2020-06,"{""type"":""MultiPoint"",""coordinates"":[]}"
VHI_M_2020-06_00000000000000000042,0.6453955256527036,3.445561550487956,67,6,Wet,2020,2020-06,"{""type"":""MultiPoint"",""coordinates"":[]}"
VHI_M_2020-06_00000000000000000043,0.6273806087899066,3.3494867331635643,68,6,Wet,2020,2020-06,"{""type"":""MultiPoint"",""coordinates"":[]}"
VHI_M_2020-06_00000000000000000192,0.5572216239198089,2.873778346720142,403,6,Wet,2020,2020-06,"{""type"":""MultiPoint"",""coordinates"":[]}"
VHI_M_2020-06_00000000000000000193,0.5926077028389214,3.1415389606938704,404,6,Wet,2020,2020-06,"{""type"":""MultiPoint"",""coordinates"":[]}"
VHI_M_2020-06_00000000000000000194,0.5751261393427092,3.0154465491602367,405,6,Wet,2020,2020-06,"{""type"":""MultiPoint"",""coordinates"":[]}"
VHI_M_2020-06_000000000000000001d2,0.6475401969780561,3.473272241313478,467,6,Wet,2020,2020-06,"{""type"":""MultiPoint"",""coordinates"":[]}"
VHI_M_2020-06_000000000000000001d3,0.7001391129326411,3.7610629086891154,468,6,Wet,2020,2020-06,"{""type"":""MultiPoint"",""coordinates"":[]}"
VHI_M_2020-06_000000000000000001d4,0.689447305132315,3.7684321941073256,469,6,Wet,2020,2020-06,"{""type"":""MultiPoint"",""coordinates"":[]}"
VHI_M_2020-06_000000000000000001d5,0.6407934286246566,3.419213931968619,470,6,Wet,2020,2020-06,"{""type"":""MultiPoint"",""coordinates"":[]}"
VHI_M_2020-06_000000000000000001d6,0.5903250074622453,3.1449710431216396,471,6,Wet,2020,2020-06,"{""type"":""MultiPoint"",""coordinates"":[]}"
VHI_M_2020-06_000000000000000001d7,0.6583921707315861,3.5767722736631304,472,6,Wet,2020,2020-06,"{""type"":""MultiPoint"",""coordinates"":[]}"
VHI_M_2020-06_00000000000000000069,0.7438243873600582,4.157229290720134,106,6,Wet,2020,2020-06,"{""type"":""MultiPoint"",""coordinates"":[]}"
VHI_M_2020-06_0000000000000000006a,0.6725072789405152,3.6133281232555556,107,6,Wet,2020,2020-06,"{""type"":""MultiPoint"",""coordinates"":[]}"
VHI_M_2020-06_0000000000000000006b,0.7802233491984113,4.3566426353950725,108,6,Wet,2020,2020-06,"{""type"":""MultiPoint"",""coordinates"":[]}"
VHI_M_2020-06_0000000000000000006c,0.6087875049989897,3.192402547861111,109,6,Wet,2020,2020-06,"{""type"":""MultiPoint"",""coordinates"":[]}"
VHI_M_2020-06_0000000000000000006d,0.7423808423917426,4.136450850956242,110,6,Wet,2020,2020-06,"{""type"":""MultiPoint"",""coordinates"":[]}"
VHI_M_2020-06_0000000000000000006e,0.659701027914461,3.5134205053206045,111,6,Wet,2020,2020-06,"{""type"":""MultiPoint"",""coordinates"":[]}"
VHI_M_2020-06_0000000000000000006f,0.7239125380331424,4.071294128811843,112,6,Wet,2020,2020-06,"{""type"":""MultiPoint"",""coordinates"":[]}"
VHI_M_2020-06_000000000000000000d6,0.7509613609678332,4.1989042675893895,215,6,Wet,2020,2020-06,"{""type"":""MultiPoint"",""coordinates"":[]}"
VHI_M_2020-06_0000000000000000013b,0.6984250800868664,3.7029679272379132,316,6,Wet,2020,2020-06,"{""type"":""MultiPoint"",""coordinates"":[]}"
VHI_M_2020-06_0000000000000000013c,2.5350414257649567,4.09363618163874,317,6,Wet,2020,2020-06,"{""type"":""MultiPoint"",""coordinates"":[]}"
VHI_M_2020-06_0000000000000000013d,0.7040430908345973,3.8200423253037687,318,6,Wet,2020,2020-06,"{""type"":""MultiPoint"",""coordinates"":[]}"
VHI_M_2020-06_0000000000000000013e,0.6388734910726684,3.369679223236145,319,6,Wet,2020,2020-06,"{""type"":""MultiPoint"",""coordinates"":[]}"
VHI_M_2020-06_0000000000000000013f,0.6631735041888924,3.557532124536542,320,6,Wet,2020,2020-06,"{""type"":""MultiPoint"",""coordinates"":[]}"
VHI_M_2020-06_00000000000000000140,10.474405136712841,3.867239330069737,321,6,Wet,2020,2020-06,"{""type"":""MultiPoint"",""coordinates"":[]}"
VHI_M_2020-06_000000000000000001bc,0.6930090253133856,3.829467452236586,445,6,Wet,2020,2020-06,"{""type"":""MultiPoint"",""coordinates"":[]}"
VHI_M_2020-06_000000000000000001bd,0.656536444029986,3.5035488241360433,446,6,Wet,2020,2020-06,"{""type"":""MultiPoint"",""coordinates"":[]}"
VHI_M_2020-06_000000000000000001be,0.7459907177998547,4.129432951606945,447,6,Wet,2020,2020-06,"{""type"":""MultiPoint"",""coordinates"":[]}"
VHI_M_2020-06_000000000000000001bf,0.7762505137092656,4.331148122797679,448,6,Wet,2020,2020-06,"{""type"":""MultiPoint"",""coordinates"":[]}"
VHI_M_2020-06_000000000000000001c0,0.7866785675644766,4.407113217738661,449,6,Wet,2020,2020-06,"{""type"":""MultiPoint"",""coordinates"":[]}"
VHI_M_2020-06_00000000000000000006,0.4660720145591072,2.1960880195599017,7,6,Wet,2020,2020-06,"{""type"":""MultiPoint"",""coordinates"":[]}"
VHI_M_2020-06_0000000000000000002c,0.5790883829636629,2.978201267450083,45,6,Wet,2020,2020-06,"{""type"":""MultiPoint"",""coordinates"":[]}"
VHI_M_2020-06_0000000000000000002d,0.7555536749393001,4.215323328411004,46,6,Wet,2020,2020-06,"{""type"":""MultiPoint"",""coordinates"":[]}"
VHI_M_2020-06_0000000000000000002e,0.6193640700494922,3.298310587076716,47,6,Wet,2020,2020-06,"{""type"":""MultiPoint"",""coordinates"":[]}"
VHI_M_2020-06_0000000000000000002f,0.698603387959752,3.8149365974799334,48,6,Wet,2020,2020-06,"{""type"":""MultiPoint"",""coordinates"":[]}"
VHI_M_2020-06_0000000000000000009b,0.5456755092143827,2.7434990282758025,156,6,Wet,2020,2020-06,"{""type"":""MultiPoint"",""coordinates"":[]}"
VHI_M_2020-06_0000000000000000009c,0.6197314676730125,3.289157619152395,157,6,Wet,2020,2020-06,"{""type"":""MultiPoint"",""coordinates"":[]}"
VHI_M_2020-06_0000000000000000009d,0.4995813382604335,2.526389127816963,158,6,Wet,2020,2020-06,"{""type"":""MultiPoint"",""coordinates"":[]}"
VHI_M_2020-06_000000000000000001b6,0.5333724761751162,2.5975740542139714,439,6,Wet,2020,2020-06,"{""type"":""MultiPoint"",""coordinates"":[]}"
VHI_M_2020-06_000000000000000001b7,0.5996403942932137,3.176181296483627,440,6,Wet,2020,2020-06,"{""type"":""MultiPoint"",""coordinates"":[]}"
VHI_M_2020-06_000000000000000001b8,0.5320750872338822,2.74518938164408,441,6,Wet,2020,2020-06,"{""type"":""MultiPoint"",""coordinates"":[]}"
VHI_M_2020-06_000000000000000001b9,0.6452620982020265,3.4286894032831987,442,6,Wet,2020,2020-06,"{""type"":""MultiPoint"",""coordinates"":[]}"
VHI_M_2020-06_000000000000000001ba,0.5354713758817091,2.760109888099205,443,6,Wet,2020,2020-06,"{""type"":""MultiPoint"",""coordinates"":[]}"
VHI_M_2020-06_000000000000000001bb,0.536507016786314,2.720537410369702,444,6,Wet,2020,2020-06,"{""type"":""MultiPoint"",""coordinates"":[]}"
VHI_M_2020-06_00000000000000000221,0.4240669634337244,2.0,546,6,Wet,2020,2020-06,"{""type"":""MultiPoint"",""coordinates"":[]}"
VHI_M_2020-06_00000000000000000222,0.4807830574995877,2.3982742543616635,547,6,Wet,2020,2020-06,"{""type"":""MultiPoint"",""coordinates"":[]}"
VHI_M_2020-06_00000000000000000223,0.5659898868306376,2.953778206524256,548,6,Wet,2020,2020-06,"{""type"":""MultiPoint"",""coordinates"":[]}"
VHI_M_2020-06_00000000000000000224,0.6709214830720899,3.621644932686023,549,6,Wet,2020,2020-06,"{""type"":""MultiPoint"",""coordinates"":[]}"
VHI_M_2020-06_00000000000000000225,0.4598539165042763,2.2736402211649733,550,6,Wet,2020,2020-06,"{""type"":""MultiPoint"",""coordinates"":[]}"
VHI_M_2020-06_00000000000000000053,0.5809070857520461,3.117327058694401,84,6,Wet,2020,2020-06,"{""type"":""MultiPoint"",""coordinates"":[]}"
VHI_M_2020-06_00000000000000000054,0.6455227344184457,3.550359830077208,85,6,Wet,2020,2020-06,"{""type"":""MultiPoint"",""coordinates"":[]}"
VHI_M_2020-06_00000000000000000055,0.6333820416401602,3.1911677534084166,86,6,Wet,2020,2020-06,"{""type"":""MultiPoint"",""coordinates"":[]}"
VHI_M_2020-06_00000000000000000056,0.6034249567721595,3.1628206127699374,87,6,Wet,2020,2020-06,"{""type"":""MultiPoint"",""coordinates"":[]}"
VHI_M_2020-06_00000000000000000057,0.5139811568668411,2.602113994593865,88,6,Wet,2020,2020-06,"{""type"":""MultiPoint"",""coordinates"":[]}"
VHI_M_2020-06_000000000000000000de,0.6244174553644071,3.3488270597471312,223,6,Wet,2020,2020-06,"{""type"":""MultiPoint"",""coordinates"":[]}"
VHI_M_2020-06_000000000000000000df,26.678494406994005,4.1188343281336195,224,6,Wet,2020,2020-06,"{""type"":""MultiPoint"",""coordinates"":[]}"
VHI_M_2020-06_000000000000000000e0,3.9186741604126696,3.379599916952899,225,6,Wet,2020,2020-06,"{""type"":""MultiPoint"",""coordinates"":[]}"
VHI_M_2020-06_000000000000000000e1,8.225019736722661,3.9142205725115304,226,6,Wet,2020,2020-06,"{""type"":""MultiPoint"",""coordinates"":[]}"
VHI_M_2020-06_000000000000000000ff,0.7482368750855759,4.20328952738552,256,6,Wet,2020,2020-06,"{""type"":""MultiPoint"",""coordinates"":[]}"
VHI_M_2020-06_0000000000000000011c,0.7369282469092464,4.069662819231119,285,6,Wet,2020,2020-06,"{""type"":""MultiPoint"",""coordinates"":[]}"
VHI_M_2020-06_0000000000000000011d,0.7029928753767458,3.874451771561041,286,6,Wet,2020,2020-06,"{""type"":""MultiPoint"",""coordinates"":[]}"
VHI_M_2020-06_0000000000000000011e,0.7610609524759404,4.202594857787541,287,6,Wet,2020,2020-06,"{""type"":""MultiPoint"",""coordinates"":[]}"
VHI_M_2020-06_0000000000000000011f,0.7074578758282983,3.9110763101415533,288,6,Wet,2020,2020-06,"{""type"":""MultiPoint"",""coordinates"":[]}"
VHI_M_2020-06_000000000000000001c4,8.875249045749442,3.7074004144197032,453,6,Wet,2020,2020-06,"{""type"":""MultiPoint"",""coordinates"":[]}"
VHI_M_2020-06_000000000000000001c5,0.6934909583114506,3.7502873395990344,454,6,Wet,2020,2020-06,"{""type"":""MultiPoint"",""coordinates"":[]}"
VHI_M_2020-06_000000000000000001c6,0.6463372671426848,3.442279853861417,455,6,Wet,2020,2020-06,"{""type"":""MultiPoint"",""coordinates"":[]}"
VHI_M_2020-06_00000000000000000003,0.8732732249468131,3.781026562812063,4,6,Wet,2020,2020-06,"{""type"":""MultiPoint"",""coordinates"":[]}"
VHI_M_2020-06_0000000000000000001b,12.378028367318862,3.9697990543735218,28,6,Wet,2020,2020-06,"{""type"":""MultiPoint"",""coordinates"":[]}"
VHI_M_2020-06_00000000000000000186,64.38713124436077,3.9140672239018315,391,6,Wet,2020,2020-06,"{""type"":""MultiPoint"",""coordinates"":[]}"
VHI_M_2020-06_00000000000000000187,0.6792710891066128,3.677874455278154,392,6,Wet,2020,2020-06,"{""type"":""MultiPoint"",""coordinates"":[]}"
VHI_M_2020-06_00000000000000000188,2.8761528908555474,3.3481214964036097,393,6,Wet,2020,2020-06,"{""type"":""MultiPoint"",""coordinates"":[]}"
VHI_M_2020-06_00000000000000000189,3.7948916090430465,4.321091553301802,394,6,Wet,2020,2020-06,"{""type"":""MultiPoint"",""coordinates"":[]}"
VHI_M_2020-06_0000000000000000018a,0.6705600323537971,3.6962742349918245,395,6,Wet,2020,2020-06,"{""type"":""MultiPoint"",""coordinates"":[]}"
VHI_M_2020-06_0000000000000000018f,0.8155252470756874,4.577380191693291,400,6,Wet,2020,2020-06,"{""type"":""MultiPoint"",""coordinates"":[]}"
VHI_M_2020-06_00000000000000000190,0.6595373368516254,3.5210301540054347,401,6,Wet,2020,2020-06,"{""type"":""MultiPoint"",""coordinates"":[]}"
VHI_M_2020-06_0000000000000000021e,0.7696490813266235,4.253070492310868,543,6,Wet,2020,2020-06,"{""type"":""MultiPoint"",""coordinates"":[]}"
VHI_M_2020-06_0000000000000000021f,0.7885228471521892,3.6442804016696355,544,6,Wet,2020,2020-06,"{""type"":""MultiPoint"",""coordinates"":[]}"
VHI_M_2020-06_00000000000000000220,0.6400215711071224,3.296397796071088,545,6,Wet,2020,2020-06,"{""type"":""MultiPoint"",""coordinates"":[]}"
VHI_M_2020-06_00000000000000000007,0.7880531925012524,4.458674810027697,8,6,Wet,2020,2020-06,"{""type"":""MultiPoint"",""coordinates"":[]}"
VHI_M_2020-06_0000000000000000000b,0.6604431064132884,3.479812545061283,12,6,Wet,2020,2020-06,"{""type"":""MultiPoint"",""coordinates"":[]}"
VHI_M_2020-06_00000000000000000012,0.6791307978870036,3.7366013815275676,19,6,Wet,2020,2020-06,"{""type"":""MultiPoint"",""coordinates"":[]}"
VHI_M_2020-06_00000000000000000013,0.7019091764970086,3.8206877195201745,20,6,Wet,2020,2020-06,"{""type"":""MultiPoint"",""coordinates"":[]}"
VHI_M_2020-06_00000000000000000014,0.8019153547344384,4.45364505913527,21,6,Wet,2020,2020-06,"{""type"":""MultiPoint"",""coordinates"":[]}"
VHI_M_2020-06_00000000000000000015,0.6183312403272518,3.3098836985651445,22,6,Wet,2020,2020-06,"{""type"":""MultiPoint"",""coordinates"":[]}"
VHI_M_2020-06_00000000000000000016,0.6942173655174149,3.8066575212072005,23,6,Wet,2020,2020-06,"{""type"":""MultiPoint"",""coordinates"":[]}"
VHI_M_2020-06_00000000000000000183,0.7108101915740721,3.8489063709490026,388,6,Wet,2020,2020-06,"{""type"":""MultiPoint"",""coordinates"":[]}"
VHI_M_2020-06_00000000000000000184,0.6709271877482613,3.620279784218706,389,6,Wet,2020,2020-06,"{""type"":""MultiPoint"",""coordinates"":[]}"
VHI_M_2020-06_00000000000000000185,5.0383529769037425,3.479596732989257,390,6,Wet,2020,2020-06,"{""type"":""MultiPoint"",""coordinates"":[]}"
VHI_M_2020-06_00000000000000000212,0.6659026131657029,3.582976621666117,531,6,Wet,2020,2020-06,"{""type"":""MultiPoint"",""coordinates"":[]}"
VHI_M_2020-06_00000000000000000213,0.5832208277113189,3.061265952016335,532,6,Wet,2020,2020-06,"{""type"":""MultiPoint"",""coordinates"":[]}"
VHI_M_2020-06_00000000000000000214,0.6256210431417181,3.339425956805352,533,6,Wet,2020,2020-06,"{""type"":""MultiPoint"",""coordinates"":[]}"
VHI_M_2020-06_00000000000000000215,0.6162351515575425,3.2546125695242054,534,6,Wet,2020,2020-06,"{""type"":""MultiPoint"",""coordinates"":[]}"
VHI_M_2020-06_0000000000000000005a,75.12248724452046,3.9513458369300793,91,6,Wet,2020,2020-06,"{""type"":""MultiPoint"",""coordinates"":[]}"
VHI_M_2020-06_00000000000000000118,53.26119175263054,4.499781550838395,281,6,Wet,2020,2020-06,"{""type"":""MultiPoint"",""coordinates"":[]}"
VHI_M_2020-06_00000000000000000119,8.554348732344225,3.982821204257082,282,6,Wet,2020,2020-06,"{""type"":""MultiPoint"",""coordinates"":[]}"
VHI_M_2020-06_0000000000000000011a,3.9705548447898997,3.928292438710053,283,6,Wet,2020,2020-06,"{""type"":""MultiPoint"",""coordinates"":[]}"
VHI_M_2020-06_0000000000000000011b,0.8504498329236934,4.415287411578876,284,6,Wet,2020,2020-06,"{""type"":""MultiPoint"",""coordinates"":[]}"
VHI_M_2020-06_00000000000000000141,10.324295842781929,4.04867807278829,322,6,Wet,2020,2020-06,"{""type"":""MultiPoint"",""coordinates"":[]}"
VHI_M_2020-06_00000000000000000142,54.53443280834254,4.864695062723458,323,6,Wet,2020,2020-06,"{""type"":""MultiPoint"",""coordinates"":[]}"
VHI_M_2020-06_00000000000000000143,13.97381018787493,4.626737063807772,324,6,Wet,2020,2020-06,"{""type"":""MultiPoint"",""coordinates"":[]}"
VHI_M_2020-06_00000000000000000144,49.06238767814724,4.6091939188473114,325,6,Wet,2020,2020-06,"{""type"":""MultiPoint"",""coordinates"":[]}"
VHI_M_2020-06_00000000000000000145,35.38883333124412,4.836099471587574,326,6,Wet,2020,2020-06,"{""type"":""MultiPoint"",""coordinates"":[]}"
VHI_M_2020-06_000000000000000001af,85.98389814808405,4.101078167115902,432,6,Wet,2020,2020-06,"{""type"":""MultiPoint"",""coordinates"":[]}"
VHI_M_2020-06_0000000000000000004b,0.5879080233610839,3.1144713179432593,76,6,Wet,2020,2020-06,"{""type"":""MultiPoint"",""coordinates"":[]}"
VHI_M_2020-06_0000000000000000004c,0.6544806316048182,3.554523746351818,77,6,Wet,2020,2020-06,"{""type"":""MultiPoint"",""coordinates"":[]}"
VHI_M_2020-06_0000000000000000004d,0.6290024768603395,3.400485014757395,78,6,Wet,2020,2020-06,"{""type"":""MultiPoint"",""coordinates"":[]}"
VHI_M_2020-06_0000000000000000004e,0.6937809598583757,3.771750519607676,79,6,Wet,2020,2020-06,"{""type"":""MultiPoint"",""coordinates"":[]}"
VHI_M_2020-06_0000000000000000004f,0.7179728014280387,3.943230579780874,80,6,Wet,2020,2020-06,"{""type"":""MultiPoint"",""coordinates"":[]}"
VHI_M_2020-06_00000000000000000050,0.7878457307621144,4.64938030006523,81,6,Wet,2020,2020-06,"{""type"":""MultiPoint"",""coordinates"":[]}"
VHI_M_2020-06_00000000000000000051,0.6370076832367552,3.355001199328377,82,6,Wet,2020,2020-06,"{""type"":""MultiPoint"",""coordinates"":[]}"
VHI_M_2020-06_00000000000000000052,0.5817539086465967,2.851440269045183,83,6,Wet,2020,2020-06,"{""type"":""MultiPoint"",""coordinates"":[]}"
VHI_M_2020-06_000000000000000000aa,0.5756799449548036,3.0080265707168556,171,6,Wet,2020,2020-06,"{""type"":""MultiPoint"",""coordinates"":[]}"
VHI_M_2020-06_000000000000000000ab,0.5997635572497116,3.1715894316472535,172,6,Wet,2020,2020-06,"{""type"":""MultiPoint"",""coordinates"":[]}"
VHI_M_2020-06_000000000000000000ac,0.6185257097891103,3.2706994425097555,173,6,Wet,2020,2020-06,"{""type"":""MultiPoint"",""coordinates"":[]}"
VHI_M_2020-06_000000000000000000ad,0.6819143877966058,3.6603836780478165,174,6,Wet,2020,2020-06,"{""type"":""MultiPoint"",""coordinates"":[]}"
VHI_M_2020-06_000000000000000000ae,0.6320031655398356,3.4472237493128097,175,6,Wet,2020,2020-06,"{""type"":""MultiPoint"",""coordinates"":[]}"
VHI_M_2020-06_000000000000000000af,0.5437020089283471,2.9793781725888313,176,6,Wet,2020,2020-06,"{""type"":""MultiPoint"",""coordinates"":[]}"
VHI_M_2020-06_000000000000000000b0,1.0962024636969918,5.0,177,6,Wet,2020,2020-06,"{""type"":""MultiPoint"",""coordinates"":[]}"
VHI_M_2020-06_000000000000000001c7,0.6979070815416745,3.8070175438596494,456,6,Wet,2020,2020-06,"{""type"":""MultiPoint"",""coordinates"":[]}"
VHI_M_2020-06_000000000000000001c8,0.6537239408735097,3.5276423291476537,457,6,Wet,2020,2020-06,"{""type"":""MultiPoint"",""coordinates"":[]}"
VHI_M_2020-06_000000000000000001c9,0.6125456571084539,3.2781211063841424,458,6,Wet,2020,2020-06,"{""type"":""MultiPoint"",""coordinates"":[]}"
VHI_M_2020-06_000000000000000001ca,0.7333552244723758,4.0,459,6,Wet,2020,2020-06,"{""type"":""MultiPoint"",""coordinates"":[]}"
VHI_M_2020-06_0000000000000000020a,0.8965602426576796,4.741695125737346,523,6,Wet,2020,2020-06,"{""type"":""MultiPoint"",""coordinates"":[]}"
VHI_M_2020-06_0000000000000000020b,1.1227302303191962,4.104711068980381,524,6,Wet,2020,2020-06,"{""type"":""MultiPoint"",""coordinates"":[]}"
VHI_M_2020-06_0000000000000000020c,0.7204232550313114,3.9290576424567423,525,6,Wet,2020,2020-06,"{""type"":""MultiPoint"",""coordinates"":[]}"
VHI_M_2020-06_000000000000000001ab,0.6124903239651215,3.20496947811882,428,6,Wet,2020,2020-06,"{""type"":""MultiPoint"",""coordinates"":[]}"
VHI_M_2020-06_000000000000000001ac,0.6565968707769526,3.529822246024764,429,6,Wet,2020,2020-06,"{""type"":""MultiPoint"",""coordinates"":[]}"
VHI_M_2020-06_000000000000000001ad,8.291178706701377,4.248472607157173,430,6,Wet,2020,2020-06,"{""type"":""MultiPoint"",""coordinates"":[]}"
VHI_M_2020-06_000000000000000001ae,45.61162551362585,3.95258657183981,431,6,Wet,2020,2020-06,"{""type"":""MultiPoint"",""coordinates"":[]}"
VHI_M_2020-06_000000000000000001c3,39.32700648429684,4.778280156969798,452,6,Wet,2020,2020-06,"{""type"":""MultiPoint"",""coordinates"":[]}"
VHI_M_2020-06_00000000000000000037,0.4516301808114531,2.1960709781087475,56,6,Wet,2020,2020-06,"{""type"":""MultiPoint"",""coordinates"":[]}"
VHI_M_2020-06_00000000000000000038,0.5002650900162364,2.4998036812735727,57,6,Wet,2020,2020-06,"{""type"":""MultiPoint"",""coordinates"":[]}"
VHI_M_2020-06_00000000000000000039,0.43543788096310976,2.1320958245314396,58,6,Wet,2020,2020-06,"{""type"":""MultiPoint"",""coordinates"":[]}"
VHI_M_2020-06_0000000000000000003a,0.4606392993554526,2.2397385946631645,59,6,Wet,2020,2020-06,"{""type"":""MultiPoint"",""coordinates"":[]}"
VHI_M_2020-06_0000000000000000003b,0.4709149712931627,2.3111862656211475,60,6,Wet,2020,2020-06,"{""type"":""MultiPoint"",""coordinates"":[]}"
VHI_M_2020-06_0000000000000000003c,0.6884746349831212,3.7530595084679144,61,6,Wet,2020,2020-06,"{""type"":""MultiPoint"",""coordinates"":[]}"
VHI_M_2020-06_0000000000000000003d,0.6857840928935776,3.670911679221782,62,6,Wet,2020,2020-06,"{""type"":""MultiPoint"",""coordinates"":[]}"
VHI_M_2020-06_0000000000000000003e,10.498115608058583,3.1117975690578534,63,6,Wet,2020,2020-06,"{""type"":""MultiPoint"",""coordinates"":[]}"
VHI_M_2020-06_0000000000000000003f,0.537570937977318,2.7797615884655564,64,6,Wet,2020,2020-06,"{""type"":""MultiPoint"",""coordinates"":[]}"
VHI_M_2020-06_00000000000000000044,0.6111611453089157,3.2941568170467783,69,6,Wet,2020,2020-06,"{""type"":""MultiPoint"",""coordinates"":[]}"
VHI_M_2020-06_00000000000000000076,0.5417771727700922,2.812626875819535,119,6,Wet,2020,2020-06,"{""type"":""MultiPoint"",""coordinates"":[]}"
VHI_M_2020-06_00000000000000000077,5.834381402534976,2.6655456570155915,120,6,Wet,2020,2020-06,"{""type"":""MultiPoint"",""coordinates"":[]}"
VHI_M_2020-06_00000000000000000078,0.5491600075825409,2.863347343926426,121,6,Wet,2020,2020-06,"{""type"":""MultiPoint"",""coordinates"":[]}"
VHI_M_2020-06_00000000000000000079,0.5955919601487825,3.214434947768281,122,6,Wet,2020,2020-06,"{""type"":""MultiPoint"",""coordinates"":[]}"
VHI_M_2020-06_0000000000000000008b,0.4596009248453805,2.1017090069284063,140,6,Wet,2020,2020-06,"{""type"":""MultiPoint"",""coordinates"":[]}"
VHI_M_2020-06_0000000000000000008c,4.6376134417840715,3.4692238864938365,141,6,Wet,2020,2020-06,"{""type"":""MultiPoint"",""coordinates"":[]}"
VHI_M_2020-06_0000000000000000008d,10.035811514156581,3.5181165423916068,142,6,Wet,2020,2020-06,"{""type"":""MultiPoint"",""coordinates"":[]}"
VHI_M_2020-06_0000000000000000008e,0.6052367541427839,3.2098527335081717,143,6,Wet,2020,2020-06,"{""type"":""MultiPoint"",""coordinates"":[]}"
VHI_M_2020-06_0000000000000000008f,0.5699630597777535,3.095567542213882,144,6,Wet,2020,2020-06,"{""type"":""MultiPoint"",""coordinates"":[]}"
VHI_M_2020-06_00000000000000000090,0.596364367437263,3.156070092697997,145,6,Wet,2020,2020-06,"{""type"":""MultiPoint"",""coordinates"":[]}"
VHI_M_2020-06_00000000000000000091,0.5723458295774799,3.0230100669042703,146,6,Wet,2020,2020-06,"{""type"":""MultiPoint"",""coordinates"":[]}"
VHI_M_2020-06_000000000000000000b5,36.269131313772796,4.127793120763244,182,6,Wet,2020,2020-06,"{""type"":""MultiPoint"",""coordinates"":[]}"
VHI_M_2020-06_000000000000000000cc,9.050580729248326,3.727288969517057,205,6,Wet,2020,2020-06,"{""type"":""MultiPoint"",""coordinates"":[]}"
VHI_M_2020-06_000000000000000000cd,1.042016285302226,4.258215404434459,206,6,Wet,2020,2020-06,"{""type"":""MultiPoint"",""coordinates"":[]}"
VHI_M_2020-06_000000000000000001dd,0.6420074714888241,3.4220623310542213,478,6,Wet,2020,2020-06,"{""type"":""MultiPoint"",""coordinates"":[]}"
VHI_M_2020-06_000000000000000001de,0.7325797086687161,4.054072331252905,479,6,Wet,2020,2020-06,"{""type"":""MultiPoint"",""coordinates"":[]}"
VHI_M_2020-06_000000000000000001df,0.6797033471866721,3.7120201028440207,480,6,Wet,2020,2020-06,"{""type"":""MultiPoint"",""coordinates"":[]}"
VHI_M_2020-06_000000000000000001e0,0.6373488274188235,3.436003296811318,481,6,Wet,2020,2020-06,"{""type"":""MultiPoint"",""coordinates"":[]}"
VHI_M_2020-06_000000000000000001e1,0.6550739542862665,3.5633012212698176,482,6,Wet,2020,2020-06,"{""type"":""MultiPoint"",""coordinates"":[]}"
VHI_M_2020-06_0000000000000000007a,0.8181780665693537,4.561929797433122,123,6,Wet,2020,2020-06,"{""type"":""MultiPoint"",""coordinates"":[]}"
VHI_M_2020-06_0000000000000000007b,0.7724697048598785,4.30853908294459,124,6,Wet,2020,2020-06,"{""type"":""MultiPoint"",""coordinates"":[]}"
VHI_M_2020-06_0000000000000000007c,0.6288788519981187,3.3615584251741426,125,6,Wet,2020,2020-06,"{""type"":""MultiPoint"",""coordinates"":[]}"
VHI_M_2020-06_0000000000000000007d,0.6149551714210041,3.2701823375145467,126,6,Wet,2020,2020-06,"{""type"":""MultiPoint"",""coordinates"":[]}"
VHI_M_2020-06_0000000000000000007e,19.45144034637823,3.0953084841463223,127,6,Wet,2020,2020-06,"{""type"":""MultiPoint"",""coordinates"":[]}"
VHI_M_2020-06_0000000000000000007f,13.95560290698027,3.0607838271543675,128,6,Wet,2020,2020-06,"{""type"":""MultiPoint"",""coordinates"":[]}"
VHI_M_2020-06_00000000000000000080,0.6391434520364273,3.437911216106625,129,6,Wet,2020,2020-06,"{""type"":""MultiPoint"",""coordinates"":[]}"
VHI_M_2020-06_00000000000000000088,4.69992931588885,3.680638039329782,137,6,Wet,2020,2020-06,"{""type"":""MultiPoint"",""coordinates"":[]}"
VHI_M_2020-06_00000000000000000089,0.6204361420885232,3.3304870812338456,138,6,Wet,2020,2020-06,"{""type"":""MultiPoint"",""coordinates"":[]}"
VHI_M_2020-06_0000000000000000008a,0.6143429804294777,3.284750736025361,139,6,Wet,2020,2020-06,"{""type"":""MultiPoint"",""coordinates"":[]}"
VHI_M_2020-06_00000000000000000099,0.6623818450447403,3.5724326060013167,154,6,Wet,2020,2020-06,"{""type"":""MultiPoint"",""coordinates"":[]}"
VHI_M_2020-06_0000000000000000009a,2.8908069605589644,3.337015760387521,155,6,Wet,2020,2020-06,"{""type"":""MultiPoint"",""coordinates"":[]}"
VHI_M_2020-06_00000000000000000112,0.8317806092711039,4.695007443032179,275,6,Wet,2020,2020-06,"{""type"":""MultiPoint"",""coordinates"":[]}"
VHI_M_2020-06_000000000000000001d8,0.611483545020162,3.2125667681350882,473,6,Wet,2020,2020-06,"{""type"":""MultiPoint"",""coordinates"":[]}"
VHI_M_2020-06_00000000000000000001,0.6954630832774663,3.872401433691757,2,6,Wet,2020,2020-06,"{""type"":""MultiPoint"",""coordinates"":[]}"
VHI_M_2020-06_00000000000000000030,0.6388261729519104,3.409772769752482,49,6,Wet,2020,2020-06,"{""type"":""MultiPoint"",""coordinates"":[]}"
VHI_M_2020-06_00000000000000000031,0.8457699171212423,4.6922372685737495,50,6,Wet,2020,2020-06,"{""type"":""MultiPoint"",""coordinates"":[]}"
VHI_M_2020-06_00000000000000000032,0.5337054796237598,2.8939313769384185,51,6,Wet,2020,2020-06,"{""type"":""MultiPoint"",""coordinates"":[]}"
VHI_M_2020-06_000000000000000000d7,0.7949532395242149,4.430265113275107,216,6,Wet,2020,2020-06,"{""type"":""MultiPoint"",""coordinates"":[]}"
VHI_M_2020-06_000000000000000000d8,0.8490702203322743,4.699978839704201,217,6,Wet,2020,2020-06,"{""type"":""MultiPoint"",""coordinates"":[]}"
VHI_M_2020-06_000000000000000000d9,0.7564965052983925,4.208224278288611,218,6,Wet,2020,2020-06,"{""type"":""MultiPoint"",""coordinates"":[]}"
VHI_M_2020-06_000000000000000000da,0.8566533951718527,4.644623986237406,219,6,Wet,2020,2020-06,"{""type"":""MultiPoint"",""coordinates"":[]}"
VHI_M_2020-06_00000000000000000132,0.5487461362982309,2.880940028236063,307,6,Wet,2020,2020-06,"{""type"":""MultiPoint"",""coordinates"":[]}"
VHI_M_2020-06_00000000000000000133,81.76562406805834,3.836781346439594,308,6,Wet,2020,2020-06,"{""type"":""MultiPoint"",""coordinates"":[]}"
VHI_M_2020-06_00000000000000000134,0.6928711162972593,3.7613217821511236,309,6,Wet,2020,2020-06,"{""type"":""MultiPoint"",""coordinates"":[]}"
VHI_M_2020-06_00000000000000000135,24.737707862895498,3.790005225375417,310,6,Wet,2020,2020-06,"{""type"":""MultiPoint"",""coordinates"":[]}"
VHI_M_2020-06_0000000000000000001f,0.8189002303907271,4.578954866419514,32,6,Wet,2020,2020-06,"{""type"":""MultiPoint"",""coordinates"":[]}"
VHI_M_2020-06_00000000000000000020,0.7089898975360539,3.8927751315937438,33,6,Wet,2020,2020-06,"{""type"":""MultiPoint"",""coordinates"":[]}"
VHI_M_2020-06_00000000000000000021,0.7201930619914416,3.9746109121088273,34,6,Wet,2020,2020-06,"{""type"":""MultiPoint"",""coordinates"":[]}"
VHI_M_2020-06_00000000000000000045,0.8235200991338851,4.561190409708117,70,6,Wet,2020,2020-06,"{""type"":""MultiPoint"",""coordinates"":[]}"
VHI_M_2020-06_00000000000000000046,0.8205978726748372,4.617799153029304,71,6,Wet,2020,2020-06,"{""type"":""MultiPoint"",""coordinates"":[]}"
VHI_M_2020-06_00000000000000000047,0.7606954277817776,4.230469015615037,72,6,Wet,2020,2020-06,"{""type"":""MultiPoint"",""coordinates"":[]}"
VHI_M_2020-06_00000000000000000048,0.8556367172188457,4.6945901759976465,73,6,Wet,2020,2020-06,"{""type"":""MultiPoint"",""coordinates"":[]}"
VHI_M_2020-06_00000000000000000072,0.7308818092622125,4.029490814435635,115,6,Wet,2020,2020-06,"{""type"":""MultiPoint"",""coordinates"":[]}"
VHI_M_2020-06_00000000000000000073,0.7615155506265554,4.236350787515808,116,6,Wet,2020,2020-06,"{""type"":""MultiPoint"",""coordinates"":[]}"
VHI_M_2020-06_00000000000000000074,0.8180305983167608,4.634471772326784,117,6,Wet,2020,2020-06,"{""type"":""MultiPoint"",""coordinates"":[]}"
VHI_M_2020-06_00000000000000000075,0.8009710034130881,4.479064446504151,118,6,Wet,2020,2020-06,"{""type"":""MultiPoint"",""coordinates"":[]}"
VHI_M_2020-06_000000000000000000b4,0.8377015989404805,4.668479472206125,181,6,Wet,2020,2020-06,"{""type"":""MultiPoint"",""coordinates"":[]}"
VHI_M_2020-06_000000000000000000e8,0.7355780343910497,3.9448316899013935,233,6,Wet,2020,2020-06,"{""type"":""MultiPoint"",""coordinates"":[]}"
VHI_M_2020-06_000000000000000000e9,0.8076887764933941,4.387338248770827,234,6,Wet,2020,2020-06,"{""type"":""MultiPoint"",""coordinates"":[]}"
VHI_M_2020-06_000000000000000000ea,0.8310972874851753,4.518795408749425,235,6,Wet,2020,2020-06,"{""type"":""MultiPoint"",""coordinates"":[]}"
VHI_M_2020-06_00000000000000000022,0.590295923136684,3.113557292767099,35,6,Wet,2020,2020-06,"{""type"":""MultiPoint"",""coordinates"":[]}"
VHI_M_2020-06_00000000000000000023,0.6405487376803831,3.44756465425131,36,6,Wet,2020,2020-06,"{""type"":""MultiPoint"",""coordinates"":[]}"
VHI_M_2020-06_00000000000000000024,0.6087783990513082,3.1942604174073277,37,6,Wet,2020,2020-06,"{""type"":""MultiPoint"",""coordinates"":[]}"
VHI_M_2020-06_00000000000000000025,0.6421361887248063,3.44372236519561,38,6,Wet,2020,2020-06,"{""type"":""MultiPoint"",""coordinates"":[]}"
VHI_M_2020-06_000000000000000000f0,0.6845018653949455,3.7790917933753128,241,6,Wet,2020,2020-06,"{""type"":""MultiPoint"",""coordinates"":[]}"
VHI_M_2020-06_000000000000000000f4,0.5204294126465676,2.635619260027418,245,6,Wet,2020,2020-06,"{""type"":""MultiPoint"",""coordinates"":[]}"
VHI_M_2020-06_000000000000000000f5,0.5501643033246235,2.863252848255706,246,6,Wet,2020,2020-06,"{""type"":""MultiPoint"",""coordinates"":[]}"
VHI_M_2020-06_000000000000000000f6,0.545194075851381,2.8348857905211986,247,6,Wet,2020,2020-06,"{""type"":""MultiPoint"",""coordinates"":[]}"
VHI_M_2020-06_000000000000000000f7,0.6305078202171407,3.310834917385581,248,6,Wet,2020,2020-06,"{""type"":""MultiPoint"",""coordinates"":[]}"
VHI_M_2020-06_000000000000000000f8,0.6202346138302003,3.301086774277133,249,6,Wet,2020,2020-06,"{""type"":""MultiPoint"",""coordinates"":[]}"
VHI_M_2020-06_00000000000000000000,0.6163335895993425,3.2018999091519538,1,6,Wet,2020,2020-06,"{""type"":""MultiPoint"",""coordinates"":[]}"
VHI_M_2020-06_000000000000000000f2,0.6632862084466213,3.5701376806296783,243,6,Wet,2020,2020-06,"{""type"":""MultiPoint"",""coordinates"":[]}"
VHI_M_2020-06_000000000000000000f3,0.7246948609983248,3.988602915638307,244,6,Wet,2020,2020-06,"{""type"":""MultiPoint"",""coordinates"":[]}"
VHI_M_2020-06_00000000000000000106,0.6907152276241024,3.757557762676424,263,6,Wet,2020,2020-06,"{""type"":""MultiPoint"",""coordinates"":[]}"
VHI_M_2020-06_00000000000000000107,0.6948458138357175,3.7834424256103523,264,6,Wet,2020,2020-06,"{""type"":""MultiPoint"",""coordinates"":[]}"
VHI_M_2020-06_00000000000000000108,0.6236284837866146,3.2915136322598557,265,6,Wet,2020,2020-06,"{""type"":""MultiPoint"",""coordinates"":[]}"
VHI_M_2020-06_0000000000000000012c,0.6531751560572662,3.5278691906996547,301,6,Wet,2020,2020-06,"{""type"":""MultiPoint"",""coordinates"":[]}"
VHI_M_2020-06_0000000000000000012d,0.5976270903201486,3.123687773515267,302,6,Wet,2020,2020-06,"{""type"":""MultiPoint"",""coordinates"":[]}"
VHI_M_2020-06_0000000000000000012e,0.6349041959227082,3.3675468691871497,303,6,Wet,2020,2020-06,"{""type"":""MultiPoint"",""coordinates"":[]}"
VHI_M_2020-06_000000000000000000a5,0.5556173234711024,2.862878022568511,166,6,Wet,2020,2020-06,"{""type"":""MultiPoint"",""coordinates"":[]}"
VHI_M_2020-06_000000000000000000a6,0.5234885768753076,2.6387583738966893,167,6,Wet,2020,2020-06,"{""type"":""MultiPoint"",""coordinates"":[]}"
VHI_M_2020-06_000000000000000000c1,45.84503322931454,2.7794478390794346,194,6,Wet,2020,2020-06,"{""type"":""MultiPoint"",""coordinates"":[]}"
VHI_M_2020-06_00000000000000000120,2.766404193556759,2.9983918415375563,289,6,Wet,2020,2020-06,"{""type"":""MultiPoint"",""coordinates"":[]}"
VHI_M_2020-06_000000000000000001d9,5.580219116592153,2.7651612634342793,474,6,Wet,2020,2020-06,"{""type"":""MultiPoint"",""coordinates"":[]}"
VHI_M_2020-06_000000000000000001da,0.5964912458244054,3.111775371471231,475,6,Wet,2020,2020-06,"{""type"":""MultiPoint"",""coordinates"":[]}"
VHI_M_2020-06_000000000000000001db,0.5301070823934034,2.739875458760821,476,6,Wet,2020,2020-06,"{""type"":""MultiPoint"",""coordinates"":[]}"
VHI_M_2020-06_000000000000000001dc,0.5558532529923345,2.9230139230139223,477,6,Wet,2020,2020-06,"{""type"":""MultiPoint"",""coordinates"":[]}"
VHI_M_2020-06_000000000000000001e2,54.617579398920675,2.966333744809786,483,6,Wet,2020,2020-06,"{""type"":""MultiPoint"",""coordinates"":[]}"
VHI_M_2020-06_000000000000000001e3,4.6323773126225385,3.163498570257354,484,6,Wet,2020,2020-06,"{""type"":""MultiPoint"",""coordinates"":[]}"
VHI_M_2020-06_000000000000000001e4,80.51025713070433,3.02523313219967,485,6,Wet,2020,2020-06,"{""type"":""MultiPoint"",""coordinates"":[]}"
VHI_M_2020-06_000000000000000001e5,26.599943492876367,2.5716568047337285,486,6,Wet,2020,2020-06,"{""type"":""MultiPoint"",""coordinates"":[]}"
VHI_M_2020-06_000000000000000001e6,1.2529069629247458,3.614815188850738,487,6,Wet,2020,2020-06,"{""type"":""MultiPoint"",""coordinates"":[]}"
VHI_M_2020-06_000000000000000001e7,16.09562392976011,3.298550363058948,488,6,Wet,2020,2020-06,"{""type"":""MultiPoint"",""coordinates"":[]}"
VHI_M_2020-06_000000000000000001e8,0.5579767164631915,2.9170190878957603,489,6,Wet,2020,2020-06,"{""type"":""MultiPoint"",""coordinates"":[]}"
VHI_M_2020-06_000000000000000001e9,58.696760293273364,3.040823787472581,490,6,Wet,2020,2020-06,"{""type"":""MultiPoint"",""coordinates"":[]}"
VHI_M_2020-06_000000000000000000e2,0.6092139510521689,3.2479949593652218,227,6,Wet,2020,2020-06,"{""type"":""MultiPoint"",""coordinates"":[]}"
VHI_M_2020-06_000000000000000000e3,0.6298635990711505,3.3576630491475203,228,6,Wet,2020,2020-06,"{""type"":""MultiPoint"",""coordinates"":[]}"
VHI_M_2020-06_000000000000000000e4,25.432852057075333,3.800680647534951,229,6,Wet,2020,2020-06,"{""type"":""MultiPoint"",""coordinates"":[]}"
VHI_M_2020-06_000000000000000000e5,1.3770007707559573,3.9625275112665173,230,6,Wet,2020,2020-06,"{""type"":""MultiPoint"",""coordinates"":[]}"
VHI_M_2020-06_000000000000000000e6,0.5626212668109248,3.0,231,6,Wet,2020,2020-06,"{""type"":""MultiPoint"",""coordinates"":[]}"
VHI_M_2020-06_000000000000000000e7,0.633331250124954,3.42467748647524,232,6,Wet,2020,2020-06,"{""type"":""MultiPoint"",""coordinates"":[]}"
VHI_M_2020-06_0000000000000000017f,0.6522952355463767,3.530344138787966,384,6,Wet,2020,2020-06,"{""type"":""MultiPoint"",""coordinates"":[]}"
VHI_M_2020-06_00000000000000000180,0.6238992391895731,3.3233080855743116,385,6,Wet,2020,2020-06,"{""type"":""MultiPoint"",""coordinates"":[]}"
VHI_M_2020-06_00000000000000000203,0.536604903713918,2.827087442472057,516,6,Wet,2020,2020-06,"{""type"":""MultiPoint"",""coordinates"":[]}"
VHI_M_2020-06_00000000000000000204,0.5582758292657992,2.869821479172571,517,6,Wet,2020,2020-06,"{""type"":""MultiPoint"",""coordinates"":[]}"
VHI_M_2020-06_00000000000000000205,0.59809615422943,3.119125773616411,518,6,Wet,2020,2020-06,"{""type"":""MultiPoint"",""coordinates"":[]}"
VHI_M_2020-06_00000000000000000206,0.6499622922282107,3.4991177174303147,519,6,Wet,2020,2020-06,"{""type"":""MultiPoint"",""coordinates"":[]}"
VHI_M_2020-06_00000000000000000207,0.6345682415268475,3.425283998701721,520,6,Wet,2020,2020-06,"{""type"":""MultiPoint"",""coordinates"":[]}"
VHI_M_2020-06_00000000000000000208,0.6122521926101213,3.3967254408060454,521,6,Wet,2020,2020-06,"{""type"":""MultiPoint"",""coordinates"":[]}"
VHI_M_2020-06_00000000000000000209,0.7048907360620269,3.8174295319369023,522,6,Wet,2020,2020-06,"{""type"":""MultiPoint"",""coordinates"":[]}"
VHI_M_2020-06_0000000000000000000e,0.6874017486085597,3.743958278576272,15,6,Wet,2020,2020-06,"{""type"":""MultiPoint"",""coordinates"":[]}"
VHI_M_2020-06_00000000000000000124,0.7971860743509985,4.27078239608802,293,6,Wet,2020,2020-06,"{""type"":""MultiPoint"",""coordinates"":[]}"
VHI_M_2020-06_00000000000000000125,13.710963858568737,3.8549900419739602,294,6,Wet,2020,2020-06,"{""type"":""MultiPoint"",""coordinates"":[]}"
VHI_M_2020-06_00000000000000000126,0.6424809078079086,3.459460875335424,295,6,Wet,2020,2020-06,"{""type"":""MultiPoint"",""coordinates"":[]}"
VHI_M_2020-06_00000000000000000127,0.7020329250918714,3.830201165531072,296,6,Wet,2020,2020-06,"{""type"":""MultiPoint"",""coordinates"":[]}"
VHI_M_2020-06_00000000000000000128,0.6442844575625054,3.5390636538177525,297,6,Wet,2020,2020-06,"{""type"":""MultiPoint"",""coordinates"":[]}"
VHI_M_2020-06_00000000000000000129,0.697849109191285,3.844731969987757,298,6,Wet,2020,2020-06,"{""type"":""MultiPoint"",""coordinates"":[]}"
VHI_M_2020-06_0000000000000000012a,0.6717055572617726,3.6042445357457713,299,6,Wet,2020,2020-06,"{""type"":""MultiPoint"",""coordinates"":[]}"
VHI_M_2020-06_0000000000000000012b,0.7701993557645309,4.296914429518601,300,6,Wet,2020,2020-06,"{""type"":""MultiPoint"",""coordinates"":[]}"
VHI_M_2020-06_00000000000000000174,0.7758284469482166,4.353758936550493,373,6,Wet,2020,2020-06,"{""type"":""MultiPoint"",""coordinates"":[]}"
VHI_M_2020-06_00000000000000000175,0.7293051647012786,4.0485731411584664,374,6,Wet,2020,2020-06,"{""type"":""MultiPoint"",""coordinates"":[]}"
VHI_M_2020-06_00000000000000000176,0.7805088059618763,4.401396075368544,375,6,Wet,2020,2020-06,"{""type"":""MultiPoint"",""coordinates"":[]}"
VHI_M_2020-06_00000000000000000177,0.766220866648315,4.293963481659406,376,6,Wet,2020,2020-06,"{""type"":""MultiPoint"",""coordinates"":[]}"
VHI_M_2020-06_00000000000000000195,0.6314899052343271,3.4026309141434186,406,6,Wet,2020,2020-06,"{""type"":""MultiPoint"",""coordinates"":[]}"
VHI_M_2020-06_00000000000000000196,0.6133103626813616,3.2922771894192158,407,6,Wet,2020,2020-06,"{""type"":""MultiPoint"",""coordinates"":[]}"
VHI_M_2020-06_00000000000000000197,3.4291911583762213,3.6922741971175483,408,6,Wet,2020,2020-06,"{""type"":""MultiPoint"",""coordinates"":[]}"
VHI_M_2020-06_00000000000000000198,0.6842314229132438,3.609414943364855,409,6,Wet,2020,2020-06,"{""type"":""MultiPoint"",""coordinates"":[]}"
VHI_M_2020-06_00000000000000000199,0.6774444354648489,3.6589516104778794,410,6,Wet,2020,2020-06,"{""type"":""MultiPoint"",""coordinates"":[]}"
VHI_M_2020-06_00000000000000000035,0.6334185342480805,3.3883443708609278,54,6,Wet,2020,2020-06,"{""type"":""MultiPoint"",""coordinates"":[]}"
VHI_M_2020-06_000000000000000000ce,0.5614253431570986,2.94023906449415,207,6,Wet,2020,2020-06,"{""type"":""MultiPoint"",""coordinates"":[]}"
VHI_M_2020-06_000000000000000000cf,0.5247366138313232,2.7070641607258596,208,6,Wet,2020,2020-06,"{""type"":""MultiPoint"",""coordinates"":[]}"
VHI_M_2020-06_000000000000000000d0,3.4417039656208477,3.491566501329026,209,6,Wet,2020,2020-06,"{""type"":""MultiPoint"",""coordinates"":[]}"
VHI_M_2020-06_000000000000000000d1,27.768659452224046,2.9613868046228298,210,6,Wet,2020,2020-06,"{""type"":""MultiPoint"",""coordinates"":[]}"
VHI_M_2020-06_000000000000000001ea,0.6185073511209228,3.2732726045574148,491,6,Wet,2020,2020-06,"{""type"":""MultiPoint"",""coordinates"":[]}"
VHI_M_2020-06_000000000000000001eb,0.6281038390462251,3.3599443363853423,492,6,Wet,2020,2020-06,"{""type"":""MultiPoint"",""coordinates"":[]}"
VHI_M_2020-06_000000000000000001ec,0.7019638612299014,3.8338751785626326,493,6,Wet,2020,2020-06,"{""type"":""MultiPoint"",""coordinates"":[]}"
VHI_M_2020-06_000000000000000001ed,0.6653319721105206,3.6206480403025494,494,6,Wet,2020,2020-06,"{""type"":""MultiPoint"",""coordinates"":[]}"
VHI_M_2020-06_000000000000000001f4,8.997337262536538,3.030280596769385,501,6,Wet,2020,2020-06,"{""type"":""MultiPoint"",""coordinates"":[]}"
VHI_M_2020-06_000000000000000001f5,0.48773076151273786,2.356902003114045,502,6,Wet,2020,2020-06,"{""type"":""MultiPoint"",""coordinates"":[]}"
VHI_M_2020-06_000000000000000001f6,0.5402320697861736,2.73330901685436,503,6,Wet,2020,2020-06,"{""type"":""MultiPoint"",""coordinates"":[]}"
VHI_M_2020-06_000000000000000001f7,50.22489087830153,2.996848964150435,504,6,Wet,2020,2020-06,"{""type"":""MultiPoint"",""coordinates"":[]}"
VHI_M_2020-06_000000000000000001f8,0.5723121554350228,3.060664143934081,505,6,Wet,2020,2020-06,"{""type"":""MultiPoint"",""coordinates"":[]}"
VHI_M_2020-06_000000000000000001f9,0.5351712400132188,2.765147138216155,506,6,Wet,2020,2020-06,"{""type"":""MultiPoint"",""coordinates"":[]}"
VHI_M_2020-06_000000000000000001fa,28.311128488366418,3.041991537907804,507,6,Wet,2020,2020-06,"{""type"":""MultiPoint"",""coordinates"":[]}"
VHI_M_2020-06_000000000000000001fb,7.956789645381395,3.0396838147874434,508,6,Wet,2020,2020-06,"{""type"":""MultiPoint"",""coordinates"":[]}"
VHI_M_2020-06_000000000000000001fc,0.6207290136938793,3.184659715461199,509,6,Wet,2020,2020-06,"{""type"":""MultiPoint"",""coordinates"":[]}"
VHI_M_2020-06_000000000000000001fd,0.5739966363486158,2.9818867980485493,510,6,Wet,2020,2020-06,"{""type"":""MultiPoint"",""coordinates"":[]}"
VHI_M_2020-06_00000000000000000049,0.49257011262899186,2.45242185582651,74,6,Wet,2020,2020-06,"{""type"":""MultiPoint"",""coordinates"":[]}"
VHI_M_2020-06_0000000000000000004a,37.34041753615051,3.1485070344040587,75,6,Wet,2020,2020-06,"{""type"":""MultiPoint"",""coordinates"":[]}"
VHI_M_2020-06_000000000000000000fd,74.52381601651936,3.430059781488353,254,6,Wet,2020,2020-06,"{""type"":""MultiPoint"",""coordinates"":[]}"
VHI_M_2020-06_000000000000000000fe,5.93335926766684,2.824719072982585,255,6,Wet,2020,2020-06,"{""type"":""MultiPoint"",""coordinates"":[]}"
VHI_M_2020-06_00000000000000000191,0.5093581774968764,2.383745963401507,402,6,Wet,2020,2020-06,"{""type"":""MultiPoint"",""coordinates"":[]}"
VHI_M_2020-06_0000000000000000016e,18.978355805271594,3.228438160483927,367,6,Wet,2020,2020-06,"{""type"":""MultiPoint"",""coordinates"":[]}"
VHI_M_2020-06_0000000000000000016f,0.5803757901581071,3.045094147765727,368,6,Wet,2020,2020-06,"{""type"":""MultiPoint"",""coordinates"":[]}"
VHI_M_2020-06_00000000000000000170,0.5759428436944699,2.9887353330754562,369,6,Wet,2020,2020-06,"{""type"":""MultiPoint"",""coordinates"":[]}"
VHI_M_2020-06_00000000000000000181,35.886041467122354,3.165959228178121,386,6,Wet,2020,2020-06,"{""type"":""MultiPoint"",""coordinates"":[]}"
VHI_M_2020-06_00000000000000000182,0.6075325838567681,3.2108517614648684,387,6,Wet,2020,2020-06,"{""type"":""MultiPoint"",""coordinates"":[]}"
VHI_M_2020-06_00000000000000000228,0.5921559202359272,3.0869232050641333,553,6,Wet,2020,2020-06,"{""type"":""MultiPoint"",""coordinates"":[]}"
VHI_M_2020-07_00000000000000000017,46.474382898371765,2.5185343904006854,24,7,Wet,2020,2020-07,"{""type"":""MultiPoint"",""coordinates"":[]}"
VHI_M_2020-07_00000000000000000018,232.38096386770022,4.744266551276502,25,7,Wet,2020,2020-07,"{""type"":""MultiPoint"",""coordinates"":[]}"
VHI_M_2020-07_00000000000000000019,30.06086406065284,2.068164113217346,26,7,Wet,2020,2020-07,"{""type"":""MultiPoint"",""coordinates"":[]}"
VHI_M_2020-07_0000000000000000001a,13.64087940232505,2.168450473788261,27,7,Wet,2020,2020-07,"{""type"":""MultiPoint"",""coordinates"":[]}"
VHI_M_2020-07_0000000000000000005b,160.23892994192823,4.002265597769257,92,7,Wet,2020,2020-07,"{""type"":""MultiPoint"",""coordinates"":[]}"
VHI_M_2020-07_0000000000000000005c,60.21351210640887,2.5295177106263753,93,7,Wet,2020,2020-07,"{""type"":""MultiPoint"",""coordinates"":[]}"
VHI_M_2020-07_0000000000000000005d,254.0,5.0,94,7,Wet,2020,2020-07,"{""type"":""MultiPoint"",""coordinates"":[]}"
VHI_M_2020-07_0000000000000000005e,35.25797578014775,2.348986653484923,95,7,Wet,2020,2020-07,"{""type"":""MultiPoint"",""coordinates"":[]}"
VHI_M_2020-07_0000000000000000005f,81.69217332540158,2.961568024596464,96,7,Wet,2020,2020-07,"{""type"":""MultiPoint"",""coordinates"":[]}"
VHI_M_2020-07_000000000000000000b6,0.4371975510856095,2.0,183,7,Wet,2020,2020-07,"{""type"":""MultiPoint"",""coordinates"":[]}"
VHI_M_2020-07_000000000000000000b7,0.477296004598462,2.0373181530676785,184,7,Wet,2020,2020-07,"{""type"":""MultiPoint"",""coordinates"":[]}"
VHI_M_2020-07_000000000000000000b8,0.4068540950413087,2.0,185,7,Wet,2020,2020-07,"{""type"":""MultiPoint"",""coordinates"":[]}"
VHI_M_2020-07_000000000000000000b9,39.257402456127515,2.379343094578551,186,7,Wet,2020,2020-07,"{""type"":""MultiPoint"",""coordinates"":[]}"
VHI_M_2020-07_000000000000000000ba,0.46303733453750606,1.992,187,7,Wet,2020,2020-07,"{""type"":""MultiPoint"",""coordinates"":[]}"
VHI_M_2020-07_000000000000000000bb,0.4614405872208058,2.128712871287129,188,7,Wet,2020,2020-07,"{""type"":""MultiPoint"",""coordinates"":[]}"
VHI_M_2020-07_000000000000000001a0,34.30739539954411,4.317060085836911,417,7,Wet,2020,2020-07,"{""type"":""MultiPoint"",""coordinates"":[]}"
VHI_M_2020-07_000000000000000001a1,0.5338942464938404,2.6643535978277266,418,7,Wet,2020,2020-07,"{""type"":""MultiPoint"",""coordinates"":[]}"
VHI_M_2020-07_000000000000000001a2,19.687482383784193,3.6265343431705404,419,7,Wet,2020,2020-07,"{""type"":""MultiPoint"",""coordinates"":[]}"
VHI_M_2020-07_000000000000000001a3,0.4873219063357422,2.667750517292344,420,7,Wet,2020,2020-07,"{""type"":""MultiPoint"",""coordinates"":[]}"
VHI_M_2020-07_000000000000000001cb,41.32700165866028,2.163515754560531,460,7,Wet,2020,2020-07,"{""type"":""MultiPoint"",""coordinates"":[]}"
VHI_M_2020-07_000000000000000001cc,79.87162050665955,3.271111111111112,461,7,Wet,2020,2020-07,"{""type"":""MultiPoint"",""coordinates"":[]}"
VHI_M_2020-07_0000000000000000021b,0.4791505792426326,2.335907335907336,540,7,Wet,2020,2020-07,"{""type"":""MultiPoint"",""coordinates"":[]}"
VHI_M_2020-07_0000000000000000021c,0.5732282428637795,3.0,541,7,Wet,2020,2020-07,"{""type"":""MultiPoint"",""coordinates"":[]}"
VHI_M_2020-07_0000000000000000021d,24.9506967496169,3.041197658712293,542,7,Wet,2020,2020-07,"{""type"":""MultiPoint"",""coordinates"":[]}"
VHI_M_2020-07_000000000000000000bf,0.6538963546833382,3.724086502609993,192,7,Wet,2020,2020-07,"{""type"":""MultiPoint"",""coordinates"":[]}"
VHI_M_2020-07_000000000000000000c0,0.658666611060909,3.652218083305113,193,7,Wet,2020,2020-07,"{""type"":""MultiPoint"",""coordinates"":[]}"
VHI_M_2020-07_0000000000000000010a,0.7272264373567803,4.026490794174222,267,7,Wet,2020,2020-07,"{""type"":""MultiPoint"",""coordinates"":[]}"
VHI_M_2020-07_0000000000000000010b,56.685538264903904,3.9939925507629463,268,7,Wet,2020,2020-07,"{""type"":""MultiPoint"",""coordinates"":[]}"
VHI_M_2020-07_00000000000000000226,3.128059662917598,3.5165304379651094,551,7,Wet,2020,2020-07,"{""type"":""MultiPoint"",""coordinates"":[]}"
VHI_M_2020-07_00000000000000000227,0.7769277483821435,4.286335944299392,552,7,Wet,2020,2020-07,"{""type"":""MultiPoint"",""coordinates"":[]}"
VHI_M_2020-07_000000000000000001a4,0.41078203224312915,2.0634328358208958,421,7,Wet,2020,2020-07,"{""type"":""MultiPoint"",""coordinates"":[]}"
VHI_M_2020-07_000000000000000001a5,0.48811124152251173,2.432762836185819,422,7,Wet,2020,2020-07,"{""type"":""MultiPoint"",""coordinates"":[]}"
VHI_M_2020-07_000000000000000001a6,0.47209010188477424,2.056129985228951,423,7,Wet,2020,2020-07,"{""type"":""MultiPoint"",""coordinates"":[]}"
VHI_M_2020-07_000000000000000001a7,0.4826617635129129,2.413970588235294,424,7,Wet,2020,2020-07,"{""type"":""MultiPoint"",""coordinates"":[]}"
VHI_M_2020-07_000000000000000001a8,0.5119706321886149,2.64626682986536,425,7,Wet,2020,2020-07,"{""type"":""MultiPoint"",""coordinates"":[]}"
VHI_M_2020-07_000000000000000001a9,0.4363203184679151,2.0109375,426,7,Wet,2020,2020-07,"{""type"":""MultiPoint"",""coordinates"":[]}"
VHI_M_2020-07_000000000000000001aa,0.4161785576469671,1.9145016532829475,427,7,Wet,2020,2020-07,"{""type"":""MultiPoint"",""coordinates"":[]}"
VHI_M_2020-07_000000000000000001fe,0.7206319190109199,3.8183136899365384,511,7,Wet,2020,2020-07,"{""type"":""MultiPoint"",""coordinates"":[]}"
VHI_M_2020-07_000000000000000001ff,61.88549025108273,3.272193829263674,512,7,Wet,2020,2020-07,"{""type"":""MultiPoint"",""coordinates"":[]}"
VHI_M_2020-07_00000000000000000200,0.5364072624356375,2.8894090111176127,513,7,Wet,2020,2020-07,"{""type"":""MultiPoint"",""coordinates"":[]}"
VHI_M_2020-07_00000000000000000201,101.87159330613467,3.6286241433842896,514,7,Wet,2020,2020-07,"{""type"":""MultiPoint"",""coordinates"":[]}"
VHI_M_2020-07_00000000000000000202,0.5500818143930032,3.013781223083549,515,7,Wet,2020,2020-07,"{""type"":""MultiPoint"",""coordinates"":[]}"
VHI_M_2020-07_00000000000000000002,18.752874691162763,3.413941920854363,3,7,Wet,2020,2020-07,"{""type"":""MultiPoint"",""coordinates"":[]}"
VHI_M_2020-07_0000000000000000000d,17.255589715669338,3.808105299618981,14,7,Wet,2020,2020-07,"{""type"":""MultiPoint"",""coordinates"":[]}"
VHI_M_2020-07_00000000000000000027,53.648868092311496,4.068549888309755,40,7,Wet,2020,2020-07,"{""type"":""MultiPoint"",""coordinates"":[]}"
VHI_M_2020-07_00000000000000000070,0.6700946133023787,3.6929829307219944,113,7,Wet,2020,2020-07,"{""type"":""MultiPoint"",""coordinates"":[]}"
VHI_M_2020-07_00000000000000000071,0.5972108023368505,3.1155002917807604,114,7,Wet,2020,2020-07,"{""type"":""MultiPoint"",""coordinates"":[]}"
VHI_M_2020-07_000000000000000001b0,56.04561385023285,3.251568458604995,433,7,Wet,2020,2020-07,"{""type"":""MultiPoint"",""coordinates"":[]}"
VHI_M_2020-07_000000000000000001b1,7.6316117083999275,3.3482440913339566,434,7,Wet,2020,2020-07,"{""type"":""MultiPoint"",""coordinates"":[]}"
VHI_M_2020-07_000000000000000001b2,91.00877866350058,3.4969704170131872,435,7,Wet,2020,2020-07,"{""type"":""MultiPoint"",""coordinates"":[]}"
VHI_M_2020-07_000000000000000001cd,1.6414710337159615,4.51474287397082,462,7,Wet,2020,2020-07,"{""type"":""MultiPoint"",""coordinates"":[]}"
VHI_M_2020-07_000000000000000001ce,0.7111256242092462,3.8927495374856838,463,7,Wet,2020,2020-07,"{""type"":""MultiPoint"",""coordinates"":[]}"
VHI_M_2020-07_000000000000000001cf,22.544093738028685,4.298370149747664,464,7,Wet,2020,2020-07,"{""type"":""MultiPoint"",""coordinates"":[]}"
VHI_M_2020-07_0000000000000000001c,0.6063958500246517,3.1475089323208896,29,7,Wet,2020,2020-07,"{""type"":""MultiPoint"",""coordinates"":[]}"
VHI_M_2020-07_0000000000000000001d,0.6542614676500779,3.488097759674135,30,7,Wet,2020,2020-07,"{""type"":""MultiPoint"",""coordinates"":[]}"
VHI_M_2020-07_0000000000000000001e,0.5714462289093043,3.022738572309976,31,7,Wet,2020,2020-07,"{""type"":""MultiPoint"",""coordinates"":[]}"
VHI_M_2020-07_00000000000000000026,0.5934161480629082,3.044795783926219,39,7,Wet,2020,2020-07,"{""type"":""MultiPoint"",""coordinates"":[]}"
VHI_M_2020-07_000000000000000000f9,0.6066439796519596,3.1241244227676,250,7,Wet,2020,2020-07,"{""type"":""MultiPoint"",""coordinates"":[]}"
VHI_M_2020-07_000000000000000000fa,0.6064283384013273,3.145525662190096,251,7,Wet,2020,2020-07,"{""type"":""MultiPoint"",""coordinates"":[]}"
VHI_M_2020-07_000000000000000000fb,0.6143763763464052,3.130048500688482,252,7,Wet,2020,2020-07,"{""type"":""MultiPoint"",""coordinates"":[]}"
VHI_M_2020-07_000000000000000000fc,0.5740690292633317,3.0062660944206008,253,7,Wet,2020,2020-07,"{""type"":""MultiPoint"",""coordinates"":[]}"
VHI_M_2020-07_00000000000000000163,0.5813490241351973,2.999171406358689,356,7,Wet,2020,2020-07,"{""type"":""MultiPoint"",""coordinates"":[]}"
VHI_M_2020-07_00000000000000000164,0.5921435734827977,3.106493284831935,357,7,Wet,2020,2020-07,"{""type"":""MultiPoint"",""coordinates"":[]}"
VHI_M_2020-07_00000000000000000165,0.6596168392778584,3.553820552430827,358,7,Wet,2020,2020-07,"{""type"":""MultiPoint"",""coordinates"":[]}"
VHI_M_2020-07_00000000000000000166,0.5676378331943646,2.922601739572091,359,7,Wet,2020,2020-07,"{""type"":""MultiPoint"",""coordinates"":[]}"
VHI_M_2020-07_00000000000000000149,0.7249993283174556,4.057083467840353,330,7,Wet,2020,2020-07,"{""type"":""MultiPoint"",""coordinates"":[]}"
VHI_M_2020-07_0000000000000000014a,0.6638130385708961,3.602679717312068,331,7,Wet,2020,2020-07,"{""type"":""MultiPoint"",""coordinates"":[]}"
VHI_M_2020-07_0000000000000000014b,0.6203688979154808,3.2517632994620467,332,7,Wet,2020,2020-07,"{""type"":""MultiPoint"",""coordinates"":[]}"
VHI_M_2020-07_0000000000000000014c,0.6973759204338242,3.8462816826736805,333,7,Wet,2020,2020-07,"{""type"":""MultiPoint"",""coordinates"":[]}"
VHI_M_2020-07_0000000000000000014d,0.5782425679384833,2.9896266036306898,334,7,Wet,2020,2020-07,"{""type"":""MultiPoint"",""coordinates"":[]}"
VHI_M_2020-07_0000000000000000014e,0.650225972282628,3.531038661980366,335,7,Wet,2020,2020-07,"{""type"":""MultiPoint"",""coordinates"":[]}"
VHI_M_2020-07_00000000000000000158,0.6005889342910282,3.1156149104784263,345,7,Wet,2020,2020-07,"{""type"":""MultiPoint"",""coordinates"":[]}"
VHI_M_2020-07_00000000000000000159,0.8180612157782312,4.565566891921734,346,7,Wet,2020,2020-07,"{""type"":""MultiPoint"",""coordinates"":[]}"
VHI_M_2020-07_0000000000000000015a,0.6476111409470818,3.4513897102306332,347,7,Wet,2020,2020-07,"{""type"":""MultiPoint"",""coordinates"":[]}"
VHI_M_2020-07_0000000000000000015b,0.6522363399647507,3.5139805031813687,348,7,Wet,2020,2020-07,"{""type"":""MultiPoint"",""coordinates"":[]}"
VHI_M_2020-07_0000000000000000015c,0.5982215079786115,3.2141888608910816,349,7,Wet,2020,2020-07,"{""type"":""MultiPoint"",""coordinates"":[]}"
VHI_M_2020-07_0000000000000000015d,0.6732703683657909,3.6096283952978028,350,7,Wet,2020,2020-07,"{""type"":""MultiPoint"",""coordinates"":[]}"
VHI_M_2020-07_00000000000000000008,0.7966790885860094,4.5834731957745065,9,7,Wet,2020,2020-07,"{""type"":""MultiPoint"",""coordinates"":[]}"
VHI_M_2020-07_000000000000000000c2,0.808203215860201,4.601249132546844,195,7,Wet,2020,2020-07,"{""type"":""MultiPoint"",""coordinates"":[]}"
VHI_M_2020-07_000000000000000000c3,0.837876935343623,4.668840141245745,196,7,Wet,2020,2020-07,"{""type"":""MultiPoint"",""coordinates"":[]}"
VHI_M_2020-07_000000000000000000c4,0.8536302440141326,4.813130307855626,197,7,Wet,2020,2020-07,"{""type"":""MultiPoint"",""coordinates"":[]}"
VHI_M_2020-07_000000000000000000c5,0.8182974712149526,4.581103276648691,198,7,Wet,2020,2020-07,"{""type"":""MultiPoint"",""coordinates"":[]}"
VHI_M_2020-07_000000000000000000c6,0.9052708943463035,4.9567354324419055,199,7,Wet,2020,2020-07,"{""type"":""MultiPoint"",""coordinates"":[]}"
VHI_M_2020-07_000000000000000000c7,0.8106815506310632,4.634184282896748,200,7,Wet,2020,2020-07,"{""type"":""MultiPoint"",""coordinates"":[]}"
VHI_M_2020-07_000000000000000000c8,0.7921832689985033,4.470747283308444,201,7,Wet,2020,2020-07,"{""type"":""MultiPoint"",""coordinates"":[]}"
VHI_M_2020-07_000000000000000000c9,0.7921677527603205,4.428650494742096,202,7,Wet,2020,2020-07,"{""type"":""MultiPoint"",""coordinates"":[]}"
VHI_M_2020-07_00000000000000000136,0.8030149019213321,4.478402750973716,311,7,Wet,2020,2020-07,"{""type"":""MultiPoint"",""coordinates"":[]}"
VHI_M_2020-07_00000000000000000137,0.7828931260156458,4.374422459704439,312,7,Wet,2020,2020-07,"{""type"":""MultiPoint"",""coordinates"":[]}"
VHI_M_2020-07_00000000000000000138,0.7345012030335462,4.067580689012313,313,7,Wet,2020,2020-07,"{""type"":""MultiPoint"",""coordinates"":[]}"
VHI_M_2020-07_00000000000000000139,0.7253623697034632,3.9831770865853775,314,7,Wet,2020,2020-07,"{""type"":""MultiPoint"",""coordinates"":[]}"
VHI_M_2020-07_0000000000000000013a,0.8292131126034188,4.677455686019292,315,7,Wet,2020,2020-07,"{""type"":""MultiPoint"",""coordinates"":[]}"
VHI_M_2020-07_000000000000000001ef,0.7521369892470069,4.178135189689973,496,7,Wet,2020,2020-07,"{""type"":""MultiPoint"",""coordinates"":[]}"
VHI_M_2020-07_000000000000000001f0,0.7601937934033625,4.216001956267946,497,7,Wet,2020,2020-07,"{""type"":""MultiPoint"",""coordinates"":[]}"
VHI_M_2020-07_00000000000000000081,0.43755513260421597,2.1586109807602067,130,7,Wet,2020,2020-07,"{""type"":""MultiPoint"",""coordinates"":[]}"
VHI_M_2020-07_000000000000000000a0,0.49886304013728233,2.4450233560905503,161,7,Wet,2020,2020-07,"{""type"":""MultiPoint"",""coordinates"":[]}"
VHI_M_2020-07_000000000000000000a1,32.06197787490578,3.1472094214029704,162,7,Wet,2020,2020-07,"{""type"":""MultiPoint"",""coordinates"":[]}"
VHI_M_2020-07_000000000000000000a2,8.708669945267914,3.029441420246195,163,7,Wet,2020,2020-07,"{""type"":""MultiPoint"",""coordinates"":[]}"
VHI_M_2020-07_000000000000000000a3,5.536244542959435,2.5240408784230706,164,7,Wet,2020,2020-07,"{""type"":""MultiPoint"",""coordinates"":[]}"
VHI_M_2020-07_000000000000000000a4,78.00465650044684,3.5259181927588554,165,7,Wet,2020,2020-07,"{""type"":""MultiPoint"",""coordinates"":[]}"
VHI_M_2020-07_0000000000000000014f,0.49435581625351954,2.527461733649832,336,7,Wet,2020,2020-07,"{""type"":""MultiPoint"",""coordinates"":[]}"
VHI_M_2020-07_00000000000000000150,0.5912105718736045,3.09823301367068,337,7,Wet,2020,2020-07,"{""type"":""MultiPoint"",""coordinates"":[]}"
VHI_M_2020-07_00000000000000000151,2.285149690217289,3.4739254221202893,338,7,Wet,2020,2020-07,"{""type"":""MultiPoint"",""coordinates"":[]}"
VHI_M_2020-07_00000000000000000152,0.5678869079869712,2.9638226667947167,339,7,Wet,2020,2020-07,"{""type"":""MultiPoint"",""coordinates"":[]}"
VHI_M_2020-07_00000000000000000153,0.5228523170694991,2.712958350767431,340,7,Wet,2020,2020-07,"{""type"":""MultiPoint"",""coordinates"":[]}"
VHI_M_2020-07_00000000000000000171,0.6653375768693266,3.590727022859824,370,7,Wet,2020,2020-07,"{""type"":""MultiPoint"",""coordinates"":[]}"
VHI_M_2020-07_00000000000000000172,0.5567728864685976,2.8939625296401483,371,7,Wet,2020,2020-07,"{""type"":""MultiPoint"",""coordinates"":[]}"
VHI_M_2020-07_00000000000000000173,0.606396828407026,3.203468300055685,372,7,Wet,2020,2020-07,"{""type"":""MultiPoint"",""coordinates"":[]}"
VHI_M_2020-07_000000000000000001f1,0.5899400798569543,3.138700036910473,498,7,Wet,2020,2020-07,"{""type"":""MultiPoint"",""coordinates"":[]}"
VHI_M_2020-07_000000000000000001f2,0.5081272258909337,2.5814876136328126,499,7,Wet,2020,2020-07,"{""type"":""MultiPoint"",""coordinates"":[]}"
VHI_M_2020-07_000000000000000001f3,0.5334819034209524,2.7265476642613007,500,7,Wet,2020,2020-07,"{""type"":""MultiPoint"",""coordinates"":[]}"
VHI_M_2020-07_00000000000000000092,0.553639658822629,2.8230436894444852,147,7,Wet,2020,2020-07,"{""type"":""MultiPoint"",""coordinates"":[]}"
VHI_M_2020-07_00000000000000000093,0.5663582181405522,2.9722509298508375,148,7,Wet,2020,2020-07,"{""type"":""MultiPoint"",""coordinates"":[]}"
VHI_M_2020-07_00000000000000000094,0.7375982687251743,2.8919899064803447,149,7,Wet,2020,2020-07,"{""type"":""MultiPoint"",""coordinates"":[]}"
VHI_M_2020-07_00000000000000000095,13.067790476862758,3.2720458369838834,150,7,Wet,2020,2020-07,"{""type"":""MultiPoint"",""coordinates"":[]}"
VHI_M_2020-07_00000000000000000096,0.6100338808712793,3.271024890040921,151,7,Wet,2020,2020-07,"{""type"":""MultiPoint"",""coordinates"":[]}"
VHI_M_2020-07_00000000000000000097,0.5058940888359185,2.4678998911860717,152,7,Wet,2020,2020-07,"{""type"":""MultiPoint"",""coordinates"":[]}"
VHI_M_2020-07_00000000000000000098,0.5808819025376086,3.139300847457627,153,7,Wet,2020,2020-07,"{""type"":""MultiPoint"",""coordinates"":[]}"
VHI_M_2020-07_000000000000000000a9,0.6312844164110367,3.399411393735548,170,7,Wet,2020,2020-07,"{""type"":""MultiPoint"",""coordinates"":[]}"
VHI_M_2020-07_0000000000000000017c,61.898983404517075,4.063917078477475,381,7,Wet,2020,2020-07,"{""type"":""MultiPoint"",""coordinates"":[]}"
VHI_M_2020-07_0000000000000000017d,39.025202370367126,3.807749643347563,382,7,Wet,2020,2020-07,"{""type"":""MultiPoint"",""coordinates"":[]}"
VHI_M_2020-07_0000000000000000017e,11.733265357643843,3.50198143134747,383,7,Wet,2020,2020-07,"{""type"":""MultiPoint"",""coordinates"":[]}"
VHI_M_2020-07_000000000000000001ee,0.4950508635976438,2.4730089007051204,495,7,Wet,2020,2020-07,"{""type"":""MultiPoint"",""coordinates"":[]}"
VHI_M_2020-07_0000000000000000020d,0.4944773947204,2.404424076848507,526,7,Wet,2020,2020-07,"{""type"":""MultiPoint"",""coordinates"":[]}"
VHI_M_2020-07_0000000000000000020e,3.9738675123496776,4.079895687480215,527,7,Wet,2020,2020-07,"{""type"":""MultiPoint"",""coordinates"":[]}"
VHI_M_2020-07_0000000000000000020f,0.5707840854055226,2.9604807593271874,528,7,Wet,2020,2020-07,"{""type"":""MultiPoint"",""coordinates"":[]}"
VHI_M_2020-07_00000000000000000210,0.7658255359829406,4.177759772341014,529,7,Wet,2020,2020-07,"{""type"":""MultiPoint"",""coordinates"":[]}"
VHI_M_2020-07_00000000000000000211,11.890907488940487,3.0038339340541977,530,7,Wet,2020,2020-07,"{""type"":""MultiPoint"",""coordinates"":[]}"
VHI_M_2020-07_00000000000000000058,0.7384794485485503,4.096038018018453,89,7,Wet,2020,2020-07,"{""type"":""MultiPoint"",""coordinates"":[]}"
VHI_M_2020-07_00000000000000000059,0.711087495977546,3.889214111072298,90,7,Wet,2020,2020-07,"{""type"":""MultiPoint"",""coordinates"":[]}"
VHI_M_2020-07_0000000000000000018b,0.7888740242112773,4.449759766033005,396,7,Wet,2020,2020-07,"{""type"":""MultiPoint"",""coordinates"":[]}"
VHI_M_2020-07_0000000000000000018c,0.8211384235994951,4.61750154233249,397,7,Wet,2020,2020-07,"{""type"":""MultiPoint"",""coordinates"":[]}"
VHI_M_2020-07_0000000000000000018d,0.6919170238133987,3.769311473897803,398,7,Wet,2020,2020-07,"{""type"":""MultiPoint"",""coordinates"":[]}"
VHI_M_2020-07_0000000000000000018e,0.6087439131981826,3.197995074404246,399,7,Wet,2020,2020-07,"{""type"":""MultiPoint"",""coordinates"":[]}"
VHI_M_2020-07_00000000000000000036,0.6758421099080593,3.7753229095853147,55,7,Wet,2020,2020-07,"{""type"":""MultiPoint"",""coordinates"":[]}"
VHI_M_2020-07_000000000000000000db,0.6242853977223652,3.267010806779462,220,7,Wet,2020,2020-07,"{""type"":""MultiPoint"",""coordinates"":[]}"
VHI_M_2020-07_000000000000000000dc,0.6953138024099087,3.8125620424924143,221,7,Wet,2020,2020-07,"{""type"":""MultiPoint"",""coordinates"":[]}"
VHI_M_2020-07_000000000000000000dd,0.6497454791302232,3.4607658141492705,222,7,Wet,2020,2020-07,"{""type"":""MultiPoint"",""coordinates"":[]}"
VHI_M_2020-07_00000000000000000102,0.7241076664852502,3.9861899043438638,259,7,Wet,2020,2020-07,"{""type"":""MultiPoint"",""coordinates"":[]}"
VHI_M_2020-07_00000000000000000103,0.5762229635909307,3.0469101029406835,260,7,Wet,2020,2020-07,"{""type"":""MultiPoint"",""coordinates"":[]}"
VHI_M_2020-07_00000000000000000104,0.5764625969587306,3.0018848437903434,261,7,Wet,2020,2020-07,"{""type"":""MultiPoint"",""coordinates"":[]}"
VHI_M_2020-07_00000000000000000105,0.699933333891452,3.8063115415657767,262,7,Wet,2020,2020-07,"{""type"":""MultiPoint"",""coordinates"":[]}"
VHI_M_2020-07_0000000000000000000a,0.6930013703965927,3.7829968410932553,11,7,Wet,2020,2020-07,"{""type"":""MultiPoint"",""coordinates"":[]}"
VHI_M_2020-07_000000000000000000b1,0.6917206711416501,3.7789400546406156,178,7,Wet,2020,2020-07,"{""type"":""MultiPoint"",""coordinates"":[]}"
VHI_M_2020-07_000000000000000000b2,0.7131621378316386,3.910072938786815,179,7,Wet,2020,2020-07,"{""type"":""MultiPoint"",""coordinates"":[]}"
VHI_M_2020-07_000000000000000000b3,0.6753195475744527,3.632147717073453,180,7,Wet,2020,2020-07,"{""type"":""MultiPoint"",""coordinates"":[]}"
VHI_M_2020-07_000000000000000000ca,0.6427039846725506,3.3686596326690097,203,7,Wet,2020,2020-07,"{""type"":""MultiPoint"",""coordinates"":[]}"
VHI_M_2020-07_000000000000000000d2,0.6690225452292834,3.6136075293084287,211,7,Wet,2020,2020-07,"{""type"":""MultiPoint"",""coordinates"":[]}"
VHI_M_2020-07_000000000000000000d3,0.5827684137657623,3.0855465224673817,212,7,Wet,2020,2020-07,"{""type"":""MultiPoint"",""coordinates"":[]}"
VHI_M_2020-07_000000000000000000d4,0.5953866721845195,3.149450976581479,213,7,Wet,2020,2020-07,"{""type"":""MultiPoint"",""coordinates"":[]}"
VHI_M_2020-07_000000000000000000d5,0.6726992889675932,3.6463893130029432,214,7,Wet,2020,2020-07,"{""type"":""MultiPoint"",""coordinates"":[]}"
VHI_M_2020-07_000000000000000000bc,0.7067460224355572,3.863066430494147,189,7,Wet,2020,2020-07,"{""type"":""MultiPoint"",""coordinates"":[]}"
VHI_M_2020-07_000000000000000000bd,0.6650599086208838,3.6052657064716316,190,7,Wet,2020,2020-07,"{""type"":""MultiPoint"",""coordinates"":[]}"
VHI_M_2020-07_000000000000000000be,0.6109646921721539,3.2486546992850114,191,7,Wet,2020,2020-07,"{""type"":""MultiPoint"",""coordinates"":[]}"
VHI_M_2020-07_000000000000000000f1,0.7402579432847546,4.216780045351473,242,7,Wet,2020,2020-07,"{""type"":""MultiPoint"",""coordinates"":[]}"
VHI_M_2020-07_00000000000000000100,0.5796150929368724,3.038031167725904,257,7,Wet,2020,2020-07,"{""type"":""MultiPoint"",""coordinates"":[]}"
VHI_M_2020-07_00000000000000000101,0.7295912922908077,4.0389641581994535,258,7,Wet,2020,2020-07,"{""type"":""MultiPoint"",""coordinates"":[]}"
VHI_M_2020-07_0000000000000000012f,0.6946381202731409,3.7681327959827926,304,7,Wet,2020,2020-07,"{""type"":""MultiPoint"",""coordinates"":[]}"
VHI_M_2020-07_00000000000000000130,0.6117110948763946,3.221301122694466,305,7,Wet,2020,2020-07,"{""type"":""MultiPoint"",""coordinates"":[]}"
VHI_M_2020-07_00000000000000000131,0.5809018328936387,3.0433419268286777,306,7,Wet,2020,2020-07,"{""type"":""MultiPoint"",""coordinates"":[]}"
VHI_M_2020-07_00000000000000000065,0.7577156180888018,4.231532961897006,102,7,Wet,2020,2020-07,"{""type"":""MultiPoint"",""coordinates"":[]}"
VHI_M_2020-07_00000000000000000066,0.8111756388703959,4.5414610047805635,103,7,Wet,2020,2020-07,"{""type"":""MultiPoint"",""coordinates"":[]}"
VHI_M_2020-07_00000000000000000067,0.6624393533039472,3.5836561728669376,104,7,Wet,2020,2020-07,"{""type"":""MultiPoint"",""coordinates"":[]}"
VHI_M_2020-07_00000000000000000068,0.7030680461393437,3.850430349486341,105,7,Wet,2020,2020-07,"{""type"":""MultiPoint"",""coordinates"":[]}"
VHI_M_2020-07_00000000000000000109,0.6063929090788682,3.2124533659084142,266,7,Wet,2020,2020-07,"{""type"":""MultiPoint"",""coordinates"":[]}"
VHI_M_2020-07_000000000000000001c1,0.7168835143795625,3.9247746459478625,450,7,Wet,2020,2020-07,"{""type"":""MultiPoint"",""coordinates"":[]}"
VHI_M_2020-07_000000000000000001c2,0.6019534695599881,3.169226767720831,451,7,Wet,2020,2020-07,"{""type"":""MultiPoint"",""coordinates"":[]}"
VHI_M_2020-07_00000000000000000113,0.6464307350139817,3.4073666849917537,276,7,Wet,2020,2020-07,"{""type"":""MultiPoint"",""coordinates"":[]}"
VHI_M_2020-07_00000000000000000114,0.665603139047419,3.53863613638636,277,7,Wet,2020,2020-07,"{""type"":""MultiPoint"",""coordinates"":[]}"
VHI_M_2020-07_00000000000000000115,0.6183098589832939,3.3328300286562436,278,7,Wet,2020,2020-07,"{""type"":""MultiPoint"",""coordinates"":[]}"
VHI_M_2020-07_00000000000000000116,0.732712180354216,4.079111673120998,279,7,Wet,2020,2020-07,"{""type"":""MultiPoint"",""coordinates"":[]}"
VHI_M_2020-07_00000000000000000117,0.6096836426029506,3.216895298577112,280,7,Wet,2020,2020-07,"{""type"":""MultiPoint"",""coordinates"":[]}"
VHI_M_2020-07_00000000000000000167,0.7108319582053458,3.880086007277539,360,7,Wet,2020,2020-07,"{""type"":""MultiPoint"",""coordinates"":[]}"
VHI_M_2020-07_00000000000000000168,0.6584204124331265,3.5970832285642436,361,7,Wet,2020,2020-07,"{""type"":""MultiPoint"",""coordinates"":[]}"
VHI_M_2020-07_00000000000000000169,0.6950060142374216,3.8088549874011313,362,7,Wet,2020,2020-07,"{""type"":""MultiPoint"",""coordinates"":[]}"
VHI_M_2020-07_0000000000000000016a,0.7199593400946254,3.9400730933998087,363,7,Wet,2020,2020-07,"{""type"":""MultiPoint"",""coordinates"":[]}"
VHI_M_2020-07_0000000000000000016b,0.7749823748018518,4.272245892594407,364,7,Wet,2020,2020-07,"{""type"":""MultiPoint"",""coordinates"":[]}"
VHI_M_2020-07_0000000000000000016c,0.666399747944255,3.573208612465598,365,7,Wet,2020,2020-07,"{""type"":""MultiPoint"",""coordinates"":[]}"
VHI_M_2020-07_0000000000000000016d,0.6048194279420795,3.1725338905856515,366,7,Wet,2020,2020-07,"{""type"":""MultiPoint"",""coordinates"":[]}"
VHI_M_2020-07_000000000000000000cb,0.715877178298281,3.992246818522085,204,7,Wet,2020,2020-07,"{""type"":""MultiPoint"",""coordinates"":[]}"
VHI_M_2020-07_000000000000000000eb,15.435921688077359,3.1927408752693696,236,7,Wet,2020,2020-07,"{""type"":""MultiPoint"",""coordinates"":[]}"
VHI_M_2020-07_000000000000000000ec,0.6353913754489501,3.42930626408547,237,7,Wet,2020,2020-07,"{""type"":""MultiPoint"",""coordinates"":[]}"
VHI_M_2020-07_000000000000000000ed,0.5739780338828544,2.991239138539189,238,7,Wet,2020,2020-07,"{""type"":""MultiPoint"",""coordinates"":[]}"
VHI_M_2020-07_000000000000000000ee,0.695558189892275,3.815593220338984,239,7,Wet,2020,2020-07,"{""type"":""MultiPoint"",""coordinates"":[]}"
VHI_M_2020-07_000000000000000000ef,0.7155872096841299,3.9295002439934534,240,7,Wet,2020,2020-07,"{""type"":""MultiPoint"",""coordinates"":[]}"
VHI_M_2020-07_00000000000000000146,0.5824187449146206,3.050780003869948,327,7,Wet,2020,2020-07,"{""type"":""MultiPoint"",""coordinates"":[]}"
VHI_M_2020-07_00000000000000000147,8.475829580479102,2.586077009369419,328,7,Wet,2020,2020-07,"{""type"":""MultiPoint"",""coordinates"":[]}"
VHI_M_2020-07_00000000000000000148,0.6285264082680816,3.3825866753198834,329,7,Wet,2020,2020-07,"{""type"":""MultiPoint"",""coordinates"":[]}"
VHI_M_2020-07_0000000000000000015e,0.6531865605322416,3.46769325254462,351,7,Wet,2020,2020-07,"{""type"":""MultiPoint"",""coordinates"":[]}"
VHI_M_2020-07_0000000000000000015f,0.6422632388342971,3.3387729235156667,352,7,Wet,2020,2020-07,"{""type"":""MultiPoint"",""coordinates"":[]}"
VHI_M_2020-07_00000000000000000160,0.6840807949502936,3.772616031013796,353,7,Wet,2020,2020-07,"{""type"":""MultiPoint"",""coordinates"":[]}"
VHI_M_2020-07_00000000000000000161,0.6772243284058048,3.6343403074295466,354,7,Wet,2020,2020-07,"{""type"":""MultiPoint"",""coordinates"":[]}"
VHI_M_2020-07_00000000000000000162,4.5938796725671045,3.56042611084555,355,7,Wet,2020,2020-07,"{""type"":""MultiPoint"",""coordinates"":[]}"
VHI_M_2020-07_00000000000000000010,0.7301176915083063,4.074354529696196,17,7,Wet,2020,2020-07,"{""type"":""MultiPoint"",""coordinates"":[]}"
VHI_M_2020-07_00000000000000000121,0.7757324675237699,4.311104866809035,290,7,Wet,2020,2020-07,"{""type"":""MultiPoint"",""coordinates"":[]}"
VHI_M_2020-07_00000000000000000122,0.8337081262685713,3.9006976448882877,291,7,Wet,2020,2020-07,"{""type"":""MultiPoint"",""coordinates"":[]}"
VHI_M_2020-07_00000000000000000123,0.8012016118534947,4.4092550313295185,292,7,Wet,2020,2020-07,"{""type"":""MultiPoint"",""coordinates"":[]}"
VHI_M_2020-07_0000000000000000019a,0.7421285604787101,4.086056680966657,411,7,Wet,2020,2020-07,"{""type"":""MultiPoint"",""coordinates"":[]}"
VHI_M_2020-07_0000000000000000019b,0.7894891286033873,4.3694320321501845,412,7,Wet,2020,2020-07,"{""type"":""MultiPoint"",""coordinates"":[]}"
VHI_M_2020-07_0000000000000000019c,0.8020491530509809,4.478799171121599,413,7,Wet,2020,2020-07,"{""type"":""MultiPoint"",""coordinates"":[]}"
VHI_M_2020-07_0000000000000000019d,0.7727495160010337,4.342545881169864,414,7,Wet,2020,2020-07,"{""type"":""MultiPoint"",""coordinates"":[]}"
VHI_M_2020-07_0000000000000000019e,4.417041784448571,4.320776738689583,415,7,Wet,2020,2020-07,"{""type"":""MultiPoint"",""coordinates"":[]}"
VHI_M_2020-07_0000000000000000019f,0.7812664374032973,4.338722860990667,416,7,Wet,2020,2020-07,"{""type"":""MultiPoint"",""coordinates"":[]}"
VHI_M_2020-07_00000000000000000216,0.7294446188954687,3.7452570131344247,535,7,Wet,2020,2020-07,"{""type"":""MultiPoint"",""coordinates"":[]}"
VHI_M_2020-07_00000000000000000217,0.927677093118228,4.624494019539216,536,7,Wet,2020,2020-07,"{""type"":""MultiPoint"",""coordinates"":[]}"
VHI_M_2020-07_00000000000000000218,0.8144540433217186,4.641306755260243,537,7,Wet,2020,2020-07,"{""type"":""MultiPoint"",""coordinates"":[]}"
VHI_M_2020-07_00000000000000000219,0.8729531012852639,4.787719906121085,538,7,Wet,2020,2020-07,"{""type"":""MultiPoint"",""coordinates"":[]}"
VHI_M_2020-07_0000000000000000021a,8.672740311229909,4.477527793877445,539,7,Wet,2020,2020-07,"{""type"":""MultiPoint"",""coordinates"":[]}"
VHI_M_2020-07_00000000000000000004,0.8744476873910104,4.541177810684587,5,7,Wet,2020,2020-07,"{""type"":""MultiPoint"",""coordinates"":[]}"
VHI_M_2020-07_00000000000000000028,0.7281557415719533,3.9889414231195492,41,7,Wet,2020,2020-07,"{""type"":""MultiPoint"",""coordinates"":[]}"
VHI_M_2020-07_00000000000000000029,0.71040909664268,3.8960600886640933,42,7,Wet,2020,2020-07,"{""type"":""MultiPoint"",""coordinates"":[]}"
VHI_M_2020-07_0000000000000000002a,0.6254886286702998,3.3136719549387523,43,7,Wet,2020,2020-07,"{""type"":""MultiPoint"",""coordinates"":[]}"
VHI_M_2020-07_0000000000000000002b,0.7123922841464241,3.903272598863759,44,7,Wet,2020,2020-07,"{""type"":""MultiPoint"",""coordinates"":[]}"
VHI_M_2020-07_000000000000000000a7,0.7100962684630563,3.883801902584411,168,7,Wet,2020,2020-07,"{""type"":""MultiPoint"",""coordinates"":[]}"
VHI_M_2020-07_000000000000000000a8,0.7051147569417433,3.8109457881162085,169,7,Wet,2020,2020-07,"{""type"":""MultiPoint"",""coordinates"":[]}"
VHI_M_2020-07_0000000000000000000c,0.5847209576572578,3.066269444191759,13,7,Wet,2020,2020-07,"{""type"":""MultiPoint"",""coordinates"":[]}"
VHI_M_2020-07_00000000000000000060,0.7367046345012253,4.058003705792315,97,7,Wet,2020,2020-07,"{""type"":""MultiPoint"",""coordinates"":[]}"
VHI_M_2020-07_00000000000000000061,0.6182583348052277,3.2975631535659726,98,7,Wet,2020,2020-07,"{""type"":""MultiPoint"",""coordinates"":[]}"
VHI_M_2020-07_00000000000000000062,0.4749771515896526,2.3906304507459755,99,7,Wet,2020,2020-07,"{""type"":""MultiPoint"",""coordinates"":[]}"
VHI_M_2020-07_00000000000000000063,0.6357811490223994,3.3715293559272967,100,7,Wet,2020,2020-07,"{""type"":""MultiPoint"",""coordinates"":[]}"
VHI_M_2020-07_00000000000000000064,0.5350308301549773,2.7448947298571094,101,7,Wet,2020,2020-07,"{""type"":""MultiPoint"",""coordinates"":[]}"
VHI_M_2020-07_00000000000000000011,0.6188914617657376,3.2765806809087,18,7,Wet,2020,2020-07,"{""type"":""MultiPoint"",""coordinates"":[]}"
VHI_M_2020-07_00000000000000000033,0.5592677161715076,2.9132102152765644,52,7,Wet,2020,2020-07,"{""type"":""MultiPoint"",""coordinates"":[]}"
VHI_M_2020-07_00000000000000000034,0.5428516280653197,2.8029359905712523,53,7,Wet,2020,2020-07,"{""type"":""MultiPoint"",""coordinates"":[]}"
VHI_M_2020-07_000000000000000001b3,0.7728093534877436,4.273562343599144,436,7,Wet,2020,2020-07,"{""type"":""MultiPoint"",""coordinates"":[]}"
VHI_M_2020-07_000000000000000001b4,0.6801606424155652,3.713307020570521,437,7,Wet,2020,2020-07,"{""type"":""MultiPoint"",""coordinates"":[]}"
VHI_M_2020-07_000000000000000001b5,0.7349907580953042,4.060591209619944,438,7,Wet,2020,2020-07,"{""type"":""MultiPoint"",""coordinates"":[]}"
VHI_M_2020-07_00000000000000000005,0.8287160980032131,4.419732897247207,6,7,Wet,2020,2020-07,"{""type"":""MultiPoint"",""coordinates"":[]}"
VHI_M_2020-07_00000000000000000082,0.6963931030291683,3.7427642949295303,131,7,Wet,2020,2020-07,"{""type"":""MultiPoint"",""coordinates"":[]}"
VHI_M_2020-07_00000000000000000083,0.6685061467532705,3.6254483614648625,132,7,Wet,2020,2020-07,"{""type"":""MultiPoint"",""coordinates"":[]}"
VHI_M_2020-07_00000000000000000084,0.7007524906522702,3.8425536820263444,133,7,Wet,2020,2020-07,"{""type"":""MultiPoint"",""coordinates"":[]}"
VHI_M_2020-07_00000000000000000085,0.742951567878097,4.226073975783712,134,7,Wet,2020,2020-07,"{""type"":""MultiPoint"",""coordinates"":[]}"
VHI_M_2020-07_00000000000000000086,0.6388756684771385,3.4007122526460596,135,7,Wet,2020,2020-07,"{""type"":""MultiPoint"",""coordinates"":[]}"
VHI_M_2020-07_00000000000000000087,0.5745443400999762,3.0635719771311534,136,7,Wet,2020,2020-07,"{""type"":""MultiPoint"",""coordinates"":[]}"
VHI_M_2020-07_0000000000000000010c,0.6863906799655763,3.7308107803065105,269,7,Wet,2020,2020-07,"{""type"":""MultiPoint"",""coordinates"":[]}"
VHI_M_2020-07_0000000000000000010d,0.6186715792951915,3.308005594770145,270,7,Wet,2020,2020-07,"{""type"":""MultiPoint"",""coordinates"":[]}"
VHI_M_2020-07_0000000000000000010e,0.702476354569494,3.852604777108677,271,7,Wet,2020,2020-07,"{""type"":""MultiPoint"",""coordinates"":[]}"
VHI_M_2020-07_0000000000000000010f,0.7042357429227253,3.845736410310121,272,7,Wet,2020,2020-07,"{""type"":""MultiPoint"",""coordinates"":[]}"
VHI_M_2020-07_00000000000000000110,0.6256456137127804,3.2975655557988888,273,7,Wet,2020,2020-07,"{""type"":""MultiPoint"",""coordinates"":[]}"
VHI_M_2020-07_00000000000000000111,0.621718560429969,3.307074963739464,274,7,Wet,2020,2020-07,"{""type"":""MultiPoint"",""coordinates"":[]}"
VHI_M_2020-07_000000000000000001d0,0.6324970674504816,3.398659031257458,465,7,Wet,2020,2020-07,"{""type"":""MultiPoint"",""coordinates"":[]}"
VHI_M_2020-07_000000000000000001d1,0.6901419337186402,3.749605698736503,466,7,Wet,2020,2020-07,"{""type"":""MultiPoint"",""coordinates"":[]}"
VHI_M_2020-07_00000000000000000009,0.501260287016782,2.466764479148534,10,7,Wet,2020,2020-07,"{""type"":""MultiPoint"",""coordinates"":[]}"
VHI_M_2020-07_0000000000000000009e,0.6567016044805671,3.537049526575385,159,7,Wet,2020,2020-07,"{""type"":""MultiPoint"",""coordinates"":[]}"
VHI_M_2020-07_0000000000000000009f,0.7082261119948384,3.8673616590180164,160,7,Wet,2020,2020-07,"{""type"":""MultiPoint"",""coordinates"":[]}"
VHI_M_2020-07_00000000000000000154,0.7956998430788914,4.395225304164216,341,7,Wet,2020,2020-07,"{""type"":""MultiPoint"",""coordinates"":[]}"
VHI_M_2020-07_00000000000000000155,0.6075534848937068,3.228309000023502,342,7,Wet,2020,2020-07,"{""type"":""MultiPoint"",""coordinates"":[]}"
VHI_M_2020-07_00000000000000000156,0.7494308682068335,4.138452824647401,343,7,Wet,2020,2020-07,"{""type"":""MultiPoint"",""coordinates"":[]}"
VHI_M_2020-07_00000000000000000157,0.6079363796912105,3.205536625199105,344,7,Wet,2020,2020-07,"{""type"":""MultiPoint"",""coordinates"":[]}"
VHI_M_2020-07_00000000000000000178,0.6325346715311227,3.3659097450689712,377,7,Wet,2020,2020-07,"{""type"":""MultiPoint"",""coordinates"":[]}"
VHI_M_2020-07_00000000000000000179,0.5907428006545681,3.1071394762866733,378,7,Wet,2020,2020-07,"{""type"":""MultiPoint"",""coordinates"":[]}"
VHI_M_2020-07_0000000000000000017a,0.5512451731766425,2.86210554032955,379,7,Wet,2020,2020-07,"{""type"":""MultiPoint"",""coordinates"":[]}"
VHI_M_2020-07_0000000000000000017b,0.6381308236858212,3.351169530117988,380,7,Wet,2020,2020-07,"{""type"":""MultiPoint"",""coordinates"":[]}"
VHI_M_2020-07_0000000000000000000f,0.42299080896820584,2.123123123123124,16,7,Wet,2020,2020-07,"{""type"":""MultiPoint"",""coordinates"":[]}"
VHI_M_2020-07_00000000000000000040,0.6309299899976734,3.375218553096032,65,7,Wet,2020,2020-07,"{""type"":""MultiPoint"",""coordinates"":[]}"
VHI_M_2020-07_00000000000000000041,0.644914610148048,3.4530331077642944,66,7,Wet,2020,2020-07,"{""type"":""MultiPoint"",""coordinates"":[]}"
VHI_M_2020-07_00000000000000000042,0.5743163585713568,2.99720113399589,67,7,Wet,2020,2020-07,"{""type"":""MultiPoint"",""coordinates"":[]}"
VHI_M_2020-07_00000000000000000043,0.5811649139270134,3.043224365392262,68,7,Wet,2020,2020-07,"{""type"":""MultiPoint"",""coordinates"":[]}"
VHI_M_2020-07_00000000000000000192,0.6511206531783152,3.517831046498355,403,7,Wet,2020,2020-07,"{""type"":""MultiPoint"",""coordinates"":[]}"
VHI_M_2020-07_00000000000000000193,0.7597556831257347,4.206750818819277,404,7,Wet,2020,2020-07,"{""type"":""MultiPoint"",""coordinates"":[]}"
VHI_M_2020-07_00000000000000000194,0.7129504958874636,3.889801103353608,405,7,Wet,2020,2020-07,"{""type"":""MultiPoint"",""coordinates"":[]}"
VHI_M_2020-07_000000000000000001d2,0.6568874854005434,3.595541131050867,467,7,Wet,2020,2020-07,"{""type"":""MultiPoint"",""coordinates"":[]}"
VHI_M_2020-07_000000000000000001d3,0.6193031737491184,3.3198326299201173,468,7,Wet,2020,2020-07,"{""type"":""MultiPoint"",""coordinates"":[]}"
VHI_M_2020-07_000000000000000001d4,0.5912282747642191,3.0791524176941674,469,7,Wet,2020,2020-07,"{""type"":""MultiPoint"",""coordinates"":[]}"
VHI_M_2020-07_000000000000000001d5,0.6872949343497179,3.741866472528491,470,7,Wet,2020,2020-07,"{""type"":""MultiPoint"",""coordinates"":[]}"
VHI_M_2020-07_000000000000000001d6,0.5165998351611152,2.5922653766986548,471,7,Wet,2020,2020-07,"{""type"":""MultiPoint"",""coordinates"":[]}"
VHI_M_2020-07_000000000000000001d7,0.5984446276043195,3.1854657246042533,472,7,Wet,2020,2020-07,"{""type"":""MultiPoint"",""coordinates"":[]}"
VHI_M_2020-07_00000000000000000069,0.7960456682701783,4.461497528242951,106,7,Wet,2020,2020-07,"{""type"":""MultiPoint"",""coordinates"":[]}"
VHI_M_2020-07_0000000000000000006a,0.8074702593721798,4.552959696326896,107,7,Wet,2020,2020-07,"{""type"":""MultiPoint"",""coordinates"":[]}"
VHI_M_2020-07_0000000000000000006b,0.7757708047772219,4.345988427859774,108,7,Wet,2020,2020-07,"{""type"":""MultiPoint"",""coordinates"":[]}"
VHI_M_2020-07_0000000000000000006c,0.8629305263450227,4.893166373911035,109,7,Wet,2020,2020-07,"{""type"":""MultiPoint"",""coordinates"":[]}"
VHI_M_2020-07_0000000000000000006d,0.8213716775656389,4.50688869339946,110,7,Wet,2020,2020-07,"{""type"":""MultiPoint"",""coordinates"":[]}"
VHI_M_2020-07_0000000000000000006e,0.8332672907273818,4.702181607345293,111,7,Wet,2020,2020-07,"{""type"":""MultiPoint"",""coordinates"":[]}"
VHI_M_2020-07_0000000000000000006f,0.7549644515972321,4.189279387574336,112,7,Wet,2020,2020-07,"{""type"":""MultiPoint"",""coordinates"":[]}"
VHI_M_2020-07_000000000000000000d6,0.526618511254675,2.9305074971164937,215,7,Wet,2020,2020-07,"{""type"":""MultiPoint"",""coordinates"":[]}"
VHI_M_2020-07_0000000000000000013b,0.6134992832056697,3.0208233604595502,316,7,Wet,2020,2020-07,"{""type"":""MultiPoint"",""coordinates"":[]}"
VHI_M_2020-07_0000000000000000013c,0.6093081078882765,3.2351827591414697,317,7,Wet,2020,2020-07,"{""type"":""MultiPoint"",""coordinates"":[]}"
VHI_M_2020-07_0000000000000000013d,0.5899009281493471,3.0900477098838337,318,7,Wet,2020,2020-07,"{""type"":""MultiPoint"",""coordinates"":[]}"
VHI_M_2020-07_0000000000000000013e,0.6482394838813653,3.4735039227687508,319,7,Wet,2020,2020-07,"{""type"":""MultiPoint"",""coordinates"":[]}"
VHI_M_2020-07_0000000000000000013f,0.6701685589302023,3.641741581593784,320,7,Wet,2020,2020-07,"{""type"":""MultiPoint"",""coordinates"":[]}"
VHI_M_2020-07_00000000000000000140,10.388421220823568,3.246179118583874,321,7,Wet,2020,2020-07,"{""type"":""MultiPoint"",""coordinates"":[]}"
VHI_M_2020-07_000000000000000001bc,0.54696773640179,2.9092995652671303,445,7,Wet,2020,2020-07,"{""type"":""MultiPoint"",""coordinates"":[]}"
VHI_M_2020-07_000000000000000001bd,0.5626078291187019,2.9843622564185486,446,7,Wet,2020,2020-07,"{""type"":""MultiPoint"",""coordinates"":[]}"
VHI_M_2020-07_000000000000000001be,0.5659517380792549,2.9421407462135187,447,7,Wet,2020,2020-07,"{""type"":""MultiPoint"",""coordinates"":[]}"
VHI_M_2020-07_000000000000000001bf,0.6711584661221004,3.6052171267777022,448,7,Wet,2020,2020-07,"{""type"":""MultiPoint"",""coordinates"":[]}"
VHI_M_2020-07_000000000000000001c0,0.5343889194654344,2.8349823928181137,449,7,Wet,2020,2020-07,"{""type"":""MultiPoint"",""coordinates"":[]}"
VHI_M_2020-07_00000000000000000006,0.7767006034717528,4.299177595021114,7,7,Wet,2020,2020-07,"{""type"":""MultiPoint"",""coordinates"":[]}"
VHI_M_2020-07_0000000000000000002c,0.8066197019147752,4.4881650150569445,45,7,Wet,2020,2020-07,"{""type"":""MultiPoint"",""coordinates"":[]}"
VHI_M_2020-07_0000000000000000002d,0.8055764882328187,4.4937238293226605,46,7,Wet,2020,2020-07,"{""type"":""MultiPoint"",""coordinates"":[]}"
VHI_M_2020-07_0000000000000000002e,0.8417534205565037,4.67418587740878,47,7,Wet,2020,2020-07,"{""type"":""MultiPoint"",""coordinates"":[]}"
VHI_M_2020-07_0000000000000000002f,0.754971523762044,4.189603249448051,48,7,Wet,2020,2020-07,"{""type"":""MultiPoint"",""coordinates"":[]}"
VHI_M_2020-07_0000000000000000009b,0.8192071200994042,4.556492955488382,156,7,Wet,2020,2020-07,"{""type"":""MultiPoint"",""coordinates"":[]}"
VHI_M_2020-07_0000000000000000009c,0.9165520516629059,4.863343682119408,157,7,Wet,2020,2020-07,"{""type"":""MultiPoint"",""coordinates"":[]}"
VHI_M_2020-07_0000000000000000009d,0.8313755500992193,4.660615369492025,158,7,Wet,2020,2020-07,"{""type"":""MultiPoint"",""coordinates"":[]}"
VHI_M_2020-07_000000000000000001b6,0.9311769206312024,4.96109611330942,439,7,Wet,2020,2020-07,"{""type"":""MultiPoint"",""coordinates"":[]}"
VHI_M_2020-07_000000000000000001b7,0.8136389401938617,4.508363076492403,440,7,Wet,2020,2020-07,"{""type"":""MultiPoint"",""coordinates"":[]}"
VHI_M_2020-07_000000000000000001b8,0.8098914190275242,4.484553781546702,441,7,Wet,2020,2020-07,"{""type"":""MultiPoint"",""coordinates"":[]}"
VHI_M_2020-07_000000000000000001b9,0.8361801325752114,4.678064890090618,442,7,Wet,2020,2020-07,"{""type"":""MultiPoint"",""coordinates"":[]}"
VHI_M_2020-07_000000000000000001ba,0.7893200342332265,4.424917204910987,443,7,Wet,2020,2020-07,"{""type"":""MultiPoint"",""coordinates"":[]}"
VHI_M_2020-07_000000000000000001bb,0.8789899671723862,4.720410061940864,444,7,Wet,2020,2020-07,"{""type"":""MultiPoint"",""coordinates"":[]}"
VHI_M_2020-07_00000000000000000221,0.6075279178818636,3.013495977160654,546,7,Wet,2020,2020-07,"{""type"":""MultiPoint"",""coordinates"":[]}"
VHI_M_2020-07_00000000000000000222,0.8089282871403448,4.4909523359055115,547,7,Wet,2020,2020-07,"{""type"":""MultiPoint"",""coordinates"":[]}"
VHI_M_2020-07_00000000000000000223,0.7513491875953439,4.109595882084974,548,7,Wet,2020,2020-07,"{""type"":""MultiPoint"",""coordinates"":[]}"
VHI_M_2020-07_00000000000000000224,0.9544742998132677,4.88201944784558,549,7,Wet,2020,2020-07,"{""type"":""MultiPoint"",""coordinates"":[]}"
VHI_M_2020-07_00000000000000000225,0.8020115509526425,4.44983498349835,550,7,Wet,2020,2020-07,"{""type"":""MultiPoint"",""coordinates"":[]}"
VHI_M_2020-07_00000000000000000053,0.670557685948143,3.582605027028512,84,7,Wet,2020,2020-07,"{""type"":""MultiPoint"",""coordinates"":[]}"
VHI_M_2020-07_00000000000000000054,0.6478248578573821,3.486278406919221,85,7,Wet,2020,2020-07,"{""type"":""MultiPoint"",""coordinates"":[]}"
VHI_M_2020-07_00000000000000000055,0.5915032593276134,3.1454060462359217,86,7,Wet,2020,2020-07,"{""type"":""MultiPoint"",""coordinates"":[]}"
VHI_M_2020-07_00000000000000000056,0.6009408878540784,3.1423559678802517,87,7,Wet,2020,2020-07,"{""type"":""MultiPoint"",""coordinates"":[]}"
VHI_M_2020-07_00000000000000000057,0.7652852386807788,4.2248487194252755,88,7,Wet,2020,2020-07,"{""type"":""MultiPoint"",""coordinates"":[]}"
VHI_M_2020-07_000000000000000000de,0.7151827662308927,3.9350712234526095,223,7,Wet,2020,2020-07,"{""type"":""MultiPoint"",""coordinates"":[]}"
VHI_M_2020-07_000000000000000000df,26.69216686027064,4.186845229138451,224,7,Wet,2020,2020-07,"{""type"":""MultiPoint"",""coordinates"":[]}"
VHI_M_2020-07_000000000000000000e0,3.946018812116732,3.5910913773070154,225,7,Wet,2020,2020-07,"{""type"":""MultiPoint"",""coordinates"":[]}"
VHI_M_2020-07_000000000000000000e1,8.288895899459417,4.292118208626482,226,7,Wet,2020,2020-07,"{""type"":""MultiPoint"",""coordinates"":[]}"
VHI_M_2020-07_000000000000000000ff,0.5904281348191951,3.153456860664436,256,7,Wet,2020,2020-07,"{""type"":""MultiPoint"",""coordinates"":[]}"
VHI_M_2020-07_0000000000000000011c,0.6001725902050762,3.1600199945469423,285,7,Wet,2020,2020-07,"{""type"":""MultiPoint"",""coordinates"":[]}"
VHI_M_2020-07_0000000000000000011d,0.5475112570066979,2.86781820744964,286,7,Wet,2020,2020-07,"{""type"":""MultiPoint"",""coordinates"":[]}"
VHI_M_2020-07_0000000000000000011e,0.5929533886660674,3.1080992815153476,287,7,Wet,2020,2020-07,"{""type"":""MultiPoint"",""coordinates"":[]}"
VHI_M_2020-07_0000000000000000011f,0.5986663898179655,3.131782977186885,288,7,Wet,2020,2020-07,"{""type"":""MultiPoint"",""coordinates"":[]}"
VHI_M_2020-07_000000000000000001c4,8.807990963450973,3.2741105966154267,453,7,Wet,2020,2020-07,"{""type"":""MultiPoint"",""coordinates"":[]}"
VHI_M_2020-07_000000000000000001c5,0.6164278410645893,3.2881506968894576,454,7,Wet,2020,2020-07,"{""type"":""MultiPoint"",""coordinates"":[]}"
VHI_M_2020-07_000000000000000001c6,0.710531235299316,3.9275357878692723,455,7,Wet,2020,2020-07,"{""type"":""MultiPoint"",""coordinates"":[]}"
VHI_M_2020-07_00000000000000000003,0.9884775331450341,4.437667265827842,4,7,Wet,2020,2020-07,"{""type"":""MultiPoint"",""coordinates"":[]}"
VHI_M_2020-07_0000000000000000001b,12.566866435399431,4.88611111111111,28,7,Wet,2020,2020-07,"{""type"":""MultiPoint"",""coordinates"":[]}"
VHI_M_2020-07_00000000000000000186,64.52388903201104,4.701049261959808,391,7,Wet,2020,2020-07,"{""type"":""MultiPoint"",""coordinates"":[]}"
VHI_M_2020-07_00000000000000000187,0.8487727606368308,4.539043189634186,392,7,Wet,2020,2020-07,"{""type"":""MultiPoint"",""coordinates"":[]}"
VHI_M_2020-07_00000000000000000188,3.038797348351139,4.3582547290552105,393,7,Wet,2020,2020-07,"{""type"":""MultiPoint"",""coordinates"":[]}"
VHI_M_2020-07_00000000000000000189,3.851196205497226,4.652133209810327,394,7,Wet,2020,2020-07,"{""type"":""MultiPoint"",""coordinates"":[]}"
VHI_M_2020-07_0000000000000000018a,0.8110295470870981,4.402738846064003,395,7,Wet,2020,2020-07,"{""type"":""MultiPoint"",""coordinates"":[]}"
VHI_M_2020-07_0000000000000000018f,0.8039603937548191,4.592971246006391,400,7,Wet,2020,2020-07,"{""type"":""MultiPoint"",""coordinates"":[]}"
VHI_M_2020-07_00000000000000000190,0.8790290482883171,4.969522453733659,401,7,Wet,2020,2020-07,"{""type"":""MultiPoint"",""coordinates"":[]}"
VHI_M_2020-07_0000000000000000021e,0.7999819394345993,4.463618536484675,543,7,Wet,2020,2020-07,"{""type"":""MultiPoint"",""coordinates"":[]}"
VHI_M_2020-07_0000000000000000021f,0.9044013991463973,4.351152619415961,544,7,Wet,2020,2020-07,"{""type"":""MultiPoint"",""coordinates"":[]}"
VHI_M_2020-07_00000000000000000220,0.7567073865870266,4.061750915371399,545,7,Wet,2020,2020-07,"{""type"":""MultiPoint"",""coordinates"":[]}"
VHI_M_2020-07_00000000000000000007,0.7005871757493513,3.864711313116965,8,7,Wet,2020,2020-07,"{""type"":""MultiPoint"",""coordinates"":[]}"
VHI_M_2020-07_0000000000000000000b,0.57113344293393,2.99140831530882,12,7,Wet,2020,2020-07,"{""type"":""MultiPoint"",""coordinates"":[]}"
VHI_M_2020-07_00000000000000000012,0.8115361050124849,4.399858965901596,19,7,Wet,2020,2020-07,"{""type"":""MultiPoint"",""coordinates"":[]}"
VHI_M_2020-07_00000000000000000013,0.8283874249014065,4.52691759580814,20,7,Wet,2020,2020-07,"{""type"":""MultiPoint"",""coordinates"":[]}"
VHI_M_2020-07_00000000000000000014,0.732605343202672,4.091902022878562,21,7,Wet,2020,2020-07,"{""type"":""MultiPoint"",""coordinates"":[]}"
VHI_M_2020-07_00000000000000000015,0.844396975891411,4.615782117532409,22,7,Wet,2020,2020-07,"{""type"":""MultiPoint"",""coordinates"":[]}"
VHI_M_2020-07_00000000000000000016,0.8717405295554898,4.958005543268289,23,7,Wet,2020,2020-07,"{""type"":""MultiPoint"",""coordinates"":[]}"
VHI_M_2020-07_00000000000000000183,0.7229652774455416,3.973501444270548,388,7,Wet,2020,2020-07,"{""type"":""MultiPoint"",""coordinates"":[]}"
VHI_M_2020-07_00000000000000000184,0.6229943745157879,3.3178924269620738,389,7,Wet,2020,2020-07,"{""type"":""MultiPoint"",""coordinates"":[]}"
VHI_M_2020-07_00000000000000000185,5.080277162676387,3.753359200870811,390,7,Wet,2020,2020-07,"{""type"":""MultiPoint"",""coordinates"":[]}"
VHI_M_2020-07_00000000000000000212,0.6596719602397055,3.669986829107672,531,7,Wet,2020,2020-07,"{""type"":""MultiPoint"",""coordinates"":[]}"
VHI_M_2020-07_00000000000000000213,0.8145839636505254,4.544195167602515,532,7,Wet,2020,2020-07,"{""type"":""MultiPoint"",""coordinates"":[]}"
VHI_M_2020-07_00000000000000000214,0.6974899991446942,3.816283459826126,533,7,Wet,2020,2020-07,"{""type"":""MultiPoint"",""coordinates"":[]}"
VHI_M_2020-07_00000000000000000215,0.7268047621537801,4.008014823743354,534,7,Wet,2020,2020-07,"{""type"":""MultiPoint"",""coordinates"":[]}"
VHI_M_2020-07_0000000000000000005a,75.20058582006436,4.338146433335948,91,7,Wet,2020,2020-07,"{""type"":""MultiPoint"",""coordinates"":[]}"
VHI_M_2020-07_00000000000000000118,53.2865511402592,4.730689847386895,281,7,Wet,2020,2020-07,"{""type"":""MultiPoint"",""coordinates"":[]}"
VHI_M_2020-07_00000000000000000119,8.56940567452172,4.094719223648952,282,7,Wet,2020,2020-07,"{""type"":""MultiPoint"",""coordinates"":[]}"
VHI_M_2020-07_0000000000000000011a,4.048605155223563,4.451381606959323,283,7,Wet,2020,2020-07,"{""type"":""MultiPoint"",""coordinates"":[]}"
VHI_M_2020-07_0000000000000000011b,0.8583850669063439,4.481972392006045,284,7,Wet,2020,2020-07,"{""type"":""MultiPoint"",""coordinates"":[]}"
VHI_M_2020-07_00000000000000000141,10.300297463389004,3.8506820389713625,322,7,Wet,2020,2020-07,"{""type"":""MultiPoint"",""coordinates"":[]}"
VHI_M_2020-07_00000000000000000142,54.455770144078315,4.56279579225825,323,7,Wet,2020,2020-07,"{""type"":""MultiPoint"",""coordinates"":[]}"
VHI_M_2020-07_00000000000000000143,13.833525787990798,3.979655125991158,324,7,Wet,2020,2020-07,"{""type"":""MultiPoint"",""coordinates"":[]}"
VHI_M_2020-07_00000000000000000144,49.0027909084502,4.290800100310272,325,7,Wet,2020,2020-07,"{""type"":""MultiPoint"",""coordinates"":[]}"
VHI_M_2020-07_00000000000000000145,35.32444676310861,4.722499916438517,326,7,Wet,2020,2020-07,"{""type"":""MultiPoint"",""coordinates"":[]}"
VHI_M_2020-07_000000000000000001af,86.0116149420962,4.230766268771659,432,7,Wet,2020,2020-07,"{""type"":""MultiPoint"",""coordinates"":[]}"
VHI_M_2020-07_0000000000000000004b,0.6883754193417481,3.639006129115133,76,7,Wet,2020,2020-07,"{""type"":""MultiPoint"",""coordinates"":[]}"
VHI_M_2020-07_0000000000000000004c,0.7202270729367608,3.966967365348898,77,7,Wet,2020,2020-07,"{""type"":""MultiPoint"",""coordinates"":[]}"
VHI_M_2020-07_0000000000000000004d,0.843620460894027,4.577965941621731,78,7,Wet,2020,2020-07,"{""type"":""MultiPoint"",""coordinates"":[]}"
VHI_M_2020-07_0000000000000000004e,0.8921911453053841,4.8167011163215,79,7,Wet,2020,2020-07,"{""type"":""MultiPoint"",""coordinates"":[]}"
VHI_M_2020-07_0000000000000000004f,0.8451302221102512,4.787213921416416,80,7,Wet,2020,2020-07,"{""type"":""MultiPoint"",""coordinates"":[]}"
VHI_M_2020-07_00000000000000000050,0.8773222513550335,5.0,81,7,Wet,2020,2020-07,"{""type"":""MultiPoint"",""coordinates"":[]}"
VHI_M_2020-07_00000000000000000051,0.8224394150591207,4.650035979851284,82,7,Wet,2020,2020-07,"{""type"":""MultiPoint"",""coordinates"":[]}"
VHI_M_2020-07_00000000000000000052,0.7182614419226379,3.9125603158356492,83,7,Wet,2020,2020-07,"{""type"":""MultiPoint"",""coordinates"":[]}"
VHI_M_2020-07_000000000000000000aa,0.7214055632420906,3.9712150567395526,171,7,Wet,2020,2020-07,"{""type"":""MultiPoint"",""coordinates"":[]}"
VHI_M_2020-07_000000000000000000ab,0.7997894529302334,4.413113175722535,172,7,Wet,2020,2020-07,"{""type"":""MultiPoint"",""coordinates"":[]}"
VHI_M_2020-07_000000000000000000ac,0.8708604221350084,4.676180810255682,173,7,Wet,2020,2020-07,"{""type"":""MultiPoint"",""coordinates"":[]}"
VHI_M_2020-07_000000000000000000ad,0.8900177375566897,4.760574168719083,174,7,Wet,2020,2020-07,"{""type"":""MultiPoint"",""coordinates"":[]}"
VHI_M_2020-07_000000000000000000ae,0.8679301787071536,4.8984332050577235,175,7,Wet,2020,2020-07,"{""type"":""MultiPoint"",""coordinates"":[]}"
VHI_M_2020-07_000000000000000000af,0.9059565294685246,4.999762055837564,176,7,Wet,2020,2020-07,"{""type"":""MultiPoint"",""coordinates"":[]}"
VHI_M_2020-07_000000000000000000b0,1.0562711157632474,5.0,177,7,Wet,2020,2020-07,"{""type"":""MultiPoint"",""coordinates"":[]}"
VHI_M_2020-07_000000000000000001c7,0.9188065295723713,4.8171485050654805,456,7,Wet,2020,2020-07,"{""type"":""MultiPoint"",""coordinates"":[]}"
VHI_M_2020-07_000000000000000001c8,0.8318913895978879,4.621794977568633,457,7,Wet,2020,2020-07,"{""type"":""MultiPoint"",""coordinates"":[]}"
VHI_M_2020-07_000000000000000001c9,0.8162048026823585,4.5231684471224325,458,7,Wet,2020,2020-07,"{""type"":""MultiPoint"",""coordinates"":[]}"
VHI_M_2020-07_000000000000000001ca,0.8722459141517781,4.814080317302924,459,7,Wet,2020,2020-07,"{""type"":""MultiPoint"",""coordinates"":[]}"
VHI_M_2020-07_0000000000000000020a,0.951880536217084,4.9500845148159645,523,7,Wet,2020,2020-07,"{""type"":""MultiPoint"",""coordinates"":[]}"
VHI_M_2020-07_0000000000000000020b,1.1769684395396884,4.357748509726691,524,7,Wet,2020,2020-07,"{""type"":""MultiPoint"",""coordinates"":[]}"
VHI_M_2020-07_0000000000000000020c,0.8676613567600544,4.690421544681211,525,7,Wet,2020,2020-07,"{""type"":""MultiPoint"",""coordinates"":[]}"
VHI_M_2020-07_000000000000000001ab,0.638749455664617,3.4284240392055696,428,7,Wet,2020,2020-07,"{""type"":""MultiPoint"",""coordinates"":[]}"
VHI_M_2020-07_000000000000000001ac,0.6026268757142208,3.162943269193987,429,7,Wet,2020,2020-07,"{""type"":""MultiPoint"",""coordinates"":[]}"
VHI_M_2020-07_000000000000000001ad,8.111065525766897,3.1440521013090676,430,7,Wet,2020,2020-07,"{""type"":""MultiPoint"",""coordinates"":[]}"
VHI_M_2020-07_000000000000000001ae,45.530526505852656,3.390937019969278,431,7,Wet,2020,2020-07,"{""type"":""MultiPoint"",""coordinates"":[]}"
VHI_M_2020-07_000000000000000001c3,39.105989165065125,3.3233236649036,452,7,Wet,2020,2020-07,"{""type"":""MultiPoint"",""coordinates"":[]}"
VHI_M_2020-07_00000000000000000037,0.6848782132031771,3.7486998289475943,56,7,Wet,2020,2020-07,"{""type"":""MultiPoint"",""coordinates"":[]}"
VHI_M_2020-07_00000000000000000038,0.6815707292257717,3.750318274298906,57,7,Wet,2020,2020-07,"{""type"":""MultiPoint"",""coordinates"":[]}"
VHI_M_2020-07_00000000000000000039,0.7326433806104533,4.109285810598228,58,7,Wet,2020,2020-07,"{""type"":""MultiPoint"",""coordinates"":[]}"
VHI_M_2020-07_0000000000000000003a,0.7719555753188901,4.286137664416556,59,7,Wet,2020,2020-07,"{""type"":""MultiPoint"",""coordinates"":[]}"
VHI_M_2020-07_0000000000000000003b,0.5772073548950183,3.027810835839382,60,7,Wet,2020,2020-07,"{""type"":""MultiPoint"",""coordinates"":[]}"
VHI_M_2020-07_0000000000000000003c,0.7520096556253661,4.164884428724189,61,7,Wet,2020,2020-07,"{""type"":""MultiPoint"",""coordinates"":[]}"
VHI_M_2020-07_0000000000000000003d,0.8050668802381699,4.359908654131325,62,7,Wet,2020,2020-07,"{""type"":""MultiPoint"",""coordinates"":[]}"
VHI_M_2020-07_0000000000000000003e,10.633278056199226,3.9862099041565213,63,7,Wet,2020,2020-07,"{""type"":""MultiPoint"",""coordinates"":[]}"
VHI_M_2020-07_0000000000000000003f,0.7629706246861275,4.202029863435888,64,7,Wet,2020,2020-07,"{""type"":""MultiPoint"",""coordinates"":[]}"
VHI_M_2020-07_00000000000000000044,0.6671737071845462,3.4735308806392537,69,7,Wet,2020,2020-07,"{""type"":""MultiPoint"",""coordinates"":[]}"
VHI_M_2020-07_00000000000000000076,0.6073671118687778,3.2191675974940512,119,7,Wet,2020,2020-07,"{""type"":""MultiPoint"",""coordinates"":[]}"
VHI_M_2020-07_00000000000000000077,5.980279872782433,3.6611108017817418,120,7,Wet,2020,2020-07,"{""type"":""MultiPoint"",""coordinates"":[]}"
VHI_M_2020-07_00000000000000000078,0.6994754822244995,3.8217706584692497,121,7,Wet,2020,2020-07,"{""type"":""MultiPoint"",""coordinates"":[]}"
VHI_M_2020-07_00000000000000000079,0.7908543877188029,4.269958847736626,122,7,Wet,2020,2020-07,"{""type"":""MultiPoint"",""coordinates"":[]}"
VHI_M_2020-07_0000000000000000008b,0.2714009258894391,1.5997228637413397,140,7,Wet,2020,2020-07,"{""type"":""MultiPoint"",""coordinates"":[]}"
VHI_M_2020-07_0000000000000000008c,1.721493891488652,3.8137397306436447,141,7,Wet,2020,2020-07,"{""type"":""MultiPoint"",""coordinates"":[]}"
VHI_M_2020-07_0000000000000000008d,10.043313518013049,3.560480530240268,142,7,Wet,2020,2020-07,"{""type"":""MultiPoint"",""coordinates"":[]}"
VHI_M_2020-07_0000000000000000008e,0.6220154936974492,3.311414161791407,143,7,Wet,2020,2020-07,"{""type"":""MultiPoint"",""coordinates"":[]}"
VHI_M_2020-07_0000000000000000008f,0.6478535513241559,3.499648217636021,144,7,Wet,2020,2020-07,"{""type"":""MultiPoint"",""coordinates"":[]}"
VHI_M_2020-07_00000000000000000090,0.6080286225196473,3.197292242641078,145,7,Wet,2020,2020-07,"{""type"":""MultiPoint"",""coordinates"":[]}"
VHI_M_2020-07_00000000000000000091,0.6267552596368939,3.3858406802976297,146,7,Wet,2020,2020-07,"{""type"":""MultiPoint"",""coordinates"":[]}"
VHI_M_2020-07_000000000000000000b5,36.294411875870615,4.154531759979916,182,7,Wet,2020,2020-07,"{""type"":""MultiPoint"",""coordinates"":[]}"
VHI_M_2020-07_000000000000000000cc,8.979825113916233,3.267167844021149,205,7,Wet,2020,2020-07,"{""type"":""MultiPoint"",""coordinates"":[]}"
VHI_M_2020-07_000000000000000000cd,0.9187062959863604,3.4540815348457374,206,7,Wet,2020,2020-07,"{""type"":""MultiPoint"",""coordinates"":[]}"
VHI_M_2020-07_000000000000000001dd,0.6069477265737719,3.2406264906980433,478,7,Wet,2020,2020-07,"{""type"":""MultiPoint"",""coordinates"":[]}"
VHI_M_2020-07_000000000000000001de,0.6521283802915743,3.5836937685794403,479,7,Wet,2020,2020-07,"{""type"":""MultiPoint"",""coordinates"":[]}"
VHI_M_2020-07_000000000000000001df,0.6123748362997746,3.24121748681167,480,7,Wet,2020,2020-07,"{""type"":""MultiPoint"",""coordinates"":[]}"
VHI_M_2020-07_000000000000000001e0,0.6417372499929526,3.4123206980771115,481,7,Wet,2020,2020-07,"{""type"":""MultiPoint"",""coordinates"":[]}"
VHI_M_2020-07_000000000000000001e1,0.6385234714702799,3.300083440794963,482,7,Wet,2020,2020-07,"{""type"":""MultiPoint"",""coordinates"":[]}"
VHI_M_2020-07_0000000000000000007a,0.6730984202101516,3.5860522653471474,123,7,Wet,2020,2020-07,"{""type"":""MultiPoint"",""coordinates"":[]}"
VHI_M_2020-07_0000000000000000007b,0.6884219604318106,3.764385880077369,124,7,Wet,2020,2020-07,"{""type"":""MultiPoint"",""coordinates"":[]}"
VHI_M_2020-07_0000000000000000007c,0.6780789569950157,3.633899847707961,125,7,Wet,2020,2020-07,"{""type"":""MultiPoint"",""coordinates"":[]}"
VHI_M_2020-07_0000000000000000007d,0.7991499461252491,4.3132244697902316,126,7,Wet,2020,2020-07,"{""type"":""MultiPoint"",""coordinates"":[]}"
VHI_M_2020-07_0000000000000000007e,19.428769858555665,2.8782243351577352,127,7,Wet,2020,2020-07,"{""type"":""MultiPoint"",""coordinates"":[]}"
VHI_M_2020-07_0000000000000000007f,13.948067941988999,3.0137541978923705,128,7,Wet,2020,2020-07,"{""type"":""MultiPoint"",""coordinates"":[]}"
VHI_M_2020-07_00000000000000000080,0.6869858257901517,3.7530129403053496,129,7,Wet,2020,2020-07,"{""type"":""MultiPoint"",""coordinates"":[]}"
VHI_M_2020-07_00000000000000000088,4.842316799503669,4.564628295309975,137,7,Wet,2020,2020-07,"{""type"":""MultiPoint"",""coordinates"":[]}"
VHI_M_2020-07_00000000000000000089,0.7913540318978607,4.436934898269114,138,7,Wet,2020,2020-07,"{""type"":""MultiPoint"",""coordinates"":[]}"
VHI_M_2020-07_0000000000000000008a,0.7483945659352812,4.14650104865152,139,7,Wet,2020,2020-07,"{""type"":""MultiPoint"",""coordinates"":[]}"
VHI_M_2020-07_00000000000000000099,0.6962520157882293,3.7795136648590906,154,7,Wet,2020,2020-07,"{""type"":""MultiPoint"",""coordinates"":[]}"
VHI_M_2020-07_0000000000000000009a,3.049780515617307,4.376366241386365,155,7,Wet,2020,2020-07,"{""type"":""MultiPoint"",""coordinates"":[]}"
VHI_M_2020-07_00000000000000000112,0.8788380260751731,4.753635634947899,275,7,Wet,2020,2020-07,"{""type"":""MultiPoint"",""coordinates"":[]}"
VHI_M_2020-07_000000000000000001d8,0.5685112882979154,3.017287921428982,473,7,Wet,2020,2020-07,"{""type"":""MultiPoint"",""coordinates"":[]}"
VHI_M_2020-07_00000000000000000001,0.8104956964801291,4.60741935483871,2,7,Wet,2020,2020-07,"{""type"":""MultiPoint"",""coordinates"":[]}"
VHI_M_2020-07_00000000000000000030,0.770403803063759,4.267967210488374,49,7,Wet,2020,2020-07,"{""type"":""MultiPoint"",""coordinates"":[]}"
VHI_M_2020-07_00000000000000000031,0.7726241195128104,4.298598968208855,50,7,Wet,2020,2020-07,"{""type"":""MultiPoint"",""coordinates"":[]}"
VHI_M_2020-07_00000000000000000032,0.7585917215017545,4.132646831372869,51,7,Wet,2020,2020-07,"{""type"":""MultiPoint"",""coordinates"":[]}"
VHI_M_2020-07_000000000000000000d7,0.816389665621657,4.570546905862219,216,7,Wet,2020,2020-07,"{""type"":""MultiPoint"",""coordinates"":[]}"
VHI_M_2020-07_000000000000000000d8,0.8470401335260022,4.727033120544397,217,7,Wet,2020,2020-07,"{""type"":""MultiPoint"",""coordinates"":[]}"
VHI_M_2020-07_000000000000000000d9,0.7326715417169609,4.0363955455120495,218,7,Wet,2020,2020-07,"{""type"":""MultiPoint"",""coordinates"":[]}"
VHI_M_2020-07_000000000000000000da,0.8359551060975624,4.684488408290327,219,7,Wet,2020,2020-07,"{""type"":""MultiPoint"",""coordinates"":[]}"
VHI_M_2020-07_00000000000000000132,0.8224526877611412,4.531558045863165,307,7,Wet,2020,2020-07,"{""type"":""MultiPoint"",""coordinates"":[]}"
VHI_M_2020-07_00000000000000000133,81.89088066646968,4.681677906046406,308,7,Wet,2020,2020-07,"{""type"":""MultiPoint"",""coordinates"":[]}"
VHI_M_2020-07_00000000000000000134,0.8426462536360881,4.674545623703639,309,7,Wet,2020,2020-07,"{""type"":""MultiPoint"",""coordinates"":[]}"
VHI_M_2020-07_00000000000000000135,24.865530017356416,4.5570654540478,310,7,Wet,2020,2020-07,"{""type"":""MultiPoint"",""coordinates"":[]}"
VHI_M_2020-07_0000000000000000001f,0.7782388737266595,4.3345414108456755,32,7,Wet,2020,2020-07,"{""type"":""MultiPoint"",""coordinates"":[]}"
VHI_M_2020-07_00000000000000000020,0.7150936173384068,3.924836482755866,33,7,Wet,2020,2020-07,"{""type"":""MultiPoint"",""coordinates"":[]}"
VHI_M_2020-07_00000000000000000021,0.7617974048443237,4.2239292431606525,34,7,Wet,2020,2020-07,"{""type"":""MultiPoint"",""coordinates"":[]}"
VHI_M_2020-07_00000000000000000045,0.8143269508228864,4.564535369999894,70,7,Wet,2020,2020-07,"{""type"":""MultiPoint"",""coordinates"":[]}"
VHI_M_2020-07_00000000000000000046,0.8981669518318609,4.8652115053128,71,7,Wet,2020,2020-07,"{""type"":""MultiPoint"",""coordinates"":[]}"
VHI_M_2020-07_00000000000000000047,0.7670313531464102,4.237479167762538,72,7,Wet,2020,2020-07,"{""type"":""MultiPoint"",""coordinates"":[]}"
VHI_M_2020-07_00000000000000000048,0.8296849881182646,4.639908049948652,73,7,Wet,2020,2020-07,"{""type"":""MultiPoint"",""coordinates"":[]}"
VHI_M_2020-07_00000000000000000072,0.8157572051091696,4.488305762931642,115,7,Wet,2020,2020-07,"{""type"":""MultiPoint"",""coordinates"":[]}"
VHI_M_2020-07_00000000000000000073,0.7838267538024469,4.276014206524361,116,7,Wet,2020,2020-07,"{""type"":""MultiPoint"",""coordinates"":[]}"
VHI_M_2020-07_00000000000000000074,0.894344312318511,4.832319564892483,117,7,Wet,2020,2020-07,"{""type"":""MultiPoint"",""coordinates"":[]}"
VHI_M_2020-07_00000000000000000075,0.7383603403027159,4.052957876110782,118,7,Wet,2020,2020-07,"{""type"":""MultiPoint"",""coordinates"":[]}"
VHI_M_2020-07_000000000000000000b4,0.8219589362417402,4.6127134132750855,181,7,Wet,2020,2020-07,"{""type"":""MultiPoint"",""coordinates"":[]}"
VHI_M_2020-07_000000000000000000e8,0.8114302072424502,4.6264025841550485,233,7,Wet,2020,2020-07,"{""type"":""MultiPoint"",""coordinates"":[]}"
VHI_M_2020-07_000000000000000000e9,0.7550532243594006,4.191840475167409,234,7,Wet,2020,2020-07,"{""type"":""MultiPoint"",""coordinates"":[]}"
VHI_M_2020-07_000000000000000000ea,0.6821939613042465,3.7170650841395814,235,7,Wet,2020,2020-07,"{""type"":""MultiPoint"",""coordinates"":[]}"
VHI_M_2020-07_00000000000000000022,0.6273994933715953,3.348252693851681,35,7,Wet,2020,2020-07,"{""type"":""MultiPoint"",""coordinates"":[]}"
VHI_M_2020-07_00000000000000000023,0.6623413203386634,3.573256072899538,36,7,Wet,2020,2020-07,"{""type"":""MultiPoint"",""coordinates"":[]}"
VHI_M_2020-07_00000000000000000024,0.6249005178939274,3.314795979880858,37,7,Wet,2020,2020-07,"{""type"":""MultiPoint"",""coordinates"":[]}"
VHI_M_2020-07_00000000000000000025,0.5086649768679874,2.560447197000359,38,7,Wet,2020,2020-07,"{""type"":""MultiPoint"",""coordinates"":[]}"
VHI_M_2020-07_000000000000000000f0,0.7064209331603409,3.8796395842932485,241,7,Wet,2020,2020-07,"{""type"":""MultiPoint"",""coordinates"":[]}"
VHI_M_2020-07_000000000000000000f4,0.5467026799168366,2.8299819824938988,245,7,Wet,2020,2020-07,"{""type"":""MultiPoint"",""coordinates"":[]}"
VHI_M_2020-07_000000000000000000f5,0.5932932037468887,3.1259759719836087,246,7,Wet,2020,2020-07,"{""type"":""MultiPoint"",""coordinates"":[]}"
VHI_M_2020-07_000000000000000000f6,0.6755179701061572,3.6596595026372536,247,7,Wet,2020,2020-07,"{""type"":""MultiPoint"",""coordinates"":[]}"
VHI_M_2020-07_000000000000000000f7,0.5870658004636005,3.1057756982014895,248,7,Wet,2020,2020-07,"{""type"":""MultiPoint"",""coordinates"":[]}"
VHI_M_2020-07_000000000000000000f8,0.5109641040606037,2.5811168523683943,249,7,Wet,2020,2020-07,"{""type"":""MultiPoint"",""coordinates"":[]}"
VHI_M_2020-07_00000000000000000000,0.6651246207227126,3.649504285657858,1,7,Wet,2020,2020-07,"{""type"":""MultiPoint"",""coordinates"":[]}"
VHI_M_2020-07_000000000000000000f2,0.604533374512449,3.1991471111436005,243,7,Wet,2020,2020-07,"{""type"":""MultiPoint"",""coordinates"":[]}"
VHI_M_2020-07_000000000000000000f3,0.6605051692959613,3.564731472205689,244,7,Wet,2020,2020-07,"{""type"":""MultiPoint"",""coordinates"":[]}"
VHI_M_2020-07_00000000000000000106,0.5715978404763664,2.963429168844746,263,7,Wet,2020,2020-07,"{""type"":""MultiPoint"",""coordinates"":[]}"
VHI_M_2020-07_00000000000000000107,0.6313267875764738,3.373308756222648,264,7,Wet,2020,2020-07,"{""type"":""MultiPoint"",""coordinates"":[]}"
VHI_M_2020-07_00000000000000000108,0.5596486453937731,2.9125409902607373,265,7,Wet,2020,2020-07,"{""type"":""MultiPoint"",""coordinates"":[]}"
VHI_M_2020-07_0000000000000000012c,0.6216805454494447,3.303359420953445,301,7,Wet,2020,2020-07,"{""type"":""MultiPoint"",""coordinates"":[]}"
VHI_M_2020-07_0000000000000000012d,0.6099849978941829,3.2149023156216074,302,7,Wet,2020,2020-07,"{""type"":""MultiPoint"",""coordinates"":[]}"
VHI_M_2020-07_0000000000000000012e,0.7480569672621135,4.084511717453364,303,7,Wet,2020,2020-07,"{""type"":""MultiPoint"",""coordinates"":[]}"
VHI_M_2020-07_000000000000000000a5,0.5758006887023387,3.0190650188070935,166,7,Wet,2020,2020-07,"{""type"":""MultiPoint"",""coordinates"":[]}"
VHI_M_2020-07_000000000000000000a6,0.55420195236219,2.8682225149515017,167,7,Wet,2020,2020-07,"{""type"":""MultiPoint"",""coordinates"":[]}"
VHI_M_2020-07_000000000000000000c1,45.8065924793555,2.5517595111725617,194,7,Wet,2020,2020-07,"{""type"":""MultiPoint"",""coordinates"":[]}"
VHI_M_2020-07_00000000000000000120,2.6515779559426167,2.0325946263973322,289,7,Wet,2020,2020-07,"{""type"":""MultiPoint"",""coordinates"":[]}"
VHI_M_2020-07_000000000000000001d9,5.553956866273892,2.6002198454830108,474,7,Wet,2020,2020-07,"{""type"":""MultiPoint"",""coordinates"":[]}"
VHI_M_2020-07_000000000000000001da,0.531659341515826,2.718933665650628,475,7,Wet,2020,2020-07,"{""type"":""MultiPoint"",""coordinates"":[]}"
VHI_M_2020-07_000000000000000001db,0.5869549717081776,3.0329989759377165,476,7,Wet,2020,2020-07,"{""type"":""MultiPoint"",""coordinates"":[]}"
VHI_M_2020-07_000000000000000001dc,0.5834263979336872,3.1757873576055387,477,7,Wet,2020,2020-07,"{""type"":""MultiPoint"",""coordinates"":[]}"
VHI_M_2020-07_000000000000000001e2,54.718277126216215,3.6335428122545173,483,7,Wet,2020,2020-07,"{""type"":""MultiPoint"",""coordinates"":[]}"
VHI_M_2020-07_000000000000000001e3,4.769989821127631,4.065956127896977,484,7,Wet,2020,2020-07,"{""type"":""MultiPoint"",""coordinates"":[]}"
VHI_M_2020-07_000000000000000001e4,80.58893856668595,3.633433900164564,485,7,Wet,2020,2020-07,"{""type"":""MultiPoint"",""coordinates"":[]}"
VHI_M_2020-07_000000000000000001e5,26.527006211428965,2.2711242603550303,486,7,Wet,2020,2020-07,"{""type"":""MultiPoint"",""coordinates"":[]}"
VHI_M_2020-07_000000000000000001e6,1.370422363593208,4.300509997980205,487,7,Wet,2020,2020-07,"{""type"":""MultiPoint"",""coordinates"":[]}"
VHI_M_2020-07_000000000000000001e7,15.996467750839479,2.58228209966059,488,7,Wet,2020,2020-07,"{""type"":""MultiPoint"",""coordinates"":[]}"
VHI_M_2020-07_000000000000000001e8,0.7507488399899589,4.194231721720577,489,7,Wet,2020,2020-07,"{""type"":""MultiPoint"",""coordinates"":[]}"
VHI_M_2020-07_000000000000000001e9,58.7731580540389,3.446868145259566,490,7,Wet,2020,2020-07,"{""type"":""MultiPoint"",""coordinates"":[]}"
VHI_M_2020-07_000000000000000000e2,0.6890689798995518,3.7870118219972433,227,7,Wet,2020,2020-07,"{""type"":""MultiPoint"",""coordinates"":[]}"
VHI_M_2020-07_000000000000000000e3,0.7861079156562504,4.334041640749055,228,7,Wet,2020,2020-07,"{""type"":""MultiPoint"",""coordinates"":[]}"
VHI_M_2020-07_000000000000000000e4,25.573185936455296,4.761083517292126,229,7,Wet,2020,2020-07,"{""type"":""MultiPoint"",""coordinates"":[]}"
VHI_M_2020-07_000000000000000000e5,1.4649760865831913,4.423335270634642,230,7,Wet,2020,2020-07,"{""type"":""MultiPoint"",""coordinates"":[]}"
VHI_M_2020-07_000000000000000000e6,0.8240555780046854,4.558250572956454,231,7,Wet,2020,2020-07,"{""type"":""MultiPoint"",""coordinates"":[]}"
VHI_M_2020-07_000000000000000000e7,0.567827717902211,3.0,232,7,Wet,2020,2020-07,"{""type"":""MultiPoint"",""coordinates"":[]}"
VHI_M_2020-07_0000000000000000017f,0.7049528151855099,3.8161067333553538,384,7,Wet,2020,2020-07,"{""type"":""MultiPoint"",""coordinates"":[]}"
VHI_M_2020-07_00000000000000000180,0.643089965451253,3.468291221821941,385,7,Wet,2020,2020-07,"{""type"":""MultiPoint"",""coordinates"":[]}"
VHI_M_2020-07_00000000000000000203,0.5687686551110747,2.995855995855996,516,7,Wet,2020,2020-07,"{""type"":""MultiPoint"",""coordinates"":[]}"
VHI_M_2020-07_00000000000000000204,0.5630967414720297,3.0426409747803915,517,7,Wet,2020,2020-07,"{""type"":""MultiPoint"",""coordinates"":[]}"
VHI_M_2020-07_00000000000000000205,0.578764476063601,3.095007425442816,518,7,Wet,2020,2020-07,"{""type"":""MultiPoint"",""coordinates"":[]}"
VHI_M_2020-07_00000000000000000206,0.518653994951641,2.6110928340710613,519,7,Wet,2020,2020-07,"{""type"":""MultiPoint"",""coordinates"":[]}"
VHI_M_2020-07_00000000000000000207,0.7079210517169285,3.8364978902953593,520,7,Wet,2020,2020-07,"{""type"":""MultiPoint"",""coordinates"":[]}"
VHI_M_2020-07_00000000000000000208,0.6376040920732214,3.288931693584235,521,7,Wet,2020,2020-07,"{""type"":""MultiPoint"",""coordinates"":[]}"
VHI_M_2020-07_00000000000000000209,0.6819061935333309,3.787108869925006,522,7,Wet,2020,2020-07,"{""type"":""MultiPoint"",""coordinates"":[]}"
VHI_M_2020-07_0000000000000000000e,0.6852739709943295,3.758746143949981,15,7,Wet,2020,2020-07,"{""type"":""MultiPoint"",""coordinates"":[]}"
VHI_M_2020-07_00000000000000000124,0.7462604742938306,4.047589940621727,293,7,Wet,2020,2020-07,"{""type"":""MultiPoint"",""coordinates"":[]}"
VHI_M_2020-07_00000000000000000125,13.713192961984696,3.8610479743488892,294,7,Wet,2020,2020-07,"{""type"":""MultiPoint"",""coordinates"":[]}"
VHI_M_2020-07_00000000000000000126,0.6571257356276606,3.571831871336522,295,7,Wet,2020,2020-07,"{""type"":""MultiPoint"",""coordinates"":[]}"
VHI_M_2020-07_00000000000000000127,0.6842915995271681,3.701000087786234,296,7,Wet,2020,2020-07,"{""type"":""MultiPoint"",""coordinates"":[]}"
VHI_M_2020-07_00000000000000000128,0.6388716715122675,3.4773297888051986,297,7,Wet,2020,2020-07,"{""type"":""MultiPoint"",""coordinates"":[]}"
VHI_M_2020-07_00000000000000000129,0.6150052761119138,3.233039735295735,298,7,Wet,2020,2020-07,"{""type"":""MultiPoint"",""coordinates"":[]}"
VHI_M_2020-07_0000000000000000012a,0.6582744870681849,3.575110521230811,299,7,Wet,2020,2020-07,"{""type"":""MultiPoint"",""coordinates"":[]}"
VHI_M_2020-07_0000000000000000012b,0.6591701541693268,3.594596276297869,300,7,Wet,2020,2020-07,"{""type"":""MultiPoint"",""coordinates"":[]}"
VHI_M_2020-07_00000000000000000174,0.684223804571953,3.688483020554066,373,7,Wet,2020,2020-07,"{""type"":""MultiPoint"",""coordinates"":[]}"
VHI_M_2020-07_00000000000000000175,0.6475698973887712,3.4956444217258626,374,7,Wet,2020,2020-07,"{""type"":""MultiPoint"",""coordinates"":[]}"
VHI_M_2020-07_00000000000000000176,0.6751181703462017,3.640461778775749,375,7,Wet,2020,2020-07,"{""type"":""MultiPoint"",""coordinates"":[]}"
VHI_M_2020-07_00000000000000000177,0.7303905015908306,4.039551357733177,376,7,Wet,2020,2020-07,"{""type"":""MultiPoint"",""coordinates"":[]}"
VHI_M_2020-07_00000000000000000195,0.6291184728297856,3.3657475910354053,406,7,Wet,2020,2020-07,"{""type"":""MultiPoint"",""coordinates"":[]}"
VHI_M_2020-07_00000000000000000196,0.8023325595539239,4.480363868873952,407,7,Wet,2020,2020-07,"{""type"":""MultiPoint"",""coordinates"":[]}"
VHI_M_2020-07_00000000000000000197,3.515263188163463,4.208431782652458,408,7,Wet,2020,2020-07,"{""type"":""MultiPoint"",""coordinates"":[]}"
VHI_M_2020-07_00000000000000000198,0.7630217203972033,4.215691572274758,409,7,Wet,2020,2020-07,"{""type"":""MultiPoint"",""coordinates"":[]}"
VHI_M_2020-07_00000000000000000199,0.5975803145447806,3.144879853237496,410,7,Wet,2020,2020-07,"{""type"":""MultiPoint"",""coordinates"":[]}"
VHI_M_2020-07_00000000000000000035,0.7481072944994794,4.1894039735099335,54,7,Wet,2020,2020-07,"{""type"":""MultiPoint"",""coordinates"":[]}"
VHI_M_2020-07_000000000000000000ce,0.7065363497837862,3.8645041798240936,207,7,Wet,2020,2020-07,"{""type"":""MultiPoint"",""coordinates"":[]}"
VHI_M_2020-07_000000000000000000cf,0.6302441464017595,3.301725534672718,208,7,Wet,2020,2020-07,"{""type"":""MultiPoint"",""coordinates"":[]}"
VHI_M_2020-07_000000000000000000d0,3.6062732310406616,4.506666439300763,209,7,Wet,2020,2020-07,"{""type"":""MultiPoint"",""coordinates"":[]}"
VHI_M_2020-07_000000000000000000d1,27.27941924775166,3.4610980437279153,210,7,Wet,2020,2020-07,"{""type"":""MultiPoint"",""coordinates"":[]}"
VHI_M_2020-07_000000000000000001ea,0.7155700433637188,3.9335878493473335,491,7,Wet,2020,2020-07,"{""type"":""MultiPoint"",""coordinates"":[]}"
VHI_M_2020-07_000000000000000001eb,0.7404435387294811,4.082409032686558,492,7,Wet,2020,2020-07,"{""type"":""MultiPoint"",""coordinates"":[]}"
VHI_M_2020-07_000000000000000001ec,0.7664561059885677,4.280232500862026,493,7,Wet,2020,2020-07,"{""type"":""MultiPoint"",""coordinates"":[]}"
VHI_M_2020-07_000000000000000001ed,0.7744080681674664,4.2521996604033045,494,7,Wet,2020,2020-07,"{""type"":""MultiPoint"",""coordinates"":[]}"
VHI_M_2020-07_000000000000000001f4,9.130385268257545,3.895647614053488,501,7,Wet,2020,2020-07,"{""type"":""MultiPoint"",""coordinates"":[]}"
VHI_M_2020-07_000000000000000001f5,0.6317570956239422,3.3637509910495087,502,7,Wet,2020,2020-07,"{""type"":""MultiPoint"",""coordinates"":[]}"
VHI_M_2020-07_000000000000000001f6,0.7255967798995802,3.991132084074226,503,7,Wet,2020,2020-07,"{""type"":""MultiPoint"",""coordinates"":[]}"
VHI_M_2020-07_000000000000000001f7,50.373908343205926,3.94682448777845,504,7,Wet,2020,2020-07,"{""type"":""MultiPoint"",""coordinates"":[]}"
VHI_M_2020-07_000000000000000001f8,0.7349513427515343,4.018396846254931,505,7,Wet,2020,2020-07,"{""type"":""MultiPoint"",""coordinates"":[]}"
VHI_M_2020-07_000000000000000001f9,0.7444465866374508,4.024928727706691,506,7,Wet,2020,2020-07,"{""type"":""MultiPoint"",""coordinates"":[]}"
VHI_M_2020-07_000000000000000001fa,25.287585160507266,3.5196350305103095,507,7,Wet,2020,2020-07,"{""type"":""MultiPoint"",""coordinates"":[]}"
VHI_M_2020-07_000000000000000001fb,8.001055111388752,3.317588337992567,508,7,Wet,2020,2020-07,"{""type"":""MultiPoint"",""coordinates"":[]}"
VHI_M_2020-07_000000000000000001fc,0.725229402259659,3.8506406833956244,509,7,Wet,2020,2020-07,"{""type"":""MultiPoint"",""coordinates"":[]}"
VHI_M_2020-07_000000000000000001fd,0.6962657004384004,3.788180079185019,510,7,Wet,2020,2020-07,"{""type"":""MultiPoint"",""coordinates"":[]}"
VHI_M_2020-07_00000000000000000049,0.7365817368430826,4.0402564274186945,74,7,Wet,2020,2020-07,"{""type"":""MultiPoint"",""coordinates"":[]}"
VHI_M_2020-07_0000000000000000004a,37.43559869534584,3.726472646932961,75,7,Wet,2020,2020-07,"{""type"":""MultiPoint"",""coordinates"":[]}"
VHI_M_2020-07_000000000000000000fd,71.47044813570689,4.108229231086373,254,7,Wet,2020,2020-07,"{""type"":""MultiPoint"",""coordinates"":[]}"
VHI_M_2020-07_000000000000000000fe,6.108949465371455,3.9605199445659625,255,7,Wet,2020,2020-07,"{""type"":""MultiPoint"",""coordinates"":[]}"
VHI_M_2020-07_00000000000000000191,0.664133467750606,3.7303552206673847,402,7,Wet,2020,2020-07,"{""type"":""MultiPoint"",""coordinates"":[]}"
VHI_M_2020-07_0000000000000000016e,17.746648228205267,3.2790272817821817,367,7,Wet,2020,2020-07,"{""type"":""MultiPoint"",""coordinates"":[]}"
VHI_M_2020-07_0000000000000000016f,0.5661403338757853,2.9654927758469047,368,7,Wet,2020,2020-07,"{""type"":""MultiPoint"",""coordinates"":[]}"
VHI_M_2020-07_00000000000000000170,0.6248251680223657,3.3320673770088285,369,7,Wet,2020,2020-07,"{""type"":""MultiPoint"",""coordinates"":[]}"
VHI_M_2020-07_00000000000000000181,36.02056226602509,4.011059405362254,386,7,Wet,2020,2020-07,"{""type"":""MultiPoint"",""coordinates"":[]}"
VHI_M_2020-07_00000000000000000182,0.7317276472843696,3.9755056819032517,387,7,Wet,2020,2020-07,"{""type"":""MultiPoint"",""coordinates"":[]}"
VHI_M_2020-07_00000000000000000228,0.6557253006794203,3.583774779277027,553,7,Wet,2020,2020-07,"{""type"":""MultiPoint"",""coordinates"":[]}"
VHI_M_2020-08_00000000000000000017,46.513919009867585,2.621384186843796,24,8,Wet,2020,2020-08,"{""type"":""MultiPoint"",""coordinates"":[]}"
VHI_M_2020-08_00000000000000000018,232.381913674614,4.744266551276502,25,8,Wet,2020,2020-08,"{""type"":""MultiPoint"",""coordinates"":[]}"
VHI_M_2020-08_00000000000000000019,30.041778760907775,1.9492339652038433,26,8,Wet,2020,2020-08,"{""type"":""MultiPoint"",""coordinates"":[]}"
VHI_M_2020-08_0000000000000000001a,13.637429615935877,2.1717226804826506,27,8,Wet,2020,2020-08,"{""type"":""MultiPoint"",""coordinates"":[]}"
VHI_M_2020-08_0000000000000000005b,160.29067009701964,4.3060299756012546,92,8,Wet,2020,2020-08,"{""type"":""MultiPoint"",""coordinates"":[]}"
VHI_M_2020-08_0000000000000000005c,60.22898538784908,2.7078246948168903,93,8,Wet,2020,2020-08,"{""type"":""MultiPoint"",""coordinates"":[]}"
VHI_M_2020-08_0000000000000000005d,254.0,5.0,94,8,Wet,2020,2020-08,"{""type"":""MultiPoint"",""coordinates"":[]}"
VHI_M_2020-08_0000000000000000005e,35.25793129005351,2.4122590212555606,95,8,Wet,2020,2020-08,"{""type"":""MultiPoint"",""coordinates"":[]}"
VHI_M_2020-08_0000000000000000005f,81.71945811252608,3.1760184473481936,96,8,Wet,2020,2020-08,"{""type"":""MultiPoint"",""coordinates"":[]}"
VHI_M_2020-08_000000000000000000b6,0.47868299470561215,2.4211332312404297,183,8,Wet,2020,2020-08,"{""type"":""MultiPoint"",""coordinates"":[]}"
VHI_M_2020-08_000000000000000000b7,0.5721663418334922,3.077798861480076,184,8,Wet,2020,2020-08,"{""type"":""MultiPoint"",""coordinates"":[]}"
VHI_M_2020-08_000000000000000000b8,0.4094888488987121,2.0,185,8,Wet,2020,2020-08,"{""type"":""MultiPoint"",""coordinates"":[]}"
VHI_M_2020-08_000000000000000000b9,39.32522793557977,2.7855164226355353,186,8,Wet,2020,2020-08,"{""type"":""MultiPoint"",""coordinates"":[]}"
VHI_M_2020-08_000000000000000000ba,0.5206933200836182,2.8746666666666663,187,8,Wet,2020,2020-08,"{""type"":""MultiPoint"",""coordinates"":[]}"
VHI_M_2020-08_000000000000000000bb,0.47115347116890527,2.3455445544554454,188,8,Wet,2020,2020-08,"{""type"":""MultiPoint"",""coordinates"":[]}"
VHI_M_2020-08_000000000000000001a0,34.29542113501628,4.0096566523605155,417,8,Wet,2020,2020-08,"{""type"":""MultiPoint"",""coordinates"":[]}"
VHI_M_2020-08_000000000000000001a1,0.5411668360853721,2.924422989892895,418,8,Wet,2020,2020-08,"{""type"":""MultiPoint"",""coordinates"":[]}"
VHI_M_2020-08_000000000000000001a2,19.78033168963772,4.215199791068164,419,8,Wet,2020,2020-08,"{""type"":""MultiPoint"",""coordinates"":[]}"
VHI_M_2020-08_000000000000000001a3,0.6092092744387223,3.3922553946201597,420,8,Wet,2020,2020-08,"{""type"":""MultiPoint"",""coordinates"":[]}"
VHI_M_2020-08_000000000000000001cb,41.4292465446798,2.8568269762299616,460,8,Wet,2020,2020-08,"{""type"":""MultiPoint"",""coordinates"":[]}"
VHI_M_2020-08_000000000000000001cc,79.92074018107522,3.5046153846153847,461,8,Wet,2020,2020-08,"{""type"":""MultiPoint"",""coordinates"":[]}"
VHI_M_2020-08_0000000000000000021b,0.5861196739639862,3.045045045045045,540,8,Wet,2020,2020-08,"{""type"":""MultiPoint"",""coordinates"":[]}"
VHI_M_2020-08_0000000000000000021c,0.6113695744587027,3.297826086956522,541,8,Wet,2020,2020-08,"{""type"":""MultiPoint"",""coordinates"":[]}"
VHI_M_2020-08_0000000000000000021d,25.015634849727938,3.4615038271049086,542,8,Wet,2020,2020-08,"{""type"":""MultiPoint"",""coordinates"":[]}"
VHI_M_2020-08_000000000000000000bf,0.5308724875595924,2.8698732289336317,192,8,Wet,2020,2020-08,"{""type"":""MultiPoint"",""coordinates"":[]}"
VHI_M_2020-08_000000000000000000c0,0.5125254027436961,2.566373179817136,193,8,Wet,2020,2020-08,"{""type"":""MultiPoint"",""coordinates"":[]}"
VHI_M_2020-08_0000000000000000010a,0.5627532365591388,2.7969771915361368,267,8,Wet,2020,2020-08,"{""type"":""MultiPoint"",""coordinates"":[]}"
VHI_M_2020-08_0000000000000000010b,56.577327287828766,3.3195962994112707,268,8,Wet,2020,2020-08,"{""type"":""MultiPoint"",""coordinates"":[]}"
VHI_M_2020-08_00000000000000000226,3.11924607021948,3.4538245699646217,551,8,Wet,2020,2020-08,"{""type"":""MultiPoint"",""coordinates"":[]}"
VHI_M_2020-08_00000000000000000227,0.7925043384908489,4.146649260226283,552,8,Wet,2020,2020-08,"{""type"":""MultiPoint"",""coordinates"":[]}"
VHI_M_2020-08_000000000000000001a4,0.5662717659174655,2.830534825870647,421,8,Wet,2020,2020-08,"{""type"":""MultiPoint"",""coordinates"":[]}"
VHI_M_2020-08_000000000000000001a5,0.5969498778079328,3.2730236348818265,422,8,Wet,2020,2020-08,"{""type"":""MultiPoint"",""coordinates"":[]}"
VHI_M_2020-08_000000000000000001a6,0.6291063651552581,3.293943870014771,423,8,Wet,2020,2020-08,"{""type"":""MultiPoint"",""coordinates"":[]}"
VHI_M_2020-08_000000000000000001a7,0.5968272064538563,3.0036764705882355,424,8,Wet,2020,2020-08,"{""type"":""MultiPoint"",""coordinates"":[]}"
VHI_M_2020-08_000000000000000001a8,0.6814810252831645,3.8555691554467564,425,8,Wet,2020,2020-08,"{""type"":""MultiPoint"",""coordinates"":[]}"
VHI_M_2020-08_000000000000000001a9,0.5826953068841249,3.0109375,426,8,Wet,2020,2020-08,"{""type"":""MultiPoint"",""coordinates"":[]}"
VHI_M_2020-08_000000000000000001aa,0.5828672645646106,2.7227208313651396,427,8,Wet,2020,2020-08,"{""type"":""MultiPoint"",""coordinates"":[]}"
VHI_M_2020-08_000000000000000001fe,0.8300979033234113,4.364460562103356,511,8,Wet,2020,2020-08,"{""type"":""MultiPoint"",""coordinates"":[]}"
VHI_M_2020-08_000000000000000001ff,61.87893621330032,3.126679916713987,512,8,Wet,2020,2020-08,"{""type"":""MultiPoint"",""coordinates"":[]}"
VHI_M_2020-08_00000000000000000200,0.7329052006591475,4.001170275014629,513,8,Wet,2020,2020-08,"{""type"":""MultiPoint"",""coordinates"":[]}"
VHI_M_2020-08_00000000000000000201,101.95138772311937,4.232999472851871,514,8,Wet,2020,2020-08,"{""type"":""MultiPoint"",""coordinates"":[]}"
VHI_M_2020-08_00000000000000000202,0.7484453141843318,4.551248923341946,515,8,Wet,2020,2020-08,"{""type"":""MultiPoint"",""coordinates"":[]}"
VHI_M_2020-08_00000000000000000002,18.712602586016278,3.161948650427913,3,8,Wet,2020,2020-08,"{""type"":""MultiPoint"",""coordinates"":[]}"
VHI_M_2020-08_0000000000000000000d,17.213759091126903,3.51108417041912,14,8,Wet,2020,2020-08,"{""type"":""MultiPoint"",""coordinates"":[]}"
VHI_M_2020-08_00000000000000000027,53.56693945657143,3.592772710349962,40,8,Wet,2020,2020-08,"{""type"":""MultiPoint"",""coordinates"":[]}"
VHI_M_2020-08_00000000000000000070,0.5521183749811759,2.8822328022290153,113,8,Wet,2020,2020-08,"{""type"":""MultiPoint"",""coordinates"":[]}"
VHI_M_2020-08_00000000000000000071,0.5966517041346734,3.0850204246532305,114,8,Wet,2020,2020-08,"{""type"":""MultiPoint"",""coordinates"":[]}"
VHI_M_2020-08_000000000000000001b0,56.04072210188648,3.43793824578669,433,8,Wet,2020,2020-08,"{""type"":""MultiPoint"",""coordinates"":[]}"
VHI_M_2020-08_000000000000000001b1,7.592900251762017,3.1731873414341036,434,8,Wet,2020,2020-08,"{""type"":""MultiPoint"",""coordinates"":[]}"
VHI_M_2020-08_000000000000000001b2,90.97141737018465,3.2328620648687174,435,8,Wet,2020,2020-08,"{""type"":""MultiPoint"",""coordinates"":[]}"
VHI_M_2020-08_000000000000000001cd,1.4817735651917967,3.4535749782200575,462,8,Wet,2020,2020-08,"{""type"":""MultiPoint"",""coordinates"":[]}"
VHI_M_2020-08_000000000000000001ce,0.5635155518620395,2.8576160690688046,463,8,Wet,2020,2020-08,"{""type"":""MultiPoint"",""coordinates"":[]}"
VHI_M_2020-08_000000000000000001cf,22.395705801322027,3.384446099114749,464,8,Wet,2020,2020-08,"{""type"":""MultiPoint"",""coordinates"":[]}"
VHI_M_2020-08_0000000000000000001c,0.6790603351415427,3.664309956698034,29,8,Wet,2020,2020-08,"{""type"":""MultiPoint"",""coordinates"":[]}"
VHI_M_2020-08_0000000000000000001d,0.7037647263450191,3.8276415478615067,30,8,Wet,2020,2020-08,"{""type"":""MultiPoint"",""coordinates"":[]}"
VHI_M_2020-08_0000000000000000001e,0.6772618773342146,3.6842237676784,31,8,Wet,2020,2020-08,"{""type"":""MultiPoint"",""coordinates"":[]}"
VHI_M_2020-08_00000000000000000026,0.7075192943178908,3.9752493882928657,39,8,Wet,2020,2020-08,"{""type"":""MultiPoint"",""coordinates"":[]}"
VHI_M_2020-08_000000000000000000f9,0.6231346312999811,3.2561095833549496,250,8,Wet,2020,2020-08,"{""type"":""MultiPoint"",""coordinates"":[]}"
VHI_M_2020-08_000000000000000000fa,0.6070243832417082,3.1980249557548452,251,8,Wet,2020,2020-08,"{""type"":""MultiPoint"",""coordinates"":[]}"
VHI_M_2020-08_000000000000000000fb,0.6028252292037369,3.1703663424516972,252,8,Wet,2020,2020-08,"{""type"":""MultiPoint"",""coordinates"":[]}"
VHI_M_2020-08_000000000000000000fc,0.5162636609433038,2.6321745350500723,253,8,Wet,2020,2020-08,"{""type"":""MultiPoint"",""coordinates"":[]}"
VHI_M_2020-08_00000000000000000163,0.5848691660879294,3.086030524980564,356,8,Wet,2020,2020-08,"{""type"":""MultiPoint"",""coordinates"":[]}"
VHI_M_2020-08_00000000000000000164,0.5706602606752343,2.9805105447873435,357,8,Wet,2020,2020-08,"{""type"":""MultiPoint"",""coordinates"":[]}"
VHI_M_2020-08_00000000000000000165,0.7611831768046284,4.220978295230199,358,8,Wet,2020,2020-08,"{""type"":""MultiPoint"",""coordinates"":[]}"
VHI_M_2020-08_00000000000000000166,0.7103962282715628,3.919687638880071,359,8,Wet,2020,2020-08,"{""type"":""MultiPoint"",""coordinates"":[]}"
VHI_M_2020-08_00000000000000000149,0.7779280267729701,4.319777650050782,330,8,Wet,2020,2020-08,"{""type"":""MultiPoint"",""coordinates"":[]}"
VHI_M_2020-08_0000000000000000014a,0.5997806223205526,3.139752562501069,331,8,Wet,2020,2020-08,"{""type"":""MultiPoint"",""coordinates"":[]}"
VHI_M_2020-08_0000000000000000014b,0.6360518508061737,3.3252042239489965,332,8,Wet,2020,2020-08,"{""type"":""MultiPoint"",""coordinates"":[]}"
VHI_M_2020-08_0000000000000000014c,0.7212864754238429,3.9542117819783438,333,8,Wet,2020,2020-08,"{""type"":""MultiPoint"",""coordinates"":[]}"
VHI_M_2020-08_0000000000000000014d,0.6794679062100508,3.7199794980071763,334,8,Wet,2020,2020-08,"{""type"":""MultiPoint"",""coordinates"":[]}"
VHI_M_2020-08_0000000000000000014e,0.5939103133099656,3.1245303599563696,335,8,Wet,2020,2020-08,"{""type"":""MultiPoint"",""coordinates"":[]}"
VHI_M_2020-08_00000000000000000158,0.7615177571913492,4.28212503668917,345,8,Wet,2020,2020-08,"{""type"":""MultiPoint"",""coordinates"":[]}"
VHI_M_2020-08_00000000000000000159,0.8350705369086099,4.735047038558366,346,8,Wet,2020,2020-08,"{""type"":""MultiPoint"",""coordinates"":[]}"
VHI_M_2020-08_0000000000000000015a,0.7663885627437598,4.346318746303962,347,8,Wet,2020,2020-08,"{""type"":""MultiPoint"",""coordinates"":[]}"
VHI_M_2020-08_0000000000000000015b,0.7930489820693292,4.465496968736708,348,8,Wet,2020,2020-08,"{""type"":""MultiPoint"",""coordinates"":[]}"
VHI_M_2020-08_0000000000000000015c,0.7265184930230837,3.997536695329889,349,8,Wet,2020,2020-08,"{""type"":""MultiPoint"",""coordinates"":[]}"
VHI_M_2020-08_0000000000000000015d,0.7952241345091732,4.482384971908834,350,8,Wet,2020,2020-08,"{""type"":""MultiPoint"",""coordinates"":[]}"
VHI_M_2020-08_00000000000000000008,0.6277011557964808,3.3243163194787244,9,8,Wet,2020,2020-08,"{""type"":""MultiPoint"",""coordinates"":[]}"
VHI_M_2020-08_000000000000000000c2,0.6434412457629706,3.441591487393014,195,8,Wet,2020,2020-08,"{""type"":""MultiPoint"",""coordinates"":[]}"
VHI_M_2020-08_000000000000000000c3,0.6237180401638137,3.303940250521543,196,8,Wet,2020,2020-08,"{""type"":""MultiPoint"",""coordinates"":[]}"
VHI_M_2020-08_000000000000000000c4,0.7280890866590075,4.050806130573249,197,8,Wet,2020,2020-08,"{""type"":""MultiPoint"",""coordinates"":[]}"
VHI_M_2020-08_000000000000000000c5,0.6298440090067795,3.347498963085854,198,8,Wet,2020,2020-08,"{""type"":""MultiPoint"",""coordinates"":[]}"
VHI_M_2020-08_000000000000000000c6,0.691342078042376,3.7864484419702165,199,8,Wet,2020,2020-08,"{""type"":""MultiPoint"",""coordinates"":[]}"
VHI_M_2020-08_000000000000000000c7,0.6540979848484926,3.5304406603887157,200,8,Wet,2020,2020-08,"{""type"":""MultiPoint"",""coordinates"":[]}"
VHI_M_2020-08_000000000000000000c8,0.6390446521993733,3.367049492712574,201,8,Wet,2020,2020-08,"{""type"":""MultiPoint"",""coordinates"":[]}"
VHI_M_2020-08_000000000000000000c9,0.578815182710854,3.017805315946489,202,8,Wet,2020,2020-08,"{""type"":""MultiPoint"",""coordinates"":[]}"
VHI_M_2020-08_00000000000000000136,0.7185317596884537,3.968677263529716,311,8,Wet,2020,2020-08,"{""type"":""MultiPoint"",""coordinates"":[]}"
VHI_M_2020-08_00000000000000000137,0.739181568890582,4.051696469509399,312,8,Wet,2020,2020-08,"{""type"":""MultiPoint"",""coordinates"":[]}"
VHI_M_2020-08_00000000000000000138,0.7799113498805411,4.380937584961356,313,8,Wet,2020,2020-08,"{""type"":""MultiPoint"",""coordinates"":[]}"
VHI_M_2020-08_00000000000000000139,0.7259084021553134,4.04901479809828,314,8,Wet,2020,2020-08,"{""type"":""MultiPoint"",""coordinates"":[]}"
VHI_M_2020-08_0000000000000000013a,0.6714887689521437,3.6361381529589387,315,8,Wet,2020,2020-08,"{""type"":""MultiPoint"",""coordinates"":[]}"
VHI_M_2020-08_000000000000000001ef,0.45445056544769796,2.192475156565395,496,8,Wet,2020,2020-08,"{""type"":""MultiPoint"",""coordinates"":[]}"
VHI_M_2020-08_000000000000000001f0,0.584760988111477,3.054913545577889,497,8,Wet,2020,2020-08,"{""type"":""MultiPoint"",""coordinates"":[]}"
VHI_M_2020-08_00000000000000000081,0.42523815251750496,1.9527217268887846,130,8,Wet,2020,2020-08,"{""type"":""MultiPoint"",""coordinates"":[]}"
VHI_M_2020-08_000000000000000000a0,0.5142406281210989,2.610971373817223,161,8,Wet,2020,2020-08,"{""type"":""MultiPoint"",""coordinates"":[]}"
VHI_M_2020-08_000000000000000000a1,32.07555885743479,3.2118999384076545,162,8,Wet,2020,2020-08,"{""type"":""MultiPoint"",""coordinates"":[]}"
VHI_M_2020-08_000000000000000000a2,8.702531644127149,3.0018965424111332,163,8,Wet,2020,2020-08,"{""type"":""MultiPoint"",""coordinates"":[]}"
VHI_M_2020-08_000000000000000000a3,5.621073190230377,3.0570875777219215,164,8,Wet,2020,2020-08,"{""type"":""MultiPoint"",""coordinates"":[]}"
VHI_M_2020-08_000000000000000000a4,77.98135441762142,3.3754549277190535,165,8,Wet,2020,2020-08,"{""type"":""MultiPoint"",""coordinates"":[]}"
VHI_M_2020-08_0000000000000000014f,0.5408545505242349,2.743472210853729,336,8,Wet,2020,2020-08,"{""type"":""MultiPoint"",""coordinates"":[]}"
VHI_M_2020-08_00000000000000000150,0.7365060201675839,4.057065904917364,337,8,Wet,2020,2020-08,"{""type"":""MultiPoint"",""coordinates"":[]}"
VHI_M_2020-08_00000000000000000151,2.3192212213687964,3.694052750207599,338,8,Wet,2020,2020-08,"{""type"":""MultiPoint"",""coordinates"":[]}"
VHI_M_2020-08_00000000000000000152,0.7391408899715913,4.1016023817790925,339,8,Wet,2020,2020-08,"{""type"":""MultiPoint"",""coordinates"":[]}"
VHI_M_2020-08_00000000000000000153,0.6409783011896684,3.4427065691685432,340,8,Wet,2020,2020-08,"{""type"":""MultiPoint"",""coordinates"":[]}"
VHI_M_2020-08_00000000000000000171,0.650456359789895,3.528189314205268,370,8,Wet,2020,2020-08,"{""type"":""MultiPoint"",""coordinates"":[]}"
VHI_M_2020-08_00000000000000000172,0.6836503389549405,3.6726111994163175,371,8,Wet,2020,2020-08,"{""type"":""MultiPoint"",""coordinates"":[]}"
VHI_M_2020-08_00000000000000000173,0.7111648639567894,3.894399809084402,372,8,Wet,2020,2020-08,"{""type"":""MultiPoint"",""coordinates"":[]}"
VHI_M_2020-08_000000000000000001f1,0.6871479529133081,3.7508423922749943,498,8,Wet,2020,2020-08,"{""type"":""MultiPoint"",""coordinates"":[]}"
VHI_M_2020-08_000000000000000001f2,0.5273736167313547,2.6810041860610396,499,8,Wet,2020,2020-08,"{""type"":""MultiPoint"",""coordinates"":[]}"
VHI_M_2020-08_000000000000000001f3,0.5543750561103861,2.8541165548381655,500,8,Wet,2020,2020-08,"{""type"":""MultiPoint"",""coordinates"":[]}"
VHI_M_2020-08_00000000000000000092,0.7198449561386826,3.967840069534984,147,8,Wet,2020,2020-08,"{""type"":""MultiPoint"",""coordinates"":[]}"
VHI_M_2020-08_00000000000000000093,0.6577598209848023,3.538583973958651,148,8,Wet,2020,2020-08,"{""type"":""MultiPoint"",""coordinates"":[]}"
VHI_M_2020-08_00000000000000000094,0.8089804030562674,3.32314984893785,149,8,Wet,2020,2020-08,"{""type"":""MultiPoint"",""coordinates"":[]}"
VHI_M_2020-08_00000000000000000095,13.094279761811801,3.460984326977904,150,8,Wet,2020,2020-08,"{""type"":""MultiPoint"",""coordinates"":[]}"
VHI_M_2020-08_00000000000000000096,0.723541753805777,4.0156749089202055,151,8,Wet,2020,2020-08,"{""type"":""MultiPoint"",""coordinates"":[]}"
VHI_M_2020-08_00000000000000000097,0.7549486114949674,4.37564986095998,152,8,Wet,2020,2020-08,"{""type"":""MultiPoint"",""coordinates"":[]}"
VHI_M_2020-08_00000000000000000098,0.6214777693404991,3.4046610169491527,153,8,Wet,2020,2020-08,"{""type"":""MultiPoint"",""coordinates"":[]}"
VHI_M_2020-08_000000000000000000a9,0.6759659355118266,3.6596594492327092,170,8,Wet,2020,2020-08,"{""type"":""MultiPoint"",""coordinates"":[]}"
VHI_M_2020-08_0000000000000000017c,61.86811439070543,3.78351778416541,381,8,Wet,2020,2020-08,"{""type"":""MultiPoint"",""coordinates"":[]}"
VHI_M_2020-08_0000000000000000017d,39.022902589293274,3.7505409896504007,382,8,Wet,2020,2020-08,"{""type"":""MultiPoint"",""coordinates"":[]}"
VHI_M_2020-08_0000000000000000017e,11.70153996942329,3.3016392898071687,383,8,Wet,2020,2020-08,"{""type"":""MultiPoint"",""coordinates"":[]}"
VHI_M_2020-08_000000000000000001ee,0.6475263043244217,3.6594613339498308,495,8,Wet,2020,2020-08,"{""type"":""MultiPoint"",""coordinates"":[]}"
VHI_M_2020-08_0000000000000000020d,0.4253459038204524,2.025733674098881,526,8,Wet,2020,2020-08,"{""type"":""MultiPoint"",""coordinates"":[]}"
VHI_M_2020-08_0000000000000000020e,3.93963999610089,3.9771889799501934,527,8,Wet,2020,2020-08,"{""type"":""MultiPoint"",""coordinates"":[]}"
VHI_M_2020-08_0000000000000000020f,0.5413411233242376,2.7539673736501395,528,8,Wet,2020,2020-08,"{""type"":""MultiPoint"",""coordinates"":[]}"
VHI_M_2020-08_00000000000000000210,0.6638773164958258,3.583089601201535,529,8,Wet,2020,2020-08,"{""type"":""MultiPoint"",""coordinates"":[]}"
VHI_M_2020-08_00000000000000000211,11.895360212527688,3.033739153651048,530,8,Wet,2020,2020-08,"{""type"":""MultiPoint"",""coordinates"":[]}"
VHI_M_2020-08_00000000000000000058,0.4652132475711284,2.256923623308506,89,8,Wet,2020,2020-08,"{""type"":""MultiPoint"",""coordinates"":[]}"
VHI_M_2020-08_00000000000000000059,0.5000221910371477,2.510185120502965,90,8,Wet,2020,2020-08,"{""type"":""MultiPoint"",""coordinates"":[]}"
VHI_M_2020-08_0000000000000000018b,0.8472247807795802,5.0,396,8,Wet,2020,2020-08,"{""type"":""MultiPoint"",""coordinates"":[]}"
VHI_M_2020-08_0000000000000000018c,0.6705066734158127,3.6298402022572462,397,8,Wet,2020,2020-08,"{""type"":""MultiPoint"",""coordinates"":[]}"
VHI_M_2020-08_0000000000000000018d,0.6221468865837411,3.327096015495298,398,8,Wet,2020,2020-08,"{""type"":""MultiPoint"",""coordinates"":[]}"
VHI_M_2020-08_0000000000000000018e,0.680832436675487,3.698162729658793,399,8,Wet,2020,2020-08,"{""type"":""MultiPoint"",""coordinates"":[]}"
VHI_M_2020-08_00000000000000000036,0.7714496961687796,4.22892590074779,55,8,Wet,2020,2020-08,"{""type"":""MultiPoint"",""coordinates"":[]}"
VHI_M_2020-08_000000000000000000db,0.7010470451233942,3.8366894306089714,220,8,Wet,2020,2020-08,"{""type"":""MultiPoint"",""coordinates"":[]}"
VHI_M_2020-08_000000000000000000dc,0.7782279231615991,4.325877521871095,221,8,Wet,2020,2020-08,"{""type"":""MultiPoint"",""coordinates"":[]}"
VHI_M_2020-08_000000000000000000dd,0.6020825492773769,3.1709679604416463,222,8,Wet,2020,2020-08,"{""type"":""MultiPoint"",""coordinates"":[]}"
VHI_M_2020-08_00000000000000000102,0.5957287669640904,3.1359849269120867,259,8,Wet,2020,2020-08,"{""type"":""MultiPoint"",""coordinates"":[]}"
VHI_M_2020-08_00000000000000000103,0.5669246051839366,2.9201455252657333,260,8,Wet,2020,2020-08,"{""type"":""MultiPoint"",""coordinates"":[]}"
VHI_M_2020-08_00000000000000000104,0.6421273835668712,3.4489506104533207,261,8,Wet,2020,2020-08,"{""type"":""MultiPoint"",""coordinates"":[]}"
VHI_M_2020-08_00000000000000000105,0.8198417309785286,4.53643260694108,262,8,Wet,2020,2020-08,"{""type"":""MultiPoint"",""coordinates"":[]}"
VHI_M_2020-08_0000000000000000000a,0.5625673637033541,2.9330037082818303,11,8,Wet,2020,2020-08,"{""type"":""MultiPoint"",""coordinates"":[]}"
VHI_M_2020-08_000000000000000000b1,0.5207277283739135,2.6442075635359426,178,8,Wet,2020,2020-08,"{""type"":""MultiPoint"",""coordinates"":[]}"
VHI_M_2020-08_000000000000000000b2,0.49585590503414934,2.4783383208329024,179,8,Wet,2020,2020-08,"{""type"":""MultiPoint"",""coordinates"":[]}"
VHI_M_2020-08_000000000000000000b3,0.6280047358257581,3.3697631662758054,180,8,Wet,2020,2020-08,"{""type"":""MultiPoint"",""coordinates"":[]}"
VHI_M_2020-08_000000000000000000ca,0.6186725261179714,3.360336068776866,203,8,Wet,2020,2020-08,"{""type"":""MultiPoint"",""coordinates"":[]}"
VHI_M_2020-08_000000000000000000d2,0.49851986299637807,2.4902620375001514,211,8,Wet,2020,2020-08,"{""type"":""MultiPoint"",""coordinates"":[]}"
VHI_M_2020-08_000000000000000000d3,0.45254823394626426,2.18589674548851,212,8,Wet,2020,2020-08,"{""type"":""MultiPoint"",""coordinates"":[]}"
VHI_M_2020-08_000000000000000000d4,0.5100219372585996,2.593333981148575,213,8,Wet,2020,2020-08,"{""type"":""MultiPoint"",""coordinates"":[]}"
VHI_M_2020-08_000000000000000000d5,0.47171769461219254,2.3483193234637945,214,8,Wet,2020,2020-08,"{""type"":""MultiPoint"",""coordinates"":[]}"
VHI_M_2020-08_000000000000000000bc,0.5247956597210129,2.661403924740929,189,8,Wet,2020,2020-08,"{""type"":""MultiPoint"",""coordinates"":[]}"
VHI_M_2020-08_000000000000000000bd,0.6269591349382707,3.335607921221654,190,8,Wet,2020,2020-08,"{""type"":""MultiPoint"",""coordinates"":[]}"
VHI_M_2020-08_000000000000000000be,0.47197102012622055,2.2976427860142024,191,8,Wet,2020,2020-08,"{""type"":""MultiPoint"",""coordinates"":[]}"
VHI_M_2020-08_000000000000000000f1,0.6353928542292575,3.255555555555555,242,8,Wet,2020,2020-08,"{""type"":""MultiPoint"",""coordinates"":[]}"
VHI_M_2020-08_00000000000000000100,0.6838422406677045,3.715890850722314,257,8,Wet,2020,2020-08,"{""type"":""MultiPoint"",""coordinates"":[]}"
VHI_M_2020-08_00000000000000000101,0.6600352131039436,3.568374435714264,258,8,Wet,2020,2020-08,"{""type"":""MultiPoint"",""coordinates"":[]}"
VHI_M_2020-08_0000000000000000012f,0.6474593699087129,3.475779496170746,304,8,Wet,2020,2020-08,"{""type"":""MultiPoint"",""coordinates"":[]}"
VHI_M_2020-08_00000000000000000130,0.6324734614060412,3.390579891740175,305,8,Wet,2020,2020-08,"{""type"":""MultiPoint"",""coordinates"":[]}"
VHI_M_2020-08_00000000000000000131,0.5672776264843457,2.949600092669667,306,8,Wet,2020,2020-08,"{""type"":""MultiPoint"",""coordinates"":[]}"
VHI_M_2020-08_00000000000000000065,0.5143737066946062,2.5991004296716333,102,8,Wet,2020,2020-08,"{""type"":""MultiPoint"",""coordinates"":[]}"
VHI_M_2020-08_00000000000000000066,0.5582593779666273,2.8944091607269207,103,8,Wet,2020,2020-08,"{""type"":""MultiPoint"",""coordinates"":[]}"
VHI_M_2020-08_00000000000000000067,0.6601667186724264,3.551520341920392,104,8,Wet,2020,2020-08,"{""type"":""MultiPoint"",""coordinates"":[]}"
VHI_M_2020-08_00000000000000000068,0.6016219043113341,3.1618756989500465,105,8,Wet,2020,2020-08,"{""type"":""MultiPoint"",""coordinates"":[]}"
VHI_M_2020-08_00000000000000000109,0.4947902719099762,2.443378784377167,266,8,Wet,2020,2020-08,"{""type"":""MultiPoint"",""coordinates"":[]}"
VHI_M_2020-08_000000000000000001c1,0.636815459031638,3.4065503617316515,450,8,Wet,2020,2020-08,"{""type"":""MultiPoint"",""coordinates"":[]}"
VHI_M_2020-08_000000000000000001c2,0.5092500777893562,2.566363712687028,451,8,Wet,2020,2020-08,"{""type"":""MultiPoint"",""coordinates"":[]}"
VHI_M_2020-08_00000000000000000113,0.649591795522607,3.4164376030786148,276,8,Wet,2020,2020-08,"{""type"":""MultiPoint"",""coordinates"":[]}"
VHI_M_2020-08_00000000000000000114,0.7291832807168107,4.072222777722224,277,8,Wet,2020,2020-08,"{""type"":""MultiPoint"",""coordinates"":[]}"
VHI_M_2020-08_00000000000000000115,0.6615005972390187,3.5833729551908964,278,8,Wet,2020,2020-08,"{""type"":""MultiPoint"",""coordinates"":[]}"
VHI_M_2020-08_00000000000000000116,0.6155131439816235,3.2504396190626745,279,8,Wet,2020,2020-08,"{""type"":""MultiPoint"",""coordinates"":[]}"
VHI_M_2020-08_00000000000000000117,0.6174282165932584,3.3282340857069848,280,8,Wet,2020,2020-08,"{""type"":""MultiPoint"",""coordinates"":[]}"
VHI_M_2020-08_00000000000000000167,0.8182616589225523,4.774892490903077,360,8,Wet,2020,2020-08,"{""type"":""MultiPoint"",""coordinates"":[]}"
VHI_M_2020-08_00000000000000000168,0.46744808088992745,2.3586623082725664,361,8,Wet,2020,2020-08,"{""type"":""MultiPoint"",""coordinates"":[]}"
VHI_M_2020-08_00000000000000000169,0.4966354175793276,2.4518464384406324,362,8,Wet,2020,2020-08,"{""type"":""MultiPoint"",""coordinates"":[]}"
VHI_M_2020-08_0000000000000000016a,0.6863492068169169,3.7726601640971027,363,8,Wet,2020,2020-08,"{""type"":""MultiPoint"",""coordinates"":[]}"
VHI_M_2020-08_0000000000000000016b,0.6526247924522609,3.517977562530653,364,8,Wet,2020,2020-08,"{""type"":""MultiPoint"",""coordinates"":[]}"
VHI_M_2020-08_0000000000000000016c,0.7300671720872096,4.078885653855343,365,8,Wet,2020,2020-08,"{""type"":""MultiPoint"",""coordinates"":[]}"
VHI_M_2020-08_0000000000000000016d,0.42863665252818056,2.073621604243691,366,8,Wet,2020,2020-08,"{""type"":""MultiPoint"",""coordinates"":[]}"
VHI_M_2020-08_000000000000000000cb,0.7306170476119083,4.043899048230138,204,8,Wet,2020,2020-08,"{""type"":""MultiPoint"",""coordinates"":[]}"
VHI_M_2020-08_000000000000000000eb,15.421137863170223,3.1556727159372735,236,8,Wet,2020,2020-08,"{""type"":""MultiPoint"",""coordinates"":[]}"
VHI_M_2020-08_000000000000000000ec,0.7155827019047458,3.9124319889862234,237,8,Wet,2020,2020-08,"{""type"":""MultiPoint"",""coordinates"":[]}"
VHI_M_2020-08_000000000000000000ed,0.7229925009748353,3.942505233575179,238,8,Wet,2020,2020-08,"{""type"":""MultiPoint"",""coordinates"":[]}"
VHI_M_2020-08_000000000000000000ee,0.7514922792493962,4.337325800376648,239,8,Wet,2020,2020-08,"{""type"":""MultiPoint"",""coordinates"":[]}"
VHI_M_2020-08_000000000000000000ef,0.7381181658052011,4.061175378668273,240,8,Wet,2020,2020-08,"{""type"":""MultiPoint"",""coordinates"":[]}"
VHI_M_2020-08_00000000000000000146,0.6701417770126566,3.633521078146819,327,8,Wet,2020,2020-08,"{""type"":""MultiPoint"",""coordinates"":[]}"
VHI_M_2020-08_00000000000000000147,8.561859395536473,3.16390324058713,328,8,Wet,2020,2020-08,"{""type"":""MultiPoint"",""coordinates"":[]}"
VHI_M_2020-08_00000000000000000148,0.6567705999836918,3.542263961264134,329,8,Wet,2020,2020-08,"{""type"":""MultiPoint"",""coordinates"":[]}"
VHI_M_2020-08_0000000000000000015e,0.7343136089823649,4.077038878944255,351,8,Wet,2020,2020-08,"{""type"":""MultiPoint"",""coordinates"":[]}"
VHI_M_2020-08_0000000000000000015f,0.6895870835730484,3.7488018378421204,352,8,Wet,2020,2020-08,"{""type"":""MultiPoint"",""coordinates"":[]}"
VHI_M_2020-08_00000000000000000160,0.7533262401152481,4.171907824919324,353,8,Wet,2020,2020-08,"{""type"":""MultiPoint"",""coordinates"":[]}"
VHI_M_2020-08_00000000000000000161,0.8137073006280509,4.694064901793337,354,8,Wet,2020,2020-08,"{""type"":""MultiPoint"",""coordinates"":[]}"
VHI_M_2020-08_00000000000000000162,4.599419876194902,3.6034364116760247,355,8,Wet,2020,2020-08,"{""type"":""MultiPoint"",""coordinates"":[]}"
VHI_M_2020-08_00000000000000000010,0.49719095097690075,2.4995894535170153,17,8,Wet,2020,2020-08,"{""type"":""MultiPoint"",""coordinates"":[]}"
VHI_M_2020-08_00000000000000000121,0.6106376870706257,3.279526806788805,290,8,Wet,2020,2020-08,"{""type"":""MultiPoint"",""coordinates"":[]}"
VHI_M_2020-08_00000000000000000122,0.7461469113492382,3.260335825633586,291,8,Wet,2020,2020-08,"{""type"":""MultiPoint"",""coordinates"":[]}"
VHI_M_2020-08_00000000000000000123,0.587424088752092,3.106620937974594,292,8,Wet,2020,2020-08,"{""type"":""MultiPoint"",""coordinates"":[]}"
VHI_M_2020-08_0000000000000000019a,0.4907477696966606,2.479386480711576,411,8,Wet,2020,2020-08,"{""type"":""MultiPoint"",""coordinates"":[]}"
VHI_M_2020-08_0000000000000000019b,0.6212894271688479,3.306995850078221,412,8,Wet,2020,2020-08,"{""type"":""MultiPoint"",""coordinates"":[]}"
VHI_M_2020-08_0000000000000000019c,0.6882291414501114,3.7480163221713374,413,8,Wet,2020,2020-08,"{""type"":""MultiPoint"",""coordinates"":[]}"
VHI_M_2020-08_0000000000000000019d,0.6773048708512399,3.686332020447498,414,8,Wet,2020,2020-08,"{""type"":""MultiPoint"",""coordinates"":[]}"
VHI_M_2020-08_0000000000000000019e,4.165281318631556,2.7216747151423233,415,8,Wet,2020,2020-08,"{""type"":""MultiPoint"",""coordinates"":[]}"
VHI_M_2020-08_0000000000000000019f,0.6036201049811699,3.1928397387493286,416,8,Wet,2020,2020-08,"{""type"":""MultiPoint"",""coordinates"":[]}"
VHI_M_2020-08_00000000000000000216,0.7266807190715073,4.022052862007459,535,8,Wet,2020,2020-08,"{""type"":""MultiPoint"",""coordinates"":[]}"
VHI_M_2020-08_00000000000000000217,0.788515726723371,4.006220135739722,536,8,Wet,2020,2020-08,"{""type"":""MultiPoint"",""coordinates"":[]}"
VHI_M_2020-08_00000000000000000218,0.6781964870886116,3.6333333333333333,537,8,Wet,2020,2020-08,"{""type"":""MultiPoint"",""coordinates"":[]}"
VHI_M_2020-08_00000000000000000219,0.7370113678145076,4.102260023665852,538,8,Wet,2020,2020-08,"{""type"":""MultiPoint"",""coordinates"":[]}"
VHI_M_2020-08_0000000000000000021a,8.580794475759335,4.197699211409105,539,8,Wet,2020,2020-08,"{""type"":""MultiPoint"",""coordinates"":[]}"
VHI_M_2020-08_00000000000000000004,0.5728674959283145,2.9732315753502667,5,8,Wet,2020,2020-08,"{""type"":""MultiPoint"",""coordinates"":[]}"
VHI_M_2020-08_00000000000000000028,0.5691639591263703,2.962793662406299,41,8,Wet,2020,2020-08,"{""type"":""MultiPoint"",""coordinates"":[]}"
VHI_M_2020-08_00000000000000000029,0.6084387060966954,3.2552329609340394,42,8,Wet,2020,2020-08,"{""type"":""MultiPoint"",""coordinates"":[]}"
VHI_M_2020-08_0000000000000000002a,0.4221234612196413,2.1518933471086683,43,8,Wet,2020,2020-08,"{""type"":""MultiPoint"",""coordinates"":[]}"
VHI_M_2020-08_0000000000000000002b,0.5904418996842534,3.1141443024431608,44,8,Wet,2020,2020-08,"{""type"":""MultiPoint"",""coordinates"":[]}"
VHI_M_2020-08_000000000000000000a7,0.616206977825223,3.278673906830525,168,8,Wet,2020,2020-08,"{""type"":""MultiPoint"",""coordinates"":[]}"
VHI_M_2020-08_000000000000000000a8,0.7112110076268486,3.856349457394519,169,8,Wet,2020,2020-08,"{""type"":""MultiPoint"",""coordinates"":[]}"
VHI_M_2020-08_0000000000000000000c,0.45253775007873676,2.29027562994633,13,8,Wet,2020,2020-08,"{""type"":""MultiPoint"",""coordinates"":[]}"
VHI_M_2020-08_00000000000000000060,0.7312560181912796,3.9507991001989224,97,8,Wet,2020,2020-08,"{""type"":""MultiPoint"",""coordinates"":[]}"
VHI_M_2020-08_00000000000000000061,0.5892802612368031,3.0854917166020415,98,8,Wet,2020,2020-08,"{""type"":""MultiPoint"",""coordinates"":[]}"
VHI_M_2020-08_00000000000000000062,0.3221193363420577,1.6817988208560828,99,8,Wet,2020,2020-08,"{""type"":""MultiPoint"",""coordinates"":[]}"
VHI_M_2020-08_00000000000000000063,0.3989995812406703,1.9811017572932301,100,8,Wet,2020,2020-08,"{""type"":""MultiPoint"",""coordinates"":[]}"
VHI_M_2020-08_00000000000000000064,0.31559531049511824,1.642622582632042,101,8,Wet,2020,2020-08,"{""type"":""MultiPoint"",""coordinates"":[]}"
VHI_M_2020-08_00000000000000000011,0.5641008745454873,2.9316013051776153,18,8,Wet,2020,2020-08,"{""type"":""MultiPoint"",""coordinates"":[]}"
VHI_M_2020-08_00000000000000000033,0.5016788448242014,2.5570157848530606,52,8,Wet,2020,2020-08,"{""type"":""MultiPoint"",""coordinates"":[]}"
VHI_M_2020-08_00000000000000000034,0.5986340350242818,3.11917846977723,53,8,Wet,2020,2020-08,"{""type"":""MultiPoint"",""coordinates"":[]}"
VHI_M_2020-08_000000000000000001b3,0.6748411059760637,3.6687540639593332,436,8,Wet,2020,2020-08,"{""type"":""MultiPoint"",""coordinates"":[]}"
VHI_M_2020-08_000000000000000001b4,0.6698217942487552,3.6251626313884895,437,8,Wet,2020,2020-08,"{""type"":""MultiPoint"",""coordinates"":[]}"
VHI_M_2020-08_000000000000000001b5,0.5830193920364054,3.0743034506062825,438,8,Wet,2020,2020-08,"{""type"":""MultiPoint"",""coordinates"":[]}"
VHI_M_2020-08_00000000000000000005,0.5421722551653428,2.9196306895611883,6,8,Wet,2020,2020-08,"{""type"":""MultiPoint"",""coordinates"":[]}"
VHI_M_2020-08_00000000000000000082,0.35143710117489607,1.696800223947811,131,8,Wet,2020,2020-08,"{""type"":""MultiPoint"",""coordinates"":[]}"
VHI_M_2020-08_00000000000000000083,0.40917682324783683,1.943440483986043,132,8,Wet,2020,2020-08,"{""type"":""MultiPoint"",""coordinates"":[]}"
VHI_M_2020-08_00000000000000000084,0.4192048296029097,2.014016536893621,133,8,Wet,2020,2020-08,"{""type"":""MultiPoint"",""coordinates"":[]}"
VHI_M_2020-08_00000000000000000085,0.5567519471709221,3.026372532758334,134,8,Wet,2020,2020-08,"{""type"":""MultiPoint"",""coordinates"":[]}"
VHI_M_2020-08_00000000000000000086,0.47281251486298687,2.398703102869372,135,8,Wet,2020,2020-08,"{""type"":""MultiPoint"",""coordinates"":[]}"
VHI_M_2020-08_00000000000000000087,0.48768836204657134,2.3804078846317944,136,8,Wet,2020,2020-08,"{""type"":""MultiPoint"",""coordinates"":[]}"
VHI_M_2020-08_0000000000000000010c,0.3709463094353778,1.7827673914270286,269,8,Wet,2020,2020-08,"{""type"":""MultiPoint"",""coordinates"":[]}"
VHI_M_2020-08_0000000000000000010d,0.46782170417168645,2.30299729803322,270,8,Wet,2020,2020-08,"{""type"":""MultiPoint"",""coordinates"":[]}"
VHI_M_2020-08_0000000000000000010e,0.3252916966978578,1.4997372994382248,271,8,Wet,2020,2020-08,"{""type"":""MultiPoint"",""coordinates"":[]}"
VHI_M_2020-08_0000000000000000010f,0.4067131201465273,1.9313242329078089,272,8,Wet,2020,2020-08,"{""type"":""MultiPoint"",""coordinates"":[]}"
VHI_M_2020-08_00000000000000000110,0.4161050396031375,1.9992020279063663,273,8,Wet,2020,2020-08,"{""type"":""MultiPoint"",""coordinates"":[]}"
VHI_M_2020-08_00000000000000000111,0.4328555511937805,2.1068730136958336,274,8,Wet,2020,2020-08,"{""type"":""MultiPoint"",""coordinates"":[]}"
VHI_M_2020-08_000000000000000001d0,0.3983527556587963,1.9152565020281573,465,8,Wet,2020,2020-08,"{""type"":""MultiPoint"",""coordinates"":[]}"
VHI_M_2020-08_000000000000000001d1,0.5101089589993586,2.599938760536366,466,8,Wet,2020,2020-08,"{""type"":""MultiPoint"",""coordinates"":[]}"
VHI_M_2020-08_00000000000000000009,0.5566738384784362,2.8115783453112173,10,8,Wet,2020,2020-08,"{""type"":""MultiPoint"",""coordinates"":[]}"
VHI_M_2020-08_0000000000000000009e,0.4947906603000346,2.482981915059584,159,8,Wet,2020,2020-08,"{""type"":""MultiPoint"",""coordinates"":[]}"
VHI_M_2020-08_0000000000000000009f,0.5720575481497178,2.98473615656469,160,8,Wet,2020,2020-08,"{""type"":""MultiPoint"",""coordinates"":[]}"
VHI_M_2020-08_00000000000000000154,0.46770113594504203,2.3586796328483004,341,8,Wet,2020,2020-08,"{""type"":""MultiPoint"",""coordinates"":[]}"
VHI_M_2020-08_00000000000000000155,0.3889763056058673,1.8593798782719047,342,8,Wet,2020,2020-08,"{""type"":""MultiPoint"",""coordinates"":[]}"
VHI_M_2020-08_00000000000000000156,0.4671344454373387,2.2906012908278526,343,8,Wet,2020,2020-08,"{""type"":""MultiPoint"",""coordinates"":[]}"
VHI_M_2020-08_00000000000000000157,0.361158216709797,1.6831436377200226,344,8,Wet,2020,2020-08,"{""type"":""MultiPoint"",""coordinates"":[]}"
VHI_M_2020-08_00000000000000000178,0.5795921463169218,3.057934368490935,377,8,Wet,2020,2020-08,"{""type"":""MultiPoint"",""coordinates"":[]}"
VHI_M_2020-08_00000000000000000179,0.48821557918432135,2.4303323511106862,378,8,Wet,2020,2020-08,"{""type"":""MultiPoint"",""coordinates"":[]}"
VHI_M_2020-08_0000000000000000017a,0.5602912208898291,2.9124168802222226,379,8,Wet,2020,2020-08,"{""type"":""MultiPoint"",""coordinates"":[]}"
VHI_M_2020-08_0000000000000000017b,0.5288705776638926,2.68086317532602,380,8,Wet,2020,2020-08,"{""type"":""MultiPoint"",""coordinates"":[]}"
VHI_M_2020-08_0000000000000000000f,0.292647331889772,1.2812187187187187,16,8,Wet,2020,2020-08,"{""type"":""MultiPoint"",""coordinates"":[]}"
VHI_M_2020-08_00000000000000000040,0.3645981421718556,1.6726486985781688,65,8,Wet,2020,2020-08,"{""type"":""MultiPoint"",""coordinates"":[]}"
VHI_M_2020-08_00000000000000000041,0.4473125174429423,2.237503734002591,66,8,Wet,2020,2020-08,"{""type"":""MultiPoint"",""coordinates"":[]}"
VHI_M_2020-08_00000000000000000042,0.3660009373036353,1.7350931847540547,67,8,Wet,2020,2020-08,"{""type"":""MultiPoint"",""coordinates"":[]}"
VHI_M_2020-08_00000000000000000043,0.275345099896172,1.3494479594648687,68,8,Wet,2020,2020-08,"{""type"":""MultiPoint"",""coordinates"":[]}"
VHI_M_2020-08_00000000000000000192,0.42465795999246636,2.013649394740318,403,8,Wet,2020,2020-08,"{""type"":""MultiPoint"",""coordinates"":[]}"
VHI_M_2020-08_00000000000000000193,0.5506920597874715,2.828169620755911,404,8,Wet,2020,2020-08,"{""type"":""MultiPoint"",""coordinates"":[]}"
VHI_M_2020-08_00000000000000000194,0.5463753495470345,2.8363512670103668,405,8,Wet,2020,2020-08,"{""type"":""MultiPoint"",""coordinates"":[]}"
VHI_M_2020-08_000000000000000001d2,0.3913955693151548,1.77001400025455,467,8,Wet,2020,2020-08,"{""type"":""MultiPoint"",""coordinates"":[]}"
VHI_M_2020-08_000000000000000001d3,0.45626732157586,2.2455666853841,468,8,Wet,2020,2020-08,"{""type"":""MultiPoint"",""coordinates"":[]}"
VHI_M_2020-08_000000000000000001d4,0.46421472429319965,2.3148133202046792,469,8,Wet,2020,2020-08,"{""type"":""MultiPoint"",""coordinates"":[]}"
VHI_M_2020-08_000000000000000001d5,0.4214908407738306,2.005115285507648,470,8,Wet,2020,2020-08,"{""type"":""MultiPoint"",""coordinates"":[]}"
VHI_M_2020-08_000000000000000001d6,0.29991393242567643,1.3953274952948316,471,8,Wet,2020,2020-08,"{""type"":""MultiPoint"",""coordinates"":[]}"
VHI_M_2020-08_000000000000000001d7,0.3527806082078221,1.6473903896133115,472,8,Wet,2020,2020-08,"{""type"":""MultiPoint"",""coordinates"":[]}"
VHI_M_2020-08_00000000000000000069,0.7781598331749073,4.33311515886826,106,8,Wet,2020,2020-08,"{""type"":""MultiPoint"",""coordinates"":[]}"
VHI_M_2020-08_0000000000000000006a,0.7476125275875775,4.13644523836106,107,8,Wet,2020,2020-08,"{""type"":""MultiPoint"",""coordinates"":[]}"
VHI_M_2020-08_0000000000000000006b,0.7454175027077244,4.117608836907081,108,8,Wet,2020,2020-08,"{""type"":""MultiPoint"",""coordinates"":[]}"
VHI_M_2020-08_0000000000000000006c,0.7435018897019031,4.127353134259505,109,8,Wet,2020,2020-08,"{""type"":""MultiPoint"",""coordinates"":[]}"
VHI_M_2020-08_0000000000000000006d,0.725144977653128,4.016097861699693,110,8,Wet,2020,2020-08,"{""type"":""MultiPoint"",""coordinates"":[]}"
VHI_M_2020-08_0000000000000000006e,0.7750164864195105,4.338508268646642,111,8,Wet,2020,2020-08,"{""type"":""MultiPoint"",""coordinates"":[]}"
VHI_M_2020-08_0000000000000000006f,0.7206298625770744,3.9724985764899423,112,8,Wet,2020,2020-08,"{""type"":""MultiPoint"",""coordinates"":[]}"
VHI_M_2020-08_000000000000000000d6,0.7223633163648356,3.8498846597462517,215,8,Wet,2020,2020-08,"{""type"":""MultiPoint"",""coordinates"":[]}"
VHI_M_2020-08_0000000000000000013b,0.7299102569322601,4.123504068932504,316,8,Wet,2020,2020-08,"{""type"":""MultiPoint"",""coordinates"":[]}"
VHI_M_2020-08_0000000000000000013c,0.7698450202196521,4.219465508097456,317,8,Wet,2020,2020-08,"{""type"":""MultiPoint"",""coordinates"":[]}"
VHI_M_2020-08_0000000000000000013d,0.8325437763033903,4.654744065483171,318,8,Wet,2020,2020-08,"{""type"":""MultiPoint"",""coordinates"":[]}"
VHI_M_2020-08_0000000000000000013e,0.7651473819477168,4.2429230191408855,319,8,Wet,2020,2020-08,"{""type"":""MultiPoint"",""coordinates"":[]}"
VHI_M_2020-08_0000000000000000013f,0.6590685482703628,3.592126314185584,320,8,Wet,2020,2020-08,"{""type"":""MultiPoint"",""coordinates"":[]}"
VHI_M_2020-08_00000000000000000140,10.562281830719128,4.42520973677804,321,8,Wet,2020,2020-08,"{""type"":""MultiPoint"",""coordinates"":[]}"
VHI_M_2020-08_000000000000000001bc,0.669659829500646,3.5867535179041288,445,8,Wet,2020,2020-08,"{""type"":""MultiPoint"",""coordinates"":[]}"
VHI_M_2020-08_000000000000000001bd,0.6763498004664273,3.6733194480954947,446,8,Wet,2020,2020-08,"{""type"":""MultiPoint"",""coordinates"":[]}"
VHI_M_2020-08_000000000000000001be,0.6675616466371335,3.6172500307843842,447,8,Wet,2020,2020-08,"{""type"":""MultiPoint"",""coordinates"":[]}"
VHI_M_2020-08_000000000000000001bf,0.6729535580681685,3.64453570613735,448,8,Wet,2020,2020-08,"{""type"":""MultiPoint"",""coordinates"":[]}"
VHI_M_2020-08_000000000000000001c0,0.61140461798419,3.2362460902006926,449,8,Wet,2020,2020-08,"{""type"":""MultiPoint"",""coordinates"":[]}"
VHI_M_2020-08_00000000000000000006,0.6434316495202009,3.4115136697043775,7,8,Wet,2020,2020-08,"{""type"":""MultiPoint"",""coordinates"":[]}"
VHI_M_2020-08_0000000000000000002c,0.6348170374490804,3.3877873964441974,45,8,Wet,2020,2020-08,"{""type"":""MultiPoint"",""coordinates"":[]}"
VHI_M_2020-08_0000000000000000002d,0.635091820511796,3.3913500096237024,46,8,Wet,2020,2020-08,"{""type"":""MultiPoint"",""coordinates"":[]}"
VHI_M_2020-08_0000000000000000002e,0.7170392386177383,3.9398437693833013,47,8,Wet,2020,2020-08,"{""type"":""MultiPoint"",""coordinates"":[]}"
VHI_M_2020-08_0000000000000000002f,0.5864963281949707,3.0696335351377138,48,8,Wet,2020,2020-08,"{""type"":""MultiPoint"",""coordinates"":[]}"
VHI_M_2020-08_0000000000000000009b,0.6611581747416873,3.580629645995205,156,8,Wet,2020,2020-08,"{""type"":""MultiPoint"",""coordinates"":[]}"
VHI_M_2020-08_0000000000000000009c,0.6856149617015267,3.7437933939010324,157,8,Wet,2020,2020-08,"{""type"":""MultiPoint"",""coordinates"":[]}"
VHI_M_2020-08_0000000000000000009d,0.6744303227294904,3.6599972966995162,158,8,Wet,2020,2020-08,"{""type"":""MultiPoint"",""coordinates"":[]}"
VHI_M_2020-08_000000000000000001b6,0.816266963086111,4.550016641396398,439,8,Wet,2020,2020-08,"{""type"":""MultiPoint"",""coordinates"":[]}"
VHI_M_2020-08_000000000000000001b7,0.6575159854957372,3.5532100344193553,440,8,Wet,2020,2020-08,"{""type"":""MultiPoint"",""coordinates"":[]}"
VHI_M_2020-08_000000000000000001b8,0.8270801420996258,4.614143775866268,441,8,Wet,2020,2020-08,"{""type"":""MultiPoint"",""coordinates"":[]}"
VHI_M_2020-08_000000000000000001b9,0.660635525483868,3.566700643697313,442,8,Wet,2020,2020-08,"{""type"":""MultiPoint"",""coordinates"":[]}"
VHI_M_2020-08_000000000000000001ba,0.6344079271597568,3.394324190803801,443,8,Wet,2020,2020-08,"{""type"":""MultiPoint"",""coordinates"":[]}"
VHI_M_2020-08_000000000000000001bb,0.7490412512472248,4.14450155471207,444,8,Wet,2020,2020-08,"{""type"":""MultiPoint"",""coordinates"":[]}"
VHI_M_2020-08_00000000000000000221,0.7746937518889583,4.375291980275112,546,8,Wet,2020,2020-08,"{""type"":""MultiPoint"",""coordinates"":[]}"
VHI_M_2020-08_00000000000000000222,0.8014567406434936,4.432804032595916,547,8,Wet,2020,2020-08,"{""type"":""MultiPoint"",""coordinates"":[]}"
VHI_M_2020-08_00000000000000000223,0.8232549282013645,4.5788394125198835,548,8,Wet,2020,2020-08,"{""type"":""MultiPoint"",""coordinates"":[]}"
VHI_M_2020-08_00000000000000000224,0.7752245608046716,4.256705282655912,549,8,Wet,2020,2020-08,"{""type"":""MultiPoint"",""coordinates"":[]}"
VHI_M_2020-08_00000000000000000225,0.773392001064191,4.285300672924436,550,8,Wet,2020,2020-08,"{""type"":""MultiPoint"",""coordinates"":[]}"
VHI_M_2020-08_00000000000000000053,0.6989702257908542,3.787208791811869,84,8,Wet,2020,2020-08,"{""type"":""MultiPoint"",""coordinates"":[]}"
VHI_M_2020-08_00000000000000000054,0.735062903841399,4.037965076279608,85,8,Wet,2020,2020-08,"{""type"":""MultiPoint"",""coordinates"":[]}"
VHI_M_2020-08_00000000000000000055,0.789518682247941,4.451274451689389,86,8,Wet,2020,2020-08,"{""type"":""MultiPoint"",""coordinates"":[]}"
VHI_M_2020-08_00000000000000000056,0.677371660156106,3.722489670226866,87,8,Wet,2020,2020-08,"{""type"":""MultiPoint"",""coordinates"":[]}"
VHI_M_2020-08_00000000000000000057,0.7823061198762801,4.346074571961725,88,8,Wet,2020,2020-08,"{""type"":""MultiPoint"",""coordinates"":[]}"
VHI_M_2020-08_000000000000000000de,0.8097155721773184,4.502113719940501,223,8,Wet,2020,2020-08,"{""type"":""MultiPoint"",""coordinates"":[]}"
VHI_M_2020-08_000000000000000000df,26.734298875224386,4.368264477548723,224,8,Wet,2020,2020-08,"{""type"":""MultiPoint"",""coordinates"":[]}"
VHI_M_2020-08_000000000000000000e0,4.0415761281729905,4.148339240119034,225,8,Wet,2020,2020-08,"{""type"":""MultiPoint"",""coordinates"":[]}"
VHI_M_2020-08_000000000000000000e1,8.32422551592526,4.477042816184413,226,8,Wet,2020,2020-08,"{""type"":""MultiPoint"",""coordinates"":[]}"
VHI_M_2020-08_000000000000000000ff,0.6955099549403284,3.820259570647296,256,8,Wet,2020,2020-08,"{""type"":""MultiPoint"",""coordinates"":[]}"
VHI_M_2020-08_0000000000000000011c,0.6330503948388352,3.3469144778696718,285,8,Wet,2020,2020-08,"{""type"":""MultiPoint"",""coordinates"":[]}"
VHI_M_2020-08_0000000000000000011d,0.5632074870964376,2.9489521004981034,286,8,Wet,2020,2020-08,"{""type"":""MultiPoint"",""coordinates"":[]}"
VHI_M_2020-08_0000000000000000011e,0.6052842443977581,3.2018941868060113,287,8,Wet,2020,2020-08,"{""type"":""MultiPoint"",""coordinates"":[]}"
VHI_M_2020-08_0000000000000000011f,0.5824282389358175,3.081434268767167,288,8,Wet,2020,2020-08,"{""type"":""MultiPoint"",""coordinates"":[]}"
VHI_M_2020-08_000000000000000001c4,8.974524831351172,4.271600422305066,453,8,Wet,2020,2020-08,"{""type"":""MultiPoint"",""coordinates"":[]}"
VHI_M_2020-08_000000000000000001c5,0.6594577098945645,3.528559373817907,454,8,Wet,2020,2020-08,"{""type"":""MultiPoint"",""coordinates"":[]}"
VHI_M_2020-08_000000000000000001c6,0.6848996916456275,3.7128411240722765,455,8,Wet,2020,2020-08,"{""type"":""MultiPoint"",""coordinates"":[]}"
VHI_M_2020-08_00000000000000000003,0.681209902856696,2.513640902736169,4,8,Wet,2020,2020-08,"{""type"":""MultiPoint"",""coordinates"":[]}"
VHI_M_2020-08_0000000000000000001b,12.468453305022654,4.420390070921987,28,8,Wet,2020,2020-08,"{""type"":""MultiPoint"",""coordinates"":[]}"
VHI_M_2020-08_00000000000000000186,64.48635319681664,4.5220700693579925,391,8,Wet,2020,2020-08,"{""type"":""MultiPoint"",""coordinates"":[]}"
VHI_M_2020-08_00000000000000000187,0.6844112744242722,3.725517408157724,392,8,Wet,2020,2020-08,"{""type"":""MultiPoint"",""coordinates"":[]}"
VHI_M_2020-08_00000000000000000188,2.968022324165915,4.015137456165047,393,8,Wet,2020,2020-08,"{""type"":""MultiPoint"",""coordinates"":[]}"
VHI_M_2020-08_00000000000000000189,3.7115291032582776,3.8468704796268325,394,8,Wet,2020,2020-08,"{""type"":""MultiPoint"",""coordinates"":[]}"
VHI_M_2020-08_0000000000000000018a,0.7241155702844384,3.9679105349217467,395,8,Wet,2020,2020-08,"{""type"":""MultiPoint"",""coordinates"":[]}"
VHI_M_2020-08_0000000000000000018f,0.6959923296766923,3.8711821086261984,400,8,Wet,2020,2020-08,"{""type"":""MultiPoint"",""coordinates"":[]}"
VHI_M_2020-08_00000000000000000190,0.650944411172215,3.40604374272033,401,8,Wet,2020,2020-08,"{""type"":""MultiPoint"",""coordinates"":[]}"
VHI_M_2020-08_0000000000000000021e,0.5845283315713001,3.0334399834864287,543,8,Wet,2020,2020-08,"{""type"":""MultiPoint"",""coordinates"":[]}"
VHI_M_2020-08_0000000000000000021f,0.8354006718071513,3.9893346211457694,544,8,Wet,2020,2020-08,"{""type"":""MultiPoint"",""coordinates"":[]}"
VHI_M_2020-08_00000000000000000220,0.6667002985903191,3.482887979653635,545,8,Wet,2020,2020-08,"{""type"":""MultiPoint"",""coordinates"":[]}"
VHI_M_2020-08_00000000000000000007,0.5372020452611445,2.6986861728570406,8,8,Wet,2020,2020-08,"{""type"":""MultiPoint"",""coordinates"":[]}"
VHI_M_2020-08_0000000000000000000b,0.5579022497271753,2.8076183609709204,12,8,Wet,2020,2020-08,"{""type"":""MultiPoint"",""coordinates"":[]}"
VHI_M_2020-08_00000000000000000012,0.5247127986060133,2.66533063397102,19,8,Wet,2020,2020-08,"{""type"":""MultiPoint"",""coordinates"":[]}"
VHI_M_2020-08_00000000000000000013,0.56362368106896,2.9123283122468773,20,8,Wet,2020,2020-08,"{""type"":""MultiPoint"",""coordinates"":[]}"
VHI_M_2020-08_00000000000000000014,0.6295421852258386,3.3410941640276617,21,8,Wet,2020,2020-08,"{""type"":""MultiPoint"",""coordinates"":[]}"
VHI_M_2020-08_00000000000000000015,0.5128443200570005,2.5973136548399087,22,8,Wet,2020,2020-08,"{""type"":""MultiPoint"",""coordinates"":[]}"
VHI_M_2020-08_00000000000000000016,0.6030780567280902,3.194966264453091,23,8,Wet,2020,2020-08,"{""type"":""MultiPoint"",""coordinates"":[]}"
VHI_M_2020-08_00000000000000000183,0.5866516544919853,3.0883182596732275,388,8,Wet,2020,2020-08,"{""type"":""MultiPoint"",""coordinates"":[]}"
VHI_M_2020-08_00000000000000000184,0.5808312372583253,3.0268848380437223,389,8,Wet,2020,2020-08,"{""type"":""MultiPoint"",""coordinates"":[]}"
VHI_M_2020-08_00000000000000000185,4.958269058150275,2.9303190741001295,390,8,Wet,2020,2020-08,"{""type"":""MultiPoint"",""coordinates"":[]}"
VHI_M_2020-08_00000000000000000212,0.5879058215643256,3.01465261771485,531,8,Wet,2020,2020-08,"{""type"":""MultiPoint"",""coordinates"":[]}"
VHI_M_2020-08_00000000000000000213,0.6724122218479607,3.627148204866426,532,8,Wet,2020,2020-08,"{""type"":""MultiPoint"",""coordinates"":[]}"
VHI_M_2020-08_00000000000000000214,0.56163827665329,2.9104042617058115,533,8,Wet,2020,2020-08,"{""type"":""MultiPoint"",""coordinates"":[]}"
VHI_M_2020-08_00000000000000000215,0.5745890507692574,2.9936545291432344,534,8,Wet,2020,2020-08,"{""type"":""MultiPoint"",""coordinates"":[]}"
VHI_M_2020-08_0000000000000000005a,75.11638428680673,3.933218237463705,91,8,Wet,2020,2020-08,"{""type"":""MultiPoint"",""coordinates"":[]}"
VHI_M_2020-08_00000000000000000118,53.18793505292564,4.199346159061121,281,8,Wet,2020,2020-08,"{""type"":""MultiPoint"",""coordinates"":[]}"
VHI_M_2020-08_00000000000000000119,8.525836850734287,3.7695224730973735,282,8,Wet,2020,2020-08,"{""type"":""MultiPoint"",""coordinates"":[]}"
VHI_M_2020-08_0000000000000000011a,4.005189195625738,4.170663590363715,283,8,Wet,2020,2020-08,"{""type"":""MultiPoint"",""coordinates"":[]}"
VHI_M_2020-08_0000000000000000011b,0.7324345852514768,3.9395645903440704,284,8,Wet,2020,2020-08,"{""type"":""MultiPoint"",""coordinates"":[]}"
VHI_M_2020-08_00000000000000000141,10.276822435626459,3.743908215779629,322,8,Wet,2020,2020-08,"{""type"":""MultiPoint"",""coordinates"":[]}"
VHI_M_2020-08_00000000000000000142,54.431870857821565,4.381590096513525,323,8,Wet,2020,2020-08,"{""type"":""MultiPoint"",""coordinates"":[]}"
VHI_M_2020-08_00000000000000000143,13.765033164421697,3.6257509480174135,324,8,Wet,2020,2020-08,"{""type"":""MultiPoint"",""coordinates"":[]}"
VHI_M_2020-08_00000000000000000144,48.956165325286264,3.9923403246233407,325,8,Wet,2020,2020-08,"{""type"":""MultiPoint"",""coordinates"":[]}"
VHI_M_2020-08_00000000000000000145,35.225418149651546,4.243836960914498,326,8,Wet,2020,2020-08,"{""type"":""MultiPoint"",""coordinates"":[]}"
VHI_M_2020-08_000000000000000001af,85.92449614916296,3.617481709664997,432,8,Wet,2020,2020-08,"{""type"":""MultiPoint"",""coordinates"":[]}"
VHI_M_2020-08_0000000000000000004b,0.6761315004993683,3.6322530920835314,76,8,Wet,2020,2020-08,"{""type"":""MultiPoint"",""coordinates"":[]}"
VHI_M_2020-08_0000000000000000004c,0.632217651000967,3.453966569381799,77,8,Wet,2020,2020-08,"{""type"":""MultiPoint"",""coordinates"":[]}"
VHI_M_2020-08_0000000000000000004d,0.6791982237529578,3.6942507843170684,78,8,Wet,2020,2020-08,"{""type"":""MultiPoint"",""coordinates"":[]}"
VHI_M_2020-08_0000000000000000004e,0.5713324478082155,2.9650503003131963,79,8,Wet,2020,2020-08,"{""type"":""MultiPoint"",""coordinates"":[]}"
VHI_M_2020-08_0000000000000000004f,0.528604722767667,2.6995122345926577,80,8,Wet,2020,2020-08,"{""type"":""MultiPoint"",""coordinates"":[]}"
VHI_M_2020-08_00000000000000000050,0.4680022782581116,2.304305283757338,81,8,Wet,2020,2020-08,"{""type"":""MultiPoint"",""coordinates"":[]}"
VHI_M_2020-08_00000000000000000051,0.5450947686232775,2.9208443271767814,82,8,Wet,2020,2020-08,"{""type"":""MultiPoint"",""coordinates"":[]}"
VHI_M_2020-08_00000000000000000052,0.5568109429715792,2.984061997368037,83,8,Wet,2020,2020-08,"{""type"":""MultiPoint"",""coordinates"":[]}"
VHI_M_2020-08_000000000000000000aa,0.548160349055733,2.8164959867146413,171,8,Wet,2020,2020-08,"{""type"":""MultiPoint"",""coordinates"":[]}"
VHI_M_2020-08_000000000000000000ab,0.6156700285823586,3.2730092173774525,172,8,Wet,2020,2020-08,"{""type"":""MultiPoint"",""coordinates"":[]}"
VHI_M_2020-08_000000000000000000ac,0.7361303058002264,4.0546662657415835,173,8,Wet,2020,2020-08,"{""type"":""MultiPoint"",""coordinates"":[]}"
VHI_M_2020-08_000000000000000000ad,0.772040017208994,4.282099040804881,174,8,Wet,2020,2020-08,"{""type"":""MultiPoint"",""coordinates"":[]}"
VHI_M_2020-08_000000000000000000ae,0.7286125584871577,4.022402418911489,175,8,Wet,2020,2020-08,"{""type"":""MultiPoint"",""coordinates"":[]}"
VHI_M_2020-08_000000000000000000af,0.7857245419618819,4.337880710659898,176,8,Wet,2020,2020-08,"{""type"":""MultiPoint"",""coordinates"":[]}"
VHI_M_2020-08_000000000000000000b0,0.8116166949535519,4.574088685497869,177,8,Wet,2020,2020-08,"{""type"":""MultiPoint"",""coordinates"":[]}"
VHI_M_2020-08_000000000000000001c7,0.5625450981894569,2.8935013590313816,456,8,Wet,2020,2020-08,"{""type"":""MultiPoint"",""coordinates"":[]}"
VHI_M_2020-08_000000000000000001c8,0.6111678831438123,3.251291947770275,457,8,Wet,2020,2020-08,"{""type"":""MultiPoint"",""coordinates"":[]}"
VHI_M_2020-08_000000000000000001c9,0.5391237841505917,2.770381130949364,458,8,Wet,2020,2020-08,"{""type"":""MultiPoint"",""coordinates"":[]}"
VHI_M_2020-08_000000000000000001ca,0.5233292031846662,2.8470500743678717,459,8,Wet,2020,2020-08,"{""type"":""MultiPoint"",""coordinates"":[]}"
VHI_M_2020-08_0000000000000000020a,0.7293947678049185,4.089240746490048,523,8,Wet,2020,2020-08,"{""type"":""MultiPoint"",""coordinates"":[]}"
VHI_M_2020-08_0000000000000000020b,1.0848857618028247,3.8846804549413214,524,8,Wet,2020,2020-08,"{""type"":""MultiPoint"",""coordinates"":[]}"
VHI_M_2020-08_0000000000000000020c,0.7975514624103441,4.424846406880224,525,8,Wet,2020,2020-08,"{""type"":""MultiPoint"",""coordinates"":[]}"
VHI_M_2020-08_000000000000000001ab,0.6001371325405003,3.194910153899062,428,8,Wet,2020,2020-08,"{""type"":""MultiPoint"",""coordinates"":[]}"
VHI_M_2020-08_000000000000000001ac,0.5665506926860616,2.949715007077006,429,8,Wet,2020,2020-08,"{""type"":""MultiPoint"",""coordinates"":[]}"
VHI_M_2020-08_000000000000000001ad,8.134438567895954,3.305668130872074,430,8,Wet,2020,2020-08,"{""type"":""MultiPoint"",""coordinates"":[]}"
VHI_M_2020-08_000000000000000001ae,45.68913140914249,4.325356507855873,431,8,Wet,2020,2020-08,"{""type"":""MultiPoint"",""coordinates"":[]}"
VHI_M_2020-08_000000000000000001c3,39.080425267497894,3.166183245180004,452,8,Wet,2020,2020-08,"{""type"":""MultiPoint"",""coordinates"":[]}"
VHI_M_2020-08_00000000000000000037,0.4787231101218149,2.3698662681203224,56,8,Wet,2020,2020-08,"{""type"":""MultiPoint"",""coordinates"":[]}"
VHI_M_2020-08_00000000000000000038,0.5046508480149072,2.543612502528347,57,8,Wet,2020,2020-08,"{""type"":""MultiPoint"",""coordinates"":[]}"
VHI_M_2020-08_00000000000000000039,0.7195866095027984,3.9928086655580013,58,8,Wet,2020,2020-08,"{""type"":""MultiPoint"",""coordinates"":[]}"
VHI_M_2020-08_0000000000000000003a,0.6260205727983003,3.2931635935305557,59,8,Wet,2020,2020-08,"{""type"":""MultiPoint"",""coordinates"":[]}"
VHI_M_2020-08_0000000000000000003b,0.43812307437492587,2.117013242423125,60,8,Wet,2020,2020-08,"{""type"":""MultiPoint"",""coordinates"":[]}"
VHI_M_2020-08_0000000000000000003c,0.5772304012093309,3.0096195150484855,61,8,Wet,2020,2020-08,"{""type"":""MultiPoint"",""coordinates"":[]}"
VHI_M_2020-08_0000000000000000003d,0.5681863997563136,2.9638116139747317,62,8,Wet,2020,2020-08,"{""type"":""MultiPoint"",""coordinates"":[]}"
VHI_M_2020-08_0000000000000000003e,10.43727814183214,2.707794674921782,63,8,Wet,2020,2020-08,"{""type"":""MultiPoint"",""coordinates"":[]}"
VHI_M_2020-08_0000000000000000003f,0.5357899791184706,2.8369998405866395,64,8,Wet,2020,2020-08,"{""type"":""MultiPoint"",""coordinates"":[]}"
VHI_M_2020-08_00000000000000000044,0.5065228057737176,2.489512235724988,69,8,Wet,2020,2020-08,"{""type"":""MultiPoint"",""coordinates"":[]}"
VHI_M_2020-08_00000000000000000076,0.3759383414590562,1.8059482298091394,119,8,Wet,2020,2020-08,"{""type"":""MultiPoint"",""coordinates"":[]}"
VHI_M_2020-08_00000000000000000077,5.807081431372491,2.5801753897550133,120,8,Wet,2020,2020-08,"{""type"":""MultiPoint"",""coordinates"":[]}"
VHI_M_2020-08_00000000000000000078,0.4647637148851988,2.3102623658868513,121,8,Wet,2020,2020-08,"{""type"":""MultiPoint"",""coordinates"":[]}"
VHI_M_2020-08_00000000000000000079,0.6786144440820906,3.747261791706236,122,8,Wet,2020,2020-08,"{""type"":""MultiPoint"",""coordinates"":[]}"
VHI_M_2020-08_0000000000000000008b,0.320481294122359,1.9066974595842954,140,8,Wet,2020,2020-08,"{""type"":""MultiPoint"",""coordinates"":[]}"
VHI_M_2020-08_0000000000000000008c,1.465195510396654,2.1167772522862767,141,8,Wet,2020,2020-08,"{""type"":""MultiPoint"",""coordinates"":[]}"
VHI_M_2020-08_0000000000000000008d,9.885142502109064,2.4703673018503176,142,8,Wet,2020,2020-08,"{""type"":""MultiPoint"",""coordinates"":[]}"
VHI_M_2020-08_0000000000000000008e,0.4078838405711099,1.9373895501311282,143,8,Wet,2020,2020-08,"{""type"":""MultiPoint"",""coordinates"":[]}"
VHI_M_2020-08_0000000000000000008f,0.39834721205060614,1.6244136960600366,144,8,Wet,2020,2020-08,"{""type"":""MultiPoint"",""coordinates"":[]}"
VHI_M_2020-08_00000000000000000090,0.436494756044032,2.1201170922101147,145,8,Wet,2020,2020-08,"{""type"":""MultiPoint"",""coordinates"":[]}"
VHI_M_2020-08_00000000000000000091,0.4209766756601803,2.014795535546801,146,8,Wet,2020,2020-08,"{""type"":""MultiPoint"",""coordinates"":[]}"
VHI_M_2020-08_000000000000000000b5,36.02423675067979,2.6208887773035405,182,8,Wet,2020,2020-08,"{""type"":""MultiPoint"",""coordinates"":[]}"
VHI_M_2020-08_000000000000000000cc,8.862436458564732,2.5293972128308764,205,8,Wet,2020,2020-08,"{""type"":""MultiPoint"",""coordinates"":[]}"
VHI_M_2020-08_000000000000000000cd,0.7148038115169697,2.179927996595365,206,8,Wet,2020,2020-08,"{""type"":""MultiPoint"",""coordinates"":[]}"
VHI_M_2020-08_000000000000000001dd,0.44328681084603305,2.2253458419462557,478,8,Wet,2020,2020-08,"{""type"":""MultiPoint"",""coordinates"":[]}"
VHI_M_2020-08_000000000000000001de,0.535844261819528,2.72279124811564,479,8,Wet,2020,2020-08,"{""type"":""MultiPoint"",""coordinates"":[]}"
VHI_M_2020-08_000000000000000001df,0.3775347380498093,1.9348612937045482,480,8,Wet,2020,2020-08,"{""type"":""MultiPoint"",""coordinates"":[]}"
VHI_M_2020-08_000000000000000001e0,0.4660220120587321,2.2623535905753536,481,8,Wet,2020,2020-08,"{""type"":""MultiPoint"",""coordinates"":[]}"
VHI_M_2020-08_000000000000000001e1,0.4837597729692617,2.345748312220284,482,8,Wet,2020,2020-08,"{""type"":""MultiPoint"",""coordinates"":[]}"
VHI_M_2020-08_0000000000000000007a,0.6490517273137425,3.512138549559301,123,8,Wet,2020,2020-08,"{""type"":""MultiPoint"",""coordinates"":[]}"
VHI_M_2020-08_0000000000000000007b,0.4734637045210051,2.351092274433952,124,8,Wet,2020,2020-08,"{""type"":""MultiPoint"",""coordinates"":[]}"
VHI_M_2020-08_0000000000000000007c,0.4246749373520625,2.0901541844265616,125,8,Wet,2020,2020-08,"{""type"":""MultiPoint"",""coordinates"":[]}"
VHI_M_2020-08_0000000000000000007d,0.5056850259756066,2.542435091732138,126,8,Wet,2020,2020-08,"{""type"":""MultiPoint"",""coordinates"":[]}"
VHI_M_2020-08_0000000000000000007e,19.38812648846858,2.721505333386599,127,8,Wet,2020,2020-08,"{""type"":""MultiPoint"",""coordinates"":[]}"
VHI_M_2020-08_0000000000000000007f,13.777758945112135,2.04906777838437,128,8,Wet,2020,2020-08,"{""type"":""MultiPoint"",""coordinates"":[]}"
VHI_M_2020-08_00000000000000000080,0.4466085279852395,2.1785374281583865,129,8,Wet,2020,2020-08,"{""type"":""MultiPoint"",""coordinates"":[]}"
VHI_M_2020-08_00000000000000000088,4.75907639985089,4.0758584492860255,137,8,Wet,2020,2020-08,"{""type"":""MultiPoint"",""coordinates"":[]}"
VHI_M_2020-08_00000000000000000089,0.6654089843285429,3.5680133562642684,138,8,Wet,2020,2020-08,"{""type"":""MultiPoint"",""coordinates"":[]}"
VHI_M_2020-08_0000000000000000008a,0.6348728196031829,3.39593979854075,139,8,Wet,2020,2020-08,"{""type"":""MultiPoint"",""coordinates"":[]}"
VHI_M_2020-08_00000000000000000099,0.488178913505561,2.4912357041896387,154,8,Wet,2020,2020-08,"{""type"":""MultiPoint"",""coordinates"":[]}"
VHI_M_2020-08_0000000000000000009a,2.8731064606378567,3.2419158081462776,155,8,Wet,2020,2020-08,"{""type"":""MultiPoint"",""coordinates"":[]}"
VHI_M_2020-08_00000000000000000112,0.765612614014216,4.161284781861903,275,8,Wet,2020,2020-08,"{""type"":""MultiPoint"",""coordinates"":[]}"
VHI_M_2020-08_000000000000000001d8,0.369604559314317,2.1647234506920916,473,8,Wet,2020,2020-08,"{""type"":""MultiPoint"",""coordinates"":[]}"
VHI_M_2020-08_00000000000000000001,0.7247062679089098,3.9951971326164877,2,8,Wet,2020,2020-08,"{""type"":""MultiPoint"",""coordinates"":[]}"
VHI_M_2020-08_00000000000000000030,0.7189402205769122,3.9532594590264645,49,8,Wet,2020,2020-08,"{""type"":""MultiPoint"",""coordinates"":[]}"
VHI_M_2020-08_00000000000000000031,0.6397748920068616,3.4402858469321727,50,8,Wet,2020,2020-08,"{""type"":""MultiPoint"",""coordinates"":[]}"
VHI_M_2020-08_00000000000000000032,0.6671158773586895,3.5895640848223365,51,8,Wet,2020,2020-08,"{""type"":""MultiPoint"",""coordinates"":[]}"
VHI_M_2020-08_000000000000000000d7,0.6726840134696515,3.6557838336081843,216,8,Wet,2020,2020-08,"{""type"":""MultiPoint"",""coordinates"":[]}"
VHI_M_2020-08_000000000000000000d8,0.5855076556109337,3.0711332368324005,217,8,Wet,2020,2020-08,"{""type"":""MultiPoint"",""coordinates"":[]}"
VHI_M_2020-08_000000000000000000d9,0.6022509445300482,3.1914781217627253,218,8,Wet,2020,2020-08,"{""type"":""MultiPoint"",""coordinates"":[]}"
VHI_M_2020-08_000000000000000000da,0.5961504045328838,3.144771442614895,219,8,Wet,2020,2020-08,"{""type"":""MultiPoint"",""coordinates"":[]}"
VHI_M_2020-08_00000000000000000132,0.7093249431642484,3.87968858577569,307,8,Wet,2020,2020-08,"{""type"":""MultiPoint"",""coordinates"":[]}"
VHI_M_2020-08_00000000000000000133,81.8109921143796,4.140816093267804,308,8,Wet,2020,2020-08,"{""type"":""MultiPoint"",""coordinates"":[]}"
VHI_M_2020-08_00000000000000000134,0.7000197966671967,3.8280826715848586,309,8,Wet,2020,2020-08,"{""type"":""MultiPoint"",""coordinates"":[]}"
VHI_M_2020-08_00000000000000000135,24.763805519695538,3.950408699005936,310,8,Wet,2020,2020-08,"{""type"":""MultiPoint"",""coordinates"":[]}"
VHI_M_2020-08_0000000000000000001f,0.5468647256653333,2.810234956422918,32,8,Wet,2020,2020-08,"{""type"":""MultiPoint"",""coordinates"":[]}"
VHI_M_2020-08_00000000000000000020,0.5179045302313868,2.6342337815924752,33,8,Wet,2020,2020-08,"{""type"":""MultiPoint"",""coordinates"":[]}"
VHI_M_2020-08_00000000000000000021,0.4888621565425565,2.4205837789023636,34,8,Wet,2020,2020-08,"{""type"":""MultiPoint"",""coordinates"":[]}"
VHI_M_2020-08_00000000000000000045,0.6506076552571886,3.4963633540590964,70,8,Wet,2020,2020-08,"{""type"":""MultiPoint"",""coordinates"":[]}"
VHI_M_2020-08_00000000000000000046,0.6619626803744295,3.592999805200023,71,8,Wet,2020,2020-08,"{""type"":""MultiPoint"",""coordinates"":[]}"
VHI_M_2020-08_00000000000000000047,0.6577219381083804,3.5222319585446487,72,8,Wet,2020,2020-08,"{""type"":""MultiPoint"",""coordinates"":[]}"
VHI_M_2020-08_00000000000000000048,0.7068220797206008,3.881081132962849,73,8,Wet,2020,2020-08,"{""type"":""MultiPoint"",""coordinates"":[]}"
VHI_M_2020-08_00000000000000000072,0.5749622913981474,2.9974514110981576,115,8,Wet,2020,2020-08,"{""type"":""MultiPoint"",""coordinates"":[]}"
VHI_M_2020-08_00000000000000000073,0.615275092594862,3.265650480273937,116,8,Wet,2020,2020-08,"{""type"":""MultiPoint"",""coordinates"":[]}"
VHI_M_2020-08_00000000000000000074,0.5580499998140782,2.8701559840042594,117,8,Wet,2020,2020-08,"{""type"":""MultiPoint"",""coordinates"":[]}"
VHI_M_2020-08_00000000000000000075,0.4614481172925132,2.25723832178529,118,8,Wet,2020,2020-08,"{""type"":""MultiPoint"",""coordinates"":[]}"
VHI_M_2020-08_000000000000000000b4,0.6291318575221452,3.428609637587482,181,8,Wet,2020,2020-08,"{""type"":""MultiPoint"",""coordinates"":[]}"
VHI_M_2020-08_000000000000000000e8,0.5689378599428836,3.052363141788507,233,8,Wet,2020,2020-08,"{""type"":""MultiPoint"",""coordinates"":[]}"
VHI_M_2020-08_000000000000000000e9,0.6536515763490295,3.5311144151098346,234,8,Wet,2020,2020-08,"{""type"":""MultiPoint"",""coordinates"":[]}"
VHI_M_2020-08_000000000000000000ea,0.6913500671590088,3.768678440346736,235,8,Wet,2020,2020-08,"{""type"":""MultiPoint"",""coordinates"":[]}"
VHI_M_2020-08_00000000000000000022,0.5562595813644969,2.870593703781958,35,8,Wet,2020,2020-08,"{""type"":""MultiPoint"",""coordinates"":[]}"
VHI_M_2020-08_00000000000000000023,0.6481923120790225,3.4838209723387545,36,8,Wet,2020,2020-08,"{""type"":""MultiPoint"",""coordinates"":[]}"
VHI_M_2020-08_00000000000000000024,0.6238277849628473,3.3198412232241967,37,8,Wet,2020,2020-08,"{""type"":""MultiPoint"",""coordinates"":[]}"
VHI_M_2020-08_00000000000000000025,0.5493743872016319,2.825250033728144,38,8,Wet,2020,2020-08,"{""type"":""MultiPoint"",""coordinates"":[]}"
VHI_M_2020-08_000000000000000000f0,0.6051407878052126,3.232631956176727,241,8,Wet,2020,2020-08,"{""type"":""MultiPoint"",""coordinates"":[]}"
VHI_M_2020-08_000000000000000000f4,0.599528964219548,3.164450821205257,245,8,Wet,2020,2020-08,"{""type"":""MultiPoint"",""coordinates"":[]}"
VHI_M_2020-08_000000000000000000f5,0.649383071687562,3.4955214432934865,246,8,Wet,2020,2020-08,"{""type"":""MultiPoint"",""coordinates"":[]}"
VHI_M_2020-08_000000000000000000f6,0.6121125297558846,3.2434160536800976,247,8,Wet,2020,2020-08,"{""type"":""MultiPoint"",""coordinates"":[]}"
VHI_M_2020-08_000000000000000000f7,0.6097373877732194,3.197251060096505,248,8,Wet,2020,2020-08,"{""type"":""MultiPoint"",""coordinates"":[]}"
VHI_M_2020-08_000000000000000000f8,0.5805717884225946,3.049338231184677,249,8,Wet,2020,2020-08,"{""type"":""MultiPoint"",""coordinates"":[]}"
VHI_M_2020-08_00000000000000000000,0.5016816716077473,2.5420665955681963,1,8,Wet,2020,2020-08,"{""type"":""MultiPoint"",""coordinates"":[]}"
VHI_M_2020-08_000000000000000000f2,0.5970354413354539,3.155131223042619,243,8,Wet,2020,2020-08,"{""type"":""MultiPoint"",""coordinates"":[]}"
VHI_M_2020-08_000000000000000000f3,0.5238514911741082,2.6802154549418438,244,8,Wet,2020,2020-08,"{""type"":""MultiPoint"",""coordinates"":[]}"
VHI_M_2020-08_00000000000000000106,0.4962291052638548,2.484200731834815,263,8,Wet,2020,2020-08,"{""type"":""MultiPoint"",""coordinates"":[]}"
VHI_M_2020-08_00000000000000000107,0.5132890174347213,2.594402437648121,264,8,Wet,2020,2020-08,"{""type"":""MultiPoint"",""coordinates"":[]}"
VHI_M_2020-08_00000000000000000108,0.5030414094397256,2.532968100782535,265,8,Wet,2020,2020-08,"{""type"":""MultiPoint"",""coordinates"":[]}"
VHI_M_2020-08_0000000000000000012c,0.4496879853737618,2.2103176584641586,301,8,Wet,2020,2020-08,"{""type"":""MultiPoint"",""coordinates"":[]}"
VHI_M_2020-08_0000000000000000012d,0.4264200529057338,2.061788163775154,302,8,Wet,2020,2020-08,"{""type"":""MultiPoint"",""coordinates"":[]}"
VHI_M_2020-08_0000000000000000012e,0.46022588104764983,2.259270811021383,303,8,Wet,2020,2020-08,"{""type"":""MultiPoint"",""coordinates"":[]}"
VHI_M_2020-08_000000000000000000a5,0.5650760016121061,2.919901128425577,166,8,Wet,2020,2020-08,"{""type"":""MultiPoint"",""coordinates"":[]}"
VHI_M_2020-08_000000000000000000a6,0.5930696176122344,3.108291830739862,167,8,Wet,2020,2020-08,"{""type"":""MultiPoint"",""coordinates"":[]}"
VHI_M_2020-08_000000000000000000c1,45.91917778070603,3.376477409571384,194,8,Wet,2020,2020-08,"{""type"":""MultiPoint"",""coordinates"":[]}"
VHI_M_2020-08_00000000000000000120,2.7530098087660435,2.8177681898411446,289,8,Wet,2020,2020-08,"{""type"":""MultiPoint"",""coordinates"":[]}"
VHI_M_2020-08_000000000000000001d9,5.640940191249513,3.1811797679640335,474,8,Wet,2020,2020-08,"{""type"":""MultiPoint"",""coordinates"":[]}"
VHI_M_2020-08_000000000000000001da,0.6404449784754632,3.394682923269505,475,8,Wet,2020,2020-08,"{""type"":""MultiPoint"",""coordinates"":[]}"
VHI_M_2020-08_000000000000000001db,0.6304717983712168,3.3892963229167328,476,8,Wet,2020,2020-08,"{""type"":""MultiPoint"",""coordinates"":[]}"
VHI_M_2020-08_000000000000000001dc,0.622173705885002,3.3934926662199385,477,8,Wet,2020,2020-08,"{""type"":""MultiPoint"",""coordinates"":[]}"
VHI_M_2020-08_000000000000000001e2,54.79779794803506,4.136460554371002,483,8,Wet,2020,2020-08,"{""type"":""MultiPoint"",""coordinates"":[]}"
VHI_M_2020-08_000000000000000001e3,4.653686796252618,3.3288168129736646,484,8,Wet,2020,2020-08,"{""type"":""MultiPoint"",""coordinates"":[]}"
VHI_M_2020-08_000000000000000001e4,80.60405512458173,3.8100658255622597,485,8,Wet,2020,2020-08,"{""type"":""MultiPoint"",""coordinates"":[]}"
VHI_M_2020-08_000000000000000001e5,26.611190236263734,2.733017751479291,486,8,Wet,2020,2020-08,"{""type"":""MultiPoint"",""coordinates"":[]}"
VHI_M_2020-08_000000000000000001e6,1.2523367251694457,3.5962734801050305,487,8,Wet,2020,2020-08,"{""type"":""MultiPoint"",""coordinates"":[]}"
VHI_M_2020-08_000000000000000001e7,16.12609195775806,3.4217097295639665,488,8,Wet,2020,2020-08,"{""type"":""MultiPoint"",""coordinates"":[]}"
VHI_M_2020-08_000000000000000001e8,0.5972276814879472,3.178153693755476,489,8,Wet,2020,2020-08,"{""type"":""MultiPoint"",""coordinates"":[]}"
VHI_M_2020-08_000000000000000001e9,58.80121617133578,3.7037533512064345,490,8,Wet,2020,2020-08,"{""type"":""MultiPoint"",""coordinates"":[]}"
VHI_M_2020-08_000000000000000000e2,0.7253135971985252,4.0037270795288284,227,8,Wet,2020,2020-08,"{""type"":""MultiPoint"",""coordinates"":[]}"
VHI_M_2020-08_000000000000000000e3,0.7284774534274429,3.9767958490609785,228,8,Wet,2020,2020-08,"{""type"":""MultiPoint"",""coordinates"":[]}"
VHI_M_2020-08_000000000000000000e4,25.454826845915612,3.9829378219278877,229,8,Wet,2020,2020-08,"{""type"":""MultiPoint"",""coordinates"":[]}"
VHI_M_2020-08_000000000000000000e5,1.4047376046824085,4.153262764751279,230,8,Wet,2020,2020-08,"{""type"":""MultiPoint"",""coordinates"":[]}"
VHI_M_2020-08_000000000000000000e6,0.8415775459353663,4.749999999999999,231,8,Wet,2020,2020-08,"{""type"":""MultiPoint"",""coordinates"":[]}"
VHI_M_2020-08_000000000000000000e7,0.5707490676537287,3.0141489804411155,232,8,Wet,2020,2020-08,"{""type"":""MultiPoint"",""coordinates"":[]}"
VHI_M_2020-08_0000000000000000017f,0.6359168121897331,3.398028437062552,384,8,Wet,2020,2020-08,"{""type"":""MultiPoint"",""coordinates"":[]}"
VHI_M_2020-08_00000000000000000180,0.5620218846190917,2.89724599742325,385,8,Wet,2020,2020-08,"{""type"":""MultiPoint"",""coordinates"":[]}"
VHI_M_2020-08_00000000000000000203,0.5257129992818343,2.6627916243300853,516,8,Wet,2020,2020-08,"{""type"":""MultiPoint"",""coordinates"":[]}"
VHI_M_2020-08_00000000000000000204,0.5390159254524721,2.752757155001417,517,8,Wet,2020,2020-08,"{""type"":""MultiPoint"",""coordinates"":[]}"
VHI_M_2020-08_00000000000000000205,0.6983165920913229,3.8615871963695,518,8,Wet,2020,2020-08,"{""type"":""MultiPoint"",""coordinates"":[]}"
VHI_M_2020-08_00000000000000000206,0.5666331442285943,2.9333801890178246,519,8,Wet,2020,2020-08,"{""type"":""MultiPoint"",""coordinates"":[]}"
VHI_M_2020-08_00000000000000000207,0.6969221038971771,3.908730931515742,520,8,Wet,2020,2020-08,"{""type"":""MultiPoint"",""coordinates"":[]}"
VHI_M_2020-08_00000000000000000208,0.6053674646590722,3.0431915839383605,521,8,Wet,2020,2020-08,"{""type"":""MultiPoint"",""coordinates"":[]}"
VHI_M_2020-08_00000000000000000209,0.7652382325464854,4.277346780449962,522,8,Wet,2020,2020-08,"{""type"":""MultiPoint"",""coordinates"":[]}"
VHI_M_2020-08_0000000000000000000e,0.6497106782350045,3.4782747029285237,15,8,Wet,2020,2020-08,"{""type"":""MultiPoint"",""coordinates"":[]}"
VHI_M_2020-08_00000000000000000124,0.8602990768888885,4.86325532658051,293,8,Wet,2020,2020-08,"{""type"":""MultiPoint"",""coordinates"":[]}"
VHI_M_2020-08_00000000000000000125,13.793409409149973,4.402222733709918,294,8,Wet,2020,2020-08,"{""type"":""MultiPoint"",""coordinates"":[]}"
VHI_M_2020-08_00000000000000000126,0.6297369860589073,3.380579986844939,295,8,Wet,2020,2020-08,"{""type"":""MultiPoint"",""coordinates"":[]}"
VHI_M_2020-08_00000000000000000127,0.6984368640682254,3.8578808403168416,296,8,Wet,2020,2020-08,"{""type"":""MultiPoint"",""coordinates"":[]}"
VHI_M_2020-08_00000000000000000128,0.7030490354955719,4.044601979028209,297,8,Wet,2020,2020-08,"{""type"":""MultiPoint"",""coordinates"":[]}"
VHI_M_2020-08_00000000000000000129,0.7082268680202134,3.859797404644187,298,8,Wet,2020,2020-08,"{""type"":""MultiPoint"",""coordinates"":[]}"
VHI_M_2020-08_0000000000000000012a,0.6778503745811646,3.6531243595624043,299,8,Wet,2020,2020-08,"{""type"":""MultiPoint"",""coordinates"":[]}"
VHI_M_2020-08_0000000000000000012b,0.7059176500732581,3.8942900007605035,300,8,Wet,2020,2020-08,"{""type"":""MultiPoint"",""coordinates"":[]}"
VHI_M_2020-08_00000000000000000174,0.6573675998886909,3.574771000893655,373,8,Wet,2020,2020-08,"{""type"":""MultiPoint"",""coordinates"":[]}"
VHI_M_2020-08_00000000000000000175,0.6121468741976673,3.2543152629320984,374,8,Wet,2020,2020-08,"{""type"":""MultiPoint"",""coordinates"":[]}"
VHI_M_2020-08_00000000000000000176,0.6584236781701454,3.5582999772202153,375,8,Wet,2020,2020-08,"{""type"":""MultiPoint"",""coordinates"":[]}"
VHI_M_2020-08_00000000000000000177,0.6812491099282771,3.7185451695639737,376,8,Wet,2020,2020-08,"{""type"":""MultiPoint"",""coordinates"":[]}"
VHI_M_2020-08_00000000000000000195,0.5458426417216831,2.795842506044968,406,8,Wet,2020,2020-08,"{""type"":""MultiPoint"",""coordinates"":[]}"
VHI_M_2020-08_00000000000000000196,0.7429039890340793,4.095743937757573,407,8,Wet,2020,2020-08,"{""type"":""MultiPoint"",""coordinates"":[]}"
VHI_M_2020-08_00000000000000000197,3.543458837279374,4.423959054601006,408,8,Wet,2020,2020-08,"{""type"":""MultiPoint"",""coordinates"":[]}"
VHI_M_2020-08_00000000000000000198,0.7195723746529767,3.9495375662475323,409,8,Wet,2020,2020-08,"{""type"":""MultiPoint"",""coordinates"":[]}"
VHI_M_2020-08_00000000000000000199,0.6457256943228542,3.5168867101741315,410,8,Wet,2020,2020-08,"{""type"":""MultiPoint"",""coordinates"":[]}"
VHI_M_2020-08_00000000000000000035,0.5830662124362211,3.111390728476821,54,8,Wet,2020,2020-08,"{""type"":""MultiPoint"",""coordinates"":[]}"
VHI_M_2020-08_000000000000000000ce,0.5512232000043096,2.8122935595776255,207,8,Wet,2020,2020-08,"{""type"":""MultiPoint"",""coordinates"":[]}"
VHI_M_2020-08_000000000000000000cf,0.4858438322195039,2.3461195722618293,208,8,Wet,2020,2020-08,"{""type"":""MultiPoint"",""coordinates"":[]}"
VHI_M_2020-08_000000000000000000d0,3.3474300679007083,2.911941186125278,209,8,Wet,2020,2020-08,"{""type"":""MultiPoint"",""coordinates"":[]}"
VHI_M_2020-08_000000000000000000d1,27.273650165083367,3.416975157712131,210,8,Wet,2020,2020-08,"{""type"":""MultiPoint"",""coordinates"":[]}"
VHI_M_2020-08_000000000000000001ea,0.5281156249490523,2.689824103875594,491,8,Wet,2020,2020-08,"{""type"":""MultiPoint"",""coordinates"":[]}"
VHI_M_2020-08_000000000000000001eb,0.4843552031294184,2.423064028970384,492,8,Wet,2020,2020-08,"{""type"":""MultiPoint"",""coordinates"":[]}"
VHI_M_2020-08_000000000000000001ec,0.5336146834336929,2.7018455576900986,493,8,Wet,2020,2020-08,"{""type"":""MultiPoint"",""coordinates"":[]}"
VHI_M_2020-08_000000000000000001ed,0.5890084556488697,3.089548748029543,494,8,Wet,2020,2020-08,"{""type"":""MultiPoint"",""coordinates"":[]}"
VHI_M_2020-08_000000000000000001f4,9.01414324704193,3.19181138632695,501,8,Wet,2020,2020-08,"{""type"":""MultiPoint"",""coordinates"":[]}"
VHI_M_2020-08_000000000000000001f5,0.5691422511875047,2.973549724416594,502,8,Wet,2020,2020-08,"{""type"":""MultiPoint"",""coordinates"":[]}"
VHI_M_2020-08_000000000000000001f6,0.589043714125672,3.0951306250854875,503,8,Wet,2020,2020-08,"{""type"":""MultiPoint"",""coordinates"":[]}"
VHI_M_2020-08_000000000000000001f7,50.40241074275551,4.137592855750999,504,8,Wet,2020,2020-08,"{""type"":""MultiPoint"",""coordinates"":[]}"
VHI_M_2020-08_000000000000000001f8,0.6888463425969378,3.7747917757600327,505,8,Wet,2020,2020-08,"{""type"":""MultiPoint"",""coordinates"":[]}"
VHI_M_2020-08_000000000000000001f9,0.7349687938002307,4.06257754709654,506,8,Wet,2020,2020-08,"{""type"":""MultiPoint"",""coordinates"":[]}"
VHI_M_2020-08_000000000000000001fa,26.009526367523726,3.1494807628639907,507,8,Wet,2020,2020-08,"{""type"":""MultiPoint"",""coordinates"":[]}"
VHI_M_2020-08_000000000000000001fb,8.042916590641106,3.6110522012645996,508,8,Wet,2020,2020-08,"{""type"":""MultiPoint"",""coordinates"":[]}"
VHI_M_2020-08_000000000000000001fc,0.5581649241361833,2.7628254451807415,509,8,Wet,2020,2020-08,"{""type"":""MultiPoint"",""coordinates"":[]}"
VHI_M_2020-08_000000000000000001fd,0.57112870215214,2.959736494802559,510,8,Wet,2020,2020-08,"{""type"":""MultiPoint"",""coordinates"":[]}"
VHI_M_2020-08_00000000000000000049,0.5332145272023603,2.7931178093601945,74,8,Wet,2020,2020-08,"{""type"":""MultiPoint"",""coordinates"":[]}"
VHI_M_2020-08_0000000000000000004a,37.37925913960202,3.385842287367266,75,8,Wet,2020,2020-08,"{""type"":""MultiPoint"",""coordinates"":[]}"
VHI_M_2020-08_000000000000000000fd,71.4282441547297,3.805965780251494,254,8,Wet,2020,2020-08,"{""type"":""MultiPoint"",""coordinates"":[]}"
VHI_M_2020-08_000000000000000000fe,5.956214226799615,2.9600065118298247,255,8,Wet,2020,2020-08,"{""type"":""MultiPoint"",""coordinates"":[]}"
VHI_M_2020-08_00000000000000000191,0.5586289114552372,2.703982777179763,402,8,Wet,2020,2020-08,"{""type"":""MultiPoint"",""coordinates"":[]}"
VHI_M_2020-08_0000000000000000016e,18.907989189919476,2.7498238709520684,367,8,Wet,2020,2020-08,"{""type"":""MultiPoint"",""coordinates"":[]}"
VHI_M_2020-08_0000000000000000016f,0.556751615381036,2.8907075059915175,368,8,Wet,2020,2020-08,"{""type"":""MultiPoint"",""coordinates"":[]}"
VHI_M_2020-08_00000000000000000170,0.6754462801583668,3.65044367080447,369,8,Wet,2020,2020-08,"{""type"":""MultiPoint"",""coordinates"":[]}"
VHI_M_2020-08_00000000000000000181,36.03924825712779,4.148459860978604,386,8,Wet,2020,2020-08,"{""type"":""MultiPoint"",""coordinates"":[]}"
VHI_M_2020-08_00000000000000000182,0.5877840759325258,3.0939722417691016,387,8,Wet,2020,2020-08,"{""type"":""MultiPoint"",""coordinates"":[]}"
VHI_M_2020-08_00000000000000000228,0.6007003183099163,3.1793436615025805,553,8,Wet,2020,2020-08,"{""type"":""MultiPoint"",""coordinates"":[]}"
VHI_M_2020-09_00000000000000000017,46.394784660411624,1.8032997643025501,24,9,Wet,2020,2020-09,"{""type"":""MultiPoint"",""coordinates"":[]}"
VHI_M_2020-09_00000000000000000018,232.38003786310568,4.744266551276502,25,9,Wet,2020,2020-09,"{""type"":""MultiPoint"",""coordinates"":[]}"
VHI_M_2020-09_00000000000000000019,29.996125679108125,1.8382238379641656,26,9,Wet,2020,2020-09,"{""type"":""MultiPoint"",""coordinates"":[]}"
VHI_M_2020-09_0000000000000000001a,13.547062174489396,1.8117117731270025,27,9,Wet,2020,2020-09,"{""type"":""MultiPoint"",""coordinates"":[]}"
VHI_M_2020-09_0000000000000000005b,160.25789734894659,4.291739281979783,92,9,Wet,2020,2020-09,"{""type"":""MultiPoint"",""coordinates"":[]}"
VHI_M_2020-09_0000000000000000005c,60.114528719502054,1.9719831899139484,93,9,Wet,2020,2020-09,"{""type"":""MultiPoint"",""coordinates"":[]}"
VHI_M_2020-09_0000000000000000005d,254.0,5.0,94,9,Wet,2020,2020-09,"{""type"":""MultiPoint"",""coordinates"":[]}"
VHI_M_2020-09_0000000000000000005e,35.14197726330424,1.5496786950074146,95,9,Wet,2020,2020-09,"{""type"":""MultiPoint"",""coordinates"":[]}"
VHI_M_2020-09_0000000000000000005f,81.64716948708558,2.496541122213682,96,9,Wet,2020,2020-09,"{""type"":""MultiPoint"",""coordinates"":[]}"
VHI_M_2020-09_000000000000000000b6,0.44453675186926167,2.0558958652373667,183,9,Wet,2020,2020-09,"{""type"":""MultiPoint"",""coordinates"":[]}"
VHI_M_2020-09_000000000000000000b7,0.507738761815898,2.836812144212524,184,9,Wet,2020,2020-09,"{""type"":""MultiPoint"",""coordinates"":[]}"
VHI_M_2020-09_000000000000000000b8,0.3801812353547399,1.7946096654275092,185,9,Wet,2020,2020-09,"{""type"":""MultiPoint"",""coordinates"":[]}"
VHI_M_2020-09_000000000000000000b9,39.244961217927944,2.438702018203403,186,9,Wet,2020,2020-09,"{""type"":""MultiPoint"",""coordinates"":[]}"
VHI_M_2020-09_000000000000000000ba,0.47632800225416805,2.1866666666666665,187,9,Wet,2020,2020-09,"{""type"":""MultiPoint"",""coordinates"":[]}"
VHI_M_2020-09_000000000000000000bb,0.3506188098746951,1.694059405940594,188,9,Wet,2020,2020-09,"{""type"":""MultiPoint"",""coordinates"":[]}"
VHI_M_2020-09_000000000000000001a0,34.2606571960411,3.8728540772532183,417,9,Wet,2020,2020-09,"{""type"":""MultiPoint"",""coordinates"":[]}"
VHI_M_2020-09_000000000000000001a1,0.4769799476844869,2.48710212701765,418,9,Wet,2020,2020-09,"{""type"":""MultiPoint"",""coordinates"":[]}"
VHI_M_2020-09_000000000000000001a2,19.701079919907038,3.576390702533298,419,9,Wet,2020,2020-09,"{""type"":""MultiPoint"",""coordinates"":[]}"
VHI_M_2020-09_000000000000000001a3,0.5309148729199881,2.6319834466449894,420,9,Wet,2020,2020-09,"{""type"":""MultiPoint"",""coordinates"":[]}"
VHI_M_2020-09_000000000000000001cb,41.37242619943364,2.5697070204532895,460,9,Wet,2020,2020-09,"{""type"":""MultiPoint"",""coordinates"":[]}"
VHI_M_2020-09_000000000000000001cc,79.85681880152124,3.1770940170940176,461,9,Wet,2020,2020-09,"{""type"":""MultiPoint"",""coordinates"":[]}"
VHI_M_2020-09_0000000000000000021b,0.4999163321469895,2.8262548262548255,540,9,Wet,2020,2020-09,"{""type"":""MultiPoint"",""coordinates"":[]}"
VHI_M_2020-09_0000000000000000021c,0.5306956446689107,3.0,541,9,Wet,2020,2020-09,"{""type"":""MultiPoint"",""coordinates"":[]}"
VHI_M_2020-09_0000000000000000021d,24.892083520484867,2.5990544799639808,542,9,Wet,2020,2020-09,"{""type"":""MultiPoint"",""coordinates"":[]}"
VHI_M_2020-09_000000000000000000bf,0.41056767307738595,1.7458985831469054,192,9,Wet,2020,2020-09,"{""type"":""MultiPoint"",""coordinates"":[]}"
VHI_M_2020-09_000000000000000000c0,0.5283931667395781,2.539282086014224,193,9,Wet,2020,2020-09,"{""type"":""MultiPoint"",""coordinates"":[]}"
VHI_M_2020-09_0000000000000000010a,0.5185740568736781,2.7043693322341307,267,9,Wet,2020,2020-09,"{""type"":""MultiPoint"",""coordinates"":[]}"
VHI_M_2020-09_0000000000000000010b,56.554566860034264,3.205815210861469,268,9,Wet,2020,2020-09,"{""type"":""MultiPoint"",""coordinates"":[]}"
VHI_M_2020-09_00000000000000000226,3.0915023796410335,3.4130779553495185,551,9,Wet,2020,2020-09,"{""type"":""MultiPoint"",""coordinates"":[]}"
VHI_M_2020-09_00000000000000000227,0.7719517112737951,4.281549173194083,552,9,Wet,2020,2020-09,"{""type"":""MultiPoint"",""coordinates"":[]}"
VHI_M_2020-09_000000000000000001a4,0.4318889935514821,1.9060945273631842,421,9,Wet,2020,2020-09,"{""type"":""MultiPoint"",""coordinates"":[]}"
VHI_M_2020-09_000000000000000001a5,0.4838202852564511,2.460880195599023,422,9,Wet,2020,2020-09,"{""type"":""MultiPoint"",""coordinates"":[]}"
VHI_M_2020-09_000000000000000001a6,0.6420605493437065,3.056129985228951,423,9,Wet,2020,2020-09,"{""type"":""MultiPoint"",""coordinates"":[]}"
VHI_M_2020-09_000000000000000001a7,0.6242316159693634,3.3382352941176467,424,9,Wet,2020,2020-09,"{""type"":""MultiPoint"",""coordinates"":[]}"
VHI_M_2020-09_000000000000000001a8,0.6465912052000458,3.6462668298653607,425,9,Wet,2020,2020-09,"{""type"":""MultiPoint"",""coordinates"":[]}"
VHI_M_2020-09_000000000000000001a9,0.5615234467433765,2.98046875,426,9,Wet,2020,2020-09,"{""type"":""MultiPoint"",""coordinates"":[]}"
VHI_M_2020-09_000000000000000001aa,0.4835238547667501,2.4067076051015586,427,9,Wet,2020,2020-09,"{""type"":""MultiPoint"",""coordinates"":[]}"
VHI_M_2020-09_000000000000000001fe,0.9202456915367764,4.844605621033546,511,9,Wet,2020,2020-09,"{""type"":""MultiPoint"",""coordinates"":[]}"
VHI_M_2020-09_000000000000000001ff,61.90290649510254,3.412502366079877,512,9,Wet,2020,2020-09,"{""type"":""MultiPoint"",""coordinates"":[]}"
VHI_M_2020-09_00000000000000000200,0.7764335793316052,4.400819192510241,513,9,Wet,2020,2020-09,"{""type"":""MultiPoint"",""coordinates"":[]}"
VHI_M_2020-09_00000000000000000201,101.95330653639297,4.0927780706378485,514,9,Wet,2020,2020-09,"{""type"":""MultiPoint"",""coordinates"":[]}"
VHI_M_2020-09_00000000000000000202,0.7688329200309274,4.013781223083549,515,9,Wet,2020,2020-09,"{""type"":""MultiPoint"",""coordinates"":[]}"
VHI_M_2020-09_00000000000000000002,18.66879488828719,2.894082364128447,3,9,Wet,2020,2020-09,"{""type"":""MultiPoint"",""coordinates"":[]}"
VHI_M_2020-09_0000000000000000000d,17.19183582049166,3.508139937651541,14,9,Wet,2020,2020-09,"{""type"":""MultiPoint"",""coordinates"":[]}"
VHI_M_2020-09_00000000000000000027,53.5719971621717,3.6393568503350715,40,9,Wet,2020,2020-09,"{""type"":""MultiPoint"",""coordinates"":[]}"
VHI_M_2020-09_00000000000000000070,0.5328618750598132,2.7344388238158355,113,9,Wet,2020,2020-09,"{""type"":""MultiPoint"",""coordinates"":[]}"
VHI_M_2020-09_00000000000000000071,0.5993143151493204,3.2075683440319622,114,9,Wet,2020,2020-09,"{""type"":""MultiPoint"",""coordinates"":[]}"
VHI_M_2020-09_000000000000000001b0,56.02433263457766,3.3716324271128055,433,9,Wet,2020,2020-09,"{""type"":""MultiPoint"",""coordinates"":[]}"
VHI_M_2020-09_000000000000000001b1,7.605791164898621,3.1410068099879824,434,9,Wet,2020,2020-09,"{""type"":""MultiPoint"",""coordinates"":[]}"
VHI_M_2020-09_000000000000000001b2,90.94488237913816,3.071046691220149,435,9,Wet,2020,2020-09,"{""type"":""MultiPoint"",""coordinates"":[]}"
VHI_M_2020-09_000000000000000001cd,1.4505829680498703,3.229812140324184,462,9,Wet,2020,2020-09,"{""type"":""MultiPoint"",""coordinates"":[]}"
VHI_M_2020-09_000000000000000001ce,0.5235710482478255,2.706228526121047,463,9,Wet,2020,2020-09,"{""type"":""MultiPoint"",""coordinates"":[]}"
VHI_M_2020-09_000000000000000001cf,22.34223479569633,3.0255150161330335,464,9,Wet,2020,2020-09,"{""type"":""MultiPoint"",""coordinates"":[]}"
VHI_M_2020-09_0000000000000000001c,0.7158965717643294,3.9501235723776134,29,9,Wet,2020,2020-09,"{""type"":""MultiPoint"",""coordinates"":[]}"
VHI_M_2020-09_0000000000000000001d,0.7143434623045253,3.8865091649694503,30,9,Wet,2020,2020-09,"{""type"":""MultiPoint"",""coordinates"":[]}"
VHI_M_2020-09_0000000000000000001e,0.7367771543375989,4.032634283968586,31,9,Wet,2020,2020-09,"{""type"":""MultiPoint"",""coordinates"":[]}"
VHI_M_2020-09_00000000000000000026,0.7976929264515779,4.4810841332580456,39,9,Wet,2020,2020-09,"{""type"":""MultiPoint"",""coordinates"":[]}"
VHI_M_2020-09_000000000000000000f9,0.7054924331300032,3.9008262854770908,250,9,Wet,2020,2020-09,"{""type"":""MultiPoint"",""coordinates"":[]}"
VHI_M_2020-09_000000000000000000fa,0.7047072763479445,3.842390576897335,251,9,Wet,2020,2020-09,"{""type"":""MultiPoint"",""coordinates"":[]}"
VHI_M_2020-09_000000000000000000fb,0.7393894030186543,4.096124330155501,252,9,Wet,2020,2020-09,"{""type"":""MultiPoint"",""coordinates"":[]}"
VHI_M_2020-09_000000000000000000fc,0.7272243933936049,3.988497854077253,253,9,Wet,2020,2020-09,"{""type"":""MultiPoint"",""coordinates"":[]}"
VHI_M_2020-09_00000000000000000163,0.7911865261360379,4.368427513400712,356,9,Wet,2020,2020-09,"{""type"":""MultiPoint"",""coordinates"":[]}"
VHI_M_2020-09_00000000000000000164,0.8088555393407656,4.49570634607384,357,9,Wet,2020,2020-09,"{""type"":""MultiPoint"",""coordinates"":[]}"
VHI_M_2020-09_00000000000000000165,0.884587584200049,4.813275756147897,358,9,Wet,2020,2020-09,"{""type"":""MultiPoint"",""coordinates"":[]}"
VHI_M_2020-09_00000000000000000166,0.72083064581385,3.9702685543775003,359,9,Wet,2020,2020-09,"{""type"":""MultiPoint"",""coordinates"":[]}"
VHI_M_2020-09_00000000000000000149,0.7017296316228399,3.8573070775626523,330,9,Wet,2020,2020-09,"{""type"":""MultiPoint"",""coordinates"":[]}"
VHI_M_2020-09_0000000000000000014a,0.6301339012208679,3.429182566436797,331,9,Wet,2020,2020-09,"{""type"":""MultiPoint"",""coordinates"":[]}"
VHI_M_2020-09_0000000000000000014b,0.6624996499135624,3.535554891412633,332,9,Wet,2020,2020-09,"{""type"":""MultiPoint"",""coordinates"":[]}"
VHI_M_2020-09_0000000000000000014c,0.7043215370601054,3.8675394058033064,333,9,Wet,2020,2020-09,"{""type"":""MultiPoint"",""coordinates"":[]}"
VHI_M_2020-09_0000000000000000014d,0.6737693068334033,3.6580451196842088,334,9,Wet,2020,2020-09,"{""type"":""MultiPoint"",""coordinates"":[]}"
VHI_M_2020-09_0000000000000000014e,0.6505041824927577,3.5241182886922804,335,9,Wet,2020,2020-09,"{""type"":""MultiPoint"",""coordinates"":[]}"
VHI_M_2020-09_00000000000000000158,0.6774150301668697,3.7094804813619033,345,9,Wet,2020,2020-09,"{""type"":""MultiPoint"",""coordinates"":[]}"
VHI_M_2020-09_00000000000000000159,0.6922730900063897,3.795645068680711,346,9,Wet,2020,2020-09,"{""type"":""MultiPoint"",""coordinates"":[]}"
VHI_M_2020-09_0000000000000000015a,0.750989539506457,4.134314015375518,347,9,Wet,2020,2020-09,"{""type"":""MultiPoint"",""coordinates"":[]}"
VHI_M_2020-09_0000000000000000015b,0.6447265594855954,3.4250773451637384,348,9,Wet,2020,2020-09,"{""type"":""MultiPoint"",""coordinates"":[]}"
VHI_M_2020-09_0000000000000000015c,0.6231971551757631,3.3074159030045536,349,9,Wet,2020,2020-09,"{""type"":""MultiPoint"",""coordinates"":[]}"
VHI_M_2020-09_0000000000000000015d,0.6966342976234599,3.8147713096766562,350,9,Wet,2020,2020-09,"{""type"":""MultiPoint"",""coordinates"":[]}"
VHI_M_2020-09_00000000000000000008,0.4827515022969486,2.4772929213150356,9,9,Wet,2020,2020-09,"{""type"":""MultiPoint"",""coordinates"":[]}"
VHI_M_2020-09_000000000000000000c2,0.6106114985178722,3.1866296553319455,195,9,Wet,2020,2020-09,"{""type"":""MultiPoint"",""coordinates"":[]}"
VHI_M_2020-09_000000000000000000c3,0.6974102546647465,3.827940286645775,196,9,Wet,2020,2020-09,"{""type"":""MultiPoint"",""coordinates"":[]}"
VHI_M_2020-09_000000000000000000c4,0.6803402844420983,3.725252123142252,197,9,Wet,2020,2020-09,"{""type"":""MultiPoint"",""coordinates"":[]}"
VHI_M_2020-09_000000000000000000c5,0.6386306115783428,3.4323185400248843,198,9,Wet,2020,2020-09,"{""type"":""MultiPoint"",""coordinates"":[]}"
VHI_M_2020-09_000000000000000000c6,0.6568994679429767,3.569383879302615,199,9,Wet,2020,2020-09,"{""type"":""MultiPoint"",""coordinates"":[]}"
VHI_M_2020-09_000000000000000000c7,0.6558019655990877,3.5524412715168023,200,9,Wet,2020,2020-09,"{""type"":""MultiPoint"",""coordinates"":[]}"
VHI_M_2020-09_000000000000000000c8,0.5951926164183626,3.0689601895246454,201,9,Wet,2020,2020-09,"{""type"":""MultiPoint"",""coordinates"":[]}"
VHI_M_2020-09_000000000000000000c9,0.6235542116577648,3.3123152310371347,202,9,Wet,2020,2020-09,"{""type"":""MultiPoint"",""coordinates"":[]}"
VHI_M_2020-09_00000000000000000136,0.6461899836312937,3.4540861082844994,311,9,Wet,2020,2020-09,"{""type"":""MultiPoint"",""coordinates"":[]}"
VHI_M_2020-09_00000000000000000137,0.7716458561194193,4.227092371177653,312,9,Wet,2020,2020-09,"{""type"":""MultiPoint"",""coordinates"":[]}"
VHI_M_2020-09_00000000000000000138,0.6799468889432579,3.676321513186005,313,9,Wet,2020,2020-09,"{""type"":""MultiPoint"",""coordinates"":[]}"
VHI_M_2020-09_00000000000000000139,0.6272970503300206,3.368364716481281,314,9,Wet,2020,2020-09,"{""type"":""MultiPoint"",""coordinates"":[]}"
VHI_M_2020-09_0000000000000000013a,0.5981962378359892,3.134633149840463,315,9,Wet,2020,2020-09,"{""type"":""MultiPoint"",""coordinates"":[]}"
VHI_M_2020-09_000000000000000001ef,0.46118787584356735,2.224794265307178,496,9,Wet,2020,2020-09,"{""type"":""MultiPoint"",""coordinates"":[]}"
VHI_M_2020-09_000000000000000001f0,0.5311466036629792,2.721054333764554,497,9,Wet,2020,2020-09,"{""type"":""MultiPoint"",""coordinates"":[]}"
VHI_M_2020-09_00000000000000000081,0.3235546756974553,1.414124824026279,130,9,Wet,2020,2020-09,"{""type"":""MultiPoint"",""coordinates"":[]}"
VHI_M_2020-09_000000000000000000a0,0.6313022495776058,3.3300395256916993,161,9,Wet,2020,2020-09,"{""type"":""MultiPoint"",""coordinates"":[]}"
VHI_M_2020-09_000000000000000000a1,32.045418196962736,3.091271696461041,162,9,Wet,2020,2020-09,"{""type"":""MultiPoint"",""coordinates"":[]}"
VHI_M_2020-09_000000000000000000a2,8.79245512385034,3.5710153103787716,163,9,Wet,2020,2020-09,"{""type"":""MultiPoint"",""coordinates"":[]}"
VHI_M_2020-09_000000000000000000a3,5.685353799519032,3.4679091149622945,164,9,Wet,2020,2020-09,"{""type"":""MultiPoint"",""coordinates"":[]}"
VHI_M_2020-09_000000000000000000a4,78.08136666918756,4.039091159540071,165,9,Wet,2020,2020-09,"{""type"":""MultiPoint"",""coordinates"":[]}"
VHI_M_2020-09_0000000000000000014f,0.6995485790956334,3.9010395350740783,336,9,Wet,2020,2020-09,"{""type"":""MultiPoint"",""coordinates"":[]}"
VHI_M_2020-09_00000000000000000150,0.7272744357340246,3.997461742501532,337,9,Wet,2020,2020-09,"{""type"":""MultiPoint"",""coordinates"":[]}"
VHI_M_2020-09_00000000000000000151,2.4124113817094806,4.2015738067934665,338,9,Wet,2020,2020-09,"{""type"":""MultiPoint"",""coordinates"":[]}"
VHI_M_2020-09_00000000000000000152,0.6790314403106533,3.6548710485294853,339,9,Wet,2020,2020-09,"{""type"":""MultiPoint"",""coordinates"":[]}"
VHI_M_2020-09_00000000000000000153,0.7752210644835963,4.2199618774366225,340,9,Wet,2020,2020-09,"{""type"":""MultiPoint"",""coordinates"":[]}"
VHI_M_2020-09_00000000000000000171,0.9436566450214736,4.943453777569216,370,9,Wet,2020,2020-09,"{""type"":""MultiPoint"",""coordinates"":[]}"
VHI_M_2020-09_00000000000000000172,0.8553479708091866,4.512520520103186,371,9,Wet,2020,2020-09,"{""type"":""MultiPoint"",""coordinates"":[]}"
VHI_M_2020-09_00000000000000000173,0.818414562835338,4.498082889189405,372,9,Wet,2020,2020-09,"{""type"":""MultiPoint"",""coordinates"":[]}"
VHI_M_2020-09_000000000000000001f1,0.9556381943731523,4.896763784871469,498,9,Wet,2020,2020-09,"{""type"":""MultiPoint"",""coordinates"":[]}"
VHI_M_2020-09_000000000000000001f2,0.6622083434251855,3.6030739433319785,499,9,Wet,2020,2020-09,"{""type"":""MultiPoint"",""coordinates"":[]}"
VHI_M_2020-09_000000000000000001f3,0.788786978320223,4.207283622399463,500,9,Wet,2020,2020-09,"{""type"":""MultiPoint"",""coordinates"":[]}"
VHI_M_2020-09_00000000000000000092,0.7137713155206107,3.9054247513868643,147,9,Wet,2020,2020-09,"{""type"":""MultiPoint"",""coordinates"":[]}"
VHI_M_2020-09_00000000000000000093,0.6562274579633074,3.4483566648060444,148,9,Wet,2020,2020-09,"{""type"":""MultiPoint"",""coordinates"":[]}"
VHI_M_2020-09_00000000000000000094,0.8448120694753324,3.5742300808896554,149,9,Wet,2020,2020-09,"{""type"":""MultiPoint"",""coordinates"":[]}"
VHI_M_2020-09_00000000000000000095,13.092551907385399,3.4476337491482067,150,9,Wet,2020,2020-09,"{""type"":""MultiPoint"",""coordinates"":[]}"
VHI_M_2020-09_00000000000000000096,0.6264013517395743,3.328642426345276,151,9,Wet,2020,2020-09,"{""type"":""MultiPoint"",""coordinates"":[]}"
VHI_M_2020-09_00000000000000000097,0.7539856195190394,4.198404062386652,152,9,Wet,2020,2020-09,"{""type"":""MultiPoint"",""coordinates"":[]}"
VHI_M_2020-09_00000000000000000098,0.7754740655990476,4.426377118644068,153,9,Wet,2020,2020-09,"{""type"":""MultiPoint"",""coordinates"":[]}"
VHI_M_2020-09_000000000000000000a9,0.6898770231470882,3.6981290729451333,170,9,Wet,2020,2020-09,"{""type"":""MultiPoint"",""coordinates"":[]}"
VHI_M_2020-09_0000000000000000017c,61.8150740459337,3.5311322590627623,381,9,Wet,2020,2020-09,"{""type"":""MultiPoint"",""coordinates"":[]}"
VHI_M_2020-09_0000000000000000017d,38.99661281721177,3.563810063208962,382,9,Wet,2020,2020-09,"{""type"":""MultiPoint"",""coordinates"":[]}"
VHI_M_2020-09_0000000000000000017e,11.723148448894738,3.43444667740703,383,9,Wet,2020,2020-09,"{""type"":""MultiPoint"",""coordinates"":[]}"
VHI_M_2020-09_000000000000000001ee,0.6591157105365605,3.5969252109582697,495,9,Wet,2020,2020-09,"{""type"":""MultiPoint"",""coordinates"":[]}"
VHI_M_2020-09_0000000000000000020d,0.6577747435131461,3.435709879263241,526,9,Wet,2020,2020-09,"{""type"":""MultiPoint"",""coordinates"":[]}"
VHI_M_2020-09_0000000000000000020e,3.9706064216691694,4.139718721747333,527,9,Wet,2020,2020-09,"{""type"":""MultiPoint"",""coordinates"":[]}"
VHI_M_2020-09_0000000000000000020f,0.6664786441447391,3.5794148173383906,528,9,Wet,2020,2020-09,"{""type"":""MultiPoint"",""coordinates"":[]}"
VHI_M_2020-09_00000000000000000210,0.6631909327502825,3.535774277696534,529,9,Wet,2020,2020-09,"{""type"":""MultiPoint"",""coordinates"":[]}"
VHI_M_2020-09_00000000000000000211,11.971335128559877,3.4768335335736222,530,9,Wet,2020,2020-09,"{""type"":""MultiPoint"",""coordinates"":[]}"
VHI_M_2020-09_00000000000000000058,0.47529330205027015,2.346914418386652,89,9,Wet,2020,2020-09,"{""type"":""MultiPoint"",""coordinates"":[]}"
VHI_M_2020-09_00000000000000000059,0.6260898598906094,3.3603679124461467,90,9,Wet,2020,2020-09,"{""type"":""MultiPoint"",""coordinates"":[]}"
VHI_M_2020-09_0000000000000000018b,0.6938238899095687,3.5918111552120338,396,9,Wet,2020,2020-09,"{""type"":""MultiPoint"",""coordinates"":[]}"
VHI_M_2020-09_0000000000000000018c,0.6602446860020419,3.5804250789311336,397,9,Wet,2020,2020-09,"{""type"":""MultiPoint"",""coordinates"":[]}"
VHI_M_2020-09_0000000000000000018d,0.5771379533308503,3.0315728186681423,398,9,Wet,2020,2020-09,"{""type"":""MultiPoint"",""coordinates"":[]}"
VHI_M_2020-09_0000000000000000018e,0.534816619393468,2.734861886757546,399,9,Wet,2020,2020-09,"{""type"":""MultiPoint"",""coordinates"":[]}"
VHI_M_2020-09_00000000000000000036,0.6724532612179673,3.5545547246770908,55,9,Wet,2020,2020-09,"{""type"":""MultiPoint"",""coordinates"":[]}"
VHI_M_2020-09_000000000000000000db,0.7524637948646269,4.033492729674525,220,9,Wet,2020,2020-09,"{""type"":""MultiPoint"",""coordinates"":[]}"
VHI_M_2020-09_000000000000000000dc,0.7056341363157338,3.7833244063560088,221,9,Wet,2020,2020-09,"{""type"":""MultiPoint"",""coordinates"":[]}"
VHI_M_2020-09_000000000000000000dd,0.8222273120789827,4.319737567857868,222,9,Wet,2020,2020-09,"{""type"":""MultiPoint"",""coordinates"":[]}"
VHI_M_2020-09_00000000000000000102,0.7742420823915961,4.267671539194169,259,9,Wet,2020,2020-09,"{""type"":""MultiPoint"",""coordinates"":[]}"
VHI_M_2020-09_00000000000000000103,0.833649863881356,4.629597961305033,260,9,Wet,2020,2020-09,"{""type"":""MultiPoint"",""coordinates"":[]}"
VHI_M_2020-09_00000000000000000104,0.8182566304986183,4.509365202316403,261,9,Wet,2020,2020-09,"{""type"":""MultiPoint"",""coordinates"":[]}"
VHI_M_2020-09_00000000000000000105,0.7965870903094419,4.393171912832928,262,9,Wet,2020,2020-09,"{""type"":""MultiPoint"",""coordinates"":[]}"
VHI_M_2020-09_0000000000000000000a,0.841880511770928,4.634500755390744,11,9,Wet,2020,2020-09,"{""type"":""MultiPoint"",""coordinates"":[]}"
VHI_M_2020-09_000000000000000000b1,0.6647322041113534,3.5435325217883853,178,9,Wet,2020,2020-09,"{""type"":""MultiPoint"",""coordinates"":[]}"
VHI_M_2020-09_000000000000000000b2,0.6303794386445113,3.35930363281865,179,9,Wet,2020,2020-09,"{""type"":""MultiPoint"",""coordinates"":[]}"
VHI_M_2020-09_000000000000000000b3,0.6577010770212967,3.495125076001043,180,9,Wet,2020,2020-09,"{""type"":""MultiPoint"",""coordinates"":[]}"
VHI_M_2020-09_000000000000000000ca,0.8506526011258839,4.711019929660025,203,9,Wet,2020,2020-09,"{""type"":""MultiPoint"",""coordinates"":[]}"
VHI_M_2020-09_000000000000000000d2,0.7627672360830494,4.224723384529048,211,9,Wet,2020,2020-09,"{""type"":""MultiPoint"",""coordinates"":[]}"
VHI_M_2020-09_000000000000000000d3,0.7573292639721477,4.170996482914092,212,9,Wet,2020,2020-09,"{""type"":""MultiPoint"",""coordinates"":[]}"
VHI_M_2020-09_000000000000000000d4,0.8066375443611489,4.473879794937028,213,9,Wet,2020,2020-09,"{""type"":""MultiPoint"",""coordinates"":[]}"
VHI_M_2020-09_000000000000000000d5,0.7699234892874616,4.250373239174372,214,9,Wet,2020,2020-09,"{""type"":""MultiPoint"",""coordinates"":[]}"
VHI_M_2020-09_000000000000000000bc,0.5998965812906739,3.153678572922913,189,9,Wet,2020,2020-09,"{""type"":""MultiPoint"",""coordinates"":[]}"
VHI_M_2020-09_000000000000000000bd,0.5752191031124323,3.007534612732526,190,9,Wet,2020,2020-09,"{""type"":""MultiPoint"",""coordinates"":[]}"
VHI_M_2020-09_000000000000000000be,0.7080162719902244,3.8848771481805424,191,9,Wet,2020,2020-09,"{""type"":""MultiPoint"",""coordinates"":[]}"
VHI_M_2020-09_000000000000000000f1,0.5502868469170971,2.6363945578231287,242,9,Wet,2020,2020-09,"{""type"":""MultiPoint"",""coordinates"":[]}"
VHI_M_2020-09_00000000000000000100,0.6479948250114045,3.4642071943112476,257,9,Wet,2020,2020-09,"{""type"":""MultiPoint"",""coordinates"":[]}"
VHI_M_2020-09_00000000000000000101,0.6168689340548746,3.257529193973831,258,9,Wet,2020,2020-09,"{""type"":""MultiPoint"",""coordinates"":[]}"
VHI_M_2020-09_0000000000000000012f,0.5976508000203594,3.1420978800793433,304,9,Wet,2020,2020-09,"{""type"":""MultiPoint"",""coordinates"":[]}"
VHI_M_2020-09_00000000000000000130,0.5941998786216791,3.1260324779470747,305,9,Wet,2020,2020-09,"{""type"":""MultiPoint"",""coordinates"":[]}"
VHI_M_2020-09_00000000000000000131,0.7020706539305486,3.8690044206664114,306,9,Wet,2020,2020-09,"{""type"":""MultiPoint"",""coordinates"":[]}"
VHI_M_2020-09_00000000000000000065,0.608196720517724,3.1959067509556345,102,9,Wet,2020,2020-09,"{""type"":""MultiPoint"",""coordinates"":[]}"
VHI_M_2020-09_00000000000000000066,0.7097288066063814,3.854598484717738,103,9,Wet,2020,2020-09,"{""type"":""MultiPoint"",""coordinates"":[]}"
VHI_M_2020-09_00000000000000000067,0.5817200047524618,3.0839652100847115,104,9,Wet,2020,2020-09,"{""type"":""MultiPoint"",""coordinates"":[]}"
VHI_M_2020-09_00000000000000000068,0.61604800717464,3.2656191282536544,105,9,Wet,2020,2020-09,"{""type"":""MultiPoint"",""coordinates"":[]}"
VHI_M_2020-09_00000000000000000109,0.5599442055181565,2.8704315097890323,266,9,Wet,2020,2020-09,"{""type"":""MultiPoint"",""coordinates"":[]}"
VHI_M_2020-09_000000000000000001c1,0.5624430069364575,2.9219909540606106,450,9,Wet,2020,2020-09,"{""type"":""MultiPoint"",""coordinates"":[]}"
VHI_M_2020-09_000000000000000001c2,0.5888849855376133,3.081437058717979,451,9,Wet,2020,2020-09,"{""type"":""MultiPoint"",""coordinates"":[]}"
VHI_M_2020-09_00000000000000000113,0.7544804937142211,4.075865860362837,276,9,Wet,2020,2020-09,"{""type"":""MultiPoint"",""coordinates"":[]}"
VHI_M_2020-09_00000000000000000114,0.713794573171533,3.9502449755024482,277,9,Wet,2020,2020-09,"{""type"":""MultiPoint"",""coordinates"":[]}"
VHI_M_2020-09_00000000000000000115,0.7289328464251141,3.925082563384266,278,9,Wet,2020,2020-09,"{""type"":""MultiPoint"",""coordinates"":[]}"
VHI_M_2020-09_00000000000000000116,0.790297383296784,4.222234845491188,279,9,Wet,2020,2020-09,"{""type"":""MultiPoint"",""coordinates"":[]}"
VHI_M_2020-09_00000000000000000117,0.7857254701671028,4.255634981464391,280,9,Wet,2020,2020-09,"{""type"":""MultiPoint"",""coordinates"":[]}"
VHI_M_2020-09_00000000000000000167,1.0102563665238904,4.852795236520014,360,9,Wet,2020,2020-09,"{""type"":""MultiPoint"",""coordinates"":[]}"
VHI_M_2020-09_00000000000000000168,0.6284661863432894,3.2732713100326887,361,9,Wet,2020,2020-09,"{""type"":""MultiPoint"",""coordinates"":[]}"
VHI_M_2020-09_00000000000000000169,0.664922350865178,3.5723844976819596,362,9,Wet,2020,2020-09,"{""type"":""MultiPoint"",""coordinates"":[]}"
VHI_M_2020-09_0000000000000000016a,0.8024095993031081,4.2526078853740605,363,9,Wet,2020,2020-09,"{""type"":""MultiPoint"",""coordinates"":[]}"
VHI_M_2020-09_0000000000000000016b,0.742120640853885,4.105137322216772,364,9,Wet,2020,2020-09,"{""type"":""MultiPoint"",""coordinates"":[]}"
VHI_M_2020-09_0000000000000000016c,0.707643387878875,3.868352817281568,365,9,Wet,2020,2020-09,"{""type"":""MultiPoint"",""coordinates"":[]}"
VHI_M_2020-09_0000000000000000016d,0.6148075055357674,3.253335476611478,366,9,Wet,2020,2020-09,"{""type"":""MultiPoint"",""coordinates"":[]}"
VHI_M_2020-09_000000000000000000cb,0.8000478579958243,4.510052400812747,204,9,Wet,2020,2020-09,"{""type"":""MultiPoint"",""coordinates"":[]}"
VHI_M_2020-09_000000000000000000eb,15.511462125069324,3.7339902145480637,236,9,Wet,2020,2020-09,"{""type"":""MultiPoint"",""coordinates"":[]}"
VHI_M_2020-09_000000000000000000ec,0.731582571837195,4.054776565549886,237,9,Wet,2020,2020-09,"{""type"":""MultiPoint"",""coordinates"":[]}"
VHI_M_2020-09_000000000000000000ed,0.651782654278259,3.4882395113418045,238,9,Wet,2020,2020-09,"{""type"":""MultiPoint"",""coordinates"":[]}"
VHI_M_2020-09_000000000000000000ee,0.7802960449782694,4.3291902071563095,239,9,Wet,2020,2020-09,"{""type"":""MultiPoint"",""coordinates"":[]}"
VHI_M_2020-09_000000000000000000ef,0.7191805632479863,3.9269502731769848,240,9,Wet,2020,2020-09,"{""type"":""MultiPoint"",""coordinates"":[]}"
VHI_M_2020-09_00000000000000000146,0.7322522574117892,4.033244952070163,327,9,Wet,2020,2020-09,"{""type"":""MultiPoint"",""coordinates"":[]}"
VHI_M_2020-09_00000000000000000147,8.606560837821029,3.493874326523517,328,9,Wet,2020,2020-09,"{""type"":""MultiPoint"",""coordinates"":[]}"
VHI_M_2020-09_00000000000000000148,0.6861729565004402,3.74334306820134,329,9,Wet,2020,2020-09,"{""type"":""MultiPoint"",""coordinates"":[]}"
VHI_M_2020-09_0000000000000000015e,0.6861298191006963,3.7540537909030283,351,9,Wet,2020,2020-09,"{""type"":""MultiPoint"",""coordinates"":[]}"
VHI_M_2020-09_0000000000000000015f,0.7841551523270095,4.434546678813326,352,9,Wet,2020,2020-09,"{""type"":""MultiPoint"",""coordinates"":[]}"
VHI_M_2020-09_00000000000000000160,0.7586737371385872,4.209018257423169,353,9,Wet,2020,2020-09,"{""type"":""MultiPoint"",""coordinates"":[]}"
VHI_M_2020-09_00000000000000000161,0.7694390490937443,4.201216908625106,354,9,Wet,2020,2020-09,"{""type"":""MultiPoint"",""coordinates"":[]}"
VHI_M_2020-09_00000000000000000162,4.613854537592336,3.696895042889485,355,9,Wet,2020,2020-09,"{""type"":""MultiPoint"",""coordinates"":[]}"
VHI_M_2020-09_00000000000000000010,0.9151509903217034,4.807134385548764,17,9,Wet,2020,2020-09,"{""type"":""MultiPoint"",""coordinates"":[]}"
VHI_M_2020-09_00000000000000000121,0.828385496594416,4.629346970889063,290,9,Wet,2020,2020-09,"{""type"":""MultiPoint"",""coordinates"":[]}"
VHI_M_2020-09_00000000000000000122,0.9099668545651092,4.330597031647971,291,9,Wet,2020,2020-09,"{""type"":""MultiPoint"",""coordinates"":[]}"
VHI_M_2020-09_00000000000000000123,0.8336921317193428,4.605182696852969,292,9,Wet,2020,2020-09,"{""type"":""MultiPoint"",""coordinates"":[]}"
VHI_M_2020-09_0000000000000000019a,0.7134762237434146,3.8635151474997103,411,9,Wet,2020,2020-09,"{""type"":""MultiPoint"",""coordinates"":[]}"
VHI_M_2020-09_0000000000000000019b,0.8069342813646687,4.48627153415957,412,9,Wet,2020,2020-09,"{""type"":""MultiPoint"",""coordinates"":[]}"
VHI_M_2020-09_0000000000000000019c,0.6675653441195757,3.596130739895868,413,9,Wet,2020,2020-09,"{""type"":""MultiPoint"",""coordinates"":[]}"
VHI_M_2020-09_0000000000000000019d,0.7578171439086123,4.16593480264812,414,9,Wet,2020,2020-09,"{""type"":""MultiPoint"",""coordinates"":[]}"
VHI_M_2020-09_0000000000000000019e,4.38621376294858,4.164010183388531,415,9,Wet,2020,2020-09,"{""type"":""MultiPoint"",""coordinates"":[]}"
VHI_M_2020-09_0000000000000000019f,0.623122276322153,3.324609408449389,416,9,Wet,2020,2020-09,"{""type"":""MultiPoint"",""coordinates"":[]}"
VHI_M_2020-09_00000000000000000216,0.7903275573216904,4.51435057564456,535,9,Wet,2020,2020-09,"{""type"":""MultiPoint"",""coordinates"":[]}"
VHI_M_2020-09_00000000000000000217,0.8974463775067819,4.548109991782569,536,9,Wet,2020,2020-09,"{""type"":""MultiPoint"",""coordinates"":[]}"
VHI_M_2020-09_00000000000000000218,0.6737740827859009,3.622243315931024,537,9,Wet,2020,2020-09,"{""type"":""MultiPoint"",""coordinates"":[]}"
VHI_M_2020-09_00000000000000000219,0.7971200885521169,4.367343736720642,538,9,Wet,2020,2020-09,"{""type"":""MultiPoint"",""coordinates"":[]}"
VHI_M_2020-09_0000000000000000021a,8.600059732367917,4.301831849236878,539,9,Wet,2020,2020-09,"{""type"":""MultiPoint"",""coordinates"":[]}"
VHI_M_2020-09_00000000000000000004,0.5255142988252846,2.6755040437407436,5,9,Wet,2020,2020-09,"{""type"":""MultiPoint"",""coordinates"":[]}"
VHI_M_2020-09_00000000000000000028,0.47044665601567326,2.300491097995753,41,9,Wet,2020,2020-09,"{""type"":""MultiPoint"",""coordinates"":[]}"
VHI_M_2020-09_00000000000000000029,0.4571437056134658,2.2260215110754396,42,9,Wet,2020,2020-09,"{""type"":""MultiPoint"",""coordinates"":[]}"
VHI_M_2020-09_0000000000000000002a,0.4515772165710508,2.198391861955236,43,9,Wet,2020,2020-09,"{""type"":""MultiPoint"",""coordinates"":[]}"
VHI_M_2020-09_0000000000000000002b,0.46931154644998085,2.312351708908662,44,9,Wet,2020,2020-09,"{""type"":""MultiPoint"",""coordinates"":[]}"
VHI_M_2020-09_000000000000000000a7,0.5232460085085257,2.652819989384723,168,9,Wet,2020,2020-09,"{""type"":""MultiPoint"",""coordinates"":[]}"
VHI_M_2020-09_000000000000000000a8,0.47329155201669487,2.2846123898973185,169,9,Wet,2020,2020-09,"{""type"":""MultiPoint"",""coordinates"":[]}"
VHI_M_2020-09_0000000000000000000c,0.4475718646337467,2.1736787046302193,13,9,Wet,2020,2020-09,"{""type"":""MultiPoint"",""coordinates"":[]}"
VHI_M_2020-09_00000000000000000060,0.4515199940432919,2.1951521048032765,97,9,Wet,2020,2020-09,"{""type"":""MultiPoint"",""coordinates"":[]}"
VHI_M_2020-09_00000000000000000061,0.44965700762155797,2.1592503818587727,98,9,Wet,2020,2020-09,"{""type"":""MultiPoint"",""coordinates"":[]}"
VHI_M_2020-09_00000000000000000062,0.48568557109784777,2.4667929713925565,99,9,Wet,2020,2020-09,"{""type"":""MultiPoint"",""coordinates"":[]}"
VHI_M_2020-09_00000000000000000063,0.4692774136681437,2.313644060638482,100,9,Wet,2020,2020-09,"{""type"":""MultiPoint"",""coordinates"":[]}"
VHI_M_2020-09_00000000000000000064,0.47597164357163524,2.360708901767149,101,9,Wet,2020,2020-09,"{""type"":""MultiPoint"",""coordinates"":[]}"
VHI_M_2020-09_00000000000000000011,0.49981219338213356,2.520291818013914,18,9,Wet,2020,2020-09,"{""type"":""MultiPoint"",""coordinates"":[]}"
VHI_M_2020-09_00000000000000000033,0.4747845980176339,2.356767139537945,52,9,Wet,2020,2020-09,"{""type"":""MultiPoint"",""coordinates"":[]}"
VHI_M_2020-09_00000000000000000034,0.4204530141237266,1.9921274080125608,53,9,Wet,2020,2020-09,"{""type"":""MultiPoint"",""coordinates"":[]}"
VHI_M_2020-09_000000000000000001b3,0.48911763361380733,2.4324520699099526,436,9,Wet,2020,2020-09,"{""type"":""MultiPoint"",""coordinates"":[]}"
VHI_M_2020-09_000000000000000001b4,0.4727275340742964,2.3274749565895525,437,9,Wet,2020,2020-09,"{""type"":""MultiPoint"",""coordinates"":[]}"
VHI_M_2020-09_000000000000000001b5,0.487050419202972,2.453915457404779,438,9,Wet,2020,2020-09,"{""type"":""MultiPoint"",""coordinates"":[]}"
VHI_M_2020-09_00000000000000000005,0.34707090103828453,1.8615085854456248,6,9,Wet,2020,2020-09,"{""type"":""MultiPoint"",""coordinates"":[]}"
VHI_M_2020-09_00000000000000000082,0.4772902623294842,2.329185024707285,131,9,Wet,2020,2020-09,"{""type"":""MultiPoint"",""coordinates"":[]}"
VHI_M_2020-09_00000000000000000083,0.45181053280822575,2.1754123622337134,132,9,Wet,2020,2020-09,"{""type"":""MultiPoint"",""coordinates"":[]}"
VHI_M_2020-09_00000000000000000084,0.47634527366923607,2.3529023401066818,133,9,Wet,2020,2020-09,"{""type"":""MultiPoint"",""coordinates"":[]}"
VHI_M_2020-09_00000000000000000085,0.4595003309119771,2.2526123735279486,134,9,Wet,2020,2020-09,"{""type"":""MultiPoint"",""coordinates"":[]}"
VHI_M_2020-09_00000000000000000086,0.49939870377624135,2.498047414124684,135,9,Wet,2020,2020-09,"{""type"":""MultiPoint"",""coordinates"":[]}"
VHI_M_2020-09_00000000000000000087,0.5229733802396614,2.6630258554484176,136,9,Wet,2020,2020-09,"{""type"":""MultiPoint"",""coordinates"":[]}"
VHI_M_2020-09_0000000000000000010c,0.40070664143854634,1.8463229899791198,269,9,Wet,2020,2020-09,"{""type"":""MultiPoint"",""coordinates"":[]}"
VHI_M_2020-09_0000000000000000010d,0.3834335925203297,1.7432968649272595,270,9,Wet,2020,2020-09,"{""type"":""MultiPoint"",""coordinates"":[]}"
VHI_M_2020-09_0000000000000000010e,0.40049337198796625,1.8189184819949074,271,9,Wet,2020,2020-09,"{""type"":""MultiPoint"",""coordinates"":[]}"
VHI_M_2020-09_0000000000000000010f,0.33007994606483165,1.3866242164743103,272,9,Wet,2020,2020-09,"{""type"":""MultiPoint"",""coordinates"":[]}"
VHI_M_2020-09_00000000000000000110,0.3821268224574127,1.698162650374946,273,9,Wet,2020,2020-09,"{""type"":""MultiPoint"",""coordinates"":[]}"
VHI_M_2020-09_00000000000000000111,0.3887250434972808,1.7971890421672871,274,9,Wet,2020,2020-09,"{""type"":""MultiPoint"",""coordinates"":[]}"
VHI_M_2020-09_000000000000000001d0,0.46982514758535004,2.276893342877596,465,9,Wet,2020,2020-09,"{""type"":""MultiPoint"",""coordinates"":[]}"
VHI_M_2020-09_000000000000000001d1,0.42583970191131676,2.037538058015727,466,9,Wet,2020,2020-09,"{""type"":""MultiPoint"",""coordinates"":[]}"
VHI_M_2020-09_00000000000000000009,0.4934069815076988,2.4464974013378757,10,9,Wet,2020,2020-09,"{""type"":""MultiPoint"",""coordinates"":[]}"
VHI_M_2020-09_0000000000000000009e,0.42924222034361675,2.0351354270422064,159,9,Wet,2020,2020-09,"{""type"":""MultiPoint"",""coordinates"":[]}"
VHI_M_2020-09_0000000000000000009f,0.40874859310399625,1.8737739205131683,160,9,Wet,2020,2020-09,"{""type"":""MultiPoint"",""coordinates"":[]}"
VHI_M_2020-09_00000000000000000154,0.4703783848040919,2.2912133530603165,341,9,Wet,2020,2020-09,"{""type"":""MultiPoint"",""coordinates"":[]}"
VHI_M_2020-09_00000000000000000155,0.5479577474700719,2.832929363462101,342,9,Wet,2020,2020-09,"{""type"":""MultiPoint"",""coordinates"":[]}"
VHI_M_2020-09_00000000000000000156,0.47427316404914666,2.322381108881259,343,9,Wet,2020,2020-09,"{""type"":""MultiPoint"",""coordinates"":[]}"
VHI_M_2020-09_00000000000000000157,0.567218210588685,2.946137115148094,344,9,Wet,2020,2020-09,"{""type"":""MultiPoint"",""coordinates"":[]}"
VHI_M_2020-09_00000000000000000178,0.4924712252025019,2.4351561557007435,377,9,Wet,2020,2020-09,"{""type"":""MultiPoint"",""coordinates"":[]}"
VHI_M_2020-09_00000000000000000179,0.6347459825813868,3.3826025744572403,378,9,Wet,2020,2020-09,"{""type"":""MultiPoint"",""coordinates"":[]}"
VHI_M_2020-09_0000000000000000017a,0.5516827006361443,2.820498366346365,379,9,Wet,2020,2020-09,"{""type"":""MultiPoint"",""coordinates"":[]}"
VHI_M_2020-09_0000000000000000017b,0.5653399917260631,2.9855619954460773,380,9,Wet,2020,2020-09,"{""type"":""MultiPoint"",""coordinates"":[]}"
VHI_M_2020-09_0000000000000000000f,0.3216466513245383,1.626313813813814,16,9,Wet,2020,2020-09,"{""type"":""MultiPoint"",""coordinates"":[]}"
VHI_M_2020-09_00000000000000000040,0.35058965597774633,1.6265730113254282,65,9,Wet,2020,2020-09,"{""type"":""MultiPoint"",""coordinates"":[]}"
VHI_M_2020-09_00000000000000000041,0.43263391232283366,2.05800111490849,66,9,Wet,2020,2020-09,"{""type"":""MultiPoint"",""coordinates"":[]}"
VHI_M_2020-09_00000000000000000042,0.38580122437433645,1.8100730277170096,67,9,Wet,2020,2020-09,"{""type"":""MultiPoint"",""coordinates"":[]}"
VHI_M_2020-09_00000000000000000043,0.3593078265470782,1.6089395531885162,68,9,Wet,2020,2020-09,"{""type"":""MultiPoint"",""coordinates"":[]}"
VHI_M_2020-09_00000000000000000192,0.42258197122091995,2.0141193689812535,403,9,Wet,2020,2020-09,"{""type"":""MultiPoint"",""coordinates"":[]}"
VHI_M_2020-09_00000000000000000193,0.4101584780239115,1.8935632833324478,404,9,Wet,2020,2020-09,"{""type"":""MultiPoint"",""coordinates"":[]}"
VHI_M_2020-09_00000000000000000194,0.4649383488939919,2.2832175059552546,405,9,Wet,2020,2020-09,"{""type"":""MultiPoint"",""coordinates"":[]}"
VHI_M_2020-09_000000000000000001d2,0.33916900055837396,1.4121802214585717,467,9,Wet,2020,2020-09,"{""type"":""MultiPoint"",""coordinates"":[]}"
VHI_M_2020-09_000000000000000001d3,0.4152953408761478,1.9216041444019778,468,9,Wet,2020,2020-09,"{""type"":""MultiPoint"",""coordinates"":[]}"
VHI_M_2020-09_000000000000000001d4,0.40575845612276495,1.9008317633521434,469,9,Wet,2020,2020-09,"{""type"":""MultiPoint"",""coordinates"":[]}"
VHI_M_2020-09_000000000000000001d5,0.3874689712798103,1.7924637347970322,470,9,Wet,2020,2020-09,"{""type"":""MultiPoint"",""coordinates"":[]}"
VHI_M_2020-09_000000000000000001d6,0.35691434227447655,1.5839593929684304,471,9,Wet,2020,2020-09,"{""type"":""MultiPoint"",""coordinates"":[]}"
VHI_M_2020-09_000000000000000001d7,0.32213458983319293,1.4063994239618363,472,9,Wet,2020,2020-09,"{""type"":""MultiPoint"",""coordinates"":[]}"
VHI_M_2020-09_00000000000000000069,0.9125437280523316,4.9185996392139355,106,9,Wet,2020,2020-09,"{""type"":""MultiPoint"",""coordinates"":[]}"
VHI_M_2020-09_0000000000000000006a,0.8253338392151919,4.567410963492243,107,9,Wet,2020,2020-09,"{""type"":""MultiPoint"",""coordinates"":[]}"
VHI_M_2020-09_0000000000000000006b,0.9109171592730757,4.918015202615593,108,9,Wet,2020,2020-09,"{""type"":""MultiPoint"",""coordinates"":[]}"
VHI_M_2020-09_0000000000000000006c,0.899983366290013,4.8337857738507095,109,9,Wet,2020,2020-09,"{""type"":""MultiPoint"",""coordinates"":[]}"
VHI_M_2020-09_0000000000000000006d,0.803441229990951,4.4142982814632115,110,9,Wet,2020,2020-09,"{""type"":""MultiPoint"",""coordinates"":[]}"
VHI_M_2020-09_0000000000000000006e,0.7853262323629514,4.348615834609759,111,9,Wet,2020,2020-09,"{""type"":""MultiPoint"",""coordinates"":[]}"
VHI_M_2020-09_0000000000000000006f,0.8108962973963698,4.452249145893963,112,9,Wet,2020,2020-09,"{""type"":""MultiPoint"",""coordinates"":[]}"
VHI_M_2020-09_000000000000000000d6,0.9161427292478675,4.941695501730105,215,9,Wet,2020,2020-09,"{""type"":""MultiPoint"",""coordinates"":[]}"
VHI_M_2020-09_0000000000000000013b,0.8724341802816177,4.951172809956918,316,9,Wet,2020,2020-09,"{""type"":""MultiPoint"",""coordinates"":[]}"
VHI_M_2020-09_0000000000000000013c,0.9319517859526847,4.862313368619587,317,9,Wet,2020,2020-09,"{""type"":""MultiPoint"",""coordinates"":[]}"
VHI_M_2020-09_0000000000000000013d,0.9878014656719692,4.93157826633218,318,9,Wet,2020,2020-09,"{""type"":""MultiPoint"",""coordinates"":[]}"
VHI_M_2020-09_0000000000000000013e,0.8690221419634832,4.66059703983975,319,9,Wet,2020,2020-09,"{""type"":""MultiPoint"",""coordinates"":[]}"
VHI_M_2020-09_0000000000000000013f,0.9149494654858916,4.8237277159835426,320,9,Wet,2020,2020-09,"{""type"":""MultiPoint"",""coordinates"":[]}"
VHI_M_2020-09_00000000000000000140,10.646857200755198,4.685221970144858,321,9,Wet,2020,2020-09,"{""type"":""MultiPoint"",""coordinates"":[]}"
VHI_M_2020-09_000000000000000001bc,0.7926704248405132,4.370252259466881,445,9,Wet,2020,2020-09,"{""type"":""MultiPoint"",""coordinates"":[]}"
VHI_M_2020-09_000000000000000001bd,0.8169981267288334,4.502402954994301,446,9,Wet,2020,2020-09,"{""type"":""MultiPoint"",""coordinates"":[]}"
VHI_M_2020-09_000000000000000001be,0.8230514636937801,4.480975249353526,447,9,Wet,2020,2020-09,"{""type"":""MultiPoint"",""coordinates"":[]}"
VHI_M_2020-09_000000000000000001bf,0.8451191970600135,4.583760488757067,448,9,Wet,2020,2020-09,"{""type"":""MultiPoint"",""coordinates"":[]}"
VHI_M_2020-09_000000000000000001c0,0.8555295333371521,4.70603752569895,449,9,Wet,2020,2020-09,"{""type"":""MultiPoint"",""coordinates"":[]}"
VHI_M_2020-09_00000000000000000006,0.725160484108349,4.046054678817516,7,9,Wet,2020,2020-09,"{""type"":""MultiPoint"",""coordinates"":[]}"
VHI_M_2020-09_0000000000000000002c,0.7092948697099495,3.900366046023683,45,9,Wet,2020,2020-09,"{""type"":""MultiPoint"",""coordinates"":[]}"
VHI_M_2020-09_0000000000000000002d,0.6793023186499878,3.6798518029864633,46,9,Wet,2020,2020-09,"{""type"":""MultiPoint"",""coordinates"":[]}"
VHI_M_2020-09_0000000000000000002e,0.7573189302543518,4.173477820252725,47,9,Wet,2020,2020-09,"{""type"":""MultiPoint"",""coordinates"":[]}"
VHI_M_2020-09_0000000000000000002f,0.6810588969509843,3.7070586101253613,48,9,Wet,2020,2020-09,"{""type"":""MultiPoint"",""coordinates"":[]}"
VHI_M_2020-09_0000000000000000009b,0.7721434977088122,4.2675340494504,156,9,Wet,2020,2020-09,"{""type"":""MultiPoint"",""coordinates"":[]}"
VHI_M_2020-09_0000000000000000009c,0.7787583210940185,4.344114422744195,157,9,Wet,2020,2020-09,"{""type"":""MultiPoint"",""coordinates"":[]}"
VHI_M_2020-09_0000000000000000009d,0.7720654080975992,4.271953257477083,158,9,Wet,2020,2020-09,"{""type"":""MultiPoint"",""coordinates"":[]}"
VHI_M_2020-09_000000000000000001b6,0.8695410677682306,4.767944972449245,439,9,Wet,2020,2020-09,"{""type"":""MultiPoint"",""coordinates"":[]}"
VHI_M_2020-09_000000000000000001b7,0.7738383767915084,4.266101069481293,440,9,Wet,2020,2020-09,"{""type"":""MultiPoint"",""coordinates"":[]}"
VHI_M_2020-09_000000000000000001b8,0.7955886800018812,4.394388288160351,441,9,Wet,2020,2020-09,"{""type"":""MultiPoint"",""coordinates"":[]}"
VHI_M_2020-09_000000000000000001b9,0.7537360215943643,4.085338883829842,442,9,Wet,2020,2020-09,"{""type"":""MultiPoint"",""coordinates"":[]}"
VHI_M_2020-09_000000000000000001ba,0.780457039248529,4.266274756842523,443,9,Wet,2020,2020-09,"{""type"":""MultiPoint"",""coordinates"":[]}"
VHI_M_2020-09_000000000000000001bb,0.8144946118577562,4.446037872007756,444,9,Wet,2020,2020-09,"{""type"":""MultiPoint"",""coordinates"":[]}"
VHI_M_2020-09_00000000000000000221,0.7466714301729337,4.167402024396575,546,9,Wet,2020,2020-09,"{""type"":""MultiPoint"",""coordinates"":[]}"
VHI_M_2020-09_00000000000000000222,0.7916971234519261,4.369040636782575,547,9,Wet,2020,2020-09,"{""type"":""MultiPoint"",""coordinates"":[]}"
VHI_M_2020-09_00000000000000000223,0.8092726646551841,4.412410261657153,548,9,Wet,2020,2020-09,"{""type"":""MultiPoint"",""coordinates"":[]}"
VHI_M_2020-09_00000000000000000224,0.7923174501460921,4.4345203540227125,549,9,Wet,2020,2020-09,"{""type"":""MultiPoint"",""coordinates"":[]}"
VHI_M_2020-09_00000000000000000225,0.7976238165711944,4.491719171917192,550,9,Wet,2020,2020-09,"{""type"":""MultiPoint"",""coordinates"":[]}"
VHI_M_2020-09_00000000000000000053,0.7500123148312545,4.110741431825043,84,9,Wet,2020,2020-09,"{""type"":""MultiPoint"",""coordinates"":[]}"
VHI_M_2020-09_00000000000000000054,0.8276344874022047,4.569481604438085,85,9,Wet,2020,2020-09,"{""type"":""MultiPoint"",""coordinates"":[]}"
VHI_M_2020-09_00000000000000000055,0.9255284446227031,4.855720213396561,86,9,Wet,2020,2020-09,"{""type"":""MultiPoint"",""coordinates"":[]}"
VHI_M_2020-09_00000000000000000056,0.6931299715784044,3.6971719809776262,87,9,Wet,2020,2020-09,"{""type"":""MultiPoint"",""coordinates"":[]}"
VHI_M_2020-09_00000000000000000057,0.7849939896051719,4.316022996535416,88,9,Wet,2020,2020-09,"{""type"":""MultiPoint"",""coordinates"":[]}"
VHI_M_2020-09_000000000000000000de,0.8275067462675834,4.5148283199735575,223,9,Wet,2020,2020-09,"{""type"":""MultiPoint"",""coordinates"":[]}"
VHI_M_2020-09_000000000000000000df,26.751659912597276,4.456346379985844,224,9,Wet,2020,2020-09,"{""type"":""MultiPoint"",""coordinates"":[]}"
VHI_M_2020-09_000000000000000000e0,4.085159354970888,4.379110011910708,225,9,Wet,2020,2020-09,"{""type"":""MultiPoint"",""coordinates"":[]}"
VHI_M_2020-09_000000000000000000e1,8.348370198679145,4.545547826683075,226,9,Wet,2020,2020-09,"{""type"":""MultiPoint"",""coordinates"":[]}"
VHI_M_2020-09_000000000000000000ff,0.7267006741376445,3.909640029385357,256,9,Wet,2020,2020-09,"{""type"":""MultiPoint"",""coordinates"":[]}"
VHI_M_2020-09_0000000000000000011c,0.8088644003901685,4.4626556393710795,285,9,Wet,2020,2020-09,"{""type"":""MultiPoint"",""coordinates"":[]}"
VHI_M_2020-09_0000000000000000011d,0.7326761578442493,4.022747564299362,286,9,Wet,2020,2020-09,"{""type"":""MultiPoint"",""coordinates"":[]}"
VHI_M_2020-09_0000000000000000011e,0.7691417962057868,4.194923104328724,287,9,Wet,2020,2020-09,"{""type"":""MultiPoint"",""coordinates"":[]}"
VHI_M_2020-09_0000000000000000011f,0.683527960083025,3.7016889739979977,288,9,Wet,2020,2020-09,"{""type"":""MultiPoint"",""coordinates"":[]}"
VHI_M_2020-09_000000000000000001c4,8.992518280247605,4.309789679810401,453,9,Wet,2020,2020-09,"{""type"":""MultiPoint"",""coordinates"":[]}"
VHI_M_2020-09_000000000000000001c5,0.8241524947881718,4.400696889457912,454,9,Wet,2020,2020-09,"{""type"":""MultiPoint"",""coordinates"":[]}"
VHI_M_2020-09_000000000000000001c6,0.7690613305698658,4.152581934881015,455,9,Wet,2020,2020-09,"{""type"":""MultiPoint"",""coordinates"":[]}"
VHI_M_2020-09_00000000000000000003,0.7106321185607029,2.732254843219492,4,9,Wet,2020,2020-09,"{""type"":""MultiPoint"",""coordinates"":[]}"
VHI_M_2020-09_0000000000000000001b,12.385711283481571,3.8579787234042557,28,9,Wet,2020,2020-09,"{""type"":""MultiPoint"",""coordinates"":[]}"
VHI_M_2020-09_00000000000000000186,64.43568860015134,4.349173039302862,391,9,Wet,2020,2020-09,"{""type"":""MultiPoint"",""coordinates"":[]}"
VHI_M_2020-09_00000000000000000187,0.7139741743858834,3.939681552626621,392,9,Wet,2020,2020-09,"{""type"":""MultiPoint"",""coordinates"":[]}"
VHI_M_2020-09_00000000000000000188,2.9545514929876973,3.931892645967182,393,9,Wet,2020,2020-09,"{""type"":""MultiPoint"",""coordinates"":[]}"
VHI_M_2020-09_00000000000000000189,3.651315030332993,3.413564776439615,394,9,Wet,2020,2020-09,"{""type"":""MultiPoint"",""coordinates"":[]}"
VHI_M_2020-09_0000000000000000018a,0.6649094819143692,3.668039009577201,395,9,Wet,2020,2020-09,"{""type"":""MultiPoint"",""coordinates"":[]}"
VHI_M_2020-09_0000000000000000018f,0.6498178928957201,3.446261980830671,400,9,Wet,2020,2020-09,"{""type"":""MultiPoint"",""coordinates"":[]}"
VHI_M_2020-09_00000000000000000190,0.5810828898615493,3.0284715931150505,401,9,Wet,2020,2020-09,"{""type"":""MultiPoint"",""coordinates"":[]}"
VHI_M_2020-09_0000000000000000021e,0.5348503447154788,2.678088554030344,543,9,Wet,2020,2020-09,"{""type"":""MultiPoint"",""coordinates"":[]}"
VHI_M_2020-09_0000000000000000021f,0.7863694841452669,3.6377372698922037,544,9,Wet,2020,2020-09,"{""type"":""MultiPoint"",""coordinates"":[]}"
VHI_M_2020-09_00000000000000000220,0.6766597695769213,3.5502503709380093,545,9,Wet,2020,2020-09,"{""type"":""MultiPoint"",""coordinates"":[]}"
VHI_M_2020-09_00000000000000000007,0.6824589899508897,3.765897308429798,8,9,Wet,2020,2020-09,"{""type"":""MultiPoint"",""coordinates"":[]}"
VHI_M_2020-09_0000000000000000000b,0.6807567261032289,3.6628214371545296,12,9,Wet,2020,2020-09,"{""type"":""MultiPoint"",""coordinates"":[]}"
VHI_M_2020-09_00000000000000000012,0.5312133321974375,2.7086720805562505,19,9,Wet,2020,2020-09,"{""type"":""MultiPoint"",""coordinates"":[]}"
VHI_M_2020-09_00000000000000000013,0.5029754930810127,2.526998634206505,20,9,Wet,2020,2020-09,"{""type"":""MultiPoint"",""coordinates"":[]}"
VHI_M_2020-09_00000000000000000014,0.5202871150851965,2.7085083694176957,21,9,Wet,2020,2020-09,"{""type"":""MultiPoint"",""coordinates"":[]}"
VHI_M_2020-09_00000000000000000015,0.48391248518532853,2.415460269019195,22,9,Wet,2020,2020-09,"{""type"":""MultiPoint"",""coordinates"":[]}"
VHI_M_2020-09_00000000000000000016,0.46476944895139594,2.1992496990397266,23,9,Wet,2020,2020-09,"{""type"":""MultiPoint"",""coordinates"":[]}"
VHI_M_2020-09_00000000000000000183,0.5550488909021198,2.8657959492712464,388,9,Wet,2020,2020-09,"{""type"":""MultiPoint"",""coordinates"":[]}"
VHI_M_2020-09_00000000000000000184,0.6345291456492735,3.372435672247271,389,9,Wet,2020,2020-09,"{""type"":""MultiPoint"",""coordinates"":[]}"
VHI_M_2020-09_00000000000000000185,4.994992502450925,3.179945500455397,390,9,Wet,2020,2020-09,"{""type"":""MultiPoint"",""coordinates"":[]}"
VHI_M_2020-09_00000000000000000212,0.6563582440220607,3.4157886071781363,531,9,Wet,2020,2020-09,"{""type"":""MultiPoint"",""coordinates"":[]}"
VHI_M_2020-09_00000000000000000213,0.7082447052610983,3.880768249106686,532,9,Wet,2020,2020-09,"{""type"":""MultiPoint"",""coordinates"":[]}"
VHI_M_2020-09_00000000000000000214,0.6271205899810252,3.34194941644634,533,9,Wet,2020,2020-09,"{""type"":""MultiPoint"",""coordinates"":[]}"
VHI_M_2020-09_00000000000000000215,0.6432341250408296,3.443423962699128,534,9,Wet,2020,2020-09,"{""type"":""MultiPoint"",""coordinates"":[]}"
VHI_M_2020-09_0000000000000000005a,75.17794985329346,4.36019775563054,91,9,Wet,2020,2020-09,"{""type"":""MultiPoint"",""coordinates"":[]}"
VHI_M_2020-09_00000000000000000118,53.155412944594275,3.9645811049007955,281,9,Wet,2020,2020-09,"{""type"":""MultiPoint"",""coordinates"":[]}"
VHI_M_2020-09_00000000000000000119,8.61115932849929,4.2132158888222,282,9,Wet,2020,2020-09,"{""type"":""MultiPoint"",""coordinates"":[]}"
VHI_M_2020-09_0000000000000000011a,4.049861603977442,4.390460514857915,283,9,Wet,2020,2020-09,"{""type"":""MultiPoint"",""coordinates"":[]}"
VHI_M_2020-09_0000000000000000011b,0.8939516518184935,4.636494746239958,284,9,Wet,2020,2020-09,"{""type"":""MultiPoint"",""coordinates"":[]}"
VHI_M_2020-09_00000000000000000141,10.352900093457555,4.096585389352324,322,9,Wet,2020,2020-09,"{""type"":""MultiPoint"",""coordinates"":[]}"
VHI_M_2020-09_00000000000000000142,54.48479788488199,4.597433194866389,323,9,Wet,2020,2020-09,"{""type"":""MultiPoint"",""coordinates"":[]}"
VHI_M_2020-09_00000000000000000143,13.91670427184944,4.451190685271886,324,9,Wet,2020,2020-09,"{""type"":""MultiPoint"",""coordinates"":[]}"
VHI_M_2020-09_00000000000000000144,49.06202527104747,4.506699068142785,325,9,Wet,2020,2020-09,"{""type"":""MultiPoint"",""coordinates"":[]}"
VHI_M_2020-09_00000000000000000145,35.31102164525627,4.649582648382401,326,9,Wet,2020,2020-09,"{""type"":""MultiPoint"",""coordinates"":[]}"
VHI_M_2020-09_000000000000000001af,86.07438737053714,4.551212938005391,432,9,Wet,2020,2020-09,"{""type"":""MultiPoint"",""coordinates"":[]}"
VHI_M_2020-09_0000000000000000004b,0.6716627537029467,3.6412449076962594,76,9,Wet,2020,2020-09,"{""type"":""MultiPoint"",""coordinates"":[]}"
VHI_M_2020-09_0000000000000000004c,0.5783764500287246,2.981913858671618,77,9,Wet,2020,2020-09,"{""type"":""MultiPoint"",""coordinates"":[]}"
VHI_M_2020-09_0000000000000000004d,0.709891599724647,3.8803250083992507,78,9,Wet,2020,2020-09,"{""type"":""MultiPoint"",""coordinates"":[]}"
VHI_M_2020-09_0000000000000000004e,0.5815878857367196,3.060350832994563,79,9,Wet,2020,2020-09,"{""type"":""MultiPoint"",""coordinates"":[]}"
VHI_M_2020-09_0000000000000000004f,0.5692083985875285,2.9540327250383718,80,9,Wet,2020,2020-09,"{""type"":""MultiPoint"",""coordinates"":[]}"
VHI_M_2020-09_00000000000000000050,0.49664221369629186,2.498369210697977,81,9,Wet,2020,2020-09,"{""type"":""MultiPoint"",""coordinates"":[]}"
VHI_M_2020-09_00000000000000000051,0.5816502793425993,3.0407771647877193,82,9,Wet,2020,2020-09,"{""type"":""MultiPoint"",""coordinates"":[]}"
VHI_M_2020-09_00000000000000000052,0.5732570549195092,3.014768240970903,83,9,Wet,2020,2020-09,"{""type"":""MultiPoint"",""coordinates"":[]}"
VHI_M_2020-09_000000000000000000aa,0.5674398072488039,2.9526709106006086,171,9,Wet,2020,2020-09,"{""type"":""MultiPoint"",""coordinates"":[]}"
VHI_M_2020-09_000000000000000000ab,0.6231692530666,3.3314256109051583,172,9,Wet,2020,2020-09,"{""type"":""MultiPoint"",""coordinates"":[]}"
VHI_M_2020-09_000000000000000000ac,0.6777134421695867,3.6685506232058636,173,9,Wet,2020,2020-09,"{""type"":""MultiPoint"",""coordinates"":[]}"
VHI_M_2020-09_000000000000000000ad,0.644753283832357,3.477386404875878,174,9,Wet,2020,2020-09,"{""type"":""MultiPoint"",""coordinates"":[]}"
VHI_M_2020-09_000000000000000000ae,0.465591668337174,2.43938977460143,175,9,Wet,2020,2020-09,"{""type"":""MultiPoint"",""coordinates"":[]}"
VHI_M_2020-09_000000000000000000af,0.6198286740298423,3.165609137055837,176,9,Wet,2020,2020-09,"{""type"":""MultiPoint"",""coordinates"":[]}"
VHI_M_2020-09_000000000000000000b0,0.7203392722224033,3.932144547893325,177,9,Wet,2020,2020-09,"{""type"":""MultiPoint"",""coordinates"":[]}"
VHI_M_2020-09_000000000000000001c7,0.5101742145601013,2.630837657524092,456,9,Wet,2020,2020-09,"{""type"":""MultiPoint"",""coordinates"":[]}"
VHI_M_2020-09_000000000000000001c8,0.6554125526893315,3.534340848573782,457,9,Wet,2020,2020-09,"{""type"":""MultiPoint"",""coordinates"":[]}"
VHI_M_2020-09_000000000000000001c9,0.54354712026456,2.7951868573648615,458,9,Wet,2020,2020-09,"{""type"":""MultiPoint"",""coordinates"":[]}"
VHI_M_2020-09_000000000000000001ca,0.4061750150592715,1.8624194348041645,459,9,Wet,2020,2020-09,"{""type"":""MultiPoint"",""coordinates"":[]}"
VHI_M_2020-09_0000000000000000020a,0.5647730152494865,2.961433647245507,523,9,Wet,2020,2020-09,"{""type"":""MultiPoint"",""coordinates"":[]}"
VHI_M_2020-09_0000000000000000020b,1.056667509334479,3.6877044586766345,524,9,Wet,2020,2020-09,"{""type"":""MultiPoint"",""coordinates"":[]}"
VHI_M_2020-09_0000000000000000020c,0.6788749481000115,3.6794155974807436,525,9,Wet,2020,2020-09,"{""type"":""MultiPoint"",""coordinates"":[]}"
VHI_M_2020-09_000000000000000001ab,0.9211701442149712,4.676468059496173,428,9,Wet,2020,2020-09,"{""type"":""MultiPoint"",""coordinates"":[]}"
VHI_M_2020-09_000000000000000001ac,0.7812412494212029,4.18334225928618,429,9,Wet,2020,2020-09,"{""type"":""MultiPoint"",""coordinates"":[]}"
VHI_M_2020-09_000000000000000001ad,8.229056589468,3.872925709006605,430,9,Wet,2020,2020-09,"{""type"":""MultiPoint"",""coordinates"":[]}"
VHI_M_2020-09_000000000000000001ae,45.665477732923144,4.24122791102725,431,9,Wet,2020,2020-09,"{""type"":""MultiPoint"",""coordinates"":[]}"
VHI_M_2020-09_000000000000000001c3,39.17149164010907,3.831513393618835,452,9,Wet,2020,2020-09,"{""type"":""MultiPoint"",""coordinates"":[]}"
VHI_M_2020-09_00000000000000000037,0.5879313443482026,3.0476398223819463,56,9,Wet,2020,2020-09,"{""type"":""MultiPoint"",""coordinates"":[]}"
VHI_M_2020-09_00000000000000000038,0.6923337518457546,3.75010410841553,57,9,Wet,2020,2020-09,"{""type"":""MultiPoint"",""coordinates"":[]}"
VHI_M_2020-09_00000000000000000039,0.616559843576149,3.2743943548024625,58,9,Wet,2020,2020-09,"{""type"":""MultiPoint"",""coordinates"":[]}"
VHI_M_2020-09_0000000000000000003a,0.6458708426926174,3.4818254579501344,59,9,Wet,2020,2020-09,"{""type"":""MultiPoint"",""coordinates"":[]}"
VHI_M_2020-09_0000000000000000003b,0.5454620194254671,2.82354048927657,60,9,Wet,2020,2020-09,"{""type"":""MultiPoint"",""coordinates"":[]}"
VHI_M_2020-09_0000000000000000003c,0.7236928650789546,3.9359993785016405,61,9,Wet,2020,2020-09,"{""type"":""MultiPoint"",""coordinates"":[]}"
VHI_M_2020-09_0000000000000000003d,0.6654613279087721,3.5883326413191776,62,9,Wet,2020,2020-09,"{""type"":""MultiPoint"",""coordinates"":[]}"
VHI_M_2020-09_0000000000000000003e,10.594247954044238,3.7122416008933508,63,9,Wet,2020,2020-09,"{""type"":""MultiPoint"",""coordinates"":[]}"
VHI_M_2020-09_0000000000000000003f,0.8030000716109456,4.360787856244573,64,9,Wet,2020,2020-09,"{""type"":""MultiPoint"",""coordinates"":[]}"
VHI_M_2020-09_00000000000000000044,0.5904465599029892,3.1738804727817533,69,9,Wet,2020,2020-09,"{""type"":""MultiPoint"",""coordinates"":[]}"
VHI_M_2020-09_00000000000000000076,0.5087972213641744,2.5528784420377852,119,9,Wet,2020,2020-09,"{""type"":""MultiPoint"",""coordinates"":[]}"
VHI_M_2020-09_00000000000000000077,5.85998010732532,2.876856904231627,120,9,Wet,2020,2020-09,"{""type"":""MultiPoint"",""coordinates"":[]}"
VHI_M_2020-09_00000000000000000078,0.6282507216082986,3.3574160974415967,121,9,Wet,2020,2020-09,"{""type"":""MultiPoint"",""coordinates"":[]}"
VHI_M_2020-09_00000000000000000079,0.5328733785973578,2.779993668882557,122,9,Wet,2020,2020-09,"{""type"":""MultiPoint"",""coordinates"":[]}"
VHI_M_2020-09_0000000000000000008b,0.34266420644714424,2.0971824480369516,140,9,Wet,2020,2020-09,"{""type"":""MultiPoint"",""coordinates"":[]}"
VHI_M_2020-09_0000000000000000008c,1.7357069160688166,3.8737987612861264,141,9,Wet,2020,2020-09,"{""type"":""MultiPoint"",""coordinates"":[]}"
VHI_M_2020-09_0000000000000000008d,10.096952361428121,3.9136564484948924,142,9,Wet,2020,2020-09,"{""type"":""MultiPoint"",""coordinates"":[]}"
VHI_M_2020-09_0000000000000000008e,0.7101627993605322,3.8464716562436974,143,9,Wet,2020,2020-09,"{""type"":""MultiPoint"",""coordinates"":[]}"
VHI_M_2020-09_0000000000000000008f,0.5437728670228263,2.8511960600375224,144,9,Wet,2020,2020-09,"{""type"":""MultiPoint"",""coordinates"":[]}"
VHI_M_2020-09_00000000000000000090,0.5131161972333291,2.6139941453894924,145,9,Wet,2020,2020-09,"{""type"":""MultiPoint"",""coordinates"":[]}"
VHI_M_2020-09_00000000000000000091,0.534226225519828,2.7410507722128417,146,9,Wet,2020,2020-09,"{""type"":""MultiPoint"",""coordinates"":[]}"
VHI_M_2020-09_000000000000000000b5,36.24856703413242,3.89103690685413,182,9,Wet,2020,2020-09,"{""type"":""MultiPoint"",""coordinates"":[]}"
VHI_M_2020-09_000000000000000000cc,9.080652950297225,3.9052527418157856,205,9,Wet,2020,2020-09,"{""type"":""MultiPoint"",""coordinates"":[]}"
VHI_M_2020-09_000000000000000000cd,0.8413606278306964,2.9235184283474105,206,9,Wet,2020,2020-09,"{""type"":""MultiPoint"",""coordinates"":[]}"
VHI_M_2020-09_000000000000000001dd,0.8074748770165454,4.396374622356499,478,9,Wet,2020,2020-09,"{""type"":""MultiPoint"",""coordinates"":[]}"
VHI_M_2020-09_000000000000000001de,0.8239917470459958,4.53635582355344,479,9,Wet,2020,2020-09,"{""type"":""MultiPoint"",""coordinates"":[]}"
VHI_M_2020-09_000000000000000001df,0.5544165933997215,2.889359471468275,480,9,Wet,2020,2020-09,"{""type"":""MultiPoint"",""coordinates"":[]}"
VHI_M_2020-09_000000000000000001e0,0.8671196755425892,4.6952264289333,481,9,Wet,2020,2020-09,"{""type"":""MultiPoint"",""coordinates"":[]}"
VHI_M_2020-09_000000000000000001e1,0.9436323281793232,4.9065463096412065,482,9,Wet,2020,2020-09,"{""type"":""MultiPoint"",""coordinates"":[]}"
VHI_M_2020-09_0000000000000000007a,0.7069073746538759,3.7508118138240305,123,9,Wet,2020,2020-09,"{""type"":""MultiPoint"",""coordinates"":[]}"
VHI_M_2020-09_0000000000000000007b,0.5044306454740722,2.491345716236205,124,9,Wet,2020,2020-09,"{""type"":""MultiPoint"",""coordinates"":[]}"
VHI_M_2020-09_0000000000000000007c,0.6852359857369467,3.663880653504069,125,9,Wet,2020,2020-09,"{""type"":""MultiPoint"",""coordinates"":[]}"
VHI_M_2020-09_0000000000000000007d,0.6346411979572946,3.38259047157614,126,9,Wet,2020,2020-09,"{""type"":""MultiPoint"",""coordinates"":[]}"
VHI_M_2020-09_0000000000000000007e,19.358175695114763,2.5356358115936235,127,9,Wet,2020,2020-09,"{""type"":""MultiPoint"",""coordinates"":[]}"
VHI_M_2020-09_0000000000000000007f,13.909521333695139,2.728813671480801,128,9,Wet,2020,2020-09,"{""type"":""MultiPoint"",""coordinates"":[]}"
VHI_M_2020-09_00000000000000000080,0.4901656299061333,2.456457811783788,129,9,Wet,2020,2020-09,"{""type"":""MultiPoint"",""coordinates"":[]}"
VHI_M_2020-09_00000000000000000088,4.449977837371447,2.101233976278903,137,9,Wet,2020,2020-09,"{""type"":""MultiPoint"",""coordinates"":[]}"
VHI_M_2020-09_00000000000000000089,0.5477463327900717,2.8453167586921326,138,9,Wet,2020,2020-09,"{""type"":""MultiPoint"",""coordinates"":[]}"
VHI_M_2020-09_0000000000000000008a,0.5908884863766152,3.11124567985112,139,9,Wet,2020,2020-09,"{""type"":""MultiPoint"",""coordinates"":[]}"
VHI_M_2020-09_00000000000000000099,0.6800799759214397,3.658593091196094,154,9,Wet,2020,2020-09,"{""type"":""MultiPoint"",""coordinates"":[]}"
VHI_M_2020-09_0000000000000000009a,2.884010560592023,3.309785085624613,155,9,Wet,2020,2020-09,"{""type"":""MultiPoint"",""coordinates"":[]}"
VHI_M_2020-09_00000000000000000112,0.625079586758969,3.4353601282491706,275,9,Wet,2020,2020-09,"{""type"":""MultiPoint"",""coordinates"":[]}"
VHI_M_2020-09_000000000000000001d8,0.5475038763153431,2.9736947906495903,473,9,Wet,2020,2020-09,"{""type"":""MultiPoint"",""coordinates"":[]}"
VHI_M_2020-09_00000000000000000001,0.7625595027251058,4.179103942652329,2,9,Wet,2020,2020-09,"{""type"":""MultiPoint"",""coordinates"":[]}"
VHI_M_2020-09_00000000000000000030,0.6737450858809215,3.646817441456842,49,9,Wet,2020,2020-09,"{""type"":""MultiPoint"",""coordinates"":[]}"
VHI_M_2020-09_00000000000000000031,0.5847688937747219,3.0726668633636,50,9,Wet,2020,2020-09,"{""type"":""MultiPoint"",""coordinates"":[]}"
VHI_M_2020-09_00000000000000000032,0.6581440085643057,3.504049818877448,51,9,Wet,2020,2020-09,"{""type"":""MultiPoint"",""coordinates"":[]}"
VHI_M_2020-09_000000000000000000d7,0.6354289115237135,3.411198339593301,216,9,Wet,2020,2020-09,"{""type"":""MultiPoint"",""coordinates"":[]}"
VHI_M_2020-09_000000000000000000d8,0.6147214374911255,3.2556641243101816,217,9,Wet,2020,2020-09,"{""type"":""MultiPoint"",""coordinates"":[]}"
VHI_M_2020-09_000000000000000000d9,0.6244992909366118,3.3211002603569804,218,9,Wet,2020,2020-09,"{""type"":""MultiPoint"",""coordinates"":[]}"
VHI_M_2020-09_000000000000000000da,0.5269970305799886,2.6936388957155746,219,9,Wet,2020,2020-09,"{""type"":""MultiPoint"",""coordinates"":[]}"
VHI_M_2020-09_00000000000000000132,0.7251537414694589,4.015262567092094,307,9,Wet,2020,2020-09,"{""type"":""MultiPoint"",""coordinates"":[]}"
VHI_M_2020-09_00000000000000000133,81.86415819868198,4.522802606012117,308,9,Wet,2020,2020-09,"{""type"":""MultiPoint"",""coordinates"":[]}"
VHI_M_2020-09_00000000000000000134,0.7403866030778535,4.089393508206411,309,9,Wet,2020,2020-09,"{""type"":""MultiPoint"",""coordinates"":[]}"
VHI_M_2020-09_00000000000000000135,24.764463388481722,3.919890018288814,310,9,Wet,2020,2020-09,"{""type"":""MultiPoint"",""coordinates"":[]}"
VHI_M_2020-09_0000000000000000001f,0.6036629530409,3.1982574051732424,32,9,Wet,2020,2020-09,"{""type"":""MultiPoint"",""coordinates"":[]}"
VHI_M_2020-09_00000000000000000020,0.4767815846081951,2.343147693345764,33,9,Wet,2020,2020-09,"{""type"":""MultiPoint"",""coordinates"":[]}"
VHI_M_2020-09_00000000000000000021,0.49588874486488643,2.4865168664374027,34,9,Wet,2020,2020-09,"{""type"":""MultiPoint"",""coordinates"":[]}"
VHI_M_2020-09_00000000000000000045,0.5838674837848291,3.059131997180905,70,9,Wet,2020,2020-09,"{""type"":""MultiPoint"",""coordinates"":[]}"
VHI_M_2020-09_00000000000000000046,0.6820245523003101,3.662049033939394,71,9,Wet,2020,2020-09,"{""type"":""MultiPoint"",""coordinates"":[]}"
VHI_M_2020-09_00000000000000000047,0.5717473418362735,2.9663168860760445,72,9,Wet,2020,2020-09,"{""type"":""MultiPoint"",""coordinates"":[]}"
VHI_M_2020-09_00000000000000000048,0.6673591885583084,3.600144611771786,73,9,Wet,2020,2020-09,"{""type"":""MultiPoint"",""coordinates"":[]}"
VHI_M_2020-09_00000000000000000072,0.5263800235300802,2.668829802160799,115,9,Wet,2020,2020-09,"{""type"":""MultiPoint"",""coordinates"":[]}"
VHI_M_2020-09_00000000000000000073,0.524753098710803,2.6975826060055206,116,9,Wet,2020,2020-09,"{""type"":""MultiPoint"",""coordinates"":[]}"
VHI_M_2020-09_00000000000000000074,0.6326546181808675,3.3834698512337655,117,9,Wet,2020,2020-09,"{""type"":""MultiPoint"",""coordinates"":[]}"
VHI_M_2020-09_00000000000000000075,0.42520026506434955,2.0020298196604074,118,9,Wet,2020,2020-09,"{""type"":""MultiPoint"",""coordinates"":[]}"
VHI_M_2020-09_000000000000000000b4,0.5432044290119415,2.806980787233094,181,9,Wet,2020,2020-09,"{""type"":""MultiPoint"",""coordinates"":[]}"
VHI_M_2020-09_000000000000000000e8,0.46519933620183396,2.280686841210472,233,9,Wet,2020,2020-09,"{""type"":""MultiPoint"",""coordinates"":[]}"
VHI_M_2020-09_000000000000000000e9,0.5233549183196273,2.6574360885387143,234,9,Wet,2020,2020-09,"{""type"":""MultiPoint"",""coordinates"":[]}"
VHI_M_2020-09_000000000000000000ea,0.629928182209616,3.3739944290109016,235,9,Wet,2020,2020-09,"{""type"":""MultiPoint"",""coordinates"":[]}"
VHI_M_2020-09_00000000000000000022,0.6471648864012653,3.472636101133884,35,9,Wet,2020,2020-09,"{""type"":""MultiPoint"",""coordinates"":[]}"
VHI_M_2020-09_00000000000000000023,0.6091647294031015,3.2113609728336305,36,9,Wet,2020,2020-09,"{""type"":""MultiPoint"",""coordinates"":[]}"
VHI_M_2020-09_00000000000000000024,0.6531063021124867,3.535859252549672,37,9,Wet,2020,2020-09,"{""type"":""MultiPoint"",""coordinates"":[]}"
VHI_M_2020-09_00000000000000000025,0.5337917939520977,2.7162254007285274,38,9,Wet,2020,2020-09,"{""type"":""MultiPoint"",""coordinates"":[]}"
VHI_M_2020-09_000000000000000000f0,0.6152170686893174,3.282137920442329,241,9,Wet,2020,2020-09,"{""type"":""MultiPoint"",""coordinates"":[]}"
VHI_M_2020-09_000000000000000000f4,0.5248388455953737,2.6665241365921117,245,9,Wet,2020,2020-09,"{""type"":""MultiPoint"",""coordinates"":[]}"
VHI_M_2020-09_000000000000000000f5,0.6086248608143395,3.2386633718990394,246,9,Wet,2020,2020-09,"{""type"":""MultiPoint"",""coordinates"":[]}"
VHI_M_2020-09_000000000000000000f6,0.6055426401229644,3.1947648281788386,247,9,Wet,2020,2020-09,"{""type"":""MultiPoint"",""coordinates"":[]}"
VHI_M_2020-09_000000000000000000f7,0.5181650803118423,2.624477262757712,248,9,Wet,2020,2020-09,"{""type"":""MultiPoint"",""coordinates"":[]}"
VHI_M_2020-09_000000000000000000f8,0.483985296375619,2.3972889071796204,249,9,Wet,2020,2020-09,"{""type"":""MultiPoint"",""coordinates"":[]}"
VHI_M_2020-09_00000000000000000000,0.4403769205235217,2.3299166567918785,1,9,Wet,2020,2020-09,"{""type"":""MultiPoint"",""coordinates"":[]}"
VHI_M_2020-09_000000000000000000f2,0.5210802930503734,2.6534678460901118,243,9,Wet,2020,2020-09,"{""type"":""MultiPoint"",""coordinates"":[]}"
VHI_M_2020-09_000000000000000000f3,0.4495695753703077,2.1817917810099368,244,9,Wet,2020,2020-09,"{""type"":""MultiPoint"",""coordinates"":[]}"
VHI_M_2020-09_00000000000000000106,0.49120598575645724,2.441890224777835,263,9,Wet,2020,2020-09,"{""type"":""MultiPoint"",""coordinates"":[]}"
VHI_M_2020-09_00000000000000000107,0.5222858805226291,2.6446454918974953,264,9,Wet,2020,2020-09,"{""type"":""MultiPoint"",""coordinates"":[]}"
VHI_M_2020-09_00000000000000000108,0.5558239260410559,2.8667622798580057,265,9,Wet,2020,2020-09,"{""type"":""MultiPoint"",""coordinates"":[]}"
VHI_M_2020-09_0000000000000000012c,0.4438402940221109,2.1328901546948473,301,9,Wet,2020,2020-09,"{""type"":""MultiPoint"",""coordinates"":[]}"
VHI_M_2020-09_0000000000000000012d,0.49177621288493795,2.4464286543496785,302,9,Wet,2020,2020-09,"{""type"":""MultiPoint"",""coordinates"":[]}"
VHI_M_2020-09_0000000000000000012e,0.5266580545405827,2.6811492361014566,303,9,Wet,2020,2020-09,"{""type"":""MultiPoint"",""coordinates"":[]}"
VHI_M_2020-09_000000000000000000a5,0.9218662021033293,4.783518538420206,166,9,Wet,2020,2020-09,"{""type"":""MultiPoint"",""coordinates"":[]}"
VHI_M_2020-09_000000000000000000a6,0.9666511996930677,4.88474489113054,167,9,Wet,2020,2020-09,"{""type"":""MultiPoint"",""coordinates"":[]}"
VHI_M_2020-09_000000000000000000c1,45.95489719315615,3.5649168190535665,194,9,Wet,2020,2020-09,"{""type"":""MultiPoint"",""coordinates"":[]}"
VHI_M_2020-09_00000000000000000120,2.900456167922625,3.7763875269660723,289,9,Wet,2020,2020-09,"{""type"":""MultiPoint"",""coordinates"":[]}"
VHI_M_2020-09_000000000000000001d9,5.73889526429824,3.835363344151953,474,9,Wet,2020,2020-09,"{""type"":""MultiPoint"",""coordinates"":[]}"
VHI_M_2020-09_000000000000000001da,0.827869100748024,4.507508013225329,475,9,Wet,2020,2020-09,"{""type"":""MultiPoint"",""coordinates"":[]}"
VHI_M_2020-09_000000000000000001db,0.9466127419735302,4.890978710953649,476,9,Wet,2020,2020-09,"{""type"":""MultiPoint"",""coordinates"":[]}"
VHI_M_2020-09_000000000000000001dc,0.9122742154150723,4.9240562876926495,477,9,Wet,2020,2020-09,"{""type"":""MultiPoint"",""coordinates"":[]}"
VHI_M_2020-09_000000000000000001e2,54.72644764810027,3.708001346650207,483,9,Wet,2020,2020-09,"{""type"":""MultiPoint"",""coordinates"":[]}"
VHI_M_2020-09_000000000000000001e3,4.7104069472122045,3.6031914255434,484,9,Wet,2020,2020-09,"{""type"":""MultiPoint"",""coordinates"":[]}"
VHI_M_2020-09_000000000000000001e4,80.53032638557616,3.3173340647284695,485,9,Wet,2020,2020-09,"{""type"":""MultiPoint"",""coordinates"":[]}"
VHI_M_2020-09_000000000000000001e5,26.600571596633056,2.5115976331360956,486,9,Wet,2020,2020-09,"{""type"":""MultiPoint"",""coordinates"":[]}"
VHI_M_2020-09_000000000000000001e6,1.2202995099819534,3.387295495859423,487,9,Wet,2020,2020-09,"{""type"":""MultiPoint"",""coordinates"":[]}"
VHI_M_2020-09_000000000000000001e7,16.168991389515558,3.741258777606256,488,9,Wet,2020,2020-09,"{""type"":""MultiPoint"",""coordinates"":[]}"
VHI_M_2020-09_000000000000000001e8,0.6009250509321981,3.12508096163371,489,9,Wet,2020,2020-09,"{""type"":""MultiPoint"",""coordinates"":[]}"
VHI_M_2020-09_000000000000000001e9,58.759034242305766,3.4294418718011213,490,9,Wet,2020,2020-09,"{""type"":""MultiPoint"",""coordinates"":[]}"
VHI_M_2020-09_000000000000000000e2,0.6780930479056941,3.701310351456124,227,9,Wet,2020,2020-09,"{""type"":""MultiPoint"",""coordinates"":[]}"
VHI_M_2020-09_000000000000000000e3,0.6441900765480231,3.450900773858048,228,9,Wet,2020,2020-09,"{""type"":""MultiPoint"",""coordinates"":[]}"
VHI_M_2020-09_000000000000000000e4,25.423163862365765,3.8558682855040476,229,9,Wet,2020,2020-09,"{""type"":""MultiPoint"",""coordinates"":[]}"
VHI_M_2020-09_000000000000000000e5,1.339408992829411,3.6581552445287118,230,9,Wet,2020,2020-09,"{""type"":""MultiPoint"",""coordinates"":[]}"
VHI_M_2020-09_000000000000000000e6,0.6337605081527081,3.5410618792971733,231,9,Wet,2020,2020-09,"{""type"":""MultiPoint"",""coordinates"":[]}"
VHI_M_2020-09_000000000000000000e7,0.7068008780479431,3.8372867249271736,232,9,Wet,2020,2020-09,"{""type"":""MultiPoint"",""coordinates"":[]}"
VHI_M_2020-09_0000000000000000017f,0.7529304683935959,4.200573302505545,384,9,Wet,2020,2020-09,"{""type"":""MultiPoint"",""coordinates"":[]}"
VHI_M_2020-09_00000000000000000180,0.8414613817499681,4.50973255976169,385,9,Wet,2020,2020-09,"{""type"":""MultiPoint"",""coordinates"":[]}"
VHI_M_2020-09_00000000000000000203,0.6683842888039182,3.6687486302870913,516,9,Wet,2020,2020-09,"{""type"":""MultiPoint"",""coordinates"":[]}"
VHI_M_2020-09_00000000000000000204,0.6457424744488197,3.4598016435250782,517,9,Wet,2020,2020-09,"{""type"":""MultiPoint"",""coordinates"":[]}"
VHI_M_2020-09_00000000000000000205,0.6615633277500763,3.6057504158885343,518,9,Wet,2020,2020-09,"{""type"":""MultiPoint"",""coordinates"":[]}"
VHI_M_2020-09_00000000000000000206,0.6805906819725074,3.72725006978506,519,9,Wet,2020,2020-09,"{""type"":""MultiPoint"",""coordinates"":[]}"
VHI_M_2020-09_00000000000000000207,0.6175061647679582,3.227702044790652,520,9,Wet,2020,2020-09,"{""type"":""MultiPoint"",""coordinates"":[]}"
VHI_M_2020-09_00000000000000000208,0.49829122826406225,2.397466291302415,521,9,Wet,2020,2020-09,"{""type"":""MultiPoint"",""coordinates"":[]}"
VHI_M_2020-09_00000000000000000209,0.6894530626343826,3.6823765192655804,522,9,Wet,2020,2020-09,"{""type"":""MultiPoint"",""coordinates"":[]}"
VHI_M_2020-09_0000000000000000000e,0.63252638700017,3.315345349914925,15,9,Wet,2020,2020-09,"{""type"":""MultiPoint"",""coordinates"":[]}"
VHI_M_2020-09_00000000000000000124,0.6685766642051187,3.571690534404471,293,9,Wet,2020,2020-09,"{""type"":""MultiPoint"",""coordinates"":[]}"
VHI_M_2020-09_00000000000000000125,13.701282331935396,3.738201417460271,294,9,Wet,2020,2020-09,"{""type"":""MultiPoint"",""coordinates"":[]}"
VHI_M_2020-09_00000000000000000126,0.6659952294470743,3.537433715373376,295,9,Wet,2020,2020-09,"{""type"":""MultiPoint"",""coordinates"":[]}"
VHI_M_2020-09_00000000000000000127,0.6156418864294352,3.2685786058195516,296,9,Wet,2020,2020-09,"{""type"":""MultiPoint"",""coordinates"":[]}"
VHI_M_2020-09_00000000000000000128,0.7750849300659033,4.331413380593708,297,9,Wet,2020,2020-09,"{""type"":""MultiPoint"",""coordinates"":[]}"
VHI_M_2020-09_00000000000000000129,0.6573691215469606,3.5329927087702355,298,9,Wet,2020,2020-09,"{""type"":""MultiPoint"",""coordinates"":[]}"
VHI_M_2020-09_0000000000000000012a,0.7588823636572594,4.13953163070457,299,9,Wet,2020,2020-09,"{""type"":""MultiPoint"",""coordinates"":[]}"
VHI_M_2020-09_0000000000000000012b,0.754417800171289,4.108579171880726,300,9,Wet,2020,2020-09,"{""type"":""MultiPoint"",""coordinates"":[]}"
VHI_M_2020-09_00000000000000000174,0.8413958885245045,4.5733467381590724,373,9,Wet,2020,2020-09,"{""type"":""MultiPoint"",""coordinates"":[]}"
VHI_M_2020-09_00000000000000000175,0.8632432528143483,4.719721656793211,374,9,Wet,2020,2020-09,"{""type"":""MultiPoint"",""coordinates"":[]}"
VHI_M_2020-09_00000000000000000176,0.7191772406117093,4.008265807543363,375,9,Wet,2020,2020-09,"{""type"":""MultiPoint"",""coordinates"":[]}"
VHI_M_2020-09_00000000000000000177,0.8082630399506733,4.490865325896673,376,9,Wet,2020,2020-09,"{""type"":""MultiPoint"",""coordinates"":[]}"
VHI_M_2020-09_00000000000000000195,0.5412231126796886,2.7504420946262957,406,9,Wet,2020,2020-09,"{""type"":""MultiPoint"",""coordinates"":[]}"
VHI_M_2020-09_00000000000000000196,0.5755981656840756,3.026220911176664,407,9,Wet,2020,2020-09,"{""type"":""MultiPoint"",""coordinates"":[]}"
VHI_M_2020-09_00000000000000000197,3.379848239925847,3.339077300858739,408,9,Wet,2020,2020-09,"{""type"":""MultiPoint"",""coordinates"":[]}"
VHI_M_2020-09_00000000000000000198,0.5831188828369368,3.1113374207627555,409,9,Wet,2020,2020-09,"{""type"":""MultiPoint"",""coordinates"":[]}"
VHI_M_2020-09_00000000000000000199,0.6347669843150162,3.3999218068629506,410,9,Wet,2020,2020-09,"{""type"":""MultiPoint"",""coordinates"":[]}"
VHI_M_2020-09_00000000000000000035,0.38676622719164716,1.8566887417218538,54,9,Wet,2020,2020-09,"{""type"":""MultiPoint"",""coordinates"":[]}"
VHI_M_2020-09_000000000000000000ce,0.6401149658210362,3.4217541080563243,207,9,Wet,2020,2020-09,"{""type"":""MultiPoint"",""coordinates"":[]}"
VHI_M_2020-09_000000000000000000cf,0.6095008675826259,3.23535725858717,208,9,Wet,2020,2020-09,"{""type"":""MultiPoint"",""coordinates"":[]}"
VHI_M_2020-09_000000000000000000d0,3.3576459962360725,2.956776320978128,209,9,Wet,2020,2020-09,"{""type"":""MultiPoint"",""coordinates"":[]}"
VHI_M_2020-09_000000000000000000d1,27.274591148900043,3.4230966674116186,210,9,Wet,2020,2020-09,"{""type"":""MultiPoint"",""coordinates"":[]}"
VHI_M_2020-09_000000000000000001ea,0.5822812311233592,3.0731614929361495,491,9,Wet,2020,2020-09,"{""type"":""MultiPoint"",""coordinates"":[]}"
VHI_M_2020-09_000000000000000001eb,0.6142785885884653,3.2599364296219,492,9,Wet,2020,2020-09,"{""type"":""MultiPoint"",""coordinates"":[]}"
VHI_M_2020-09_000000000000000001ec,0.5670693591161219,2.936452227312284,493,9,Wet,2020,2020-09,"{""type"":""MultiPoint"",""coordinates"":[]}"
VHI_M_2020-09_000000000000000001ed,0.6173600801772705,3.3053984647984174,494,9,Wet,2020,2020-09,"{""type"":""MultiPoint"",""coordinates"":[]}"
VHI_M_2020-09_000000000000000001f4,8.977054712588682,2.9495563301356214,501,9,Wet,2020,2020-09,"{""type"":""MultiPoint"",""coordinates"":[]}"
VHI_M_2020-09_000000000000000001f5,0.4728448153930127,2.4628272851452424,502,9,Wet,2020,2020-09,"{""type"":""MultiPoint"",""coordinates"":[]}"
VHI_M_2020-09_000000000000000001f6,0.5752715858972501,3.04761470539066,503,9,Wet,2020,2020-09,"{""type"":""MultiPoint"",""coordinates"":[]}"
VHI_M_2020-09_000000000000000001f7,50.28391503207472,3.3890578735498385,504,9,Wet,2020,2020-09,"{""type"":""MultiPoint"",""coordinates"":[]}"
VHI_M_2020-09_000000000000000001f8,0.6175187980723059,3.311580528193021,505,9,Wet,2020,2020-09,"{""type"":""MultiPoint"",""coordinates"":[]}"
VHI_M_2020-09_000000000000000001f9,0.6040319256033794,3.127949157518872,506,9,Wet,2020,2020-09,"{""type"":""MultiPoint"",""coordinates"":[]}"
VHI_M_2020-09_000000000000000001fa,26.651048801648688,2.4058220166265225,507,9,Wet,2020,2020-09,"{""type"":""MultiPoint"",""coordinates"":[]}"
VHI_M_2020-09_000000000000000001fb,7.923399080707828,2.837308855399535,508,9,Wet,2020,2020-09,"{""type"":""MultiPoint"",""coordinates"":[]}"
VHI_M_2020-09_000000000000000001fc,0.4011607882757164,1.9840810590119657,509,9,Wet,2020,2020-09,"{""type"":""MultiPoint"",""coordinates"":[]}"
VHI_M_2020-09_000000000000000001fd,0.4885596558185392,2.435992111155598,510,9,Wet,2020,2020-09,"{""type"":""MultiPoint"",""coordinates"":[]}"
VHI_M_2020-09_00000000000000000049,0.5012000324141184,2.580561195273049,74,9,Wet,2020,2020-09,"{""type"":""MultiPoint"",""coordinates"":[]}"
VHI_M_2020-09_0000000000000000004a,37.339042834006456,3.097705400949421,75,9,Wet,2020,2020-09,"{""type"":""MultiPoint"",""coordinates"":[]}"
VHI_M_2020-09_000000000000000000fd,71.38285116464525,3.543611626468769,254,9,Wet,2020,2020-09,"{""type"":""MultiPoint"",""coordinates"":[]}"
VHI_M_2020-09_000000000000000000fe,5.956871044448285,2.9343348750229583,255,9,Wet,2020,2020-09,"{""type"":""MultiPoint"",""coordinates"":[]}"
VHI_M_2020-09_00000000000000000191,0.5461410142729947,2.8334230355220664,402,9,Wet,2020,2020-09,"{""type"":""MultiPoint"",""coordinates"":[]}"
VHI_M_2020-09_0000000000000000016e,18.904264339545158,2.7330418093919304,367,9,Wet,2020,2020-09,"{""type"":""MultiPoint"",""coordinates"":[]}"
VHI_M_2020-09_0000000000000000016f,0.5417697456593652,2.7958600485860656,368,9,Wet,2020,2020-09,"{""type"":""MultiPoint"",""coordinates"":[]}"
VHI_M_2020-09_00000000000000000170,0.5385195923310283,2.784177890307232,369,9,Wet,2020,2020-09,"{""type"":""MultiPoint"",""coordinates"":[]}"
VHI_M_2020-09_00000000000000000181,35.89514885396947,3.201172141202128,386,9,Wet,2020,2020-09,"{""type"":""MultiPoint"",""coordinates"":[]}"
VHI_M_2020-09_00000000000000000182,0.5570794534211136,2.8629792936174048,387,9,Wet,2020,2020-09,"{""type"":""MultiPoint"",""coordinates"":[]}"
VHI_M_2020-09_00000000000000000228,0.5221116095399053,2.628652340496418,553,9,Wet,2020,2020-09,"{""type"":""MultiPoint"",""coordinates"":[]}"
VHI_M_2020-10_00000000000000000017,46.344499676340476,1.8030854938932934,24,10,Wet,2020,2020-10,"{""type"":""MultiPoint"",""coordinates"":[]}"
VHI_M_2020-10_00000000000000000018,232.36631436600842,4.65902206836867,25,10,Wet,2020,2020-10,"{""type"":""MultiPoint"",""coordinates"":[]}"
VHI_M_2020-10_00000000000000000019,29.895155800899705,1.4679304076863153,26,10,Wet,2020,2020-10,"{""type"":""MultiPoint"",""coordinates"":[]}"
VHI_M_2020-10_0000000000000000001a,13.436382506592535,1.343990728747699,27,10,Wet,2020,2020-10,"{""type"":""MultiPoint"",""coordinates"":[]}"
VHI_M_2020-10_0000000000000000005b,160.26846723204477,4.1800278842802365,92,10,Wet,2020,2020-10,"{""type"":""MultiPoint"",""coordinates"":[]}"
VHI_M_2020-10_0000000000000000005c,60.055071042865144,1.9437662597558536,93,10,Wet,2020,2020-10,"{""type"":""MultiPoint"",""coordinates"":[]}"
VHI_M_2020-10_0000000000000000005d,254.0,5.0,94,10,Wet,2020,2020-10,"{""type"":""MultiPoint"",""coordinates"":[]}"
VHI_M_2020-10_0000000000000000005e,35.09915967021198,1.8245180425111218,95,10,Wet,2020,2020-10,"{""type"":""MultiPoint"",""coordinates"":[]}"
VHI_M_2020-10_0000000000000000005f,81.60111260267517,2.510376633358955,96,10,Wet,2020,2020-10,"{""type"":""MultiPoint"",""coordinates"":[]}"
VHI_M_2020-10_000000000000000000b6,0.38119066217957015,1.5696784073506895,183,10,Wet,2020,2020-10,"{""type"":""MultiPoint"",""coordinates"":[]}"
VHI_M_2020-10_000000000000000000b7,0.4443738103704616,1.8659076533839345,184,10,Wet,2020,2020-10,"{""type"":""MultiPoint"",""coordinates"":[]}"
VHI_M_2020-10_000000000000000000b8,0.3202834611405449,1.1310408921933086,185,10,Wet,2020,2020-10,"{""type"":""MultiPoint"",""coordinates"":[]}"
VHI_M_2020-10_000000000000000000b9,39.21552077386164,2.1491887613771263,186,10,Wet,2020,2020-10,"{""type"":""MultiPoint"",""coordinates"":[]}"
VHI_M_2020-10_000000000000000000ba,0.42953866718610123,1.992,187,10,Wet,2020,2020-10,"{""type"":""MultiPoint"",""coordinates"":[]}"
VHI_M_2020-10_000000000000000000bb,0.30097029864197905,1.3574257425742575,188,10,Wet,2020,2020-10,"{""type"":""MultiPoint"",""coordinates"":[]}"
VHI_M_2020-10_000000000000000001a0,34.09791308910038,2.8476394849785405,417,10,Wet,2020,2020-10,"{""type"":""MultiPoint"",""coordinates"":[]}"
VHI_M_2020-10_000000000000000001a1,0.37972016971311634,1.8690601900739179,418,10,Wet,2020,2020-10,"{""type"":""MultiPoint"",""coordinates"":[]}"
VHI_M_2020-10_000000000000000001a2,19.63047271466468,2.996866022460172,419,10,Wet,2020,2020-10,"{""type"":""MultiPoint"",""coordinates"":[]}"
VHI_M_2020-10_000000000000000001a3,0.41065031519980616,2.0008867868755544,420,10,Wet,2020,2020-10,"{""type"":""MultiPoint"",""coordinates"":[]}"
VHI_M_2020-10_000000000000000001cb,41.213347155654745,1.9650635710337203,460,10,Wet,2020,2020-10,"{""type"":""MultiPoint"",""coordinates"":[]}"
VHI_M_2020-10_000000000000000001cc,79.7479709403994,2.3124786324786326,461,10,Wet,2020,2020-10,"{""type"":""MultiPoint"",""coordinates"":[]}"
VHI_M_2020-10_0000000000000000021b,0.2854440193839055,1.2908622908622909,540,10,Wet,2020,2020-10,"{""type"":""MultiPoint"",""coordinates"":[]}"
VHI_M_2020-10_0000000000000000021c,0.3687934740082077,1.658695652173913,541,10,Wet,2020,2020-10,"{""type"":""MultiPoint"",""coordinates"":[]}"
VHI_M_2020-10_0000000000000000021d,24.765485139827867,1.6163890139576769,542,10,Wet,2020,2020-10,"{""type"":""MultiPoint"",""coordinates"":[]}"
VHI_M_2020-10_000000000000000000bf,0.3841853104392866,1.611483967188665,192,10,Wet,2020,2020-10,"{""type"":""MultiPoint"",""coordinates"":[]}"
VHI_M_2020-10_000000000000000000c0,0.4381171647437824,2.181002370470708,193,10,Wet,2020,2020-10,"{""type"":""MultiPoint"",""coordinates"":[]}"
VHI_M_2020-10_0000000000000000010a,0.3741511372132234,1.81962077493817,267,10,Wet,2020,2020-10,"{""type"":""MultiPoint"",""coordinates"":[]}"
VHI_M_2020-10_0000000000000000010b,56.432283432057865,2.3204373423044578,268,10,Wet,2020,2020-10,"{""type"":""MultiPoint"",""coordinates"":[]}"
VHI_M_2020-10_00000000000000000226,2.806765279977718,1.5422715627668662,551,10,Wet,2020,2020-10,"{""type"":""MultiPoint"",""coordinates"":[]}"
VHI_M_2020-10_00000000000000000227,0.4950892096814953,2.4299390774586596,552,10,Wet,2020,2020-10,"{""type"":""MultiPoint"",""coordinates"":[]}"
VHI_M_2020-10_000000000000000001a4,0.271515852299088,1.1047885572139304,421,10,Wet,2020,2020-10,"{""type"":""MultiPoint"",""coordinates"":[]}"
VHI_M_2020-10_000000000000000001a5,0.3010493035457829,1.3048084759576204,422,10,Wet,2020,2020-10,"{""type"":""MultiPoint"",""coordinates"":[]}"
VHI_M_2020-10_000000000000000001a6,0.3090324986896628,1.016248153618907,423,10,Wet,2020,2020-10,"{""type"":""MultiPoint"",""coordinates"":[]}"
VHI_M_2020-10_000000000000000001a7,0.30807352848351005,1.2551470588235296,424,10,Wet,2020,2020-10,"{""type"":""MultiPoint"",""coordinates"":[]}"
VHI_M_2020-10_000000000000000001a8,0.3296205530551831,1.501835985312117,425,10,Wet,2020,2020-10,"{""type"":""MultiPoint"",""coordinates"":[]}"
VHI_M_2020-10_000000000000000001a9,0.280546870699618,1.4460937499999997,426,10,Wet,2020,2020-10,"{""type"":""MultiPoint"",""coordinates"":[]}"
VHI_M_2020-10_000000000000000001aa,0.25108408019207085,1.012281530467643,427,10,Wet,2020,2020-10,"{""type"":""MultiPoint"",""coordinates"":[]}"
VHI_M_2020-10_000000000000000001fe,0.579085228103783,2.9717135086128748,511,10,Wet,2020,2020-10,"{""type"":""MultiPoint"",""coordinates"":[]}"
VHI_M_2020-10_000000000000000001ff,61.81880560634083,2.810950217679348,512,10,Wet,2020,2020-10,"{""type"":""MultiPoint"",""coordinates"":[]}"
VHI_M_2020-10_00000000000000000200,0.4280105388569093,1.8976009362200117,513,10,Wet,2020,2020-10,"{""type"":""MultiPoint"",""coordinates"":[]}"
VHI_M_2020-10_00000000000000000201,101.82252767578389,3.280706378492355,514,10,Wet,2020,2020-10,"{""type"":""MultiPoint"",""coordinates"":[]}"
VHI_M_2020-10_00000000000000000202,0.5565159382694862,3.0887166236003445,515,10,Wet,2020,2020-10,"{""type"":""MultiPoint"",""coordinates"":[]}"
VHI_M_2020-10_00000000000000000002,18.54531051227557,2.105917635871553,3,10,Wet,2020,2020-10,"{""type"":""MultiPoint"",""coordinates"":[]}"
VHI_M_2020-10_0000000000000000000d,17.05450987161899,2.449688257706962,14,10,Wet,2020,2020-10,"{""type"":""MultiPoint"",""coordinates"":[]}"
VHI_M_2020-10_00000000000000000027,53.503389448049525,3.2392265450483992,40,10,Wet,2020,2020-10,"{""type"":""MultiPoint"",""coordinates"":[]}"
VHI_M_2020-10_00000000000000000070,0.4158310771539091,1.932845510861038,113,10,Wet,2020,2020-10,"{""type"":""MultiPoint"",""coordinates"":[]}"
VHI_M_2020-10_00000000000000000071,0.41578870573334725,1.927189477936886,114,10,Wet,2020,2020-10,"{""type"":""MultiPoint"",""coordinates"":[]}"
VHI_M_2020-10_000000000000000001b0,55.99195288535794,2.8092016238159667,433,10,Wet,2020,2020-10,"{""type"":""MultiPoint"",""coordinates"":[]}"
VHI_M_2020-10_000000000000000001b1,7.587345444232061,3.005207637868874,434,10,Wet,2020,2020-10,"{""type"":""MultiPoint"",""coordinates"":[]}"
VHI_M_2020-10_000000000000000001b2,90.9552732554597,3.005702744445764,435,10,Wet,2020,2020-10,"{""type"":""MultiPoint"",""coordinates"":[]}"
VHI_M_2020-10_000000000000000001cd,1.256511096806052,1.8856031510362337,462,10,Wet,2020,2020-10,"{""type"":""MultiPoint"",""coordinates"":[]}"
VHI_M_2020-10_000000000000000001ce,0.49480265984765426,2.55767773764426,463,10,Wet,2020,2020-10,"{""type"":""MultiPoint"",""coordinates"":[]}"
VHI_M_2020-10_000000000000000001cf,22.237554064760175,2.32070819889137,464,10,Wet,2020,2020-10,"{""type"":""MultiPoint"",""coordinates"":[]}"
VHI_M_2020-10_0000000000000000001c,0.4586186043725837,2.2502013644593437,29,10,Wet,2020,2020-10,"{""type"":""MultiPoint"",""coordinates"":[]}"
VHI_M_2020-10_0000000000000000001d,0.5145100635816997,2.628488798370673,30,10,Wet,2020,2020-10,"{""type"":""MultiPoint"",""coordinates"":[]}"
VHI_M_2020-10_0000000000000000001e,0.38319367341498917,1.7307851276798387,31,10,Wet,2020,2020-10,"{""type"":""MultiPoint"",""coordinates"":[]}"
VHI_M_2020-10_00000000000000000026,0.5608512105975203,2.939864483342745,39,10,Wet,2020,2020-10,"{""type"":""MultiPoint"",""coordinates"":[]}"
VHI_M_2020-10_000000000000000000f9,0.5166582132045074,2.646578114460642,250,10,Wet,2020,2020-10,"{""type"":""MultiPoint"",""coordinates"":[]}"
VHI_M_2020-10_000000000000000000fa,0.45895365667405386,2.213187287139903,251,10,Wet,2020,2020-10,"{""type"":""MultiPoint"",""coordinates"":[]}"
VHI_M_2020-10_000000000000000000fb,0.5633718924788319,2.925407168980608,252,10,Wet,2020,2020-10,"{""type"":""MultiPoint"",""coordinates"":[]}"
VHI_M_2020-10_000000000000000000fc,0.4286583685386763,2.0970100143061523,253,10,Wet,2020,2020-10,"{""type"":""MultiPoint"",""coordinates"":[]}"
VHI_M_2020-10_00000000000000000163,0.6545570075135122,3.503437129178773,356,10,Wet,2020,2020-10,"{""type"":""MultiPoint"",""coordinates"":[]}"
VHI_M_2020-10_00000000000000000164,0.6773203347561528,3.6859072144053435,357,10,Wet,2020,2020-10,"{""type"":""MultiPoint"",""coordinates"":[]}"
VHI_M_2020-10_00000000000000000165,0.5765352905124023,3.029410887575376,358,10,Wet,2020,2020-10,"{""type"":""MultiPoint"",""coordinates"":[]}"
VHI_M_2020-10_00000000000000000166,0.5435749481401098,2.8006793219478126,359,10,Wet,2020,2020-10,"{""type"":""MultiPoint"",""coordinates"":[]}"
VHI_M_2020-10_00000000000000000149,0.44439345833294225,2.096656089821819,330,10,Wet,2020,2020-10,"{""type"":""MultiPoint"",""coordinates"":[]}"
VHI_M_2020-10_0000000000000000014a,0.4791175392924333,2.3903728674344182,331,10,Wet,2020,2020-10,"{""type"":""MultiPoint"",""coordinates"":[]}"
VHI_M_2020-10_0000000000000000014b,0.3801236806260354,1.7093345287905968,332,10,Wet,2020,2020-10,"{""type"":""MultiPoint"",""coordinates"":[]}"
VHI_M_2020-10_0000000000000000014c,0.4331062529103521,2.0950888032462633,333,10,Wet,2020,2020-10,"{""type"":""MultiPoint"",""coordinates"":[]}"
VHI_M_2020-10_0000000000000000014d,0.4601549513699634,2.2149878747542435,334,10,Wet,2020,2020-10,"{""type"":""MultiPoint"",""coordinates"":[]}"
VHI_M_2020-10_0000000000000000014e,0.41781990272054503,1.9558598957702098,335,10,Wet,2020,2020-10,"{""type"":""MultiPoint"",""coordinates"":[]}"
VHI_M_2020-10_00000000000000000158,0.5646394178280042,2.8930437334898746,345,10,Wet,2020,2020-10,"{""type"":""MultiPoint"",""coordinates"":[]}"
VHI_M_2020-10_00000000000000000159,0.4602642993843073,2.2615608851199145,346,10,Wet,2020,2020-10,"{""type"":""MultiPoint"",""coordinates"":[]}"
VHI_M_2020-10_0000000000000000015a,0.5343719659011871,2.7993938497930206,347,10,Wet,2020,2020-10,"{""type"":""MultiPoint"",""coordinates"":[]}"
VHI_M_2020-10_0000000000000000015b,0.48223300180156253,2.4466922955043895,348,10,Wet,2020,2020-10,"{""type"":""MultiPoint"",""coordinates"":[]}"
VHI_M_2020-10_0000000000000000015c,0.48248762698068115,2.4090102713025012,349,10,Wet,2020,2020-10,"{""type"":""MultiPoint"",""coordinates"":[]}"
VHI_M_2020-10_0000000000000000015d,0.48257027246037826,2.3885413536573155,350,10,Wet,2020,2020-10,"{""type"":""MultiPoint"",""coordinates"":[]}"
VHI_M_2020-10_00000000000000000008,0.28759304880979114,1.3746667983019052,9,10,Wet,2020,2020-10,"{""type"":""MultiPoint"",""coordinates"":[]}"
VHI_M_2020-10_000000000000000000c2,0.4143155241923257,1.977885727504048,195,10,Wet,2020,2020-10,"{""type"":""MultiPoint"",""coordinates"":[]}"
VHI_M_2020-10_000000000000000000c3,0.5217526124976004,2.6374301221902114,196,10,Wet,2020,2020-10,"{""type"":""MultiPoint"",""coordinates"":[]}"
VHI_M_2020-10_000000000000000000c4,0.47607948073539935,2.4215764331210194,197,10,Wet,2020,2020-10,"{""type"":""MultiPoint"",""coordinates"":[]}"
VHI_M_2020-10_000000000000000000c5,0.48446851882213626,2.3700456242223127,198,10,Wet,2020,2020-10,"{""type"":""MultiPoint"",""coordinates"":[]}"
VHI_M_2020-10_000000000000000000c6,0.4774760584594321,2.3258209916291044,199,10,Wet,2020,2020-10,"{""type"":""MultiPoint"",""coordinates"":[]}"
VHI_M_2020-10_000000000000000000c7,0.4300380108462928,2.0362232284230117,200,10,Wet,2020,2020-10,"{""type"":""MultiPoint"",""coordinates"":[]}"
VHI_M_2020-10_000000000000000000c8,0.3484248321530455,1.5050986249163114,201,10,Wet,2020,2020-10,"{""type"":""MultiPoint"",""coordinates"":[]}"
VHI_M_2020-10_000000000000000000c9,0.4564383955988615,2.197890090308995,202,10,Wet,2020,2020-10,"{""type"":""MultiPoint"",""coordinates"":[]}"
VHI_M_2020-10_00000000000000000136,0.35911686798915543,1.6324900288899022,311,10,Wet,2020,2020-10,"{""type"":""MultiPoint"",""coordinates"":[]}"
VHI_M_2020-10_00000000000000000137,0.45564794775553297,2.2348076041336014,312,10,Wet,2020,2020-10,"{""type"":""MultiPoint"",""coordinates"":[]}"
VHI_M_2020-10_00000000000000000138,0.3990275562398422,1.7553792674874746,313,10,Wet,2020,2020-10,"{""type"":""MultiPoint"",""coordinates"":[]}"
VHI_M_2020-10_00000000000000000139,0.39145835704712,1.8233058898036725,314,10,Wet,2020,2020-10,"{""type"":""MultiPoint"",""coordinates"":[]}"
VHI_M_2020-10_0000000000000000013a,0.33811804956190505,1.6389041046361343,315,10,Wet,2020,2020-10,"{""type"":""MultiPoint"",""coordinates"":[]}"
VHI_M_2020-10_000000000000000001ef,0.4455432081027957,2.1053322809378394,496,10,Wet,2020,2020-10,"{""type"":""MultiPoint"",""coordinates"":[]}"
VHI_M_2020-10_000000000000000001f0,0.365112348145557,1.5746418767551198,497,10,Wet,2020,2020-10,"{""type"":""MultiPoint"",""coordinates"":[]}"
VHI_M_2020-10_00000000000000000081,0.36453426310793446,1.6706945096198969,130,10,Wet,2020,2020-10,"{""type"":""MultiPoint"",""coordinates"":[]}"
VHI_M_2020-10_000000000000000000a0,0.4192849493323722,2.091388190202419,161,10,Wet,2020,2020-10,"{""type"":""MultiPoint"",""coordinates"":[]}"
VHI_M_2020-10_000000000000000000a1,32.02174195028126,2.905626423859245,162,10,Wet,2020,2020-10,"{""type"":""MultiPoint"",""coordinates"":[]}"
VHI_M_2020-10_000000000000000000a2,8.704944844595428,3.021792232578522,163,10,Wet,2020,2020-10,"{""type"":""MultiPoint"",""coordinates"":[]}"
VHI_M_2020-10_000000000000000000a3,5.623878737841451,3.0612614102394504,164,10,Wet,2020,2020-10,"{""type"":""MultiPoint"",""coordinates"":[]}"
VHI_M_2020-10_000000000000000000a4,77.98093472288878,3.3570693230095547,165,10,Wet,2020,2020-10,"{""type"":""MultiPoint"",""coordinates"":[]}"
VHI_M_2020-10_0000000000000000014f,0.4832331960097053,2.413112875501351,336,10,Wet,2020,2020-10,"{""type"":""MultiPoint"",""coordinates"":[]}"
VHI_M_2020-10_00000000000000000150,0.4202007748168044,2.0418363599265463,337,10,Wet,2020,2020-10,"{""type"":""MultiPoint"",""coordinates"":[]}"
VHI_M_2020-10_00000000000000000151,2.1915147892002107,2.8626636086836177,338,10,Wet,2020,2020-10,"{""type"":""MultiPoint"",""coordinates"":[]}"
VHI_M_2020-10_00000000000000000152,0.48409682096956147,2.381690442594246,339,10,Wet,2020,2020-10,"{""type"":""MultiPoint"",""coordinates"":[]}"
VHI_M_2020-10_00000000000000000153,0.47148966840203693,2.312106902574933,340,10,Wet,2020,2020-10,"{""type"":""MultiPoint"",""coordinates"":[]}"
VHI_M_2020-10_00000000000000000171,0.5873665527378861,3.089285714285712,370,10,Wet,2020,2020-10,"{""type"":""MultiPoint"",""coordinates"":[]}"
VHI_M_2020-10_00000000000000000172,0.553583423256902,2.8530890898194223,371,10,Wet,2020,2020-10,"{""type"":""MultiPoint"",""coordinates"":[]}"
VHI_M_2020-10_00000000000000000173,0.5461394894858952,2.832845437912657,372,10,Wet,2020,2020-10,"{""type"":""MultiPoint"",""coordinates"":[]}"
VHI_M_2020-10_000000000000000001f1,0.6024159088059978,3.1887970757379085,498,10,Wet,2020,2020-10,"{""type"":""MultiPoint"",""coordinates"":[]}"
VHI_M_2020-10_000000000000000001f2,0.5128355868630766,2.6002506950735675,499,10,Wet,2020,2020-10,"{""type"":""MultiPoint"",""coordinates"":[]}"
VHI_M_2020-10_000000000000000001f3,0.6344450475506933,3.4224283966023448,500,10,Wet,2020,2020-10,"{""type"":""MultiPoint"",""coordinates"":[]}"
VHI_M_2020-10_00000000000000000092,0.522680034961203,2.7165938083186343,147,10,Wet,2020,2020-10,"{""type"":""MultiPoint"",""coordinates"":[]}"
VHI_M_2020-10_00000000000000000093,0.6273622922482991,3.3542275744295167,148,10,Wet,2020,2020-10,"{""type"":""MultiPoint"",""coordinates"":[]}"
VHI_M_2020-10_00000000000000000094,0.732174535123549,2.8567621603066837,149,10,Wet,2020,2020-10,"{""type"":""MultiPoint"",""coordinates"":[]}"
VHI_M_2020-10_00000000000000000095,13.04944257740302,3.147120586312877,150,10,Wet,2020,2020-10,"{""type"":""MultiPoint"",""coordinates"":[]}"
VHI_M_2020-10_00000000000000000096,0.5136733491399991,2.6298129420048775,151,10,Wet,2020,2020-10,"{""type"":""MultiPoint"",""coordinates"":[]}"
VHI_M_2020-10_00000000000000000097,0.5588556343425849,2.763631967114012,152,10,Wet,2020,2020-10,"{""type"":""MultiPoint"",""coordinates"":[]}"
VHI_M_2020-10_00000000000000000098,0.7304449173606049,4.0,153,10,Wet,2020,2020-10,"{""type"":""MultiPoint"",""coordinates"":[]}"
VHI_M_2020-10_000000000000000000a9,0.6957094693775309,3.8538995165019965,170,10,Wet,2020,2020-10,"{""type"":""MultiPoint"",""coordinates"":[]}"
VHI_M_2020-10_0000000000000000017c,61.779361850645095,3.2724714710020315,381,10,Wet,2020,2020-10,"{""type"":""MultiPoint"",""coordinates"":[]}"
VHI_M_2020-10_0000000000000000017d,38.926782913149154,3.107631560668315,382,10,Wet,2020,2020-10,"{""type"":""MultiPoint"",""coordinates"":[]}"
VHI_M_2020-10_0000000000000000017e,11.627908301867043,2.846252221428688,383,10,Wet,2020,2020-10,"{""type"":""MultiPoint"",""coordinates"":[]}"
VHI_M_2020-10_000000000000000001ee,0.671077325728267,3.6354178707663842,495,10,Wet,2020,2020-10,"{""type"":""MultiPoint"",""coordinates"":[]}"
VHI_M_2020-10_0000000000000000020d,0.45407420974886337,2.3138274433771047,526,10,Wet,2020,2020-10,"{""type"":""MultiPoint"",""coordinates"":[]}"
VHI_M_2020-10_0000000000000000020e,3.7057803204440667,2.4680648983148767,527,10,Wet,2020,2020-10,"{""type"":""MultiPoint"",""coordinates"":[]}"
VHI_M_2020-10_0000000000000000020f,0.3542474259271602,1.6875935888192555,528,10,Wet,2020,2020-10,"{""type"":""MultiPoint"",""coordinates"":[]}"
VHI_M_2020-10_00000000000000000210,0.5882076552094812,3.0404233034267434,529,10,Wet,2020,2020-10,"{""type"":""MultiPoint"",""coordinates"":[]}"
VHI_M_2020-10_00000000000000000211,11.917814510870006,3.1712588439460685,530,10,Wet,2020,2020-10,"{""type"":""MultiPoint"",""coordinates"":[]}"
VHI_M_2020-10_00000000000000000058,0.3811354541652471,1.7032705256469418,89,10,Wet,2020,2020-10,"{""type"":""MultiPoint"",""coordinates"":[]}"
VHI_M_2020-10_00000000000000000059,0.4136133547251982,1.9248061473978353,90,10,Wet,2020,2020-10,"{""type"":""MultiPoint"",""coordinates"":[]}"
VHI_M_2020-10_0000000000000000018b,0.5523250421191248,2.6438270315437653,396,10,Wet,2020,2020-10,"{""type"":""MultiPoint"",""coordinates"":[]}"
VHI_M_2020-10_0000000000000000018c,0.4595734391629199,2.222785391994387,397,10,Wet,2020,2020-10,"{""type"":""MultiPoint"",""coordinates"":[]}"
VHI_M_2020-10_0000000000000000018d,0.4732894924405896,2.2999100719424455,398,10,Wet,2020,2020-10,"{""type"":""MultiPoint"",""coordinates"":[]}"
VHI_M_2020-10_0000000000000000018e,0.3577375219000323,1.6389804248037283,399,10,Wet,2020,2020-10,"{""type"":""MultiPoint"",""coordinates"":[]}"
VHI_M_2020-10_00000000000000000036,0.700162314369839,3.6507477906186274,55,10,Wet,2020,2020-10,"{""type"":""MultiPoint"",""coordinates"":[]}"
VHI_M_2020-10_000000000000000000db,0.5720831941606231,2.998176934813231,220,10,Wet,2020,2020-10,"{""type"":""MultiPoint"",""coordinates"":[]}"
VHI_M_2020-10_000000000000000000dc,0.5986096056147018,3.148166398857347,221,10,Wet,2020,2020-10,"{""type"":""MultiPoint"",""coordinates"":[]}"
VHI_M_2020-10_000000000000000000dd,0.5932712083037746,3.1492969876428507,222,10,Wet,2020,2020-10,"{""type"":""MultiPoint"",""coordinates"":[]}"
VHI_M_2020-10_00000000000000000102,0.5866177066660174,3.0453145057766378,259,10,Wet,2020,2020-10,"{""type"":""MultiPoint"",""coordinates"":[]}"
VHI_M_2020-10_00000000000000000103,0.7122658669241065,3.914797304094153,260,10,Wet,2020,2020-10,"{""type"":""MultiPoint"",""coordinates"":[]}"
VHI_M_2020-10_00000000000000000104,0.5980838399976119,3.1601932794806524,261,10,Wet,2020,2020-10,"{""type"":""MultiPoint"",""coordinates"":[]}"
VHI_M_2020-10_00000000000000000105,0.41203623782010507,1.8615012106537523,262,10,Wet,2020,2020-10,"{""type"":""MultiPoint"",""coordinates"":[]}"
VHI_M_2020-10_0000000000000000000a,0.7428574381678857,4.073423980222495,11,10,Wet,2020,2020-10,"{""type"":""MultiPoint"",""coordinates"":[]}"
VHI_M_2020-10_000000000000000000b1,0.5928982836155675,3.1180791993910457,178,10,Wet,2020,2020-10,"{""type"":""MultiPoint"",""coordinates"":[]}"
VHI_M_2020-10_000000000000000000b2,0.5730590833104094,2.9645815116740057,179,10,Wet,2020,2020-10,"{""type"":""MultiPoint"",""coordinates"":[]}"
VHI_M_2020-10_000000000000000000b3,0.5354477923609681,2.7546577781638155,180,10,Wet,2020,2020-10,"{""type"":""MultiPoint"",""coordinates"":[]}"
VHI_M_2020-10_000000000000000000ca,0.6615965235671195,3.548769050410316,203,10,Wet,2020,2020-10,"{""type"":""MultiPoint"",""coordinates"":[]}"
VHI_M_2020-10_000000000000000000d2,0.704165411578928,3.8550223854195877,211,10,Wet,2020,2020-10,"{""type"":""MultiPoint"",""coordinates"":[]}"
VHI_M_2020-10_000000000000000000d3,0.6627908277989393,3.574718577418599,212,10,Wet,2020,2020-10,"{""type"":""MultiPoint"",""coordinates"":[]}"
VHI_M_2020-10_000000000000000000d4,0.6130563342314796,3.267606587692101,213,10,Wet,2020,2020-10,"{""type"":""MultiPoint"",""coordinates"":[]}"
VHI_M_2020-10_000000000000000000d5,0.6383750644752954,3.4389935914579848,214,10,Wet,2020,2020-10,"{""type"":""MultiPoint"",""coordinates"":[]}"
VHI_M_2020-10_000000000000000000bc,0.5704974683477901,2.9552685532573673,189,10,Wet,2020,2020-10,"{""type"":""MultiPoint"",""coordinates"":[]}"
VHI_M_2020-10_000000000000000000bd,0.5437591425183124,2.782303925746294,190,10,Wet,2020,2020-10,"{""type"":""MultiPoint"",""coordinates"":[]}"
VHI_M_2020-10_000000000000000000be,0.6190354292495027,3.31163003685191,191,10,Wet,2020,2020-10,"{""type"":""MultiPoint"",""coordinates"":[]}"
VHI_M_2020-10_000000000000000000f1,0.5704863943176472,2.8339002267573683,242,10,Wet,2020,2020-10,"{""type"":""MultiPoint"",""coordinates"":[]}"
VHI_M_2020-10_00000000000000000100,0.5554123489757864,2.894357706608849,257,10,Wet,2020,2020-10,"{""type"":""MultiPoint"",""coordinates"":[]}"
VHI_M_2020-10_00000000000000000101,0.6102735965762633,3.2430846028299265,258,10,Wet,2020,2020-10,"{""type"":""MultiPoint"",""coordinates"":[]}"
VHI_M_2020-10_0000000000000000012f,0.6050344126931176,3.203545652146472,304,10,Wet,2020,2020-10,"{""type"":""MultiPoint"",""coordinates"":[]}"
VHI_M_2020-10_00000000000000000130,0.6677526425091524,3.620143344025662,305,10,Wet,2020,2020-10,"{""type"":""MultiPoint"",""coordinates"":[]}"
VHI_M_2020-10_00000000000000000131,0.6190858019352192,3.2876800525846472,306,10,Wet,2020,2020-10,"{""type"":""MultiPoint"",""coordinates"":[]}"
VHI_M_2020-10_00000000000000000065,0.6215875116572226,3.3033674129725465,102,10,Wet,2020,2020-10,"{""type"":""MultiPoint"",""coordinates"":[]}"
VHI_M_2020-10_00000000000000000066,0.6235795954484633,3.3311897036743,103,10,Wet,2020,2020-10,"{""type"":""MultiPoint"",""coordinates"":[]}"
VHI_M_2020-10_00000000000000000067,0.6266474718137002,3.327046210153386,104,10,Wet,2020,2020-10,"{""type"":""MultiPoint"",""coordinates"":[]}"
VHI_M_2020-10_00000000000000000068,0.6682027889446748,3.6069761440142716,105,10,Wet,2020,2020-10,"{""type"":""MultiPoint"",""coordinates"":[]}"
VHI_M_2020-10_00000000000000000109,0.5894335407975635,3.1271583743273124,266,10,Wet,2020,2020-10,"{""type"":""MultiPoint"",""coordinates"":[]}"
VHI_M_2020-10_000000000000000001c1,0.5945854438352938,3.120084315781669,450,10,Wet,2020,2020-10,"{""type"":""MultiPoint"",""coordinates"":[]}"
VHI_M_2020-10_000000000000000001c2,0.5633576288924916,2.9345128839122703,451,10,Wet,2020,2020-10,"{""type"":""MultiPoint"",""coordinates"":[]}"
VHI_M_2020-10_00000000000000000113,0.5024422788813325,2.390874106652006,276,10,Wet,2020,2020-10,"{""type"":""MultiPoint"",""coordinates"":[]}"
VHI_M_2020-10_00000000000000000114,0.5704071577048729,2.9749125087491235,277,10,Wet,2020,2020-10,"{""type"":""MultiPoint"",""coordinates"":[]}"
VHI_M_2020-10_00000000000000000115,0.5572047947647777,2.8788727688610756,278,10,Wet,2020,2020-10,"{""type"":""MultiPoint"",""coordinates"":[]}"
VHI_M_2020-10_00000000000000000116,0.5414620300078182,2.789550897020469,279,10,Wet,2020,2020-10,"{""type"":""MultiPoint"",""coordinates"":[]}"
VHI_M_2020-10_00000000000000000117,0.56453183789372,2.950848049720269,280,10,Wet,2020,2020-10,"{""type"":""MultiPoint"",""coordinates"":[]}"
VHI_M_2020-10_00000000000000000167,0.6255706297101228,3.365034733708238,360,10,Wet,2020,2020-10,"{""type"":""MultiPoint"",""coordinates"":[]}"
VHI_M_2020-10_00000000000000000168,0.45211214425127993,2.181443298969071,361,10,Wet,2020,2020-10,"{""type"":""MultiPoint"",""coordinates"":[]}"
VHI_M_2020-10_00000000000000000169,0.5065420853418827,2.553855406094655,362,10,Wet,2020,2020-10,"{""type"":""MultiPoint"",""coordinates"":[]}"
VHI_M_2020-10_0000000000000000016a,0.4788063029706177,2.3786940000484065,363,10,Wet,2020,2020-10,"{""type"":""MultiPoint"",""coordinates"":[]}"
VHI_M_2020-10_0000000000000000016b,0.46523537158362227,2.298882724374694,364,10,Wet,2020,2020-10,"{""type"":""MultiPoint"",""coordinates"":[]}"
VHI_M_2020-10_0000000000000000016c,0.5048473002310366,2.5550491597270772,365,10,Wet,2020,2020-10,"{""type"":""MultiPoint"",""coordinates"":[]}"
VHI_M_2020-10_0000000000000000016d,0.5127574169458411,2.5866956009216118,366,10,Wet,2020,2020-10,"{""type"":""MultiPoint"",""coordinates"":[]}"
VHI_M_2020-10_000000000000000000cb,0.5688164382774605,2.9805368409795743,204,10,Wet,2020,2020-10,"{""type"":""MultiPoint"",""coordinates"":[]}"
VHI_M_2020-10_000000000000000000eb,15.385018905998232,3.0169415719068056,236,10,Wet,2020,2020-10,"{""type"":""MultiPoint"",""coordinates"":[]}"
VHI_M_2020-10_000000000000000000ec,0.43397804168414394,2.0722119020452814,237,10,Wet,2020,2020-10,"{""type"":""MultiPoint"",""coordinates"":[]}"
VHI_M_2020-10_000000000000000000ed,0.5510965112380635,2.8607782971523634,238,10,Wet,2020,2020-10,"{""type"":""MultiPoint"",""coordinates"":[]}"
VHI_M_2020-10_000000000000000000ee,0.5296538612757249,2.7737853107344623,239,10,Wet,2020,2020-10,"{""type"":""MultiPoint"",""coordinates"":[]}"
VHI_M_2020-10_000000000000000000ef,0.45342064381108843,2.167905770684426,240,10,Wet,2020,2020-10,"{""type"":""MultiPoint"",""coordinates"":[]}"
VHI_M_2020-10_00000000000000000146,0.4294408448889707,2.052547629133391,327,10,Wet,2020,2020-10,"{""type"":""MultiPoint"",""coordinates"":[]}"
VHI_M_2020-10_00000000000000000147,8.400761608333758,2.2073185761008656,328,10,Wet,2020,2020-10,"{""type"":""MultiPoint"",""coordinates"":[]}"
VHI_M_2020-10_00000000000000000148,0.4539807333735339,2.202472529220511,329,10,Wet,2020,2020-10,"{""type"":""MultiPoint"",""coordinates"":[]}"
VHI_M_2020-10_0000000000000000015e,0.5685718660177671,2.9576308634855475,351,10,Wet,2020,2020-10,"{""type"":""MultiPoint"",""coordinates"":[]}"
VHI_M_2020-10_0000000000000000015f,0.5555440271394619,2.8315047332356325,352,10,Wet,2020,2020-10,"{""type"":""MultiPoint"",""coordinates"":[]}"
VHI_M_2020-10_00000000000000000160,0.5553477141206042,2.9505880059775174,353,10,Wet,2020,2020-10,"{""type"":""MultiPoint"",""coordinates"":[]}"
VHI_M_2020-10_00000000000000000161,0.6174436884492401,3.2891225448334747,354,10,Wet,2020,2020-10,"{""type"":""MultiPoint"",""coordinates"":[]}"
VHI_M_2020-10_00000000000000000162,4.503034593550865,2.9550461462497326,355,10,Wet,2020,2020-10,"{""type"":""MultiPoint"",""coordinates"":[]}"
VHI_M_2020-10_00000000000000000010,0.6428085972973274,3.464921083842716,17,10,Wet,2020,2020-10,"{""type"":""MultiPoint"",""coordinates"":[]}"
VHI_M_2020-10_00000000000000000121,0.7084906986124987,3.942643587726199,290,10,Wet,2020,2020-10,"{""type"":""MultiPoint"",""coordinates"":[]}"
VHI_M_2020-10_00000000000000000122,0.8432176636519144,3.9592355783954107,291,10,Wet,2020,2020-10,"{""type"":""MultiPoint"",""coordinates"":[]}"
VHI_M_2020-10_00000000000000000123,0.7569769784233097,4.228846289237331,292,10,Wet,2020,2020-10,"{""type"":""MultiPoint"",""coordinates"":[]}"
VHI_M_2020-10_0000000000000000019a,0.562465253974826,2.9281052788498187,411,10,Wet,2020,2020-10,"{""type"":""MultiPoint"",""coordinates"":[]}"
VHI_M_2020-10_0000000000000000019b,0.5766156580754935,2.9880701458561667,412,10,Wet,2020,2020-10,"{""type"":""MultiPoint"",""coordinates"":[]}"
VHI_M_2020-10_0000000000000000019c,0.38064911453112954,1.7568681398413062,413,10,Wet,2020,2020-10,"{""type"":""MultiPoint"",""coordinates"":[]}"
VHI_M_2020-10_0000000000000000019d,0.47325743867314923,2.3428810860638554,414,10,Wet,2020,2020-10,"{""type"":""MultiPoint"",""coordinates"":[]}"
VHI_M_2020-10_0000000000000000019e,4.143504808099629,2.5965197029601876,415,10,Wet,2020,2020-10,"{""type"":""MultiPoint"",""coordinates"":[]}"
VHI_M_2020-10_0000000000000000019f,0.4741125193764644,2.3611969577841956,416,10,Wet,2020,2020-10,"{""type"":""MultiPoint"",""coordinates"":[]}"
VHI_M_2020-10_00000000000000000216,0.427390145631128,2.193773309550835,535,10,Wet,2020,2020-10,"{""type"":""MultiPoint"",""coordinates"":[]}"
VHI_M_2020-10_00000000000000000217,0.4750421141837289,2.047109443954103,536,10,Wet,2020,2020-10,"{""type"":""MultiPoint"",""coordinates"":[]}"
VHI_M_2020-10_00000000000000000218,0.39584488277876806,1.825850340136055,537,10,Wet,2020,2020-10,"{""type"":""MultiPoint"",""coordinates"":[]}"
VHI_M_2020-10_00000000000000000219,0.5358570042513826,2.7697482397704016,538,10,Wet,2020,2020-10,"{""type"":""MultiPoint"",""coordinates"":[]}"
VHI_M_2020-10_0000000000000000021a,8.14261838607132,1.6643834413474548,539,10,Wet,2020,2020-10,"{""type"":""MultiPoint"",""coordinates"":[]}"
VHI_M_2020-10_00000000000000000004,0.3833834998823487,1.7264494817177354,5,10,Wet,2020,2020-10,"{""type"":""MultiPoint"",""coordinates"":[]}"
VHI_M_2020-10_00000000000000000028,0.42069808769135986,2.010389766380398,41,10,Wet,2020,2020-10,"{""type"":""MultiPoint"",""coordinates"":[]}"
VHI_M_2020-10_00000000000000000029,0.469992693871898,2.293916552776336,42,10,Wet,2020,2020-10,"{""type"":""MultiPoint"",""coordinates"":[]}"
VHI_M_2020-10_0000000000000000002a,0.470727170554046,2.3130608068505802,43,10,Wet,2020,2020-10,"{""type"":""MultiPoint"",""coordinates"":[]}"
VHI_M_2020-10_0000000000000000002b,0.48135116723079113,2.3851439813103115,44,10,Wet,2020,2020-10,"{""type"":""MultiPoint"",""coordinates"":[]}"
VHI_M_2020-10_000000000000000000a7,0.464782758136652,2.274539664393906,168,10,Wet,2020,2020-10,"{""type"":""MultiPoint"",""coordinates"":[]}"
VHI_M_2020-10_000000000000000000a8,0.4748106332911593,2.358405518516716,169,10,Wet,2020,2020-10,"{""type"":""MultiPoint"",""coordinates"":[]}"
VHI_M_2020-10_0000000000000000000c,0.435025469786903,2.0761393614118075,13,10,Wet,2020,2020-10,"{""type"":""MultiPoint"",""coordinates"":[]}"
VHI_M_2020-10_00000000000000000060,0.434289872351437,2.0955666825722417,97,10,Wet,2020,2020-10,"{""type"":""MultiPoint"",""coordinates"":[]}"
VHI_M_2020-10_00000000000000000061,0.4338260364494303,2.030055222653038,98,10,Wet,2020,2020-10,"{""type"":""MultiPoint"",""coordinates"":[]}"
VHI_M_2020-10_00000000000000000062,0.4599441641908496,2.235314184611768,99,10,Wet,2020,2020-10,"{""type"":""MultiPoint"",""coordinates"":[]}"
VHI_M_2020-10_00000000000000000063,0.5364269106324184,2.7527481588441844,100,10,Wet,2020,2020-10,"{""type"":""MultiPoint"",""coordinates"":[]}"
VHI_M_2020-10_00000000000000000064,0.40214167776892407,1.838625481942264,101,10,Wet,2020,2020-10,"{""type"":""MultiPoint"",""coordinates"":[]}"
VHI_M_2020-10_00000000000000000011,0.3449205191992765,1.480668595702765,18,10,Wet,2020,2020-10,"{""type"":""MultiPoint"",""coordinates"":[]}"
VHI_M_2020-10_00000000000000000033,0.4015996493487142,1.8638641367431392,52,10,Wet,2020,2020-10,"{""type"":""MultiPoint"",""coordinates"":[]}"
VHI_M_2020-10_00000000000000000034,0.4514677185475301,2.1907007290790297,53,10,Wet,2020,2020-10,"{""type"":""MultiPoint"",""coordinates"":[]}"
VHI_M_2020-10_000000000000000001b3,0.4783576729347697,2.3498453232448626,436,10,Wet,2020,2020-10,"{""type"":""MultiPoint"",""coordinates"":[]}"
VHI_M_2020-10_000000000000000001b4,0.4364965001447983,2.0908659928579647,437,10,Wet,2020,2020-10,"{""type"":""MultiPoint"",""coordinates"":[]}"
VHI_M_2020-10_000000000000000001b5,0.46509023960087126,2.2772379037446546,438,10,Wet,2020,2020-10,"{""type"":""MultiPoint"",""coordinates"":[]}"
VHI_M_2020-10_00000000000000000005,0.3383931226615379,1.6282706459525753,6,10,Wet,2020,2020-10,"{""type"":""MultiPoint"",""coordinates"":[]}"
VHI_M_2020-10_00000000000000000082,0.4230632467073379,1.9744833377960613,131,10,Wet,2020,2020-10,"{""type"":""MultiPoint"",""coordinates"":[]}"
VHI_M_2020-10_00000000000000000083,0.4579376987854055,2.220673658010563,132,10,Wet,2020,2020-10,"{""type"":""MultiPoint"",""coordinates"":[]}"
VHI_M_2020-10_00000000000000000084,0.39922762415035024,1.8041352713706333,133,10,Wet,2020,2020-10,"{""type"":""MultiPoint"",""coordinates"":[]}"
VHI_M_2020-10_00000000000000000085,0.5630792853799222,2.9769447669596953,134,10,Wet,2020,2020-10,"{""type"":""MultiPoint"",""coordinates"":[]}"
VHI_M_2020-10_00000000000000000086,0.4463003814816236,2.1379389924385377,135,10,Wet,2020,2020-10,"{""type"":""MultiPoint"",""coordinates"":[]}"
VHI_M_2020-10_00000000000000000087,0.5064271733499203,2.597576585032853,136,10,Wet,2020,2020-10,"{""type"":""MultiPoint"",""coordinates"":[]}"
VHI_M_2020-10_0000000000000000010c,0.4501032622323094,2.17710273216114,269,10,Wet,2020,2020-10,"{""type"":""MultiPoint"",""coordinates"":[]}"
VHI_M_2020-10_0000000000000000010d,0.5226550714732803,2.6640694272807868,270,10,Wet,2020,2020-10,"{""type"":""MultiPoint"",""coordinates"":[]}"
VHI_M_2020-10_0000000000000000010e,0.42303702021849127,2.06529119346886,271,10,Wet,2020,2020-10,"{""type"":""MultiPoint"",""coordinates"":[]}"
VHI_M_2020-10_0000000000000000010f,0.4467858696034609,2.1497145808464877,272,10,Wet,2020,2020-10,"{""type"":""MultiPoint"",""coordinates"":[]}"
VHI_M_2020-10_00000000000000000110,0.5755505506288117,3.0030786115789,273,10,Wet,2020,2020-10,"{""type"":""MultiPoint"",""coordinates"":[]}"
VHI_M_2020-10_00000000000000000111,0.5335536196990662,2.723290501635739,274,10,Wet,2020,2020-10,"{""type"":""MultiPoint"",""coordinates"":[]}"
VHI_M_2020-10_000000000000000001d0,0.48463526561362075,2.399780481985207,465,10,Wet,2020,2020-10,"{""type"":""MultiPoint"",""coordinates"":[]}"
VHI_M_2020-10_000000000000000001d1,0.4198970051579051,1.9717056346083859,466,10,Wet,2020,2020-10,"{""type"":""MultiPoint"",""coordinates"":[]}"
VHI_M_2020-10_00000000000000000009,0.6847272048974667,3.72528784224007,10,10,Wet,2020,2020-10,"{""type"":""MultiPoint"",""coordinates"":[]}"
VHI_M_2020-10_0000000000000000009e,0.5613483427552393,2.8881061815214433,159,10,Wet,2020,2020-10,"{""type"":""MultiPoint"",""coordinates"":[]}"
VHI_M_2020-10_0000000000000000009f,0.5563520712630484,2.8630945989477077,160,10,Wet,2020,2020-10,"{""type"":""MultiPoint"",""coordinates"":[]}"
VHI_M_2020-10_00000000000000000154,0.47553351935275023,2.332588304580779,341,10,Wet,2020,2020-10,"{""type"":""MultiPoint"",""coordinates"":[]}"
VHI_M_2020-10_00000000000000000155,0.5254941470230079,2.654756829161031,342,10,Wet,2020,2020-10,"{""type"":""MultiPoint"",""coordinates"":[]}"
VHI_M_2020-10_00000000000000000156,0.43400885245046755,2.04249942311323,343,10,Wet,2020,2020-10,"{""type"":""MultiPoint"",""coordinates"":[]}"
VHI_M_2020-10_00000000000000000157,0.4725519745933879,2.310650089723169,344,10,Wet,2020,2020-10,"{""type"":""MultiPoint"",""coordinates"":[]}"
VHI_M_2020-10_00000000000000000178,0.668611142329596,3.649849740178951,377,10,Wet,2020,2020-10,"{""type"":""MultiPoint"",""coordinates"":[]}"
VHI_M_2020-10_00000000000000000179,0.522169219926064,2.6462679232134163,378,10,Wet,2020,2020-10,"{""type"":""MultiPoint"",""coordinates"":[]}"
VHI_M_2020-10_0000000000000000017a,0.6466150932949947,3.442792453669881,379,10,Wet,2020,2020-10,"{""type"":""MultiPoint"",""coordinates"":[]}"
VHI_M_2020-10_0000000000000000017b,0.4744755262171621,2.2904160629269303,380,10,Wet,2020,2020-10,"{""type"":""MultiPoint"",""coordinates"":[]}"
VHI_M_2020-10_0000000000000000000f,0.5383836981011659,2.7932932932932943,16,10,Wet,2020,2020-10,"{""type"":""MultiPoint"",""coordinates"":[]}"
VHI_M_2020-10_00000000000000000040,0.4859346714406216,2.4318203157315095,65,10,Wet,2020,2020-10,"{""type"":""MultiPoint"",""coordinates"":[]}"
VHI_M_2020-10_00000000000000000041,0.5008634509449551,2.509829933332863,66,10,Wet,2020,2020-10,"{""type"":""MultiPoint"",""coordinates"":[]}"
VHI_M_2020-10_00000000000000000042,0.5746804719286959,2.998362872905184,67,10,Wet,2020,2020-10,"{""type"":""MultiPoint"",""coordinates"":[]}"
VHI_M_2020-10_00000000000000000043,0.5621336754825376,2.9359472345351842,68,10,Wet,2020,2020-10,"{""type"":""MultiPoint"",""coordinates"":[]}"
VHI_M_2020-10_00000000000000000192,0.49509313332593013,2.463878003638947,403,10,Wet,2020,2020-10,"{""type"":""MultiPoint"",""coordinates"":[]}"
VHI_M_2020-10_00000000000000000193,0.43442755339421596,2.062937903990467,404,10,Wet,2020,2020-10,"{""type"":""MultiPoint"",""coordinates"":[]}"
VHI_M_2020-10_00000000000000000194,0.4638874560864945,2.24851946321385,405,10,Wet,2020,2020-10,"{""type"":""MultiPoint"",""coordinates"":[]}"
VHI_M_2020-10_000000000000000001d2,0.46354916998957296,2.1943065631496332,467,10,Wet,2020,2020-10,"{""type"":""MultiPoint"",""coordinates"":[]}"
VHI_M_2020-10_000000000000000001d3,0.5176200467884582,2.568840907855887,468,10,Wet,2020,2020-10,"{""type"":""MultiPoint"",""coordinates"":[]}"
VHI_M_2020-10_000000000000000001d4,0.5513135507950679,2.8479374252001004,469,10,Wet,2020,2020-10,"{""type"":""MultiPoint"",""coordinates"":[]}"
VHI_M_2020-10_000000000000000001d5,0.4578463434675224,2.2250310525290646,470,10,Wet,2020,2020-10,"{""type"":""MultiPoint"",""coordinates"":[]}"
VHI_M_2020-10_000000000000000001d6,0.48722752991723023,2.4510429142492725,471,10,Wet,2020,2020-10,"{""type"":""MultiPoint"",""coordinates"":[]}"
VHI_M_2020-10_000000000000000001d7,0.5150419640324038,2.6006885456161464,472,10,Wet,2020,2020-10,"{""type"":""MultiPoint"",""coordinates"":[]}"
VHI_M_2020-10_00000000000000000069,0.6329566089639437,3.3737541439845025,106,10,Wet,2020,2020-10,"{""type"":""MultiPoint"",""coordinates"":[]}"
VHI_M_2020-10_0000000000000000006a,0.5334363625678982,2.6995310929998944,107,10,Wet,2020,2020-10,"{""type"":""MultiPoint"",""coordinates"":[]}"
VHI_M_2020-10_0000000000000000006b,0.6150685353407571,3.282609816722877,108,10,Wet,2020,2020-10,"{""type"":""MultiPoint"",""coordinates"":[]}"
VHI_M_2020-10_0000000000000000006c,0.503336305024542,2.4919758343535428,109,10,Wet,2020,2020-10,"{""type"":""MultiPoint"",""coordinates"":[]}"
VHI_M_2020-10_0000000000000000006d,0.5656207782550364,2.8836922565406207,110,10,Wet,2020,2020-10,"{""type"":""MultiPoint"",""coordinates"":[]}"
VHI_M_2020-10_0000000000000000006e,0.6207534514487311,3.2789099751637694,111,10,Wet,2020,2020-10,"{""type"":""MultiPoint"",""coordinates"":[]}"
VHI_M_2020-10_0000000000000000006f,0.5671722964234823,2.9565117676831596,112,10,Wet,2020,2020-10,"{""type"":""MultiPoint"",""coordinates"":[]}"
VHI_M_2020-10_000000000000000000d6,0.5189553063771029,2.6675893886966557,215,10,Wet,2020,2020-10,"{""type"":""MultiPoint"",""coordinates"":[]}"
VHI_M_2020-10_0000000000000000013b,0.7336405039889327,3.8973192915270465,316,10,Wet,2020,2020-10,"{""type"":""MultiPoint"",""coordinates"":[]}"
VHI_M_2020-10_0000000000000000013c,0.593300796189767,3.1120789269420026,317,10,Wet,2020,2020-10,"{""type"":""MultiPoint"",""coordinates"":[]}"
VHI_M_2020-10_0000000000000000013d,0.6228763867689342,3.339708564821578,318,10,Wet,2020,2020-10,"{""type"":""MultiPoint"",""coordinates"":[]}"
VHI_M_2020-10_0000000000000000013e,0.42957779785181116,2.0408308758068103,319,10,Wet,2020,2020-10,"{""type"":""MultiPoint"",""coordinates"":[]}"
VHI_M_2020-10_0000000000000000013f,0.5196522822142108,2.665041393671594,320,10,Wet,2020,2020-10,"{""type"":""MultiPoint"",""coordinates"":[]}"
VHI_M_2020-10_00000000000000000140,10.366725221890496,3.1487765610328413,321,10,Wet,2020,2020-10,"{""type"":""MultiPoint"",""coordinates"":[]}"
VHI_M_2020-10_000000000000000001bc,0.5483312104195665,2.844783205582884,445,10,Wet,2020,2020-10,"{""type"":""MultiPoint"",""coordinates"":[]}"
VHI_M_2020-10_000000000000000001bd,0.5425041273320339,2.7898004165571324,446,10,Wet,2020,2020-10,"{""type"":""MultiPoint"",""coordinates"":[]}"
VHI_M_2020-10_000000000000000001be,0.6438856780037728,3.4480744366457317,447,10,Wet,2020,2020-10,"{""type"":""MultiPoint"",""coordinates"":[]}"
VHI_M_2020-10_000000000000000001bf,0.558978348591151,2.867523512561159,448,10,Wet,2020,2020-10,"{""type"":""MultiPoint"",""coordinates"":[]}"
VHI_M_2020-10_000000000000000001c0,0.5573836478777737,2.8611984607847663,449,10,Wet,2020,2020-10,"{""type"":""MultiPoint"",""coordinates"":[]}"
VHI_M_2020-10_00000000000000000006,0.6573098490942473,3.484018670815736,7,10,Wet,2020,2020-10,"{""type"":""MultiPoint"",""coordinates"":[]}"
VHI_M_2020-10_0000000000000000002c,0.5602974181308199,2.9046790996525713,45,10,Wet,2020,2020-10,"{""type"":""MultiPoint"",""coordinates"":[]}"
VHI_M_2020-10_0000000000000000002d,0.6309211761618618,3.335299337042785,46,10,Wet,2020,2020-10,"{""type"":""MultiPoint"",""coordinates"":[]}"
VHI_M_2020-10_0000000000000000002e,0.650331454619323,3.473466941746554,47,10,Wet,2020,2020-10,"{""type"":""MultiPoint"",""coordinates"":[]}"
VHI_M_2020-10_0000000000000000002f,0.5912698186138136,3.099901185671721,48,10,Wet,2020,2020-10,"{""type"":""MultiPoint"",""coordinates"":[]}"
VHI_M_2020-10_0000000000000000009b,0.6377413912361046,3.4335845087220553,156,10,Wet,2020,2020-10,"{""type"":""MultiPoint"",""coordinates"":[]}"
VHI_M_2020-10_0000000000000000009c,0.6464660176515055,3.489408083684621,157,10,Wet,2020,2020-10,"{""type"":""MultiPoint"",""coordinates"":[]}"
VHI_M_2020-10_0000000000000000009d,0.641002333958985,3.4325624831043746,158,10,Wet,2020,2020-10,"{""type"":""MultiPoint"",""coordinates"":[]}"
VHI_M_2020-10_000000000000000001b6,0.66325764242597,3.5741651566140304,439,10,Wet,2020,2020-10,"{""type"":""MultiPoint"",""coordinates"":[]}"
VHI_M_2020-10_000000000000000001b7,0.5443103873667097,2.7496834818900733,440,10,Wet,2020,2020-10,"{""type"":""MultiPoint"",""coordinates"":[]}"
VHI_M_2020-10_000000000000000001b8,0.6101336870168667,3.2354362776921204,441,10,Wet,2020,2020-10,"{""type"":""MultiPoint"",""coordinates"":[]}"
VHI_M_2020-10_000000000000000001b9,0.47961531282807546,2.3643501357708967,442,10,Wet,2020,2020-10,"{""type"":""MultiPoint"",""coordinates"":[]}"
VHI_M_2020-10_000000000000000001ba,0.4690218540412958,2.304670244216107,443,10,Wet,2020,2020-10,"{""type"":""MultiPoint"",""coordinates"":[]}"
VHI_M_2020-10_000000000000000001bb,0.5923818042953065,3.1076324158350723,444,10,Wet,2020,2020-10,"{""type"":""MultiPoint"",""coordinates"":[]}"
VHI_M_2020-10_00000000000000000221,0.5757487610102381,3.0,546,10,Wet,2020,2020-10,"{""type"":""MultiPoint"",""coordinates"":[]}"
VHI_M_2020-10_00000000000000000222,0.6096694599782345,3.2306742165222966,547,10,Wet,2020,2020-10,"{""type"":""MultiPoint"",""coordinates"":[]}"
VHI_M_2020-10_00000000000000000223,0.46324337501697394,2.2530919685553434,548,10,Wet,2020,2020-10,"{""type"":""MultiPoint"",""coordinates"":[]}"
VHI_M_2020-10_00000000000000000224,0.6196485028748936,3.2909008399619832,549,10,Wet,2020,2020-10,"{""type"":""MultiPoint"",""coordinates"":[]}"
VHI_M_2020-10_00000000000000000225,0.5706540438670655,2.9495799579958,550,10,Wet,2020,2020-10,"{""type"":""MultiPoint"",""coordinates"":[]}"
VHI_M_2020-10_00000000000000000053,0.5346226974058512,2.728154240869303,84,10,Wet,2020,2020-10,"{""type"":""MultiPoint"",""coordinates"":[]}"
VHI_M_2020-10_00000000000000000054,0.5011480706484092,2.528196699828547,85,10,Wet,2020,2020-10,"{""type"":""MultiPoint"",""coordinates"":[]}"
VHI_M_2020-10_00000000000000000055,0.5402003530097134,2.71932424422051,86,10,Wet,2020,2020-10,"{""type"":""MultiPoint"",""coordinates"":[]}"
VHI_M_2020-10_00000000000000000056,0.6340519525139766,3.4009511187339205,87,10,Wet,2020,2020-10,"{""type"":""MultiPoint"",""coordinates"":[]}"
VHI_M_2020-10_00000000000000000057,0.5080131505912058,2.56801883022276,88,10,Wet,2020,2020-10,"{""type"":""MultiPoint"",""coordinates"":[]}"
VHI_M_2020-10_000000000000000000de,0.48566965012572605,2.4055398314188916,223,10,Wet,2020,2020-10,"{""type"":""MultiPoint"",""coordinates"":[]}"
VHI_M_2020-10_000000000000000000df,26.572035785115702,3.376035623324583,224,10,Wet,2020,2020-10,"{""type"":""MultiPoint"",""coordinates"":[]}"
VHI_M_2020-10_000000000000000000e0,3.8756987522103814,3.153527862666323,225,10,Wet,2020,2020-10,"{""type"":""MultiPoint"",""coordinates"":[]}"
VHI_M_2020-10_000000000000000000e1,8.125048679244331,3.255111394171392,226,10,Wet,2020,2020-10,"{""type"":""MultiPoint"",""coordinates"":[]}"
VHI_M_2020-10_000000000000000000ff,0.6226393817434017,3.3115255897477778,256,10,Wet,2020,2020-10,"{""type"":""MultiPoint"",""coordinates"":[]}"
VHI_M_2020-10_0000000000000000011c,0.6266775894089739,3.307152594746887,285,10,Wet,2020,2020-10,"{""type"":""MultiPoint"",""coordinates"":[]}"
VHI_M_2020-10_0000000000000000011d,0.5611299379752336,2.891211898123494,286,10,Wet,2020,2020-10,"{""type"":""MultiPoint"",""coordinates"":[]}"
VHI_M_2020-10_0000000000000000011e,0.6700375594705702,3.636096431328305,287,10,Wet,2020,2020-10,"{""type"":""MultiPoint"",""coordinates"":[]}"
VHI_M_2020-10_0000000000000000011f,0.6250397600782337,3.29187645295175,288,10,Wet,2020,2020-10,"{""type"":""MultiPoint"",""coordinates"":[]}"
VHI_M_2020-10_000000000000000001c4,8.829159629386409,3.3987869681212244,453,10,Wet,2020,2020-10,"{""type"":""MultiPoint"",""coordinates"":[]}"
VHI_M_2020-10_000000000000000001c5,0.6483318847498004,3.512068263159427,454,10,Wet,2020,2020-10,"{""type"":""MultiPoint"",""coordinates"":[]}"
VHI_M_2020-10_000000000000000001c6,0.5969486198000862,3.1347856557471254,455,10,Wet,2020,2020-10,"{""type"":""MultiPoint"",""coordinates"":[]}"
VHI_M_2020-10_00000000000000000003,0.7098440199501148,2.652526462951868,4,10,Wet,2020,2020-10,"{""type"":""MultiPoint"",""coordinates"":[]}"
VHI_M_2020-10_0000000000000000001b,12.310872932482976,3.460283687943263,28,10,Wet,2020,2020-10,"{""type"":""MultiPoint"",""coordinates"":[]}"
VHI_M_2020-10_00000000000000000186,64.4008022425216,4.0213764894184605,391,10,Wet,2020,2020-10,"{""type"":""MultiPoint"",""coordinates"":[]}"
VHI_M_2020-10_00000000000000000187,0.5919165464495617,3.1012328405533767,392,10,Wet,2020,2020-10,"{""type"":""MultiPoint"",""coordinates"":[]}"
VHI_M_2020-10_00000000000000000188,2.8837464563766906,3.4494346251311847,393,10,Wet,2020,2020-10,"{""type"":""MultiPoint"",""coordinates"":[]}"
VHI_M_2020-10_00000000000000000189,3.6400300837976367,3.335299949615619,394,10,Wet,2020,2020-10,"{""type"":""MultiPoint"",""coordinates"":[]}"
VHI_M_2020-10_0000000000000000018a,0.6448669970475871,3.355378416257884,395,10,Wet,2020,2020-10,"{""type"":""MultiPoint"",""coordinates"":[]}"
VHI_M_2020-10_0000000000000000018f,0.7051424921891942,3.8545686900958476,400,10,Wet,2020,2020-10,"{""type"":""MultiPoint"",""coordinates"":[]}"
VHI_M_2020-10_00000000000000000190,0.5674615020841891,2.9935938915491125,401,10,Wet,2020,2020-10,"{""type"":""MultiPoint"",""coordinates"":[]}"
VHI_M_2020-10_0000000000000000021e,0.5429213545322173,2.773557642687584,543,10,Wet,2020,2020-10,"{""type"":""MultiPoint"",""coordinates"":[]}"
VHI_M_2020-10_0000000000000000021f,0.687308942103997,2.9786365012973635,544,10,Wet,2020,2020-10,"{""type"":""MultiPoint"",""coordinates"":[]}"
VHI_M_2020-10_00000000000000000220,0.5249989514709038,2.556716617045361,545,10,Wet,2020,2020-10,"{""type"":""MultiPoint"",""coordinates"":[]}"
VHI_M_2020-10_00000000000000000007,0.7011760533605225,3.819402031105745,8,10,Wet,2020,2020-10,"{""type"":""MultiPoint"",""coordinates"":[]}"
VHI_M_2020-10_0000000000000000000b,0.6838806726323153,3.682107666426339,12,10,Wet,2020,2020-10,"{""type"":""MultiPoint"",""coordinates"":[]}"
VHI_M_2020-10_00000000000000000012,0.6228607479039214,3.322256848873623,19,10,Wet,2020,2020-10,"{""type"":""MultiPoint"",""coordinates"":[]}"
VHI_M_2020-10_00000000000000000013,0.6349322646529085,3.3731304342669874,20,10,Wet,2020,2020-10,"{""type"":""MultiPoint"",""coordinates"":[]}"
VHI_M_2020-10_00000000000000000014,0.5532805521361608,2.808068894202806,21,10,Wet,2020,2020-10,"{""type"":""MultiPoint"",""coordinates"":[]}"
VHI_M_2020-10_00000000000000000015,0.5617892721980886,2.910606896021131,22,10,Wet,2020,2020-10,"{""type"":""MultiPoint"",""coordinates"":[]}"
VHI_M_2020-10_00000000000000000016,0.6083633395095913,3.1648142445197216,23,10,Wet,2020,2020-10,"{""type"":""MultiPoint"",""coordinates"":[]}"
VHI_M_2020-10_00000000000000000183,0.6266360349199169,3.339361258462101,388,10,Wet,2020,2020-10,"{""type"":""MultiPoint"",""coordinates"":[]}"
VHI_M_2020-10_00000000000000000184,0.6114808500595346,3.234308455604585,389,10,Wet,2020,2020-10,"{""type"":""MultiPoint"",""coordinates"":[]}"
VHI_M_2020-10_00000000000000000185,4.962294982230718,2.9536250342473376,390,10,Wet,2020,2020-10,"{""type"":""MultiPoint"",""coordinates"":[]}"
VHI_M_2020-10_00000000000000000212,0.3726181260723797,1.5162166611787946,531,10,Wet,2020,2020-10,"{""type"":""MultiPoint"",""coordinates"":[]}"
VHI_M_2020-10_00000000000000000213,0.649212391520639,3.5119142419601834,532,10,Wet,2020,2020-10,"{""type"":""MultiPoint"",""coordinates"":[]}"
VHI_M_2020-10_00000000000000000214,0.4767605719363141,2.3462782538044986,533,10,Wet,2020,2020-10,"{""type"":""MultiPoint"",""coordinates"":[]}"
VHI_M_2020-10_00000000000000000215,0.5569307160422741,2.8843423797280168,534,10,Wet,2020,2020-10,"{""type"":""MultiPoint"",""coordinates"":[]}"
VHI_M_2020-10_0000000000000000005a,75.21602722969455,4.476810798085221,91,10,Wet,2020,2020-10,"{""type"":""MultiPoint"",""coordinates"":[]}"
VHI_M_2020-10_00000000000000000118,53.155137850323214,3.960166925290389,281,10,Wet,2020,2020-10,"{""type"":""MultiPoint"",""coordinates"":[]}"
VHI_M_2020-10_00000000000000000119,8.586276718705541,4.15433020279466,282,10,Wet,2020,2020-10,"{""type"":""MultiPoint"",""coordinates"":[]}"
VHI_M_2020-10_0000000000000000011a,3.999697583516927,4.131143356376147,283,10,Wet,2020,2020-10,"{""type"":""MultiPoint"",""coordinates"":[]}"
VHI_M_2020-10_0000000000000000011b,0.7860315277283194,4.223061602911889,284,10,Wet,2020,2020-10,"{""type"":""MultiPoint"",""coordinates"":[]}"
VHI_M_2020-10_00000000000000000141,10.27163564819984,3.561230961919826,322,10,Wet,2020,2020-10,"{""type"":""MultiPoint"",""coordinates"":[]}"
VHI_M_2020-10_00000000000000000142,54.37867298993946,4.121210242420484,323,10,Wet,2020,2020-10,"{""type"":""MultiPoint"",""coordinates"":[]}"
VHI_M_2020-10_00000000000000000143,13.79915447555507,3.8490046927630837,324,10,Wet,2020,2020-10,"{""type"":""MultiPoint"",""coordinates"":[]}"
VHI_M_2020-10_00000000000000000144,48.946414899448925,3.9289958585289457,325,10,Wet,2020,2020-10,"{""type"":""MultiPoint"",""coordinates"":[]}"
VHI_M_2020-10_00000000000000000145,35.22979226571865,4.199787905766953,326,10,Wet,2020,2020-10,"{""type"":""MultiPoint"",""coordinates"":[]}"
VHI_M_2020-10_000000000000000001af,85.95155756556055,3.898921832884097,432,10,Wet,2020,2020-10,"{""type"":""MultiPoint"",""coordinates"":[]}"
VHI_M_2020-10_0000000000000000004b,0.7404090324624916,4.004771167467977,76,10,Wet,2020,2020-10,"{""type"":""MultiPoint"",""coordinates"":[]}"
VHI_M_2020-10_0000000000000000004c,0.65036967977917,3.5457238878570796,77,10,Wet,2020,2020-10,"{""type"":""MultiPoint"",""coordinates"":[]}"
VHI_M_2020-10_0000000000000000004d,0.6737431260942419,3.6607048764161982,78,10,Wet,2020,2020-10,"{""type"":""MultiPoint"",""coordinates"":[]}"
VHI_M_2020-10_0000000000000000004e,0.6217229979032051,3.308608787429408,79,10,Wet,2020,2020-10,"{""type"":""MultiPoint"",""coordinates"":[]}"
VHI_M_2020-10_0000000000000000004f,0.6517613547752807,3.5416395896600825,80,10,Wet,2020,2020-10,"{""type"":""MultiPoint"",""coordinates"":[]}"
VHI_M_2020-10_00000000000000000050,0.7577919061480981,4.206784083496411,81,10,Wet,2020,2020-10,"{""type"":""MultiPoint"",""coordinates"":[]}"
VHI_M_2020-10_00000000000000000051,0.5611597530903019,2.9208443271767814,82,10,Wet,2020,2020-10,"{""type"":""MultiPoint"",""coordinates"":[]}"
VHI_M_2020-10_00000000000000000052,0.5952339540632658,3.077642930252961,83,10,Wet,2020,2020-10,"{""type"":""MultiPoint"",""coordinates"":[]}"
VHI_M_2020-10_000000000000000000aa,0.5300631980986622,2.723129439985238,171,10,Wet,2020,2020-10,"{""type"":""MultiPoint"",""coordinates"":[]}"
VHI_M_2020-10_000000000000000000ab,0.6682910712429131,3.6456548758325025,172,10,Wet,2020,2020-10,"{""type"":""MultiPoint"",""coordinates"":[]}"
VHI_M_2020-10_000000000000000000ac,0.687479139228556,3.770550400131495,173,10,Wet,2020,2020-10,"{""type"":""MultiPoint"",""coordinates"":[]}"
VHI_M_2020-10_000000000000000000ad,0.6568731710465852,3.543618490791759,174,10,Wet,2020,2020-10,"{""type"":""MultiPoint"",""coordinates"":[]}"
VHI_M_2020-10_000000000000000000ae,0.4363434623605345,1.85307861462342,175,10,Wet,2020,2020-10,"{""type"":""MultiPoint"",""coordinates"":[]}"
VHI_M_2020-10_000000000000000000af,0.6624658902478283,3.6260310913705576,176,10,Wet,2020,2020-10,"{""type"":""MultiPoint"",""coordinates"":[]}"
VHI_M_2020-10_000000000000000000b0,0.7743056593811134,4.447688180527063,177,10,Wet,2020,2020-10,"{""type"":""MultiPoint"",""coordinates"":[]}"
VHI_M_2020-10_000000000000000001c7,0.5745231117514701,2.9970348406226837,456,10,Wet,2020,2020-10,"{""type"":""MultiPoint"",""coordinates"":[]}"
VHI_M_2020-10_000000000000000001c8,0.6306861202400769,3.372402146012835,457,10,Wet,2020,2020-10,"{""type"":""MultiPoint"",""coordinates"":[]}"
VHI_M_2020-10_000000000000000001c9,0.5490485841014272,2.8360597190684524,458,10,Wet,2020,2020-10,"{""type"":""MultiPoint"",""coordinates"":[]}"
VHI_M_2020-10_000000000000000001ca,0.5356779850882707,2.7131879028259784,459,10,Wet,2020,2020-10,"{""type"":""MultiPoint"",""coordinates"":[]}"
VHI_M_2020-10_0000000000000000020a,0.6282600292447575,3.2995274069474627,523,10,Wet,2020,2020-10,"{""type"":""MultiPoint"",""coordinates"":[]}"
VHI_M_2020-10_0000000000000000020b,1.0497747723355955,3.6306403838339514,524,10,Wet,2020,2020-10,"{""type"":""MultiPoint"",""coordinates"":[]}"
VHI_M_2020-10_0000000000000000020c,0.7387693399949868,4.102101406552681,525,10,Wet,2020,2020-10,"{""type"":""MultiPoint"",""coordinates"":[]}"
VHI_M_2020-10_000000000000000001ab,0.5481428991932417,2.8136875591092765,428,10,Wet,2020,2020-10,"{""type"":""MultiPoint"",""coordinates"":[]}"
VHI_M_2020-10_000000000000000001ac,0.5220653538197663,2.651578618517527,429,10,Wet,2020,2020-10,"{""type"":""MultiPoint"",""coordinates"":[]}"
VHI_M_2020-10_000000000000000001ad,9.230675483376723,3.1930092907319256,430,10,Wet,2020,2020-10,"{""type"":""MultiPoint"",""coordinates"":[]}"
VHI_M_2020-10_000000000000000001ae,45.48333762688147,3.083687119755192,431,10,Wet,2020,2020-10,"{""type"":""MultiPoint"",""coordinates"":[]}"
VHI_M_2020-10_000000000000000001c3,39.09747931167085,3.4036000682477385,452,10,Wet,2020,2020-10,"{""type"":""MultiPoint"",""coordinates"":[]}"
VHI_M_2020-10_00000000000000000037,0.4778329912540078,2.363719612281215,56,10,Wet,2020,2020-10,"{""type"":""MultiPoint"",""coordinates"":[]}"
VHI_M_2020-10_00000000000000000038,0.5090925305170828,2.565945244922484,57,10,Wet,2020,2020-10,"{""type"":""MultiPoint"",""coordinates"":[]}"
VHI_M_2020-10_00000000000000000039,0.4490163574176314,2.2219200862960133,58,10,Wet,2020,2020-10,"{""type"":""MultiPoint"",""coordinates"":[]}"
VHI_M_2020-10_0000000000000000003a,0.4990853453996909,2.513043839381445,59,10,Wet,2020,2020-10,"{""type"":""MultiPoint"",""coordinates"":[]}"
VHI_M_2020-10_0000000000000000003b,0.4463313577381287,2.1751548767489783,60,10,Wet,2020,2020-10,"{""type"":""MultiPoint"",""coordinates"":[]}"
VHI_M_2020-10_0000000000000000003c,0.5647622765939759,2.920233427472056,61,10,Wet,2020,2020-10,"{""type"":""MultiPoint"",""coordinates"":[]}"
VHI_M_2020-10_0000000000000000003d,0.5351466277825481,2.7931371967495098,62,10,Wet,2020,2020-10,"{""type"":""MultiPoint"",""coordinates"":[]}"
VHI_M_2020-10_0000000000000000003e,10.429828051683401,2.675397530733678,63,10,Wet,2020,2020-10,"{""type"":""MultiPoint"",""coordinates"":[]}"
VHI_M_2020-10_0000000000000000003f,0.5233282853455484,2.6546663832651385,64,10,Wet,2020,2020-10,"{""type"":""MultiPoint"",""coordinates"":[]}"
VHI_M_2020-10_00000000000000000044,0.44864075116544017,2.086482437156651,69,10,Wet,2020,2020-10,"{""type"":""MultiPoint"",""coordinates"":[]}"
VHI_M_2020-10_00000000000000000076,0.47351900292678334,2.3196658734398543,119,10,Wet,2020,2020-10,"{""type"":""MultiPoint"",""coordinates"":[]}"
VHI_M_2020-10_00000000000000000077,5.751108226811058,2.1836636971046786,120,10,Wet,2020,2020-10,"{""type"":""MultiPoint"",""coordinates"":[]}"
VHI_M_2020-10_00000000000000000078,0.4901238623491258,2.4688582726183754,121,10,Wet,2020,2020-10,"{""type"":""MultiPoint"",""coordinates"":[]}"
VHI_M_2020-10_00000000000000000079,0.5543200369649537,2.880088635644191,122,10,Wet,2020,2020-10,"{""type"":""MultiPoint"",""coordinates"":[]}"
VHI_M_2020-10_0000000000000000008b,0.1749958442368353,1.6127482678983838,140,10,Wet,2020,2020-10,"{""type"":""MultiPoint"",""coordinates"":[]}"
VHI_M_2020-10_0000000000000000008c,1.4971671970057168,2.3607027900112705,141,10,Wet,2020,2020-10,"{""type"":""MultiPoint"",""coordinates"":[]}"
VHI_M_2020-10_0000000000000000008d,9.844031690261707,2.2516293841480253,142,10,Wet,2020,2020-10,"{""type"":""MultiPoint"",""coordinates"":[]}"
VHI_M_2020-10_0000000000000000008e,0.48310744350563,2.381827718378051,143,10,Wet,2020,2020-10,"{""type"":""MultiPoint"",""coordinates"":[]}"
VHI_M_2020-10_0000000000000000008f,0.6216844534728583,3.3439258911819874,144,10,Wet,2020,2020-10,"{""type"":""MultiPoint"",""coordinates"":[]}"
VHI_M_2020-10_00000000000000000090,0.46304614526762056,2.3435558627419075,145,10,Wet,2020,2020-10,"{""type"":""MultiPoint"",""coordinates"":[]}"
VHI_M_2020-10_00000000000000000091,0.5203051352865871,2.658561558181703,146,10,Wet,2020,2020-10,"{""type"":""MultiPoint"",""coordinates"":[]}"
VHI_M_2020-10_000000000000000000b5,36.122824511492404,2.959954807933718,182,10,Wet,2020,2020-10,"{""type"":""MultiPoint"",""coordinates"":[]}"
VHI_M_2020-10_000000000000000000cc,8.88671561511091,2.655850581347407,205,10,Wet,2020,2020-10,"{""type"":""MultiPoint"",""coordinates"":[]}"
VHI_M_2020-10_000000000000000000cd,0.7500582209383183,2.337146932187209,206,10,Wet,2020,2020-10,"{""type"":""MultiPoint"",""coordinates"":[]}"
VHI_M_2020-10_000000000000000001dd,0.49441338246938527,2.486341230720307,478,10,Wet,2020,2020-10,"{""type"":""MultiPoint"",""coordinates"":[]}"
VHI_M_2020-10_000000000000000001de,0.5471895901114766,2.8033643753786337,479,10,Wet,2020,2020-10,"{""type"":""MultiPoint"",""coordinates"":[]}"
VHI_M_2020-10_000000000000000001df,0.42976939086631616,2.008374798222696,480,10,Wet,2020,2020-10,"{""type"":""MultiPoint"",""coordinates"":[]}"
VHI_M_2020-10_000000000000000001e0,0.5448981840054032,2.7984710659437884,481,10,Wet,2020,2020-10,"{""type"":""MultiPoint"",""coordinates"":[]}"
VHI_M_2020-10_000000000000000001e1,0.6020791892970827,3.215504816809528,482,10,Wet,2020,2020-10,"{""type"":""MultiPoint"",""coordinates"":[]}"
VHI_M_2020-10_0000000000000000007a,0.4678989531651187,2.310499458790784,123,10,Wet,2020,2020-10,"{""type"":""MultiPoint"",""coordinates"":[]}"
VHI_M_2020-10_0000000000000000007b,0.423173462559631,1.9958044146091711,124,10,Wet,2020,2020-10,"{""type"":""MultiPoint"",""coordinates"":[]}"
VHI_M_2020-10_0000000000000000007c,0.42220082202810844,2.1591902388912416,125,10,Wet,2020,2020-10,"{""type"":""MultiPoint"",""coordinates"":[]}"
VHI_M_2020-10_0000000000000000007d,0.41772758492451,1.9648226343024386,126,10,Wet,2020,2020-10,"{""type"":""MultiPoint"",""coordinates"":[]}"
VHI_M_2020-10_0000000000000000007e,19.345240301267218,2.3899830876379933,127,10,Wet,2020,2020-10,"{""type"":""MultiPoint"",""coordinates"":[]}"
VHI_M_2020-10_0000000000000000007f,13.844298542275816,2.3034360679603636,128,10,Wet,2020,2020-10,"{""type"":""MultiPoint"",""coordinates"":[]}"
VHI_M_2020-10_00000000000000000080,0.4482560025731869,2.189125912344417,129,10,Wet,2020,2020-10,"{""type"":""MultiPoint"",""coordinates"":[]}"
VHI_M_2020-10_00000000000000000088,4.449550194658553,2.1374431646385634,137,10,Wet,2020,2020-10,"{""type"":""MultiPoint"",""coordinates"":[]}"
VHI_M_2020-10_00000000000000000089,0.43274708462370004,2.143760874593931,138,10,Wet,2020,2020-10,"{""type"":""MultiPoint"",""coordinates"":[]}"
VHI_M_2020-10_0000000000000000008a,0.4228084660417511,2.0799264466960086,139,10,Wet,2020,2020-10,"{""type"":""MultiPoint"",""coordinates"":[]}"
VHI_M_2020-10_00000000000000000099,0.45635863911092217,2.338604014680686,154,10,Wet,2020,2020-10,"{""type"":""MultiPoint"",""coordinates"":[]}"
VHI_M_2020-10_0000000000000000009a,2.7073058184645467,2.277445589138294,155,10,Wet,2020,2020-10,"{""type"":""MultiPoint"",""coordinates"":[]}"
VHI_M_2020-10_00000000000000000112,0.47452679843812773,2.342723004694836,275,10,Wet,2020,2020-10,"{""type"":""MultiPoint"",""coordinates"":[]}"
VHI_M_2020-10_000000000000000001d8,0.2281425517446316,1.5410372752857389,473,10,Wet,2020,2020-10,"{""type"":""MultiPoint"",""coordinates"":[]}"
VHI_M_2020-10_00000000000000000001,0.689956093348269,3.7491039426523307,2,10,Wet,2020,2020-10,"{""type"":""MultiPoint"",""coordinates"":[]}"
VHI_M_2020-10_00000000000000000030,0.6310476303160741,3.3783663987610515,49,10,Wet,2020,2020-10,"{""type"":""MultiPoint"",""coordinates"":[]}"
VHI_M_2020-10_00000000000000000031,0.6398475587013113,3.4254251040251953,50,10,Wet,2020,2020-10,"{""type"":""MultiPoint"",""coordinates"":[]}"
VHI_M_2020-10_00000000000000000032,0.6828379268135613,3.822459196548496,51,10,Wet,2020,2020-10,"{""type"":""MultiPoint"",""coordinates"":[]}"
VHI_M_2020-10_000000000000000000d7,0.6804242339631206,3.703434307965313,216,10,Wet,2020,2020-10,"{""type"":""MultiPoint"",""coordinates"":[]}"
VHI_M_2020-10_000000000000000000d8,0.7342058849687223,4.060721622264376,217,10,Wet,2020,2020-10,"{""type"":""MultiPoint"",""coordinates"":[]}"
VHI_M_2020-10_000000000000000000d9,0.6332769859280286,3.389143732639046,218,10,Wet,2020,2020-10,"{""type"":""MultiPoint"",""coordinates"":[]}"
VHI_M_2020-10_000000000000000000da,0.7388980093132789,4.083263701155077,219,10,Wet,2020,2020-10,"{""type"":""MultiPoint"",""coordinates"":[]}"
VHI_M_2020-10_00000000000000000132,0.6351422647878971,3.4062943153697898,307,10,Wet,2020,2020-10,"{""type"":""MultiPoint"",""coordinates"":[]}"
VHI_M_2020-10_00000000000000000133,81.87295519541244,4.538804434792549,308,10,Wet,2020,2020-10,"{""type"":""MultiPoint"",""coordinates"":[]}"
VHI_M_2020-10_00000000000000000134,0.6511386773061077,3.503356173005039,309,10,Wet,2020,2020-10,"{""type"":""MultiPoint"",""coordinates"":[]}"
VHI_M_2020-10_00000000000000000135,24.758796096512516,3.9321727608644284,310,10,Wet,2020,2020-10,"{""type"":""MultiPoint"",""coordinates"":[]}"
VHI_M_2020-10_0000000000000000001f,0.6667192272542055,3.6166486757549277,32,10,Wet,2020,2020-10,"{""type"":""MultiPoint"",""coordinates"":[]}"
VHI_M_2020-10_00000000000000000020,0.6466425046666046,3.4916799378942813,33,10,Wet,2020,2020-10,"{""type"":""MultiPoint"",""coordinates"":[]}"
VHI_M_2020-10_00000000000000000021,0.653908502608545,3.5301118811519125,34,10,Wet,2020,2020-10,"{""type"":""MultiPoint"",""coordinates"":[]}"
VHI_M_2020-10_00000000000000000045,0.5861509284451697,3.081131420838177,70,10,Wet,2020,2020-10,"{""type"":""MultiPoint"",""coordinates"":[]}"
VHI_M_2020-10_00000000000000000046,0.7295345331583348,4.016875571918028,71,10,Wet,2020,2020-10,"{""type"":""MultiPoint"",""coordinates"":[]}"
VHI_M_2020-10_00000000000000000047,0.6783165179562192,3.679740993866115,72,10,Wet,2020,2020-10,"{""type"":""MultiPoint"",""coordinates"":[]}"
VHI_M_2020-10_00000000000000000048,0.5674596651594461,2.952875758651913,73,10,Wet,2020,2020-10,"{""type"":""MultiPoint"",""coordinates"":[]}"
VHI_M_2020-10_00000000000000000072,0.6337730541637419,3.390124006328535,115,10,Wet,2020,2020-10,"{""type"":""MultiPoint"",""coordinates"":[]}"
VHI_M_2020-10_00000000000000000073,0.5920090628511416,3.125959056659283,116,10,Wet,2020,2020-10,"{""type"":""MultiPoint"",""coordinates"":[]}"
VHI_M_2020-10_00000000000000000074,0.7189839534768161,3.950322065594208,117,10,Wet,2020,2020-10,"{""type"":""MultiPoint"",""coordinates"":[]}"
VHI_M_2020-10_00000000000000000075,0.6027298047732483,3.194117303915532,118,10,Wet,2020,2020-10,"{""type"":""MultiPoint"",""coordinates"":[]}"
VHI_M_2020-10_000000000000000000b4,0.6167046313156591,3.2900637453751167,181,10,Wet,2020,2020-10,"{""type"":""MultiPoint"",""coordinates"":[]}"
VHI_M_2020-10_000000000000000000e8,0.6685128350245306,3.566133968038083,233,10,Wet,2020,2020-10,"{""type"":""MultiPoint"",""coordinates"":[]}"
VHI_M_2020-10_000000000000000000e9,0.6508434983474046,3.517763640719293,234,10,Wet,2020,2020-10,"{""type"":""MultiPoint"",""coordinates"":[]}"
VHI_M_2020-10_000000000000000000ea,0.592871740833534,3.1343033374362883,235,10,Wet,2020,2020-10,"{""type"":""MultiPoint"",""coordinates"":[]}"
VHI_M_2020-10_00000000000000000022,0.6025829989842626,3.203938305514474,35,10,Wet,2020,2020-10,"{""type"":""MultiPoint"",""coordinates"":[]}"
VHI_M_2020-10_00000000000000000023,0.6598999790973953,3.576445765109984,36,10,Wet,2020,2020-10,"{""type"":""MultiPoint"",""coordinates"":[]}"
VHI_M_2020-10_00000000000000000024,0.627285879311856,3.3598847508138263,37,10,Wet,2020,2020-10,"{""type"":""MultiPoint"",""coordinates"":[]}"
VHI_M_2020-10_00000000000000000025,0.5743335310458952,3.004660847607339,38,10,Wet,2020,2020-10,"{""type"":""MultiPoint"",""coordinates"":[]}"
VHI_M_2020-10_000000000000000000f0,0.6260118784824166,3.4384887114114577,241,10,Wet,2020,2020-10,"{""type"":""MultiPoint"",""coordinates"":[]}"
VHI_M_2020-10_000000000000000000f4,0.5072992606864647,2.5527860841400973,245,10,Wet,2020,2020-10,"{""type"":""MultiPoint"",""coordinates"":[]}"
VHI_M_2020-10_000000000000000000f5,0.5684581197477981,2.9655404588258394,246,10,Wet,2020,2020-10,"{""type"":""MultiPoint"",""coordinates"":[]}"
VHI_M_2020-10_000000000000000000f6,0.625740852419248,3.3253954346816372,247,10,Wet,2020,2020-10,"{""type"":""MultiPoint"",""coordinates"":[]}"
VHI_M_2020-10_000000000000000000f7,0.5933626231149824,3.1325339961982723,248,10,Wet,2020,2020-10,"{""type"":""MultiPoint"",""coordinates"":[]}"
VHI_M_2020-10_000000000000000000f8,0.6238870756739425,3.324795626482945,249,10,Wet,2020,2020-10,"{""type"":""MultiPoint"",""coordinates"":[]}"
VHI_M_2020-10_00000000000000000000,0.6513101853100373,3.478018722597465,1,10,Wet,2020,2020-10,"{""type"":""MultiPoint"",""coordinates"":[]}"
VHI_M_2020-10_000000000000000000f2,0.6078635474780152,3.227905061286155,243,10,Wet,2020,2020-10,"{""type"":""MultiPoint"",""coordinates"":[]}"
VHI_M_2020-10_000000000000000000f3,0.6801430197822769,3.7031117270792446,244,10,Wet,2020,2020-10,"{""type"":""MultiPoint"",""coordinates"":[]}"
VHI_M_2020-10_00000000000000000106,0.6129432307795211,3.2520857292211183,263,10,Wet,2020,2020-10,"{""type"":""MultiPoint"",""coordinates"":[]}"
VHI_M_2020-10_00000000000000000107,0.6687233549810532,3.6319316438659617,264,10,Wet,2020,2020-10,"{""type"":""MultiPoint"",""coordinates"":[]}"
VHI_M_2020-10_00000000000000000108,0.5241388293262558,2.6646486215218235,265,10,Wet,2020,2020-10,"{""type"":""MultiPoint"",""coordinates"":[]}"
VHI_M_2020-10_0000000000000000012c,0.5609701657680652,2.9107079207190045,301,10,Wet,2020,2020-10,"{""type"":""MultiPoint"",""coordinates"":[]}"
VHI_M_2020-10_0000000000000000012d,0.6067295854428817,3.21473448330533,302,10,Wet,2020,2020-10,"{""type"":""MultiPoint"",""coordinates"":[]}"
VHI_M_2020-10_0000000000000000012e,0.6724765099300911,3.6579848911302086,303,10,Wet,2020,2020-10,"{""type"":""MultiPoint"",""coordinates"":[]}"
VHI_M_2020-10_000000000000000000a5,0.6901571849141949,3.820079527135948,166,10,Wet,2020,2020-10,"{""type"":""MultiPoint"",""coordinates"":[]}"
VHI_M_2020-10_000000000000000000a6,0.6185461811578092,3.318591987827473,167,10,Wet,2020,2020-10,"{""type"":""MultiPoint"",""coordinates"":[]}"
VHI_M_2020-10_000000000000000000c1,45.91006734850661,3.3231791623924,194,10,Wet,2020,2020-10,"{""type"":""MultiPoint"",""coordinates"":[]}"
VHI_M_2020-10_00000000000000000120,2.922911550522224,3.932731908217298,289,10,Wet,2020,2020-10,"{""type"":""MultiPoint"",""coordinates"":[]}"
VHI_M_2020-10_000000000000000001d9,5.648341884673971,3.243340817804361,474,10,Wet,2020,2020-10,"{""type"":""MultiPoint"",""coordinates"":[]}"
VHI_M_2020-10_000000000000000001da,0.7080375879159312,3.8833914327253933,475,10,Wet,2020,2020-10,"{""type"":""MultiPoint"",""coordinates"":[]}"
VHI_M_2020-10_000000000000000001db,0.645372224560789,3.4858189635980854,476,10,Wet,2020,2020-10,"{""type"":""MultiPoint"",""coordinates"":[]}"
VHI_M_2020-10_000000000000000001dc,0.675609786493071,3.6949594222321496,477,10,Wet,2020,2020-10,"{""type"":""MultiPoint"",""coordinates"":[]}"
VHI_M_2020-10_000000000000000001e2,54.61264196328542,2.9700370328807084,483,10,Wet,2020,2020-10,"{""type"":""MultiPoint"",""coordinates"":[]}"
VHI_M_2020-10_000000000000000001e3,4.575838048498351,2.8152692515347217,484,10,Wet,2020,2020-10,"{""type"":""MultiPoint"",""coordinates"":[]}"
VHI_M_2020-10_000000000000000001e4,80.53478057684148,3.353263850795392,485,10,Wet,2020,2020-10,"{""type"":""MultiPoint"",""coordinates"":[]}"
VHI_M_2020-10_000000000000000001e5,26.58320295903458,2.4973372781065097,486,10,Wet,2020,2020-10,"{""type"":""MultiPoint"",""coordinates"":[]}"
VHI_M_2020-10_000000000000000001e6,1.0897233123619996,2.5376287618662907,487,10,Wet,2020,2020-10,"{""type"":""MultiPoint"",""coordinates"":[]}"
VHI_M_2020-10_000000000000000001e7,16.197922144798163,3.9799368999911655,488,10,Wet,2020,2020-10,"{""type"":""MultiPoint"",""coordinates"":[]}"
VHI_M_2020-10_000000000000000001e8,0.5718468801847713,2.9954661485122114,489,10,Wet,2020,2020-10,"{""type"":""MultiPoint"",""coordinates"":[]}"
VHI_M_2020-10_000000000000000001e9,58.75007861037677,3.3988544967097245,490,10,Wet,2020,2020-10,"{""type"":""MultiPoint"",""coordinates"":[]}"
VHI_M_2020-10_000000000000000000e2,0.4181735696730502,2.030799132839949,227,10,Wet,2020,2020-10,"{""type"":""MultiPoint"",""coordinates"":[]}"
VHI_M_2020-10_000000000000000000e3,0.4218509803148575,1.9622266094354277,228,10,Wet,2020,2020-10,"{""type"":""MultiPoint"",""coordinates"":[]}"
VHI_M_2020-10_000000000000000000e4,25.291810844305985,2.876609639440765,229,10,Wet,2020,2020-10,"{""type"":""MultiPoint"",""coordinates"":[]}"
VHI_M_2020-10_000000000000000000e5,1.1366845929573925,2.327753270386921,230,10,Wet,2020,2020-10,"{""type"":""MultiPoint"",""coordinates"":[]}"
VHI_M_2020-10_000000000000000000e6,0.35822574667365065,1.5068754774637128,231,10,Wet,2020,2020-10,"{""type"":""MultiPoint"",""coordinates"":[]}"
VHI_M_2020-10_000000000000000000e7,0.45555139355643604,2.3358302122347063,232,10,Wet,2020,2020-10,"{""type"":""MultiPoint"",""coordinates"":[]}"
VHI_M_2020-10_0000000000000000017f,0.49927743377836103,2.5233410402805965,384,10,Wet,2020,2020-10,"{""type"":""MultiPoint"",""coordinates"":[]}"
VHI_M_2020-10_00000000000000000180,0.5891947661588633,3.1155556832076425,385,10,Wet,2020,2020-10,"{""type"":""MultiPoint"",""coordinates"":[]}"
VHI_M_2020-10_00000000000000000203,0.5376341815232537,2.795090948937102,516,10,Wet,2020,2020-10,"{""type"":""MultiPoint"",""coordinates"":[]}"
VHI_M_2020-10_00000000000000000204,0.4608055534319555,2.2593709266081046,517,10,Wet,2020,2020-10,"{""type"":""MultiPoint"",""coordinates"":[]}"
VHI_M_2020-10_00000000000000000205,0.44702421489955285,2.148687321932781,518,10,Wet,2020,2020-10,"{""type"":""MultiPoint"",""coordinates"":[]}"
VHI_M_2020-10_00000000000000000206,0.3723505109250123,1.7773208517765273,519,10,Wet,2020,2020-10,"{""type"":""MultiPoint"",""coordinates"":[]}"
VHI_M_2020-10_00000000000000000207,0.4051316116330435,1.9218922427783187,520,10,Wet,2020,2020-10,"{""type"":""MultiPoint"",""coordinates"":[]}"
VHI_M_2020-10_00000000000000000208,0.37964142679368884,1.84945917913765,521,10,Wet,2020,2020-10,"{""type"":""MultiPoint"",""coordinates"":[]}"
VHI_M_2020-10_00000000000000000209,0.4861365457838255,2.4620506852857518,522,10,Wet,2020,2020-10,"{""type"":""MultiPoint"",""coordinates"":[]}"
VHI_M_2020-10_0000000000000000000e,0.47471558778592104,2.3819668275947943,15,10,Wet,2020,2020-10,"{""type"":""MultiPoint"",""coordinates"":[]}"
VHI_M_2020-10_00000000000000000124,0.3515499468048344,1.586273140062871,293,10,Wet,2020,2020-10,"{""type"":""MultiPoint"",""coordinates"":[]}"
VHI_M_2020-10_00000000000000000125,13.416299386984413,1.9250702496379626,294,10,Wet,2020,2020-10,"{""type"":""MultiPoint"",""coordinates"":[]}"
VHI_M_2020-10_00000000000000000126,0.4664817627872844,2.314519461923081,295,10,Wet,2020,2020-10,"{""type"":""MultiPoint"",""coordinates"":[]}"
VHI_M_2020-10_00000000000000000127,0.41378041315928377,2.010433056243964,296,10,Wet,2020,2020-10,"{""type"":""MultiPoint"",""coordinates"":[]}"
VHI_M_2020-10_00000000000000000128,0.49052355795099567,2.3867966326982724,297,10,Wet,2020,2020-10,"{""type"":""MultiPoint"",""coordinates"":[]}"
VHI_M_2020-10_00000000000000000129,0.4403172795445544,2.084300342742875,298,10,Wet,2020,2020-10,"{""type"":""MultiPoint"",""coordinates"":[]}"
VHI_M_2020-10_0000000000000000012a,0.41400921194284934,1.9231312234269227,299,10,Wet,2020,2020-10,"{""type"":""MultiPoint"",""coordinates"":[]}"
VHI_M_2020-10_0000000000000000012b,0.5111907401967077,2.5835689742189283,300,10,Wet,2020,2020-10,"{""type"":""MultiPoint"",""coordinates"":[]}"
VHI_M_2020-10_00000000000000000174,0.5221246648717996,2.655021224307418,373,10,Wet,2020,2020-10,"{""type"":""MultiPoint"",""coordinates"":[]}"
VHI_M_2020-10_00000000000000000175,0.5573288733920523,2.8856352632972184,374,10,Wet,2020,2020-10,"{""type"":""MultiPoint"",""coordinates"":[]}"
VHI_M_2020-10_00000000000000000176,0.48150797942723317,2.3771193335285887,375,10,Wet,2020,2020-10,"{""type"":""MultiPoint"",""coordinates"":[]}"
VHI_M_2020-10_00000000000000000177,0.5664490030293828,2.948611733094491,376,10,Wet,2020,2020-10,"{""type"":""MultiPoint"",""coordinates"":[]}"
VHI_M_2020-10_00000000000000000195,0.44516343760747046,2.1917517774008455,406,10,Wet,2020,2020-10,"{""type"":""MultiPoint"",""coordinates"":[]}"
VHI_M_2020-10_00000000000000000196,0.45606030857476004,2.207999527163897,407,10,Wet,2020,2020-10,"{""type"":""MultiPoint"",""coordinates"":[]}"
VHI_M_2020-10_00000000000000000197,3.2517372525937582,2.5322473570373125,408,10,Wet,2020,2020-10,"{""type"":""MultiPoint"",""coordinates"":[]}"
VHI_M_2020-10_00000000000000000198,0.4380500871953308,2.06908448508781,409,10,Wet,2020,2020-10,"{""type"":""MultiPoint"",""coordinates"":[]}"
VHI_M_2020-10_00000000000000000199,0.5155174273194585,2.5967640070975313,410,10,Wet,2020,2020-10,"{""type"":""MultiPoint"",""coordinates"":[]}"
VHI_M_2020-10_00000000000000000035,0.4245437069760254,2.1124503311258276,54,10,Wet,2020,2020-10,"{""type"":""MultiPoint"",""coordinates"":[]}"
VHI_M_2020-10_000000000000000000ce,0.5791295001054445,3.024765933309586,207,10,Wet,2020,2020-10,"{""type"":""MultiPoint"",""coordinates"":[]}"
VHI_M_2020-10_000000000000000000cf,0.49284550829380697,2.428001458198316,208,10,Wet,2020,2020-10,"{""type"":""MultiPoint"",""coordinates"":[]}"
VHI_M_2020-10_000000000000000000d0,3.3123345323756253,2.697302090416314,209,10,Wet,2020,2020-10,"{""type"":""MultiPoint"",""coordinates"":[]}"
VHI_M_2020-10_000000000000000000d1,27.24720460090002,3.2605884526620224,210,10,Wet,2020,2020-10,"{""type"":""MultiPoint"",""coordinates"":[]}"
VHI_M_2020-10_000000000000000001ea,0.5757903052037443,2.976783639961617,491,10,Wet,2020,2020-10,"{""type"":""MultiPoint"",""coordinates"":[]}"
VHI_M_2020-10_000000000000000001eb,0.5080976481285895,2.5718297831965473,492,10,Wet,2020,2020-10,"{""type"":""MultiPoint"",""coordinates"":[]}"
VHI_M_2020-10_000000000000000001ec,0.48034713009475005,2.4129230087187836,493,10,Wet,2020,2020-10,"{""type"":""MultiPoint"",""coordinates"":[]}"
VHI_M_2020-10_000000000000000001ed,0.5463426929356229,2.8393745059242312,494,10,Wet,2020,2020-10,"{""type"":""MultiPoint"",""coordinates"":[]}"
VHI_M_2020-10_000000000000000001f4,8.982509538018801,2.9709738116536615,501,10,Wet,2020,2020-10,"{""type"":""MultiPoint"",""coordinates"":[]}"
VHI_M_2020-10_000000000000000001f5,0.39095680555877177,1.927335772349957,502,10,Wet,2020,2020-10,"{""type"":""MultiPoint"",""coordinates"":[]}"
VHI_M_2020-10_000000000000000001f6,0.47193608523831915,2.326524719220657,503,10,Wet,2020,2020-10,"{""type"":""MultiPoint"",""coordinates"":[]}"
VHI_M_2020-10_000000000000000001f7,50.25841091270797,3.2295646057403062,504,10,Wet,2020,2020-10,"{""type"":""MultiPoint"",""coordinates"":[]}"
VHI_M_2020-10_000000000000000001f8,0.5253119148702603,2.640352523885273,505,10,Wet,2020,2020-10,"{""type"":""MultiPoint"",""coordinates"":[]}"
VHI_M_2020-10_000000000000000001f9,0.5855935744615852,3.060711681078982,506,10,Wet,2020,2020-10,"{""type"":""MultiPoint"",""coordinates"":[]}"
VHI_M_2020-10_000000000000000001fa,25.915812114678268,2.652027591401834,507,10,Wet,2020,2020-10,"{""type"":""MultiPoint"",""coordinates"":[]}"
VHI_M_2020-10_000000000000000001fb,7.89965318020217,2.6958752396559658,508,10,Wet,2020,2020-10,"{""type"":""MultiPoint"",""coordinates"":[]}"
VHI_M_2020-10_000000000000000001fc,0.3761010565754858,1.8669600515059206,509,10,Wet,2020,2020-10,"{""type"":""MultiPoint"",""coordinates"":[]}"
VHI_M_2020-10_000000000000000001fd,0.43022467137343845,2.0583322211842168,510,10,Wet,2020,2020-10,"{""type"":""MultiPoint"",""coordinates"":[]}"
VHI_M_2020-10_00000000000000000049,0.4433135518957303,2.212199638562279,74,10,Wet,2020,2020-10,"{""type"":""MultiPoint"",""coordinates"":[]}"
VHI_M_2020-10_0000000000000000004a,37.228696354349,2.4144775035080794,75,10,Wet,2020,2020-10,"{""type"":""MultiPoint"",""coordinates"":[]}"
VHI_M_2020-10_000000000000000000fd,71.30036784149715,3.0075077303648716,254,10,Wet,2020,2020-10,"{""type"":""MultiPoint"",""coordinates"":[]}"
VHI_M_2020-10_000000000000000000fe,5.854132277757557,2.3201983603546443,255,10,Wet,2020,2020-10,"{""type"":""MultiPoint"",""coordinates"":[]}"
VHI_M_2020-10_00000000000000000191,0.34452368157832575,1.43756727664155,402,10,Wet,2020,2020-10,"{""type"":""MultiPoint"",""coordinates"":[]}"
VHI_M_2020-10_0000000000000000016e,18.82447374956608,2.2566722542088766,367,10,Wet,2020,2020-10,"{""type"":""MultiPoint"",""coordinates"":[]}"
VHI_M_2020-10_0000000000000000016f,0.41645102699565195,1.9695209073758617,368,10,Wet,2020,2020-10,"{""type"":""MultiPoint"",""coordinates"":[]}"
VHI_M_2020-10_00000000000000000170,0.44894899272557925,2.180580464418423,369,10,Wet,2020,2020-10,"{""type"":""MultiPoint"",""coordinates"":[]}"
VHI_M_2020-10_00000000000000000181,35.833593722829505,2.817933565684691,386,10,Wet,2020,2020-10,"{""type"":""MultiPoint"",""coordinates"":[]}"
VHI_M_2020-10_00000000000000000182,0.46998398002242175,2.288747735473343,387,10,Wet,2020,2020-10,"{""type"":""MultiPoint"",""coordinates"":[]}"
VHI_M_2020-10_00000000000000000228,0.5439961732625367,2.781775778777277,553,10,Wet,2020,2020-10,"{""type"":""MultiPoint"",""coordinates"":[]}"
VHI_M_2020-11_00000000000000000017,46.48777801525753,2.5907435183201195,24,11,Dry,2020,2020-11,"{""type"":""MultiPoint"",""coordinates"":[]}"
VHI_M_2020-11_00000000000000000018,232.37094223282,4.65902206836867,25,11,Dry,2020,2020-11,"{""type"":""MultiPoint"",""coordinates"":[]}"
VHI_M_2020-11_00000000000000000019,30.052805762663507,1.9709166450272657,26,11,Dry,2020,2020-11,"{""type"":""MultiPoint"",""coordinates"":[]}"
VHI_M_2020-11_0000000000000000001a,13.570230754216649,1.7144999659145141,27,11,Dry,2020,2020-11,"{""type"":""MultiPoint"",""coordinates"":[]}"
VHI_M_2020-11_0000000000000000005b,160.30552893203384,4.357790170791216,92,11,Dry,2020,2020-11,"{""type"":""MultiPoint"",""coordinates"":[]}"
VHI_M_2020-11_0000000000000000005c,60.20121673526038,2.416049629777867,93,11,Dry,2020,2020-11,"{""type"":""MultiPoint"",""coordinates"":[]}"
VHI_M_2020-11_0000000000000000005d,254.0,5.0,94,11,Dry,2020,2020-11,"{""type"":""MultiPoint"",""coordinates"":[]}"
VHI_M_2020-11_0000000000000000005e,35.25500248074236,2.1725160652496287,95,11,Dry,2020,2020-11,"{""type"":""MultiPoint"",""coordinates"":[]}"
VHI_M_2020-11_0000000000000000005f,81.68982512954562,2.871252882398155,96,11,Dry,2020,2020-11,"{""type"":""MultiPoint"",""coordinates"":[]}"
VHI_M_2020-11_000000000000000000b6,0.5454441039248229,2.6615620214395106,183,11,Dry,2020,2020-11,"{""type"":""MultiPoint"",""coordinates"":[]}"
VHI_M_2020-11_000000000000000000b7,0.5075838206728225,2.654016445287793,184,11,Dry,2020,2020-11,"{""type"":""MultiPoint"",""coordinates"":[]}"
VHI_M_2020-11_000000000000000000b8,0.5029228806052509,2.645910780669145,185,11,Dry,2020,2020-11,"{""type"":""MultiPoint"",""coordinates"":[]}"
VHI_M_2020-11_000000000000000000b9,39.328949743124824,2.7753858330035617,186,11,Dry,2020,2020-11,"{""type"":""MultiPoint"",""coordinates"":[]}"
VHI_M_2020-11_000000000000000000ba,0.5807919980525971,2.7104,187,11,Dry,2020,2020-11,"{""type"":""MultiPoint"",""coordinates"":[]}"
VHI_M_2020-11_000000000000000000bb,0.4652722903112374,2.2267326732673265,188,11,Dry,2020,2020-11,"{""type"":""MultiPoint"",""coordinates"":[]}"
VHI_M_2020-11_000000000000000001a0,34.20434816440671,3.265021459227468,417,11,Dry,2020,2020-11,"{""type"":""MultiPoint"",""coordinates"":[]}"
VHI_M_2020-11_000000000000000001a1,0.5014232961385925,2.4788052496605824,418,11,Dry,2020,2020-11,"{""type"":""MultiPoint"",""coordinates"":[]}"
VHI_M_2020-11_000000000000000001a2,19.662919809516897,3.0864455471402445,419,11,Dry,2020,2020-11,"{""type"":""MultiPoint"",""coordinates"":[]}"
VHI_M_2020-11_000000000000000001a3,0.5072214052305749,2.621342004138339,420,11,Dry,2020,2020-11,"{""type"":""MultiPoint"",""coordinates"":[]}"
VHI_M_2020-11_000000000000000001cb,41.32318131411319,2.3516860143725813,460,11,Dry,2020,2020-11,"{""type"":""MultiPoint"",""coordinates"":[]}"
VHI_M_2020-11_000000000000000001cc,79.800774357594,2.808888888888889,461,11,Dry,2020,2020-11,"{""type"":""MultiPoint"",""coordinates"":[]}"
VHI_M_2020-11_0000000000000000021b,0.33128057030944136,1.4002574002574,540,11,Dry,2020,2020-11,"{""type"":""MultiPoint"",""coordinates"":[]}"
VHI_M_2020-11_0000000000000000021c,0.3906630483010541,2.0,541,11,Dry,2020,2020-11,"{""type"":""MultiPoint"",""coordinates"":[]}"
VHI_M_2020-11_0000000000000000021d,24.77419855558004,1.6800990544799643,542,11,Dry,2020,2020-11,"{""type"":""MultiPoint"",""coordinates"":[]}"
VHI_M_2020-11_000000000000000000bf,0.37827087725435604,1.679903057419836,192,11,Dry,2020,2020-11,"{""type"":""MultiPoint"",""coordinates"":[]}"
VHI_M_2020-11_000000000000000000c0,0.4274881414556924,2.118015577378937,193,11,Dry,2020,2020-11,"{""type"":""MultiPoint"",""coordinates"":[]}"
VHI_M_2020-11_0000000000000000010a,0.3803580636709854,1.683044792525419,267,11,Dry,2020,2020-11,"{""type"":""MultiPoint"",""coordinates"":[]}"
VHI_M_2020-11_0000000000000000010b,56.46932716862624,2.6516880932356126,268,11,Dry,2020,2020-11,"{""type"":""MultiPoint"",""coordinates"":[]}"
VHI_M_2020-11_00000000000000000226,2.869920696207441,1.7440527022081247,551,11,Dry,2020,2020-11,"{""type"":""MultiPoint"",""coordinates"":[]}"
VHI_M_2020-11_00000000000000000227,0.5208572540416004,2.8268059181897303,552,11,Dry,2020,2020-11,"{""type"":""MultiPoint"",""coordinates"":[]}"
VHI_M_2020-11_000000000000000001a4,0.3545879958410614,1.6343283582089554,421,11,Dry,2020,2020-11,"{""type"":""MultiPoint"",""coordinates"":[]}"
VHI_M_2020-11_000000000000000001a5,0.35479013435998,1.6462917685411573,422,11,Dry,2020,2020-11,"{""type"":""MultiPoint"",""coordinates"":[]}"
VHI_M_2020-11_000000000000000001a6,0.3268168362592136,1.016248153618907,423,11,Dry,2020,2020-11,"{""type"":""MultiPoint"",""coordinates"":[]}"
VHI_M_2020-11_000000000000000001a7,0.3467500029022203,1.2639705882352943,424,11,Dry,2020,2020-11,"{""type"":""MultiPoint"",""coordinates"":[]}"
VHI_M_2020-11_000000000000000001a8,0.34030600083647616,1.0,425,11,Dry,2020,2020-11,"{""type"":""MultiPoint"",""coordinates"":[]}"
VHI_M_2020-11_000000000000000001a9,0.30412500089732936,1.11875,426,11,Dry,2020,2020-11,"{""type"":""MultiPoint"",""coordinates"":[]}"
VHI_M_2020-11_000000000000000001aa,0.2914100099437688,1.0444024563060934,427,11,Dry,2020,2020-11,"{""type"":""MultiPoint"",""coordinates"":[]}"
VHI_M_2020-11_000000000000000001fe,0.5320970143768211,2.6509519492293743,511,11,Dry,2020,2020-11,"{""type"":""MultiPoint"",""coordinates"":[]}"
VHI_M_2020-11_000000000000000001ff,61.836397407227736,2.9048835888699593,512,11,Dry,2020,2020-11,"{""type"":""MultiPoint"",""coordinates"":[]}"
VHI_M_2020-11_00000000000000000200,0.3789760131735493,1.8478642480983032,513,11,Dry,2020,2020-11,"{""type"":""MultiPoint"",""coordinates"":[]}"
VHI_M_2020-11_00000000000000000201,101.81616104617676,3.287559304164469,514,11,Dry,2020,2020-11,"{""type"":""MultiPoint"",""coordinates"":[]}"
VHI_M_2020-11_00000000000000000202,0.49849697870493553,2.537467700258398,515,11,Dry,2020,2020-11,"{""type"":""MultiPoint"",""coordinates"":[]}"
VHI_M_2020-11_00000000000000000002,18.539949522831737,1.9236339697169187,3,11,Dry,2020,2020-11,"{""type"":""MultiPoint"",""coordinates"":[]}"
VHI_M_2020-11_0000000000000000000d,17.05243331693038,2.4802563214409417,14,11,Dry,2020,2020-11,"{""type"":""MultiPoint"",""coordinates"":[]}"
VHI_M_2020-11_00000000000000000027,53.47797363540622,3.0024897617274764,40,11,Dry,2020,2020-11,"{""type"":""MultiPoint"",""coordinates"":[]}"
VHI_M_2020-11_00000000000000000070,0.41610071071426025,1.9420023263992212,113,11,Dry,2020,2020-11,"{""type"":""MultiPoint"",""coordinates"":[]}"
VHI_M_2020-11_00000000000000000071,0.3922058613829988,1.7957534677021145,114,11,Dry,2020,2020-11,"{""type"":""MultiPoint"",""coordinates"":[]}"
VHI_M_2020-11_000000000000000001b0,55.912502149837394,2.3925452085127326,433,11,Dry,2020,2020-11,"{""type"":""MultiPoint"",""coordinates"":[]}"
VHI_M_2020-11_000000000000000001b1,7.4549866479951215,2.1407397516357327,434,11,Dry,2020,2020-11,"{""type"":""MultiPoint"",""coordinates"":[]}"
VHI_M_2020-11_000000000000000001b2,90.93771593090511,3.005702744445764,435,11,Dry,2020,2020-11,"{""type"":""MultiPoint"",""coordinates"":[]}"
VHI_M_2020-11_000000000000000001cd,1.3233200615575185,2.374602746113354,462,11,Dry,2020,2020-11,"{""type"":""MultiPoint"",""coordinates"":[]}"
VHI_M_2020-11_000000000000000001ce,0.40131001688396223,1.841212227997533,463,11,Dry,2020,2020-11,"{""type"":""MultiPoint"",""coordinates"":[]}"
VHI_M_2020-11_000000000000000001cf,22.197597834163126,2.0712335567138247,464,11,Dry,2020,2020-11,"{""type"":""MultiPoint"",""coordinates"":[]}"
VHI_M_2020-11_0000000000000000001c,0.46015558259543565,2.2046826702648366,29,11,Dry,2020,2020-11,"{""type"":""MultiPoint"",""coordinates"":[]}"
VHI_M_2020-11_0000000000000000001d,0.36899886092282597,1.6408879837067212,30,11,Dry,2020,2020-11,"{""type"":""MultiPoint"",""coordinates"":[]}"
VHI_M_2020-11_0000000000000000001e,0.3967458258318002,1.7744772105114979,31,11,Dry,2020,2020-11,"{""type"":""MultiPoint"",""coordinates"":[]}"
VHI_M_2020-11_00000000000000000026,0.5153378529942869,2.598814229249012,39,11,Dry,2020,2020-11,"{""type"":""MultiPoint"",""coordinates"":[]}"
VHI_M_2020-11_000000000000000000f9,0.5089535200809399,2.6095768691952443,250,11,Dry,2020,2020-11,"{""type"":""MultiPoint"",""coordinates"":[]}"
VHI_M_2020-11_000000000000000000fa,0.4722102490178688,2.3634200389654816,251,11,Dry,2020,2020-11,"{""type"":""MultiPoint"",""coordinates"":[]}"
VHI_M_2020-11_000000000000000000fb,0.42284145574229964,2.0194616686692566,252,11,Dry,2020,2020-11,"{""type"":""MultiPoint"",""coordinates"":[]}"
VHI_M_2020-11_000000000000000000fc,0.39715049912446915,1.8171816881258949,253,11,Dry,2020,2020-11,"{""type"":""MultiPoint"",""coordinates"":[]}"
VHI_M_2020-11_00000000000000000163,0.4553296474467893,2.1826793240312616,356,11,Dry,2020,2020-11,"{""type"":""MultiPoint"",""coordinates"":[]}"
VHI_M_2020-11_00000000000000000164,0.4680996971750916,2.2902403379452325,357,11,Dry,2020,2020-11,"{""type"":""MultiPoint"",""coordinates"":[]}"
VHI_M_2020-11_00000000000000000165,0.4764124500635172,2.337888213576366,358,11,Dry,2020,2020-11,"{""type"":""MultiPoint"",""coordinates"":[]}"
VHI_M_2020-11_00000000000000000166,0.5184304470210201,2.6620785981842423,359,11,Dry,2020,2020-11,"{""type"":""MultiPoint"",""coordinates"":[]}"
VHI_M_2020-11_00000000000000000149,0.46151838135742534,2.225767083704047,330,11,Dry,2020,2020-11,"{""type"":""MultiPoint"",""coordinates"":[]}"
VHI_M_2020-11_0000000000000000014a,0.399210629330664,1.804103424083232,331,11,Dry,2020,2020-11,"{""type"":""MultiPoint"",""coordinates"":[]}"
VHI_M_2020-11_0000000000000000014b,0.4064419209292083,1.9165072723650143,332,11,Dry,2020,2020-11,"{""type"":""MultiPoint"",""coordinates"":[]}"
VHI_M_2020-11_0000000000000000014c,0.4093401701135471,1.8845404865316775,333,11,Dry,2020,2020-11,"{""type"":""MultiPoint"",""coordinates"":[]}"
VHI_M_2020-11_0000000000000000014d,0.510503674037895,2.6281412801505524,334,11,Dry,2020,2020-11,"{""type"":""MultiPoint"",""coordinates"":[]}"
VHI_M_2020-11_0000000000000000014e,0.399047389372943,1.867434250393892,335,11,Dry,2020,2020-11,"{""type"":""MultiPoint"",""coordinates"":[]}"
VHI_M_2020-11_00000000000000000158,0.5959179669146247,3.0773114176695047,345,11,Dry,2020,2020-11,"{""type"":""MultiPoint"",""coordinates"":[]}"
VHI_M_2020-11_00000000000000000159,0.5327454171752629,2.731354622145665,346,11,Dry,2020,2020-11,"{""type"":""MultiPoint"",""coordinates"":[]}"
VHI_M_2020-11_0000000000000000015a,0.49443650254875104,2.465020697811946,347,11,Dry,2020,2020-11,"{""type"":""MultiPoint"",""coordinates"":[]}"
VHI_M_2020-11_0000000000000000015b,0.5283227150984804,2.698074501530223,348,11,Dry,2020,2020-11,"{""type"":""MultiPoint"",""coordinates"":[]}"
VHI_M_2020-11_0000000000000000015c,0.49363616879368877,2.4440784641634368,349,11,Dry,2020,2020-11,"{""type"":""MultiPoint"",""coordinates"":[]}"
VHI_M_2020-11_0000000000000000015d,0.50348726407305,2.5489569390189493,350,11,Dry,2020,2020-11,"{""type"":""MultiPoint"",""coordinates"":[]}"
VHI_M_2020-11_00000000000000000008,0.26451303240771307,1.0102675486227664,9,11,Dry,2020,2020-11,"{""type"":""MultiPoint"",""coordinates"":[]}"
VHI_M_2020-11_000000000000000000c2,0.3560024312055141,1.5499190377052967,195,11,Dry,2020,2020-11,"{""type"":""MultiPoint"",""coordinates"":[]}"
VHI_M_2020-11_000000000000000000c3,0.5361975199093473,2.6927363202051837,196,11,Dry,2020,2020-11,"{""type"":""MultiPoint"",""coordinates"":[]}"
VHI_M_2020-11_000000000000000000c4,0.43231057750472446,2.056561836518047,197,11,Dry,2020,2020-11,"{""type"":""MultiPoint"",""coordinates"":[]}"
VHI_M_2020-11_000000000000000000c5,0.4176562427683323,1.922928245541269,198,11,Dry,2020,2020-11,"{""type"":""MultiPoint"",""coordinates"":[]}"
VHI_M_2020-11_000000000000000000c6,0.4823035855940472,2.3783204414485644,199,11,Dry,2020,2020-11,"{""type"":""MultiPoint"",""coordinates"":[]}"
VHI_M_2020-11_000000000000000000c7,0.4207423355842264,2.053251479207755,200,11,Dry,2020,2020-11,"{""type"":""MultiPoint"",""coordinates"":[]}"
VHI_M_2020-11_000000000000000000c8,0.3249913754465715,1.3142091981253543,201,11,Dry,2020,2020-11,"{""type"":""MultiPoint"",""coordinates"":[]}"
VHI_M_2020-11_000000000000000000c9,0.44077700869032,2.079367972029861,202,11,Dry,2020,2020-11,"{""type"":""MultiPoint"",""coordinates"":[]}"
VHI_M_2020-11_00000000000000000136,0.3663358957607878,1.5711662397511026,311,11,Dry,2020,2020-11,"{""type"":""MultiPoint"",""coordinates"":[]}"
VHI_M_2020-11_00000000000000000137,0.4017118994964222,1.8775614573413753,312,11,Dry,2020,2020-11,"{""type"":""MultiPoint"",""coordinates"":[]}"
VHI_M_2020-11_00000000000000000138,0.4471303941754686,2.1335883792286485,313,11,Dry,2020,2020-11,"{""type"":""MultiPoint"",""coordinates"":[]}"
VHI_M_2020-11_00000000000000000139,0.38674205740906065,1.6999170450186865,314,11,Dry,2020,2020-11,"{""type"":""MultiPoint"",""coordinates"":[]}"
VHI_M_2020-11_0000000000000000013a,0.37348038916247617,1.743420921803113,315,11,Dry,2020,2020-11,"{""type"":""MultiPoint"",""coordinates"":[]}"
VHI_M_2020-11_000000000000000001ef,0.5805838199251472,3.0598474457843787,496,11,Dry,2020,2020-11,"{""type"":""MultiPoint"",""coordinates"":[]}"
VHI_M_2020-11_000000000000000001f0,0.5503102608545322,2.844788281323952,497,11,Dry,2020,2020-11,"{""type"":""MultiPoint"",""coordinates"":[]}"
VHI_M_2020-11_00000000000000000081,0.5435441132584183,2.987095260441108,130,11,Dry,2020,2020-11,"{""type"":""MultiPoint"",""coordinates"":[]}"
VHI_M_2020-11_000000000000000000a0,0.45997214877743947,2.3657923104563405,161,11,Dry,2020,2020-11,"{""type"":""MultiPoint"",""coordinates"":[]}"
VHI_M_2020-11_000000000000000000a1,32.05642354395476,3.101278597772287,162,11,Dry,2020,2020-11,"{""type"":""MultiPoint"",""coordinates"":[]}"
VHI_M_2020-11_000000000000000000a2,8.654906432911988,2.6875716454906113,163,11,Dry,2020,2020-11,"{""type"":""MultiPoint"",""coordinates"":[]}"
VHI_M_2020-11_000000000000000000a3,5.598231329882343,2.9184912025400194,164,11,Dry,2020,2020-11,"{""type"":""MultiPoint"",""coordinates"":[]}"
VHI_M_2020-11_000000000000000000a4,77.99051220428137,3.4418345005582367,165,11,Dry,2020,2020-11,"{""type"":""MultiPoint"",""coordinates"":[]}"
VHI_M_2020-11_0000000000000000014f,0.48202341276592175,2.3071130392076618,336,11,Dry,2020,2020-11,"{""type"":""MultiPoint"",""coordinates"":[]}"
VHI_M_2020-11_00000000000000000150,0.40871597639226714,1.8770291777188333,337,11,Dry,2020,2020-11,"{""type"":""MultiPoint"",""coordinates"":[]}"
VHI_M_2020-11_00000000000000000151,2.199129444444758,2.881395072956622,338,11,Dry,2020,2020-11,"{""type"":""MultiPoint"",""coordinates"":[]}"
VHI_M_2020-11_00000000000000000152,0.4775347025156338,2.3179793293489235,339,11,Dry,2020,2020-11,"{""type"":""MultiPoint"",""coordinates"":[]}"
VHI_M_2020-11_00000000000000000153,0.4615441280053112,2.2884430187225613,340,11,Dry,2020,2020-11,"{""type"":""MultiPoint"",""coordinates"":[]}"
VHI_M_2020-11_00000000000000000171,0.493299337452218,2.4097757592009112,370,11,Dry,2020,2020-11,"{""type"":""MultiPoint"",""coordinates"":[]}"
VHI_M_2020-11_00000000000000000172,0.45712262458347397,2.2034708288818816,371,11,Dry,2020,2020-11,"{""type"":""MultiPoint"",""coordinates"":[]}"
VHI_M_2020-11_00000000000000000173,0.46534205749802826,2.1995068013682286,372,11,Dry,2020,2020-11,"{""type"":""MultiPoint"",""coordinates"":[]}"
VHI_M_2020-11_000000000000000001f1,0.48827431635079244,2.415707192779835,498,11,Dry,2020,2020-11,"{""type"":""MultiPoint"",""coordinates"":[]}"
VHI_M_2020-11_000000000000000001f2,0.476608353405553,2.344553434756802,499,11,Dry,2020,2020-11,"{""type"":""MultiPoint"",""coordinates"":[]}"
VHI_M_2020-11_000000000000000001f3,0.4379716836056318,2.0462686657141655,500,11,Dry,2020,2020-11,"{""type"":""MultiPoint"",""coordinates"":[]}"
VHI_M_2020-11_00000000000000000092,0.4517129405608808,2.125495308944961,147,11,Dry,2020,2020-11,"{""type"":""MultiPoint"",""coordinates"":[]}"
VHI_M_2020-11_00000000000000000093,0.45182759078904705,2.192474978308086,148,11,Dry,2020,2020-11,"{""type"":""MultiPoint"",""coordinates"":[]}"
VHI_M_2020-11_00000000000000000094,0.6665884441725953,2.392004318307476,149,11,Dry,2020,2020-11,"{""type"":""MultiPoint"",""coordinates"":[]}"
VHI_M_2020-11_00000000000000000095,12.942481327887895,2.4462291571057055,150,11,Dry,2020,2020-11,"{""type"":""MultiPoint"",""coordinates"":[]}"
VHI_M_2020-11_00000000000000000096,0.3799079507283686,1.7206478145952175,151,11,Dry,2020,2020-11,"{""type"":""MultiPoint"",""coordinates"":[]}"
VHI_M_2020-11_00000000000000000097,0.4503451817313267,2.0587595212187155,152,11,Dry,2020,2020-11,"{""type"":""MultiPoint"",""coordinates"":[]}"
VHI_M_2020-11_00000000000000000098,0.4977939459889875,2.491525423728814,153,11,Dry,2020,2020-11,"{""type"":""MultiPoint"",""coordinates"":[]}"
VHI_M_2020-11_000000000000000000a9,0.5059827533694458,2.8110153458061804,170,11,Dry,2020,2020-11,"{""type"":""MultiPoint"",""coordinates"":[]}"
VHI_M_2020-11_0000000000000000017c,61.730342220625865,2.925851722586799,381,11,Dry,2020,2020-11,"{""type"":""MultiPoint"",""coordinates"":[]}"
VHI_M_2020-11_0000000000000000017d,38.864774679501906,2.703265173089975,382,11,Dry,2020,2020-11,"{""type"":""MultiPoint"",""coordinates"":[]}"
VHI_M_2020-11_0000000000000000017e,11.54450389392721,2.2940623494826347,383,11,Dry,2020,2020-11,"{""type"":""MultiPoint"",""coordinates"":[]}"
VHI_M_2020-11_000000000000000001ee,0.6944220249170016,3.6164605247948205,495,11,Dry,2020,2020-11,"{""type"":""MultiPoint"",""coordinates"":[]}"
VHI_M_2020-11_0000000000000000020d,0.4785842043093631,2.3079227989777036,526,11,Dry,2020,2020-11,"{""type"":""MultiPoint"",""coordinates"":[]}"
VHI_M_2020-11_0000000000000000020e,3.701276130967118,2.4252432381269426,527,11,Dry,2020,2020-11,"{""type"":""MultiPoint"",""coordinates"":[]}"
VHI_M_2020-11_0000000000000000020f,0.40484267133391416,1.8690628045350446,528,11,Dry,2020,2020-11,"{""type"":""MultiPoint"",""coordinates"":[]}"
VHI_M_2020-11_00000000000000000210,0.5313229208581617,2.751936682344572,529,11,Dry,2020,2020-11,"{""type"":""MultiPoint"",""coordinates"":[]}"
VHI_M_2020-11_00000000000000000211,11.857908201912792,2.78864370578027,530,11,Dry,2020,2020-11,"{""type"":""MultiPoint"",""coordinates"":[]}"
VHI_M_2020-11_00000000000000000058,0.5538478744799299,2.87544605215156,89,11,Dry,2020,2020-11,"{""type"":""MultiPoint"",""coordinates"":[]}"
VHI_M_2020-11_00000000000000000059,0.5361254047131646,2.7358202351845335,90,11,Dry,2020,2020-11,"{""type"":""MultiPoint"",""coordinates"":[]}"
VHI_M_2020-11_0000000000000000018b,0.44705556777267186,2.20493001880092,396,11,Dry,2020,2020-11,"{""type"":""MultiPoint"",""coordinates"":[]}"
VHI_M_2020-11_0000000000000000018c,0.43501947659633244,2.0403849178027516,397,11,Dry,2020,2020-11,"{""type"":""MultiPoint"",""coordinates"":[]}"
VHI_M_2020-11_0000000000000000018d,0.40703612165066866,1.8758473990038729,398,11,Dry,2020,2020-11,"{""type"":""MultiPoint"",""coordinates"":[]}"
VHI_M_2020-11_0000000000000000018e,0.4123821200071902,1.9307179113624016,399,11,Dry,2020,2020-11,"{""type"":""MultiPoint"",""coordinates"":[]}"
VHI_M_2020-11_00000000000000000036,0.5006483639992475,2.5317811012916387,55,11,Dry,2020,2020-11,"{""type"":""MultiPoint"",""coordinates"":[]}"
VHI_M_2020-11_000000000000000000db,0.4449895924549146,2.132918025435172,220,11,Dry,2020,2020-11,"{""type"":""MultiPoint"",""coordinates"":[]}"
VHI_M_2020-11_000000000000000000dc,0.47099500026708835,2.312979825031243,221,11,Dry,2020,2020-11,"{""type"":""MultiPoint"",""coordinates"":[]}"
VHI_M_2020-11_000000000000000000dd,0.5358235848947399,2.7637481735226115,222,11,Dry,2020,2020-11,"{""type"":""MultiPoint"",""coordinates"":[]}"
VHI_M_2020-11_00000000000000000102,0.42480703118911334,1.9899788811130883,259,11,Dry,2020,2020-11,"{""type"":""MultiPoint"",""coordinates"":[]}"
VHI_M_2020-11_00000000000000000103,0.4563094752602455,2.2421620896623424,260,11,Dry,2020,2020-11,"{""type"":""MultiPoint"",""coordinates"":[]}"
VHI_M_2020-11_00000000000000000104,0.3927230280690618,1.7949651432997689,261,11,Dry,2020,2020-11,"{""type"":""MultiPoint"",""coordinates"":[]}"
VHI_M_2020-11_00000000000000000105,0.2790817588572544,1.0788861985472151,262,11,Dry,2020,2020-11,"{""type"":""MultiPoint"",""coordinates"":[]}"
VHI_M_2020-11_0000000000000000000a,0.607588104945653,3.1735475896168115,11,11,Dry,2020,2020-11,"{""type"":""MultiPoint"",""coordinates"":[]}"
VHI_M_2020-11_000000000000000000b1,0.5600517634869178,2.908988853550164,178,11,Dry,2020,2020-11,"{""type"":""MultiPoint"",""coordinates"":[]}"
VHI_M_2020-11_000000000000000000b2,0.5953807833954623,3.1456902029577396,179,11,Dry,2020,2020-11,"{""type"":""MultiPoint"",""coordinates"":[]}"
VHI_M_2020-11_000000000000000000b3,0.5170840742009608,2.6474926894235487,180,11,Dry,2020,2020-11,"{""type"":""MultiPoint"",""coordinates"":[]}"
VHI_M_2020-11_000000000000000000ca,0.5671322829616681,3.0106682297772562,203,11,Dry,2020,2020-11,"{""type"":""MultiPoint"",""coordinates"":[]}"
VHI_M_2020-11_000000000000000000d2,0.5474904084086953,2.8113952154977846,211,11,Dry,2020,2020-11,"{""type"":""MultiPoint"",""coordinates"":[]}"
VHI_M_2020-11_000000000000000000d3,0.5351844507604341,2.787589551989364,212,11,Dry,2020,2020-11,"{""type"":""MultiPoint"",""coordinates"":[]}"
VHI_M_2020-11_000000000000000000d4,0.5230029756624658,2.6633893104595656,213,11,Dry,2020,2020-11,"{""type"":""MultiPoint"",""coordinates"":[]}"
VHI_M_2020-11_000000000000000000d5,0.5399790434878553,2.784127263555944,214,11,Dry,2020,2020-11,"{""type"":""MultiPoint"",""coordinates"":[]}"
VHI_M_2020-11_000000000000000000bc,0.4688017539578892,2.3273797403032113,189,11,Dry,2020,2020-11,"{""type"":""MultiPoint"",""coordinates"":[]}"
VHI_M_2020-11_000000000000000000bd,0.4502365174454759,2.1569271951096667,190,11,Dry,2020,2020-11,"{""type"":""MultiPoint"",""coordinates"":[]}"
VHI_M_2020-11_000000000000000000be,0.5001390356951079,2.5184417044433083,191,11,Dry,2020,2020-11,"{""type"":""MultiPoint"",""coordinates"":[]}"
VHI_M_2020-11_000000000000000000f1,0.49724943264474125,2.4989795918367337,242,11,Dry,2020,2020-11,"{""type"":""MultiPoint"",""coordinates"":[]}"
VHI_M_2020-11_00000000000000000100,0.4398307296929821,2.137630679671792,257,11,Dry,2020,2020-11,"{""type"":""MultiPoint"",""coordinates"":[]}"
VHI_M_2020-11_00000000000000000101,0.5184990130809237,2.691713883606147,258,11,Dry,2020,2020-11,"{""type"":""MultiPoint"",""coordinates"":[]}"
VHI_M_2020-11_0000000000000000012f,0.4955438744507724,2.500592971817315,304,11,Dry,2020,2020-11,"{""type"":""MultiPoint"",""coordinates"":[]}"
VHI_M_2020-11_00000000000000000130,0.471139170774561,2.316680032076985,305,11,Dry,2020,2020-11,"{""type"":""MultiPoint"",""coordinates"":[]}"
VHI_M_2020-11_00000000000000000131,0.48106525674944856,2.382744584616295,306,11,Dry,2020,2020-11,"{""type"":""MultiPoint"",""coordinates"":[]}"
VHI_M_2020-11_00000000000000000065,0.6073498388742202,3.1962419764506516,102,11,Dry,2020,2020-11,"{""type"":""MultiPoint"",""coordinates"":[]}"
VHI_M_2020-11_00000000000000000066,0.556190177238928,2.9129144158914797,103,11,Dry,2020,2020-11,"{""type"":""MultiPoint"",""coordinates"":[]}"
VHI_M_2020-11_00000000000000000067,0.5304360250125195,2.719410365067888,104,11,Dry,2020,2020-11,"{""type"":""MultiPoint"",""coordinates"":[]}"
VHI_M_2020-11_00000000000000000068,0.574694659163186,2.997704500898731,105,11,Dry,2020,2020-11,"{""type"":""MultiPoint"",""coordinates"":[]}"
VHI_M_2020-11_00000000000000000109,0.4993259070820002,2.5436131929083166,266,11,Dry,2020,2020-11,"{""type"":""MultiPoint"",""coordinates"":[]}"
VHI_M_2020-11_000000000000000001c1,0.5326901596038391,2.723073500905653,450,11,Dry,2020,2020-11,"{""type"":""MultiPoint"",""coordinates"":[]}"
VHI_M_2020-11_000000000000000001c2,0.4991832592930809,2.507252293555327,451,11,Dry,2020,2020-11,"{""type"":""MultiPoint"",""coordinates"":[]}"
VHI_M_2020-11_00000000000000000113,0.3260019246515433,1.3488180318856513,276,11,Dry,2020,2020-11,"{""type"":""MultiPoint"",""coordinates"":[]}"
VHI_M_2020-11_00000000000000000114,0.4473919111783472,2.150044995500449,277,11,Dry,2020,2020-11,"{""type"":""MultiPoint"",""coordinates"":[]}"
VHI_M_2020-11_00000000000000000115,0.40380912671865044,1.868489700458757,278,11,Dry,2020,2020-11,"{""type"":""MultiPoint"",""coordinates"":[]}"
VHI_M_2020-11_00000000000000000116,0.44145432448885075,2.15410870939698,279,11,Dry,2020,2020-11,"{""type"":""MultiPoint"",""coordinates"":[]}"
VHI_M_2020-11_00000000000000000117,0.37652273682836385,1.6704519977267156,280,11,Dry,2020,2020-11,"{""type"":""MultiPoint"",""coordinates"":[]}"
VHI_M_2020-11_00000000000000000167,0.4207980514085337,2.0,360,11,Dry,2020,2020-11,"{""type"":""MultiPoint"",""coordinates"":[]}"
VHI_M_2020-11_00000000000000000168,0.5473562953443362,2.786472215237616,361,11,Dry,2020,2020-11,"{""type"":""MultiPoint"",""coordinates"":[]}"
VHI_M_2020-11_00000000000000000169,0.4884562761147575,2.4757652575726428,362,11,Dry,2020,2020-11,"{""type"":""MultiPoint"",""coordinates"":[]}"
VHI_M_2020-11_0000000000000000016a,0.38218959652459583,1.6988527724665392,363,11,Dry,2020,2020-11,"{""type"":""MultiPoint"",""coordinates"":[]}"
VHI_M_2020-11_0000000000000000016b,0.35813025013434524,1.5451508092202064,364,11,Dry,2020,2020-11,"{""type"":""MultiPoint"",""coordinates"":[]}"
VHI_M_2020-11_0000000000000000016c,0.3563044804976742,1.5769520084248536,365,11,Dry,2020,2020-11,"{""type"":""MultiPoint"",""coordinates"":[]}"
VHI_M_2020-11_0000000000000000016d,0.6390228907404577,3.4045884012931107,366,11,Dry,2020,2020-11,"{""type"":""MultiPoint"",""coordinates"":[]}"
VHI_M_2020-11_000000000000000000cb,0.4624604292077669,2.2591166720136884,204,11,Dry,2020,2020-11,"{""type"":""MultiPoint"",""coordinates"":[]}"
VHI_M_2020-11_000000000000000000eb,15.343237601352575,2.646964747977175,236,11,Dry,2020,2020-11,"{""type"":""MultiPoint"",""coordinates"":[]}"
VHI_M_2020-11_000000000000000000ec,0.38697373218185427,1.7585880112023693,237,11,Dry,2020,2020-11,"{""type"":""MultiPoint"",""coordinates"":[]}"
VHI_M_2020-11_000000000000000000ed,0.42040760253637693,1.9735539560092918,238,11,Dry,2020,2020-11,"{""type"":""MultiPoint"",""coordinates"":[]}"
VHI_M_2020-11_000000000000000000ee,0.4761559354652793,2.2512994350282494,239,11,Dry,2020,2020-11,"{""type"":""MultiPoint"",""coordinates"":[]}"
VHI_M_2020-11_000000000000000000ef,0.31523846793977606,1.2666944149419668,240,11,Dry,2020,2020-11,"{""type"":""MultiPoint"",""coordinates"":[]}"
VHI_M_2020-11_00000000000000000146,0.39453118678339183,1.8463107359701272,327,11,Dry,2020,2020-11,"{""type"":""MultiPoint"",""coordinates"":[]}"
VHI_M_2020-11_00000000000000000147,8.373160401714177,1.948166405966092,328,11,Dry,2020,2020-11,"{""type"":""MultiPoint"",""coordinates"":[]}"
VHI_M_2020-11_00000000000000000148,0.35337978006516635,1.502096496083784,329,11,Dry,2020,2020-11,"{""type"":""MultiPoint"",""coordinates"":[]}"
VHI_M_2020-11_0000000000000000015e,0.5153597660480295,2.6189698690054453,351,11,Dry,2020,2020-11,"{""type"":""MultiPoint"",""coordinates"":[]}"
VHI_M_2020-11_0000000000000000015f,0.46124331429249554,2.2777755772963126,352,11,Dry,2020,2020-11,"{""type"":""MultiPoint"",""coordinates"":[]}"
VHI_M_2020-11_00000000000000000160,0.4651604821108404,2.300197084876442,353,11,Dry,2020,2020-11,"{""type"":""MultiPoint"",""coordinates"":[]}"
VHI_M_2020-11_00000000000000000161,0.5199735812018892,2.691823228010246,354,11,Dry,2020,2020-11,"{""type"":""MultiPoint"",""coordinates"":[]}"
VHI_M_2020-11_00000000000000000162,4.476997184173129,2.840644419114056,355,11,Dry,2020,2020-11,"{""type"":""MultiPoint"",""coordinates"":[]}"
VHI_M_2020-11_00000000000000000010,0.31477921771835693,1.1917708238299427,17,11,Dry,2020,2020-11,"{""type"":""MultiPoint"",""coordinates"":[]}"
VHI_M_2020-11_00000000000000000121,0.5431367040903121,2.7869337979094064,290,11,Dry,2020,2020-11,"{""type"":""MultiPoint"",""coordinates"":[]}"
VHI_M_2020-11_00000000000000000122,0.6250811912021043,2.476669231171427,291,11,Dry,2020,2020-11,"{""type"":""MultiPoint"",""coordinates"":[]}"
VHI_M_2020-11_00000000000000000123,0.5857567879400629,3.0717863357035795,292,11,Dry,2020,2020-11,"{""type"":""MultiPoint"",""coordinates"":[]}"
VHI_M_2020-11_0000000000000000019a,0.3871009801043874,1.8197372997863295,411,11,Dry,2020,2020-11,"{""type"":""MultiPoint"",""coordinates"":[]}"
VHI_M_2020-11_0000000000000000019b,0.36827825048077667,1.5759164020271843,412,11,Dry,2020,2020-11,"{""type"":""MultiPoint"",""coordinates"":[]}"
VHI_M_2020-11_0000000000000000019c,0.4009754990720551,1.888362616887527,413,11,Dry,2020,2020-11,"{""type"":""MultiPoint"",""coordinates"":[]}"
VHI_M_2020-11_0000000000000000019d,0.3374928364873451,1.438992709293555,414,11,Dry,2020,2020-11,"{""type"":""MultiPoint"",""coordinates"":[]}"
VHI_M_2020-11_0000000000000000019e,4.052541798465554,1.9634754825438048,415,11,Dry,2020,2020-11,"{""type"":""MultiPoint"",""coordinates"":[]}"
VHI_M_2020-11_0000000000000000019f,0.3327175207522911,1.3782841217820476,416,11,Dry,2020,2020-11,"{""type"":""MultiPoint"",""coordinates"":[]}"
VHI_M_2020-11_00000000000000000216,0.3779617306023222,1.6495865088373598,535,11,Dry,2020,2020-11,"{""type"":""MultiPoint"",""coordinates"":[]}"
VHI_M_2020-11_00000000000000000217,0.4398645266187468,1.7106780899047396,536,11,Dry,2020,2020-11,"{""type"":""MultiPoint"",""coordinates"":[]}"
VHI_M_2020-11_00000000000000000218,0.3456223690199563,1.4097452934662236,537,11,Dry,2020,2020-11,"{""type"":""MultiPoint"",""coordinates"":[]}"
VHI_M_2020-11_00000000000000000219,0.3951366991369689,1.7958329792171959,538,11,Dry,2020,2020-11,"{""type"":""MultiPoint"",""coordinates"":[]}"
VHI_M_2020-11_0000000000000000021a,8.193466164599789,1.674081879972602,539,11,Dry,2020,2020-11,"{""type"":""MultiPoint"",""coordinates"":[]}"
VHI_M_2020-11_00000000000000000004,0.5702591399797028,2.92291263241827,5,11,Dry,2020,2020-11,"{""type"":""MultiPoint"",""coordinates"":[]}"
VHI_M_2020-11_00000000000000000028,0.48641402137688833,2.437688700105372,41,11,Dry,2020,2020-11,"{""type"":""MultiPoint"",""coordinates"":[]}"
VHI_M_2020-11_00000000000000000029,0.48674399717144273,2.405916492203086,42,11,Dry,2020,2020-11,"{""type"":""MultiPoint"",""coordinates"":[]}"
VHI_M_2020-11_0000000000000000002a,0.5318448185147046,2.71431330280242,43,11,Dry,2020,2020-11,"{""type"":""MultiPoint"",""coordinates"":[]}"
VHI_M_2020-11_0000000000000000002b,0.5228553096396753,2.664634040163069,44,11,Dry,2020,2020-11,"{""type"":""MultiPoint"",""coordinates"":[]}"
VHI_M_2020-11_000000000000000000a7,0.4788297062805394,2.3578255011636,168,11,Dry,2020,2020-11,"{""type"":""MultiPoint"",""coordinates"":[]}"
VHI_M_2020-11_000000000000000000a8,0.5002961214527553,2.480108521095917,169,11,Dry,2020,2020-11,"{""type"":""MultiPoint"",""coordinates"":[]}"
VHI_M_2020-11_0000000000000000000c,0.5314068037182578,2.774538342581643,13,11,Dry,2020,2020-11,"{""type"":""MultiPoint"",""coordinates"":[]}"
VHI_M_2020-11_00000000000000000060,0.42285637212202276,1.9989713017989819,97,11,Dry,2020,2020-11,"{""type"":""MultiPoint"",""coordinates"":[]}"
VHI_M_2020-11_00000000000000000061,0.507775643910158,2.513173540124544,98,11,Dry,2020,2020-11,"{""type"":""MultiPoint"",""coordinates"":[]}"
VHI_M_2020-11_00000000000000000062,0.5092751858987262,2.5777323354874526,99,11,Dry,2020,2020-11,"{""type"":""MultiPoint"",""coordinates"":[]}"
VHI_M_2020-11_00000000000000000063,0.5599385009164258,2.916091158832119,100,11,Dry,2020,2020-11,"{""type"":""MultiPoint"",""coordinates"":[]}"
VHI_M_2020-11_00000000000000000064,0.4854376694352139,2.450104300303202,101,11,Dry,2020,2020-11,"{""type"":""MultiPoint"",""coordinates"":[]}"
VHI_M_2020-11_00000000000000000011,0.4091446785500637,1.8597426583759167,18,11,Dry,2020,2020-11,"{""type"":""MultiPoint"",""coordinates"":[]}"
VHI_M_2020-11_00000000000000000033,0.4609263348193128,2.249654822953144,52,11,Dry,2020,2020-11,"{""type"":""MultiPoint"",""coordinates"":[]}"
VHI_M_2020-11_00000000000000000034,0.3957268914459814,1.803494370295697,53,11,Dry,2020,2020-11,"{""type"":""MultiPoint"",""coordinates"":[]}"
VHI_M_2020-11_000000000000000001b3,0.5033512632375303,2.565029506807748,436,11,Dry,2020,2020-11,"{""type"":""MultiPoint"",""coordinates"":[]}"
VHI_M_2020-11_000000000000000001b4,0.4828830259265179,2.401517051399653,437,11,Dry,2020,2020-11,"{""type"":""MultiPoint"",""coordinates"":[]}"
VHI_M_2020-11_000000000000000001b5,0.4917127118497658,2.4541935065182097,438,11,Dry,2020,2020-11,"{""type"":""MultiPoint"",""coordinates"":[]}"
VHI_M_2020-11_00000000000000000005,0.405207482660806,1.838068956118833,6,11,Dry,2020,2020-11,"{""type"":""MultiPoint"",""coordinates"":[]}"
VHI_M_2020-11_00000000000000000082,0.39920270447741557,1.8231542562255063,131,11,Dry,2020,2020-11,"{""type"":""MultiPoint"",""coordinates"":[]}"
VHI_M_2020-11_00000000000000000083,0.44766408900964544,2.1507276405680376,132,11,Dry,2020,2020-11,"{""type"":""MultiPoint"",""coordinates"":[]}"
VHI_M_2020-11_00000000000000000084,0.3866857037503503,1.7572231013487314,133,11,Dry,2020,2020-11,"{""type"":""MultiPoint"",""coordinates"":[]}"
VHI_M_2020-11_00000000000000000085,0.45154461941081975,2.2351965500082938,134,11,Dry,2020,2020-11,"{""type"":""MultiPoint"",""coordinates"":[]}"
VHI_M_2020-11_00000000000000000086,0.4304861789362462,2.0585413753625748,135,11,Dry,2020,2020-11,"{""type"":""MultiPoint"",""coordinates"":[]}"
VHI_M_2020-11_00000000000000000087,0.3766690838157914,1.473419233723014,136,11,Dry,2020,2020-11,"{""type"":""MultiPoint"",""coordinates"":[]}"
VHI_M_2020-11_0000000000000000010c,0.44235472546943666,2.145466015269146,269,11,Dry,2020,2020-11,"{""type"":""MultiPoint"",""coordinates"":[]}"
VHI_M_2020-11_0000000000000000010d,0.5278133976752117,2.678321662047026,270,11,Dry,2020,2020-11,"{""type"":""MultiPoint"",""coordinates"":[]}"
VHI_M_2020-11_0000000000000000010e,0.4923922931847342,2.427413814008002,271,11,Dry,2020,2020-11,"{""type"":""MultiPoint"",""coordinates"":[]}"
VHI_M_2020-11_0000000000000000010f,0.4356266224754932,2.043165922343598,272,11,Dry,2020,2020-11,"{""type"":""MultiPoint"",""coordinates"":[]}"
VHI_M_2020-11_00000000000000000110,0.5165018111762714,2.5973311986950502,273,11,Dry,2020,2020-11,"{""type"":""MultiPoint"",""coordinates"":[]}"
VHI_M_2020-11_00000000000000000111,0.4982107571200331,2.4895274894282675,274,11,Dry,2020,2020-11,"{""type"":""MultiPoint"",""coordinates"":[]}"
VHI_M_2020-11_000000000000000001d0,0.5396335482952902,2.7388833214030064,465,11,Dry,2020,2020-11,"{""type"":""MultiPoint"",""coordinates"":[]}"
VHI_M_2020-11_000000000000000001d1,0.4292439374871894,2.024472676222335,466,11,Dry,2020,2020-11,"{""type"":""MultiPoint"",""coordinates"":[]}"
VHI_M_2020-11_00000000000000000009,0.5071271716610122,2.5146843060701753,10,11,Dry,2020,2020-11,"{""type"":""MultiPoint"",""coordinates"":[]}"
VHI_M_2020-11_0000000000000000009e,0.5132465406216751,2.6059067071487765,159,11,Dry,2020,2020-11,"{""type"":""MultiPoint"",""coordinates"":[]}"
VHI_M_2020-11_0000000000000000009f,0.5228236830929118,2.634386715157402,160,11,Dry,2020,2020-11,"{""type"":""MultiPoint"",""coordinates"":[]}"
VHI_M_2020-11_00000000000000000154,0.5003690757427082,2.5068072453567387,341,11,Dry,2020,2020-11,"{""type"":""MultiPoint"",""coordinates"":[]}"
VHI_M_2020-11_00000000000000000155,0.4606500079155838,2.2267076679300533,342,11,Dry,2020,2020-11,"{""type"":""MultiPoint"",""coordinates"":[]}"
VHI_M_2020-11_00000000000000000156,0.5292626753698368,2.724083099665054,343,11,Dry,2020,2020-11,"{""type"":""MultiPoint"",""coordinates"":[]}"
VHI_M_2020-11_00000000000000000157,0.5365516937741708,2.747380133879066,344,11,Dry,2020,2020-11,"{""type"":""MultiPoint"",""coordinates"":[]}"
VHI_M_2020-11_00000000000000000178,0.6111149551154296,3.2327928519035503,377,11,Dry,2020,2020-11,"{""type"":""MultiPoint"",""coordinates"":[]}"
VHI_M_2020-11_00000000000000000179,0.5325274216785478,2.7204633297951815,378,11,Dry,2020,2020-11,"{""type"":""MultiPoint"",""coordinates"":[]}"
VHI_M_2020-11_0000000000000000017a,0.5764737753900115,3.0347424909416603,379,11,Dry,2020,2020-11,"{""type"":""MultiPoint"",""coordinates"":[]}"
VHI_M_2020-11_0000000000000000017b,0.5115423845753762,2.483957772717864,380,11,Dry,2020,2020-11,"{""type"":""MultiPoint"",""coordinates"":[]}"
VHI_M_2020-11_0000000000000000000f,0.575992240879062,3.0472347347347357,16,11,Dry,2020,2020-11,"{""type"":""MultiPoint"",""coordinates"":[]}"
VHI_M_2020-11_00000000000000000040,0.5513005465980519,2.860897457044325,65,11,Dry,2020,2020-11,"{""type"":""MultiPoint"",""coordinates"":[]}"
VHI_M_2020-11_00000000000000000041,0.568017304693412,2.9654386208378134,66,11,Dry,2020,2020-11,"{""type"":""MultiPoint"",""coordinates"":[]}"
VHI_M_2020-11_00000000000000000042,0.625461597269633,3.334018720757844,67,11,Dry,2020,2020-11,"{""type"":""MultiPoint"",""coordinates"":[]}"
VHI_M_2020-11_00000000000000000043,0.5823020634818382,3.0493533793355607,68,11,Dry,2020,2020-11,"{""type"":""MultiPoint"",""coordinates"":[]}"
VHI_M_2020-11_00000000000000000192,0.5152162110937869,2.624980697486534,403,11,Dry,2020,2020-11,"{""type"":""MultiPoint"",""coordinates"":[]}"
VHI_M_2020-11_00000000000000000193,0.5256344681432612,2.690745034640737,404,11,Dry,2020,2020-11,"{""type"":""MultiPoint"",""coordinates"":[]}"
VHI_M_2020-11_00000000000000000194,0.5870712071204969,3.094270708951849,405,11,Dry,2020,2020-11,"{""type"":""MultiPoint"",""coordinates"":[]}"
VHI_M_2020-11_000000000000000001d2,0.49933106158040763,2.5613041449238465,467,11,Dry,2020,2020-11,"{""type"":""MultiPoint"",""coordinates"":[]}"
VHI_M_2020-11_000000000000000001d3,0.5157702836149389,2.600720923071349,468,11,Dry,2020,2020-11,"{""type"":""MultiPoint"",""coordinates"":[]}"
VHI_M_2020-11_000000000000000001d4,0.5117547625243714,2.5685876164803063,469,11,Dry,2020,2020-11,"{""type"":""MultiPoint"",""coordinates"":[]}"
VHI_M_2020-11_000000000000000001d5,0.5250940669297913,2.6417607821724958,470,11,Dry,2020,2020-11,"{""type"":""MultiPoint"",""coordinates"":[]}"
VHI_M_2020-11_000000000000000001d6,0.5179466002110996,2.6495569623534654,471,11,Dry,2020,2020-11,"{""type"":""MultiPoint"",""coordinates"":[]}"
VHI_M_2020-11_000000000000000001d7,0.5175795009862642,2.6181778292811893,472,11,Dry,2020,2020-11,"{""type"":""MultiPoint"",""coordinates"":[]}"
VHI_M_2020-11_00000000000000000069,0.5118892851351642,2.5847607796810395,106,11,Dry,2020,2020-11,"{""type"":""MultiPoint"",""coordinates"":[]}"
VHI_M_2020-11_0000000000000000006a,0.4833862673043143,2.3911220274645544,107,11,Dry,2020,2020-11,"{""type"":""MultiPoint"",""coordinates"":[]}"
VHI_M_2020-11_0000000000000000006b,0.4420472994702339,2.1358437245376827,108,11,Dry,2020,2020-11,"{""type"":""MultiPoint"",""coordinates"":[]}"
VHI_M_2020-11_0000000000000000006c,0.5461470697783883,2.8458685970795403,109,11,Dry,2020,2020-11,"{""type"":""MultiPoint"",""coordinates"":[]}"
VHI_M_2020-11_0000000000000000006d,0.5695941603900401,2.96042724445337,110,11,Dry,2020,2020-11,"{""type"":""MultiPoint"",""coordinates"":[]}"
VHI_M_2020-11_0000000000000000006e,0.6670541676700623,3.619290335793878,111,11,Dry,2020,2020-11,"{""type"":""MultiPoint"",""coordinates"":[]}"
VHI_M_2020-11_0000000000000000006f,0.5897758368009827,3.0876447235227165,112,11,Dry,2020,2020-11,"{""type"":""MultiPoint"",""coordinates"":[]}"
VHI_M_2020-11_000000000000000000d6,0.3535201818996992,1.5844290657439446,215,11,Dry,2020,2020-11,"{""type"":""MultiPoint"",""coordinates"":[]}"
VHI_M_2020-11_0000000000000000013b,0.42573599465986717,1.862134992819531,316,11,Dry,2020,2020-11,"{""type"":""MultiPoint"",""coordinates"":[]}"
VHI_M_2020-11_0000000000000000013c,0.37126458021958547,1.6601315683182365,317,11,Dry,2020,2020-11,"{""type"":""MultiPoint"",""coordinates"":[]}"
VHI_M_2020-11_0000000000000000013d,0.39078243330970625,1.755744595592993,318,11,Dry,2020,2020-11,"{""type"":""MultiPoint"",""coordinates"":[]}"
VHI_M_2020-11_0000000000000000013e,0.346402024840196,1.5598743879367907,319,11,Dry,2020,2020-11,"{""type"":""MultiPoint"",""coordinates"":[]}"
VHI_M_2020-11_0000000000000000013f,0.3386289926126704,1.5192366295901267,320,11,Dry,2020,2020-11,"{""type"":""MultiPoint"",""coordinates"":[]}"
VHI_M_2020-11_00000000000000000140,10.23034792415465,2.2534884529700694,321,11,Dry,2020,2020-11,"{""type"":""MultiPoint"",""coordinates"":[]}"
VHI_M_2020-11_000000000000000001bc,0.4300132635026188,2.0803183274224906,445,11,Dry,2020,2020-11,"{""type"":""MultiPoint"",""coordinates"":[]}"
VHI_M_2020-11_000000000000000001bd,0.5076776238861535,2.575064539394304,446,11,Dry,2020,2020-11,"{""type"":""MultiPoint"",""coordinates"":[]}"
VHI_M_2020-11_000000000000000001be,0.4280349560567747,2.0432366703607934,447,11,Dry,2020,2020-11,"{""type"":""MultiPoint"",""coordinates"":[]}"
VHI_M_2020-11_000000000000000001bf,0.46791282095126296,2.275184424671078,448,11,Dry,2020,2020-11,"{""type"":""MultiPoint"",""coordinates"":[]}"
VHI_M_2020-11_000000000000000001c0,0.4172344997755514,1.9871494789027868,449,11,Dry,2020,2020-11,"{""type"":""MultiPoint"",""coordinates"":[]}"
VHI_M_2020-11_00000000000000000006,0.6757532773004099,3.6856190264503224,7,11,Dry,2020,2020-11,"{""type"":""MultiPoint"",""coordinates"":[]}"
VHI_M_2020-11_0000000000000000002c,0.6433439879977391,3.45612202540435,45,11,Dry,2020,2020-11,"{""type"":""MultiPoint"",""coordinates"":[]}"
VHI_M_2020-11_0000000000000000002d,0.69992288841467,3.832881432006755,46,11,Dry,2020,2020-11,"{""type"":""MultiPoint"",""coordinates"":[]}"
VHI_M_2020-11_0000000000000000002e,0.6879664649559267,3.7590325000143126,47,11,Dry,2020,2020-11,"{""type"":""MultiPoint"",""coordinates"":[]}"
VHI_M_2020-11_0000000000000000002f,0.6772771067045565,3.6817286694841105,48,11,Dry,2020,2020-11,"{""type"":""MultiPoint"",""coordinates"":[]}"
VHI_M_2020-11_0000000000000000009b,0.7218992036436885,3.9771273330179,156,11,Dry,2020,2020-11,"{""type"":""MultiPoint"",""coordinates"":[]}"
VHI_M_2020-11_0000000000000000009c,0.605102890156859,3.1935827187227086,157,11,Dry,2020,2020-11,"{""type"":""MultiPoint"",""coordinates"":[]}"
VHI_M_2020-11_0000000000000000009d,0.6203758024365335,3.318822344007276,158,11,Dry,2020,2020-11,"{""type"":""MultiPoint"",""coordinates"":[]}"
VHI_M_2020-11_000000000000000001b6,0.6713758752409608,3.661957767834029,439,11,Dry,2020,2020-11,"{""type"":""MultiPoint"",""coordinates"":[]}"
VHI_M_2020-11_000000000000000001b7,0.6028906364616959,3.1623912863677712,440,11,Dry,2020,2020-11,"{""type"":""MultiPoint"",""coordinates"":[]}"
VHI_M_2020-11_000000000000000001b8,0.6704954161706014,3.6419462083096636,441,11,Dry,2020,2020-11,"{""type"":""MultiPoint"",""coordinates"":[]}"
VHI_M_2020-11_000000000000000001b9,0.5882521940063835,3.079224665018861,442,11,Dry,2020,2020-11,"{""type"":""MultiPoint"",""coordinates"":[]}"
VHI_M_2020-11_000000000000000001ba,0.484749746047068,2.400113965773674,443,11,Dry,2020,2020-11,"{""type"":""MultiPoint"",""coordinates"":[]}"
VHI_M_2020-11_000000000000000001bb,0.6446520207744151,3.4496407713069845,444,11,Dry,2020,2020-11,"{""type"":""MultiPoint"",""coordinates"":[]}"
VHI_M_2020-11_00000000000000000221,0.6445120634767815,3.6529976641577995,546,11,Dry,2020,2020-11,"{""type"":""MultiPoint"",""coordinates"":[]}"
VHI_M_2020-11_00000000000000000222,0.6048567585320177,3.1855345486979227,547,11,Dry,2020,2020-11,"{""type"":""MultiPoint"",""coordinates"":[]}"
VHI_M_2020-11_00000000000000000223,0.5437214218159524,2.7790956859821847,548,11,Dry,2020,2020-11,"{""type"":""MultiPoint"",""coordinates"":[]}"
VHI_M_2020-11_00000000000000000224,0.5851713600970507,3.0529766848472897,549,11,Dry,2020,2020-11,"{""type"":""MultiPoint"",""coordinates"":[]}"
VHI_M_2020-11_00000000000000000225,0.6117042771238284,3.2456345634563464,550,11,Dry,2020,2020-11,"{""type"":""MultiPoint"",""coordinates"":[]}"
VHI_M_2020-11_00000000000000000053,0.4063934604758332,1.9331455972340383,84,11,Dry,2020,2020-11,"{""type"":""MultiPoint"",""coordinates"":[]}"
VHI_M_2020-11_00000000000000000054,0.43298921028514326,2.029965818872787,85,11,Dry,2020,2020-11,"{""type"":""MultiPoint"",""coordinates"":[]}"
VHI_M_2020-11_00000000000000000055,0.4221307049242081,2.004327208061648,86,11,Dry,2020,2020-11,"{""type"":""MultiPoint"",""coordinates"":[]}"
VHI_M_2020-11_00000000000000000056,0.46997441830209535,2.3157694706478518,87,11,Dry,2020,2020-11,"{""type"":""MultiPoint"",""coordinates"":[]}"
VHI_M_2020-11_00000000000000000057,0.4918899763668508,2.4459748196118802,88,11,Dry,2020,2020-11,"{""type"":""MultiPoint"",""coordinates"":[]}"
VHI_M_2020-11_000000000000000000de,0.4708291792090503,2.331780431369309,223,11,Dry,2020,2020-11,"{""type"":""MultiPoint"",""coordinates"":[]}"
VHI_M_2020-11_000000000000000000df,26.796578755244845,2.991244642847192,224,11,Dry,2020,2020-11,"{""type"":""MultiPoint"",""coordinates"":[]}"
VHI_M_2020-11_000000000000000000e0,3.790602136277521,2.5741887427470393,225,11,Dry,2020,2020-11,"{""type"":""MultiPoint"",""coordinates"":[]}"
VHI_M_2020-11_000000000000000000e1,8.099247594736607,3.0707396387222037,226,11,Dry,2020,2020-11,"{""type"":""MultiPoint"",""coordinates"":[]}"
VHI_M_2020-11_000000000000000000ff,0.49809668758467074,2.4207819769814707,256,11,Dry,2020,2020-11,"{""type"":""MultiPoint"",""coordinates"":[]}"
VHI_M_2020-11_0000000000000000011c,0.34659779149882197,1.5350995183131875,285,11,Dry,2020,2020-11,"{""type"":""MultiPoint"",""coordinates"":[]}"
VHI_M_2020-11_0000000000000000011d,0.45905062486513143,2.2196907991604276,286,11,Dry,2020,2020-11,"{""type"":""MultiPoint"",""coordinates"":[]}"
VHI_M_2020-11_0000000000000000011e,0.517142953368814,2.584852443441601,287,11,Dry,2020,2020-11,"{""type"":""MultiPoint"",""coordinates"":[]}"
VHI_M_2020-11_0000000000000000011f,0.5207486175555557,2.63721747315209,288,11,Dry,2020,2020-11,"{""type"":""MultiPoint"",""coordinates"":[]}"
VHI_M_2020-11_000000000000000001c4,8.639675571798982,2.109238580459191,453,11,Dry,2020,2020-11,"{""type"":""MultiPoint"",""coordinates"":[]}"
VHI_M_2020-11_000000000000000001c5,0.4406893415200453,2.1013763203072715,454,11,Dry,2020,2020-11,"{""type"":""MultiPoint"",""coordinates"":[]}"
VHI_M_2020-11_000000000000000001c6,0.509978515084389,2.5675661185193155,455,11,Dry,2020,2020-11,"{""type"":""MultiPoint"",""coordinates"":[]}"
VHI_M_2020-11_00000000000000000003,0.7533205514971261,3.118034751348113,4,11,Dry,2020,2020-11,"{""type"":""MultiPoint"",""coordinates"":[]}"
VHI_M_2020-11_0000000000000000001b,12.304147460766083,3.294562647754136,28,11,Dry,2020,2020-11,"{""type"":""MultiPoint"",""coordinates"":[]}"
VHI_M_2020-11_00000000000000000186,64.40146132077732,4.082802774319757,391,11,Dry,2020,2020-11,"{""type"":""MultiPoint"",""coordinates"":[]}"
VHI_M_2020-11_00000000000000000187,0.47455761487967574,2.367956941536292,392,11,Dry,2020,2020-11,"{""type"":""MultiPoint"",""coordinates"":[]}"
VHI_M_2020-11_00000000000000000188,2.848065463429759,3.2136441881895186,393,11,Dry,2020,2020-11,"{""type"":""MultiPoint"",""coordinates"":[]}"
VHI_M_2020-11_00000000000000000189,3.6467277762649677,3.319157443073775,394,11,Dry,2020,2020-11,"{""type"":""MultiPoint"",""coordinates"":[]}"
VHI_M_2020-11_0000000000000000018a,0.5559158204195169,2.9536907264657786,395,11,Dry,2020,2020-11,"{""type"":""MultiPoint"",""coordinates"":[]}"
VHI_M_2020-11_0000000000000000018f,0.6701105449070186,3.7341853035143773,400,11,Dry,2020,2020-11,"{""type"":""MultiPoint"",""coordinates"":[]}"
VHI_M_2020-11_00000000000000000190,0.5671398955983917,2.9968940080238116,401,11,Dry,2020,2020-11,"{""type"":""MultiPoint"",""coordinates"":[]}"
VHI_M_2020-11_0000000000000000021e,0.6624651643615695,3.519764681597689,543,11,Dry,2020,2020-11,"{""type"":""MultiPoint"",""coordinates"":[]}"
VHI_M_2020-11_0000000000000000021f,0.6240206248920319,2.593393101238664,544,11,Dry,2020,2020-11,"{""type"":""MultiPoint"",""coordinates"":[]}"
VHI_M_2020-11_00000000000000000220,0.5233856091365854,2.541545790073525,545,11,Dry,2020,2020-11,"{""type"":""MultiPoint"",""coordinates"":[]}"
VHI_M_2020-11_00000000000000000007,0.7513989755455618,4.146765144520987,8,11,Dry,2020,2020-11,"{""type"":""MultiPoint"",""coordinates"":[]}"
VHI_M_2020-11_0000000000000000000b,0.7306903385000142,3.9773491949050697,12,11,Dry,2020,2020-11,"{""type"":""MultiPoint"",""coordinates"":[]}"
VHI_M_2020-11_00000000000000000012,0.5638519524583376,2.9198835331316406,19,11,Dry,2020,2020-11,"{""type"":""MultiPoint"",""coordinates"":[]}"
VHI_M_2020-11_00000000000000000013,0.5739147576602287,2.9710317374039654,20,11,Dry,2020,2020-11,"{""type"":""MultiPoint"",""coordinates"":[]}"
VHI_M_2020-11_00000000000000000014,0.5155158160805824,2.6226652879208947,21,11,Dry,2020,2020-11,"{""type"":""MultiPoint"",""coordinates"":[]}"
VHI_M_2020-11_00000000000000000015,0.5234477475305594,2.6629899855104044,22,11,Dry,2020,2020-11,"{""type"":""MultiPoint"",""coordinates"":[]}"
VHI_M_2020-11_00000000000000000016,0.5990330096366653,3.188303143984993,23,11,Dry,2020,2020-11,"{""type"":""MultiPoint"",""coordinates"":[]}"
VHI_M_2020-11_00000000000000000183,0.5806120032836688,3.0379403794037922,388,11,Dry,2020,2020-11,"{""type"":""MultiPoint"",""coordinates"":[]}"
VHI_M_2020-11_00000000000000000184,0.5621870469082347,2.9344415143188494,389,11,Dry,2020,2020-11,"{""type"":""MultiPoint"",""coordinates"":[]}"
VHI_M_2020-11_00000000000000000185,4.938814204126354,2.8148955548808945,390,11,Dry,2020,2020-11,"{""type"":""MultiPoint"",""coordinates"":[]}"
VHI_M_2020-11_00000000000000000212,0.43220447818081675,2.0,531,11,Dry,2020,2020-11,"{""type"":""MultiPoint"",""coordinates"":[]}"
VHI_M_2020-11_00000000000000000213,0.6796129141549668,3.660460268844649,532,11,Dry,2020,2020-11,"{""type"":""MultiPoint"",""coordinates"":[]}"
VHI_M_2020-11_00000000000000000214,0.5270177061386955,2.692898529441116,533,11,Dry,2020,2020-11,"{""type"":""MultiPoint"",""coordinates"":[]}"
VHI_M_2020-11_00000000000000000215,0.5845399481953732,3.0665378420657055,534,11,Dry,2020,2020-11,"{""type"":""MultiPoint"",""coordinates"":[]}"
VHI_M_2020-11_0000000000000000005a,75.02513811227514,3.2212979675115743,91,11,Dry,2020,2020-11,"{""type"":""MultiPoint"",""coordinates"":[]}"
VHI_M_2020-11_00000000000000000118,53.08138466476209,3.4917968573451663,281,11,Dry,2020,2020-11,"{""type"":""MultiPoint"",""coordinates"":[]}"
VHI_M_2020-11_00000000000000000119,8.356459022091464,2.6700355883919293,282,11,Dry,2020,2020-11,"{""type"":""MultiPoint"",""coordinates"":[]}"
VHI_M_2020-11_0000000000000000011a,3.8218043217012254,2.971865656782536,283,11,Dry,2020,2020-11,"{""type"":""MultiPoint"",""coordinates"":[]}"
VHI_M_2020-11_0000000000000000011b,0.5977470632700073,3.117436989217774,284,11,Dry,2020,2020-11,"{""type"":""MultiPoint"",""coordinates"":[]}"
VHI_M_2020-11_00000000000000000141,10.219623855288653,3.371785504965757,322,11,Dry,2020,2020-11,"{""type"":""MultiPoint"",""coordinates"":[]}"
VHI_M_2020-11_00000000000000000142,54.24129177382479,3.3530493727654114,323,11,Dry,2020,2020-11,"{""type"":""MultiPoint"",""coordinates"":[]}"
VHI_M_2020-11_00000000000000000143,13.728272441437527,3.4015425229119898,324,11,Dry,2020,2020-11,"{""type"":""MultiPoint"",""coordinates"":[]}"
VHI_M_2020-11_00000000000000000144,49.146913889956,3.4748956762706396,325,11,Dry,2020,2020-11,"{""type"":""MultiPoint"",""coordinates"":[]}"
VHI_M_2020-11_00000000000000000145,35.11215967566386,3.497102695541463,326,11,Dry,2020,2020-11,"{""type"":""MultiPoint"",""coordinates"":[]}"
VHI_M_2020-11_000000000000000001af,85.7469847914791,2.638544474393531,432,11,Dry,2020,2020-11,"{""type"":""MultiPoint"",""coordinates"":[]}"
VHI_M_2020-11_0000000000000000004b,0.7497284080420701,4.192534957977024,76,11,Dry,2020,2020-11,"{""type"":""MultiPoint"",""coordinates"":[]}"
VHI_M_2020-11_0000000000000000004c,0.6387483369171265,3.452772618731757,77,11,Dry,2020,2020-11,"{""type"":""MultiPoint"",""coordinates"":[]}"
VHI_M_2020-11_0000000000000000004d,0.6536049504864513,3.5212365553940237,78,11,Dry,2020,2020-11,"{""type"":""MultiPoint"",""coordinates"":[]}"
VHI_M_2020-11_0000000000000000004e,0.6181746498079187,3.2710930178851942,79,11,Dry,2020,2020-11,"{""type"":""MultiPoint"",""coordinates"":[]}"
VHI_M_2020-11_0000000000000000004f,0.6492919189205407,3.4628486612369374,80,11,Dry,2020,2020-11,"{""type"":""MultiPoint"",""coordinates"":[]}"
VHI_M_2020-11_00000000000000000050,0.8379924974446193,4.8750815394651,81,11,Dry,2020,2020-11,"{""type"":""MultiPoint"",""coordinates"":[]}"
VHI_M_2020-11_00000000000000000051,0.6321563870822763,3.0928280163108663,82,11,Dry,2020,2020-11,"{""type"":""MultiPoint"",""coordinates"":[]}"
VHI_M_2020-11_00000000000000000052,0.5830391931645371,2.923526831408101,83,11,Dry,2020,2020-11,"{""type"":""MultiPoint"",""coordinates"":[]}"
VHI_M_2020-11_000000000000000000aa,0.565402709912062,2.9533167266352987,171,11,Dry,2020,2020-11,"{""type"":""MultiPoint"",""coordinates"":[]}"
VHI_M_2020-11_000000000000000000ab,0.6797602107881836,3.691301519466911,172,11,Dry,2020,2020-11,"{""type"":""MultiPoint"",""coordinates"":[]}"
VHI_M_2020-11_000000000000000000ac,0.6270561944806391,3.305021586684944,173,11,Dry,2020,2020-11,"{""type"":""MultiPoint"",""coordinates"":[]}"
VHI_M_2020-11_000000000000000000ad,0.6541898336977549,3.521458171662506,174,11,Dry,2020,2020-11,"{""type"":""MultiPoint"",""coordinates"":[]}"
VHI_M_2020-11_000000000000000000ae,0.4932792757337257,2.5739417262232007,175,11,Dry,2020,2020-11,"{""type"":""MultiPoint"",""coordinates"":[]}"
VHI_M_2020-11_000000000000000000af,0.6217826010285861,3.281725888324873,176,11,Dry,2020,2020-11,"{""type"":""MultiPoint"",""coordinates"":[]}"
VHI_M_2020-11_000000000000000000b0,0.8509799523817849,4.915732996686128,177,11,Dry,2020,2020-11,"{""type"":""MultiPoint"",""coordinates"":[]}"
VHI_M_2020-11_000000000000000001c7,0.6573412371088256,3.4983938720039536,456,11,Dry,2020,2020-11,"{""type"":""MultiPoint"",""coordinates"":[]}"
VHI_M_2020-11_000000000000000001c8,0.6132435049436799,3.247926954825286,457,11,Dry,2020,2020-11,"{""type"":""MultiPoint"",""coordinates"":[]}"
VHI_M_2020-11_000000000000000001c9,0.5560517676652708,2.8860910489768106,458,11,Dry,2020,2020-11,"{""type"":""MultiPoint"",""coordinates"":[]}"
VHI_M_2020-11_000000000000000001ca,0.5635188377222685,3.0701536936043627,459,11,Dry,2020,2020-11,"{""type"":""MultiPoint"",""coordinates"":[]}"
VHI_M_2020-11_0000000000000000020a,0.5956490412865926,3.1769291800338064,523,11,Dry,2020,2020-11,"{""type"":""MultiPoint"",""coordinates"":[]}"
VHI_M_2020-11_0000000000000000020b,0.9424357297800211,2.9258735674293903,524,11,Dry,2020,2020-11,"{""type"":""MultiPoint"",""coordinates"":[]}"
VHI_M_2020-11_0000000000000000020c,0.6864923190405718,3.7138061849013146,525,11,Dry,2020,2020-11,"{""type"":""MultiPoint"",""coordinates"":[]}"
VHI_M_2020-11_000000000000000001ab,0.4735125933009363,2.3290344768291633,428,11,Dry,2020,2020-11,"{""type"":""MultiPoint"",""coordinates"":[]}"
VHI_M_2020-11_000000000000000001ac,0.4519230324334205,2.1747478418321164,429,11,Dry,2020,2020-11,"{""type"":""MultiPoint"",""coordinates"":[]}"
VHI_M_2020-11_000000000000000001ad,8.638527896816166,2.9571502030713432,430,11,Dry,2020,2020-11,"{""type"":""MultiPoint"",""coordinates"":[]}"
VHI_M_2020-11_000000000000000001ae,45.42886661279437,2.724657401695756,431,11,Dry,2020,2020-11,"{""type"":""MultiPoint"",""coordinates"":[]}"
VHI_M_2020-11_000000000000000001c3,39.052272011656704,3.167334925780584,452,11,Dry,2020,2020-11,"{""type"":""MultiPoint"",""coordinates"":[]}"
VHI_M_2020-11_00000000000000000037,0.5206955466493799,2.6398612574943408,56,11,Dry,2020,2020-11,"{""type"":""MultiPoint"",""coordinates"":[]}"
VHI_M_2020-11_00000000000000000038,0.49166204802245084,2.4488322010303762,57,11,Dry,2020,2020-11,"{""type"":""MultiPoint"",""coordinates"":[]}"
VHI_M_2020-11_00000000000000000039,0.4086983680505419,2.015641152411344,58,11,Dry,2020,2020-11,"{""type"":""MultiPoint"",""coordinates"":[]}"
VHI_M_2020-11_0000000000000000003a,0.517613542945453,2.6207017623340723,59,11,Dry,2020,2020-11,"{""type"":""MultiPoint"",""coordinates"":[]}"
VHI_M_2020-11_0000000000000000003b,0.48786055665907213,2.435332283672467,60,11,Dry,2020,2020-11,"{""type"":""MultiPoint"",""coordinates"":[]}"
VHI_M_2020-11_0000000000000000003c,0.5959169390512077,3.105883213146518,61,11,Dry,2020,2020-11,"{""type"":""MultiPoint"",""coordinates"":[]}"
VHI_M_2020-11_0000000000000000003d,0.5953318114348656,3.130031437214543,62,11,Dry,2020,2020-11,"{""type"":""MultiPoint"",""coordinates"":[]}"
VHI_M_2020-11_0000000000000000003e,10.409433015556035,2.5154040061979464,63,11,Dry,2020,2020-11,"{""type"":""MultiPoint"",""coordinates"":[]}"
VHI_M_2020-11_0000000000000000003f,0.544299819373927,2.793949377402268,64,11,Dry,2020,2020-11,"{""type"":""MultiPoint"",""coordinates"":[]}"
VHI_M_2020-11_00000000000000000044,0.44073081243270346,2.12277343099717,69,11,Dry,2020,2020-11,"{""type"":""MultiPoint"",""coordinates"":[]}"
VHI_M_2020-11_00000000000000000076,0.5089256373083869,2.608877664999274,119,11,Dry,2020,2020-11,"{""type"":""MultiPoint"",""coordinates"":[]}"
VHI_M_2020-11_00000000000000000077,5.7828690549011945,2.390233853006684,120,11,Dry,2020,2020-11,"{""type"":""MultiPoint"",""coordinates"":[]}"
VHI_M_2020-11_00000000000000000078,0.4685141394436963,2.3300460675170322,121,11,Dry,2020,2020-11,"{""type"":""MultiPoint"",""coordinates"":[]}"
VHI_M_2020-11_00000000000000000079,0.5453425084555892,2.869642291864514,122,11,Dry,2020,2020-11,"{""type"":""MultiPoint"",""coordinates"":[]}"
VHI_M_2020-11_0000000000000000008b,0.41620277202432204,2.0054503464203233,140,11,Dry,2020,2020-11,"{""type"":""MultiPoint"",""coordinates"":[]}"
VHI_M_2020-11_0000000000000000008c,1.5478691156045254,2.648326109439093,141,11,Dry,2020,2020-11,"{""type"":""MultiPoint"",""coordinates"":[]}"
VHI_M_2020-11_0000000000000000008d,11.202634905544727,2.619373101353217,142,11,Dry,2020,2020-11,"{""type"":""MultiPoint"",""coordinates"":[]}"
VHI_M_2020-11_0000000000000000008e,0.6040869470606509,3.1544966713738143,143,11,Dry,2020,2020-11,"{""type"":""MultiPoint"",""coordinates"":[]}"
VHI_M_2020-11_0000000000000000008f,0.5568327888021658,3.0,144,11,Dry,2020,2020-11,"{""type"":""MultiPoint"",""coordinates"":[]}"
VHI_M_2020-11_00000000000000000090,0.5740954619896702,2.9795779801593727,145,11,Dry,2020,2020-11,"{""type"":""MultiPoint"",""coordinates"":[]}"
VHI_M_2020-11_00000000000000000091,0.5541752252033842,2.8843322078409286,146,11,Dry,2020,2020-11,"{""type"":""MultiPoint"",""coordinates"":[]}"
VHI_M_2020-11_000000000000000000b5,36.13194137703727,3.074190308812453,182,11,Dry,2020,2020-11,"{""type"":""MultiPoint"",""coordinates"":[]}"
VHI_M_2020-11_000000000000000000cc,8.977690666610581,3.250190117552203,205,11,Dry,2020,2020-11,"{""type"":""MultiPoint"",""coordinates"":[]}"
VHI_M_2020-11_000000000000000000cd,0.7460207968937594,2.284076052158376,206,11,Dry,2020,2020-11,"{""type"":""MultiPoint"",""coordinates"":[]}"
VHI_M_2020-11_000000000000000001dd,0.5714848534805745,2.9876132930513597,478,11,Dry,2020,2020-11,"{""type"":""MultiPoint"",""coordinates"":[]}"
VHI_M_2020-11_000000000000000001de,0.6411903515231584,3.4803956099691464,479,11,Dry,2020,2020-11,"{""type"":""MultiPoint"",""coordinates"":[]}"
VHI_M_2020-11_000000000000000001df,0.47698975362281526,2.353364064502172,480,11,Dry,2020,2020-11,"{""type"":""MultiPoint"",""coordinates"":[]}"
VHI_M_2020-11_000000000000000001e0,0.6123816405913596,3.239238103879803,481,11,Dry,2020,2020-11,"{""type"":""MultiPoint"",""coordinates"":[]}"
VHI_M_2020-11_000000000000000001e1,0.6257593079464375,3.207160737313206,482,11,Dry,2020,2020-11,"{""type"":""MultiPoint"",""coordinates"":[]}"
VHI_M_2020-11_0000000000000000007a,0.5027195750141651,2.496443482294727,123,11,Dry,2020,2020-11,"{""type"":""MultiPoint"",""coordinates"":[]}"
VHI_M_2020-11_0000000000000000007b,0.4684126101674135,2.303091933098191,124,11,Dry,2020,2020-11,"{""type"":""MultiPoint"",""coordinates"":[]}"
VHI_M_2020-11_0000000000000000007c,0.5379729156363775,2.8143433870110206,125,11,Dry,2020,2020-11,"{""type"":""MultiPoint"",""coordinates"":[]}"
VHI_M_2020-11_0000000000000000007d,0.5406778018813291,2.760930250900702,126,11,Dry,2020,2020-11,"{""type"":""MultiPoint"",""coordinates"":[]}"
VHI_M_2020-11_0000000000000000007e,19.434666779417586,2.94815761788715,127,11,Dry,2020,2020-11,"{""type"":""MultiPoint"",""coordinates"":[]}"
VHI_M_2020-11_0000000000000000007f,13.974869588654899,3.1696527536519588,128,11,Dry,2020,2020-11,"{""type"":""MultiPoint"",""coordinates"":[]}"
VHI_M_2020-11_00000000000000000080,0.5840044800607062,3.0501357497972563,129,11,Dry,2020,2020-11,"{""type"":""MultiPoint"",""coordinates"":[]}"
VHI_M_2020-11_00000000000000000088,4.635544221238452,3.2723476355919137,137,11,Dry,2020,2020-11,"{""type"":""MultiPoint"",""coordinates"":[]}"
VHI_M_2020-11_00000000000000000089,0.666468230945805,3.645566182904384,138,11,Dry,2020,2020-11,"{""type"":""MultiPoint"",""coordinates"":[]}"
VHI_M_2020-11_0000000000000000008a,0.616911018761899,3.294678462765483,139,11,Dry,2020,2020-11,"{""type"":""MultiPoint"",""coordinates"":[]}"
VHI_M_2020-11_00000000000000000099,0.594494624853866,3.1418942642703045,154,11,Dry,2020,2020-11,"{""type"":""MultiPoint"",""coordinates"":[]}"
VHI_M_2020-11_0000000000000000009a,3.2725482441407907,2.8493388824452444,155,11,Dry,2020,2020-11,"{""type"":""MultiPoint"",""coordinates"":[]}"
VHI_M_2020-11_00000000000000000112,0.6863941362390644,3.786728501087828,275,11,Dry,2020,2020-11,"{""type"":""MultiPoint"",""coordinates"":[]}"
VHI_M_2020-11_000000000000000001d8,0.4878217776781878,2.4591924645339165,473,11,Dry,2020,2020-11,"{""type"":""MultiPoint"",""coordinates"":[]}"
VHI_M_2020-11_00000000000000000001,0.5798091413630808,3.1067025089605735,2,11,Dry,2020,2020-11,"{""type"":""MultiPoint"",""coordinates"":[]}"
VHI_M_2020-11_00000000000000000030,0.5241221322524647,2.6538346105577926,49,11,Dry,2020,2020-11,"{""type"":""MultiPoint"",""coordinates"":[]}"
VHI_M_2020-11_00000000000000000031,0.4240542218585133,1.9936890655304498,50,11,Dry,2020,2020-11,"{""type"":""MultiPoint"",""coordinates"":[]}"
VHI_M_2020-11_00000000000000000032,0.580602181829217,3.040498188774471,51,11,Dry,2020,2020-11,"{""type"":""MultiPoint"",""coordinates"":[]}"
VHI_M_2020-11_000000000000000000d7,0.45952267979253525,2.2433800061450095,216,11,Dry,2020,2020-11,"{""type"":""MultiPoint"",""coordinates"":[]}"
VHI_M_2020-11_000000000000000000d8,0.40233841839800105,1.856087517485332,217,11,Dry,2020,2020-11,"{""type"":""MultiPoint"",""coordinates"":[]}"
VHI_M_2020-11_000000000000000000d9,0.4614585948557363,2.2522523400042176,218,11,Dry,2020,2020-11,"{""type"":""MultiPoint"",""coordinates"":[]}"
VHI_M_2020-11_000000000000000000da,0.3906715096071933,1.7702076677316307,219,11,Dry,2020,2020-11,"{""type"":""MultiPoint"",""coordinates"":[]}"
VHI_M_2020-11_00000000000000000132,0.5553428257011023,2.8726012709372926,307,11,Dry,2020,2020-11,"{""type"":""MultiPoint"",""coordinates"":[]}"
VHI_M_2020-11_00000000000000000133,81.7986655658634,4.087438564407361,308,11,Dry,2020,2020-11,"{""type"":""MultiPoint"",""coordinates"":[]}"
VHI_M_2020-11_00000000000000000134,0.5855561975184883,3.0810092325541945,309,11,Dry,2020,2020-11,"{""type"":""MultiPoint"",""coordinates"":[]}"
VHI_M_2020-11_00000000000000000135,24.685430082808214,3.4298928798039263,310,11,Dry,2020,2020-11,"{""type"":""MultiPoint"",""coordinates"":[]}"
VHI_M_2020-11_0000000000000000001f,0.36162772981671104,1.6558183911077686,32,11,Dry,2020,2020-11,"{""type"":""MultiPoint"",""coordinates"":[]}"
VHI_M_2020-11_00000000000000000020,0.5433177900434543,2.78611345902002,33,11,Dry,2020,2020-11,"{""type"":""MultiPoint"",""coordinates"":[]}"
VHI_M_2020-11_00000000000000000021,0.41182912271004357,1.9285070376853621,34,11,Dry,2020,2020-11,"{""type"":""MultiPoint"",""coordinates"":[]}"
VHI_M_2020-11_00000000000000000045,0.3377682561252398,1.5287382247493844,70,11,Dry,2020,2020-11,"{""type"":""MultiPoint"",""coordinates"":[]}"
VHI_M_2020-11_00000000000000000046,0.45984527705496686,2.245736908704287,71,11,Dry,2020,2020-11,"{""type"":""MultiPoint"",""coordinates"":[]}"
VHI_M_2020-11_00000000000000000047,0.4241893414830694,1.974610008967965,72,11,Dry,2020,2020-11,"{""type"":""MultiPoint"",""coordinates"":[]}"
VHI_M_2020-11_00000000000000000048,0.3277720134983548,1.4723541964608506,73,11,Dry,2020,2020-11,"{""type"":""MultiPoint"",""coordinates"":[]}"
VHI_M_2020-11_00000000000000000072,0.42138843688617444,1.974551608018077,115,11,Dry,2020,2020-11,"{""type"":""MultiPoint"",""coordinates"":[]}"
VHI_M_2020-11_00000000000000000073,0.5256857741110192,2.6932363315785803,116,11,Dry,2020,2020-11,"{""type"":""MultiPoint"",""coordinates"":[]}"
VHI_M_2020-11_00000000000000000074,0.5073399605950519,2.546011818185132,117,11,Dry,2020,2020-11,"{""type"":""MultiPoint"",""coordinates"":[]}"
VHI_M_2020-11_00000000000000000075,0.5696645713153891,2.9775423518253255,118,11,Dry,2020,2020-11,"{""type"":""MultiPoint"",""coordinates"":[]}"
VHI_M_2020-11_000000000000000000b4,0.4388131329653834,2.1020817545580166,181,11,Dry,2020,2020-11,"{""type"":""MultiPoint"",""coordinates"":[]}"
VHI_M_2020-11_000000000000000000e8,0.4398291362148691,2.053638218293097,233,11,Dry,2020,2020-11,"{""type"":""MultiPoint"",""coordinates"":[]}"
VHI_M_2020-11_000000000000000000e9,0.36005875273207577,1.691376943581476,234,11,Dry,2020,2020-11,"{""type"":""MultiPoint"",""coordinates"":[]}"
VHI_M_2020-11_000000000000000000ea,0.36730446952869855,1.692502651594469,235,11,Dry,2020,2020-11,"{""type"":""MultiPoint"",""coordinates"":[]}"
VHI_M_2020-11_00000000000000000022,0.47174312204473084,2.350827523065004,35,11,Dry,2020,2020-11,"{""type"":""MultiPoint"",""coordinates"":[]}"
VHI_M_2020-11_00000000000000000023,0.5091485342992706,2.573114358788638,36,11,Dry,2020,2020-11,"{""type"":""MultiPoint"",""coordinates"":[]}"
VHI_M_2020-11_00000000000000000024,0.48670164274987454,2.4307902050557546,37,11,Dry,2020,2020-11,"{""type"":""MultiPoint"",""coordinates"":[]}"
VHI_M_2020-11_00000000000000000025,0.48983222376403046,2.4483017561544322,38,11,Dry,2020,2020-11,"{""type"":""MultiPoint"",""coordinates"":[]}"
VHI_M_2020-11_000000000000000000f0,0.5040487901138427,2.667127425382686,241,11,Dry,2020,2020-11,"{""type"":""MultiPoint"",""coordinates"":[]}"
VHI_M_2020-11_000000000000000000f4,0.417637393511606,1.9734093809412196,245,11,Dry,2020,2020-11,"{""type"":""MultiPoint"",""coordinates"":[]}"
VHI_M_2020-11_000000000000000000f5,0.47700418656117755,2.360761616243051,246,11,Dry,2020,2020-11,"{""type"":""MultiPoint"",""coordinates"":[]}"
VHI_M_2020-11_000000000000000000f6,0.5704610424328889,2.9625474326492722,247,11,Dry,2020,2020-11,"{""type"":""MultiPoint"",""coordinates"":[]}"
VHI_M_2020-11_000000000000000000f7,0.5535894124876389,2.8988156163181737,248,11,Dry,2020,2020-11,"{""type"":""MultiPoint"",""coordinates"":[]}"
VHI_M_2020-11_000000000000000000f8,0.4864186339407582,2.4313167802216222,249,11,Dry,2020,2020-11,"{""type"":""MultiPoint"",""coordinates"":[]}"
VHI_M_2020-11_00000000000000000000,0.5486924761016255,2.804676699450962,1,11,Dry,2020,2020-11,"{""type"":""MultiPoint"",""coordinates"":[]}"
VHI_M_2020-11_000000000000000000f2,0.46453994382796626,2.2904442332529196,243,11,Dry,2020,2020-11,"{""type"":""MultiPoint"",""coordinates"":[]}"
VHI_M_2020-11_000000000000000000f3,0.4876560734461269,2.4173954088614025,244,11,Dry,2020,2020-11,"{""type"":""MultiPoint"",""coordinates"":[]}"
VHI_M_2020-11_00000000000000000106,0.4729870879225436,2.344004181913226,263,11,Dry,2020,2020-11,"{""type"":""MultiPoint"",""coordinates"":[]}"
VHI_M_2020-11_00000000000000000107,0.541807316614703,2.773312727014341,264,11,Dry,2020,2020-11,"{""type"":""MultiPoint"",""coordinates"":[]}"
VHI_M_2020-11_00000000000000000108,0.4657443547011868,2.306701861505194,265,11,Dry,2020,2020-11,"{""type"":""MultiPoint"",""coordinates"":[]}"
VHI_M_2020-11_0000000000000000012c,0.5906105672539588,3.123724314748532,301,11,Dry,2020,2020-11,"{""type"":""MultiPoint"",""coordinates"":[]}"
VHI_M_2020-11_0000000000000000012d,0.6186638088527469,3.2930173132633302,302,11,Dry,2020,2020-11,"{""type"":""MultiPoint"",""coordinates"":[]}"
VHI_M_2020-11_0000000000000000012e,0.555684639997461,2.875688147516281,303,11,Dry,2020,2020-11,"{""type"":""MultiPoint"",""coordinates"":[]}"
VHI_M_2020-11_000000000000000000a5,0.507525588760832,2.5772767329392785,166,11,Dry,2020,2020-11,"{""type"":""MultiPoint"",""coordinates"":[]}"
VHI_M_2020-11_000000000000000000a6,0.4690340886489109,2.245683612874139,167,11,Dry,2020,2020-11,"{""type"":""MultiPoint"",""coordinates"":[]}"
VHI_M_2020-11_000000000000000000c1,45.91437469247428,3.2927612506132644,194,11,Dry,2020,2020-11,"{""type"":""MultiPoint"",""coordinates"":[]}"
VHI_M_2020-11_00000000000000000120,2.706538535132316,2.5604236124730337,289,11,Dry,2020,2020-11,"{""type"":""MultiPoint"",""coordinates"":[]}"
VHI_M_2020-11_000000000000000001d9,5.575901600325879,2.823910019640226,474,11,Dry,2020,2020-11,"{""type"":""MultiPoint"",""coordinates"":[]}"
VHI_M_2020-11_000000000000000001da,0.516570451666232,2.688592872018546,475,11,Dry,2020,2020-11,"{""type"":""MultiPoint"",""coordinates"":[]}"
VHI_M_2020-11_000000000000000001db,0.43189565992160406,2.0450905436435005,476,11,Dry,2020,2020-11,"{""type"":""MultiPoint"",""coordinates"":[]}"
VHI_M_2020-11_000000000000000001dc,0.4415289225031388,1.9976919067828158,477,11,Dry,2020,2020-11,"{""type"":""MultiPoint"",""coordinates"":[]}"
VHI_M_2020-11_000000000000000001e2,54.55443216003111,2.66647963191561,483,11,Dry,2020,2020-11,"{""type"":""MultiPoint"",""coordinates"":[]}"
VHI_M_2020-11_000000000000000001e3,4.519751605177141,2.4040832650122965,484,11,Dry,2020,2020-11,"{""type"":""MultiPoint"",""coordinates"":[]}"
VHI_M_2020-11_000000000000000001e4,80.49070899515478,2.9585847504114087,485,11,Dry,2020,2020-11,"{""type"":""MultiPoint"",""coordinates"":[]}"
VHI_M_2020-11_000000000000000001e5,26.492254734861085,2.0257988165680483,486,11,Dry,2020,2020-11,"{""type"":""MultiPoint"",""coordinates"":[]}"
VHI_M_2020-11_000000000000000001e6,1.0606684760386367,2.322374267824682,487,11,Dry,2020,2020-11,"{""type"":""MultiPoint"",""coordinates"":[]}"
VHI_M_2020-11_000000000000000001e7,16.042403491051022,2.925407889060413,488,11,Dry,2020,2020-11,"{""type"":""MultiPoint"",""coordinates"":[]}"
VHI_M_2020-11_000000000000000001e8,0.5264500690359485,2.6411018402103106,489,11,Dry,2020,2020-11,"{""type"":""MultiPoint"",""coordinates"":[]}"
VHI_M_2020-11_000000000000000001e9,58.714664271865395,3.2069217645625154,490,11,Dry,2020,2020-11,"{""type"":""MultiPoint"",""coordinates"":[]}"
VHI_M_2020-11_000000000000000000e2,0.3026327168790702,1.3062078834673585,227,11,Dry,2020,2020-11,"{""type"":""MultiPoint"",""coordinates"":[]}"
VHI_M_2020-11_000000000000000000e3,0.4412582821111418,2.0884856258668716,228,11,Dry,2020,2020-11,"{""type"":""MultiPoint"",""coordinates"":[]}"
VHI_M_2020-11_000000000000000000e4,25.233789317152223,2.555509565857248,229,11,Dry,2020,2020-11,"{""type"":""MultiPoint"",""coordinates"":[]}"
VHI_M_2020-11_000000000000000000e5,1.1818021674366175,2.6538201358651636,230,11,Dry,2020,2020-11,"{""type"":""MultiPoint"",""coordinates"":[]}"
VHI_M_2020-11_000000000000000000e6,0.5272555409143043,2.565699006875478,231,11,Dry,2020,2020-11,"{""type"":""MultiPoint"",""coordinates"":[]}"
VHI_M_2020-11_000000000000000000e7,0.42788389442962155,1.93424885559717,232,11,Dry,2020,2020-11,"{""type"":""MultiPoint"",""coordinates"":[]}"
VHI_M_2020-11_0000000000000000017f,0.4197835958321667,1.9825689299926081,384,11,Dry,2020,2020-11,"{""type"":""MultiPoint"",""coordinates"":[]}"
VHI_M_2020-11_00000000000000000180,0.46664616521695995,2.2949146144314327,385,11,Dry,2020,2020-11,"{""type"":""MultiPoint"",""coordinates"":[]}"
VHI_M_2020-11_00000000000000000203,0.3985678285839495,1.8384535692228,516,11,Dry,2020,2020-11,"{""type"":""MultiPoint"",""coordinates"":[]}"
VHI_M_2020-11_00000000000000000204,0.36931844595358404,1.6679965996032877,517,11,Dry,2020,2020-11,"{""type"":""MultiPoint"",""coordinates"":[]}"
VHI_M_2020-11_00000000000000000205,0.3765495598730667,1.6570401483813806,518,11,Dry,2020,2020-11,"{""type"":""MultiPoint"",""coordinates"":[]}"
VHI_M_2020-11_00000000000000000206,0.34249239912720164,1.4896917494118107,519,11,Dry,2020,2020-11,"{""type"":""MultiPoint"",""coordinates"":[]}"
VHI_M_2020-11_00000000000000000207,0.3953850198473026,1.866358325219084,520,11,Dry,2020,2020-11,"{""type"":""MultiPoint"",""coordinates"":[]}"
VHI_M_2020-11_00000000000000000208,0.3447929324044317,1.3927248481256476,521,11,Dry,2020,2020-11,"{""type"":""MultiPoint"",""coordinates"":[]}"
VHI_M_2020-11_00000000000000000209,0.39344840796188935,1.8520817170933546,522,11,Dry,2020,2020-11,"{""type"":""MultiPoint"",""coordinates"":[]}"
VHI_M_2020-11_0000000000000000000e,0.4683390265448503,2.2504392092849543,15,11,Dry,2020,2020-11,"{""type"":""MultiPoint"",""coordinates"":[]}"
VHI_M_2020-11_00000000000000000124,0.5128318244162615,2.4417568983583653,293,11,Dry,2020,2020-11,"{""type"":""MultiPoint"",""coordinates"":[]}"
VHI_M_2020-11_00000000000000000125,13.508310116150147,2.5101226611425984,294,11,Dry,2020,2020-11,"{""type"":""MultiPoint"",""coordinates"":[]}"
VHI_M_2020-11_00000000000000000126,0.5418082384541513,2.798488914241808,295,11,Dry,2020,2020-11,"{""type"":""MultiPoint"",""coordinates"":[]}"
VHI_M_2020-11_00000000000000000127,0.49965435957784216,2.5272846367338113,296,11,Dry,2020,2020-11,"{""type"":""MultiPoint"",""coordinates"":[]}"
VHI_M_2020-11_00000000000000000128,0.40423350064973856,1.8679663269827207,297,11,Dry,2020,2020-11,"{""type"":""MultiPoint"",""coordinates"":[]}"
VHI_M_2020-11_00000000000000000129,0.49126338366701333,2.4603473184288887,298,11,Dry,2020,2020-11,"{""type"":""MultiPoint"",""coordinates"":[]}"
VHI_M_2020-11_0000000000000000012a,0.3977121857420953,1.8499090781927543,299,11,Dry,2020,2020-11,"{""type"":""MultiPoint"",""coordinates"":[]}"
VHI_M_2020-11_0000000000000000012b,0.4478492258654592,2.170518732586196,300,11,Dry,2020,2020-11,"{""type"":""MultiPoint"",""coordinates"":[]}"
VHI_M_2020-11_00000000000000000174,0.4200995589427523,2.0006981680071494,373,11,Dry,2020,2020-11,"{""type"":""MultiPoint"",""coordinates"":[]}"
VHI_M_2020-11_00000000000000000175,0.44433490362394984,2.1277524729278676,374,11,Dry,2020,2020-11,"{""type"":""MultiPoint"",""coordinates"":[]}"
VHI_M_2020-11_00000000000000000176,0.3807767506802427,1.7136581079761788,375,11,Dry,2020,2020-11,"{""type"":""MultiPoint"",""coordinates"":[]}"
VHI_M_2020-11_00000000000000000177,0.4488973236222177,2.1347555266050557,376,11,Dry,2020,2020-11,"{""type"":""MultiPoint"",""coordinates"":[]}"
VHI_M_2020-11_00000000000000000195,0.4606021952914269,2.230295210942294,406,11,Dry,2020,2020-11,"{""type"":""MultiPoint"",""coordinates"":[]}"
VHI_M_2020-11_00000000000000000196,0.41170618597501213,1.9515880307988243,407,11,Dry,2020,2020-11,"{""type"":""MultiPoint"",""coordinates"":[]}"
VHI_M_2020-11_00000000000000000197,3.2817643412493975,2.7496448686192365,408,11,Dry,2020,2020-11,"{""type"":""MultiPoint"",""coordinates"":[]}"
VHI_M_2020-11_00000000000000000198,0.4694618102079072,2.278956666320274,409,11,Dry,2020,2020-11,"{""type"":""MultiPoint"",""coordinates"":[]}"
VHI_M_2020-11_00000000000000000199,0.5415904780338876,2.75217587440979,410,11,Dry,2020,2020-11,"{""type"":""MultiPoint"",""coordinates"":[]}"
VHI_M_2020-11_00000000000000000035,0.5738079512711391,3.200132450331126,54,11,Dry,2020,2020-11,"{""type"":""MultiPoint"",""coordinates"":[]}"
VHI_M_2020-11_000000000000000000ce,0.5224250575568797,2.652927606207653,207,11,Dry,2020,2020-11,"{""type"":""MultiPoint"",""coordinates"":[]}"
VHI_M_2020-11_000000000000000000cf,0.5206954798691956,2.6456578094620875,208,11,Dry,2020,2020-11,"{""type"":""MultiPoint"",""coordinates"":[]}"
VHI_M_2020-11_000000000000000000d0,3.3983400724572643,3.1797050353731633,209,11,Dry,2020,2020-11,"{""type"":""MultiPoint"",""coordinates"":[]}"
VHI_M_2020-11_000000000000000000d1,27.205821568395393,2.9852123443623038,210,11,Dry,2020,2020-11,"{""type"":""MultiPoint"",""coordinates"":[]}"
VHI_M_2020-11_000000000000000001ea,0.6079070508665212,3.235630099311754,491,11,Dry,2020,2020-11,"{""type"":""MultiPoint"",""coordinates"":[]}"
VHI_M_2020-11_000000000000000001eb,0.577775282047042,2.9767620222338205,492,11,Dry,2020,2020-11,"{""type"":""MultiPoint"",""coordinates"":[]}"
VHI_M_2020-11_000000000000000001ec,0.5931463368459545,3.1054709948606827,493,11,Dry,2020,2020-11,"{""type"":""MultiPoint"",""coordinates"":[]}"
VHI_M_2020-11_000000000000000001ed,0.6249426293918625,3.298358615979756,494,11,Dry,2020,2020-11,"{""type"":""MultiPoint"",""coordinates"":[]}"
VHI_M_2020-11_000000000000000001f4,9.019204120858292,3.2167453242440143,501,11,Dry,2020,2020-11,"{""type"":""MultiPoint"",""coordinates"":[]}"
VHI_M_2020-11_000000000000000001f5,0.5501911909590058,2.8345448814083882,502,11,Dry,2020,2020-11,"{""type"":""MultiPoint"",""coordinates"":[]}"
VHI_M_2020-11_000000000000000001f6,0.6020531476152713,3.149903493974073,503,11,Dry,2020,2020-11,"{""type"":""MultiPoint"",""coordinates"":[]}"
VHI_M_2020-11_000000000000000001f7,50.2695661726082,3.295177917084511,504,11,Dry,2020,2020-11,"{""type"":""MultiPoint"",""coordinates"":[]}"
VHI_M_2020-11_000000000000000001f8,0.5837569284226846,3.0293144161323164,505,11,Dry,2020,2020-11,"{""type"":""MultiPoint"",""coordinates"":[]}"
VHI_M_2020-11_000000000000000001f9,0.5847949423565949,3.077002490978492,506,11,Dry,2020,2020-11,"{""type"":""MultiPoint"",""coordinates"":[]}"
VHI_M_2020-11_000000000000000001fa,28.68362585288941,3.2623977547815697,507,11,Dry,2020,2020-11,"{""type"":""MultiPoint"",""coordinates"":[]}"
VHI_M_2020-11_000000000000000001fb,7.990825917494548,3.241555362759696,508,11,Dry,2020,2020-11,"{""type"":""MultiPoint"",""coordinates"":[]}"
VHI_M_2020-11_000000000000000001fc,0.5915683782430893,2.981172073741403,509,11,Dry,2020,2020-11,"{""type"":""MultiPoint"",""coordinates"":[]}"
VHI_M_2020-11_000000000000000001fd,0.6104433766012998,3.207460296276527,510,11,Dry,2020,2020-11,"{""type"":""MultiPoint"",""coordinates"":[]}"
VHI_M_2020-11_00000000000000000049,0.45398094555444773,2.191197578516023,74,11,Dry,2020,2020-11,"{""type"":""MultiPoint"",""coordinates"":[]}"
VHI_M_2020-11_0000000000000000004a,37.28069854621497,2.7500323439941354,75,11,Dry,2020,2020-11,"{""type"":""MultiPoint"",""coordinates"":[]}"
VHI_M_2020-11_000000000000000000fd,71.36137608836064,3.4238342609771166,254,11,Dry,2020,2020-11,"{""type"":""MultiPoint"",""coordinates"":[]}"
VHI_M_2020-11_000000000000000000fe,5.916144558653154,2.6903624918602134,255,11,Dry,2020,2020-11,"{""type"":""MultiPoint"",""coordinates"":[]}"
VHI_M_2020-11_00000000000000000191,0.45964746189226513,2.2989773950484396,402,11,Dry,2020,2020-11,"{""type"":""MultiPoint"",""coordinates"":[]}"
VHI_M_2020-11_0000000000000000016e,20.174810194335716,3.1929305444209586,367,11,Dry,2020,2020-11,"{""type"":""MultiPoint"",""coordinates"":[]}"
VHI_M_2020-11_0000000000000000016f,0.48010753628178215,2.415731292238981,368,11,Dry,2020,2020-11,"{""type"":""MultiPoint"",""coordinates"":[]}"
VHI_M_2020-11_00000000000000000170,1.3321623221622143,2.370514939456812,369,11,Dry,2020,2020-11,"{""type"":""MultiPoint"",""coordinates"":[]}"
VHI_M_2020-11_00000000000000000181,35.82046875868967,2.733089624019161,386,11,Dry,2020,2020-11,"{""type"":""MultiPoint"",""coordinates"":[]}"
VHI_M_2020-11_00000000000000000182,0.5007353892799162,2.5062021829288383,387,11,Dry,2020,2020-11,"{""type"":""MultiPoint"",""coordinates"":[]}"
VHI_M_2020-11_00000000000000000228,0.4498412482672563,2.1357987672830245,553,11,Dry,2020,2020-11,"{""type"":""MultiPoint"",""coordinates"":[]}"
VHI_M_2020-12_00000000000000000017,46.5104285382167,2.6173130490679233,24,12,Dry,2020,2020-12,"{""type"":""MultiPoint"",""coordinates"":[]}"
VHI_M_2020-12_00000000000000000018,232.38396040705797,4.734530506274339,25,12,Dry,2020,2020-12,"{""type"":""MultiPoint"",""coordinates"":[]}"
VHI_M_2020-12_00000000000000000019,30.099176190845753,2.350947805764737,26,12,Dry,2020,2020-12,"{""type"":""MultiPoint"",""coordinates"":[]}"
VHI_M_2020-12_0000000000000000001a,13.644860247206825,2.1967414275001707,27,12,Dry,2020,2020-12,"{""type"":""MultiPoint"",""coordinates"":[]}"
VHI_M_2020-12_0000000000000000005b,160.24477518160052,4.068316486580689,92,12,Dry,2020,2020-12,"{""type"":""MultiPoint"",""coordinates"":[]}"
VHI_M_2020-12_0000000000000000005c,60.19468380642911,2.3878326996197714,93,12,Dry,2020,2020-12,"{""type"":""MultiPoint"",""coordinates"":[]}"
VHI_M_2020-12_0000000000000000005d,254.0,5.0,94,12,Dry,2020,2020-12,"{""type"":""MultiPoint"",""coordinates"":[]}"
VHI_M_2020-12_0000000000000000005e,35.27014581587311,2.1725160652496287,95,12,Dry,2020,2020-12,"{""type"":""MultiPoint"",""coordinates"":[]}"
VHI_M_2020-12_0000000000000000005f,81.68343197014313,2.871252882398155,96,12,Dry,2020,2020-12,"{""type"":""MultiPoint"",""coordinates"":[]}"
VHI_M_2020-12_000000000000000000b6,0.46227411761492004,2.2044410413476268,183,12,Dry,2020,2020-12,"{""type"":""MultiPoint"",""coordinates"":[]}"
VHI_M_2020-12_000000000000000000b7,0.5000727571203013,2.654016445287793,184,12,Dry,2020,2020-12,"{""type"":""MultiPoint"",""coordinates"":[]}"
VHI_M_2020-12_000000000000000000b8,0.4052648653438987,2.0148698884758365,185,12,Dry,2020,2020-12,"{""type"":""MultiPoint"",""coordinates"":[]}"
VHI_M_2020-12_000000000000000000b9,39.297493466541475,2.5174515235457062,186,12,Dry,2020,2020-12,"{""type"":""MultiPoint"",""coordinates"":[]}"
VHI_M_2020-12_000000000000000000ba,0.5346853296597799,2.3989333333333334,187,12,Dry,2020,2020-12,"{""type"":""MultiPoint"",""coordinates"":[]}"
VHI_M_2020-12_000000000000000000bb,0.48946534885038245,2.478217821782178,188,12,Dry,2020,2020-12,"{""type"":""MultiPoint"",""coordinates"":[]}"
VHI_M_2020-12_000000000000000001a0,34.22489271709463,4.0096566523605155,417,12,Dry,2020,2020-12,"{""type"":""MultiPoint"",""coordinates"":[]}"
VHI_M_2020-12_000000000000000001a1,0.5282086348224324,2.717604465228541,418,12,Dry,2020,2020-12,"{""type"":""MultiPoint"",""coordinates"":[]}"
VHI_M_2020-12_000000000000000001a2,19.664556024357243,3.3700705144946457,419,12,Dry,2020,2020-12,"{""type"":""MultiPoint"",""coordinates"":[]}"
VHI_M_2020-12_000000000000000001a3,0.46076263678944246,2.2453443689033405,420,12,Dry,2020,2020-12,"{""type"":""MultiPoint"",""coordinates"":[]}"
VHI_M_2020-12_000000000000000001cb,41.348075735358144,2.3177446102819235,460,12,Dry,2020,2020-12,"{""type"":""MultiPoint"",""coordinates"":[]}"
VHI_M_2020-12_000000000000000001cc,79.83577607143641,2.817777777777778,461,12,Dry,2020,2020-12,"{""type"":""MultiPoint"",""coordinates"":[]}"
VHI_M_2020-12_0000000000000000021b,0.39454954417669336,2.0,540,12,Dry,2020,2020-12,"{""type"":""MultiPoint"",""coordinates"":[]}"
VHI_M_2020-12_0000000000000000021c,0.44152174358782564,2.0,541,12,Dry,2020,2020-12,"{""type"":""MultiPoint"",""coordinates"":[]}"
VHI_M_2020-12_0000000000000000021d,24.869196306258278,2.288158487167943,542,12,Dry,2020,2020-12,"{""type"":""MultiPoint"",""coordinates"":[]}"
VHI_M_2020-12_000000000000000000bf,0.39511838560892,1.8008948545861299,192,12,Dry,2020,2020-12,"{""type"":""MultiPoint"",""coordinates"":[]}"
VHI_M_2020-12_000000000000000000c0,0.45337453461323113,2.287165594310871,193,12,Dry,2020,2020-12,"{""type"":""MultiPoint"",""coordinates"":[]}"
VHI_M_2020-12_0000000000000000010a,0.4097809865992945,1.9059631766968947,267,12,Dry,2020,2020-12,"{""type"":""MultiPoint"",""coordinates"":[]}"
VHI_M_2020-12_0000000000000000010b,56.49947194555454,2.7732788657935843,268,12,Dry,2020,2020-12,"{""type"":""MultiPoint"",""coordinates"":[]}"
VHI_M_2020-12_00000000000000000226,2.949828603499777,2.3273148712943765,551,12,Dry,2020,2020-12,"{""type"":""MultiPoint"",""coordinates"":[]}"
VHI_M_2020-12_00000000000000000227,0.603020008695551,2.970409051348999,552,12,Dry,2020,2020-12,"{""type"":""MultiPoint"",""coordinates"":[]}"
VHI_M_2020-12_000000000000000001a4,0.32222325906657906,1.0559701492537312,421,12,Dry,2020,2020-12,"{""type"":""MultiPoint"",""coordinates"":[]}"
VHI_M_2020-12_000000000000000001a5,0.4469946995316819,2.2738386308068463,422,12,Dry,2020,2020-12,"{""type"":""MultiPoint"",""coordinates"":[]}"
VHI_M_2020-12_000000000000000001a6,0.3686484558015313,1.983751846381093,423,12,Dry,2020,2020-12,"{""type"":""MultiPoint"",""coordinates"":[]}"
VHI_M_2020-12_000000000000000001a7,0.3659264776198303,1.7360294117647062,424,12,Dry,2020,2020-12,"{""type"":""MultiPoint"",""coordinates"":[]}"
VHI_M_2020-12_000000000000000001a8,0.3829069735078799,2.0,425,12,Dry,2020,2020-12,"{""type"":""MultiPoint"",""coordinates"":[]}"
VHI_M_2020-12_000000000000000001a9,0.3298789015738293,1.5648437499999999,426,12,Dry,2020,2020-12,"{""type"":""MultiPoint"",""coordinates"":[]}"
VHI_M_2020-12_000000000000000001aa,0.3398204993036033,1.6726499763816718,427,12,Dry,2020,2020-12,"{""type"":""MultiPoint"",""coordinates"":[]}"
VHI_M_2020-12_000000000000000001fe,0.5007896533848909,2.5592021758839527,511,12,Dry,2020,2020-12,"{""type"":""MultiPoint"",""coordinates"":[]}"
VHI_M_2020-12_000000000000000001ff,61.82413685985773,2.9460060571644884,512,12,Dry,2020,2020-12,"{""type"":""MultiPoint"",""coordinates"":[]}"
VHI_M_2020-12_00000000000000000200,0.419136915240391,1.8069046225863081,513,12,Dry,2020,2020-12,"{""type"":""MultiPoint"",""coordinates"":[]}"
VHI_M_2020-12_00000000000000000201,101.78943331481501,2.9082762256193986,514,12,Dry,2020,2020-12,"{""type"":""MultiPoint"",""coordinates"":[]}"
VHI_M_2020-12_00000000000000000202,0.38710162885532007,1.5512489233419466,515,12,Dry,2020,2020-12,"{""type"":""MultiPoint"",""coordinates"":[]}"
VHI_M_2020-12_00000000000000000002,18.524532954331928,1.8896935118133273,3,12,Dry,2020,2020-12,"{""type"":""MultiPoint"",""coordinates"":[]}"
VHI_M_2020-12_0000000000000000000d,17.093340415323034,2.87088673363353,14,12,Dry,2020,2020-12,"{""type"":""MultiPoint"",""coordinates"":[]}"
VHI_M_2020-12_00000000000000000027,53.463814569811234,2.868461466865227,40,12,Dry,2020,2020-12,"{""type"":""MultiPoint"",""coordinates"":[]}"
VHI_M_2020-12_00000000000000000070,0.43341311196715654,2.1089755728081805,113,12,Dry,2020,2020-12,"{""type"":""MultiPoint"",""coordinates"":[]}"
VHI_M_2020-12_00000000000000000071,0.42199780260386943,1.9887327737127984,114,12,Dry,2020,2020-12,"{""type"":""MultiPoint"",""coordinates"":[]}"
VHI_M_2020-12_000000000000000001b0,55.944194857639225,2.6454668470906633,433,12,Dry,2020,2020-12,"{""type"":""MultiPoint"",""coordinates"":[]}"
VHI_M_2020-12_000000000000000001b1,7.455040724227514,2.234210174923221,434,12,Dry,2020,2020-12,"{""type"":""MultiPoint"",""coordinates"":[]}"
VHI_M_2020-12_000000000000000001b2,90.9316270679635,2.9498633717476532,435,12,Dry,2020,2020-12,"{""type"":""MultiPoint"",""coordinates"":[]}"
VHI_M_2020-12_000000000000000001cd,1.2923597175889543,2.2084862019460827,462,12,Dry,2020,2020-12,"{""type"":""MultiPoint"",""coordinates"":[]}"
VHI_M_2020-12_000000000000000001ce,0.4150956741771701,1.92268522597128,463,12,Dry,2020,2020-12,"{""type"":""MultiPoint"",""coordinates"":[]}"
VHI_M_2020-12_000000000000000001cf,22.195956318519674,2.0617192024489115,464,12,Dry,2020,2020-12,"{""type"":""MultiPoint"",""coordinates"":[]}"
VHI_M_2020-12_0000000000000000001c,0.5174283172129017,2.7162034710413807,29,12,Dry,2020,2020-12,"{""type"":""MultiPoint"",""coordinates"":[]}"
VHI_M_2020-12_0000000000000000001d,0.4531292855052501,2.2004480651731178,30,12,Dry,2020,2020-12,"{""type"":""MultiPoint"",""coordinates"":[]}"
VHI_M_2020-12_0000000000000000001e,0.5546567042383026,2.8946993249111945,31,12,Dry,2020,2020-12,"{""type"":""MultiPoint"",""coordinates"":[]}"
VHI_M_2020-12_00000000000000000026,0.5578914891185901,2.966591379634858,39,12,Dry,2020,2020-12,"{""type"":""MultiPoint"",""coordinates"":[]}"
VHI_M_2020-12_000000000000000000f9,0.5456251927112131,2.8552378975769184,250,12,Dry,2020,2020-12,"{""type"":""MultiPoint"",""coordinates"":[]}"
VHI_M_2020-12_000000000000000000fa,0.5486157210336123,2.8322104730885336,251,12,Dry,2020,2020-12,"{""type"":""MultiPoint"",""coordinates"":[]}"
VHI_M_2020-12_000000000000000000fb,0.5228247489175714,2.716292898551996,252,12,Dry,2020,2020-12,"{""type"":""MultiPoint"",""coordinates"":[]}"
VHI_M_2020-12_000000000000000000fc,0.553926107909035,2.8856366237482125,253,12,Dry,2020,2020-12,"{""type"":""MultiPoint"",""coordinates"":[]}"
VHI_M_2020-12_00000000000000000163,0.5167180014046111,2.563883546789967,356,12,Dry,2020,2020-12,"{""type"":""MultiPoint"",""coordinates"":[]}"
VHI_M_2020-12_00000000000000000164,0.5413410599166508,2.798555625486703,357,12,Dry,2020,2020-12,"{""type"":""MultiPoint"",""coordinates"":[]}"
VHI_M_2020-12_00000000000000000165,0.5565870309967239,2.8860365384500675,358,12,Dry,2020,2020-12,"{""type"":""MultiPoint"",""coordinates"":[]}"
VHI_M_2020-12_00000000000000000166,0.5458896264217217,2.82053837851565,359,12,Dry,2020,2020-12,"{""type"":""MultiPoint"",""coordinates"":[]}"
VHI_M_2020-12_00000000000000000149,0.6198342984661965,3.240167864763357,330,12,Dry,2020,2020-12,"{""type"":""MultiPoint"",""coordinates"":[]}"
VHI_M_2020-12_0000000000000000014a,0.44790944357303375,2.1473331165831038,331,12,Dry,2020,2020-12,"{""type"":""MultiPoint"",""coordinates"":[]}"
VHI_M_2020-12_0000000000000000014b,0.5025077186841066,2.590436341900779,332,12,Dry,2020,2020-12,"{""type"":""MultiPoint"",""coordinates"":[]}"
VHI_M_2020-12_0000000000000000014c,0.5099366844342746,2.5954099630921053,333,12,Dry,2020,2020-12,"{""type"":""MultiPoint"",""coordinates"":[]}"
VHI_M_2020-12_0000000000000000014d,0.5092242886736968,2.6791744122889574,334,12,Dry,2020,2020-12,"{""type"":""MultiPoint"",""coordinates"":[]}"
VHI_M_2020-12_0000000000000000014e,0.47572154742474265,2.340176948248697,335,12,Dry,2020,2020-12,"{""type"":""MultiPoint"",""coordinates"":[]}"
VHI_M_2020-12_00000000000000000158,0.615915024829884,3.23146463164074,345,12,Dry,2020,2020-12,"{""type"":""MultiPoint"",""coordinates"":[]}"
VHI_M_2020-12_00000000000000000159,0.6291076355427799,3.335674219336601,346,12,Dry,2020,2020-12,"{""type"":""MultiPoint"",""coordinates"":[]}"
VHI_M_2020-12_0000000000000000015a,0.5927707708570147,3.1359107037256058,347,12,Dry,2020,2020-12,"{""type"":""MultiPoint"",""coordinates"":[]}"
VHI_M_2020-12_0000000000000000015b,0.5719060255552644,2.961106431948763,348,12,Dry,2020,2020-12,"{""type"":""MultiPoint"",""coordinates"":[]}"
VHI_M_2020-12_0000000000000000015c,0.5303791856630441,2.7289178408795576,349,12,Dry,2020,2020-12,"{""type"":""MultiPoint"",""coordinates"":[]}"
VHI_M_2020-12_0000000000000000015d,0.5652638423715947,2.938254067983354,350,12,Dry,2020,2020-12,"{""type"":""MultiPoint"",""coordinates"":[]}"
VHI_M_2020-12_00000000000000000008,0.4685383567891618,2.267992891697107,9,12,Dry,2020,2020-12,"{""type"":""MultiPoint"",""coordinates"":[]}"
VHI_M_2020-12_000000000000000000c2,0.448214203701123,2.0889891279204256,195,12,Dry,2020,2020-12,"{""type"":""MultiPoint"",""coordinates"":[]}"
VHI_M_2020-12_000000000000000000c3,0.551667674202325,2.84639073774711,196,12,Dry,2020,2020-12,"{""type"":""MultiPoint"",""coordinates"":[]}"
VHI_M_2020-12_000000000000000000c4,0.5208707349271082,2.7015326433121025,197,12,Dry,2020,2020-12,"{""type"":""MultiPoint"",""coordinates"":[]}"
VHI_M_2020-12_000000000000000000c5,0.49028884196419853,2.40077146412277,198,12,Dry,2020,2020-12,"{""type"":""MultiPoint"",""coordinates"":[]}"
VHI_M_2020-12_000000000000000000c6,0.5742382655994945,2.991514993438588,199,12,Dry,2020,2020-12,"{""type"":""MultiPoint"",""coordinates"":[]}"
VHI_M_2020-12_000000000000000000c7,0.4705944594565277,2.3028510051205138,200,12,Dry,2020,2020-12,"{""type"":""MultiPoint"",""coordinates"":[]}"
VHI_M_2020-12_000000000000000000c8,0.4218985964334756,1.9443271360148326,201,12,Dry,2020,2020-12,"{""type"":""MultiPoint"",""coordinates"":[]}"
VHI_M_2020-12_000000000000000000c9,0.49661226366798705,2.4838145763306736,202,12,Dry,2020,2020-12,"{""type"":""MultiPoint"",""coordinates"":[]}"
VHI_M_2020-12_00000000000000000136,0.5309397983729076,2.7166099395300414,311,12,Dry,2020,2020-12,"{""type"":""MultiPoint"",""coordinates"":[]}"
VHI_M_2020-12_00000000000000000137,0.5789019246057315,2.997813282545056,312,12,Dry,2020,2020-12,"{""type"":""MultiPoint"",""coordinates"":[]}"
VHI_M_2020-12_00000000000000000138,0.6454777708434456,3.4737348040548435,313,12,Dry,2020,2020-12,"{""type"":""MultiPoint"",""coordinates"":[]}"
VHI_M_2020-12_00000000000000000139,0.6290325021355975,3.343986655843866,314,12,Dry,2020,2020-12,"{""type"":""MultiPoint"",""coordinates"":[]}"
VHI_M_2020-12_0000000000000000013a,0.525967422310394,2.6917627066554615,315,12,Dry,2020,2020-12,"{""type"":""MultiPoint"",""coordinates"":[]}"
VHI_M_2020-12_000000000000000001ef,0.5328592905380124,2.7413889032658765,496,12,Dry,2020,2020-12,"{""type"":""MultiPoint"",""coordinates"":[]}"
VHI_M_2020-12_000000000000000001f0,0.5509958029865561,2.85627741141577,497,12,Dry,2020,2020-12,"{""type"":""MultiPoint"",""coordinates"":[]}"
VHI_M_2020-12_00000000000000000081,0.5065538432538258,2.634443923040826,130,12,Dry,2020,2020-12,"{""type"":""MultiPoint"",""coordinates"":[]}"
VHI_M_2020-12_000000000000000000a0,0.5044148992133549,2.595999520900706,161,12,Dry,2020,2020-12,"{""type"":""MultiPoint"",""coordinates"":[]}"
VHI_M_2020-12_000000000000000000a1,32.0367952678556,2.9668551540921837,162,12,Dry,2020,2020-12,"{""type"":""MultiPoint"",""coordinates"":[]}"
VHI_M_2020-12_000000000000000000a2,8.715379160032231,3.0529861540400574,163,12,Dry,2020,2020-12,"{""type"":""MultiPoint"",""coordinates"":[]}"
VHI_M_2020-12_000000000000000000a3,5.581626454496713,2.8228237862151064,164,12,Dry,2020,2020-12,"{""type"":""MultiPoint"",""coordinates"":[]}"
VHI_M_2020-12_000000000000000000a4,78.02640610551566,3.685298766076528,165,12,Dry,2020,2020-12,"{""type"":""MultiPoint"",""coordinates"":[]}"
VHI_M_2020-12_0000000000000000014f,0.5482671689097286,2.927478104280921,336,12,Dry,2020,2020-12,"{""type"":""MultiPoint"",""coordinates"":[]}"
VHI_M_2020-12_00000000000000000150,0.4681599658634005,2.3141726178330964,337,12,Dry,2020,2020-12,"{""type"":""MultiPoint"",""coordinates"":[]}"
VHI_M_2020-12_00000000000000000151,2.1720562308362057,2.7300525920360643,338,12,Dry,2020,2020-12,"{""type"":""MultiPoint"",""coordinates"":[]}"
VHI_M_2020-12_00000000000000000152,0.5762237296585119,3.0469633055311323,339,12,Dry,2020,2020-12,"{""type"":""MultiPoint"",""coordinates"":[]}"
VHI_M_2020-12_00000000000000000153,0.5405986353111614,2.8429868430665413,340,12,Dry,2020,2020-12,"{""type"":""MultiPoint"",""coordinates"":[]}"
VHI_M_2020-12_00000000000000000171,0.5484402885877424,2.8109790842662723,370,12,Dry,2020,2020-12,"{""type"":""MultiPoint"",""coordinates"":[]}"
VHI_M_2020-12_00000000000000000172,0.5144829450048247,2.6416655809469214,371,12,Dry,2020,2020-12,"{""type"":""MultiPoint"",""coordinates"":[]}"
VHI_M_2020-12_00000000000000000173,0.5722130695100847,2.9969692148595986,372,12,Dry,2020,2020-12,"{""type"":""MultiPoint"",""coordinates"":[]}"
VHI_M_2020-12_000000000000000001f1,0.5067647979940347,2.542327979330134,498,12,Dry,2020,2020-12,"{""type"":""MultiPoint"",""coordinates"":[]}"
VHI_M_2020-12_000000000000000001f2,0.5064686348003734,2.571647246259098,499,12,Dry,2020,2020-12,"{""type"":""MultiPoint"",""coordinates"":[]}"
VHI_M_2020-12_000000000000000001f3,0.5066741410861175,2.549171383960598,500,12,Dry,2020,2020-12,"{""type"":""MultiPoint"",""coordinates"":[]}"
VHI_M_2020-12_00000000000000000092,0.5598857939897769,2.8646752051537687,147,12,Dry,2020,2020-12,"{""type"":""MultiPoint"",""coordinates"":[]}"
VHI_M_2020-12_00000000000000000093,0.5040903201290934,2.4968691797969527,148,12,Dry,2020,2020-12,"{""type"":""MultiPoint"",""coordinates"":[]}"
VHI_M_2020-12_00000000000000000094,0.6932928668308103,2.5880680552680473,149,12,Dry,2020,2020-12,"{""type"":""MultiPoint"",""coordinates"":[]}"
VHI_M_2020-12_00000000000000000095,12.98159191458121,2.721828194751553,150,12,Dry,2020,2020-12,"{""type"":""MultiPoint"",""coordinates"":[]}"
VHI_M_2020-12_00000000000000000096,0.5146761425598689,2.656499066240776,151,12,Dry,2020,2020-12,"{""type"":""MultiPoint"",""coordinates"":[]}"
VHI_M_2020-12_00000000000000000097,0.6195308924975236,3.2473703300689154,152,12,Dry,2020,2020-12,"{""type"":""MultiPoint"",""coordinates"":[]}"
VHI_M_2020-12_00000000000000000098,0.5320285973218033,2.9306144067796613,153,12,Dry,2020,2020-12,"{""type"":""MultiPoint"",""coordinates"":[]}"
VHI_M_2020-12_000000000000000000a9,0.5143367597253377,2.5688459112886273,170,12,Dry,2020,2020-12,"{""type"":""MultiPoint"",""coordinates"":[]}"
VHI_M_2020-12_0000000000000000017c,61.73221730215169,2.953268911128621,381,12,Dry,2020,2020-12,"{""type"":""MultiPoint"",""coordinates"":[]}"
VHI_M_2020-12_0000000000000000017d,38.896484849540975,2.9571963645495503,382,12,Dry,2020,2020-12,"{""type"":""MultiPoint"",""coordinates"":[]}"
VHI_M_2020-12_0000000000000000017e,11.58499979960747,2.586257868424985,383,12,Dry,2020,2020-12,"{""type"":""MultiPoint"",""coordinates"":[]}"
VHI_M_2020-12_000000000000000001ee,0.6175864136586944,3.2605479135360067,495,12,Dry,2020,2020-12,"{""type"":""MultiPoint"",""coordinates"":[]}"
VHI_M_2020-12_0000000000000000020d,0.6567965151429059,3.5172292235833265,526,12,Dry,2020,2020-12,"{""type"":""MultiPoint"",""coordinates"":[]}"
VHI_M_2020-12_0000000000000000020e,3.715399411126699,2.5276790464347374,527,12,Dry,2020,2020-12,"{""type"":""MultiPoint"",""coordinates"":[]}"
VHI_M_2020-12_0000000000000000020f,0.5247683943412849,2.683461815761741,528,12,Dry,2020,2020-12,"{""type"":""MultiPoint"",""coordinates"":[]}"
VHI_M_2020-12_00000000000000000210,0.5911700621679881,3.1355084779257743,529,12,Dry,2020,2020-12,"{""type"":""MultiPoint"",""coordinates"":[]}"
VHI_M_2020-12_00000000000000000211,11.858548812209843,2.780959818448805,530,12,Dry,2020,2020-12,"{""type"":""MultiPoint"",""coordinates"":[]}"
VHI_M_2020-12_00000000000000000058,0.49273796949873305,2.4710769758570112,89,12,Dry,2020,2020-12,"{""type"":""MultiPoint"",""coordinates"":[]}"
VHI_M_2020-12_00000000000000000059,0.4205839676514657,1.9599115147281396,90,12,Dry,2020,2020-12,"{""type"":""MultiPoint"",""coordinates"":[]}"
VHI_M_2020-12_0000000000000000018b,0.4722268578775597,2.2487988301650303,396,12,Dry,2020,2020-12,"{""type"":""MultiPoint"",""coordinates"":[]}"
VHI_M_2020-12_0000000000000000018c,0.4807274663066698,2.355498566538038,397,12,Dry,2020,2020-12,"{""type"":""MultiPoint"",""coordinates"":[]}"
VHI_M_2020-12_0000000000000000018d,0.4259696080005957,2.010526194429071,398,12,Dry,2020,2020-12,"{""type"":""MultiPoint"",""coordinates"":[]}"
VHI_M_2020-12_0000000000000000018e,0.48835836622004664,2.464601616427901,399,12,Dry,2020,2020-12,"{""type"":""MultiPoint"",""coordinates"":[]}"
VHI_M_2020-12_00000000000000000036,0.48114377959174887,2.2051325628823926,55,12,Dry,2020,2020-12,"{""type"":""MultiPoint"",""coordinates"":[]}"
VHI_M_2020-12_000000000000000000db,0.4373947224872199,2.0703098723366917,220,12,Dry,2020,2020-12,"{""type"":""MultiPoint"",""coordinates"":[]}"
VHI_M_2020-12_000000000000000000dc,0.45597714508075693,2.2062488841278336,221,12,Dry,2020,2020-12,"{""type"":""MultiPoint"",""coordinates"":[]}"
VHI_M_2020-12_000000000000000000dd,0.4808837936825074,2.3955303316205585,222,12,Dry,2020,2020-12,"{""type"":""MultiPoint"",""coordinates"":[]}"
VHI_M_2020-12_00000000000000000102,0.5577715442873602,2.9446560934200163,259,12,Dry,2020,2020-12,"{""type"":""MultiPoint"",""coordinates"":[]}"
VHI_M_2020-12_00000000000000000103,0.5195621661435903,2.6352814941488107,260,12,Dry,2020,2020-12,"{""type"":""MultiPoint"",""coordinates"":[]}"
VHI_M_2020-12_00000000000000000104,0.4697278777193258,2.32081811810704,261,12,Dry,2020,2020-12,"{""type"":""MultiPoint"",""coordinates"":[]}"
VHI_M_2020-12_00000000000000000105,0.47166021266610864,2.2348829701372077,262,12,Dry,2020,2020-12,"{""type"":""MultiPoint"",""coordinates"":[]}"
VHI_M_2020-12_0000000000000000000a,0.5573228898987866,2.880977887652796,11,12,Dry,2020,2020-12,"{""type"":""MultiPoint"",""coordinates"":[]}"
VHI_M_2020-12_000000000000000000b1,0.5063824185927465,2.5701934254238172,178,12,Dry,2020,2020-12,"{""type"":""MultiPoint"",""coordinates"":[]}"
VHI_M_2020-12_000000000000000000b2,0.5107808871275556,2.592007147240763,179,12,Dry,2020,2020-12,"{""type"":""MultiPoint"",""coordinates"":[]}"
VHI_M_2020-12_000000000000000000b3,0.46201247043610805,2.2573250528388193,180,12,Dry,2020,2020-12,"{""type"":""MultiPoint"",""coordinates"":[]}"
VHI_M_2020-12_000000000000000000ca,0.5082477555546548,2.475263774912075,203,12,Dry,2020,2020-12,"{""type"":""MultiPoint"",""coordinates"":[]}"
VHI_M_2020-12_000000000000000000d2,0.5497872769812974,2.871180144681783,211,12,Dry,2020,2020-12,"{""type"":""MultiPoint"",""coordinates"":[]}"
VHI_M_2020-12_000000000000000000d3,0.5446106121990257,2.8074924700193473,212,12,Dry,2020,2020-12,"{""type"":""MultiPoint"",""coordinates"":[]}"
VHI_M_2020-12_000000000000000000d4,0.49633826786606383,2.4861058353430336,213,12,Dry,2020,2020-12,"{""type"":""MultiPoint"",""coordinates"":[]}"
VHI_M_2020-12_000000000000000000d5,0.6085581301009576,3.2043353295845787,214,12,Dry,2020,2020-12,"{""type"":""MultiPoint"",""coordinates"":[]}"
VHI_M_2020-12_000000000000000000bc,0.44803831255855425,2.1644151243392518,189,12,Dry,2020,2020-12,"{""type"":""MultiPoint"",""coordinates"":[]}"
VHI_M_2020-12_000000000000000000bd,0.507479372452898,2.5580533194908215,190,12,Dry,2020,2020-12,"{""type"":""MultiPoint"",""coordinates"":[]}"
VHI_M_2020-12_000000000000000000be,0.4791872589547932,2.4234383972204774,191,12,Dry,2020,2020-12,"{""type"":""MultiPoint"",""coordinates"":[]}"
VHI_M_2020-12_000000000000000000f1,0.49452777139656634,2.4588435374149653,242,12,Dry,2020,2020-12,"{""type"":""MultiPoint"",""coordinates"":[]}"
VHI_M_2020-12_00000000000000000100,0.5030765275792425,2.5264905406950584,257,12,Dry,2020,2020-12,"{""type"":""MultiPoint"",""coordinates"":[]}"
VHI_M_2020-12_00000000000000000101,0.5600941764564328,2.9165348712431274,258,12,Dry,2020,2020-12,"{""type"":""MultiPoint"",""coordinates"":[]}"
VHI_M_2020-12_0000000000000000012f,0.5061571855756021,2.5606943971032354,304,12,Dry,2020,2020-12,"{""type"":""MultiPoint"",""coordinates"":[]}"
VHI_M_2020-12_00000000000000000130,0.5037095645398545,2.543506916599839,305,12,Dry,2020,2020-12,"{""type"":""MultiPoint"",""coordinates"":[]}"
VHI_M_2020-12_00000000000000000131,0.5054729656352441,2.5819520434469863,306,12,Dry,2020,2020-12,"{""type"":""MultiPoint"",""coordinates"":[]}"
VHI_M_2020-12_00000000000000000065,0.587607179287321,3.0802490968344984,102,12,Dry,2020,2020-12,"{""type"":""MultiPoint"",""coordinates"":[]}"
VHI_M_2020-12_00000000000000000066,0.538446327359398,2.7454675284331156,103,12,Dry,2020,2020-12,"{""type"":""MultiPoint"",""coordinates"":[]}"
VHI_M_2020-12_00000000000000000067,0.5067411932141374,2.5527120540673742,104,12,Dry,2020,2020-12,"{""type"":""MultiPoint"",""coordinates"":[]}"
VHI_M_2020-12_00000000000000000068,0.49607370106799553,2.483976782407511,105,12,Dry,2020,2020-12,"{""type"":""MultiPoint"",""coordinates"":[]}"
VHI_M_2020-12_00000000000000000109,0.4416200578072036,2.0673346759549673,266,12,Dry,2020,2020-12,"{""type"":""MultiPoint"",""coordinates"":[]}"
VHI_M_2020-12_000000000000000001c1,0.49735859688695566,2.5010772506276004,450,12,Dry,2020,2020-12,"{""type"":""MultiPoint"",""coordinates"":[]}"
VHI_M_2020-12_000000000000000001c2,0.5170339988267229,2.6490765692725313,451,12,Dry,2020,2020-12,"{""type"":""MultiPoint"",""coordinates"":[]}"
VHI_M_2020-12_00000000000000000113,0.4528119881494547,2.108301264431006,276,12,Dry,2020,2020-12,"{""type"":""MultiPoint"",""coordinates"":[]}"
VHI_M_2020-12_00000000000000000114,0.46761938846864604,2.2412758724127584,277,12,Dry,2020,2020-12,"{""type"":""MultiPoint"",""coordinates"":[]}"
VHI_M_2020-12_00000000000000000115,0.4115448029959745,1.9283079967617167,278,12,Dry,2020,2020-12,"{""type"":""MultiPoint"",""coordinates"":[]}"
VHI_M_2020-12_00000000000000000116,0.43624817156314966,2.0891438789219943,279,12,Dry,2020,2020-12,"{""type"":""MultiPoint"",""coordinates"":[]}"
VHI_M_2020-12_00000000000000000117,0.37496517025985526,1.6596226139640133,280,12,Dry,2020,2020-12,"{""type"":""MultiPoint"",""coordinates"":[]}"
VHI_M_2020-12_00000000000000000167,0.49341878314168897,2.457327158451869,360,12,Dry,2020,2020-12,"{""type"":""MultiPoint"",""coordinates"":[]}"
VHI_M_2020-12_00000000000000000168,0.5868423423486524,3.0446064873019862,361,12,Dry,2020,2020-12,"{""type"":""MultiPoint"",""coordinates"":[]}"
VHI_M_2020-12_00000000000000000169,0.4925059934399973,2.4931524577309845,362,12,Dry,2020,2020-12,"{""type"":""MultiPoint"",""coordinates"":[]}"
VHI_M_2020-12_0000000000000000016a,0.47002196207685454,2.356862792555123,363,12,Dry,2020,2020-12,"{""type"":""MultiPoint"",""coordinates"":[]}"
VHI_M_2020-12_0000000000000000016b,0.3617320080382988,1.5693201324178525,364,12,Dry,2020,2020-12,"{""type"":""MultiPoint"",""coordinates"":[]}"
VHI_M_2020-12_0000000000000000016c,0.42897534503610935,2.004185877751131,365,12,Dry,2020,2020-12,"{""type"":""MultiPoint"",""coordinates"":[]}"
VHI_M_2020-12_0000000000000000016d,0.47875765648059393,2.362455125113861,366,12,Dry,2020,2020-12,"{""type"":""MultiPoint"",""coordinates"":[]}"
VHI_M_2020-12_000000000000000000cb,0.46508314633175657,2.3609774355683886,204,12,Dry,2020,2020-12,"{""type"":""MultiPoint"",""coordinates"":[]}"
VHI_M_2020-12_000000000000000000eb,15.332551944135728,2.5780599867178053,236,12,Dry,2020,2020-12,"{""type"":""MultiPoint"",""coordinates"":[]}"
VHI_M_2020-12_000000000000000000ec,0.5010687269528327,2.5281803694518583,237,12,Dry,2020,2020-12,"{""type"":""MultiPoint"",""coordinates"":[]}"
VHI_M_2020-12_000000000000000000ed,0.45052628254881766,2.2229244931318295,238,12,Dry,2020,2020-12,"{""type"":""MultiPoint"",""coordinates"":[]}"
VHI_M_2020-12_000000000000000000ee,0.5525804091869326,2.847984934086629,239,12,Dry,2020,2020-12,"{""type"":""MultiPoint"",""coordinates"":[]}"
VHI_M_2020-12_000000000000000000ef,0.5145932227561898,2.622546908937814,240,12,Dry,2020,2020-12,"{""type"":""MultiPoint"",""coordinates"":[]}"
VHI_M_2020-12_00000000000000000146,0.513688217665039,2.6075715025337707,327,12,Dry,2020,2020-12,"{""type"":""MultiPoint"",""coordinates"":[]}"
VHI_M_2020-12_00000000000000000147,8.474215511628778,2.574663064258741,328,12,Dry,2020,2020-12,"{""type"":""MultiPoint"",""coordinates"":[]}"
VHI_M_2020-12_00000000000000000148,0.4784970102671477,2.3435772140462063,329,12,Dry,2020,2020-12,"{""type"":""MultiPoint"",""coordinates"":[]}"
VHI_M_2020-12_0000000000000000015e,0.531718655819045,2.7823273440835234,351,12,Dry,2020,2020-12,"{""type"":""MultiPoint"",""coordinates"":[]}"
VHI_M_2020-12_0000000000000000015f,0.49933358004774336,2.51503148888977,352,12,Dry,2020,2020-12,"{""type"":""MultiPoint"",""coordinates"":[]}"
VHI_M_2020-12_00000000000000000160,0.5089720711555769,2.554523206202758,353,12,Dry,2020,2020-12,"{""type"":""MultiPoint"",""coordinates"":[]}"
VHI_M_2020-12_00000000000000000161,0.5091081338765194,2.5062980358667803,354,12,Dry,2020,2020-12,"{""type"":""MultiPoint"",""coordinates"":[]}"
VHI_M_2020-12_00000000000000000162,4.464965016102687,2.7576494565931102,355,12,Dry,2020,2020-12,"{""type"":""MultiPoint"",""coordinates"":[]}"
VHI_M_2020-12_00000000000000000010,0.47652267076631777,2.236566006751209,17,12,Dry,2020,2020-12,"{""type"":""MultiPoint"",""coordinates"":[]}"
VHI_M_2020-12_00000000000000000121,0.5065130384987068,2.5605372597504763,290,12,Dry,2020,2020-12,"{""type"":""MultiPoint"",""coordinates"":[]}"
VHI_M_2020-12_00000000000000000122,0.5937059578011206,2.254401362424278,291,12,Dry,2020,2020-12,"{""type"":""MultiPoint"",""coordinates"":[]}"
VHI_M_2020-12_00000000000000000123,0.5037645208581659,2.5506099952729135,292,12,Dry,2020,2020-12,"{""type"":""MultiPoint"",""coordinates"":[]}"
VHI_M_2020-12_0000000000000000019a,0.4482150142508432,2.1820350156526915,411,12,Dry,2020,2020-12,"{""type"":""MultiPoint"",""coordinates"":[]}"
VHI_M_2020-12_0000000000000000019b,0.5274343299177149,2.6865029180601208,412,12,Dry,2020,2020-12,"{""type"":""MultiPoint"",""coordinates"":[]}"
VHI_M_2020-12_0000000000000000019c,0.5461973454546883,2.794202494761467,413,12,Dry,2020,2020-12,"{""type"":""MultiPoint"",""coordinates"":[]}"
VHI_M_2020-12_0000000000000000019d,0.544348988401753,2.8380541355903794,414,12,Dry,2020,2020-12,"{""type"":""MultiPoint"",""coordinates"":[]}"
VHI_M_2020-12_0000000000000000019e,4.130730470710254,2.483754723312375,415,12,Dry,2020,2020-12,"{""type"":""MultiPoint"",""coordinates"":[]}"
VHI_M_2020-12_0000000000000000019f,0.5412096843853189,2.837060852100672,416,12,Dry,2020,2020-12,"{""type"":""MultiPoint"",""coordinates"":[]}"
VHI_M_2020-12_00000000000000000216,0.3951807998559338,1.8346035349440568,535,12,Dry,2020,2020-12,"{""type"":""MultiPoint"",""coordinates"":[]}"
VHI_M_2020-12_00000000000000000217,0.6004311275694619,2.7627484249931498,536,12,Dry,2020,2020-12,"{""type"":""MultiPoint"",""coordinates"":[]}"
VHI_M_2020-12_00000000000000000218,0.4799427281978519,2.3798449612403103,537,12,Dry,2020,2020-12,"{""type"":""MultiPoint"",""coordinates"":[]}"
VHI_M_2020-12_00000000000000000219,0.494116909640102,2.4424730163503594,538,12,Dry,2020,2020-12,"{""type"":""MultiPoint"",""coordinates"":[]}"
VHI_M_2020-12_0000000000000000021a,8.34883042617269,2.7142244937386946,539,12,Dry,2020,2020-12,"{""type"":""MultiPoint"",""coordinates"":[]}"
VHI_M_2020-12_00000000000000000004,0.5170698559266215,2.5791377150017074,5,12,Dry,2020,2020-12,"{""type"":""MultiPoint"",""coordinates"":[]}"
VHI_M_2020-12_00000000000000000028,0.415645565638789,1.9468609583917982,41,12,Dry,2020,2020-12,"{""type"":""MultiPoint"",""coordinates"":[]}"
VHI_M_2020-12_00000000000000000029,0.47653918368197845,2.3721355477904007,42,12,Dry,2020,2020-12,"{""type"":""MultiPoint"",""coordinates"":[]}"
VHI_M_2020-12_0000000000000000002a,0.5180777854850768,2.630684163992727,43,12,Dry,2020,2020-12,"{""type"":""MultiPoint"",""coordinates"":[]}"
VHI_M_2020-12_0000000000000000002b,0.4313563141079123,2.0618620116846986,44,12,Dry,2020,2020-12,"{""type"":""MultiPoint"",""coordinates"":[]}"
VHI_M_2020-12_000000000000000000a7,0.4132421378922564,1.9223288286449178,168,12,Dry,2020,2020-12,"{""type"":""MultiPoint"",""coordinates"":[]}"
VHI_M_2020-12_000000000000000000a8,0.4576555733109899,2.242031242396224,169,12,Dry,2020,2020-12,"{""type"":""MultiPoint"",""coordinates"":[]}"
VHI_M_2020-12_0000000000000000000c,0.46225279542108927,2.288729191303558,13,12,Dry,2020,2020-12,"{""type"":""MultiPoint"",""coordinates"":[]}"
VHI_M_2020-12_00000000000000000060,0.48753837419015045,2.4298440220860256,97,12,Dry,2020,2020-12,"{""type"":""MultiPoint"",""coordinates"":[]}"
VHI_M_2020-12_00000000000000000061,0.4887762895514663,2.4194195746680762,98,12,Dry,2020,2020-12,"{""type"":""MultiPoint"",""coordinates"":[]}"
VHI_M_2020-12_00000000000000000062,0.48969734097360385,2.450572515038035,99,12,Dry,2020,2020-12,"{""type"":""MultiPoint"",""coordinates"":[]}"
VHI_M_2020-12_00000000000000000063,0.49877675101471775,2.524680135628126,100,12,Dry,2020,2020-12,"{""type"":""MultiPoint"",""coordinates"":[]}"
VHI_M_2020-12_00000000000000000064,0.4829756213849723,2.3896407509621826,101,12,Dry,2020,2020-12,"{""type"":""MultiPoint"",""coordinates"":[]}"
VHI_M_2020-12_00000000000000000011,0.3279330785026592,1.3592070430339227,18,12,Dry,2020,2020-12,"{""type"":""MultiPoint"",""coordinates"":[]}"
VHI_M_2020-12_00000000000000000033,0.39005575253269004,1.7744590589580065,52,12,Dry,2020,2020-12,"{""type"":""MultiPoint"",""coordinates"":[]}"
VHI_M_2020-12_00000000000000000034,0.41331784819779765,1.9148002480854873,53,12,Dry,2020,2020-12,"{""type"":""MultiPoint"",""coordinates"":[]}"
VHI_M_2020-12_000000000000000001b3,0.40686000047158005,1.8860120982837774,436,12,Dry,2020,2020-12,"{""type"":""MultiPoint"",""coordinates"":[]}"
VHI_M_2020-12_000000000000000001b4,0.4158616190030659,1.9551577783949206,437,12,Dry,2020,2020-12,"{""type"":""MultiPoint"",""coordinates"":[]}"
VHI_M_2020-12_000000000000000001b5,0.3829199075201746,1.742486240205342,438,12,Dry,2020,2020-12,"{""type"":""MultiPoint"",""coordinates"":[]}"
VHI_M_2020-12_00000000000000000005,0.5349322026699546,2.8122444807849543,6,12,Dry,2020,2020-12,"{""type"":""MultiPoint"",""coordinates"":[]}"
VHI_M_2020-12_00000000000000000082,0.5503774881682115,2.8167035855991833,131,12,Dry,2020,2020-12,"{""type"":""MultiPoint"",""coordinates"":[]}"
VHI_M_2020-12_00000000000000000083,0.5685972036720388,2.934800668510609,132,12,Dry,2020,2020-12,"{""type"":""MultiPoint"",""coordinates"":[]}"
VHI_M_2020-12_00000000000000000084,0.498307038013194,2.46321117550276,133,12,Dry,2020,2020-12,"{""type"":""MultiPoint"",""coordinates"":[]}"
VHI_M_2020-12_00000000000000000085,0.5879242065574106,3.1137004478354613,134,12,Dry,2020,2020-12,"{""type"":""MultiPoint"",""coordinates"":[]}"
VHI_M_2020-12_00000000000000000086,0.545773544836405,2.8285706528379255,135,12,Dry,2020,2020-12,"{""type"":""MultiPoint"",""coordinates"":[]}"
VHI_M_2020-12_00000000000000000087,0.5309830197107773,2.6990357539039165,136,12,Dry,2020,2020-12,"{""type"":""MultiPoint"",""coordinates"":[]}"
VHI_M_2020-12_0000000000000000010c,0.5925789953481008,3.108004611378495,269,12,Dry,2020,2020-12,"{""type"":""MultiPoint"",""coordinates"":[]}"
VHI_M_2020-12_0000000000000000010d,0.6309653199388305,3.356436196580304,270,12,Dry,2020,2020-12,"{""type"":""MultiPoint"",""coordinates"":[]}"
VHI_M_2020-12_0000000000000000010e,0.6513848346272808,3.4353958695388593,271,12,Dry,2020,2020-12,"{""type"":""MultiPoint"",""coordinates"":[]}"
VHI_M_2020-12_0000000000000000010f,0.6051480281506967,3.1813571901969673,272,12,Dry,2020,2020-12,"{""type"":""MultiPoint"",""coordinates"":[]}"
VHI_M_2020-12_00000000000000000110,0.6009978299300939,3.150776449502462,273,12,Dry,2020,2020-12,"{""type"":""MultiPoint"",""coordinates"":[]}"
VHI_M_2020-12_00000000000000000111,0.5707221596951175,2.967384484283212,274,12,Dry,2020,2020-12,"{""type"":""MultiPoint"",""coordinates"":[]}"
VHI_M_2020-12_000000000000000001d0,0.6115227167408954,3.24749224528752,465,12,Dry,2020,2020-12,"{""type"":""MultiPoint"",""coordinates"":[]}"
VHI_M_2020-12_000000000000000001d1,0.5873995767364003,3.050874973279951,466,12,Dry,2020,2020-12,"{""type"":""MultiPoint"",""coordinates"":[]}"
VHI_M_2020-12_00000000000000000009,0.5206689393247922,2.6544898415935134,10,12,Dry,2020,2020-12,"{""type"":""MultiPoint"",""coordinates"":[]}"
VHI_M_2020-12_0000000000000000009e,0.5921421487841917,3.117531711649009,159,12,Dry,2020,2020-12,"{""type"":""MultiPoint"",""coordinates"":[]}"
VHI_M_2020-12_0000000000000000009f,0.6332281191527213,3.3832674288862234,160,12,Dry,2020,2020-12,"{""type"":""MultiPoint"",""coordinates"":[]}"
VHI_M_2020-12_00000000000000000154,0.6311511985659785,3.3877644828131093,341,12,Dry,2020,2020-12,"{""type"":""MultiPoint"",""coordinates"":[]}"
VHI_M_2020-12_00000000000000000155,0.5996758216231144,3.1643883213541177,342,12,Dry,2020,2020-12,"{""type"":""MultiPoint"",""coordinates"":[]}"
VHI_M_2020-12_00000000000000000156,0.5762762001073384,3.0231621786041427,343,12,Dry,2020,2020-12,"{""type"":""MultiPoint"",""coordinates"":[]}"
VHI_M_2020-12_00000000000000000157,0.6192265675164756,3.3146611690223207,344,12,Dry,2020,2020-12,"{""type"":""MultiPoint"",""coordinates"":[]}"
VHI_M_2020-12_00000000000000000178,0.663762313948535,3.606269749649497,377,12,Dry,2020,2020-12,"{""type"":""MultiPoint"",""coordinates"":[]}"
VHI_M_2020-12_00000000000000000179,0.6003338770600651,3.176271367370734,378,12,Dry,2020,2020-12,"{""type"":""MultiPoint"",""coordinates"":[]}"
VHI_M_2020-12_0000000000000000017a,0.5979467715311159,3.1520021065045745,379,12,Dry,2020,2020-12,"{""type"":""MultiPoint"",""coordinates"":[]}"
VHI_M_2020-12_0000000000000000017b,0.6455526773100116,3.4405920099358314,380,12,Dry,2020,2020-12,"{""type"":""MultiPoint"",""coordinates"":[]}"
VHI_M_2020-12_0000000000000000000f,0.6033004897220566,3.165165165165166,16,12,Dry,2020,2020-12,"{""type"":""MultiPoint"",""coordinates"":[]}"
VHI_M_2020-12_00000000000000000040,0.5887013197260864,3.10846831392472,65,12,Dry,2020,2020-12,"{""type"":""MultiPoint"",""coordinates"":[]}"
VHI_M_2020-12_00000000000000000041,0.5607328130797873,2.907756611242699,66,12,Dry,2020,2020-12,"{""type"":""MultiPoint"",""coordinates"":[]}"
VHI_M_2020-12_00000000000000000042,0.6006192758576514,3.1699057604332523,67,12,Dry,2020,2020-12,"{""type"":""MultiPoint"",""coordinates"":[]}"
VHI_M_2020-12_00000000000000000043,0.6368756697525205,3.4300570942713304,68,12,Dry,2020,2020-12,"{""type"":""MultiPoint"",""coordinates"":[]}"
VHI_M_2020-12_00000000000000000192,0.5641860950167431,2.9312920039477874,403,12,Dry,2020,2020-12,"{""type"":""MultiPoint"",""coordinates"":[]}"
VHI_M_2020-12_00000000000000000193,0.5719075344831902,2.977235285726669,404,12,Dry,2020,2020-12,"{""type"":""MultiPoint"",""coordinates"":[]}"
VHI_M_2020-12_00000000000000000194,0.5711669903780053,2.968673426998643,405,12,Dry,2020,2020-12,"{""type"":""MultiPoint"",""coordinates"":[]}"
VHI_M_2020-12_000000000000000001d2,0.578788549809223,3.0244580204488574,467,12,Dry,2020,2020-12,"{""type"":""MultiPoint"",""coordinates"":[]}"
VHI_M_2020-12_000000000000000001d3,0.5708893765636773,2.9600412991106193,468,12,Dry,2020,2020-12,"{""type"":""MultiPoint"",""coordinates"":[]}"
VHI_M_2020-12_000000000000000001d4,0.5754707999589286,2.9964649481041468,469,12,Dry,2020,2020-12,"{""type"":""MultiPoint"",""coordinates"":[]}"
VHI_M_2020-12_000000000000000001d5,0.5992495170456946,3.1937039201223576,470,12,Dry,2020,2020-12,"{""type"":""MultiPoint"",""coordinates"":[]}"
VHI_M_2020-12_000000000000000001d6,0.5391639583703773,2.7812135446641055,471,12,Dry,2020,2020-12,"{""type"":""MultiPoint"",""coordinates"":[]}"
VHI_M_2020-12_000000000000000001d7,0.5847635796647166,3.080046240563436,472,12,Dry,2020,2020-12,"{""type"":""MultiPoint"",""coordinates"":[]}"
VHI_M_2020-12_00000000000000000069,0.6213196913975375,3.3123140860884503,106,12,Dry,2020,2020-12,"{""type"":""MultiPoint"",""coordinates"":[]}"
VHI_M_2020-12_0000000000000000006a,0.5724236348027485,2.9874935804398826,107,12,Dry,2020,2020-12,"{""type"":""MultiPoint"",""coordinates"":[]}"
VHI_M_2020-12_0000000000000000006b,0.5041857205849023,2.509782687170601,108,12,Dry,2020,2020-12,"{""type"":""MultiPoint"",""coordinates"":[]}"
VHI_M_2020-12_0000000000000000006c,0.5651543847618353,2.9090461489327715,109,12,Dry,2020,2020-12,"{""type"":""MultiPoint"",""coordinates"":[]}"
VHI_M_2020-12_0000000000000000006d,0.6542411046868832,3.573704516960246,110,12,Dry,2020,2020-12,"{""type"":""MultiPoint"",""coordinates"":[]}"
VHI_M_2020-12_0000000000000000006e,0.62717125166186,3.3526196307161515,111,12,Dry,2020,2020-12,"{""type"":""MultiPoint"",""coordinates"":[]}"
VHI_M_2020-12_0000000000000000006f,0.6429301185953403,3.512981620903456,112,12,Dry,2020,2020-12,"{""type"":""MultiPoint"",""coordinates"":[]}"
VHI_M_2020-12_000000000000000000d6,0.6062027093568749,3.093944636678201,215,12,Dry,2020,2020-12,"{""type"":""MultiPoint"",""coordinates"":[]}"
VHI_M_2020-12_0000000000000000013b,0.6644315551404693,3.5160363810435618,316,12,Dry,2020,2020-12,"{""type"":""MultiPoint"",""coordinates"":[]}"
VHI_M_2020-12_0000000000000000013c,0.6233062606315913,3.3320326356864145,317,12,Dry,2020,2020-12,"{""type"":""MultiPoint"",""coordinates"":[]}"
VHI_M_2020-12_0000000000000000013d,0.6006826938009959,3.1853965179715575,318,12,Dry,2020,2020-12,"{""type"":""MultiPoint"",""coordinates"":[]}"
VHI_M_2020-12_0000000000000000013e,0.5526725420097771,2.8523536612508344,319,12,Dry,2020,2020-12,"{""type"":""MultiPoint"",""coordinates"":[]}"
VHI_M_2020-12_0000000000000000013f,0.5097074185030859,2.567899588602772,320,12,Dry,2020,2020-12,"{""type"":""MultiPoint"",""coordinates"":[]}"
VHI_M_2020-12_00000000000000000140,10.32848601820442,2.9566697420559813,321,12,Dry,2020,2020-12,"{""type"":""MultiPoint"",""coordinates"":[]}"
VHI_M_2020-12_000000000000000001bc,0.4654499613562212,2.2548907447660453,445,12,Dry,2020,2020-12,"{""type"":""MultiPoint"",""coordinates"":[]}"
VHI_M_2020-12_000000000000000001bd,0.5738861484109561,2.978295890374023,446,12,Dry,2020,2020-12,"{""type"":""MultiPoint"",""coordinates"":[]}"
VHI_M_2020-12_000000000000000001be,0.5605295287692207,2.92674085703731,447,12,Dry,2020,2020-12,"{""type"":""MultiPoint"",""coordinates"":[]}"
VHI_M_2020-12_000000000000000001bf,0.45340036041994014,2.2086850711080697,448,12,Dry,2020,2020-12,"{""type"":""MultiPoint"",""coordinates"":[]}"
VHI_M_2020-12_000000000000000001c0,0.4795122329289068,2.3868094781490905,449,12,Dry,2020,2020-12,"{""type"":""MultiPoint"",""coordinates"":[]}"
VHI_M_2020-12_00000000000000000006,0.5862124893672729,3.072327183818625,7,12,Dry,2020,2020-12,"{""type"":""MultiPoint"",""coordinates"":[]}"
VHI_M_2020-12_0000000000000000002c,0.5925591899757872,3.1144005776231416,45,12,Dry,2020,2020-12,"{""type"":""MultiPoint"",""coordinates"":[]}"
VHI_M_2020-12_0000000000000000002d,0.632522810850864,3.3880883335982173,46,12,Dry,2020,2020-12,"{""type"":""MultiPoint"",""coordinates"":[]}"
VHI_M_2020-12_0000000000000000002e,0.6373369852931821,3.412450927440363,47,12,Dry,2020,2020-12,"{""type"":""MultiPoint"",""coordinates"":[]}"
VHI_M_2020-12_0000000000000000002f,0.6297242113048234,3.3578391531231238,48,12,Dry,2020,2020-12,"{""type"":""MultiPoint"",""coordinates"":[]}"
VHI_M_2020-12_0000000000000000009b,0.5809214564946594,3.0458704654500206,156,12,Dry,2020,2020-12,"{""type"":""MultiPoint"",""coordinates"":[]}"
VHI_M_2020-12_0000000000000000009c,0.5384655741603949,2.7559880312072615,157,12,Dry,2020,2020-12,"{""type"":""MultiPoint"",""coordinates"":[]}"
VHI_M_2020-12_0000000000000000009d,0.5694280680259025,2.9747216829274286,158,12,Dry,2020,2020-12,"{""type"":""MultiPoint"",""coordinates"":[]}"
VHI_M_2020-12_000000000000000001b6,0.5743071652555126,3.035279760363892,439,12,Dry,2020,2020-12,"{""type"":""MultiPoint"",""coordinates"":[]}"
VHI_M_2020-12_000000000000000001b7,0.6004994149783841,3.1683208316632627,440,12,Dry,2020,2020-12,"{""type"":""MultiPoint"",""coordinates"":[]}"
VHI_M_2020-12_000000000000000001b8,0.5682036633136065,2.9372933234601977,441,12,Dry,2020,2020-12,"{""type"":""MultiPoint"",""coordinates"":[]}"
VHI_M_2020-12_000000000000000001b9,0.568253074648597,2.9559160377622544,442,12,Dry,2020,2020-12,"{""type"":""MultiPoint"",""coordinates"":[]}"
VHI_M_2020-12_000000000000000001ba,0.5737085536040413,2.987659806937799,443,12,Dry,2020,2020-12,"{""type"":""MultiPoint"",""coordinates"":[]}"
VHI_M_2020-12_000000000000000001bb,0.6044459099353403,3.211824655363317,444,12,Dry,2020,2020-12,"{""type"":""MultiPoint"",""coordinates"":[]}"
VHI_M_2020-12_00000000000000000221,0.6250571016054973,3.059174669089021,546,12,Dry,2020,2020-12,"{""type"":""MultiPoint"",""coordinates"":[]}"
VHI_M_2020-12_00000000000000000222,0.5098810821832034,2.569177128802519,547,12,Dry,2020,2020-12,"{""type"":""MultiPoint"",""coordinates"":[]}"
VHI_M_2020-12_00000000000000000223,0.5730119867113744,2.971829407623407,548,12,Dry,2020,2020-12,"{""type"":""MultiPoint"",""coordinates"":[]}"
VHI_M_2020-12_00000000000000000224,0.5815644179474342,3.059262557331757,549,12,Dry,2020,2020-12,"{""type"":""MultiPoint"",""coordinates"":[]}"
VHI_M_2020-12_00000000000000000225,0.5403478952401027,2.7717821782178227,550,12,Dry,2020,2020-12,"{""type"":""MultiPoint"",""coordinates"":[]}"
VHI_M_2020-12_00000000000000000053,0.4785309421323853,2.3787558653239316,84,12,Dry,2020,2020-12,"{""type"":""MultiPoint"",""coordinates"":[]}"
VHI_M_2020-12_00000000000000000054,0.5315148078488637,2.7446243898177354,85,12,Dry,2020,2020-12,"{""type"":""MultiPoint"",""coordinates"":[]}"
VHI_M_2020-12_00000000000000000055,0.5362768277358076,2.7433906342620036,86,12,Dry,2020,2020-12,"{""type"":""MultiPoint"",""coordinates"":[]}"
VHI_M_2020-12_00000000000000000056,0.5217766235775302,2.6677905979574326,87,12,Dry,2020,2020-12,"{""type"":""MultiPoint"",""coordinates"":[]}"
VHI_M_2020-12_00000000000000000057,0.49306200337708506,2.4731093468266505,88,12,Dry,2020,2020-12,"{""type"":""MultiPoint"",""coordinates"":[]}"
VHI_M_2020-12_000000000000000000de,0.5160302601733271,2.660899667382862,223,12,Dry,2020,2020-12,"{""type"":""MultiPoint"",""coordinates"":[]}"
VHI_M_2020-12_000000000000000000df,26.529984595710324,3.0924255850373115,224,12,Dry,2020,2020-12,"{""type"":""MultiPoint"",""coordinates"":[]}"
VHI_M_2020-12_000000000000000000e0,3.8241935045773534,2.7883082067290026,225,12,Dry,2020,2020-12,"{""type"":""MultiPoint"",""coordinates"":[]}"
VHI_M_2020-12_000000000000000000e1,8.097045785094553,3.068134599585804,226,12,Dry,2020,2020-12,"{""type"":""MultiPoint"",""coordinates"":[]}"
VHI_M_2020-12_000000000000000000ff,0.5226097863291287,2.711982695290181,256,12,Dry,2020,2020-12,"{""type"":""MultiPoint"",""coordinates"":[]}"
VHI_M_2020-12_0000000000000000011c,0.5570785240605128,2.882722893756249,285,12,Dry,2020,2020-12,"{""type"":""MultiPoint"",""coordinates"":[]}"
VHI_M_2020-12_0000000000000000011d,0.5196968096889505,2.648201810720217,286,12,Dry,2020,2020-12,"{""type"":""MultiPoint"",""coordinates"":[]}"
VHI_M_2020-12_0000000000000000011e,0.5921652805416945,3.1482394157116547,287,12,Dry,2020,2020-12,"{""type"":""MultiPoint"",""coordinates"":[]}"
VHI_M_2020-12_0000000000000000011f,0.5804537659514694,3.0460035459122623,288,12,Dry,2020,2020-12,"{""type"":""MultiPoint"",""coordinates"":[]}"
VHI_M_2020-12_000000000000000001c4,8.766535695490118,3.024245304922658,453,12,Dry,2020,2020-12,"{""type"":""MultiPoint"",""coordinates"":[]}"
VHI_M_2020-12_000000000000000001c5,0.6216066295365223,3.334565135158728,454,12,Dry,2020,2020-12,"{""type"":""MultiPoint"",""coordinates"":[]}"
VHI_M_2020-12_000000000000000001c6,0.5442855632134249,2.8160304378796153,455,12,Dry,2020,2020-12,"{""type"":""MultiPoint"",""coordinates"":[]}"
VHI_M_2020-12_00000000000000000003,0.7508030710890308,3.02832035150789,4,12,Dry,2020,2020-12,"{""type"":""MultiPoint"",""coordinates"":[]}"
VHI_M_2020-12_0000000000000000001b,12.20123699832593,2.8372340425531917,28,12,Dry,2020,2020-12,"{""type"":""MultiPoint"",""coordinates"":[]}"
VHI_M_2020-12_00000000000000000186,64.39736635509747,4.010350346789969,391,12,Dry,2020,2020-12,"{""type"":""MultiPoint"",""coordinates"":[]}"
VHI_M_2020-12_00000000000000000187,0.4802614881460884,2.4110542705706894,392,12,Dry,2020,2020-12,"{""type"":""MultiPoint"",""coordinates"":[]}"
VHI_M_2020-12_00000000000000000188,2.815469961669938,3.0122385901144164,393,12,Dry,2020,2020-12,"{""type"":""MultiPoint"",""coordinates"":[]}"
VHI_M_2020-12_00000000000000000189,3.59353721067783,3.0352365628098252,394,12,Dry,2020,2020-12,"{""type"":""MultiPoint"",""coordinates"":[]}"
VHI_M_2020-12_0000000000000000018a,0.5724048144259106,2.99337187572997,395,12,Dry,2020,2020-12,"{""type"":""MultiPoint"",""coordinates"":[]}"
VHI_M_2020-12_0000000000000000018f,0.5940996849536897,3.2523961661341856,400,12,Dry,2020,2020-12,"{""type"":""MultiPoint"",""coordinates"":[]}"
VHI_M_2020-12_00000000000000000190,0.6068325356136891,3.247055778439238,401,12,Dry,2020,2020-12,"{""type"":""MultiPoint"",""coordinates"":[]}"
VHI_M_2020-12_0000000000000000021e,0.668906486222638,3.657446588915265,543,12,Dry,2020,2020-12,"{""type"":""MultiPoint"",""coordinates"":[]}"
VHI_M_2020-12_0000000000000000021f,0.6499046495870107,2.74213465825223,544,12,Dry,2020,2020-12,"{""type"":""MultiPoint"",""coordinates"":[]}"
VHI_M_2020-12_00000000000000000220,0.5210282656786739,2.518912462539661,545,12,Dry,2020,2020-12,"{""type"":""MultiPoint"",""coordinates"":[]}"
VHI_M_2020-12_00000000000000000007,0.6672404644337916,3.6490164050848657,8,12,Dry,2020,2020-12,"{""type"":""MultiPoint"",""coordinates"":[]}"
VHI_M_2020-12_0000000000000000000b,0.6920229517240359,3.7650805094929094,12,12,Dry,2020,2020-12,"{""type"":""MultiPoint"",""coordinates"":[]}"
VHI_M_2020-12_00000000000000000012,0.5253420684956573,2.6726917040103726,19,12,Dry,2020,2020-12,"{""type"":""MultiPoint"",""coordinates"":[]}"
VHI_M_2020-12_00000000000000000013,0.5589235832682744,2.903275730185618,20,12,Dry,2020,2020-12,"{""type"":""MultiPoint"",""coordinates"":[]}"
VHI_M_2020-12_00000000000000000014,0.5314033294600623,2.7452497899567003,21,12,Dry,2020,2020-12,"{""type"":""MultiPoint"",""coordinates"":[]}"
VHI_M_2020-12_00000000000000000015,0.47365303830873173,2.3456435046866773,22,12,Dry,2020,2020-12,"{""type"":""MultiPoint"",""coordinates"":[]}"
VHI_M_2020-12_00000000000000000016,0.5993619634176398,3.236680758139925,23,12,Dry,2020,2020-12,"{""type"":""MultiPoint"",""coordinates"":[]}"
VHI_M_2020-12_00000000000000000183,0.5516289635687394,2.8755895963275364,388,12,Dry,2020,2020-12,"{""type"":""MultiPoint"",""coordinates"":[]}"
VHI_M_2020-12_00000000000000000184,0.5560825093479751,2.880349417477127,389,12,Dry,2020,2020-12,"{""type"":""MultiPoint"",""coordinates"":[]}"
VHI_M_2020-12_00000000000000000185,4.890399987082639,2.4961028382711206,390,12,Dry,2020,2020-12,"{""type"":""MultiPoint"",""coordinates"":[]}"
VHI_M_2020-12_00000000000000000212,0.3517138593838449,1.47645702996378,531,12,Dry,2020,2020-12,"{""type"":""MultiPoint"",""coordinates"":[]}"
VHI_M_2020-12_00000000000000000213,0.6340150209105669,3.385559809426579,532,12,Dry,2020,2020-12,"{""type"":""MultiPoint"",""coordinates"":[]}"
VHI_M_2020-12_00000000000000000214,0.5208177491001877,2.650134132920658,533,12,Dry,2020,2020-12,"{""type"":""MultiPoint"",""coordinates"":[]}"
VHI_M_2020-12_00000000000000000215,0.559046796062125,2.901151701857709,534,12,Dry,2020,2020-12,"{""type"":""MultiPoint"",""coordinates"":[]}"
VHI_M_2020-12_0000000000000000005a,74.9611555359106,2.864710036882994,91,12,Dry,2020,2020-12,"{""type"":""MultiPoint"",""coordinates"":[]}"
VHI_M_2020-12_00000000000000000118,53.08408801203441,3.5116079364840247,281,12,Dry,2020,2020-12,"{""type"":""MultiPoint"",""coordinates"":[]}"
VHI_M_2020-12_00000000000000000119,8.35349462894529,2.6405944360381066,282,12,Dry,2020,2020-12,"{""type"":""MultiPoint"",""coordinates"":[]}"
VHI_M_2020-12_0000000000000000011a,3.800440567199559,2.8247281937654947,283,12,Dry,2020,2020-12,"{""type"":""MultiPoint"",""coordinates"":[]}"
VHI_M_2020-12_0000000000000000011b,0.55698715666642,2.835862921502645,284,12,Dry,2020,2020-12,"{""type"":""MultiPoint"",""coordinates"":[]}"
VHI_M_2020-12_00000000000000000141,10.181477202794301,3.104188578356201,322,12,Dry,2020,2020-12,"{""type"":""MultiPoint"",""coordinates"":[]}"
VHI_M_2020-12_00000000000000000142,54.328221322212734,3.868683737367473,323,12,Dry,2020,2020-12,"{""type"":""MultiPoint"",""coordinates"":[]}"
VHI_M_2020-12_00000000000000000143,13.678113293519669,3.1249291848587837,324,12,Dry,2020,2020-12,"{""type"":""MultiPoint"",""coordinates"":[]}"
VHI_M_2020-12_00000000000000000144,49.43963138044461,3.645648727287227,325,12,Dry,2020,2020-12,"{""type"":""MultiPoint"",""coordinates"":[]}"
VHI_M_2020-12_00000000000000000145,35.08997399681718,3.373550208295984,326,12,Dry,2020,2020-12,"{""type"":""MultiPoint"",""coordinates"":[]}"
VHI_M_2020-12_000000000000000001af,85.71876338109024,2.519175972275703,432,12,Dry,2020,2020-12,"{""type"":""MultiPoint"",""coordinates"":[]}"
VHI_M_2020-12_0000000000000000004b,0.6391782547244808,3.4291481631005247,76,12,Dry,2020,2020-12,"{""type"":""MultiPoint"",""coordinates"":[]}"
VHI_M_2020-12_0000000000000000004c,0.5820531524178137,3.085345361280621,77,12,Dry,2020,2020-12,"{""type"":""MultiPoint"",""coordinates"":[]}"
VHI_M_2020-12_0000000000000000004d,0.5643132196021687,2.932674398621438,78,12,Dry,2020,2020-12,"{""type"":""MultiPoint"",""coordinates"":[]}"
VHI_M_2020-12_0000000000000000004e,0.554754338730671,2.8890043572610544,79,12,Dry,2020,2020-12,"{""type"":""MultiPoint"",""coordinates"":[]}"
VHI_M_2020-12_0000000000000000004f,0.5802879801202734,3.063768563026422,80,12,Dry,2020,2020-12,"{""type"":""MultiPoint"",""coordinates"":[]}"
VHI_M_2020-12_00000000000000000050,0.6834605281755803,3.637638617090671,81,12,Dry,2020,2020-12,"{""type"":""MultiPoint"",""coordinates"":[]}"
VHI_M_2020-12_00000000000000000051,0.5975905475598726,3.007435835931878,82,12,Dry,2020,2020-12,"{""type"":""MultiPoint"",""coordinates"":[]}"
VHI_M_2020-12_00000000000000000052,0.5310184193957811,2.817078520251499,83,12,Dry,2020,2020-12,"{""type"":""MultiPoint"",""coordinates"":[]}"
VHI_M_2020-12_000000000000000000aa,0.5021934691434727,2.469877294953409,171,12,Dry,2020,2020-12,"{""type"":""MultiPoint"",""coordinates"":[]}"
VHI_M_2020-12_000000000000000000ab,0.5865036204963012,3.0929513593417104,172,12,Dry,2020,2020-12,"{""type"":""MultiPoint"",""coordinates"":[]}"
VHI_M_2020-12_000000000000000000ac,0.5633571097261867,2.9190977098350412,173,12,Dry,2020,2020-12,"{""type"":""MultiPoint"",""coordinates"":[]}"
VHI_M_2020-12_000000000000000000ad,0.5943384934388936,3.136517836266961,174,12,Dry,2020,2020-12,"{""type"":""MultiPoint"",""coordinates"":[]}"
VHI_M_2020-12_000000000000000000ae,0.5043203668641221,2.515805387575592,175,12,Dry,2020,2020-12,"{""type"":""MultiPoint"",""coordinates"":[]}"
VHI_M_2020-12_000000000000000000af,0.48840577501642884,2.464625634517766,176,12,Dry,2020,2020-12,"{""type"":""MultiPoint"",""coordinates"":[]}"
VHI_M_2020-12_000000000000000000b0,0.7783880318605095,4.398611330282469,177,12,Dry,2020,2020-12,"{""type"":""MultiPoint"",""coordinates"":[]}"
VHI_M_2020-12_000000000000000001c7,0.5604558943494444,2.8299975290338524,456,12,Dry,2020,2020-12,"{""type"":""MultiPoint"",""coordinates"":[]}"
VHI_M_2020-12_000000000000000001c8,0.5873466976725866,3.094920506886359,457,12,Dry,2020,2020-12,"{""type"":""MultiPoint"",""coordinates"":[]}"
VHI_M_2020-12_000000000000000001c9,0.5068441815992619,2.553093134688039,458,12,Dry,2020,2020-12,"{""type"":""MultiPoint"",""coordinates"":[]}"
VHI_M_2020-12_000000000000000001ca,0.5963919150929787,3.2969757064947935,459,12,Dry,2020,2020-12,"{""type"":""MultiPoint"",""coordinates"":[]}"
VHI_M_2020-12_0000000000000000020a,0.6384930461804474,3.4082583048742627,523,12,Dry,2020,2020-12,"{""type"":""MultiPoint"",""coordinates"":[]}"
VHI_M_2020-12_0000000000000000020b,0.9483862380847639,2.9595184316391316,524,12,Dry,2020,2020-12,"{""type"":""MultiPoint"",""coordinates"":[]}"
VHI_M_2020-12_0000000000000000020c,0.6220794843627769,3.310106614447341,525,12,Dry,2020,2020-12,"{""type"":""MultiPoint"",""coordinates"":[]}"
VHI_M_2020-12_000000000000000001ab,0.5325685648785524,2.6640873527641644,428,12,Dry,2020,2020-12,"{""type"":""MultiPoint"",""coordinates"":[]}"
VHI_M_2020-12_000000000000000001ac,0.5073326540282407,2.562688879537891,429,12,Dry,2020,2020-12,"{""type"":""MultiPoint"",""coordinates"":[]}"
VHI_M_2020-12_000000000000000001ad,8.677717157448864,3.204454932106188,430,12,Dry,2020,2020-12,"{""type"":""MultiPoint"",""coordinates"":[]}"
VHI_M_2020-12_000000000000000001ae,45.483240078242424,3.137281226943406,431,12,Dry,2020,2020-12,"{""type"":""MultiPoint"",""coordinates"":[]}"
VHI_M_2020-12_000000000000000001c3,39.017620713131414,2.884192117386112,452,12,Dry,2020,2020-12,"{""type"":""MultiPoint"",""coordinates"":[]}"
VHI_M_2020-12_00000000000000000037,0.6073972184504458,3.1865335107210093,56,12,Dry,2020,2020-12,"{""type"":""MultiPoint"",""coordinates"":[]}"
VHI_M_2020-12_00000000000000000038,0.5964647165450773,3.0977667257605868,57,12,Dry,2020,2020-12,"{""type"":""MultiPoint"",""coordinates"":[]}"
VHI_M_2020-12_00000000000000000039,0.4979959809361931,2.419951458492517,58,12,Dry,2020,2020-12,"{""type"":""MultiPoint"",""coordinates"":[]}"
VHI_M_2020-12_0000000000000000003a,0.5962648370140023,3.1263534635074506,59,12,Dry,2020,2020-12,"{""type"":""MultiPoint"",""coordinates"":[]}"
VHI_M_2020-12_0000000000000000003b,0.5978997241632199,3.1466412470126404,60,12,Dry,2020,2020-12,"{""type"":""MultiPoint"",""coordinates"":[]}"
VHI_M_2020-12_0000000000000000003c,0.6179488051739609,3.262642464789376,61,12,Dry,2020,2020-12,"{""type"":""MultiPoint"",""coordinates"":[]}"
VHI_M_2020-12_0000000000000000003d,0.6330161051560957,3.384376297526544,62,12,Dry,2020,2020-12,"{""type"":""MultiPoint"",""coordinates"":[]}"
VHI_M_2020-12_0000000000000000003e,10.526555053266714,3.300170806889101,63,12,Dry,2020,2020-12,"{""type"":""MultiPoint"",""coordinates"":[]}"
VHI_M_2020-12_0000000000000000003f,0.6367717468358693,3.4254653984448336,64,12,Dry,2020,2020-12,"{""type"":""MultiPoint"",""coordinates"":[]}"
VHI_M_2020-12_00000000000000000044,0.534188864739937,2.739387381388379,69,12,Dry,2020,2020-12,"{""type"":""MultiPoint"",""coordinates"":[]}"
VHI_M_2020-12_00000000000000000076,0.6275442960573074,3.3230246224078477,119,12,Dry,2020,2020-12,"{""type"":""MultiPoint"",""coordinates"":[]}"
VHI_M_2020-12_00000000000000000077,5.879604258613299,2.994835746102451,120,12,Dry,2020,2020-12,"{""type"":""MultiPoint"",""coordinates"":[]}"
VHI_M_2020-12_00000000000000000078,0.6043969157545432,3.1624684976322217,121,12,Dry,2020,2020-12,"{""type"":""MultiPoint"",""coordinates"":[]}"
VHI_M_2020-12_00000000000000000079,0.61260367305115,3.1937955049066167,122,12,Dry,2020,2020-12,"{""type"":""MultiPoint"",""coordinates"":[]}"
VHI_M_2020-12_0000000000000000008b,0.38088036897826694,1.721662817551963,140,12,Dry,2020,2020-12,"{""type"":""MultiPoint"",""coordinates"":[]}"
VHI_M_2020-12_0000000000000000008c,1.558343161660888,2.769362166935868,141,12,Dry,2020,2020-12,"{""type"":""MultiPoint"",""coordinates"":[]}"
VHI_M_2020-12_0000000000000000008d,11.30603348325483,2.8617923225628292,142,12,Dry,2020,2020-12,"{""type"":""MultiPoint"",""coordinates"":[]}"
VHI_M_2020-12_0000000000000000008e,0.6489344774351646,3.488045188622149,143,12,Dry,2020,2020-12,"{""type"":""MultiPoint"",""coordinates"":[]}"
VHI_M_2020-12_0000000000000000008f,0.6262576269443663,3.388954033771105,144,12,Dry,2020,2020-12,"{""type"":""MultiPoint"",""coordinates"":[]}"
VHI_M_2020-12_00000000000000000090,0.5691687457596679,2.9832615059359218,145,12,Dry,2020,2020-12,"{""type"":""MultiPoint"",""coordinates"":[]}"
VHI_M_2020-12_00000000000000000091,0.6095525413068642,3.216383730382041,146,12,Dry,2020,2020-12,"{""type"":""MultiPoint"",""coordinates"":[]}"
VHI_M_2020-12_000000000000000000b5,36.12969997408117,3.1162440371579216,182,12,Dry,2020,2020-12,"{""type"":""MultiPoint"",""coordinates"":[]}"
VHI_M_2020-12_000000000000000000cc,8.952269543792035,3.1184363633031906,205,12,Dry,2020,2020-12,"{""type"":""MultiPoint"",""coordinates"":[]}"
VHI_M_2020-12_000000000000000000cd,0.839255985865601,2.946365515046717,206,12,Dry,2020,2020-12,"{""type"":""MultiPoint"",""coordinates"":[]}"
VHI_M_2020-12_000000000000000001dd,0.5613990701591673,2.9142311973286703,478,12,Dry,2020,2020-12,"{""type"":""MultiPoint"",""coordinates"":[]}"
VHI_M_2020-12_000000000000000001de,0.6134953277616483,3.2509192859859954,479,12,Dry,2020,2020-12,"{""type"":""MultiPoint"",""coordinates"":[]}"
VHI_M_2020-12_000000000000000001df,0.5437869648449974,2.836805844469223,480,12,Dry,2020,2020-12,"{""type"":""MultiPoint"",""coordinates"":[]}"
VHI_M_2020-12_000000000000000001e0,0.6421046283425563,3.4065134708012916,481,12,Dry,2020,2020-12,"{""type"":""MultiPoint"",""coordinates"":[]}"
VHI_M_2020-12_000000000000000001e1,0.6039623007475584,3.233937646969583,482,12,Dry,2020,2020-12,"{""type"":""MultiPoint"",""coordinates"":[]}"
VHI_M_2020-12_0000000000000000007a,0.5663665505646,2.975722900881399,123,12,Dry,2020,2020-12,"{""type"":""MultiPoint"",""coordinates"":[]}"
VHI_M_2020-12_0000000000000000007b,0.5517125452987004,2.910406474001593,124,12,Dry,2020,2020-12,"{""type"":""MultiPoint"",""coordinates"":[]}"
VHI_M_2020-12_0000000000000000007c,0.5612881965401129,2.948612700615475,125,12,Dry,2020,2020-12,"{""type"":""MultiPoint"",""coordinates"":[]}"
VHI_M_2020-12_0000000000000000007d,0.5866740239945403,3.0751462671936176,126,12,Dry,2020,2020-12,"{""type"":""MultiPoint"",""coordinates"":[]}"
VHI_M_2020-12_0000000000000000007e,19.480486330713344,3.2760243964151097,127,12,Dry,2020,2020-12,"{""type"":""MultiPoint"",""coordinates"":[]}"
VHI_M_2020-12_0000000000000000007f,14.001731219852354,3.3333333333333335,128,12,Dry,2020,2020-12,"{""type"":""MultiPoint"",""coordinates"":[]}"
VHI_M_2020-12_00000000000000000080,0.624705705126201,3.336733542540813,129,12,Dry,2020,2020-12,"{""type"":""MultiPoint"",""coordinates"":[]}"
VHI_M_2020-12_00000000000000000088,4.566146007542885,2.8077952158460113,137,12,Dry,2020,2020-12,"{""type"":""MultiPoint"",""coordinates"":[]}"
VHI_M_2020-12_00000000000000000089,0.6249590160721924,3.2736827283790446,138,12,Dry,2020,2020-12,"{""type"":""MultiPoint"",""coordinates"":[]}"
VHI_M_2020-12_0000000000000000008a,0.6158103550249652,3.1968929390797447,139,12,Dry,2020,2020-12,"{""type"":""MultiPoint"",""coordinates"":[]}"
VHI_M_2020-12_00000000000000000099,0.5755002437058423,2.9967859747259404,154,12,Dry,2020,2020-12,"{""type"":""MultiPoint"",""coordinates"":[]}"
VHI_M_2020-12_0000000000000000009a,4.629177948358234,2.695866821314045,155,12,Dry,2020,2020-12,"{""type"":""MultiPoint"",""coordinates"":[]}"
VHI_M_2020-12_00000000000000000112,0.7120428306532524,3.961926027710983,275,12,Dry,2020,2020-12,"{""type"":""MultiPoint"",""coordinates"":[]}"
VHI_M_2020-12_000000000000000001d8,0.5706605058094723,2.8843260008040903,473,12,Dry,2020,2020-12,"{""type"":""MultiPoint"",""coordinates"":[]}"
VHI_M_2020-12_00000000000000000001,0.6620001790322714,3.549820788530466,2,12,Dry,2020,2020-12,"{""type"":""MultiPoint"",""coordinates"":[]}"
VHI_M_2020-12_00000000000000000030,0.46294952322168637,2.2671885930949762,49,12,Dry,2020,2020-12,"{""type"":""MultiPoint"",""coordinates"":[]}"
VHI_M_2020-12_00000000000000000031,0.42311166083614843,2.0191963917682294,50,12,Dry,2020,2020-12,"{""type"":""MultiPoint"",""coordinates"":[]}"
VHI_M_2020-12_00000000000000000032,0.4965234666036557,2.5297325898489964,51,12,Dry,2020,2020-12,"{""type"":""MultiPoint"",""coordinates"":[]}"
VHI_M_2020-12_000000000000000000d7,0.43395282450159295,2.0776246402347653,216,12,Dry,2020,2020-12,"{""type"":""MultiPoint"",""coordinates"":[]}"
VHI_M_2020-12_000000000000000000d8,0.43453251116210173,2.067191429518427,217,12,Dry,2020,2020-12,"{""type"":""MultiPoint"",""coordinates"":[]}"
VHI_M_2020-12_000000000000000000d9,0.4063323348615423,1.886909154664882,218,12,Dry,2020,2020-12,"{""type"":""MultiPoint"",""coordinates"":[]}"
VHI_M_2020-12_000000000000000000da,0.4131112064269629,1.9398418939952502,219,12,Dry,2020,2020-12,"{""type"":""MultiPoint"",""coordinates"":[]}"
VHI_M_2020-12_00000000000000000132,0.502101105060052,2.508783679681039,307,12,Dry,2020,2020-12,"{""type"":""MultiPoint"",""coordinates"":[]}"
VHI_M_2020-12_00000000000000000133,81.74047776719465,3.70179449079895,308,12,Dry,2020,2020-12,"{""type"":""MultiPoint"",""coordinates"":[]}"
VHI_M_2020-12_00000000000000000134,0.5410552171436779,2.7660242552935315,309,12,Dry,2020,2020-12,"{""type"":""MultiPoint"",""coordinates"":[]}"
VHI_M_2020-12_00000000000000000135,24.68738720543278,3.437743384301479,310,12,Dry,2020,2020-12,"{""type"":""MultiPoint"",""coordinates"":[]}"
VHI_M_2020-12_0000000000000000001f,0.37607704034756173,1.6929399103547884,32,12,Dry,2020,2020-12,"{""type"":""MultiPoint"",""coordinates"":[]}"
VHI_M_2020-12_00000000000000000020,0.4837196357025239,2.3872882800851785,33,12,Dry,2020,2020-12,"{""type"":""MultiPoint"",""coordinates"":[]}"
VHI_M_2020-12_00000000000000000021,0.36091807855227903,1.663168890139608,34,12,Dry,2020,2020-12,"{""type"":""MultiPoint"",""coordinates"":[]}"
VHI_M_2020-12_00000000000000000045,0.3434685669151629,1.5278053418408857,70,12,Dry,2020,2020-12,"{""type"":""MultiPoint"",""coordinates"":[]}"
VHI_M_2020-12_00000000000000000046,0.38869292450789394,1.8052327532440795,71,12,Dry,2020,2020-12,"{""type"":""MultiPoint"",""coordinates"":[]}"
VHI_M_2020-12_00000000000000000047,0.35113459491499954,1.5548425089262676,72,12,Dry,2020,2020-12,"{""type"":""MultiPoint"",""coordinates"":[]}"
VHI_M_2020-12_00000000000000000048,0.357257754420287,1.6085503309753937,73,12,Dry,2020,2020-12,"{""type"":""MultiPoint"",""coordinates"":[]}"
VHI_M_2020-12_00000000000000000072,0.3682619330895773,1.6616848023301396,115,12,Dry,2020,2020-12,"{""type"":""MultiPoint"",""coordinates"":[]}"
VHI_M_2020-12_00000000000000000073,0.4674819563074218,2.287514292964576,116,12,Dry,2020,2020-12,"{""type"":""MultiPoint"",""coordinates"":[]}"
VHI_M_2020-12_00000000000000000074,0.4338786320312092,2.0663969116698193,117,12,Dry,2020,2020-12,"{""type"":""MultiPoint"",""coordinates"":[]}"
VHI_M_2020-12_00000000000000000075,0.4373001134503558,2.074728475161445,118,12,Dry,2020,2020-12,"{""type"":""MultiPoint"",""coordinates"":[]}"
VHI_M_2020-12_000000000000000000b4,0.44272076558430146,2.1096598760754244,181,12,Dry,2020,2020-12,"{""type"":""MultiPoint"",""coordinates"":[]}"
VHI_M_2020-12_000000000000000000e8,0.4226895627704698,1.9115946956817407,233,12,Dry,2020,2020-12,"{""type"":""MultiPoint"",""coordinates"":[]}"
VHI_M_2020-12_000000000000000000e9,0.3749074495106366,1.7186511573079424,234,12,Dry,2020,2020-12,"{""type"":""MultiPoint"",""coordinates"":[]}"
VHI_M_2020-12_000000000000000000ea,0.37350870707226885,1.7249412672602198,235,12,Dry,2020,2020-12,"{""type"":""MultiPoint"",""coordinates"":[]}"
VHI_M_2020-12_00000000000000000022,0.5044174378143584,2.5451567011761385,35,12,Dry,2020,2020-12,"{""type"":""MultiPoint"",""coordinates"":[]}"
VHI_M_2020-12_00000000000000000023,0.5084877529447303,2.541055477700275,36,12,Dry,2020,2020-12,"{""type"":""MultiPoint"",""coordinates"":[]}"
VHI_M_2020-12_00000000000000000024,0.4549048907321065,2.232631471560224,37,12,Dry,2020,2020-12,"{""type"":""MultiPoint"",""coordinates"":[]}"
VHI_M_2020-12_00000000000000000025,0.47893071504088275,2.365870173375385,38,12,Dry,2020,2020-12,"{""type"":""MultiPoint"",""coordinates"":[]}"
VHI_M_2020-12_000000000000000000f0,0.5342673933866697,2.8138022833154155,241,12,Dry,2020,2020-12,"{""type"":""MultiPoint"",""coordinates"":[]}"
VHI_M_2020-12_000000000000000000f4,0.3833049880801071,1.792809097301637,245,12,Dry,2020,2020-12,"{""type"":""MultiPoint"",""coordinates"":[]}"
VHI_M_2020-12_000000000000000000f5,0.47369038952700626,2.339124908117324,246,12,Dry,2020,2020-12,"{""type"":""MultiPoint"",""coordinates"":[]}"
VHI_M_2020-12_000000000000000000f6,0.5699839267462204,2.975426463420138,247,12,Dry,2020,2020-12,"{""type"":""MultiPoint"",""coordinates"":[]}"
VHI_M_2020-12_000000000000000000f7,0.5091163926535766,2.5820149144611784,248,12,Dry,2020,2020-12,"{""type"":""MultiPoint"",""coordinates"":[]}"
VHI_M_2020-12_000000000000000000f8,0.42600884030183417,2.0515564904151486,249,12,Dry,2020,2020-12,"{""type"":""MultiPoint"",""coordinates"":[]}"
VHI_M_2020-12_00000000000000000000,0.49714825938768026,2.4515542915827306,1,12,Dry,2020,2020-12,"{""type"":""MultiPoint"",""coordinates"":[]}"
VHI_M_2020-12_000000000000000000f2,0.3898166384659701,1.8153997611911212,243,12,Dry,2020,2020-12,"{""type"":""MultiPoint"",""coordinates"":[]}"
VHI_M_2020-12_000000000000000000f3,0.38395353600189824,1.78903677145657,244,12,Dry,2020,2020-12,"{""type"":""MultiPoint"",""coordinates"":[]}"
VHI_M_2020-12_00000000000000000106,0.5836780086359116,3.059616309461578,263,12,Dry,2020,2020-12,"{""type"":""MultiPoint"",""coordinates"":[]}"
VHI_M_2020-12_00000000000000000107,0.4975914903022279,2.4999644718638057,264,12,Dry,2020,2020-12,"{""type"":""MultiPoint"",""coordinates"":[]}"
VHI_M_2020-12_00000000000000000108,0.46960076057077227,2.3111397568013685,265,12,Dry,2020,2020-12,"{""type"":""MultiPoint"",""coordinates"":[]}"
VHI_M_2020-12_0000000000000000012c,0.5359379102951757,2.751160784468894,301,12,Dry,2020,2020-12,"{""type"":""MultiPoint"",""coordinates"":[]}"
VHI_M_2020-12_0000000000000000012d,0.5825476279361436,3.045054684810247,302,12,Dry,2020,2020-12,"{""type"":""MultiPoint"",""coordinates"":[]}"
VHI_M_2020-12_0000000000000000012e,0.5013315519128383,2.5251666272097446,303,12,Dry,2020,2020-12,"{""type"":""MultiPoint"",""coordinates"":[]}"
VHI_M_2020-12_000000000000000000a5,0.5281371298962415,2.7379430413756025,166,12,Dry,2020,2020-12,"{""type"":""MultiPoint"",""coordinates"":[]}"
VHI_M_2020-12_000000000000000000a6,0.5188139521894436,2.6415303010024025,167,12,Dry,2020,2020-12,"{""type"":""MultiPoint"",""coordinates"":[]}"
VHI_M_2020-12_000000000000000000c1,45.8693735757083,3.043530618616476,194,12,Dry,2020,2020-12,"{""type"":""MultiPoint"",""coordinates"":[]}"
VHI_M_2020-12_00000000000000000120,2.811194156404569,3.0957050402039616,289,12,Dry,2020,2020-12,"{""type"":""MultiPoint"",""coordinates"":[]}"
VHI_M_2020-12_000000000000000001d9,5.589235671207664,2.8974957411449687,474,12,Dry,2020,2020-12,"{""type"":""MultiPoint"",""coordinates"":[]}"
VHI_M_2020-12_000000000000000001da,0.540167533238607,2.7417804797269603,475,12,Dry,2020,2020-12,"{""type"":""MultiPoint"",""coordinates"":[]}"
VHI_M_2020-12_000000000000000001db,0.509446658340549,2.5342679226801197,476,12,Dry,2020,2020-12,"{""type"":""MultiPoint"",""coordinates"":[]}"
VHI_M_2020-12_000000000000000001dc,0.47083500458349026,2.3095078549624004,477,12,Dry,2020,2020-12,"{""type"":""MultiPoint"",""coordinates"":[]}"
VHI_M_2020-12_000000000000000001e2,54.576851085192914,2.7284816518909216,483,12,Dry,2020,2020-12,"{""type"":""MultiPoint"",""coordinates"":[]}"
VHI_M_2020-12_000000000000000001e3,4.614964204693733,3.05461017016937,484,12,Dry,2020,2020-12,"{""type"":""MultiPoint"",""coordinates"":[]}"
VHI_M_2020-12_000000000000000001e4,80.53847777306443,3.631376851343939,485,12,Dry,2020,2020-12,"{""type"":""MultiPoint"",""coordinates"":[]}"
VHI_M_2020-12_000000000000000001e5,26.628379582944365,3.002011834319527,486,12,Dry,2020,2020-12,"{""type"":""MultiPoint"",""coordinates"":[]}"
VHI_M_2020-12_000000000000000001e6,1.0663051153625522,2.3999040597859027,487,12,Dry,2020,2020-12,"{""type"":""MultiPoint"",""coordinates"":[]}"
VHI_M_2020-12_000000000000000001e7,16.0731785996327,3.1123897439096027,488,12,Dry,2020,2020-12,"{""type"":""MultiPoint"",""coordinates"":[]}"
VHI_M_2020-12_000000000000000001e8,0.5715876076568187,2.9901703051777346,489,12,Dry,2020,2020-12,"{""type"":""MultiPoint"",""coordinates"":[]}"
VHI_M_2020-12_000000000000000001e9,58.752969770643034,3.459176212527419,490,12,Dry,2020,2020-12,"{""type"":""MultiPoint"",""coordinates"":[]}"
VHI_M_2020-12_000000000000000000e2,0.4997865195544958,2.4915366460555957,227,12,Dry,2020,2020-12,"{""type"":""MultiPoint"",""coordinates"":[]}"
VHI_M_2020-12_000000000000000000e3,0.4581460834237125,2.2319024235704106,228,12,Dry,2020,2020-12,"{""type"":""MultiPoint"",""coordinates"":[]}"
VHI_M_2020-12_000000000000000000e4,25.20918092363931,2.298473142016188,229,12,Dry,2020,2020-12,"{""type"":""MultiPoint"",""coordinates"":[]}"
VHI_M_2020-12_000000000000000000e5,1.166713227329636,2.5393446840134533,230,12,Dry,2020,2020-12,"{""type"":""MultiPoint"",""coordinates"":[]}"
VHI_M_2020-12_000000000000000000e6,0.440063984875373,2.0,231,12,Dry,2020,2020-12,"{""type"":""MultiPoint"",""coordinates"":[]}"
VHI_M_2020-12_000000000000000000e7,0.6303485288527724,3.4065751144402836,232,12,Dry,2020,2020-12,"{""type"":""MultiPoint"",""coordinates"":[]}"
VHI_M_2020-12_0000000000000000017f,0.5100281143989001,2.5847370987275675,384,12,Dry,2020,2020-12,"{""type"":""MultiPoint"",""coordinates"":[]}"
VHI_M_2020-12_00000000000000000180,0.5244798076378756,2.651704018578849,385,12,Dry,2020,2020-12,"{""type"":""MultiPoint"",""coordinates"":[]}"
VHI_M_2020-12_00000000000000000203,0.5451675034397265,2.8118363118363114,516,12,Dry,2020,2020-12,"{""type"":""MultiPoint"",""coordinates"":[]}"
VHI_M_2020-12_00000000000000000204,0.45712009080208277,2.2118900538396145,517,12,Dry,2020,2020-12,"{""type"":""MultiPoint"",""coordinates"":[]}"
VHI_M_2020-12_00000000000000000205,0.5359395259828961,2.761480754399494,518,12,Dry,2020,2020-12,"{""type"":""MultiPoint"",""coordinates"":[]}"
VHI_M_2020-12_00000000000000000206,0.5415514476872729,2.808270526777526,519,12,Dry,2020,2020-12,"{""type"":""MultiPoint"",""coordinates"":[]}"
VHI_M_2020-12_00000000000000000207,0.5032013947803724,2.576501135994807,520,12,Dry,2020,2020-12,"{""type"":""MultiPoint"",""coordinates"":[]}"
VHI_M_2020-12_00000000000000000208,0.42147021672781837,1.9881463920580824,521,12,Dry,2020,2020-12,"{""type"":""MultiPoint"",""coordinates"":[]}"
VHI_M_2020-12_00000000000000000209,0.5623542138228188,2.9904965089216455,522,12,Dry,2020,2020-12,"{""type"":""MultiPoint"",""coordinates"":[]}"
VHI_M_2020-12_0000000000000000000e,0.5143858691400124,2.5827165958859566,15,12,Dry,2020,2020-12,"{""type"":""MultiPoint"",""coordinates"":[]}"
VHI_M_2020-12_00000000000000000124,0.491955553643715,2.545144952846665,293,12,Dry,2020,2020-12,"{""type"":""MultiPoint"",""coordinates"":[]}"
VHI_M_2020-12_00000000000000000125,13.591542678060314,3.0559072033451313,294,12,Dry,2020,2020-12,"{""type"":""MultiPoint"",""coordinates"":[]}"
VHI_M_2020-12_00000000000000000126,0.5733025026334454,2.9850608567087895,295,12,Dry,2020,2020-12,"{""type"":""MultiPoint"",""coordinates"":[]}"
VHI_M_2020-12_00000000000000000127,0.5363462366720635,2.697914064029927,296,12,Dry,2020,2020-12,"{""type"":""MultiPoint"",""coordinates"":[]}"
VHI_M_2020-12_00000000000000000128,0.5340141778267957,2.6309260079751886,297,12,Dry,2020,2020-12,"{""type"":""MultiPoint"",""coordinates"":[]}"
VHI_M_2020-12_00000000000000000129,0.5727513060412157,2.985951355084159,298,12,Dry,2020,2020-12,"{""type"":""MultiPoint"",""coordinates"":[]}"
VHI_M_2020-12_0000000000000000012a,0.49952650690867345,2.5042370538081427,299,12,Dry,2020,2020-12,"{""type"":""MultiPoint"",""coordinates"":[]}"
VHI_M_2020-12_0000000000000000012b,0.47692300193064546,2.3286550839665106,300,12,Dry,2020,2020-12,"{""type"":""MultiPoint"",""coordinates"":[]}"
VHI_M_2020-12_00000000000000000174,0.4480323689163293,2.1566242180518325,373,12,Dry,2020,2020-12,"{""type"":""MultiPoint"",""coordinates"":[]}"
VHI_M_2020-12_00000000000000000175,0.5171076093584374,2.6358018493332005,374,12,Dry,2020,2020-12,"{""type"":""MultiPoint"",""coordinates"":[]}"
VHI_M_2020-12_00000000000000000176,0.4710982698515489,2.28564222721208,375,12,Dry,2020,2020-12,"{""type"":""MultiPoint"",""coordinates"":[]}"
VHI_M_2020-12_00000000000000000177,0.525394876667766,2.6744188413467387,376,12,Dry,2020,2020-12,"{""type"":""MultiPoint"",""coordinates"":[]}"
VHI_M_2020-12_00000000000000000195,0.5021128054542744,2.5172597351041195,406,12,Dry,2020,2020-12,"{""type"":""MultiPoint"",""coordinates"":[]}"
VHI_M_2020-12_00000000000000000196,0.44243368348253187,2.153005464480874,407,12,Dry,2020,2020-12,"{""type"":""MultiPoint"",""coordinates"":[]}"
VHI_M_2020-12_00000000000000000197,3.28247232045576,2.7474462663021386,408,12,Dry,2020,2020-12,"{""type"":""MultiPoint"",""coordinates"":[]}"
VHI_M_2020-12_00000000000000000198,0.47083518562452675,2.2950223423048945,409,12,Dry,2020,2020-12,"{""type"":""MultiPoint"",""coordinates"":[]}"
VHI_M_2020-12_00000000000000000199,0.5385887335956209,2.8335388409371127,410,12,Dry,2020,2020-12,"{""type"":""MultiPoint"",""coordinates"":[]}"
VHI_M_2020-12_00000000000000000035,0.526764905811935,2.770198675496689,54,12,Dry,2020,2020-12,"{""type"":""MultiPoint"",""coordinates"":[]}"
VHI_M_2020-12_000000000000000000ce,0.56670911861526,2.934475161434249,207,12,Dry,2020,2020-12,"{""type"":""MultiPoint"",""coordinates"":[]}"
VHI_M_2020-12_000000000000000000cf,0.5571746358579139,2.9335912184057054,208,12,Dry,2020,2020-12,"{""type"":""MultiPoint"",""coordinates"":[]}"
VHI_M_2020-12_000000000000000000d0,3.3621485320886673,2.96790517136639,209,12,Dry,2020,2020-12,"{""type"":""MultiPoint"",""coordinates"":[]}"
VHI_M_2020-12_000000000000000000d1,27.462073302581167,2.870458100904784,210,12,Dry,2020,2020-12,"{""type"":""MultiPoint"",""coordinates"":[]}"
VHI_M_2020-12_000000000000000001ea,0.5942342240146974,3.1450924935376214,491,12,Dry,2020,2020-12,"{""type"":""MultiPoint"",""coordinates"":[]}"
VHI_M_2020-12_000000000000000001eb,0.6051570682947183,3.177294938090043,492,12,Dry,2020,2020-12,"{""type"":""MultiPoint"",""coordinates"":[]}"
VHI_M_2020-12_000000000000000001ec,0.6126890924000565,3.288549004154148,493,12,Dry,2020,2020-12,"{""type"":""MultiPoint"",""coordinates"":[]}"
VHI_M_2020-12_000000000000000001ed,0.6324433885672925,3.416366128270256,494,12,Dry,2020,2020-12,"{""type"":""MultiPoint"",""coordinates"":[]}"
VHI_M_2020-12_000000000000000001f4,9.03280920709094,3.2789310795109863,501,12,Dry,2020,2020-12,"{""type"":""MultiPoint"",""coordinates"":[]}"
VHI_M_2020-12_000000000000000001f5,0.5529025552310078,2.839435651035945,502,12,Dry,2020,2020-12,"{""type"":""MultiPoint"",""coordinates"":[]}"
VHI_M_2020-12_000000000000000001f6,0.6035329174321642,3.177738263499446,503,12,Dry,2020,2020-12,"{""type"":""MultiPoint"",""coordinates"":[]}"
VHI_M_2020-12_000000000000000001f7,50.31884182829976,3.409872295123264,504,12,Dry,2020,2020-12,"{""type"":""MultiPoint"",""coordinates"":[]}"
VHI_M_2020-12_000000000000000001f8,0.5875244279553127,3.0713445901218233,505,12,Dry,2020,2020-12,"{""type"":""MultiPoint"",""coordinates"":[]}"
VHI_M_2020-12_000000000000000001f9,0.5786293434662725,3.0005588126651577,506,12,Dry,2020,2020-12,"{""type"":""MultiPoint"",""coordinates"":[]}"
VHI_M_2020-12_000000000000000001fa,26.76555960476039,3.0603675816215263,507,12,Dry,2020,2020-12,"{""type"":""MultiPoint"",""coordinates"":[]}"
VHI_M_2020-12_000000000000000001fb,7.951715097845125,3.052326224878522,508,12,Dry,2020,2020-12,"{""type"":""MultiPoint"",""coordinates"":[]}"
VHI_M_2020-12_000000000000000001fc,0.5695348562311981,2.810892402876795,509,12,Dry,2020,2020-12,"{""type"":""MultiPoint"",""coordinates"":[]}"
VHI_M_2020-12_000000000000000001fd,0.6393938778293907,3.3800992037012363,510,12,Dry,2020,2020-12,"{""type"":""MultiPoint"",""coordinates"":[]}"
VHI_M_2020-12_00000000000000000049,0.5149786554361555,2.6250864550099258,74,12,Dry,2020,2020-12,"{""type"":""MultiPoint"",""coordinates"":[]}"
VHI_M_2020-12_0000000000000000004a,37.33129815427239,3.0545933447670737,75,12,Dry,2020,2020-12,"{""type"":""MultiPoint"",""coordinates"":[]}"
VHI_M_2020-12_000000000000000000fd,71.40843360214336,3.6847660276231675,254,12,Dry,2020,2020-12,"{""type"":""MultiPoint"",""coordinates"":[]}"
VHI_M_2020-12_000000000000000000fe,5.98588085179462,3.1450301380841865,255,12,Dry,2020,2020-12,"{""type"":""MultiPoint"",""coordinates"":[]}"
VHI_M_2020-12_00000000000000000191,0.5650322947518819,2.9085037674919265,402,12,Dry,2020,2020-12,"{""type"":""MultiPoint"",""coordinates"":[]}"
VHI_M_2020-12_0000000000000000016e,20.144613900562227,3.00399387799723,367,12,Dry,2020,2020-12,"{""type"":""MultiPoint"",""coordinates"":[]}"
VHI_M_2020-12_0000000000000000016f,0.499819027253606,2.548640015170885,368,12,Dry,2020,2020-12,"{""type"":""MultiPoint"",""coordinates"":[]}"
VHI_M_2020-12_00000000000000000170,0.5043565012063231,2.5270773991630637,369,12,Dry,2020,2020-12,"{""type"":""MultiPoint"",""coordinates"":[]}"
VHI_M_2020-12_00000000000000000181,35.88069138339064,3.145140092291519,386,12,Dry,2020,2020-12,"{""type"":""MultiPoint"",""coordinates"":[]}"
VHI_M_2020-12_00000000000000000182,0.53077475005831,2.700053150873622,387,12,Dry,2020,2020-12,"{""type"":""MultiPoint"",""coordinates"":[]}"
VHI_M_2020-12_00000000000000000228,0.530861736643658,2.625720473096784,553,12,Dry,2020,2020-12,"{""type"":""MultiPoint"",""coordinates"":[]}"
