system:index,VHI_M,VHI_class,adm4_id,month,season,year,ym,.geo
VHI_M_2021-01_00000000000000000017,46.46275122917411,2.128562245553889,24,1,Dry,2021,2021-01,"{""type"":""MultiPoint"",""coordinates"":[]}"
VHI_M_2021-01_00000000000000000018,232.38578645551627,4.744266551276502,25,1,Dry,2021,2021-01,"{""type"":""MultiPoint"",""coordinates"":[]}"
VHI_M_2021-01_00000000000000000019,30.065346658369126,2.350947805764737,26,1,Dry,2021,2021-01,"{""type"":""MultiPoint"",""coordinates"":[]}"
VHI_M_2021-01_0000000000000000001a,13.655537526410768,2.2299406912536646,27,1,Dry,2021,2021-01,"{""type"":""MultiPoint"",""coordinates"":[]}"
VHI_M_2021-01_0000000000000000005b,160.2110988153771,3.7788428023701623,92,1,Dry,2021,2021-01,"{""type"":""MultiPoint"",""coordinates"":[]}"
VHI_M_2021-01_0000000000000000005c,60.16281869003768,2.096457874724835,93,1,Dry,2021,2021-01,"{""type"":""MultiPoint"",""coordinates"":[]}"
VHI_M_2021-01_0000000000000000005d,254.0,5.0,94,1,Dry,2021,2021-01,"{""type"":""MultiPoint"",""coordinates"":[]}"
VHI_M_2021-01_0000000000000000005e,35.17385318490814,1.5595650024715768,95,1,Dry,2021,2021-01,"{""type"":""MultiPoint"",""coordinates"":[]}"
VHI_M_2021-01_0000000000000000005f,81.68795157235968,2.8435818601076095,96,1,Dry,2021,2021-01,"{""type"":""MultiPoint"",""coordinates"":[]}"
VHI_M_2021-01_000000000000000000b6,0.43254977028822655,2.16156202143951,183,1,Dry,2021,2021-01,"{""type"":""MultiPoint"",""coordinates"":[]}"
VHI_M_2021-01_000000000000000000b7,0.6543769905983384,3.2789373814041753,184,1,Dry,2021,2021-01,"{""type"":""MultiPoint"",""coordinates"":[]}"
VHI_M_2021-01_000000000000000000b8,0.29190519654285507,1.1635687732342008,185,1,Dry,2021,2021-01,"{""type"":""MultiPoint"",""coordinates"":[]}"
VHI_M_2021-01_000000000000000000b9,39.27329916815584,2.4880886426592794,186,1,Dry,2021,2021-01,"{""type"":""MultiPoint"",""coordinates"":[]}"
VHI_M_2021-01_000000000000000000ba,0.4746879985014597,2.216533333333333,187,1,Dry,2021,2021-01,"{""type"":""MultiPoint"",""coordinates"":[]}"
VHI_M_2021-01_000000000000000000bb,0.4792772245879221,2.2336633663366334,188,1,Dry,2021,2021-01,"{""type"":""MultiPoint"",""coordinates"":[]}"
VHI_M_2021-01_000000000000000001a0,34.30455739300522,4.304184549356223,417,1,Dry,2021,2021-01,"{""type"":""MultiPoint"",""coordinates"":[]}"
VHI_M_2021-01_000000000000000001a1,0.543609133689611,2.674611555287374,418,1,Dry,2021,2021-01,"{""type"":""MultiPoint"",""coordinates"":[]}"
VHI_M_2021-01_000000000000000001a2,19.722966819067604,3.7730477931574824,419,1,Dry,2021,2021-01,"{""type"":""MultiPoint"",""coordinates"":[]}"
VHI_M_2021-01_000000000000000001a3,0.5051610959006103,2.7221401123263376,420,1,Dry,2021,2021-01,"{""type"":""MultiPoint"",""coordinates"":[]}"
VHI_M_2021-01_000000000000000001cb,41.31927583986649,2.371586511885019,460,1,Dry,2021,2021-01,"{""type"":""MultiPoint"",""coordinates"":[]}"
VHI_M_2021-01_000000000000000001cc,79.81468205342948,2.8947008547008553,461,1,Dry,2021,2021-01,"{""type"":""MultiPoint"",""coordinates"":[]}"
VHI_M_2021-01_0000000000000000021b,0.39070140667250103,2.0,540,1,Dry,2021,2021-01,"{""type"":""MultiPoint"",""coordinates"":[]}"
VHI_M_2021-01_0000000000000000021c,0.4383913037569627,2.273913043478261,541,1,Dry,2021,2021-01,"{""type"":""MultiPoint"",""coordinates"":[]}"
VHI_M_2021-01_0000000000000000021d,24.87550090008468,2.5177847816298966,542,1,Dry,2021,2021-01,"{""type"":""MultiPoint"",""coordinates"":[]}"
VHI_M_2021-01_000000000000000000bf,0.46252703376664406,2.2104772557792693,192,1,Dry,2021,2021-01,"{""type"":""MultiPoint"",""coordinates"":[]}"
VHI_M_2021-01_000000000000000000c0,0.4820445298220076,2.3569251608533697,193,1,Dry,2021,2021-01,"{""type"":""MultiPoint"",""coordinates"":[]}"
VHI_M_2021-01_0000000000000000010a,0.4528788109423859,2.209178345699368,267,1,Dry,2021,2021-01,"{""type"":""MultiPoint"",""coordinates"":[]}"
VHI_M_2021-01_0000000000000000010b,56.49276943489236,2.687973086627419,268,1,Dry,2021,2021-01,"{""type"":""MultiPoint"",""coordinates"":[]}"
VHI_M_2021-01_00000000000000000226,2.9204904174017905,2.2126387702818113,551,1,Dry,2021,2021-01,"{""type"":""MultiPoint"",""coordinates"":[]}"
VHI_M_2021-01_00000000000000000227,0.5262750193826835,2.724978241949521,552,1,Dry,2021,2021-01,"{""type"":""MultiPoint"",""coordinates"":[]}"
VHI_M_2021-01_000000000000000001a4,0.33513370760026123,1.5690298507462688,421,1,Dry,2021,2021-01,"{""type"":""MultiPoint"",""coordinates"":[]}"
VHI_M_2021-01_000000000000000001a5,0.39654645720874776,1.9857375713121435,422,1,Dry,2021,2021-01,"{""type"":""MultiPoint"",""coordinates"":[]}"
VHI_M_2021-01_000000000000000001a6,0.3546011751652468,1.3338257016248154,423,1,Dry,2021,2021-01,"{""type"":""MultiPoint"",""coordinates"":[]}"
VHI_M_2021-01_000000000000000001a7,0.4032095571870313,1.7919117647058824,424,1,Dry,2021,2021-01,"{""type"":""MultiPoint"",""coordinates"":[]}"
VHI_M_2021-01_000000000000000001a8,0.3389167669280506,1.4981640146878823,425,1,Dry,2021,2021-01,"{""type"":""MultiPoint"",""coordinates"":[]}"
VHI_M_2021-01_000000000000000001a9,0.302328122779727,1.11875,426,1,Dry,2021,2021-01,"{""type"":""MultiPoint"",""coordinates"":[]}"
VHI_M_2021-01_000000000000000001aa,0.2922957032060195,1.2342938119981104,427,1,Dry,2021,2021-01,"{""type"":""MultiPoint"",""coordinates"":[]}"
VHI_M_2021-01_000000000000000001fe,0.4992456944444886,2.4076155938349957,511,1,Dry,2021,2021-01,"{""type"":""MultiPoint"",""coordinates"":[]}"
VHI_M_2021-01_000000000000000001ff,61.80392887730861,2.8224966874881687,512,1,Dry,2021,2021-01,"{""type"":""MultiPoint"",""coordinates"":[]}"
VHI_M_2021-01_00000000000000000200,0.4221445365458501,2.026916325336454,513,1,Dry,2021,2021-01,"{""type"":""MultiPoint"",""coordinates"":[]}"
VHI_M_2021-01_00000000000000000201,101.80838956060569,3.2756984712704265,514,1,Dry,2021,2021-01,"{""type"":""MultiPoint"",""coordinates"":[]}"
VHI_M_2021-01_00000000000000000202,0.39020241123145255,2.013781223083549,515,1,Dry,2021,2021-01,"{""type"":""MultiPoint"",""coordinates"":[]}"
VHI_M_2021-01_00000000000000000002,18.576589860083647,2.231292517006802,3,1,Dry,2021,2021-01,"{""type"":""MultiPoint"",""coordinates"":[]}"
VHI_M_2021-01_0000000000000000000d,17.087328976602812,2.8703671631451337,14,1,Dry,2021,2021-01,"{""type"":""MultiPoint"",""coordinates"":[]}"
VHI_M_2021-01_00000000000000000027,53.43043221620466,2.667372486969471,40,1,Dry,2021,2021-01,"{""type"":""MultiPoint"",""coordinates"":[]}"
VHI_M_2021-01_00000000000000000070,0.43028491713610706,2.0488814347931945,113,1,Dry,2021,2021-01,"{""type"":""MultiPoint"",""coordinates"":[]}"
VHI_M_2021-01_00000000000000000071,0.43476769749794086,2.113255824392872,114,1,Dry,2021,2021-01,"{""type"":""MultiPoint"",""coordinates"":[]}"
VHI_M_2021-01_000000000000000001b0,55.93829745137467,2.594169024480256,433,1,Dry,2021,2021-01,"{""type"":""MultiPoint"",""coordinates"":[]}"
VHI_M_2021-01_000000000000000001b1,7.47237281495125,2.219121378021098,434,1,Dry,2021,2021-01,"{""type"":""MultiPoint"",""coordinates"":[]}"
VHI_M_2021-01_000000000000000001b2,90.94862896671721,3.071046691220149,435,1,Dry,2021,2021-01,"{""type"":""MultiPoint"",""coordinates"":[]}"
VHI_M_2021-01_000000000000000001cd,1.3180139747616244,2.292207075107059,462,1,Dry,2021,2021-01,"{""type"":""MultiPoint"",""coordinates"":[]}"
VHI_M_2021-01_000000000000000001ce,0.4533132775230415,2.186291956655801,463,1,Dry,2021,2021-01,"{""type"":""MultiPoint"",""coordinates"":[]}"
VHI_M_2021-01_000000000000000001cf,22.262514354571756,2.5584015884834943,464,1,Dry,2021,2021-01,"{""type"":""MultiPoint"",""coordinates"":[]}"
VHI_M_2021-01_0000000000000000001c,0.483552276012681,2.430286591536496,29,1,Dry,2021,2021-01,"{""type"":""MultiPoint"",""coordinates"":[]}"
VHI_M_2021-01_0000000000000000001d,0.47951026324536294,2.3258818737270888,30,1,Dry,2021,2021-01,"{""type"":""MultiPoint"",""coordinates"":[]}"
VHI_M_2021-01_0000000000000000001e,0.41199130264884865,1.9530612611641234,31,1,Dry,2021,2021-01,"{""type"":""MultiPoint"",""coordinates"":[]}"
VHI_M_2021-01_00000000000000000026,0.45342509580347323,2.037172971955581,39,1,Dry,2021,2021-01,"{""type"":""MultiPoint"",""coordinates"":[]}"
VHI_M_2021-01_000000000000000000f9,0.48562334628958065,2.4107170653245453,250,1,Dry,2021,2021-01,"{""type"":""MultiPoint"",""coordinates"":[]}"
VHI_M_2021-01_000000000000000000fa,0.5055820659944523,2.541047606299914,251,1,Dry,2021,2021-01,"{""type"":""MultiPoint"",""coordinates"":[]}"
VHI_M_2021-01_000000000000000000fb,0.49947745280744493,2.520562362413282,252,1,Dry,2021,2021-01,"{""type"":""MultiPoint"",""coordinates"":[]}"
VHI_M_2021-01_000000000000000000fc,0.468660084120876,2.2318884120171676,253,1,Dry,2021,2021-01,"{""type"":""MultiPoint"",""coordinates"":[]}"
VHI_M_2021-01_00000000000000000163,0.46082752021068096,2.1709357993371254,356,1,Dry,2021,2021-01,"{""type"":""MultiPoint"",""coordinates"":[]}"
VHI_M_2021-01_00000000000000000164,0.4528311969834157,2.2041965800113075,357,1,Dry,2021,2021-01,"{""type"":""MultiPoint"",""coordinates"":[]}"
VHI_M_2021-01_00000000000000000165,0.4923513195328661,2.4291150489982636,358,1,Dry,2021,2021-01,"{""type"":""MultiPoint"",""coordinates"":[]}"
VHI_M_2021-01_00000000000000000166,0.46046400215824657,2.264916513237255,359,1,Dry,2021,2021-01,"{""type"":""MultiPoint"",""coordinates"":[]}"
VHI_M_2021-01_00000000000000000149,0.47752521394527864,2.3798137110552946,330,1,Dry,2021,2021-01,"{""type"":""MultiPoint"",""coordinates"":[]}"
VHI_M_2021-01_0000000000000000014a,0.4103265805611545,1.9317236776810003,331,1,Dry,2021,2021-01,"{""type"":""MultiPoint"",""coordinates"":[]}"
VHI_M_2021-01_0000000000000000014b,0.4214537274352964,1.9647937836222358,332,1,Dry,2021,2021-01,"{""type"":""MultiPoint"",""coordinates"":[]}"
VHI_M_2021-01_0000000000000000014c,0.4937681731893497,2.456087763300095,333,1,Dry,2021,2021-01,"{""type"":""MultiPoint"",""coordinates"":[]}"
VHI_M_2021-01_0000000000000000014d,0.44887958123759814,2.1341197530580867,334,1,Dry,2021,2021-01,"{""type"":""MultiPoint"",""coordinates"":[]}"
VHI_M_2021-01_0000000000000000014e,0.4531820405054751,2.1437280329657007,335,1,Dry,2021,2021-01,"{""type"":""MultiPoint"",""coordinates"":[]}"
VHI_M_2021-01_00000000000000000158,0.45799501029529077,2.1835045494569996,345,1,Dry,2021,2021-01,"{""type"":""MultiPoint"",""coordinates"":[]}"
VHI_M_2021-01_00000000000000000159,0.4601110394651994,2.259538006271807,346,1,Dry,2021,2021-01,"{""type"":""MultiPoint"",""coordinates"":[]}"
VHI_M_2021-01_0000000000000000015a,0.4982524380665042,2.5321259609698408,347,1,Dry,2021,2021-01,"{""type"":""MultiPoint"",""coordinates"":[]}"
VHI_M_2021-01_0000000000000000015b,0.44781828257919,2.1628960030687887,348,1,Dry,2021,2021-01,"{""type"":""MultiPoint"",""coordinates"":[]}"
VHI_M_2021-01_0000000000000000015c,0.4212327260036123,1.9857851501146897,349,1,Dry,2021,2021-01,"{""type"":""MultiPoint"",""coordinates"":[]}"
VHI_M_2021-01_0000000000000000015d,0.48932772616567616,2.424590925232879,350,1,Dry,2021,2021-01,"{""type"":""MultiPoint"",""coordinates"":[]}"
VHI_M_2021-01_00000000000000000008,0.38874049721141696,1.758910060223122,9,1,Dry,2021,2021-01,"{""type"":""MultiPoint"",""coordinates"":[]}"
VHI_M_2021-01_000000000000000000c2,0.33919569844108144,1.3772380291464263,195,1,Dry,2021,2021-01,"{""type"":""MultiPoint"",""coordinates"":[]}"
VHI_M_2021-01_000000000000000000c3,0.5845670508309054,3.1213774169368445,196,1,Dry,2021,2021-01,"{""type"":""MultiPoint"",""coordinates"":[]}"
VHI_M_2021-01_000000000000000000c4,0.40597805531839837,1.822170249469215,197,1,Dry,2021,2021-01,"{""type"":""MultiPoint"",""coordinates"":[]}"
VHI_M_2021-01_000000000000000000c5,0.4372529237977895,2.1291248444628774,198,1,Dry,2021,2021-01,"{""type"":""MultiPoint"",""coordinates"":[]}"
VHI_M_2021-01_000000000000000000c6,0.5280682974196642,2.6566873425872344,199,1,Dry,2021,2021-01,"{""type"":""MultiPoint"",""coordinates"":[]}"
VHI_M_2021-01_000000000000000000c7,0.37652939488819626,1.7089548783762514,200,1,Dry,2021,2021-01,"{""type"":""MultiPoint"",""coordinates"":[]}"
VHI_M_2021-01_000000000000000000c8,0.3100590998400018,1.198511613534532,201,1,Dry,2021,2021-01,"{""type"":""MultiPoint"",""coordinates"":[]}"
VHI_M_2021-01_000000000000000000c9,0.451532182212655,2.19713414057965,202,1,Dry,2021,2021-01,"{""type"":""MultiPoint"",""coordinates"":[]}"
VHI_M_2021-01_00000000000000000136,0.3969990767399376,1.8523223037065615,311,1,Dry,2021,2021-01,"{""type"":""MultiPoint"",""coordinates"":[]}"
VHI_M_2021-01_00000000000000000137,0.44682485106341135,2.163298416393327,312,1,Dry,2021,2021-01,"{""type"":""MultiPoint"",""coordinates"":[]}"
VHI_M_2021-01_00000000000000000138,0.45789159893012643,2.2591758263098622,313,1,Dry,2021,2021-01,"{""type"":""MultiPoint"",""coordinates"":[]}"
VHI_M_2021-01_00000000000000000139,0.46502203161320765,2.246777689569972,314,1,Dry,2021,2021-01,"{""type"":""MultiPoint"",""coordinates"":[]}"
VHI_M_2021-01_0000000000000000013a,0.4764898074216225,2.3416926539577525,315,1,Dry,2021,2021-01,"{""type"":""MultiPoint"",""coordinates"":[]}"
VHI_M_2021-01_000000000000000001ef,0.4373085304945676,2.090691475596501,496,1,Dry,2021,2021-01,"{""type"":""MultiPoint"",""coordinates"":[]}"
VHI_M_2021-01_000000000000000001f0,0.5065717972600875,2.516032720159026,497,1,Dry,2021,2021-01,"{""type"":""MultiPoint"",""coordinates"":[]}"
VHI_M_2021-01_00000000000000000081,0.44814699141423175,2.228296574378226,130,1,Dry,2021,2021-01,"{""type"":""MultiPoint"",""coordinates"":[]}"
VHI_M_2021-01_000000000000000000a0,0.411563357160054,2.107198466882261,161,1,Dry,2021,2021-01,"{""type"":""MultiPoint"",""coordinates"":[]}"
VHI_M_2021-01_000000000000000000a1,31.97594360509481,2.5632991236076808,162,1,Dry,2021,2021-01,"{""type"":""MultiPoint"",""coordinates"":[]}"
VHI_M_2021-01_000000000000000000a2,10.61685387024675,2.677587790107973,163,1,Dry,2021,2021-01,"{""type"":""MultiPoint"",""coordinates"":[]}"
VHI_M_2021-01_000000000000000000a3,5.489515362481793,2.1805463685672706,164,1,Dry,2021,2021-01,"{""type"":""MultiPoint"",""coordinates"":[]}"
VHI_M_2021-01_000000000000000000a4,81.68344360430162,3.4061217683819787,165,1,Dry,2021,2021-01,"{""type"":""MultiPoint"",""coordinates"":[]}"
VHI_M_2021-01_0000000000000000014f,0.40559507361593794,1.8569206842923796,336,1,Dry,2021,2021-01,"{""type"":""MultiPoint"",""coordinates"":[]}"
VHI_M_2021-01_00000000000000000150,0.42248492179805264,2.0124137931034483,337,1,Dry,2021,2021-01,"{""type"":""MultiPoint"",""coordinates"":[]}"
VHI_M_2021-01_00000000000000000151,2.1216665555594965,2.4036893511012702,338,1,Dry,2021,2021-01,"{""type"":""MultiPoint"",""coordinates"":[]}"
VHI_M_2021-01_00000000000000000152,0.4490013375916092,2.1630085475136855,339,1,Dry,2021,2021-01,"{""type"":""MultiPoint"",""coordinates"":[]}"
VHI_M_2021-01_00000000000000000153,0.43718241673487096,2.051770972391028,340,1,Dry,2021,2021-01,"{""type"":""MultiPoint"",""coordinates"":[]}"
VHI_M_2021-01_00000000000000000171,0.4976417036479705,2.490480659650063,370,1,Dry,2021,2021-01,"{""type"":""MultiPoint"",""coordinates"":[]}"
VHI_M_2021-01_00000000000000000172,0.4036697484853198,1.8254475336790275,371,1,Dry,2021,2021-01,"{""type"":""MultiPoint"",""coordinates"":[]}"
VHI_M_2021-01_00000000000000000173,0.4464170715599961,2.1780685705194496,372,1,Dry,2021,2021-01,"{""type"":""MultiPoint"",""coordinates"":[]}"
VHI_M_2021-01_000000000000000001f1,0.47450423903777217,2.331289366211438,498,1,Dry,2021,2021-01,"{""type"":""MultiPoint"",""coordinates"":[]}"
VHI_M_2021-01_000000000000000001f2,2.465724066104903,2.3314641841866837,499,1,Dry,2021,2021-01,"{""type"":""MultiPoint"",""coordinates"":[]}"
VHI_M_2021-01_000000000000000001f3,0.3667850344518856,1.5779031703832314,500,1,Dry,2021,2021-01,"{""type"":""MultiPoint"",""coordinates"":[]}"
VHI_M_2021-01_00000000000000000092,0.5189096786322352,2.6488866733133927,147,1,Dry,2021,2021-01,"{""type"":""MultiPoint"",""coordinates"":[]}"
VHI_M_2021-01_00000000000000000093,0.41479957837949666,1.965392416396324,148,1,Dry,2021,2021-01,"{""type"":""MultiPoint"",""coordinates"":[]}"
VHI_M_2021-01_00000000000000000094,0.5881466387169625,1.9703561817567228,149,1,Dry,2021,2021-01,"{""type"":""MultiPoint"",""coordinates"":[]}"
VHI_M_2021-01_00000000000000000095,12.839274826859848,1.777434742097432,150,1,Dry,2021,2021-01,"{""type"":""MultiPoint"",""coordinates"":[]}"
VHI_M_2021-01_00000000000000000096,0.4479715988301372,2.1432376442734538,151,1,Dry,2021,2021-01,"{""type"":""MultiPoint"",""coordinates"":[]}"
VHI_M_2021-01_00000000000000000097,0.5914339293355215,3.0043525571273113,152,1,Dry,2021,2021-01,"{""type"":""MultiPoint"",""coordinates"":[]}"
VHI_M_2021-01_00000000000000000098,0.33943325989895456,1.5084745762711864,153,1,Dry,2021,2021-01,"{""type"":""MultiPoint"",""coordinates"":[]}"
VHI_M_2021-01_000000000000000000a9,0.32015766157356157,1.3445448812276646,170,1,Dry,2021,2021-01,"{""type"":""MultiPoint"",""coordinates"":[]}"
VHI_M_2021-01_0000000000000000017c,61.72498521275705,2.9037878086985915,381,1,Dry,2021,2021-01,"{""type"":""MultiPoint"",""coordinates"":[]}"
VHI_M_2021-01_0000000000000000017d,38.82634889347489,2.452780286069985,382,1,Dry,2021,2021-01,"{""type"":""MultiPoint"",""coordinates"":[]}"
VHI_M_2021-01_0000000000000000017e,19.57876606553546,2.5380059459549225,383,1,Dry,2021,2021-01,"{""type"":""MultiPoint"",""coordinates"":[]}"
VHI_M_2021-01_000000000000000001ee,0.49520113463760596,2.271991677262744,495,1,Dry,2021,2021-01,"{""type"":""MultiPoint"",""coordinates"":[]}"
VHI_M_2021-01_0000000000000000020d,0.5247779161754426,2.676919009429806,526,1,Dry,2021,2021-01,"{""type"":""MultiPoint"",""coordinates"":[]}"
VHI_M_2021-01_0000000000000000020e,3.6148799392079494,1.9448148909712222,527,1,Dry,2021,2021-01,"{""type"":""MultiPoint"",""coordinates"":[]}"
VHI_M_2021-01_0000000000000000020f,0.40220859577885626,1.8778136067249243,528,1,Dry,2021,2021-01,"{""type"":""MultiPoint"",""coordinates"":[]}"
VHI_M_2021-01_00000000000000000210,0.4089933945737937,1.909628077941584,529,1,Dry,2021,2021-01,"{""type"":""MultiPoint"",""coordinates"":[]}"
VHI_M_2021-01_00000000000000000211,12.036020491455822,2.253166466426377,530,1,Dry,2021,2021-01,"{""type"":""MultiPoint"",""coordinates"":[]}"
VHI_M_2021-01_00000000000000000058,0.4499141356688528,2.1433189420863035,89,1,Dry,2021,2021-01,"{""type"":""MultiPoint"",""coordinates"":[]}"
VHI_M_2021-01_00000000000000000059,0.41701965127172785,1.9398067295377783,90,1,Dry,2021,2021-01,"{""type"":""MultiPoint"",""coordinates"":[]}"
VHI_M_2021-01_0000000000000000018b,0.42585857657368215,2.0,396,1,Dry,2021,2021-01,"{""type"":""MultiPoint"",""coordinates"":[]}"
VHI_M_2021-01_0000000000000000018c,0.4014349440612583,1.8765589654880421,397,1,Dry,2021,2021-01,"{""type"":""MultiPoint"",""coordinates"":[]}"
VHI_M_2021-01_0000000000000000018d,0.35547952976184644,1.5121402877697836,398,1,Dry,2021,2021-01,"{""type"":""MultiPoint"",""coordinates"":[]}"
VHI_M_2021-01_0000000000000000018e,0.3941372411874178,1.839906575554707,399,1,Dry,2021,2021-01,"{""type"":""MultiPoint"",""coordinates"":[]}"
VHI_M_2021-01_00000000000000000036,0.4206152276460772,1.9231815091774302,55,1,Dry,2021,2021-01,"{""type"":""MultiPoint"",""coordinates"":[]}"
VHI_M_2021-01_000000000000000000db,0.3997046531457716,1.8677449073600152,220,1,Dry,2021,2021-01,"{""type"":""MultiPoint"",""coordinates"":[]}"
VHI_M_2021-01_000000000000000000dc,0.41202017386605366,1.9151008748437768,221,1,Dry,2021,2021-01,"{""type"":""MultiPoint"",""coordinates"":[]}"
VHI_M_2021-01_000000000000000000dd,0.3724262636925645,1.678888340542475,222,1,Dry,2021,2021-01,"{""type"":""MultiPoint"",""coordinates"":[]}"
VHI_M_2021-01_00000000000000000102,0.4928031397536452,2.4380139964387744,259,1,Dry,2021,2021-01,"{""type"":""MultiPoint"",""coordinates"":[]}"
VHI_M_2021-01_00000000000000000103,0.4844743992542592,2.390906347449955,260,1,Dry,2021,2021-01,"{""type"":""MultiPoint"",""coordinates"":[]}"
VHI_M_2021-01_00000000000000000104,0.42905801948352196,2.0376304820921405,261,1,Dry,2021,2021-01,"{""type"":""MultiPoint"",""coordinates"":[]}"
VHI_M_2021-01_00000000000000000105,0.4027135597750292,1.8963518966908797,262,1,Dry,2021,2021-01,"{""type"":""MultiPoint"",""coordinates"":[]}"
VHI_M_2021-01_0000000000000000000a,0.5010120842028181,2.4562560087900014,11,1,Dry,2021,2021-01,"{""type"":""MultiPoint"",""coordinates"":[]}"
VHI_M_2021-01_000000000000000000b1,0.43408816248128673,2.0540446448064853,178,1,Dry,2021,2021-01,"{""type"":""MultiPoint"",""coordinates"":[]}"
VHI_M_2021-01_000000000000000000b2,0.44797397930205307,2.168883433716945,179,1,Dry,2021,2021-01,"{""type"":""MultiPoint"",""coordinates"":[]}"
VHI_M_2021-01_000000000000000000b3,0.41891352813668786,1.9318053504733774,180,1,Dry,2021,2021-01,"{""type"":""MultiPoint"",""coordinates"":[]}"
VHI_M_2021-01_000000000000000000ca,0.4219996104428151,1.909847596717468,203,1,Dry,2021,2021-01,"{""type"":""MultiPoint"",""coordinates"":[]}"
VHI_M_2021-01_000000000000000000d2,0.4788650677395017,2.3785911214668234,211,1,Dry,2021,2021-01,"{""type"":""MultiPoint"",""coordinates"":[]}"
VHI_M_2021-01_000000000000000000d3,0.4329684454096595,2.05179066839488,212,1,Dry,2021,2021-01,"{""type"":""MultiPoint"",""coordinates"":[]}"
VHI_M_2021-01_000000000000000000d4,0.47510088311253135,2.3425352543999907,213,1,Dry,2021,2021-01,"{""type"":""MultiPoint"",""coordinates"":[]}"
VHI_M_2021-01_000000000000000000d5,0.5500550288415753,2.8173277767809686,214,1,Dry,2021,2021-01,"{""type"":""MultiPoint"",""coordinates"":[]}"
VHI_M_2021-01_000000000000000000bc,0.3746741236680655,1.6682045774696996,189,1,Dry,2021,2021-01,"{""type"":""MultiPoint"",""coordinates"":[]}"
VHI_M_2021-01_000000000000000000bd,0.34470633325525135,1.4954463047469992,190,1,Dry,2021,2021-01,"{""type"":""MultiPoint"",""coordinates"":[]}"
VHI_M_2021-01_000000000000000000be,0.37338350637135703,1.712530861355889,191,1,Dry,2021,2021-01,"{""type"":""MultiPoint"",""coordinates"":[]}"
VHI_M_2021-01_000000000000000000f1,0.3587976184426521,1.4884353741496594,242,1,Dry,2021,2021-01,"{""type"":""MultiPoint"",""coordinates"":[]}"
VHI_M_2021-01_00000000000000000100,0.30947984995031963,1.2958140531214768,257,1,Dry,2021,2021-01,"{""type"":""MultiPoint"",""coordinates"":[]}"
VHI_M_2021-01_00000000000000000101,0.4192646791114684,1.9576985850368422,258,1,Dry,2021,2021-01,"{""type"":""MultiPoint"",""coordinates"":[]}"
VHI_M_2021-01_0000000000000000012f,0.4101310848775525,1.9257392839930298,304,1,Dry,2021,2021-01,"{""type"":""MultiPoint"",""coordinates"":[]}"
VHI_M_2021-01_00000000000000000130,0.36906134703319077,1.6423140537289498,305,1,Dry,2021,2021-01,"{""type"":""MultiPoint"",""coordinates"":[]}"
VHI_M_2021-01_00000000000000000131,0.4105033253323514,1.9118991624709383,306,1,Dry,2021,2021-01,"{""type"":""MultiPoint"",""coordinates"":[]}"
VHI_M_2021-01_00000000000000000065,0.458883353109977,2.22883463957915,102,1,Dry,2021,2021-01,"{""type"":""MultiPoint"",""coordinates"":[]}"
VHI_M_2021-01_00000000000000000066,0.45112953616724305,2.1514548780698277,103,1,Dry,2021,2021-01,"{""type"":""MultiPoint"",""coordinates"":[]}"
VHI_M_2021-01_00000000000000000067,0.4041405331536207,1.9184464921246014,104,1,Dry,2021,2021-01,"{""type"":""MultiPoint"",""coordinates"":[]}"
VHI_M_2021-01_00000000000000000068,0.40940799222832874,1.9056060887321324,105,1,Dry,2021,2021-01,"{""type"":""MultiPoint"",""coordinates"":[]}"
VHI_M_2021-01_00000000000000000109,0.41655221428408395,1.9314932813892831,266,1,Dry,2021,2021-01,"{""type"":""MultiPoint"",""coordinates"":[]}"
VHI_M_2021-01_000000000000000001c1,0.44951402901459137,2.1531475420254855,450,1,Dry,2021,2021-01,"{""type"":""MultiPoint"",""coordinates"":[]}"
VHI_M_2021-01_000000000000000001c2,0.4344994267746196,2.0413457280525726,451,1,Dry,2021,2021-01,"{""type"":""MultiPoint"",""coordinates"":[]}"
VHI_M_2021-01_00000000000000000113,0.3093512907845427,1.2039582188015392,276,1,Dry,2021,2021-01,"{""type"":""MultiPoint"",""coordinates"":[]}"
VHI_M_2021-01_00000000000000000114,0.4500736402241706,2.1647935206479345,277,1,Dry,2021,2021-01,"{""type"":""MultiPoint"",""coordinates"":[]}"
VHI_M_2021-01_00000000000000000115,0.4500139078261101,2.1476760174250504,278,1,Dry,2021,2021-01,"{""type"":""MultiPoint"",""coordinates"":[]}"
VHI_M_2021-01_00000000000000000116,0.3732117646290121,1.6163508654074126,279,1,Dry,2021,2021-01,"{""type"":""MultiPoint"",""coordinates"":[]}"
VHI_M_2021-01_00000000000000000117,0.40729940604547726,1.8426272074580408,280,1,Dry,2021,2021-01,"{""type"":""MultiPoint"",""coordinates"":[]}"
VHI_M_2021-01_00000000000000000167,0.42028035217568926,2.008104531921932,360,1,Dry,2021,2021-01,"{""type"":""MultiPoint"",""coordinates"":[]}"
VHI_M_2021-01_00000000000000000168,0.39738144399474123,1.775559466934875,361,1,Dry,2021,2021-01,"{""type"":""MultiPoint"",""coordinates"":[]}"
VHI_M_2021-01_00000000000000000169,0.3468883462855021,1.4729333668288143,362,1,Dry,2021,2021-01,"{""type"":""MultiPoint"",""coordinates"":[]}"
VHI_M_2021-01_0000000000000000016a,0.3905504393837463,1.7890093666045455,363,1,Dry,2021,2021-01,"{""type"":""MultiPoint"",""coordinates"":[]}"
VHI_M_2021-01_0000000000000000016b,0.306249272197717,1.1855765693967624,364,1,Dry,2021,2021-01,"{""type"":""MultiPoint"",""coordinates"":[]}"
VHI_M_2021-01_0000000000000000016c,0.3446872986596044,1.4424994911459397,365,1,Dry,2021,2021-01,"{""type"":""MultiPoint"",""coordinates"":[]}"
VHI_M_2021-01_0000000000000000016d,0.40098845186438353,1.8702691600135741,366,1,Dry,2021,2021-01,"{""type"":""MultiPoint"",""coordinates"":[]}"
VHI_M_2021-01_000000000000000000cb,0.4899360993822278,2.5120842690621323,204,1,Dry,2021,2021-01,"{""type"":""MultiPoint"",""coordinates"":[]}"
VHI_M_2021-01_000000000000000000eb,15.323700919933348,2.5130314571107153,236,1,Dry,2021,2021-01,"{""type"":""MultiPoint"",""coordinates"":[]}"
VHI_M_2021-01_000000000000000000ec,0.4333125953345423,2.043267734726401,237,1,Dry,2021,2021-01,"{""type"":""MultiPoint"",""coordinates"":[]}"
VHI_M_2021-01_000000000000000000ed,0.4283456883474824,2.0225832353531596,238,1,Dry,2021,2021-01,"{""type"":""MultiPoint"",""coordinates"":[]}"
VHI_M_2021-01_000000000000000000ee,0.5045205199516426,2.539209039548024,239,1,Dry,2021,2021-01,"{""type"":""MultiPoint"",""coordinates"":[]}"
VHI_M_2021-01_000000000000000000ef,0.43273432966488506,2.074193147132837,240,1,Dry,2021,2021-01,"{""type"":""MultiPoint"",""coordinates"":[]}"
VHI_M_2021-01_00000000000000000146,0.47912787491185,2.3493047166308427,327,1,Dry,2021,2021-01,"{""type"":""MultiPoint"",""coordinates"":[]}"
VHI_M_2021-01_00000000000000000147,8.444411670253283,2.3788311134284488,328,1,Dry,2021,2021-01,"{""type"":""MultiPoint"",""coordinates"":[]}"
VHI_M_2021-01_00000000000000000148,0.44132947722232646,2.13093715601876,329,1,Dry,2021,2021-01,"{""type"":""MultiPoint"",""coordinates"":[]}"
VHI_M_2021-01_0000000000000000015e,0.46069298370819634,2.231281409857921,351,1,Dry,2021,2021-01,"{""type"":""MultiPoint"",""coordinates"":[]}"
VHI_M_2021-01_0000000000000000015f,0.512184022280062,2.470669782548423,352,1,Dry,2021,2021-01,"{""type"":""MultiPoint"",""coordinates"":[]}"
VHI_M_2021-01_00000000000000000160,0.42837984183674055,2.0151170597535355,353,1,Dry,2021,2021-01,"{""type"":""MultiPoint"",""coordinates"":[]}"
VHI_M_2021-01_00000000000000000161,0.4928247723012626,2.5767506404782226,354,1,Dry,2021,2021-01,"{""type"":""MultiPoint"",""coordinates"":[]}"
VHI_M_2021-01_00000000000000000162,4.3895708955343204,2.2685307265210928,355,1,Dry,2021,2021-01,"{""type"":""MultiPoint"",""coordinates"":[]}"
VHI_M_2021-01_00000000000000000010,0.4149479929623885,2.0702490648663447,17,1,Dry,2021,2021-01,"{""type"":""MultiPoint"",""coordinates"":[]}"
VHI_M_2021-01_00000000000000000121,0.44216401559761603,2.096425761492638,290,1,Dry,2021,2021-01,"{""type"":""MultiPoint"",""coordinates"":[]}"
VHI_M_2021-01_00000000000000000122,0.5232755509851856,1.8156320259338625,291,1,Dry,2021,2021-01,"{""type"":""MultiPoint"",""coordinates"":[]}"
VHI_M_2021-01_00000000000000000123,0.42300888996191777,2.017671256298591,292,1,Dry,2021,2021-01,"{""type"":""MultiPoint"",""coordinates"":[]}"
VHI_M_2021-01_0000000000000000019a,0.40879552998163965,1.950159839663426,411,1,Dry,2021,2021-01,"{""type"":""MultiPoint"",""coordinates"":[]}"
VHI_M_2021-01_0000000000000000019b,0.3969400411975102,1.8015063372958995,412,1,Dry,2021,2021-01,"{""type"":""MultiPoint"",""coordinates"":[]}"
VHI_M_2021-01_0000000000000000019c,0.3923856365223215,1.7798480389596076,413,1,Dry,2021,2021-01,"{""type"":""MultiPoint"",""coordinates"":[]}"
VHI_M_2021-01_0000000000000000019d,0.4117259702544485,1.909084052627168,414,1,Dry,2021,2021-01,"{""type"":""MultiPoint"",""coordinates"":[]}"
VHI_M_2021-01_0000000000000000019e,4.04315271028339,1.9120296748026806,415,1,Dry,2021,2021-01,"{""type"":""MultiPoint"",""coordinates"":[]}"
VHI_M_2021-01_0000000000000000019f,0.3730759233868973,1.607991654924918,416,1,Dry,2021,2021-01,"{""type"":""MultiPoint"",""coordinates"":[]}"
VHI_M_2021-01_00000000000000000216,0.4341551852666986,2.173341981514513,535,1,Dry,2021,2021-01,"{""type"":""MultiPoint"",""coordinates"":[]}"
VHI_M_2021-01_00000000000000000217,0.4557449900592436,1.8339280822960111,536,1,Dry,2021,2021-01,"{""type"":""MultiPoint"",""coordinates"":[]}"
VHI_M_2021-01_00000000000000000218,0.41009610870361257,1.9604492959974686,537,1,Dry,2021,2021-01,"{""type"":""MultiPoint"",""coordinates"":[]}"
VHI_M_2021-01_00000000000000000219,0.377253388344295,1.6791903924478468,538,1,Dry,2021,2021-01,"{""type"":""MultiPoint"",""coordinates"":[]}"
VHI_M_2021-01_0000000000000000021a,8.220666209486929,1.8426190350738536,539,1,Dry,2021,2021-01,"{""type"":""MultiPoint"",""coordinates"":[]}"
VHI_M_2021-01_00000000000000000004,0.50570950713015,2.5740118464517585,5,1,Dry,2021,2021-01,"{""type"":""MultiPoint"",""coordinates"":[]}"
VHI_M_2021-01_00000000000000000028,0.39699415386898884,1.8289810603785734,41,1,Dry,2021,2021-01,"{""type"":""MultiPoint"",""coordinates"":[]}"
VHI_M_2021-01_00000000000000000029,0.4477900614506576,2.183309798101787,42,1,Dry,2021,2021-01,"{""type"":""MultiPoint"",""coordinates"":[]}"
VHI_M_2021-01_0000000000000000002a,0.4885784289831563,2.4320602406047893,43,1,Dry,2021,2021-01,"{""type"":""MultiPoint"",""coordinates"":[]}"
VHI_M_2021-01_0000000000000000002b,0.3741731660296365,1.6690946685872554,44,1,Dry,2021,2021-01,"{""type"":""MultiPoint"",""coordinates"":[]}"
VHI_M_2021-01_000000000000000000a7,0.4299456244394648,2.0411611480831264,168,1,Dry,2021,2021-01,"{""type"":""MultiPoint"",""coordinates"":[]}"
VHI_M_2021-01_000000000000000000a8,0.4498391031525142,2.165117523967103,169,1,Dry,2021,2021-01,"{""type"":""MultiPoint"",""coordinates"":[]}"
VHI_M_2021-01_0000000000000000000c,0.4363535864446929,2.0296552351496406,13,1,Dry,2021,2021-01,"{""type"":""MultiPoint"",""coordinates"":[]}"
VHI_M_2021-01_00000000000000000060,0.44754220149924334,2.1381461123264067,97,1,Dry,2021,2021-01,"{""type"":""MultiPoint"",""coordinates"":[]}"
VHI_M_2021-01_00000000000000000061,0.4699627648826043,2.30049347902714,98,1,Dry,2021,2021-01,"{""type"":""MultiPoint"",""coordinates"":[]}"
VHI_M_2021-01_00000000000000000062,0.5222205989314754,2.6532279980186977,99,1,Dry,2021,2021-01,"{""type"":""MultiPoint"",""coordinates"":[]}"
VHI_M_2021-01_00000000000000000063,0.4858999038386163,2.414456140068619,100,1,Dry,2021,2021-01,"{""type"":""MultiPoint"",""coordinates"":[]}"
VHI_M_2021-01_00000000000000000064,0.4644450812292371,2.2906082085869945,101,1,Dry,2021,2021-01,"{""type"":""MultiPoint"",""coordinates"":[]}"
VHI_M_2021-01_00000000000000000011,0.4107041491310578,1.9123499353567692,18,1,Dry,2021,2021-01,"{""type"":""MultiPoint"",""coordinates"":[]}"
VHI_M_2021-01_00000000000000000033,0.37676668160669835,1.7170577363849004,52,1,Dry,2021,2021-01,"{""type"":""MultiPoint"",""coordinates"":[]}"
VHI_M_2021-01_00000000000000000034,0.4098730428653332,1.9306063291779627,53,1,Dry,2021,2021-01,"{""type"":""MultiPoint"",""coordinates"":[]}"
VHI_M_2021-01_000000000000000001b3,0.3240850115880615,1.4010746093673023,436,1,Dry,2021,2021-01,"{""type"":""MultiPoint"",""coordinates"":[]}"
VHI_M_2021-01_000000000000000001b4,0.30378987338613794,1.3546107646690841,437,1,Dry,2021,2021-01,"{""type"":""MultiPoint"",""coordinates"":[]}"
VHI_M_2021-01_000000000000000001b5,0.3344227426698607,1.445363628938143,438,1,Dry,2021,2021-01,"{""type"":""MultiPoint"",""coordinates"":[]}"
VHI_M_2021-01_00000000000000000005,0.5734731916152397,3.0022826383210677,6,1,Dry,2021,2021-01,"{""type"":""MultiPoint"",""coordinates"":[]}"
VHI_M_2021-01_00000000000000000082,0.6434040391586765,3.450603685402011,131,1,Dry,2021,2021-01,"{""type"":""MultiPoint"",""coordinates"":[]}"
VHI_M_2021-01_00000000000000000083,0.6330950066559056,3.408009747484126,132,1,Dry,2021,2021-01,"{""type"":""MultiPoint"",""coordinates"":[]}"
VHI_M_2021-01_00000000000000000084,0.6070145311493687,3.208932856858408,133,1,Dry,2021,2021-01,"{""type"":""MultiPoint"",""coordinates"":[]}"
VHI_M_2021-01_00000000000000000085,0.660456963964789,3.591391607231713,134,1,Dry,2021,2021-01,"{""type"":""MultiPoint"",""coordinates"":[]}"
VHI_M_2021-01_00000000000000000086,0.6319413188035279,3.363497730656278,135,1,Dry,2021,2021-01,"{""type"":""MultiPoint"",""coordinates"":[]}"
VHI_M_2021-01_00000000000000000087,0.584323744555567,3.0145916887106403,136,1,Dry,2021,2021-01,"{""type"":""MultiPoint"",""coordinates"":[]}"
VHI_M_2021-01_0000000000000000010c,0.6108703783267123,3.2292991833345397,269,1,Dry,2021,2021-01,"{""type"":""MultiPoint"",""coordinates"":[]}"
VHI_M_2021-01_0000000000000000010d,0.6915247370545755,3.789092990944573,270,1,Dry,2021,2021-01,"{""type"":""MultiPoint"",""coordinates"":[]}"
VHI_M_2021-01_0000000000000000010e,0.6377903806111971,3.4733662045831144,271,1,Dry,2021,2021-01,"{""type"":""MultiPoint"",""coordinates"":[]}"
VHI_M_2021-01_0000000000000000010f,0.6197891725986829,3.2989614390687425,272,1,Dry,2021,2021-01,"{""type"":""MultiPoint"",""coordinates"":[]}"
VHI_M_2021-01_00000000000000000110,0.6233028491721598,3.3337436470597113,273,1,Dry,2021,2021-01,"{""type"":""MultiPoint"",""coordinates"":[]}"
VHI_M_2021-01_00000000000000000111,0.5437466123923611,2.789773506605696,274,1,Dry,2021,2021-01,"{""type"":""MultiPoint"",""coordinates"":[]}"
VHI_M_2021-01_000000000000000001d0,0.6371922454877222,3.4184824624194703,465,1,Dry,2021,2021-01,"{""type"":""MultiPoint"",""coordinates"":[]}"
VHI_M_2021-01_000000000000000001d1,0.6162467587081363,3.2715854666042716,466,1,Dry,2021,2021-01,"{""type"":""MultiPoint"",""coordinates"":[]}"
VHI_M_2021-01_00000000000000000009,0.5218600963652716,2.6153731380399363,10,1,Dry,2021,2021-01,"{""type"":""MultiPoint"",""coordinates"":[]}"
VHI_M_2021-01_0000000000000000009e,0.5735187127162468,3.0043850280214595,159,1,Dry,2021,2021-01,"{""type"":""MultiPoint"",""coordinates"":[]}"
VHI_M_2021-01_0000000000000000009f,0.5956211615298537,3.1508713859541833,160,1,Dry,2021,2021-01,"{""type"":""MultiPoint"",""coordinates"":[]}"
VHI_M_2021-01_00000000000000000154,0.6507398325302374,3.5188272979301054,341,1,Dry,2021,2021-01,"{""type"":""MultiPoint"",""coordinates"":[]}"
VHI_M_2021-01_00000000000000000155,0.5411629044118919,2.7983144049389534,342,1,Dry,2021,2021-01,"{""type"":""MultiPoint"",""coordinates"":[]}"
VHI_M_2021-01_00000000000000000156,0.5958935249334126,3.149508072918485,343,1,Dry,2021,2021-01,"{""type"":""MultiPoint"",""coordinates"":[]}"
VHI_M_2021-01_00000000000000000157,0.629604915060931,3.382671834990017,344,1,Dry,2021,2021-01,"{""type"":""MultiPoint"",""coordinates"":[]}"
VHI_M_2021-01_00000000000000000178,0.6300906503258495,3.328931282825816,377,1,Dry,2021,2021-01,"{""type"":""MultiPoint"",""coordinates"":[]}"
VHI_M_2021-01_00000000000000000179,0.4573393229998851,2.206620234323546,378,1,Dry,2021,2021-01,"{""type"":""MultiPoint"",""coordinates"":[]}"
VHI_M_2021-01_0000000000000000017a,0.5423183238292313,2.7915858493330017,379,1,Dry,2021,2021-01,"{""type"":""MultiPoint"",""coordinates"":[]}"
VHI_M_2021-01_0000000000000000017b,0.4534330353298139,2.1946284413164974,380,1,Dry,2021,2021-01,"{""type"":""MultiPoint"",""coordinates"":[]}"
VHI_M_2021-01_0000000000000000000f,0.5889977483270883,3.045858358358359,16,1,Dry,2021,2021-01,"{""type"":""MultiPoint"",""coordinates"":[]}"
VHI_M_2021-01_00000000000000000040,0.6119867848407481,3.2376157474959983,65,1,Dry,2021,2021-01,"{""type"":""MultiPoint"",""coordinates"":[]}"
VHI_M_2021-01_00000000000000000041,0.5734294722625993,2.9851431779282596,66,1,Dry,2021,2021-01,"{""type"":""MultiPoint"",""coordinates"":[]}"
VHI_M_2021-01_00000000000000000042,0.6137888945063013,3.2666812124855134,67,1,Dry,2021,2021-01,"{""type"":""MultiPoint"",""coordinates"":[]}"
VHI_M_2021-01_00000000000000000043,0.592449666952048,3.1114231470672555,68,1,Dry,2021,2021-01,"{""type"":""MultiPoint"",""coordinates"":[]}"
VHI_M_2021-01_00000000000000000192,0.6232974391551523,3.313763755138947,403,1,Dry,2021,2021-01,"{""type"":""MultiPoint"",""coordinates"":[]}"
VHI_M_2021-01_00000000000000000193,0.5497923373659036,2.866144375110128,404,1,Dry,2021,2021-01,"{""type"":""MultiPoint"",""coordinates"":[]}"
VHI_M_2021-01_00000000000000000194,0.5685137446556192,2.955235711891851,405,1,Dry,2021,2021-01,"{""type"":""MultiPoint"",""coordinates"":[]}"
VHI_M_2021-01_000000000000000001d2,0.609021683310826,3.270607950447584,467,1,Dry,2021,2021-01,"{""type"":""MultiPoint"",""coordinates"":[]}"
VHI_M_2021-01_000000000000000001d3,0.5252622866739817,2.691995580270618,468,1,Dry,2021,2021-01,"{""type"":""MultiPoint"",""coordinates"":[]}"
VHI_M_2021-01_000000000000000001d4,0.5221913623361112,2.6427084077969436,469,1,Dry,2021,2021-01,"{""type"":""MultiPoint"",""coordinates"":[]}"
VHI_M_2021-01_000000000000000001d5,0.6125225847287512,3.2412358427608488,470,1,Dry,2021,2021-01,"{""type"":""MultiPoint"",""coordinates"":[]}"
VHI_M_2021-01_000000000000000001d6,0.4894329406930272,2.448549045226652,471,1,Dry,2021,2021-01,"{""type"":""MultiPoint"",""coordinates"":[]}"
VHI_M_2021-01_000000000000000001d7,0.5586443134904968,2.9262569895255552,472,1,Dry,2021,2021-01,"{""type"":""MultiPoint"",""coordinates"":[]}"
VHI_M_2021-01_00000000000000000069,0.5545667117145092,2.8805414983796562,106,1,Dry,2021,2021-01,"{""type"":""MultiPoint"",""coordinates"":[]}"
VHI_M_2021-01_0000000000000000006a,0.47038768552584037,2.305187004577426,107,1,Dry,2021,2021-01,"{""type"":""MultiPoint"",""coordinates"":[]}"
VHI_M_2021-01_0000000000000000006b,0.5315039146974,2.6743298575657257,108,1,Dry,2021,2021-01,"{""type"":""MultiPoint"",""coordinates"":[]}"
VHI_M_2021-01_0000000000000000006c,0.5343452266963685,2.727440073809904,109,1,Dry,2021,2021-01,"{""type"":""MultiPoint"",""coordinates"":[]}"
VHI_M_2021-01_0000000000000000006d,0.6329325617928194,3.354423102232503,110,1,Dry,2021,2021-01,"{""type"":""MultiPoint"",""coordinates"":[]}"
VHI_M_2021-01_0000000000000000006e,0.6108069597265253,3.22572410152565,111,1,Dry,2021,2021-01,"{""type"":""MultiPoint"",""coordinates"":[]}"
VHI_M_2021-01_0000000000000000006f,0.6260262554506476,3.3200801910666855,112,1,Dry,2021,2021-01,"{""type"":""MultiPoint"",""coordinates"":[]}"
VHI_M_2021-01_000000000000000000d6,0.503568918160845,2.598154555940024,215,1,Dry,2021,2021-01,"{""type"":""MultiPoint"",""coordinates"":[]}"
VHI_M_2021-01_0000000000000000013b,0.567337236603006,3.0,316,1,Dry,2021,2021-01,"{""type"":""MultiPoint"",""coordinates"":[]}"
VHI_M_2021-01_0000000000000000013c,0.561892198774439,2.942195638506739,317,1,Dry,2021,2021-01,"{""type"":""MultiPoint"",""coordinates"":[]}"
VHI_M_2021-01_0000000000000000013d,0.4803438622103276,2.370705379988562,318,1,Dry,2021,2021-01,"{""type"":""MultiPoint"",""coordinates"":[]}"
VHI_M_2021-01_0000000000000000013e,0.41248229888356724,1.9378442855553075,319,1,Dry,2021,2021-01,"{""type"":""MultiPoint"",""coordinates"":[]}"
VHI_M_2021-01_0000000000000000013f,0.4826335146051812,2.3571156483315554,320,1,Dry,2021,2021-01,"{""type"":""MultiPoint"",""coordinates"":[]}"
VHI_M_2021-01_00000000000000000140,10.279039015144486,2.574716617535447,321,1,Dry,2021,2021-01,"{""type"":""MultiPoint"",""coordinates"":[]}"
VHI_M_2021-01_000000000000000001bc,0.5817037896596142,3.0246110284864414,445,1,Dry,2021,2021-01,"{""type"":""MultiPoint"",""coordinates"":[]}"
VHI_M_2021-01_000000000000000001bd,0.641254524393518,3.3911323209242394,446,1,Dry,2021,2021-01,"{""type"":""MultiPoint"",""coordinates"":[]}"
VHI_M_2021-01_000000000000000001be,0.5641182199686583,2.987355313385048,447,1,Dry,2021,2021-01,"{""type"":""MultiPoint"",""coordinates"":[]}"
VHI_M_2021-01_000000000000000001bf,0.5692040184041158,2.956777448221666,448,1,Dry,2021,2021-01,"{""type"":""MultiPoint"",""coordinates"":[]}"
VHI_M_2021-01_000000000000000001c0,0.5574626378744959,2.9585885781520216,449,1,Dry,2021,2021-01,"{""type"":""MultiPoint"",""coordinates"":[]}"
VHI_M_2021-01_00000000000000000006,0.6527117135419287,3.4297843965325616,7,1,Dry,2021,2021-01,"{""type"":""MultiPoint"",""coordinates"":[]}"
VHI_M_2021-01_0000000000000000002c,0.5966154027778736,3.13944869192007,45,1,Dry,2021,2021-01,"{""type"":""MultiPoint"",""coordinates"":[]}"
VHI_M_2021-01_0000000000000000002d,0.5528465023393497,2.868184043503923,46,1,Dry,2021,2021-01,"{""type"":""MultiPoint"",""coordinates"":[]}"
VHI_M_2021-01_0000000000000000002e,0.6912847368272166,3.7728825560290766,47,1,Dry,2021,2021-01,"{""type"":""MultiPoint"",""coordinates"":[]}"
VHI_M_2021-01_0000000000000000002f,0.5496781592868398,2.827617101493139,48,1,Dry,2021,2021-01,"{""type"":""MultiPoint"",""coordinates"":[]}"
VHI_M_2021-01_0000000000000000009b,0.6388449389213425,3.410602351689859,156,1,Dry,2021,2021-01,"{""type"":""MultiPoint"",""coordinates"":[]}"
VHI_M_2021-01_0000000000000000009c,0.5541353345456269,2.889876056889569,157,1,Dry,2021,2021-01,"{""type"":""MultiPoint"",""coordinates"":[]}"
VHI_M_2021-01_0000000000000000009d,0.6507991381813326,3.5471529330810254,158,1,Dry,2021,2021-01,"{""type"":""MultiPoint"",""coordinates"":[]}"
VHI_M_2021-01_000000000000000001b6,0.6430875333534058,3.456233127473096,439,1,Dry,2021,2021-01,"{""type"":""MultiPoint"",""coordinates"":[]}"
VHI_M_2021-01_000000000000000001b7,0.6049356634855693,3.1828647592871793,440,1,Dry,2021,2021-01,"{""type"":""MultiPoint"",""coordinates"":[]}"
VHI_M_2021-01_000000000000000001b8,0.607331698559245,3.2588376409965116,441,1,Dry,2021,2021-01,"{""type"":""MultiPoint"",""coordinates"":[]}"
VHI_M_2021-01_000000000000000001b9,0.5549338263578824,2.8699793997098473,442,1,Dry,2021,2021-01,"{""type"":""MultiPoint"",""coordinates"":[]}"
VHI_M_2021-01_000000000000000001ba,0.5988325301294064,3.1496558808691746,443,1,Dry,2021,2021-01,"{""type"":""MultiPoint"",""coordinates"":[]}"
VHI_M_2021-01_000000000000000001bb,0.6358025071568246,3.429668292717442,444,1,Dry,2021,2021-01,"{""type"":""MultiPoint"",""coordinates"":[]}"
VHI_M_2021-01_00000000000000000221,0.6255800742129057,3.2634310926550736,546,1,Dry,2021,2021-01,"{""type"":""MultiPoint"",""coordinates"":[]}"
VHI_M_2021-01_00000000000000000222,0.5623979275183295,2.923994215981731,547,1,Dry,2021,2021-01,"{""type"":""MultiPoint"",""coordinates"":[]}"
VHI_M_2021-01_00000000000000000223,0.6262055394266318,3.353100738369643,548,1,Dry,2021,2021-01,"{""type"":""MultiPoint"",""coordinates"":[]}"
VHI_M_2021-01_00000000000000000224,0.620973739672051,3.301701900545989,549,1,Dry,2021,2021-01,"{""type"":""MultiPoint"",""coordinates"":[]}"
VHI_M_2021-01_00000000000000000225,0.5807965906982372,3.05988598859886,550,1,Dry,2021,2021-01,"{""type"":""MultiPoint"",""coordinates"":[]}"
VHI_M_2021-01_00000000000000000053,0.5621229393564461,2.945551957851989,84,1,Dry,2021,2021-01,"{""type"":""MultiPoint"",""coordinates"":[]}"
VHI_M_2021-01_00000000000000000054,0.6027211661110121,3.1473992858000894,85,1,Dry,2021,2021-01,"{""type"":""MultiPoint"",""coordinates"":[]}"
VHI_M_2021-01_00000000000000000055,0.5882498567070419,2.997747480735032,86,1,Dry,2021,2021-01,"{""type"":""MultiPoint"",""coordinates"":[]}"
VHI_M_2021-01_00000000000000000056,0.5675458502635179,2.9574530287674423,87,1,Dry,2021,2021-01,"{""type"":""MultiPoint"",""coordinates"":[]}"
VHI_M_2021-01_00000000000000000057,0.5988923572696299,3.132761881385963,88,1,Dry,2021,2021-01,"{""type"":""MultiPoint"",""coordinates"":[]}"
VHI_M_2021-01_000000000000000000de,0.5773392825897452,3.0291633955871435,223,1,Dry,2021,2021-01,"{""type"":""MultiPoint"",""coordinates"":[]}"
VHI_M_2021-01_000000000000000000df,26.905845407094198,3.6848327788088016,224,1,Dry,2021,2021-01,"{""type"":""MultiPoint"",""coordinates"":[]}"
VHI_M_2021-01_000000000000000000e0,3.8639859418619067,3.0521029492647784,225,1,Dry,2021,2021-01,"{""type"":""MultiPoint"",""coordinates"":[]}"
VHI_M_2021-01_000000000000000000e1,8.192556637522605,3.662885158242859,226,1,Dry,2021,2021-01,"{""type"":""MultiPoint"",""coordinates"":[]}"
VHI_M_2021-01_000000000000000000ff,0.5938758083376905,3.10803199738797,256,1,Dry,2021,2021-01,"{""type"":""MultiPoint"",""coordinates"":[]}"
VHI_M_2021-01_0000000000000000011c,0.5704253393634279,3.002344815050442,285,1,Dry,2021,2021-01,"{""type"":""MultiPoint"",""coordinates"":[]}"
VHI_M_2021-01_0000000000000000011d,0.5919661625656302,3.091393596691831,286,1,Dry,2021,2021-01,"{""type"":""MultiPoint"",""coordinates"":[]}"
VHI_M_2021-01_0000000000000000011e,0.6205431383670521,3.320705421293272,287,1,Dry,2021,2021-01,"{""type"":""MultiPoint"",""coordinates"":[]}"
VHI_M_2021-01_0000000000000000011f,0.6223201995275002,3.2930935853067798,288,1,Dry,2021,2021-01,"{""type"":""MultiPoint"",""coordinates"":[]}"
VHI_M_2021-01_000000000000000001c4,8.7412102601648,2.815309434838418,453,1,Dry,2021,2021-01,"{""type"":""MultiPoint"",""coordinates"":[]}"
VHI_M_2021-01_000000000000000001c5,0.5920055215184241,3.113684639334246,454,1,Dry,2021,2021-01,"{""type"":""MultiPoint"",""coordinates"":[]}"
VHI_M_2021-01_000000000000000001c6,0.624230427304118,3.2746819494336004,455,1,Dry,2021,2021-01,"{""type"":""MultiPoint"",""coordinates"":[]}"
VHI_M_2021-01_00000000000000000003,0.7606496923539322,3.0863990413421205,4,1,Dry,2021,2021-01,"{""type"":""MultiPoint"",""coordinates"":[]}"
VHI_M_2021-01_0000000000000000001b,12.200550236309441,2.7521276595744686,28,1,Dry,2021,2021-01,"{""type"":""MultiPoint"",""coordinates"":[]}"
VHI_M_2021-01_00000000000000000186,64.33087675541124,3.5329895073804014,391,1,Dry,2021,2021-01,"{""type"":""MultiPoint"",""coordinates"":[]}"
VHI_M_2021-01_00000000000000000187,0.3886904273439043,1.8277596676150885,392,1,Dry,2021,2021-01,"{""type"":""MultiPoint"",""coordinates"":[]}"
VHI_M_2021-01_00000000000000000188,2.7129662895279694,2.346252911664576,393,1,Dry,2021,2021-01,"{""type"":""MultiPoint"",""coordinates"":[]}"
VHI_M_2021-01_00000000000000000189,3.608333446813689,3.153912916280659,394,1,Dry,2021,2021-01,"{""type"":""MultiPoint"",""coordinates"":[]}"
VHI_M_2021-01_0000000000000000018a,0.5264666525125367,2.730436813828545,395,1,Dry,2021,2021-01,"{""type"":""MultiPoint"",""coordinates"":[]}"
VHI_M_2021-01_0000000000000000018f,0.5465527233262412,2.8558466453674125,400,1,Dry,2021,2021-01,"{""type"":""MultiPoint"",""coordinates"":[]}"
VHI_M_2021-01_00000000000000000190,0.5757499630321301,2.979940468487121,401,1,Dry,2021,2021-01,"{""type"":""MultiPoint"",""coordinates"":[]}"
VHI_M_2021-01_0000000000000000021e,0.655412836846386,3.4702239653214995,543,1,Dry,2021,2021-01,"{""type"":""MultiPoint"",""coordinates"":[]}"
VHI_M_2021-01_0000000000000000021f,0.5699856563683958,2.2099274592092035,544,1,Dry,2021,2021-01,"{""type"":""MultiPoint"",""coordinates"":[]}"
VHI_M_2021-01_00000000000000000220,0.43764463478333526,1.9877751734465094,545,1,Dry,2021,2021-01,"{""type"":""MultiPoint"",""coordinates"":[]}"
VHI_M_2021-01_00000000000000000007,0.6266270881537375,3.376052837156452,8,1,Dry,2021,2021-01,"{""type"":""MultiPoint"",""coordinates"":[]}"
VHI_M_2021-01_0000000000000000000b,0.6359369666086199,3.396659456861331,12,1,Dry,2021,2021-01,"{""type"":""MultiPoint"",""coordinates"":[]}"
VHI_M_2021-01_00000000000000000012,0.514308455086576,2.5957932409787476,19,1,Dry,2021,2021-01,"{""type"":""MultiPoint"",""coordinates"":[]}"
VHI_M_2021-01_00000000000000000013,0.48227482721182846,2.398390696001249,20,1,Dry,2021,2021-01,"{""type"":""MultiPoint"",""coordinates"":[]}"
VHI_M_2021-01_00000000000000000014,0.38794553460326864,1.9020875072707306,21,1,Dry,2021,2021-01,"{""type"":""MultiPoint"",""coordinates"":[]}"
VHI_M_2021-01_00000000000000000015,0.48372727602967497,2.404871324707963,22,1,Dry,2021,2021-01,"{""type"":""MultiPoint"",""coordinates"":[]}"
VHI_M_2021-01_00000000000000000016,0.43596349227514875,2.0389428595425407,23,1,Dry,2021,2021-01,"{""type"":""MultiPoint"",""coordinates"":[]}"
VHI_M_2021-01_00000000000000000183,0.5035455722073195,2.5415622128964057,388,1,Dry,2021,2021-01,"{""type"":""MultiPoint"",""coordinates"":[]}"
VHI_M_2021-01_00000000000000000184,0.5248973484249083,2.675234476884358,389,1,Dry,2021,2021-01,"{""type"":""MultiPoint"",""coordinates"":[]}"
VHI_M_2021-01_00000000000000000185,4.887548368049985,2.4659229749642737,390,1,Dry,2021,2021-01,"{""type"":""MultiPoint"",""coordinates"":[]}"
VHI_M_2021-01_00000000000000000212,0.47059803762726765,2.3808034244320058,531,1,Dry,2021,2021-01,"{""type"":""MultiPoint"",""coordinates"":[]}"
VHI_M_2021-01_00000000000000000213,0.6165248516913684,3.2739195167602526,532,1,Dry,2021,2021-01,"{""type"":""MultiPoint"",""coordinates"":[]}"
VHI_M_2021-01_00000000000000000214,0.4499782971318402,2.2146713962812283,533,1,Dry,2021,2021-01,"{""type"":""MultiPoint"",""coordinates"":[]}"
VHI_M_2021-01_00000000000000000215,0.4666169798065739,2.291866019474222,534,1,Dry,2021,2021-01,"{""type"":""MultiPoint"",""coordinates"":[]}"
VHI_M_2021-01_0000000000000000005a,74.96374990224118,2.876167307541395,91,1,Dry,2021,2021-01,"{""type"":""MultiPoint"",""coordinates"":[]}"
VHI_M_2021-01_00000000000000000118,53.04098129093316,3.218238245175289,281,1,Dry,2021,2021-01,"{""type"":""MultiPoint"",""coordinates"":[]}"
VHI_M_2021-01_00000000000000000119,8.299119267094415,2.2835135295062434,282,1,Dry,2021,2021-01,"{""type"":""MultiPoint"",""coordinates"":[]}"
VHI_M_2021-01_0000000000000000011a,3.8681645794989734,3.253984229961616,283,1,Dry,2021,2021-01,"{""type"":""MultiPoint"",""coordinates"":[]}"
VHI_M_2021-01_0000000000000000011b,0.5369308402897541,2.668292012911202,284,1,Dry,2021,2021-01,"{""type"":""MultiPoint"",""coordinates"":[]}"
VHI_M_2021-01_00000000000000000141,10.168808537975137,3.039059677406405,322,1,Dry,2021,2021-01,"{""type"":""MultiPoint"",""coordinates"":[]}"
VHI_M_2021-01_00000000000000000142,54.23049589454488,3.1592163184326356,323,1,Dry,2021,2021-01,"{""type"":""MultiPoint"",""coordinates"":[]}"
VHI_M_2021-01_00000000000000000143,13.653125723149872,2.9540728358927026,324,1,Dry,2021,2021-01,"{""type"":""MultiPoint"",""coordinates"":[]}"
VHI_M_2021-01_00000000000000000144,49.49828841856734,4.028926291888196,325,1,Dry,2021,2021-01,"{""type"":""MultiPoint"",""coordinates"":[]}"
VHI_M_2021-01_00000000000000000145,35.08142783106349,3.301518691943761,326,1,Dry,2021,2021-01,"{""type"":""MultiPoint"",""coordinates"":[]}"
VHI_M_2021-01_000000000000000001af,85.76159164536601,2.6519445514054683,432,1,Dry,2021,2021-01,"{""type"":""MultiPoint"",""coordinates"":[]}"
VHI_M_2021-01_0000000000000000004b,0.6619462669869187,3.580687782141154,76,1,Dry,2021,2021-01,"{""type"":""MultiPoint"",""coordinates"":[]}"
VHI_M_2021-01_0000000000000000004c,0.6445944978488767,3.4258423985141935,77,1,Dry,2021,2021-01,"{""type"":""MultiPoint"",""coordinates"":[]}"
VHI_M_2021-01_0000000000000000004d,0.5549267216244264,2.8747404747859924,78,1,Dry,2021,2021-01,"{""type"":""MultiPoint"",""coordinates"":[]}"
VHI_M_2021-01_0000000000000000004e,0.4957953384190764,2.502728298148881,79,1,Dry,2021,2021-01,"{""type"":""MultiPoint"",""coordinates"":[]}"
VHI_M_2021-01_0000000000000000004f,0.4801318143269161,2.3708154962235475,80,1,Dry,2021,2021-01,"{""type"":""MultiPoint"",""coordinates"":[]}"
VHI_M_2021-01_00000000000000000050,0.658625249915549,3.503587736464448,81,1,Dry,2021,2021-01,"{""type"":""MultiPoint"",""coordinates"":[]}"
VHI_M_2021-01_00000000000000000051,0.5499676163818775,2.975773566802591,82,1,Dry,2021,2021-01,"{""type"":""MultiPoint"",""coordinates"":[]}"
VHI_M_2021-01_00000000000000000052,0.42373299656215524,2.0796900131598193,83,1,Dry,2021,2021-01,"{""type"":""MultiPoint"",""coordinates"":[]}"
VHI_M_2021-01_000000000000000000aa,0.4667626097062844,2.2947688901190153,171,1,Dry,2021,2021-01,"{""type"":""MultiPoint"",""coordinates"":[]}"
VHI_M_2021-01_000000000000000000ab,0.5201878599748249,2.642304729129366,172,1,Dry,2021,2021-01,"{""type"":""MultiPoint"",""coordinates"":[]}"
VHI_M_2021-01_000000000000000000ac,0.4981830392922991,2.525423629315627,173,1,Dry,2021,2021-01,"{""type"":""MultiPoint"",""coordinates"":[]}"
VHI_M_2021-01_000000000000000000ad,0.5295629005200585,2.6718238764564735,174,1,Dry,2021,2021-01,"{""type"":""MultiPoint"",""coordinates"":[]}"
VHI_M_2021-01_000000000000000000ae,0.3616341394876601,1.48089609675646,175,1,Dry,2021,2021-01,"{""type"":""MultiPoint"",""coordinates"":[]}"
VHI_M_2021-01_000000000000000000af,0.38228386974666567,1.6729060913705576,176,1,Dry,2021,2021-01,"{""type"":""MultiPoint"",""coordinates"":[]}"
VHI_M_2021-01_000000000000000000b0,0.531736625455166,2.792804166009153,177,1,Dry,2021,2021-01,"{""type"":""MultiPoint"",""coordinates"":[]}"
VHI_M_2021-01_000000000000000001c7,0.3578428469942563,1.5552260934025204,456,1,Dry,2021,2021-01,"{""type"":""MultiPoint"",""coordinates"":[]}"
VHI_M_2021-01_000000000000000001c8,0.5433925585016441,2.7872836344840195,457,1,Dry,2021,2021-01,"{""type"":""MultiPoint"",""coordinates"":[]}"
VHI_M_2021-01_000000000000000001c9,0.48211580588093933,2.3952837025758082,458,1,Dry,2021,2021-01,"{""type"":""MultiPoint"",""coordinates"":[]}"
VHI_M_2021-01_000000000000000001ca,0.7170116533042771,3.8532473971244414,459,1,Dry,2021,2021-01,"{""type"":""MultiPoint"",""coordinates"":[]}"
VHI_M_2021-01_0000000000000000020a,0.6261992466361732,3.3575839111387076,523,1,Dry,2021,2021-01,"{""type"":""MultiPoint"",""coordinates"":[]}"
VHI_M_2021-01_0000000000000000020b,0.9498681241765943,2.9695041595928773,524,1,Dry,2021,2021-01,"{""type"":""MultiPoint"",""coordinates"":[]}"
VHI_M_2021-01_0000000000000000020c,0.5861618883321372,3.0597316975022637,525,1,Dry,2021,2021-01,"{""type"":""MultiPoint"",""coordinates"":[]}"
VHI_M_2021-01_000000000000000001ab,0.5920346525332222,3.1253546556615928,428,1,Dry,2021,2021-01,"{""type"":""MultiPoint"",""coordinates"":[]}"
VHI_M_2021-01_000000000000000001ac,0.5680874228645066,2.975938181400865,429,1,Dry,2021,2021-01,"{""type"":""MultiPoint"",""coordinates"":[]}"
VHI_M_2021-01_000000000000000001ad,9.211874323811335,3.0871027907057806,430,1,Dry,2021,2021-01,"{""type"":""MultiPoint"",""coordinates"":[]}"
VHI_M_2021-01_000000000000000001ae,45.441285906668575,2.7962129733783274,431,1,Dry,2021,2021-01,"{""type"":""MultiPoint"",""coordinates"":[]}"
VHI_M_2021-01_000000000000000001c3,39.00962271896534,2.778536085992152,452,1,Dry,2021,2021-01,"{""type"":""MultiPoint"",""coordinates"":[]}"
VHI_M_2021-01_00000000000000000037,0.5415872241911966,2.813881161774106,56,1,Dry,2021,2021-01,"{""type"":""MultiPoint"",""coordinates"":[]}"
VHI_M_2021-01_00000000000000000038,0.5510589893243467,2.8489416635929907,57,1,Dry,2021,2021-01,"{""type"":""MultiPoint"",""coordinates"":[]}"
VHI_M_2021-01_00000000000000000039,0.4729027124501446,2.421839183783541,58,1,Dry,2021,2021-01,"{""type"":""MultiPoint"",""coordinates"":[]}"
VHI_M_2021-01_0000000000000000003a,0.5136535195435605,2.5913899334027977,59,1,Dry,2021,2021-01,"{""type"":""MultiPoint"",""coordinates"":[]}"
VHI_M_2021-01_0000000000000000003b,0.5302437643633522,2.7282769706865047,60,1,Dry,2021,2021-01,"{""type"":""MultiPoint"",""coordinates"":[]}"
VHI_M_2021-01_0000000000000000003c,0.6199508273910849,3.270159853033916,61,1,Dry,2021,2021-01,"{""type"":""MultiPoint"",""coordinates"":[]}"
VHI_M_2021-01_0000000000000000003d,0.6005544524526488,3.1344207841508984,62,1,Dry,2021,2021-01,"{""type"":""MultiPoint"",""coordinates"":[]}"
VHI_M_2021-01_0000000000000000003e,10.483537832609027,3.011916836537478,63,1,Dry,2021,2021-01,"{""type"":""MultiPoint"",""coordinates"":[]}"
VHI_M_2021-01_0000000000000000003f,0.6062752626745107,3.1793046035035495,64,1,Dry,2021,2021-01,"{""type"":""MultiPoint"",""coordinates"":[]}"
VHI_M_2021-01_00000000000000000044,0.4850790759991027,2.474612951556517,69,1,Dry,2021,2021-01,"{""type"":""MultiPoint"",""coordinates"":[]}"
VHI_M_2021-01_00000000000000000076,0.5542172111898007,2.8743781263658903,119,1,Dry,2021,2021-01,"{""type"":""MultiPoint"",""coordinates"":[]}"
VHI_M_2021-01_00000000000000000077,5.886962346095421,3.073777839643654,120,1,Dry,2021,2021-01,"{""type"":""MultiPoint"",""coordinates"":[]}"
VHI_M_2021-01_00000000000000000078,0.5213559426774836,2.618562676295191,121,1,Dry,2021,2021-01,"{""type"":""MultiPoint"",""coordinates"":[]}"
VHI_M_2021-01_00000000000000000079,0.5075868999346709,2.562709718265274,122,1,Dry,2021,2021-01,"{""type"":""MultiPoint"",""coordinates"":[]}"
VHI_M_2021-01_0000000000000000008b,3.544322859296622,1.4557967667436489,140,1,Dry,2021,2021-01,"{""type"":""MultiPoint"",""coordinates"":[]}"
VHI_M_2021-01_0000000000000000008c,8.71220197317443,2.7756138373403676,141,1,Dry,2021,2021-01,"{""type"":""MultiPoint"",""coordinates"":[]}"
VHI_M_2021-01_0000000000000000008d,28.736891194201288,3.17009113504557,142,1,Dry,2021,2021-01,"{""type"":""MultiPoint"",""coordinates"":[]}"
VHI_M_2021-01_0000000000000000008e,0.6432392989898946,3.463530361105509,143,1,Dry,2021,2021-01,"{""type"":""MultiPoint"",""coordinates"":[]}"
VHI_M_2021-01_0000000000000000008f,0.6981320313228673,3.8900093808630394,144,1,Dry,2021,2021-01,"{""type"":""MultiPoint"",""coordinates"":[]}"
VHI_M_2021-01_00000000000000000090,9.568383090392365,3.192250772483327,145,1,Dry,2021,2021-01,"{""type"":""MultiPoint"",""coordinates"":[]}"
VHI_M_2021-01_00000000000000000091,0.663707718490727,3.635238854498843,146,1,Dry,2021,2021-01,"{""type"":""MultiPoint"",""coordinates"":[]}"
VHI_M_2021-01_000000000000000000b5,36.128775418979444,3.099548079337184,182,1,Dry,2021,2021-01,"{""type"":""MultiPoint"",""coordinates"":[]}"
VHI_M_2021-01_000000000000000000cc,9.076215970250171,3.385892819512017,205,1,Dry,2021,2021-01,"{""type"":""MultiPoint"",""coordinates"":[]}"
VHI_M_2021-01_000000000000000000cd,0.9022026820343193,3.330103787655134,206,1,Dry,2021,2021-01,"{""type"":""MultiPoint"",""coordinates"":[]}"
VHI_M_2021-01_000000000000000001dd,0.6136442598501025,3.229448242963907,478,1,Dry,2021,2021-01,"{""type"":""MultiPoint"",""coordinates"":[]}"
VHI_M_2021-01_000000000000000001de,0.6637567455576548,3.580890122430578,479,1,Dry,2021,2021-01,"{""type"":""MultiPoint"",""coordinates"":[]}"
VHI_M_2021-01_000000000000000001df,0.6064326423097822,3.199106355361037,480,1,Dry,2021,2021-01,"{""type"":""MultiPoint"",""coordinates"":[]}"
VHI_M_2021-01_000000000000000001e0,0.684705667580856,3.7140469871227753,481,1,Dry,2021,2021-01,"{""type"":""MultiPoint"",""coordinates"":[]}"
VHI_M_2021-01_000000000000000001e1,0.6907983770602338,3.6826974133353554,482,1,Dry,2021,2021-01,"{""type"":""MultiPoint"",""coordinates"":[]}"
VHI_M_2021-01_0000000000000000007a,0.6721335272617938,3.727307870728314,123,1,Dry,2021,2021-01,"{""type"":""MultiPoint"",""coordinates"":[]}"
VHI_M_2021-01_0000000000000000007b,0.6586192967099943,3.553475935828877,124,1,Dry,2021,2021-01,"{""type"":""MultiPoint"",""coordinates"":[]}"
VHI_M_2021-01_0000000000000000007c,1.7904989594964535,3.4227365708157973,125,1,Dry,2021,2021-01,"{""type"":""MultiPoint"",""coordinates"":[]}"
VHI_M_2021-01_0000000000000000007d,0.674085101111113,3.686257221810642,126,1,Dry,2021,2021-01,"{""type"":""MultiPoint"",""coordinates"":[]}"
VHI_M_2021-01_0000000000000000007e,19.51735557805362,3.4805574421051224,127,1,Dry,2021,2021-01,"{""type"":""MultiPoint"",""coordinates"":[]}"
VHI_M_2021-01_0000000000000000007f,14.865406685956009,3.8165235660992263,128,1,Dry,2021,2021-01,"{""type"":""MultiPoint"",""coordinates"":[]}"
VHI_M_2021-01_00000000000000000080,0.692038204104737,3.765001234089066,129,1,Dry,2021,2021-01,"{""type"":""MultiPoint"",""coordinates"":[]}"
VHI_M_2021-01_00000000000000000088,6.056623281431317,3.093572255786223,137,1,Dry,2021,2021-01,"{""type"":""MultiPoint"",""coordinates"":[]}"
VHI_M_2021-01_00000000000000000089,0.6658610700781662,3.6893562240392628,138,1,Dry,2021,2021-01,"{""type"":""MultiPoint"",""coordinates"":[]}"
VHI_M_2021-01_0000000000000000008a,0.6474895520089231,3.4872857156923547,139,1,Dry,2021,2021-01,"{""type"":""MultiPoint"",""coordinates"":[]}"
VHI_M_2021-01_00000000000000000099,8.239881988868747,3.109345881336149,154,1,Dry,2021,2021-01,"{""type"":""MultiPoint"",""coordinates"":[]}"
VHI_M_2021-01_0000000000000000009a,14.667612225675834,3.013397011666775,155,1,Dry,2021,2021-01,"{""type"":""MultiPoint"",""coordinates"":[]}"
VHI_M_2021-01_00000000000000000112,0.7154251139495406,3.977556395282265,275,1,Dry,2021,2021-01,"{""type"":""MultiPoint"",""coordinates"":[]}"
VHI_M_2021-01_000000000000000001d8,0.451655279319295,2.2391591522600662,473,1,Dry,2021,2021-01,"{""type"":""MultiPoint"",""coordinates"":[]}"
VHI_M_2021-01_00000000000000000001,0.5131331539346327,2.631577060931899,2,1,Dry,2021,2021-01,"{""type"":""MultiPoint"",""coordinates"":[]}"
VHI_M_2021-01_00000000000000000030,0.31974642607073045,1.3700387172572188,49,1,Dry,2021,2021-01,"{""type"":""MultiPoint"",""coordinates"":[]}"
VHI_M_2021-01_00000000000000000031,0.3267857348809567,1.37555809140333,50,1,Dry,2021,2021-01,"{""type"":""MultiPoint"",""coordinates"":[]}"
VHI_M_2021-01_00000000000000000032,0.3793953725600145,1.8365826854979852,51,1,Dry,2021,2021-01,"{""type"":""MultiPoint"",""coordinates"":[]}"
VHI_M_2021-01_000000000000000000d7,0.37228409378767846,1.6327228036293178,216,1,Dry,2021,2021-01,"{""type"":""MultiPoint"",""coordinates"":[]}"
VHI_M_2021-01_000000000000000000d8,0.3869665031799703,1.7292100093816898,217,1,Dry,2021,2021-01,"{""type"":""MultiPoint"",""coordinates"":[]}"
VHI_M_2021-01_000000000000000000d9,0.34517426515587313,1.4911545090345704,218,1,Dry,2021,2021-01,"{""type"":""MultiPoint"",""coordinates"":[]}"
VHI_M_2021-01_000000000000000000da,0.41672862858990734,1.9515134758745003,219,1,Dry,2021,2021-01,"{""type"":""MultiPoint"",""coordinates"":[]}"
VHI_M_2021-01_00000000000000000132,0.389620825238053,1.7759069027427974,307,1,Dry,2021,2021-01,"{""type"":""MultiPoint"",""coordinates"":[]}"
VHI_M_2021-01_00000000000000000133,81.71126300014761,3.586467024802836,308,1,Dry,2021,2021-01,"{""type"":""MultiPoint"",""coordinates"":[]}"
VHI_M_2021-01_00000000000000000134,0.3899036849045564,1.7815970074922145,309,1,Dry,2021,2021-01,"{""type"":""MultiPoint"",""coordinates"":[]}"
VHI_M_2021-01_00000000000000000135,24.544932411652105,2.492429426328427,310,1,Dry,2021,2021-01,"{""type"":""MultiPoint"",""coordinates"":[]}"
VHI_M_2021-01_0000000000000000001f,0.34294375204259797,1.5267323782682822,32,1,Dry,2021,2021-01,"{""type"":""MultiPoint"",""coordinates"":[]}"
VHI_M_2021-01_00000000000000000020,0.47946654171751824,2.3648710907316657,33,1,Dry,2021,2021-01,"{""type"":""MultiPoint"",""coordinates"":[]}"
VHI_M_2021-01_00000000000000000021,0.3618458240988512,1.5675619384677506,34,1,Dry,2021,2021-01,"{""type"":""MultiPoint"",""coordinates"":[]}"
VHI_M_2021-01_00000000000000000045,0.29601069493364957,1.223579446161475,70,1,Dry,2021,2021-01,"{""type"":""MultiPoint"",""coordinates"":[]}"
VHI_M_2021-01_00000000000000000046,0.3528775149348785,1.541072513067149,71,1,Dry,2021,2021-01,"{""type"":""MultiPoint"",""coordinates"":[]}"
VHI_M_2021-01_00000000000000000047,0.3073263590715539,1.2358074568825599,72,1,Dry,2021,2021-01,"{""type"":""MultiPoint"",""coordinates"":[]}"
VHI_M_2021-01_00000000000000000048,0.2853535497331267,1.2242029555830705,73,1,Dry,2021,2021-01,"{""type"":""MultiPoint"",""coordinates"":[]}"
VHI_M_2021-01_00000000000000000072,0.35782701524514554,1.5845146915808268,115,1,Dry,2021,2021-01,"{""type"":""MultiPoint"",""coordinates"":[]}"
VHI_M_2021-01_00000000000000000073,0.4179606582074425,1.9402015725041275,116,1,Dry,2021,2021-01,"{""type"":""MultiPoint"",""coordinates"":[]}"
VHI_M_2021-01_00000000000000000074,0.43771075665800185,2.0935444712984332,117,1,Dry,2021,2021-01,"{""type"":""MultiPoint"",""coordinates"":[]}"
VHI_M_2021-01_00000000000000000075,0.4270380936381549,2.0151291241852087,118,1,Dry,2021,2021-01,"{""type"":""MultiPoint"",""coordinates"":[]}"
VHI_M_2021-01_000000000000000000b4,0.40889782827303184,1.8188383185485666,181,1,Dry,2021,2021-01,"{""type"":""MultiPoint"",""coordinates"":[]}"
VHI_M_2021-01_000000000000000000e8,0.4406638904058256,2.0815198911934716,233,1,Dry,2021,2021-01,"{""type"":""MultiPoint"",""coordinates"":[]}"
VHI_M_2021-01_000000000000000000e9,0.32224773597225836,1.3565748095870045,234,1,Dry,2021,2021-01,"{""type"":""MultiPoint"",""coordinates"":[]}"
VHI_M_2021-01_000000000000000000ea,0.3070443866467712,1.347065289183794,235,1,Dry,2021,2021-01,"{""type"":""MultiPoint"",""coordinates"":[]}"
VHI_M_2021-01_00000000000000000022,0.4684425944646096,2.298981618423832,35,1,Dry,2021,2021-01,"{""type"":""MultiPoint"",""coordinates"":[]}"
VHI_M_2021-01_00000000000000000023,0.36048757470148207,1.5818084070209228,36,1,Dry,2021,2021-01,"{""type"":""MultiPoint"",""coordinates"":[]}"
VHI_M_2021-01_00000000000000000024,0.38374059093816004,1.7573615108525296,37,1,Dry,2021,2021-01,"{""type"":""MultiPoint"",""coordinates"":[]}"
VHI_M_2021-01_00000000000000000025,0.3496843551339782,1.5759443243807392,38,1,Dry,2021,2021-01,"{""type"":""MultiPoint"",""coordinates"":[]}"
VHI_M_2021-01_000000000000000000f0,0.3919213656281715,1.6982030410075257,241,1,Dry,2021,2021-01,"{""type"":""MultiPoint"",""coordinates"":[]}"
VHI_M_2021-01_000000000000000000f4,0.288867745299066,1.2589383166772024,245,1,Dry,2021,2021-01,"{""type"":""MultiPoint"",""coordinates"":[]}"
VHI_M_2021-01_000000000000000000f5,0.3274014161034478,1.3821178516994324,246,1,Dry,2021,2021-01,"{""type"":""MultiPoint"",""coordinates"":[]}"
VHI_M_2021-01_000000000000000000f6,0.3962498951492798,1.8408596835298225,247,1,Dry,2021,2021-01,"{""type"":""MultiPoint"",""coordinates"":[]}"
VHI_M_2021-01_000000000000000000f7,0.4136062309339843,1.909255739143149,248,1,Dry,2021,2021-01,"{""type"":""MultiPoint"",""coordinates"":[]}"
VHI_M_2021-01_000000000000000000f8,0.3354382965370306,1.4528967945493618,249,1,Dry,2021,2021-01,"{""type"":""MultiPoint"",""coordinates"":[]}"
VHI_M_2021-01_00000000000000000000,0.42616739857905217,1.9664454714223654,1,1,Dry,2021,2021-01,"{""type"":""MultiPoint"",""coordinates"":[]}"
VHI_M_2021-01_000000000000000000f2,0.31416639590340273,1.3509554792016973,243,1,Dry,2021,2021-01,"{""type"":""MultiPoint"",""coordinates"":[]}"
VHI_M_2021-01_000000000000000000f3,0.3181577822933078,1.3702529235471401,244,1,Dry,2021,2021-01,"{""type"":""MultiPoint"",""coordinates"":[]}"
VHI_M_2021-01_00000000000000000106,0.5158097336288526,2.6067464715107156,263,1,Dry,2021,2021-01,"{""type"":""MultiPoint"",""coordinates"":[]}"
VHI_M_2021-01_00000000000000000107,0.395587572523065,1.8480252625947247,264,1,Dry,2021,2021-01,"{""type"":""MultiPoint"",""coordinates"":[]}"
VHI_M_2021-01_00000000000000000108,0.44249525711442667,2.0953188076723426,265,1,Dry,2021,2021-01,"{""type"":""MultiPoint"",""coordinates"":[]}"
VHI_M_2021-01_0000000000000000012c,0.5240080355128401,2.6653071709707925,301,1,Dry,2021,2021-01,"{""type"":""MultiPoint"",""coordinates"":[]}"
VHI_M_2021-01_0000000000000000012d,0.5369440654083291,2.7632350375499946,302,1,Dry,2021,2021-01,"{""type"":""MultiPoint"",""coordinates"":[]}"
VHI_M_2021-01_0000000000000000012e,0.470921475141532,2.307295522328234,303,1,Dry,2021,2021-01,"{""type"":""MultiPoint"",""coordinates"":[]}"
VHI_M_2021-01_000000000000000000a5,0.4489605798638678,2.1258764105319723,166,1,Dry,2021,2021-01,"{""type"":""MultiPoint"",""coordinates"":[]}"
VHI_M_2021-01_000000000000000000a6,0.4122266997437076,1.915676357258082,167,1,Dry,2021,2021-01,"{""type"":""MultiPoint"",""coordinates"":[]}"
VHI_M_2021-01_000000000000000000c1,45.85042727591841,2.8858213282190808,194,1,Dry,2021,2021-01,"{""type"":""MultiPoint"",""coordinates"":[]}"
VHI_M_2021-01_00000000000000000120,2.703342221883915,2.554304765640321,289,1,Dry,2021,2021-01,"{""type"":""MultiPoint"",""coordinates"":[]}"
VHI_M_2021-01_000000000000000001d9,5.47428029239345,2.0811240251519907,474,1,Dry,2021,2021-01,"{""type"":""MultiPoint"",""coordinates"":[]}"
VHI_M_2021-01_000000000000000001da,0.3889056823568316,1.7333265971719345,475,1,Dry,2021,2021-01,"{""type"":""MultiPoint"",""coordinates"":[]}"
VHI_M_2021-01_000000000000000001db,0.382001660196812,1.65989683049543,476,1,Dry,2021,2021-01,"{""type"":""MultiPoint"",""coordinates"":[]}"
VHI_M_2021-01_000000000000000001dc,0.38856228458917774,1.7968877968877963,477,1,Dry,2021,2021-01,"{""type"":""MultiPoint"",""coordinates"":[]}"
VHI_M_2021-01_000000000000000001e2,54.57981511158363,2.8353720121198522,483,1,Dry,2021,2021-01,"{""type"":""MultiPoint"",""coordinates"":[]}"
VHI_M_2021-01_000000000000000001e3,4.51847427483738,2.3854946109700252,484,1,Dry,2021,2021-01,"{""type"":""MultiPoint"",""coordinates"":[]}"
VHI_M_2021-01_000000000000000001e4,80.50598532705679,2.9931431705979152,485,1,Dry,2021,2021-01,"{""type"":""MultiPoint"",""coordinates"":[]}"
VHI_M_2021-01_000000000000000001e5,26.545748222276316,2.284733727810652,486,1,Dry,2021,2021-01,"{""type"":""MultiPoint"",""coordinates"":[]}"
VHI_M_2021-01_000000000000000001e6,1.0433176629866794,2.260386790547364,487,1,Dry,2021,2021-01,"{""type"":""MultiPoint"",""coordinates"":[]}"
VHI_M_2021-01_000000000000000001e7,15.941594964660732,2.1903031815086815,488,1,Dry,2021,2021-01,"{""type"":""MultiPoint"",""coordinates"":[]}"
VHI_M_2021-01_000000000000000001e8,0.48695660555581155,2.4675962967196248,489,1,Dry,2021,2021-01,"{""type"":""MultiPoint"",""coordinates"":[]}"
VHI_M_2021-01_000000000000000001e9,58.68733670856134,2.813063611991226,490,1,Dry,2021,2021-01,"{""type"":""MultiPoint"",""coordinates"":[]}"
VHI_M_2021-01_000000000000000000e2,0.3895710668015758,1.7278591185296721,227,1,Dry,2021,2021-01,"{""type"":""MultiPoint"",""coordinates"":[]}"
VHI_M_2021-01_000000000000000000e3,0.427102668976387,1.9935209188936491,228,1,Dry,2021,2021-01,"{""type"":""MultiPoint"",""coordinates"":[]}"
VHI_M_2021-01_000000000000000000e4,25.297487813159755,2.9777409860191315,229,1,Dry,2021,2021-01,"{""type"":""MultiPoint"",""coordinates"":[]}"
VHI_M_2021-01_000000000000000000e5,1.1788080843691153,2.6248940042112485,230,1,Dry,2021,2021-01,"{""type"":""MultiPoint"",""coordinates"":[]}"
VHI_M_2021-01_000000000000000000e6,0.3333747104903138,1.3806340718105423,231,1,Dry,2021,2021-01,"{""type"":""MultiPoint"",""coordinates"":[]}"
VHI_M_2021-01_000000000000000000e7,0.582919269304101,3.2055763628797345,232,1,Dry,2021,2021-01,"{""type"":""MultiPoint"",""coordinates"":[]}"
VHI_M_2021-01_0000000000000000017f,0.432945684147653,2.040642350461631,384,1,Dry,2021,2021-01,"{""type"":""MultiPoint"",""coordinates"":[]}"
VHI_M_2021-01_00000000000000000180,0.45504490826078553,2.233187536415037,385,1,Dry,2021,2021-01,"{""type"":""MultiPoint"",""coordinates"":[]}"
VHI_M_2021-01_00000000000000000203,0.4606902364181192,2.3088378857609633,516,1,Dry,2021,2021-01,"{""type"":""MultiPoint"",""coordinates"":[]}"
VHI_M_2021-01_00000000000000000204,0.42974378078373665,2.0923094361008787,517,1,Dry,2021,2021-01,"{""type"":""MultiPoint"",""coordinates"":[]}"
VHI_M_2021-01_00000000000000000205,0.42000551418984944,1.9729497173232715,518,1,Dry,2021,2021-01,"{""type"":""MultiPoint"",""coordinates"":[]}"
VHI_M_2021-01_00000000000000000206,0.4242485150272658,2.000199385891454,519,1,Dry,2021,2021-01,"{""type"":""MultiPoint"",""coordinates"":[]}"
VHI_M_2021-01_00000000000000000207,0.4314588593642498,2.0389483933787726,520,1,Dry,2021,2021-01,"{""type"":""MultiPoint"",""coordinates"":[]}"
VHI_M_2021-01_00000000000000000208,0.32544377195577223,1.3722032893762035,521,1,Dry,2021,2021-01,"{""type"":""MultiPoint"",""coordinates"":[]}"
VHI_M_2021-01_00000000000000000209,0.45583106836731313,2.311675717610551,522,1,Dry,2021,2021-01,"{""type"":""MultiPoint"",""coordinates"":[]}"
VHI_M_2021-01_0000000000000000000e,0.4335932852137995,2.0910235305509843,15,1,Dry,2021,2021-01,"{""type"":""MultiPoint"",""coordinates"":[]}"
VHI_M_2021-01_00000000000000000124,0.5340416545020381,2.726510653161021,293,1,Dry,2021,2021-01,"{""type"":""MultiPoint"",""coordinates"":[]}"
VHI_M_2021-01_00000000000000000125,13.556664948229589,2.8322160524019133,294,1,Dry,2021,2021-01,"{""type"":""MultiPoint"",""coordinates"":[]}"
VHI_M_2021-01_00000000000000000126,0.47038976152719986,2.3031019167971496,295,1,Dry,2021,2021-01,"{""type"":""MultiPoint"",""coordinates"":[]}"
VHI_M_2021-01_00000000000000000127,0.49965155605346945,2.466583832476855,296,1,Dry,2021,2021-01,"{""type"":""MultiPoint"",""coordinates"":[]}"
VHI_M_2021-01_00000000000000000128,0.4753219628022421,2.3457391818047557,297,1,Dry,2021,2021-01,"{""type"":""MultiPoint"",""coordinates"":[]}"
VHI_M_2021-01_00000000000000000129,0.48337559290721244,2.4149349466397196,298,1,Dry,2021,2021-01,"{""type"":""MultiPoint"",""coordinates"":[]}"
VHI_M_2021-01_0000000000000000012a,0.49807911031181173,2.496644513625258,299,1,Dry,2021,2021-01,"{""type"":""MultiPoint"",""coordinates"":[]}"
VHI_M_2021-01_0000000000000000012b,0.5012842123547077,2.492446816601103,300,1,Dry,2021,2021-01,"{""type"":""MultiPoint"",""coordinates"":[]}"
VHI_M_2021-01_00000000000000000174,0.48541105245310795,2.404434763181412,373,1,Dry,2021,2021-01,"{""type"":""MultiPoint"",""coordinates"":[]}"
VHI_M_2021-01_00000000000000000175,0.5374001319736443,2.7317097660493097,374,1,Dry,2021,2021-01,"{""type"":""MultiPoint"",""coordinates"":[]}"
VHI_M_2021-01_00000000000000000176,0.4763527512067856,2.386947183442351,375,1,Dry,2021,2021-01,"{""type"":""MultiPoint"",""coordinates"":[]}"
VHI_M_2021-01_00000000000000000177,0.503508224032025,2.54718987908643,376,1,Dry,2021,2021-01,"{""type"":""MultiPoint"",""coordinates"":[]}"
VHI_M_2021-01_00000000000000000195,0.4153502467417281,1.9096593164675735,406,1,Dry,2021,2021-01,"{""type"":""MultiPoint"",""coordinates"":[]}"
VHI_M_2021-01_00000000000000000196,0.43975318422173976,2.082456168630548,407,1,Dry,2021,2021-01,"{""type"":""MultiPoint"",""coordinates"":[]}"
VHI_M_2021-01_00000000000000000197,3.2824428405611044,2.6774693230731907,408,1,Dry,2021,2021-01,"{""type"":""MultiPoint"",""coordinates"":[]}"
VHI_M_2021-01_00000000000000000198,0.4225834974891541,1.999376493816897,409,1,Dry,2021,2021-01,"{""type"":""MultiPoint"",""coordinates"":[]}"
VHI_M_2021-01_00000000000000000199,0.45617614513748433,2.212901867613003,410,1,Dry,2021,2021-01,"{""type"":""MultiPoint"",""coordinates"":[]}"
VHI_M_2021-01_00000000000000000035,0.558375490430175,2.781986754966888,54,1,Dry,2021,2021-01,"{""type"":""MultiPoint"",""coordinates"":[]}"
VHI_M_2021-01_000000000000000000ce,0.5648727035556025,2.9205833422682765,207,1,Dry,2021,2021-01,"{""type"":""MultiPoint"",""coordinates"":[]}"
VHI_M_2021-01_000000000000000000cf,0.5381701648306546,2.736997731691511,208,1,Dry,2021,2021-01,"{""type"":""MultiPoint"",""coordinates"":[]}"
VHI_M_2021-01_000000000000000000d0,3.3889395196224643,3.113004405924869,209,1,Dry,2021,2021-01,"{""type"":""MultiPoint"",""coordinates"":[]}"
VHI_M_2021-01_000000000000000000d1,28.319362446712226,2.9464387262657366,210,1,Dry,2021,2021-01,"{""type"":""MultiPoint"",""coordinates"":[]}"
VHI_M_2021-01_000000000000000001ea,0.5465288865116562,2.794723575406683,491,1,Dry,2021,2021-01,"{""type"":""MultiPoint"",""coordinates"":[]}"
VHI_M_2021-01_000000000000000001eb,0.5869370458574711,3.072044847162264,492,1,Dry,2021,2021-01,"{""type"":""MultiPoint"",""coordinates"":[]}"
VHI_M_2021-01_000000000000000001ec,0.6022594330504715,3.1901671510434646,493,1,Dry,2021,2021-01,"{""type"":""MultiPoint"",""coordinates"":[]}"
VHI_M_2021-01_000000000000000001ed,0.6503540068901207,3.5242980031153084,494,1,Dry,2021,2021-01,"{""type"":""MultiPoint"",""coordinates"":[]}"
VHI_M_2021-01_000000000000000001f4,8.993233596824497,3.0183739987867204,501,1,Dry,2021,2021-01,"{""type"":""MultiPoint"",""coordinates"":[]}"
VHI_M_2021-01_000000000000000001f5,0.5670186376139396,2.9555532205526953,502,1,Dry,2021,2021-01,"{""type"":""MultiPoint"",""coordinates"":[]}"
VHI_M_2021-01_000000000000000001f6,0.6097468823986224,3.214425751151233,503,1,Dry,2021,2021-01,"{""type"":""MultiPoint"",""coordinates"":[]}"
VHI_M_2021-01_000000000000000001f7,50.27910269243584,3.1969468696383716,504,1,Dry,2021,2021-01,"{""type"":""MultiPoint"",""coordinates"":[]}"
VHI_M_2021-01_000000000000000001f8,0.5854402612720495,3.0644581229683947,505,1,Dry,2021,2021-01,"{""type"":""MultiPoint"",""coordinates"":[]}"
VHI_M_2021-01_000000000000000001f9,0.5494934670812922,2.888900465045793,506,1,Dry,2021,2021-01,"{""type"":""MultiPoint"",""coordinates"":[]}"
VHI_M_2021-01_000000000000000001fa,37.63537877465972,3.1008191766924953,507,1,Dry,2021,2021-01,"{""type"":""MultiPoint"",""coordinates"":[]}"
VHI_M_2021-01_000000000000000001fb,7.966177142063616,3.12091513768838,508,1,Dry,2021,2021-01,"{""type"":""MultiPoint"",""coordinates"":[]}"
VHI_M_2021-01_000000000000000001fc,0.535083736050396,2.624941113658492,509,1,Dry,2021,2021-01,"{""type"":""MultiPoint"",""coordinates"":[]}"
VHI_M_2021-01_000000000000000001fd,0.6270507463569508,3.309444370301174,510,1,Dry,2021,2021-01,"{""type"":""MultiPoint"",""coordinates"":[]}"
VHI_M_2021-01_00000000000000000049,0.5289221193698803,2.6906955816841807,74,1,Dry,2021,2021-01,"{""type"":""MultiPoint"",""coordinates"":[]}"
VHI_M_2021-01_0000000000000000004a,37.29816030550814,2.8761241611294857,75,1,Dry,2021,2021-01,"{""type"":""MultiPoint"",""coordinates"":[]}"
VHI_M_2021-01_000000000000000000fd,73.46373624006686,3.365759637188207,254,1,Dry,2021,2021-01,"{""type"":""MultiPoint"",""coordinates"":[]}"
VHI_M_2021-01_000000000000000000fe,5.933537635013929,2.77569668230619,255,1,Dry,2021,2021-01,"{""type"":""MultiPoint"",""coordinates"":[]}"
VHI_M_2021-01_00000000000000000191,0.5165002768853253,2.6084499461786863,402,1,Dry,2021,2021-01,"{""type"":""MultiPoint"",""coordinates"":[]}"
VHI_M_2021-01_0000000000000000016e,23.1749182031565,3.053450914656364,367,1,Dry,2021,2021-01,"{""type"":""MultiPoint"",""coordinates"":[]}"
VHI_M_2021-01_0000000000000000016f,0.5716110082026675,2.961239042795627,368,1,Dry,2021,2021-01,"{""type"":""MultiPoint"",""coordinates"":[]}"
VHI_M_2021-01_00000000000000000170,3.7625580229590687,2.888818557981973,369,1,Dry,2021,2021-01,"{""type"":""MultiPoint"",""coordinates"":[]}"
VHI_M_2021-01_00000000000000000181,37.11984338028348,3.116255184096266,386,1,Dry,2021,2021-01,"{""type"":""MultiPoint"",""coordinates"":[]}"
VHI_M_2021-01_00000000000000000182,0.6189767333669463,3.2887701935889577,387,1,Dry,2021,2021-01,"{""type"":""MultiPoint"",""coordinates"":[]}"
VHI_M_2021-01_00000000000000000228,0.5421654191123193,2.780209895052473,553,1,Dry,2021,2021-01,"{""type"":""MultiPoint"",""coordinates"":[]}"
VHI_M_2021-02_00000000000000000017,46.54602849777233,2.830297835868866,24,2,Dry,2021,2021-02,"{""type"":""MultiPoint"",""coordinates"":[]}"
VHI_M_2021-02_00000000000000000018,232.38288835938715,4.744266551276502,25,2,Dry,2021,2021-02,"{""type"":""MultiPoint"",""coordinates"":[]}"
VHI_M_2021-02_00000000000000000019,30.133834068503077,2.5472604518306934,26,2,Dry,2021,2021-02,"{""type"":""MultiPoint"",""coordinates"":[]}"
VHI_M_2021-02_0000000000000000001a,13.728852002415016,2.7074783557161366,27,2,Dry,2021,2021-02,"{""type"":""MultiPoint"",""coordinates"":[]}"
VHI_M_2021-02_0000000000000000005b,160.24702335786597,4.036946671314046,92,2,Dry,2021,2021-02,"{""type"":""MultiPoint"",""coordinates"":[]}"
VHI_M_2021-02_0000000000000000005c,60.23591054377495,2.7116269761857117,93,2,Dry,2021,2021-02,"{""type"":""MultiPoint"",""coordinates"":[]}"
VHI_M_2021-02_0000000000000000005d,254.0,5.0,94,2,Dry,2021,2021-02,"{""type"":""MultiPoint"",""coordinates"":[]}"
VHI_M_2021-02_0000000000000000005e,35.32197725861248,3.05734058329214,95,2,Dry,2021,2021-02,"{""type"":""MultiPoint"",""coordinates"":[]}"
VHI_M_2021-02_0000000000000000005f,81.79556687681334,3.6410453497309767,96,2,Dry,2021,2021-02,"{""type"":""MultiPoint"",""coordinates"":[]}"
VHI_M_2021-02_000000000000000000b6,0.5321822289668401,2.5696784073506898,183,2,Dry,2021,2021-02,"{""type"":""MultiPoint"",""coordinates"":[]}"
VHI_M_2021-02_000000000000000000b7,0.6415876007245961,3.490828589500317,184,2,Dry,2021,2021-02,"{""type"":""MultiPoint"",""coordinates"":[]}"
VHI_M_2021-02_000000000000000000b8,0.4623280585809268,2.1310408921933086,185,2,Dry,2021,2021-02,"{""type"":""MultiPoint"",""coordinates"":[]}"
VHI_M_2021-02_000000000000000000b9,39.341878118966,2.832607835377918,186,2,Dry,2021,2021-02,"{""type"":""MultiPoint"",""coordinates"":[]}"
VHI_M_2021-02_000000000000000000ba,0.5954293316523234,3.0,187,2,Dry,2021,2021-02,"{""type"":""MultiPoint"",""coordinates"":[]}"
VHI_M_2021-02_000000000000000000bb,0.5428712921567481,2.847524752475248,188,2,Dry,2021,2021-02,"{""type"":""MultiPoint"",""coordinates"":[]}"
VHI_M_2021-02_000000000000000001a0,34.28953863929782,4.0096566523605155,417,2,Dry,2021,2021-02,"{""type"":""MultiPoint"",""coordinates"":[]}"
VHI_M_2021-02_000000000000000001a1,0.6714512063360336,3.802081761955047,418,2,Dry,2021,2021-02,"{""type"":""MultiPoint"",""coordinates"":[]}"
VHI_M_2021-02_000000000000000001a2,19.732568564848346,3.7456254896839902,419,2,Dry,2021,2021-02,"{""type"":""MultiPoint"",""coordinates"":[]}"
VHI_M_2021-02_000000000000000001a3,0.5495093209994393,2.6618386047886493,420,2,Dry,2021,2021-02,"{""type"":""MultiPoint"",""coordinates"":[]}"
VHI_M_2021-02_000000000000000001cb,41.33763294885539,2.3044776119402983,460,2,Dry,2021,2021-02,"{""type"":""MultiPoint"",""coordinates"":[]}"
VHI_M_2021-02_000000000000000001cc,79.87341367070495,3.2112820512820526,461,2,Dry,2021,2021-02,"{""type"":""MultiPoint"",""coordinates"":[]}"
VHI_M_2021-02_0000000000000000021b,0.4589317977198302,2.0,540,2,Dry,2021,2021-02,"{""type"":""MultiPoint"",""coordinates"":[]}"
VHI_M_2021-02_0000000000000000021c,0.5375543516615162,2.6391304347826083,541,2,Dry,2021,2021-02,"{""type"":""MultiPoint"",""coordinates"":[]}"
VHI_M_2021-02_0000000000000000021d,24.924903200022662,2.7246735704637555,542,2,Dry,2021,2021-02,"{""type"":""MultiPoint"",""coordinates"":[]}"
VHI_M_2021-02_000000000000000000bf,0.583041586376321,3.089299030574199,192,2,Dry,2021,2021-02,"{""type"":""MultiPoint"",""coordinates"":[]}"
VHI_M_2021-02_000000000000000000c0,0.622621910131224,3.263799525905859,193,2,Dry,2021,2021-02,"{""type"":""MultiPoint"",""coordinates"":[]}"
VHI_M_2021-02_0000000000000000010a,0.5770937068805028,3.017147568013191,267,2,Dry,2021,2021-02,"{""type"":""MultiPoint"",""coordinates"":[]}"
VHI_M_2021-02_0000000000000000010b,56.598403222426555,3.505346629820979,268,2,Dry,2021,2021-02,"{""type"":""MultiPoint"",""coordinates"":[]}"
VHI_M_2021-02_00000000000000000226,3.0435622768408206,3.0797852873002327,551,2,Dry,2021,2021-02,"{""type"":""MultiPoint"",""coordinates"":[]}"
VHI_M_2021-02_00000000000000000227,0.6856527264165919,3.4299390774586596,552,2,Dry,2021,2021-02,"{""type"":""MultiPoint"",""coordinates"":[]}"
VHI_M_2021-02_000000000000000001a4,0.5140484974196006,2.5982587064676625,421,2,Dry,2021,2021-02,"{""type"":""MultiPoint"",""coordinates"":[]}"
VHI_M_2021-02_000000000000000001a5,0.48235533925072405,2.443765281173595,422,2,Dry,2021,2021-02,"{""type"":""MultiPoint"",""coordinates"":[]}"
VHI_M_2021-02_000000000000000001a6,0.5105022089872262,3.0,423,2,Dry,2021,2021-02,"{""type"":""MultiPoint"",""coordinates"":[]}"
VHI_M_2021-02_000000000000000001a7,0.5283235386013985,3.0,424,2,Dry,2021,2021-02,"{""type"":""MultiPoint"",""coordinates"":[]}"
VHI_M_2021-02_000000000000000001a8,0.5018053924439148,2.4981640146878825,425,2,Dry,2021,2021-02,"{""type"":""MultiPoint"",""coordinates"":[]}"
VHI_M_2021-02_000000000000000001a9,0.43119140951894225,1.8859374999999996,426,2,Dry,2021,2021-02,"{""type"":""MultiPoint"",""coordinates"":[]}"
VHI_M_2021-02_000000000000000001aa,0.4695111088556785,2.230514879546528,427,2,Dry,2021,2021-02,"{""type"":""MultiPoint"",""coordinates"":[]}"
VHI_M_2021-02_000000000000000001fe,0.6595530385659807,3.538168631006348,511,2,Dry,2021,2021-02,"{""type"":""MultiPoint"",""coordinates"":[]}"
VHI_M_2021-02_000000000000000001ff,61.91992854210049,3.5019875070982374,512,2,Dry,2021,2021-02,"{""type"":""MultiPoint"",""coordinates"":[]}"
VHI_M_2021-02_00000000000000000200,0.6979929752486572,4.128145114101814,513,2,Dry,2021,2021-02,"{""type"":""MultiPoint"",""coordinates"":[]}"
VHI_M_2021-02_00000000000000000201,101.87634818453064,3.6315234580917233,514,2,Dry,2021,2021-02,"{""type"":""MultiPoint"",""coordinates"":[]}"
VHI_M_2021-02_00000000000000000202,0.5676873360185352,3.013781223083549,515,2,Dry,2021,2021-02,"{""type"":""MultiPoint"",""coordinates"":[]}"
VHI_M_2021-02_00000000000000000002,18.707845794815366,3.202033501572672,3,2,Dry,2021,2021-02,"{""type"":""MultiPoint"",""coordinates"":[]}"
VHI_M_2021-02_0000000000000000000d,17.191094989842885,3.4433668167648075,14,2,Dry,2021,2021-02,"{""type"":""MultiPoint"",""coordinates"":[]}"
VHI_M_2021-02_00000000000000000027,53.49724404440746,3.21395662695458,40,2,Dry,2021,2021-02,"{""type"":""MultiPoint"",""coordinates"":[]}"
VHI_M_2021-02_00000000000000000070,0.5493522571499019,2.841669597208321,113,2,Dry,2021,2021-02,"{""type"":""MultiPoint"",""coordinates"":[]}"
VHI_M_2021-02_00000000000000000071,0.5531483103882001,2.9221169816402575,114,2,Dry,2021,2021-02,"{""type"":""MultiPoint"",""coordinates"":[]}"
VHI_M_2021-02_000000000000000001b0,56.00086541557637,3.0819288965432405,433,2,Dry,2021,2021-02,"{""type"":""MultiPoint"",""coordinates"":[]}"
VHI_M_2021-02_000000000000000001b1,7.645709701924064,3.412338095873949,434,2,Dry,2021,2021-02,"{""type"":""MultiPoint"",""coordinates"":[]}"
VHI_M_2021-02_000000000000000001b2,91.04388083700073,3.794225971248663,435,2,Dry,2021,2021-02,"{""type"":""MultiPoint"",""coordinates"":[]}"
VHI_M_2021-02_000000000000000001cd,1.4280091288238306,3.049351509871529,462,2,Dry,2021,2021-02,"{""type"":""MultiPoint"",""coordinates"":[]}"
VHI_M_2021-02_000000000000000001ce,0.5503270202397818,2.8689630869526925,463,2,Dry,2021,2021-02,"{""type"":""MultiPoint"",""coordinates"":[]}"
VHI_M_2021-02_000000000000000001cf,22.364719536589607,3.171423843799121,464,2,Dry,2021,2021-02,"{""type"":""MultiPoint"",""coordinates"":[]}"
VHI_M_2021-02_0000000000000000001c,0.44821556554143555,2.1302294522198277,29,2,Dry,2021,2021-02,"{""type"":""MultiPoint"",""coordinates"":[]}"
VHI_M_2021-02_0000000000000000001d,0.46622977589079917,2.2086435845213854,30,2,Dry,2021,2021-02,"{""type"":""MultiPoint"",""coordinates"":[]}"
VHI_M_2021-02_0000000000000000001e,0.439735714464953,2.0998376671997896,31,2,Dry,2021,2021-02,"{""type"":""MultiPoint"",""coordinates"":[]}"
VHI_M_2021-02_00000000000000000026,0.4479512541240919,2.12403538490495,39,2,Dry,2021,2021-02,"{""type"":""MultiPoint"",""coordinates"":[]}"
VHI_M_2021-02_000000000000000000f9,0.4739173984316742,2.2554804648990805,250,2,Dry,2021,2021-02,"{""type"":""MultiPoint"",""coordinates"":[]}"
VHI_M_2021-02_000000000000000000fa,0.46560846330739636,2.2172771754487712,251,2,Dry,2021,2021-02,"{""type"":""MultiPoint"",""coordinates"":[]}"
VHI_M_2021-02_000000000000000000fb,0.4689132940109054,2.25964093703681,252,2,Dry,2021,2021-02,"{""type"":""MultiPoint"",""coordinates"":[]}"
VHI_M_2021-02_000000000000000000fc,0.4617459918825071,2.187067238912733,253,2,Dry,2021,2021-02,"{""type"":""MultiPoint"",""coordinates"":[]}"
VHI_M_2021-02_00000000000000000163,0.45040381157324816,2.1291276238798647,356,2,Dry,2021,2021-02,"{""type"":""MultiPoint"",""coordinates"":[]}"
VHI_M_2021-02_00000000000000000164,0.45180216048847865,2.2003242908803853,357,2,Dry,2021,2021-02,"{""type"":""MultiPoint"",""coordinates"":[]}"
VHI_M_2021-02_00000000000000000165,0.45747851262301104,2.191561443167382,358,2,Dry,2021,2021-02,"{""type"":""MultiPoint"",""coordinates"":[]}"
VHI_M_2021-02_00000000000000000166,0.48599996677289475,2.3511205637737294,359,2,Dry,2021,2021-02,"{""type"":""MultiPoint"",""coordinates"":[]}"
VHI_M_2021-02_00000000000000000149,0.47715570579415584,2.348004440700118,330,2,Dry,2021,2021-02,"{""type"":""MultiPoint"",""coordinates"":[]}"
VHI_M_2021-02_0000000000000000014a,0.45007332285046714,2.1276715891784597,331,2,Dry,2021,2021-02,"{""type"":""MultiPoint"",""coordinates"":[]}"
VHI_M_2021-02_0000000000000000014b,0.47975294036999705,2.369147240486154,332,2,Dry,2021,2021-02,"{""type"":""MultiPoint"",""coordinates"":[]}"
VHI_M_2021-02_0000000000000000014c,0.48975920570244635,2.4299157847515347,333,2,Dry,2021,2021-02,"{""type"":""MultiPoint"",""coordinates"":[]}"
VHI_M_2021-02_0000000000000000014d,0.49437315776942004,2.4262961007963666,334,2,Dry,2021,2021-02,"{""type"":""MultiPoint"",""coordinates"":[]}"
VHI_M_2021-02_0000000000000000014e,0.47210513680555677,2.3701490728396553,335,2,Dry,2021,2021-02,"{""type"":""MultiPoint"",""coordinates"":[]}"
VHI_M_2021-02_00000000000000000158,0.5084112141142503,2.627766363369533,345,2,Dry,2021,2021-02,"{""type"":""MultiPoint"",""coordinates"":[]}"
VHI_M_2021-02_00000000000000000159,0.516228788048338,2.6505808047347728,346,2,Dry,2021,2021-02,"{""type"":""MultiPoint"",""coordinates"":[]}"
VHI_M_2021-02_0000000000000000015a,0.5193321638106682,2.643265819041987,347,2,Dry,2021,2021-02,"{""type"":""MultiPoint"",""coordinates"":[]}"
VHI_M_2021-02_0000000000000000015b,0.5280243817899843,2.7772542675350436,348,2,Dry,2021,2021-02,"{""type"":""MultiPoint"",""coordinates"":[]}"
VHI_M_2021-02_0000000000000000015c,0.49487835774926925,2.495242884100385,349,2,Dry,2021,2021-02,"{""type"":""MultiPoint"",""coordinates"":[]}"
VHI_M_2021-02_0000000000000000015d,0.49691525263236463,2.4342521011464107,350,2,Dry,2021,2021-02,"{""type"":""MultiPoint"",""coordinates"":[]}"
VHI_M_2021-02_00000000000000000008,0.4842222846499411,2.294155395399348,9,2,Dry,2021,2021-02,"{""type"":""MultiPoint"",""coordinates"":[]}"
VHI_M_2021-02_000000000000000000c2,0.4619368477714797,2.1986814712005547,195,2,Dry,2021,2021-02,"{""type"":""MultiPoint"",""coordinates"":[]}"
VHI_M_2021-02_000000000000000000c3,0.5143711668363671,2.6128746760107995,196,2,Dry,2021,2021-02,"{""type"":""MultiPoint"",""coordinates"":[]}"
VHI_M_2021-02_000000000000000000c4,0.5170067835667402,2.7342423036093426,197,2,Dry,2021,2021-02,"{""type"":""MultiPoint"",""coordinates"":[]}"
VHI_M_2021-02_000000000000000000c5,0.4992518857688836,2.4801078390709237,198,2,Dry,2021,2021-02,"{""type"":""MultiPoint"",""coordinates"":[]}"
VHI_M_2021-02_000000000000000000c6,0.523989866553109,2.71224335096628,199,2,Dry,2021,2021-02,"{""type"":""MultiPoint"",""coordinates"":[]}"
VHI_M_2021-02_000000000000000000c7,0.5081031401104376,2.6003500097224936,200,2,Dry,2021,2021-02,"{""type"":""MultiPoint"",""coordinates"":[]}"
VHI_M_2021-02_000000000000000000c8,0.4461885206480011,2.1075088839676575,201,2,Dry,2021,2021-02,"{""type"":""MultiPoint"",""coordinates"":[]}"
VHI_M_2021-02_000000000000000000c9,0.5040629594720739,2.5721729504987905,202,2,Dry,2021,2021-02,"{""type"":""MultiPoint"",""coordinates"":[]}"
VHI_M_2021-02_00000000000000000136,0.49355667137552545,2.4546124425418427,311,2,Dry,2021,2021-02,"{""type"":""MultiPoint"",""coordinates"":[]}"
VHI_M_2021-02_00000000000000000137,0.5041218273370824,2.597679257926851,312,2,Dry,2021,2021-02,"{""type"":""MultiPoint"",""coordinates"":[]}"
VHI_M_2021-02_00000000000000000138,0.4796665135222525,2.3343399230978377,313,2,Dry,2021,2021-02,"{""type"":""MultiPoint"",""coordinates"":[]}"
VHI_M_2021-02_00000000000000000139,0.4635638085484545,2.223041861045945,314,2,Dry,2021,2021-02,"{""type"":""MultiPoint"",""coordinates"":[]}"
VHI_M_2021-02_0000000000000000013a,0.5137864621918227,2.607722970957509,315,2,Dry,2021,2021-02,"{""type"":""MultiPoint"",""coordinates"":[]}"
VHI_M_2021-02_000000000000000001ef,0.4687727241925394,2.247742094094509,496,2,Dry,2021,2021-02,"{""type"":""MultiPoint"",""coordinates"":[]}"
VHI_M_2021-02_000000000000000001f0,0.5016585283521625,2.5292848578550466,497,2,Dry,2021,2021-02,"{""type"":""MultiPoint"",""coordinates"":[]}"
VHI_M_2021-02_00000000000000000081,0.4936450033967398,2.4346550915063356,130,2,Dry,2021,2021-02,"{""type"":""MultiPoint"",""coordinates"":[]}"
VHI_M_2021-02_000000000000000000a0,0.5495718054456444,2.814828123128518,161,2,Dry,2021,2021-02,"{""type"":""MultiPoint"",""coordinates"":[]}"
VHI_M_2021-02_000000000000000000a1,32.068485291374216,3.175315568022441,162,2,Dry,2021,2021-02,"{""type"":""MultiPoint"",""coordinates"":[]}"
VHI_M_2021-02_000000000000000000a2,8.783965678663314,3.514554162490477,163,2,Dry,2021,2021-02,"{""type"":""MultiPoint"",""coordinates"":[]}"
VHI_M_2021-02_000000000000000000a3,5.57382505829194,2.7547228469374243,164,2,Dry,2021,2021-02,"{""type"":""MultiPoint"",""coordinates"":[]}"
VHI_M_2021-02_000000000000000000a4,78.07679100018568,3.999333014340194,165,2,Dry,2021,2021-02,"{""type"":""MultiPoint"",""coordinates"":[]}"
VHI_M_2021-02_0000000000000000014f,0.46916919023840176,2.2038962101989035,336,2,Dry,2021,2021-02,"{""type"":""MultiPoint"",""coordinates"":[]}"
VHI_M_2021-02_00000000000000000150,0.4393695157524323,2.1265456029381764,337,2,Dry,2021,2021-02,"{""type"":""MultiPoint"",""coordinates"":[]}"
VHI_M_2021-02_00000000000000000151,2.184436533665939,2.7344102178812926,338,2,Dry,2021,2021-02,"{""type"":""MultiPoint"",""coordinates"":[]}"
VHI_M_2021-02_00000000000000000152,0.5106105157473977,2.577042131780939,339,2,Dry,2021,2021-02,"{""type"":""MultiPoint"",""coordinates"":[]}"
VHI_M_2021-02_00000000000000000153,0.4774628244253081,2.2985514754229017,340,2,Dry,2021,2021-02,"{""type"":""MultiPoint"",""coordinates"":[]}"
VHI_M_2021-02_00000000000000000171,0.44910425115360464,2.16730911041094,370,2,Dry,2021,2021-02,"{""type"":""MultiPoint"",""coordinates"":[]}"
VHI_M_2021-02_00000000000000000172,0.5032887139077649,2.4392161972014477,371,2,Dry,2021,2021-02,"{""type"":""MultiPoint"",""coordinates"":[]}"
VHI_M_2021-02_00000000000000000173,0.46896758247162423,2.2602577360591836,372,2,Dry,2021,2021-02,"{""type"":""MultiPoint"",""coordinates"":[]}"
VHI_M_2021-02_000000000000000001f1,0.5143175137635658,2.6179646850107754,498,2,Dry,2021,2021-02,"{""type"":""MultiPoint"",""coordinates"":[]}"
VHI_M_2021-02_000000000000000001f2,0.5392986199499998,2.761253943956765,499,2,Dry,2021,2021-02,"{""type"":""MultiPoint"",""coordinates"":[]}"
VHI_M_2021-02_000000000000000001f3,0.4407982323719034,2.164559709185612,500,2,Dry,2021,2021-02,"{""type"":""MultiPoint"",""coordinates"":[]}"
VHI_M_2021-02_00000000000000000092,0.5172943984854668,2.609773244369455,147,2,Dry,2021,2021-02,"{""type"":""MultiPoint"",""coordinates"":[]}"
VHI_M_2021-02_00000000000000000093,0.5175698707940142,2.6019962087508217,148,2,Dry,2021,2021-02,"{""type"":""MultiPoint"",""coordinates"":[]}"
VHI_M_2021-02_00000000000000000094,0.7093972698815783,2.6685830029531155,149,2,Dry,2021,2021-02,"{""type"":""MultiPoint"",""coordinates"":[]}"
VHI_M_2021-02_00000000000000000095,13.009558874958255,2.908353845939894,150,2,Dry,2021,2021-02,"{""type"":""MultiPoint"",""coordinates"":[]}"
VHI_M_2021-02_00000000000000000096,0.4796079739725541,2.4003020685573158,151,2,Dry,2021,2021-02,"{""type"":""MultiPoint"",""coordinates"":[]}"
VHI_M_2021-02_00000000000000000097,0.58149861832539,2.9037601257405385,152,2,Dry,2021,2021-02,"{""type"":""MultiPoint"",""coordinates"":[]}"
VHI_M_2021-02_00000000000000000098,0.5515307196400177,2.7817796610169494,153,2,Dry,2021,2021-02,"{""type"":""MultiPoint"",""coordinates"":[]}"
VHI_M_2021-02_000000000000000000a9,0.4861877251628669,2.441875131385327,170,2,Dry,2021,2021-02,"{""type"":""MultiPoint"",""coordinates"":[]}"
VHI_M_2021-02_0000000000000000017c,61.84276815132605,3.6784525909785515,381,2,Dry,2021,2021-02,"{""type"":""MultiPoint"",""coordinates"":[]}"
VHI_M_2021-02_0000000000000000017d,38.95793245987893,3.369315601340052,382,2,Dry,2021,2021-02,"{""type"":""MultiPoint"",""coordinates"":[]}"
VHI_M_2021-02_0000000000000000017e,11.714915578108359,3.443246026341576,383,2,Dry,2021,2021-02,"{""type"":""MultiPoint"",""coordinates"":[]}"
VHI_M_2021-02_000000000000000001ee,0.5798110042868452,3.004045775054906,495,2,Dry,2021,2021-02,"{""type"":""MultiPoint"",""coordinates"":[]}"
VHI_M_2021-02_0000000000000000020d,0.5700868021247356,2.982109808760025,526,2,Dry,2021,2021-02,"{""type"":""MultiPoint"",""coordinates"":[]}"
VHI_M_2021-02_0000000000000000020e,3.669762488736216,2.186408039505592,527,2,Dry,2021,2021-02,"{""type"":""MultiPoint"",""coordinates"":[]}"
VHI_M_2021-02_0000000000000000020f,0.410618340677029,1.9144093109486027,528,2,Dry,2021,2021-02,"{""type"":""MultiPoint"",""coordinates"":[]}"
VHI_M_2021-02_00000000000000000210,0.5047261206604935,2.509337575589897,529,2,Dry,2021,2021-02,"{""type"":""MultiPoint"",""coordinates"":[]}"
VHI_M_2021-02_00000000000000000211,11.885304658608995,2.940975837671872,530,2,Dry,2021,2021-02,"{""type"":""MultiPoint"",""coordinates"":[]}"
VHI_M_2021-02_00000000000000000058,0.4742377303276044,2.34246658081849,89,2,Dry,2021,2021-02,"{""type"":""MultiPoint"",""coordinates"":[]}"
VHI_M_2021-02_00000000000000000059,0.48388242982800656,2.3367237163814174,90,2,Dry,2021,2021-02,"{""type"":""MultiPoint"",""coordinates"":[]}"
VHI_M_2021-02_0000000000000000018b,0.35869542633986623,1.5450177564236476,396,2,Dry,2021,2021-02,"{""type"":""MultiPoint"",""coordinates"":[]}"
VHI_M_2021-02_0000000000000000018c,0.4915482304225195,2.4365103366518674,397,2,Dry,2021,2021-02,"{""type"":""MultiPoint"",""coordinates"":[]}"
VHI_M_2021-02_0000000000000000018d,0.4222835954337118,1.9861706788415416,398,2,Dry,2021,2021-02,"{""type"":""MultiPoint"",""coordinates"":[]}"
VHI_M_2021-02_0000000000000000018e,0.43773746232089705,2.076005642466497,399,2,Dry,2021,2021-02,"{""type"":""MultiPoint"",""coordinates"":[]}"
VHI_M_2021-02_00000000000000000036,0.47390210642184943,2.273283480625425,55,2,Dry,2021,2021-02,"{""type"":""MultiPoint"",""coordinates"":[]}"
VHI_M_2021-02_000000000000000000db,0.4415179459010702,2.104319299631,220,2,Dry,2021,2021-02,"{""type"":""MultiPoint"",""coordinates"":[]}"
VHI_M_2021-02_000000000000000000dc,0.4512390632247142,2.1814104624174235,221,2,Dry,2021,2021-02,"{""type"":""MultiPoint"",""coordinates"":[]}"
VHI_M_2021-02_000000000000000000dd,0.44540257449761345,2.1935630582247123,222,2,Dry,2021,2021-02,"{""type"":""MultiPoint"",""coordinates"":[]}"
VHI_M_2021-02_00000000000000000102,0.48678319904393413,2.433508633897882,259,2,Dry,2021,2021-02,"{""type"":""MultiPoint"",""coordinates"":[]}"
VHI_M_2021-02_00000000000000000103,0.47790748531034605,2.336870871475036,260,2,Dry,2021,2021-02,"{""type"":""MultiPoint"",""coordinates"":[]}"
VHI_M_2021-02_00000000000000000104,0.4374213789103725,2.120294345468629,261,2,Dry,2021,2021-02,"{""type"":""MultiPoint"",""coordinates"":[]}"
VHI_M_2021-02_00000000000000000105,0.37561154410663966,1.7143664245359158,262,2,Dry,2021,2021-02,"{""type"":""MultiPoint"",""coordinates"":[]}"
VHI_M_2021-02_0000000000000000000a,0.535533857348037,2.764455431946162,11,2,Dry,2021,2021-02,"{""type"":""MultiPoint"",""coordinates"":[]}"
VHI_M_2021-02_000000000000000000b1,0.4871244256485985,2.4240386260776177,178,2,Dry,2021,2021-02,"{""type"":""MultiPoint"",""coordinates"":[]}"
VHI_M_2021-02_000000000000000000b2,0.5035896417693575,2.53365068675425,179,2,Dry,2021,2021-02,"{""type"":""MultiPoint"",""coordinates"":[]}"
VHI_M_2021-02_000000000000000000b3,0.44636814563937094,2.132368482005848,180,2,Dry,2021,2021-02,"{""type"":""MultiPoint"",""coordinates"":[]}"
VHI_M_2021-02_000000000000000000ca,0.4680814760825557,2.221961703790543,203,2,Dry,2021,2021-02,"{""type"":""MultiPoint"",""coordinates"":[]}"
VHI_M_2021-02_000000000000000000d2,0.4962456985385921,2.478889390409037,211,2,Dry,2021,2021-02,"{""type"":""MultiPoint"",""coordinates"":[]}"
VHI_M_2021-02_000000000000000000d3,0.47987062489634863,2.348343775649286,212,2,Dry,2021,2021-02,"{""type"":""MultiPoint"",""coordinates"":[]}"
VHI_M_2021-02_000000000000000000d4,0.4898460402354666,2.444742832071565,213,2,Dry,2021,2021-02,"{""type"":""MultiPoint"",""coordinates"":[]}"
VHI_M_2021-02_000000000000000000d5,0.5783203388459282,2.9960695629800904,214,2,Dry,2021,2021-02,"{""type"":""MultiPoint"",""coordinates"":[]}"
VHI_M_2021-02_000000000000000000bc,0.5031930141191163,2.5298734989330383,189,2,Dry,2021,2021-02,"{""type"":""MultiPoint"",""coordinates"":[]}"
VHI_M_2021-02_000000000000000000bd,0.5050226324045265,2.531775147012108,190,2,Dry,2021,2021-02,"{""type"":""MultiPoint"",""coordinates"":[]}"
VHI_M_2021-02_000000000000000000be,0.5170964143942705,2.643738203632856,191,2,Dry,2021,2021-02,"{""type"":""MultiPoint"",""coordinates"":[]}"
VHI_M_2021-02_000000000000000000f1,0.525924612436435,2.7250566893424026,242,2,Dry,2021,2021-02,"{""type"":""MultiPoint"",""coordinates"":[]}"
VHI_M_2021-02_00000000000000000100,0.4580520887049965,2.199010865427619,257,2,Dry,2021,2021-02,"{""type"":""MultiPoint"",""coordinates"":[]}"
VHI_M_2021-02_00000000000000000101,0.5081711662904792,2.5706751203013636,258,2,Dry,2021,2021-02,"{""type"":""MultiPoint"",""coordinates"":[]}"
VHI_M_2021-02_0000000000000000012f,0.5169991909135613,2.615465388194178,304,2,Dry,2021,2021-02,"{""type"":""MultiPoint"",""coordinates"":[]}"
VHI_M_2021-02_00000000000000000130,0.5011896661752365,2.539038692862873,305,2,Dry,2021,2021-02,"{""type"":""MultiPoint"",""coordinates"":[]}"
VHI_M_2021-02_00000000000000000131,0.5101054647591033,2.554161918693142,306,2,Dry,2021,2021-02,"{""type"":""MultiPoint"",""coordinates"":[]}"
VHI_M_2021-02_00000000000000000065,0.5491164036491297,2.830333146125277,102,2,Dry,2021,2021-02,"{""type"":""MultiPoint"",""coordinates"":[]}"
VHI_M_2021-02_00000000000000000066,0.5134550654370266,2.5750759366964098,103,2,Dry,2021,2021-02,"{""type"":""MultiPoint"",""coordinates"":[]}"
VHI_M_2021-02_00000000000000000067,0.5288183471332203,2.717867198830102,104,2,Dry,2021,2021-02,"{""type"":""MultiPoint"",""coordinates"":[]}"
VHI_M_2021-02_00000000000000000068,0.5475412912959364,2.8396116214735563,105,2,Dry,2021,2021-02,"{""type"":""MultiPoint"",""coordinates"":[]}"
VHI_M_2021-02_00000000000000000109,0.4593201330381583,2.1785136518207926,266,2,Dry,2021,2021-02,"{""type"":""MultiPoint"",""coordinates"":[]}"
VHI_M_2021-02_000000000000000001c1,0.4666135242626543,2.3181861514506337,450,2,Dry,2021,2021-02,"{""type"":""MultiPoint"",""coordinates"":[]}"
VHI_M_2021-02_000000000000000001c2,0.49714306836230865,2.5104146260759923,451,2,Dry,2021,2021-02,"{""type"":""MultiPoint"",""coordinates"":[]}"
VHI_M_2021-02_00000000000000000113,0.40132765279424387,1.8040131940626718,276,2,Dry,2021,2021-02,"{""type"":""MultiPoint"",""coordinates"":[]}"
VHI_M_2021-02_00000000000000000114,0.4761170378128605,2.252304769523047,277,2,Dry,2021,2021-02,"{""type"":""MultiPoint"",""coordinates"":[]}"
VHI_M_2021-02_00000000000000000115,0.4787876346784054,2.311414950076459,278,2,Dry,2021,2021-02,"{""type"":""MultiPoint"",""coordinates"":[]}"
VHI_M_2021-02_00000000000000000116,0.5084812867785011,2.6215522010590377,279,2,Dry,2021,2021-02,"{""type"":""MultiPoint"",""coordinates"":[]}"
VHI_M_2021-02_00000000000000000117,0.4715401240333634,2.332978784418618,280,2,Dry,2021,2021-02,"{""type"":""MultiPoint"",""coordinates"":[]}"
VHI_M_2021-02_00000000000000000167,0.5407070775636175,2.9383063182269282,360,2,Dry,2021,2021-02,"{""type"":""MultiPoint"",""coordinates"":[]}"
VHI_M_2021-02_00000000000000000168,0.523303241733633,2.709580085491576,361,2,Dry,2021,2021-02,"{""type"":""MultiPoint"",""coordinates"":[]}"
VHI_M_2021-02_00000000000000000169,0.4597997114421562,2.262893857385373,362,2,Dry,2021,2021-02,"{""type"":""MultiPoint"",""coordinates"":[]}"
VHI_M_2021-02_0000000000000000016a,0.5101734723811121,2.638357092722125,363,2,Dry,2021,2021-02,"{""type"":""MultiPoint"",""coordinates"":[]}"
VHI_M_2021-02_0000000000000000016b,0.46301200762258626,2.182089872486513,364,2,Dry,2021,2021-02,"{""type"":""MultiPoint"",""coordinates"":[]}"
VHI_M_2021-02_0000000000000000016c,0.42951313598027147,2.0665492614978898,365,2,Dry,2021,2021-02,"{""type"":""MultiPoint"",""coordinates"":[]}"
VHI_M_2021-02_0000000000000000016d,0.5039301025893861,2.574952222758042,366,2,Dry,2021,2021-02,"{""type"":""MultiPoint"",""coordinates"":[]}"
VHI_M_2021-02_000000000000000000cb,0.5295029936716681,2.7492781520692966,204,2,Dry,2021,2021-02,"{""type"":""MultiPoint"",""coordinates"":[]}"
VHI_M_2021-02_000000000000000000eb,15.323940607473268,2.4756515728555333,236,2,Dry,2021,2021-02,"{""type"":""MultiPoint"",""coordinates"":[]}"
VHI_M_2021-02_000000000000000000ec,0.4416397367179688,2.166583371837547,237,2,Dry,2021,2021-02,"{""type"":""MultiPoint"",""coordinates"":[]}"
VHI_M_2021-02_000000000000000000ed,0.4621302368335212,2.263964325657423,238,2,Dry,2021,2021-02,"{""type"":""MultiPoint"",""coordinates"":[]}"
VHI_M_2021-02_000000000000000000ee,0.4546022623227367,2.3053107344632773,239,2,Dry,2021,2021-02,"{""type"":""MultiPoint"",""coordinates"":[]}"
VHI_M_2021-02_000000000000000000ef,0.4386908079268204,2.087402283013272,240,2,Dry,2021,2021-02,"{""type"":""MultiPoint"",""coordinates"":[]}"
VHI_M_2021-02_00000000000000000146,0.47908512192299346,2.359403191138863,327,2,Dry,2021,2021-02,"{""type"":""MultiPoint"",""coordinates"":[]}"
VHI_M_2021-02_00000000000000000147,8.437203172737467,2.3496484492265886,328,2,Dry,2021,2021-02,"{""type"":""MultiPoint"",""coordinates"":[]}"
VHI_M_2021-02_00000000000000000148,0.47205828747474343,2.3395369256905085,329,2,Dry,2021,2021-02,"{""type"":""MultiPoint"",""coordinates"":[]}"
VHI_M_2021-02_0000000000000000015e,0.47671888096264153,2.3263554453739967,351,2,Dry,2021,2021-02,"{""type"":""MultiPoint"",""coordinates"":[]}"
VHI_M_2021-02_0000000000000000015f,0.5003691492526607,2.4889689864142284,352,2,Dry,2021,2021-02,"{""type"":""MultiPoint"",""coordinates"":[]}"
VHI_M_2021-02_00000000000000000160,0.4523440656547636,2.163407186017802,353,2,Dry,2021,2021-02,"{""type"":""MultiPoint"",""coordinates"":[]}"
VHI_M_2021-02_00000000000000000161,0.44356051926921813,2.0109948761742102,354,2,Dry,2021,2021-02,"{""type"":""MultiPoint"",""coordinates"":[]}"
VHI_M_2021-02_00000000000000000162,4.45449609376762,2.6639597001675654,355,2,Dry,2021,2021-02,"{""type"":""MultiPoint"",""coordinates"":[]}"
VHI_M_2021-02_00000000000000000010,0.42799790265155363,2.1791807316850655,17,2,Dry,2021,2021-02,"{""type"":""MultiPoint"",""coordinates"":[]}"
VHI_M_2021-02_00000000000000000121,0.4528620316744241,2.181561200404631,290,2,Dry,2021,2021-02,"{""type"":""MultiPoint"",""coordinates"":[]}"
VHI_M_2021-02_00000000000000000122,0.5389594155025218,1.913582413970821,291,2,Dry,2021,2021-02,"{""type"":""MultiPoint"",""coordinates"":[]}"
VHI_M_2021-02_00000000000000000123,0.43443103966847263,2.0455962666076615,292,2,Dry,2021,2021-02,"{""type"":""MultiPoint"",""coordinates"":[]}"
VHI_M_2021-02_0000000000000000019a,0.43220740385326284,2.125627349974327,411,2,Dry,2021,2021-02,"{""type"":""MultiPoint"",""coordinates"":[]}"
VHI_M_2021-02_0000000000000000019b,0.4741276027608829,2.2927521569288696,412,2,Dry,2021,2021-02,"{""type"":""MultiPoint"",""coordinates"":[]}"
VHI_M_2021-02_0000000000000000019c,0.4469064772360863,2.117610183363226,413,2,Dry,2021,2021-02,"{""type"":""MultiPoint"",""coordinates"":[]}"
VHI_M_2021-02_0000000000000000019d,0.4647827035284576,2.262473812117657,414,2,Dry,2021,2021-02,"{""type"":""MultiPoint"",""coordinates"":[]}"
VHI_M_2021-02_0000000000000000019e,4.053766121477904,1.9665574894591724,415,2,Dry,2021,2021-02,"{""type"":""MultiPoint"",""coordinates"":[]}"
VHI_M_2021-02_0000000000000000019f,0.46522158766193034,2.257942222810391,416,2,Dry,2021,2021-02,"{""type"":""MultiPoint"",""coordinates"":[]}"
VHI_M_2021-02_00000000000000000216,0.506128581944211,2.596886654775417,535,2,Dry,2021,2021-02,"{""type"":""MultiPoint"",""coordinates"":[]}"
VHI_M_2021-02_00000000000000000217,0.4807017732341448,1.9996690203000886,536,2,Dry,2021,2021-02,"{""type"":""MultiPoint"",""coordinates"":[]}"
VHI_M_2021-02_00000000000000000218,0.48796171423255813,2.432463217845278,537,2,Dry,2021,2021-02,"{""type"":""MultiPoint"",""coordinates"":[]}"
VHI_M_2021-02_00000000000000000219,0.5045402153305415,2.538300111791741,538,2,Dry,2021,2021-02,"{""type"":""MultiPoint"",""coordinates"":[]}"
VHI_M_2021-02_0000000000000000021a,8.28325672201499,2.245337829530887,539,2,Dry,2021,2021-02,"{""type"":""MultiPoint"",""coordinates"":[]}"
VHI_M_2021-02_00000000000000000004,0.49016217832873726,2.39583096024604,5,2,Dry,2021,2021-02,"{""type"":""MultiPoint"",""coordinates"":[]}"
VHI_M_2021-02_00000000000000000028,0.4436143329976043,2.125922003046501,41,2,Dry,2021,2021-02,"{""type"":""MultiPoint"",""coordinates"":[]}"
VHI_M_2021-02_00000000000000000029,0.48085135654136973,2.397360520627084,42,2,Dry,2021,2021-02,"{""type"":""MultiPoint"",""coordinates"":[]}"
VHI_M_2021-02_0000000000000000002a,0.43873099339832783,2.1036555636132426,43,2,Dry,2021,2021-02,"{""type"":""MultiPoint"",""coordinates"":[]}"
VHI_M_2021-02_0000000000000000002b,0.4360530557146817,2.0685167104495323,44,2,Dry,2021,2021-02,"{""type"":""MultiPoint"",""coordinates"":[]}"
VHI_M_2021-02_000000000000000000a7,0.5428620181949105,2.781748254603355,168,2,Dry,2021,2021-02,"{""type"":""MultiPoint"",""coordinates"":[]}"
VHI_M_2021-02_000000000000000000a8,0.5391680843231843,2.774885639203854,169,2,Dry,2021,2021-02,"{""type"":""MultiPoint"",""coordinates"":[]}"
VHI_M_2021-02_0000000000000000000c,0.4635298601008141,2.193782406986264,13,2,Dry,2021,2021-02,"{""type"":""MultiPoint"",""coordinates"":[]}"
VHI_M_2021-02_00000000000000000060,0.3948020372961276,1.78451561328384,97,2,Dry,2021,2021-02,"{""type"":""MultiPoint"",""coordinates"":[]}"
VHI_M_2021-02_00000000000000000061,0.47837572360974373,2.3665421219598173,98,2,Dry,2021,2021-02,"{""type"":""MultiPoint"",""coordinates"":[]}"
VHI_M_2021-02_00000000000000000062,0.5306868350877272,2.7171654289959934,99,2,Dry,2021,2021-02,"{""type"":""MultiPoint"",""coordinates"":[]}"
VHI_M_2021-02_00000000000000000063,0.45660927686423053,2.212506184111559,100,2,Dry,2021,2021-02,"{""type"":""MultiPoint"",""coordinates"":[]}"
VHI_M_2021-02_00000000000000000064,0.4805307233693369,2.370298404358494,101,2,Dry,2021,2021-02,"{""type"":""MultiPoint"",""coordinates"":[]}"
VHI_M_2021-02_00000000000000000011,0.5295245321753403,2.768835806193439,18,2,Dry,2021,2021-02,"{""type"":""MultiPoint"",""coordinates"":[]}"
VHI_M_2021-02_00000000000000000033,0.46916176833673945,2.310061886365554,52,2,Dry,2021,2021-02,"{""type"":""MultiPoint"",""coordinates"":[]}"
VHI_M_2021-02_00000000000000000034,0.4413205210676856,2.1271400652442347,53,2,Dry,2021,2021-02,"{""type"":""MultiPoint"",""coordinates"":[]}"
VHI_M_2021-02_000000000000000001b3,0.4708811265660381,2.2764317451872875,436,2,Dry,2021,2021-02,"{""type"":""MultiPoint"",""coordinates"":[]}"
VHI_M_2021-02_000000000000000001b4,0.4448307226587866,2.142611247163242,437,2,Dry,2021,2021-02,"{""type"":""MultiPoint"",""coordinates"":[]}"
VHI_M_2021-02_000000000000000001b5,0.44981633632308615,2.1397417779702295,438,2,Dry,2021,2021-02,"{""type"":""MultiPoint"",""coordinates"":[]}"
VHI_M_2021-02_00000000000000000005,0.5164760459396194,2.600129463068954,6,2,Dry,2021,2021-02,"{""type"":""MultiPoint"",""coordinates"":[]}"
VHI_M_2021-02_00000000000000000082,0.6409135006361082,3.412368248095228,131,2,Dry,2021,2021-02,"{""type"":""MultiPoint"",""coordinates"":[]}"
VHI_M_2021-02_00000000000000000083,0.6191071227008059,3.2934930982469495,132,2,Dry,2021,2021-02,"{""type"":""MultiPoint"",""coordinates"":[]}"
VHI_M_2021-02_00000000000000000084,0.6787775474071923,3.6979449398991853,133,2,Dry,2021,2021-02,"{""type"":""MultiPoint"",""coordinates"":[]}"
VHI_M_2021-02_00000000000000000085,0.599001494926943,3.236855199867308,134,2,Dry,2021,2021-02,"{""type"":""MultiPoint"",""coordinates"":[]}"
VHI_M_2021-02_00000000000000000086,0.6671684575949411,3.659942350071723,135,2,Dry,2021,2021-02,"{""type"":""MultiPoint"",""coordinates"":[]}"
VHI_M_2021-02_00000000000000000087,0.5958144918741531,3.20095571294479,136,2,Dry,2021,2021-02,"{""type"":""MultiPoint"",""coordinates"":[]}"
VHI_M_2021-02_0000000000000000010c,0.5676690568286681,2.948341677348618,269,2,Dry,2021,2021-02,"{""type"":""MultiPoint"",""coordinates"":[]}"
VHI_M_2021-02_0000000000000000010d,0.5921753866899929,3.1003055712646668,270,2,Dry,2021,2021-02,"{""type"":""MultiPoint"",""coordinates"":[]}"
VHI_M_2021-02_0000000000000000010e,0.5320592674643954,2.738916057066645,271,2,Dry,2021,2021-02,"{""type"":""MultiPoint"",""coordinates"":[]}"
VHI_M_2021-02_0000000000000000010f,0.5371256644624486,2.7466333903389106,272,2,Dry,2021,2021-02,"{""type"":""MultiPoint"",""coordinates"":[]}"
VHI_M_2021-02_00000000000000000110,0.5595012175743568,2.910287295126325,273,2,Dry,2021,2021-02,"{""type"":""MultiPoint"",""coordinates"":[]}"
VHI_M_2021-02_00000000000000000111,0.5084815962099007,2.5699018557808233,274,2,Dry,2021,2021-02,"{""type"":""MultiPoint"",""coordinates"":[]}"
VHI_M_2021-02_000000000000000001d0,0.6193653532588894,3.2791028394178006,465,2,Dry,2021,2021-02,"{""type"":""MultiPoint"",""coordinates"":[]}"
VHI_M_2021-02_000000000000000001d1,0.6066460421589858,3.2345962528381027,466,2,Dry,2021,2021-02,"{""type"":""MultiPoint"",""coordinates"":[]}"
VHI_M_2021-02_00000000000000000009,0.4731024771634565,2.346007510009201,10,2,Dry,2021,2021-02,"{""type"":""MultiPoint"",""coordinates"":[]}"
VHI_M_2021-02_0000000000000000009e,0.4987129696624005,2.501810894166499,159,2,Dry,2021,2021-02,"{""type"":""MultiPoint"",""coordinates"":[]}"
VHI_M_2021-02_0000000000000000009f,0.5564266981365784,2.8835615479063867,160,2,Dry,2021,2021-02,"{""type"":""MultiPoint"",""coordinates"":[]}"
VHI_M_2021-02_00000000000000000154,0.5647990131886061,2.9368085381444216,341,2,Dry,2021,2021-02,"{""type"":""MultiPoint"",""coordinates"":[]}"
VHI_M_2021-02_00000000000000000155,0.4940959605578743,2.4697240807447383,342,2,Dry,2021,2021-02,"{""type"":""MultiPoint"",""coordinates"":[]}"
VHI_M_2021-02_00000000000000000156,0.45886147012265194,2.241412778216756,343,2,Dry,2021,2021-02,"{""type"":""MultiPoint"",""coordinates"":[]}"
VHI_M_2021-02_00000000000000000157,0.49430216984508574,2.4560608504546653,344,2,Dry,2021,2021-02,"{""type"":""MultiPoint"",""coordinates"":[]}"
VHI_M_2021-02_00000000000000000178,0.5813300544199261,3.0541244850776987,377,2,Dry,2021,2021-02,"{""type"":""MultiPoint"",""coordinates"":[]}"
VHI_M_2021-02_00000000000000000179,0.43321928475253757,2.045354113753869,378,2,Dry,2021,2021-02,"{""type"":""MultiPoint"",""coordinates"":[]}"
VHI_M_2021-02_0000000000000000017a,0.5394575184300255,2.7663263376118623,379,2,Dry,2021,2021-02,"{""type"":""MultiPoint"",""coordinates"":[]}"
VHI_M_2021-02_0000000000000000017b,0.3871581972515181,1.7090664458704201,380,2,Dry,2021,2021-02,"{""type"":""MultiPoint"",""coordinates"":[]}"
VHI_M_2021-02_0000000000000000000f,0.531069510850358,2.725350350350351,16,2,Dry,2021,2021-02,"{""type"":""MultiPoint"",""coordinates"":[]}"
VHI_M_2021-02_00000000000000000040,0.4372663036947723,2.0963993615331336,65,2,Dry,2021,2021-02,"{""type"":""MultiPoint"",""coordinates"":[]}"
VHI_M_2021-02_00000000000000000041,0.5344234931433759,2.742338532319409,66,2,Dry,2021,2021-02,"{""type"":""MultiPoint"",""coordinates"":[]}"
VHI_M_2021-02_00000000000000000042,0.515299559430461,2.5977016642921336,67,2,Dry,2021,2021-02,"{""type"":""MultiPoint"",""coordinates"":[]}"
VHI_M_2021-02_00000000000000000043,0.5041919349295209,2.5356711104094933,68,2,Dry,2021,2021-02,"{""type"":""MultiPoint"",""coordinates"":[]}"
VHI_M_2021-02_00000000000000000192,0.5723124613761151,2.984989917933549,403,2,Dry,2021,2021-02,"{""type"":""MultiPoint"",""coordinates"":[]}"
VHI_M_2021-02_00000000000000000193,0.5199057269425024,2.6369952479113437,404,2,Dry,2021,2021-02,"{""type"":""MultiPoint"",""coordinates"":[]}"
VHI_M_2021-02_00000000000000000194,0.5364145825312928,2.7673344718733066,405,2,Dry,2021,2021-02,"{""type"":""MultiPoint"",""coordinates"":[]}"
VHI_M_2021-02_000000000000000001d2,0.49835719801063555,2.450808196512664,467,2,Dry,2021,2021-02,"{""type"":""MultiPoint"",""coordinates"":[]}"
VHI_M_2021-02_000000000000000001d3,0.4936103218540906,2.465411994855724,468,2,Dry,2021,2021-02,"{""type"":""MultiPoint"",""coordinates"":[]}"
VHI_M_2021-02_000000000000000001d4,0.48197750643400766,2.386743440092055,469,2,Dry,2021,2021-02,"{""type"":""MultiPoint"",""coordinates"":[]}"
VHI_M_2021-02_000000000000000001d5,0.5114978489424001,2.5940276966207803,470,2,Dry,2021,2021-02,"{""type"":""MultiPoint"",""coordinates"":[]}"
VHI_M_2021-02_000000000000000001d6,0.50045389965869,2.503828944434939,471,2,Dry,2021,2021-02,"{""type"":""MultiPoint"",""coordinates"":[]}"
VHI_M_2021-02_000000000000000001d7,0.469876790544308,2.307167849870053,472,2,Dry,2021,2021-02,"{""type"":""MultiPoint"",""coordinates"":[]}"
VHI_M_2021-02_00000000000000000069,0.5723883454593219,2.9991751940954527,106,2,Dry,2021,2021-02,"{""type"":""MultiPoint"",""coordinates"":[]}"
VHI_M_2021-02_0000000000000000006a,0.5331397890123635,2.729996650664289,107,2,Dry,2021,2021-02,"{""type"":""MultiPoint"",""coordinates"":[]}"
VHI_M_2021-02_0000000000000000006b,0.5134413700758618,2.6240188949740606,108,2,Dry,2021,2021-02,"{""type"":""MultiPoint"",""coordinates"":[]}"
VHI_M_2021-02_0000000000000000006c,0.5578550335125381,2.902907152108727,109,2,Dry,2021,2021-02,"{""type"":""MultiPoint"",""coordinates"":[]}"
VHI_M_2021-02_0000000000000000006d,0.578751063455158,3.024243767620021,110,2,Dry,2021,2021-02,"{""type"":""MultiPoint"",""coordinates"":[]}"
VHI_M_2021-02_0000000000000000006e,0.5994863565908188,3.1281358983012684,111,2,Dry,2021,2021-02,"{""type"":""MultiPoint"",""coordinates"":[]}"
VHI_M_2021-02_0000000000000000006f,0.5601114472039641,2.9127902378843498,112,2,Dry,2021,2021-02,"{""type"":""MultiPoint"",""coordinates"":[]}"
VHI_M_2021-02_000000000000000000d6,0.48303459614274685,2.4377162629757785,215,2,Dry,2021,2021-02,"{""type"":""MultiPoint"",""coordinates"":[]}"
VHI_M_2021-02_0000000000000000013b,0.5591347526996087,2.9791766395404498,316,2,Dry,2021,2021-02,"{""type"":""MultiPoint"",""coordinates"":[]}"
VHI_M_2021-02_0000000000000000013c,0.5493549424599177,2.836751323234488,317,2,Dry,2021,2021-02,"{""type"":""MultiPoint"",""coordinates"":[]}"
VHI_M_2021-02_0000000000000000013d,0.5041215822150962,2.563982585683695,318,2,Dry,2021,2021-02,"{""type"":""MultiPoint"",""coordinates"":[]}"
VHI_M_2021-02_0000000000000000013e,0.44724811387051205,2.140538059203204,319,2,Dry,2021,2021-02,"{""type"":""MultiPoint"",""coordinates"":[]}"
VHI_M_2021-02_0000000000000000013f,0.448076938753456,2.1781959469754684,320,2,Dry,2021,2021-02,"{""type"":""MultiPoint"",""coordinates"":[]}"
VHI_M_2021-02_00000000000000000140,10.277845975607997,2.5506181123383107,321,2,Dry,2021,2021-02,"{""type"":""MultiPoint"",""coordinates"":[]}"
VHI_M_2021-02_000000000000000001bc,0.5106495941696437,2.6207813751287037,445,2,Dry,2021,2021-02,"{""type"":""MultiPoint"",""coordinates"":[]}"
VHI_M_2021-02_000000000000000001bd,0.5054222532108086,2.580584932494824,446,2,Dry,2021,2021-02,"{""type"":""MultiPoint"",""coordinates"":[]}"
VHI_M_2021-02_000000000000000001be,0.5235595213935804,2.6927487378401675,447,2,Dry,2021,2021-02,"{""type"":""MultiPoint"",""coordinates"":[]}"
VHI_M_2021-02_000000000000000001bf,0.5084342771196956,2.580946586559181,448,2,Dry,2021,2021-02,"{""type"":""MultiPoint"",""coordinates"":[]}"
VHI_M_2021-02_000000000000000001c0,0.47967147188956,2.3104474862136404,449,2,Dry,2021,2021-02,"{""type"":""MultiPoint"",""coordinates"":[]}"
VHI_M_2021-02_00000000000000000006,0.6186148051554211,3.3103356301400297,7,2,Dry,2021,2021-02,"{""type"":""MultiPoint"",""coordinates"":[]}"
VHI_M_2021-02_0000000000000000002c,0.5983885906312806,3.121575582843386,45,2,Dry,2021,2021-02,"{""type"":""MultiPoint"",""coordinates"":[]}"
VHI_M_2021-02_0000000000000000002d,0.5586285657259514,2.9038875760012854,46,2,Dry,2021,2021-02,"{""type"":""MultiPoint"",""coordinates"":[]}"
VHI_M_2021-02_0000000000000000002e,0.6168193439550198,3.2763541354545778,47,2,Dry,2021,2021-02,"{""type"":""MultiPoint"",""coordinates"":[]}"
VHI_M_2021-02_0000000000000000002f,0.5860501831125378,3.0472710308659483,48,2,Dry,2021,2021-02,"{""type"":""MultiPoint"",""coordinates"":[]}"
VHI_M_2021-02_0000000000000000009b,0.591508166229944,3.0963180060297724,156,2,Dry,2021,2021-02,"{""type"":""MultiPoint"",""coordinates"":[]}"
VHI_M_2021-02_0000000000000000009c,0.5432794473173029,2.854325408095317,157,2,Dry,2021,2021-02,"{""type"":""MultiPoint"",""coordinates"":[]}"
VHI_M_2021-02_0000000000000000009d,0.6146057543347567,3.2210660834091094,158,2,Dry,2021,2021-02,"{""type"":""MultiPoint"",""coordinates"":[]}"
VHI_M_2021-02_000000000000000001b6,0.6592923731745879,3.564291261417847,439,2,Dry,2021,2021-02,"{""type"":""MultiPoint"",""coordinates"":[]}"
VHI_M_2021-02_000000000000000001b7,0.5817618769493808,3.0607555716730586,440,2,Dry,2021,2021-02,"{""type"":""MultiPoint"",""coordinates"":[]}"
VHI_M_2021-02_000000000000000001b8,0.5926584945959134,3.1189620019475788,441,2,Dry,2021,2021-02,"{""type"":""MultiPoint"",""coordinates"":[]}"
VHI_M_2021-02_000000000000000001b9,0.5714584961127566,2.9754640828754084,442,2,Dry,2021,2021-02,"{""type"":""MultiPoint"",""coordinates"":[]}"
VHI_M_2021-02_000000000000000001ba,0.6040909676822902,3.1927955856559973,443,2,Dry,2021,2021-02,"{""type"":""MultiPoint"",""coordinates"":[]}"
VHI_M_2021-02_000000000000000001bb,0.623940966069519,3.3458376519779716,444,2,Dry,2021,2021-02,"{""type"":""MultiPoint"",""coordinates"":[]}"
VHI_M_2021-02_00000000000000000221,0.5391461287818264,2.794705424344666,546,2,Dry,2021,2021-02,"{""type"":""MultiPoint"",""coordinates"":[]}"
VHI_M_2021-02_00000000000000000222,0.5694802556692925,2.994726813249188,547,2,Dry,2021,2021-02,"{""type"":""MultiPoint"",""coordinates"":[]}"
VHI_M_2021-02_00000000000000000223,0.5557701045444393,2.902691602171992,548,2,Dry,2021,2021-02,"{""type"":""MultiPoint"",""coordinates"":[]}"
VHI_M_2021-02_00000000000000000224,0.5537743403422072,2.897447577296195,549,2,Dry,2021,2021-02,"{""type"":""MultiPoint"",""coordinates"":[]}"
VHI_M_2021-02_00000000000000000225,0.5464103667584351,2.799575671852901,550,2,Dry,2021,2021-02,"{""type"":""MultiPoint"",""coordinates"":[]}"
VHI_M_2021-02_00000000000000000053,0.4945602379257817,2.4726970886041224,84,2,Dry,2021,2021-02,"{""type"":""MultiPoint"",""coordinates"":[]}"
VHI_M_2021-02_00000000000000000054,0.5162942947715294,2.669950093370172,85,2,Dry,2021,2021-02,"{""type"":""MultiPoint"",""coordinates"":[]}"
VHI_M_2021-02_00000000000000000055,0.5124617654010962,2.4717842323651453,86,2,Dry,2021,2021-02,"{""type"":""MultiPoint"",""coordinates"":[]}"
VHI_M_2021-02_00000000000000000056,0.48514261843719825,2.3509296795821313,87,2,Dry,2021,2021-02,"{""type"":""MultiPoint"",""coordinates"":[]}"
VHI_M_2021-02_00000000000000000057,0.5209682582425634,2.67157561511327,88,2,Dry,2021,2021-02,"{""type"":""MultiPoint"",""coordinates"":[]}"
VHI_M_2021-02_000000000000000000de,0.5266960885405717,2.7153450644574844,223,2,Dry,2021,2021-02,"{""type"":""MultiPoint"",""coordinates"":[]}"
VHI_M_2021-02_000000000000000000df,26.53906334944768,3.1823376970791317,224,2,Dry,2021,2021-02,"{""type"":""MultiPoint"",""coordinates"":[]}"
VHI_M_2021-02_000000000000000000e0,3.8095499250649234,2.727567266329865,225,2,Dry,2021,2021-02,"{""type"":""MultiPoint"",""coordinates"":[]}"
VHI_M_2021-02_000000000000000000e1,8.08604333765808,2.99588125178986,226,2,Dry,2021,2021-02,"{""type"":""MultiPoint"",""coordinates"":[]}"
VHI_M_2021-02_000000000000000000ff,0.5200059193342077,2.629213941719044,256,2,Dry,2021,2021-02,"{""type"":""MultiPoint"",""coordinates"":[]}"
VHI_M_2021-02_0000000000000000011c,0.5273459961980318,2.7466872671089706,285,2,Dry,2021,2021-02,"{""type"":""MultiPoint"",""coordinates"":[]}"
VHI_M_2021-02_0000000000000000011d,0.49495506258098787,2.491576861627142,286,2,Dry,2021,2021-02,"{""type"":""MultiPoint"",""coordinates"":[]}"
VHI_M_2021-02_0000000000000000011e,0.5497203545945607,2.8609168101656666,287,2,Dry,2021,2021-02,"{""type"":""MultiPoint"",""coordinates"":[]}"
VHI_M_2021-02_0000000000000000011f,0.5429540392084691,2.7709275765677694,288,2,Dry,2021,2021-02,"{""type"":""MultiPoint"",""coordinates"":[]}"
VHI_M_2021-02_000000000000000001c4,8.702503581284217,2.546742687419779,453,2,Dry,2021,2021-02,"{""type"":""MultiPoint"",""coordinates"":[]}"
VHI_M_2021-02_000000000000000001c5,0.5436433928272334,2.83208455786074,454,2,Dry,2021,2021-02,"{""type"":""MultiPoint"",""coordinates"":[]}"
VHI_M_2021-02_000000000000000001c6,0.558055918293354,2.920763091581717,455,2,Dry,2021,2021-02,"{""type"":""MultiPoint"",""coordinates"":[]}"
VHI_M_2021-02_00000000000000000003,0.7852746135678531,3.2407829039344915,4,2,Dry,2021,2021-02,"{""type"":""MultiPoint"",""coordinates"":[]}"
VHI_M_2021-02_0000000000000000001b,12.155359932988107,2.4187943262411347,28,2,Dry,2021,2021-02,"{""type"":""MultiPoint"",""coordinates"":[]}"
VHI_M_2021-02_00000000000000000186,64.27511097442661,3.1741774853281166,391,2,Dry,2021,2021-02,"{""type"":""MultiPoint"",""coordinates"":[]}"
VHI_M_2021-02_00000000000000000187,0.45307208530605875,2.175130401268305,392,2,Dry,2021,2021-02,"{""type"":""MultiPoint"",""coordinates"":[]}"
VHI_M_2021-02_00000000000000000188,2.7281979512011603,2.399216410269535,393,2,Dry,2021,2021-02,"{""type"":""MultiPoint"",""coordinates"":[]}"
VHI_M_2021-02_00000000000000000189,3.5328870888361017,2.6462366115689058,394,2,Dry,2021,2021-02,"{""type"":""MultiPoint"",""coordinates"":[]}"
VHI_M_2021-02_0000000000000000018a,0.49007766625085364,2.444055127306703,395,2,Dry,2021,2021-02,"{""type"":""MultiPoint"",""coordinates"":[]}"
VHI_M_2021-02_0000000000000000018f,0.5542556010343778,2.9495207667731633,400,2,Dry,2021,2021-02,"{""type"":""MultiPoint"",""coordinates"":[]}"
VHI_M_2021-02_00000000000000000190,0.5191678533146633,2.5860618610068586,401,2,Dry,2021,2021-02,"{""type"":""MultiPoint"",""coordinates"":[]}"
VHI_M_2021-02_0000000000000000021e,0.5725203916062906,2.981938280524307,543,2,Dry,2021,2021-02,"{""type"":""MultiPoint"",""coordinates"":[]}"
VHI_M_2021-02_0000000000000000021f,0.6053877542314513,2.4429182204022397,544,2,Dry,2021,2021-02,"{""type"":""MultiPoint"",""coordinates"":[]}"
VHI_M_2021-02_00000000000000000220,0.5166529938560478,2.48855590265492,545,2,Dry,2021,2021-02,"{""type"":""MultiPoint"",""coordinates"":[]}"
VHI_M_2021-02_00000000000000000007,0.603833960889754,3.272750514878205,8,2,Dry,2021,2021-02,"{""type"":""MultiPoint"",""coordinates"":[]}"
VHI_M_2021-02_0000000000000000000b,0.59053802835099,3.0556957462148526,12,2,Dry,2021,2021-02,"{""type"":""MultiPoint"",""coordinates"":[]}"
VHI_M_2021-02_00000000000000000012,0.5137218904024943,2.6086834542738644,19,2,Dry,2021,2021-02,"{""type"":""MultiPoint"",""coordinates"":[]}"
VHI_M_2021-02_00000000000000000013,0.47660713931121435,2.382163250865233,20,2,Dry,2021,2021-02,"{""type"":""MultiPoint"",""coordinates"":[]}"
VHI_M_2021-02_00000000000000000014,0.41603874343629255,1.9391197569960585,21,2,Dry,2021,2021-02,"{""type"":""MultiPoint"",""coordinates"":[]}"
VHI_M_2021-02_00000000000000000015,0.4821205319819468,2.394057984022978,22,2,Dry,2021,2021-02,"{""type"":""MultiPoint"",""coordinates"":[]}"
VHI_M_2021-02_00000000000000000016,0.4836070414441388,2.431311066939164,23,2,Dry,2021,2021-02,"{""type"":""MultiPoint"",""coordinates"":[]}"
VHI_M_2021-02_00000000000000000183,0.4680224100409905,2.3103173394028085,388,2,Dry,2021,2021-02,"{""type"":""MultiPoint"",""coordinates"":[]}"
VHI_M_2021-02_00000000000000000184,0.5340724321922194,2.725941155806219,389,2,Dry,2021,2021-02,"{""type"":""MultiPoint"",""coordinates"":[]}"
VHI_M_2021-02_00000000000000000185,4.918241712321856,2.6825527408976146,390,2,Dry,2021,2021-02,"{""type"":""MultiPoint"",""coordinates"":[]}"
VHI_M_2021-02_00000000000000000212,0.48627551796161933,2.2610306223246623,531,2,Dry,2021,2021-02,"{""type"":""MultiPoint"",""coordinates"":[]}"
VHI_M_2021-02_00000000000000000213,0.6337427687874926,3.343548579207079,532,2,Dry,2021,2021-02,"{""type"":""MultiPoint"",""coordinates"":[]}"
VHI_M_2021-02_00000000000000000214,0.49921395214534475,2.4960013723300554,533,2,Dry,2021,2021-02,"{""type"":""MultiPoint"",""coordinates"":[]}"
VHI_M_2021-02_00000000000000000215,0.54208250319681,2.7867777326245293,534,2,Dry,2021,2021-02,"{""type"":""MultiPoint"",""coordinates"":[]}"
VHI_M_2021-02_0000000000000000005a,74.93339598207395,2.845169897198462,91,2,Dry,2021,2021-02,"{""type"":""MultiPoint"",""coordinates"":[]}"
VHI_M_2021-02_00000000000000000118,53.004268569235165,3.0252798409087505,281,2,Dry,2021,2021-02,"{""type"":""MultiPoint"",""coordinates"":[]}"
VHI_M_2021-02_00000000000000000119,8.259857088606594,2.0034692342155767,282,2,Dry,2021,2021-02,"{""type"":""MultiPoint"",""coordinates"":[]}"
VHI_M_2021-02_0000000000000000011a,3.816933493273548,2.943478651909703,283,2,Dry,2021,2021-02,"{""type"":""MultiPoint"",""coordinates"":[]}"
VHI_M_2021-02_0000000000000000011b,0.5370620163609782,2.713069157338096,284,2,Dry,2021,2021-02,"{""type"":""MultiPoint"",""coordinates"":[]}"
VHI_M_2021-02_00000000000000000141,10.11729954374366,2.6553756232286654,322,2,Dry,2021,2021-02,"{""type"":""MultiPoint"",""coordinates"":[]}"
VHI_M_2021-02_00000000000000000142,54.274426082954754,3.433794200921733,323,2,Dry,2021,2021-02,"{""type"":""MultiPoint"",""coordinates"":[]}"
VHI_M_2021-02_00000000000000000143,13.63514894240527,2.805805577328767,324,2,Dry,2021,2021-02,"{""type"":""MultiPoint"",""coordinates"":[]}"
VHI_M_2021-02_00000000000000000144,48.89179854403765,3.5590482276245665,325,2,Dry,2021,2021-02,"{""type"":""MultiPoint"",""coordinates"":[]}"
VHI_M_2021-02_00000000000000000145,35.08782289762972,3.3582463027842686,326,2,Dry,2021,2021-02,"{""type"":""MultiPoint"",""coordinates"":[]}"
VHI_M_2021-02_000000000000000001af,85.71438640654542,2.4924143242202534,432,2,Dry,2021,2021-02,"{""type"":""MultiPoint"",""coordinates"":[]}"
VHI_M_2021-02_0000000000000000004b,0.6342806606750886,3.404484897419899,76,2,Dry,2021,2021-02,"{""type"":""MultiPoint"",""coordinates"":[]}"
VHI_M_2021-02_0000000000000000004c,0.6174969124566803,3.2914123993986024,77,2,Dry,2021,2021-02,"{""type"":""MultiPoint"",""coordinates"":[]}"
VHI_M_2021-02_0000000000000000004d,0.5707975960710082,2.993542254033574,78,2,Dry,2021,2021-02,"{""type"":""MultiPoint"",""coordinates"":[]}"
VHI_M_2021-02_0000000000000000004e,0.5295478020043949,2.735551662076561,79,2,Dry,2021,2021-02,"{""type"":""MultiPoint"",""coordinates"":[]}"
VHI_M_2021-02_0000000000000000004f,0.5161210762685693,2.6677126609132764,80,2,Dry,2021,2021-02,"{""type"":""MultiPoint"",""coordinates"":[]}"
VHI_M_2021-02_00000000000000000050,0.6999706513960999,4.0,81,2,Dry,2021,2021-02,"{""type"":""MultiPoint"",""coordinates"":[]}"
VHI_M_2021-02_00000000000000000051,0.5525221927942605,2.9604221635883907,82,2,Dry,2021,2021-02,"{""type"":""MultiPoint"",""coordinates"":[]}"
VHI_M_2021-02_00000000000000000052,0.41233221347054155,1.9441438806843112,83,2,Dry,2021,2021-02,"{""type"":""MultiPoint"",""coordinates"":[]}"
VHI_M_2021-02_000000000000000000aa,0.4829961284713254,2.2637697204539164,171,2,Dry,2021,2021-02,"{""type"":""MultiPoint"",""coordinates"":[]}"
VHI_M_2021-02_000000000000000000ab,0.5257176958752243,2.703801038509686,172,2,Dry,2021,2021-02,"{""type"":""MultiPoint"",""coordinates"":[]}"
VHI_M_2021-02_000000000000000000ac,0.4809089590518639,2.396780815082439,173,2,Dry,2021,2021-02,"{""type"":""MultiPoint"",""coordinates"":[]}"
VHI_M_2021-02_000000000000000000ad,0.49614172899684705,2.491372694711446,174,2,Dry,2021,2021-02,"{""type"":""MultiPoint"",""coordinates"":[]}"
VHI_M_2021-02_000000000000000000ae,0.3201553096391626,1.2398295766904899,175,2,Dry,2021,2021-02,"{""type"":""MultiPoint"",""coordinates"":[]}"
VHI_M_2021-02_000000000000000000af,0.33800325062726316,1.508328045685279,176,2,Dry,2021,2021-02,"{""type"":""MultiPoint"",""coordinates"":[]}"
VHI_M_2021-02_000000000000000000b0,0.5100402416952667,2.354110777970649,177,2,Dry,2021,2021-02,"{""type"":""MultiPoint"",""coordinates"":[]}"
VHI_M_2021-02_000000000000000001c7,0.4480726436491156,2.089448974549048,456,2,Dry,2021,2021-02,"{""type"":""MultiPoint"",""coordinates"":[]}"
VHI_M_2021-02_000000000000000001c8,0.587928002114817,3.0790168955724018,457,2,Dry,2021,2021-02,"{""type"":""MultiPoint"",""coordinates"":[]}"
VHI_M_2021-02_000000000000000001c9,0.5437089062164138,2.7895482782224565,458,2,Dry,2021,2021-02,"{""type"":""MultiPoint"",""coordinates"":[]}"
VHI_M_2021-02_000000000000000001ca,0.6517154285679608,3.5074367873078818,459,2,Dry,2021,2021-02,"{""type"":""MultiPoint"",""coordinates"":[]}"
VHI_M_2021-02_0000000000000000020a,0.6098242390480245,3.2174962916968513,523,2,Dry,2021,2021-02,"{""type"":""MultiPoint"",""coordinates"":[]}"
VHI_M_2021-02_0000000000000000020b,0.8533339746942076,2.3776123519356056,524,2,Dry,2021,2021-02,"{""type"":""MultiPoint"",""coordinates"":[]}"
VHI_M_2021-02_0000000000000000020c,0.5133283348112654,2.6008678654650605,525,2,Dry,2021,2021-02,"{""type"":""MultiPoint"",""coordinates"":[]}"
VHI_M_2021-02_000000000000000001ab,0.5141875227020772,2.64955721778007,428,2,Dry,2021,2021-02,"{""type"":""MultiPoint"",""coordinates"":[]}"
VHI_M_2021-02_000000000000000001ac,0.5230532808303024,2.6874960151996246,429,2,Dry,2021,2021-02,"{""type"":""MultiPoint"",""coordinates"":[]}"
VHI_M_2021-02_000000000000000001ad,8.092868883735438,3.0284060206731858,430,2,Dry,2021,2021-02,"{""type"":""MultiPoint"",""coordinates"":[]}"
VHI_M_2021-02_000000000000000001ae,45.474343893830465,3.049729670887913,431,2,Dry,2021,2021-02,"{""type"":""MultiPoint"",""coordinates"":[]}"
VHI_M_2021-02_000000000000000001c3,39.02584541748178,2.925951202866406,452,2,Dry,2021,2021-02,"{""type"":""MultiPoint"",""coordinates"":[]}"
VHI_M_2021-02_00000000000000000037,0.4914156305555811,2.460968951396926,56,2,Dry,2021,2021-02,"{""type"":""MultiPoint"",""coordinates"":[]}"
VHI_M_2021-02_00000000000000000038,0.5777976018445758,3.0268659202589028,57,2,Dry,2021,2021-02,"{""type"":""MultiPoint"",""coordinates"":[]}"
VHI_M_2021-02_00000000000000000039,0.5367792954262284,2.6984134118387346,58,2,Dry,2021,2021-02,"{""type"":""MultiPoint"",""coordinates"":[]}"
VHI_M_2021-02_0000000000000000003a,0.4789937167311573,2.374050499101467,59,2,Dry,2021,2021-02,"{""type"":""MultiPoint"",""coordinates"":[]}"
VHI_M_2021-02_0000000000000000003b,0.4360915822135199,2.08208322089278,60,2,Dry,2021,2021-02,"{""type"":""MultiPoint"",""coordinates"":[]}"
VHI_M_2021-02_0000000000000000003c,0.5300546985141679,2.7374032336194047,61,2,Dry,2021,2021-02,"{""type"":""MultiPoint"",""coordinates"":[]}"
VHI_M_2021-02_0000000000000000003d,0.6020344917349165,3.1157719912213064,62,2,Dry,2021,2021-02,"{""type"":""MultiPoint"",""coordinates"":[]}"
VHI_M_2021-02_0000000000000000003e,10.428623384106414,2.64302020939537,63,2,Dry,2021,2021-02,"{""type"":""MultiPoint"",""coordinates"":[]}"
VHI_M_2021-02_0000000000000000003f,0.5630718514045835,2.91364224099757,64,2,Dry,2021,2021-02,"{""type"":""MultiPoint"",""coordinates"":[]}"
VHI_M_2021-02_00000000000000000044,0.5293836338073138,2.899450640918927,69,2,Dry,2021,2021-02,"{""type"":""MultiPoint"",""coordinates"":[]}"
VHI_M_2021-02_00000000000000000076,0.4864694081779404,2.4053401971735227,119,2,Dry,2021,2021-02,"{""type"":""MultiPoint"",""coordinates"":[]}"
VHI_M_2021-02_00000000000000000077,5.911225834806302,3.2046018930957714,120,2,Dry,2021,2021-02,"{""type"":""MultiPoint"",""coordinates"":[]}"
VHI_M_2021-02_00000000000000000078,0.5188043687534077,2.656618824569913,121,2,Dry,2021,2021-02,"{""type"":""MultiPoint"",""coordinates"":[]}"
VHI_M_2021-02_00000000000000000079,0.43378031039283255,2.089838556505223,122,2,Dry,2021,2021-02,"{""type"":""MultiPoint"",""coordinates"":[]}"
VHI_M_2021-02_0000000000000000008b,0.41995103434244424,1.91094688221709,140,2,Dry,2021,2021-02,"{""type"":""MultiPoint"",""coordinates"":[]}"
VHI_M_2021-02_0000000000000000008c,1.7029654193352135,3.6870388231056137,141,2,Dry,2021,2021-02,"{""type"":""MultiPoint"",""coordinates"":[]}"
VHI_M_2021-02_0000000000000000008d,10.068155689613864,3.765700082850043,142,2,Dry,2021,2021-02,"{""type"":""MultiPoint"",""coordinates"":[]}"
VHI_M_2021-02_0000000000000000008e,0.7393371392070754,4.1201291103490005,143,2,Dry,2021,2021-02,"{""type"":""MultiPoint"",""coordinates"":[]}"
VHI_M_2021-02_0000000000000000008f,0.7681167906195648,4.333841463414633,144,2,Dry,2021,2021-02,"{""type"":""MultiPoint"",""coordinates"":[]}"
VHI_M_2021-02_00000000000000000090,0.7068088106923731,3.8956903561554705,145,2,Dry,2021,2021-02,"{""type"":""MultiPoint"",""coordinates"":[]}"
VHI_M_2021-02_00000000000000000091,0.7219187672199483,3.9775370474582625,146,2,Dry,2021,2021-02,"{""type"":""MultiPoint"",""coordinates"":[]}"
VHI_M_2021-02_000000000000000000b5,36.25417524630434,3.780692945016319,182,2,Dry,2021,2021-02,"{""type"":""MultiPoint"",""coordinates"":[]}"
VHI_M_2021-02_000000000000000000cc,9.046913612705795,3.7179800811779042,205,2,Dry,2021,2021-02,"{""type"":""MultiPoint"",""coordinates"":[]}"
VHI_M_2021-02_000000000000000000cd,0.9335803883592669,3.51329839238405,206,2,Dry,2021,2021-02,"{""type"":""MultiPoint"",""coordinates"":[]}"
VHI_M_2021-02_000000000000000001dd,0.7019612790405092,3.8910637621243445,478,2,Dry,2021,2021-02,"{""type"":""MultiPoint"",""coordinates"":[]}"
VHI_M_2021-02_000000000000000001de,0.7402191492551161,4.114822694036263,479,2,Dry,2021,2021-02,"{""type"":""MultiPoint"",""coordinates"":[]}"
VHI_M_2021-02_000000000000000001df,0.6845592926009241,3.7543725349886006,480,2,Dry,2021,2021-02,"{""type"":""MultiPoint"",""coordinates"":[]}"
VHI_M_2021-02_000000000000000001e0,0.7935896307361375,4.425651611732415,481,2,Dry,2021,2021-02,"{""type"":""MultiPoint"",""coordinates"":[]}"
VHI_M_2021-02_000000000000000001e1,0.8107422502768075,4.564970037169082,482,2,Dry,2021,2021-02,"{""type"":""MultiPoint"",""coordinates"":[]}"
VHI_M_2021-02_0000000000000000007a,0.6636508374332512,3.593010669553116,123,2,Dry,2021,2021-02,"{""type"":""MultiPoint"",""coordinates"":[]}"
VHI_M_2021-02_0000000000000000007b,0.6342131543047502,3.4282839344635345,124,2,Dry,2021,2021-02,"{""type"":""MultiPoint"",""coordinates"":[]}"
VHI_M_2021-02_0000000000000000007c,0.6623786628472429,3.5828324517216217,125,2,Dry,2021,2021-02,"{""type"":""MultiPoint"",""coordinates"":[]}"
VHI_M_2021-02_0000000000000000007d,0.668370456552084,3.640817913188978,126,2,Dry,2021,2021-02,"{""type"":""MultiPoint"",""coordinates"":[]}"
VHI_M_2021-02_0000000000000000007e,19.543246807074585,3.6355452572143863,127,2,Dry,2021,2021-02,"{""type"":""MultiPoint"",""coordinates"":[]}"
VHI_M_2021-02_0000000000000000007f,14.07485618707171,3.80850000827171,128,2,Dry,2021,2021-02,"{""type"":""MultiPoint"",""coordinates"":[]}"
VHI_M_2021-02_00000000000000000080,0.6705975812546,3.62924791086351,129,2,Dry,2021,2021-02,"{""type"":""MultiPoint"",""coordinates"":[]}"
VHI_M_2021-02_00000000000000000088,4.669830904222416,3.515411867394616,137,2,Dry,2021,2021-02,"{""type"":""MultiPoint"",""coordinates"":[]}"
VHI_M_2021-02_00000000000000000089,0.7097694332006358,3.9160305343511443,138,2,Dry,2021,2021-02,"{""type"":""MultiPoint"",""coordinates"":[]}"
VHI_M_2021-02_0000000000000000008a,0.6736683849253414,3.6363714688013857,139,2,Dry,2021,2021-02,"{""type"":""MultiPoint"",""coordinates"":[]}"
VHI_M_2021-02_00000000000000000099,0.6740559898555993,3.6542507059752083,154,2,Dry,2021,2021-02,"{""type"":""MultiPoint"",""coordinates"":[]}"
VHI_M_2021-02_0000000000000000009a,2.902712398341979,3.3977075799958993,155,2,Dry,2021,2021-02,"{""type"":""MultiPoint"",""coordinates"":[]}"
VHI_M_2021-02_00000000000000000112,0.7385809601554482,4.125500973319594,275,2,Dry,2021,2021-02,"{""type"":""MultiPoint"",""coordinates"":[]}"
VHI_M_2021-02_000000000000000001d8,0.6147461318146744,3.302280167710069,473,2,Dry,2021,2021-02,"{""type"":""MultiPoint"",""coordinates"":[]}"
VHI_M_2021-02_00000000000000000001,0.5315353045967744,2.7188888888888885,2,2,Dry,2021,2021-02,"{""type"":""MultiPoint"",""coordinates"":[]}"
VHI_M_2021-02_00000000000000000030,0.41143335524678015,1.906821179674775,49,2,Dry,2021,2021-02,"{""type"":""MultiPoint"",""coordinates"":[]}"
VHI_M_2021-02_00000000000000000031,0.3938344782005823,1.7626815288558735,50,2,Dry,2021,2021-02,"{""type"":""MultiPoint"",""coordinates"":[]}"
VHI_M_2021-02_00000000000000000032,0.45839451962718886,2.2134804021327694,51,2,Dry,2021,2021-02,"{""type"":""MultiPoint"",""coordinates"":[]}"
VHI_M_2021-02_000000000000000000d7,0.4353597099906178,2.062153951303935,216,2,Dry,2021,2021-02,"{""type"":""MultiPoint"",""coordinates"":[]}"
VHI_M_2021-02_000000000000000000d8,0.4098439006488922,1.9031888378503379,217,2,Dry,2021,2021-02,"{""type"":""MultiPoint"",""coordinates"":[]}"
VHI_M_2021-02_000000000000000000d9,0.42949023793423236,2.0176050366241594,218,2,Dry,2021,2021-02,"{""type"":""MultiPoint"",""coordinates"":[]}"
VHI_M_2021-02_000000000000000000da,0.41559156638297706,1.9463135905627929,219,2,Dry,2021,2021-02,"{""type"":""MultiPoint"",""coordinates"":[]}"
VHI_M_2021-02_00000000000000000132,0.44089243804495243,2.103891734505538,307,2,Dry,2021,2021-02,"{""type"":""MultiPoint"",""coordinates"":[]}"
VHI_M_2021-02_00000000000000000133,81.73400902909573,3.5479483369527958,308,2,Dry,2021,2021-02,"{""type"":""MultiPoint"",""coordinates"":[]}"
VHI_M_2021-02_00000000000000000134,0.4295798214404496,2.043695922242957,309,2,Dry,2021,2021-02,"{""type"":""MultiPoint"",""coordinates"":[]}"
VHI_M_2021-02_00000000000000000135,24.590786729276537,2.817920549410901,310,2,Dry,2021,2021-02,"{""type"":""MultiPoint"",""coordinates"":[]}"
VHI_M_2021-02_0000000000000000001f,0.40147802685171347,1.8304319935395534,32,2,Dry,2021,2021-02,"{""type"":""MultiPoint"",""coordinates"":[]}"
VHI_M_2021-02_00000000000000000020,0.44917741629516017,2.181358127251423,33,2,Dry,2021,2021-02,"{""type"":""MultiPoint"",""coordinates"":[]}"
VHI_M_2021-02_00000000000000000021,0.3958858200585537,1.7779372975860572,34,2,Dry,2021,2021-02,"{""type"":""MultiPoint"",""coordinates"":[]}"
VHI_M_2021-02_00000000000000000045,0.3831378952364466,1.7157167128528905,70,2,Dry,2021,2021-02,"{""type"":""MultiPoint"",""coordinates"":[]}"
VHI_M_2021-02_00000000000000000046,0.3817927243913092,1.710138438948212,71,2,Dry,2021,2021-02,"{""type"":""MultiPoint"",""coordinates"":[]}"
VHI_M_2021-02_00000000000000000047,0.37547235138353824,1.6571568598521234,72,2,Dry,2021,2021-02,"{""type"":""MultiPoint"",""coordinates"":[]}"
VHI_M_2021-02_00000000000000000048,0.3777623918927723,1.6907090136005445,73,2,Dry,2021,2021-02,"{""type"":""MultiPoint"",""coordinates"":[]}"
VHI_M_2021-02_00000000000000000072,0.4010152924208436,1.8149944601152492,115,2,Dry,2021,2021-02,"{""type"":""MultiPoint"",""coordinates"":[]}"
VHI_M_2021-02_00000000000000000073,0.4691691266394291,2.2835430982799894,116,2,Dry,2021,2021-02,"{""type"":""MultiPoint"",""coordinates"":[]}"
VHI_M_2021-02_00000000000000000074,0.4401831162172151,2.094838566215739,117,2,Dry,2021,2021-02,"{""type"":""MultiPoint"",""coordinates"":[]}"
VHI_M_2021-02_00000000000000000075,0.42423790966850444,2.0077098578586092,118,2,Dry,2021,2021-02,"{""type"":""MultiPoint"",""coordinates"":[]}"
VHI_M_2021-02_000000000000000000b4,0.45447354391532757,2.16738733116391,181,2,Dry,2021,2021-02,"{""type"":""MultiPoint"",""coordinates"":[]}"
VHI_M_2021-02_000000000000000000e8,0.4516155197329766,2.333645018701122,233,2,Dry,2021,2021-02,"{""type"":""MultiPoint"",""coordinates"":[]}"
VHI_M_2021-02_000000000000000000e9,0.40873075610930476,1.893010521672669,234,2,Dry,2021,2021-02,"{""type"":""MultiPoint"",""coordinates"":[]}"
VHI_M_2021-02_000000000000000000ea,0.391569690901891,1.7683416707623751,235,2,Dry,2021,2021-02,"{""type"":""MultiPoint"",""coordinates"":[]}"
VHI_M_2021-02_00000000000000000022,0.5233344741536411,2.6694161560673297,35,2,Dry,2021,2021-02,"{""type"":""MultiPoint"",""coordinates"":[]}"
VHI_M_2021-02_00000000000000000023,0.49723787980362155,2.4851098959188596,36,2,Dry,2021,2021-02,"{""type"":""MultiPoint"",""coordinates"":[]}"
VHI_M_2021-02_00000000000000000024,0.5016983481996529,2.5597005005054525,37,2,Dry,2021,2021-02,"{""type"":""MultiPoint"",""coordinates"":[]}"
VHI_M_2021-02_00000000000000000025,0.44858968008271205,2.1471183437826937,38,2,Dry,2021,2021-02,"{""type"":""MultiPoint"",""coordinates"":[]}"
VHI_M_2021-02_000000000000000000f0,0.5170726478664348,2.5431833307735627,241,2,Dry,2021,2021-02,"{""type"":""MultiPoint"",""coordinates"":[]}"
VHI_M_2021-02_000000000000000000f4,0.408855409573726,1.8945599443138317,245,2,Dry,2021,2021-02,"{""type"":""MultiPoint"",""coordinates"":[]}"
VHI_M_2021-02_000000000000000000f5,0.4368494727364742,2.088066702747858,246,2,Dry,2021,2021-02,"{""type"":""MultiPoint"",""coordinates"":[]}"
VHI_M_2021-02_000000000000000000f6,0.47086983706191576,2.317709795975524,247,2,Dry,2021,2021-02,"{""type"":""MultiPoint"",""coordinates"":[]}"
VHI_M_2021-02_000000000000000000f7,0.4735807842156537,2.35800555636789,248,2,Dry,2021,2021-02,"{""type"":""MultiPoint"",""coordinates"":[]}"
VHI_M_2021-02_000000000000000000f8,0.4369484456844394,2.069560666798765,249,2,Dry,2021,2021-02,"{""type"":""MultiPoint"",""coordinates"":[]}"
VHI_M_2021-02_00000000000000000000,0.46916913293325907,2.2321562586404395,1,2,Dry,2021,2021-02,"{""type"":""MultiPoint"",""coordinates"":[]}"
VHI_M_2021-02_000000000000000000f2,0.4395059015997762,2.0946687135999222,243,2,Dry,2021,2021-02,"{""type"":""MultiPoint"",""coordinates"":[]}"
VHI_M_2021-02_000000000000000000f3,0.3959619689885435,1.8135189941642016,244,2,Dry,2021,2021-02,"{""type"":""MultiPoint"",""coordinates"":[]}"
VHI_M_2021-02_00000000000000000106,0.4895736276446307,2.4392263460533194,263,2,Dry,2021,2021-02,"{""type"":""MultiPoint"",""coordinates"":[]}"
VHI_M_2021-02_00000000000000000107,0.4169885364330204,1.956028706734045,264,2,Dry,2021,2021-02,"{""type"":""MultiPoint"",""coordinates"":[]}"
VHI_M_2021-02_00000000000000000108,0.47486442804667595,2.3396810324256636,265,2,Dry,2021,2021-02,"{""type"":""MultiPoint"",""coordinates"":[]}"
VHI_M_2021-02_0000000000000000012c,0.47106679184670514,2.3149107377548823,301,2,Dry,2021,2021-02,"{""type"":""MultiPoint"",""coordinates"":[]}"
VHI_M_2021-02_0000000000000000012d,0.4657372047981088,2.282263441013575,302,2,Dry,2021,2021-02,"{""type"":""MultiPoint"",""coordinates"":[]}"
VHI_M_2021-02_0000000000000000012e,0.48730899390446997,2.3988756656007046,303,2,Dry,2021,2021-02,"{""type"":""MultiPoint"",""coordinates"":[]}"
VHI_M_2021-02_000000000000000000a5,0.47252008747311447,2.30930037614186,166,2,Dry,2021,2021-02,"{""type"":""MultiPoint"",""coordinates"":[]}"
VHI_M_2021-02_000000000000000000a6,0.4251100656016276,2.033879500419135,167,2,Dry,2021,2021-02,"{""type"":""MultiPoint"",""coordinates"":[]}"
VHI_M_2021-02_000000000000000000c1,45.864854151628876,2.9579412158244502,194,2,Dry,2021,2021-02,"{""type"":""MultiPoint"",""coordinates"":[]}"
VHI_M_2021-02_00000000000000000120,2.818719940567559,3.2207883898803686,289,2,Dry,2021,2021-02,"{""type"":""MultiPoint"",""coordinates"":[]}"
VHI_M_2021-02_000000000000000001d9,5.556222278128314,2.6595885451126073,474,2,Dry,2021,2021-02,"{""type"":""MultiPoint"",""coordinates"":[]}"
VHI_M_2021-02_000000000000000001da,0.4909452506713649,2.491756622488675,475,2,Dry,2021,2021-02,"{""type"":""MultiPoint"",""coordinates"":[]}"
VHI_M_2021-02_000000000000000001db,0.4421553328089555,2.0984308312714277,476,2,Dry,2021,2021-02,"{""type"":""MultiPoint"",""coordinates"":[]}"
VHI_M_2021-02_000000000000000001dc,0.41722396312124915,2.1888913707095528,477,2,Dry,2021,2021-02,"{""type"":""MultiPoint"",""coordinates"":[]}"
VHI_M_2021-02_000000000000000001e2,54.652335595735416,3.183200538660083,483,2,Dry,2021,2021-02,"{""type"":""MultiPoint"",""coordinates"":[]}"
VHI_M_2021-02_000000000000000001e3,4.583887180756138,2.8491111599912,484,2,Dry,2021,2021-02,"{""type"":""MultiPoint"",""coordinates"":[]}"
VHI_M_2021-02_000000000000000001e4,80.54860463913363,3.4363686231486565,485,2,Dry,2021,2021-02,"{""type"":""MultiPoint"",""coordinates"":[]}"
VHI_M_2021-02_000000000000000001e5,26.633421004970057,3.044615384615386,486,2,Dry,2021,2021-02,"{""type"":""MultiPoint"",""coordinates"":[]}"
VHI_M_2021-02_000000000000000001e6,1.1717637101169116,3.1065845283781064,487,2,Dry,2021,2021-02,"{""type"":""MultiPoint"",""coordinates"":[]}"
VHI_M_2021-02_000000000000000001e7,16.036347060060677,2.8714506245029705,488,2,Dry,2021,2021-02,"{""type"":""MultiPoint"",""coordinates"":[]}"
VHI_M_2021-02_000000000000000001e8,0.5962269955890974,3.117346744389835,489,2,Dry,2021,2021-02,"{""type"":""MultiPoint"",""coordinates"":[]}"
VHI_M_2021-02_000000000000000001e9,58.733282960876885,3.315500853034365,490,2,Dry,2021,2021-02,"{""type"":""MultiPoint"",""coordinates"":[]}"
VHI_M_2021-02_000000000000000000e2,0.48393148087228216,2.3707109217313294,227,2,Dry,2021,2021-02,"{""type"":""MultiPoint"",""coordinates"":[]}"
VHI_M_2021-02_000000000000000000e3,0.5401329219413584,2.8000448165419396,228,2,Dry,2021,2021-02,"{""type"":""MultiPoint"",""coordinates"":[]}"
VHI_M_2021-02_000000000000000000e4,25.39194007954442,3.6393027961736575,229,2,Dry,2021,2021-02,"{""type"":""MultiPoint"",""coordinates"":[]}"
VHI_M_2021-02_000000000000000000e5,1.313733722308308,3.5399449298284047,230,2,Dry,2021,2021-02,"{""type"":""MultiPoint"",""coordinates"":[]}"
VHI_M_2021-02_000000000000000000e6,0.4248567654589736,2.0565317035905273,231,2,Dry,2021,2021-02,"{""type"":""MultiPoint"",""coordinates"":[]}"
VHI_M_2021-02_000000000000000000e7,0.5127569704354925,2.470245526425302,232,2,Dry,2021,2021-02,"{""type"":""MultiPoint"",""coordinates"":[]}"
VHI_M_2021-02_0000000000000000017f,0.4888949573107277,2.4250106167130663,384,2,Dry,2021,2021-02,"{""type"":""MultiPoint"",""coordinates"":[]}"
VHI_M_2021-02_00000000000000000180,0.469695713107368,2.295148491289113,385,2,Dry,2021,2021-02,"{""type"":""MultiPoint"",""coordinates"":[]}"
VHI_M_2021-02_00000000000000000203,0.41987030165687034,2.0390393082700773,516,2,Dry,2021,2021-02,"{""type"":""MultiPoint"",""coordinates"":[]}"
VHI_M_2021-02_00000000000000000204,0.4059554545225385,1.9062737319353928,517,2,Dry,2021,2021-02,"{""type"":""MultiPoint"",""coordinates"":[]}"
VHI_M_2021-02_00000000000000000205,0.4630953582916092,2.315182959086765,518,2,Dry,2021,2021-02,"{""type"":""MultiPoint"",""coordinates"":[]}"
VHI_M_2021-02_00000000000000000206,0.4381185695687936,2.076324919248714,519,2,Dry,2021,2021-02,"{""type"":""MultiPoint"",""coordinates"":[]}"
VHI_M_2021-02_00000000000000000207,0.5165843893233076,2.6037325543654655,520,2,Dry,2021,2021-02,"{""type"":""MultiPoint"",""coordinates"":[]}"
VHI_M_2021-02_00000000000000000208,0.48004074952420106,2.333234553267151,521,2,Dry,2021,2021-02,"{""type"":""MultiPoint"",""coordinates"":[]}"
VHI_M_2021-02_00000000000000000209,0.5631959484719106,2.8518877682958377,522,2,Dry,2021,2021-02,"{""type"":""MultiPoint"",""coordinates"":[]}"
VHI_M_2021-02_0000000000000000000e,0.5511193280423593,2.907523966301927,15,2,Dry,2021,2021-02,"{""type"":""MultiPoint"",""coordinates"":[]}"
VHI_M_2021-02_00000000000000000124,0.61921279887053,3.1975200838281532,293,2,Dry,2021,2021-02,"{""type"":""MultiPoint"",""coordinates"":[]}"
VHI_M_2021-02_00000000000000000125,13.633867982709273,3.32784283261885,294,2,Dry,2021,2021-02,"{""type"":""MultiPoint"",""coordinates"":[]}"
VHI_M_2021-02_00000000000000000126,0.5133829164689719,2.589023673288823,295,2,Dry,2021,2021-02,"{""type"":""MultiPoint"",""coordinates"":[]}"
VHI_M_2021-02_00000000000000000127,0.5743780007774087,3.0547786098712235,296,2,Dry,2021,2021-02,"{""type"":""MultiPoint"",""coordinates"":[]}"
VHI_M_2021-02_00000000000000000128,0.4699431325700572,2.371289322108994,297,2,Dry,2021,2021-02,"{""type"":""MultiPoint"",""coordinates"":[]}"
VHI_M_2021-02_00000000000000000129,0.4927645851474341,2.5364455572643254,298,2,Dry,2021,2021-02,"{""type"":""MultiPoint"",""coordinates"":[]}"
VHI_M_2021-02_0000000000000000012a,0.46294380033635923,2.2086842524731063,299,2,Dry,2021,2021-02,"{""type"":""MultiPoint"",""coordinates"":[]}"
VHI_M_2021-02_0000000000000000012b,0.4885787552439742,2.396851515130565,300,2,Dry,2021,2021-02,"{""type"":""MultiPoint"",""coordinates"":[]}"
VHI_M_2021-02_00000000000000000174,0.5095490097287141,2.566588471849866,373,2,Dry,2021,2021-02,"{""type"":""MultiPoint"",""coordinates"":[]}"
VHI_M_2021-02_00000000000000000175,0.48638083703161894,2.3861509954086157,374,2,Dry,2021,2021-02,"{""type"":""MultiPoint"",""coordinates"":[]}"
VHI_M_2021-02_00000000000000000176,0.46944458132368555,2.2464772690292554,375,2,Dry,2021,2021-02,"{""type"":""MultiPoint"",""coordinates"":[]}"
VHI_M_2021-02_00000000000000000177,0.49473321058481823,2.4524030045189904,376,2,Dry,2021,2021-02,"{""type"":""MultiPoint"",""coordinates"":[]}"
VHI_M_2021-02_00000000000000000195,0.5125398315832661,2.6107582373957925,406,2,Dry,2021,2021-02,"{""type"":""MultiPoint"",""coordinates"":[]}"
VHI_M_2021-02_00000000000000000196,0.5381865664181164,2.770384340527964,407,2,Dry,2021,2021-02,"{""type"":""MultiPoint"",""coordinates"":[]}"
VHI_M_2021-02_00000000000000000197,3.3990189803226665,3.4348449913983243,408,2,Dry,2021,2021-02,"{""type"":""MultiPoint"",""coordinates"":[]}"
VHI_M_2021-02_00000000000000000198,0.5136781617954171,2.6486126987425958,409,2,Dry,2021,2021-02,"{""type"":""MultiPoint"",""coordinates"":[]}"
VHI_M_2021-02_00000000000000000199,0.505780636018597,2.6053351778893865,410,2,Dry,2021,2021-02,"{""type"":""MultiPoint"",""coordinates"":[]}"
VHI_M_2021-02_00000000000000000035,0.6183324543016636,3.4099337748344376,54,2,Dry,2021,2021-02,"{""type"":""MultiPoint"",""coordinates"":[]}"
VHI_M_2021-02_000000000000000000ce,0.5365253238045099,2.7627288354252655,207,2,Dry,2021,2021-02,"{""type"":""MultiPoint"",""coordinates"":[]}"
VHI_M_2021-02_000000000000000000cf,0.5184473196438099,2.626883506156837,208,2,Dry,2021,2021-02,"{""type"":""MultiPoint"",""coordinates"":[]}"
VHI_M_2021-02_000000000000000000d0,3.3530271916498497,2.895954521135437,209,2,Dry,2021,2021-02,"{""type"":""MultiPoint"",""coordinates"":[]}"
VHI_M_2021-02_000000000000000000d1,27.229813312206048,3.1247225793318005,210,2,Dry,2021,2021-02,"{""type"":""MultiPoint"",""coordinates"":[]}"
VHI_M_2021-02_000000000000000001ea,0.5328829897222528,2.7608253481420957,491,2,Dry,2021,2021-02,"{""type"":""MultiPoint"",""coordinates"":[]}"
VHI_M_2021-02_000000000000000001eb,0.5816598112780585,3.05160744500846,492,2,Dry,2021,2021-02,"{""type"":""MultiPoint"",""coordinates"":[]}"
VHI_M_2021-02_000000000000000001ec,0.573580117876289,2.9853496543684237,493,2,Dry,2021,2021-02,"{""type"":""MultiPoint"",""coordinates"":[]}"
VHI_M_2021-02_000000000000000001ed,0.5836430872056494,3.0309332360384107,494,2,Dry,2021,2021-02,"{""type"":""MultiPoint"",""coordinates"":[]}"
VHI_M_2021-02_000000000000000001f4,8.997268575295337,2.9943345980237943,501,2,Dry,2021,2021-02,"{""type"":""MultiPoint"",""coordinates"":[]}"
VHI_M_2021-02_000000000000000001f5,0.5443460979997049,2.79434886853191,502,2,Dry,2021,2021-02,"{""type"":""MultiPoint"",""coordinates"":[]}"
VHI_M_2021-02_000000000000000001f6,0.5832285455630506,3.064203103390629,503,2,Dry,2021,2021-02,"{""type"":""MultiPoint"",""coordinates"":[]}"
VHI_M_2021-02_000000000000000001f7,50.23440675583129,3.0550718369636014,504,2,Dry,2021,2021-02,"{""type"":""MultiPoint"",""coordinates"":[]}"
VHI_M_2021-02_000000000000000001f8,0.5181726159383676,2.6377836839141233,505,2,Dry,2021,2021-02,"{""type"":""MultiPoint"",""coordinates"":[]}"
VHI_M_2021-02_000000000000000001f9,0.5206931159140896,2.662126708403973,506,2,Dry,2021,2021-02,"{""type"":""MultiPoint"",""coordinates"":[]}"
VHI_M_2021-02_000000000000000001fa,26.82464110614596,3.4592552994383903,507,2,Dry,2021,2021-02,"{""type"":""MultiPoint"",""coordinates"":[]}"
VHI_M_2021-02_000000000000000001fb,7.99978282075977,3.3079128419895123,508,2,Dry,2021,2021-02,"{""type"":""MultiPoint"",""coordinates"":[]}"
VHI_M_2021-02_000000000000000001fc,0.6336142855509564,3.3286721522565257,509,2,Dry,2021,2021-02,"{""type"":""MultiPoint"",""coordinates"":[]}"
VHI_M_2021-02_000000000000000001fd,0.63392397585126,3.366560641784187,510,2,Dry,2021,2021-02,"{""type"":""MultiPoint"",""coordinates"":[]}"
VHI_M_2021-02_00000000000000000049,0.5355691892151965,2.7951555446479692,74,2,Dry,2021,2021-02,"{""type"":""MultiPoint"",""coordinates"":[]}"
VHI_M_2021-02_0000000000000000004a,37.30647493600077,2.9539156136899694,75,2,Dry,2021,2021-02,"{""type"":""MultiPoint"",""coordinates"":[]}"
VHI_M_2021-02_000000000000000000fd,71.3506387954016,3.303203463203462,254,2,Dry,2021,2021-02,"{""type"":""MultiPoint"",""coordinates"":[]}"
VHI_M_2021-02_000000000000000000fe,5.978403286872464,3.09489739693777,255,2,Dry,2021,2021-02,"{""type"":""MultiPoint"",""coordinates"":[]}"
VHI_M_2021-02_00000000000000000191,0.5412688330698064,2.92465016146394,402,2,Dry,2021,2021-02,"{""type"":""MultiPoint"",""coordinates"":[]}"
VHI_M_2021-02_0000000000000000016e,19.046380901222193,3.6968782644608016,367,2,Dry,2021,2021-02,"{""type"":""MultiPoint"",""coordinates"":[]}"
VHI_M_2021-02_0000000000000000016f,0.6444165903846932,3.4341881124345655,368,2,Dry,2021,2021-02,"{""type"":""MultiPoint"",""coordinates"":[]}"
VHI_M_2021-02_00000000000000000170,0.5986209285826438,3.184401777027583,369,2,Dry,2021,2021-02,"{""type"":""MultiPoint"",""coordinates"":[]}"
VHI_M_2021-02_00000000000000000181,35.864728576444634,3.033738001129308,386,2,Dry,2021,2021-02,"{""type"":""MultiPoint"",""coordinates"":[]}"
VHI_M_2021-02_00000000000000000182,0.6261017009881614,3.320608315491609,387,2,Dry,2021,2021-02,"{""type"":""MultiPoint"",""coordinates"":[]}"
VHI_M_2021-02_00000000000000000228,0.5915020798784922,3.184574379476927,553,2,Dry,2021,2021-02,"{""type"":""MultiPoint"",""coordinates"":[]}"
VHI_M_2021-03_00000000000000000017,46.47547568034086,2.527533747589458,24,3,Dry,2021,2021-03,"{""type"":""MultiPoint"",""coordinates"":[]}"
VHI_M_2021-03_00000000000000000018,232.3801849842625,4.734530506274339,25,3,Dry,2021,2021-03,"{""type"":""MultiPoint"",""coordinates"":[]}"
VHI_M_2021-03_00000000000000000019,30.099457935125635,2.350947805764737,26,3,Dry,2021,2021-03,"{""type"":""MultiPoint"",""coordinates"":[]}"
VHI_M_2021-03_0000000000000000001a,13.694200353830398,2.5062376440111795,27,3,Dry,2021,2021-03,"{""type"":""MultiPoint"",""coordinates"":[]}"
VHI_M_2021-03_0000000000000000005b,160.30595852381654,4.357790170791216,92,3,Dry,2021,2021-03,"{""type"":""MultiPoint"",""coordinates"":[]}"
VHI_M_2021-03_0000000000000000005c,60.1671753011216,2.0606363818290974,93,3,Dry,2021,2021-03,"{""type"":""MultiPoint"",""coordinates"":[]}"
VHI_M_2021-03_0000000000000000005d,254.0,5.0,94,3,Dry,2021,2021-03,"{""type"":""MultiPoint"",""coordinates"":[]}"
VHI_M_2021-03_0000000000000000005e,35.26677459064416,2.489372219476025,95,3,Dry,2021,2021-03,"{""type"":""MultiPoint"",""coordinates"":[]}"
VHI_M_2021-03_0000000000000000005f,81.79028440693496,3.669485011529593,96,3,Dry,2021,2021-03,"{""type"":""MultiPoint"",""coordinates"":[]}"
VHI_M_2021-03_000000000000000000b6,0.5551454875772253,2.8300153139356823,183,3,Dry,2021,2021-03,"{""type"":""MultiPoint"",""coordinates"":[]}"
VHI_M_2021-03_000000000000000000b7,0.5952213889884468,3.048703352308666,184,3,Dry,2021,2021-03,"{""type"":""MultiPoint"",""coordinates"":[]}"
VHI_M_2021-03_000000000000000000b8,0.44249999985708177,2.0780669144981414,185,3,Dry,2021,2021-03,"{""type"":""MultiPoint"",""coordinates"":[]}"
VHI_M_2021-03_000000000000000000b9,39.39969252747276,3.3334388603086658,186,3,Dry,2021,2021-03,"{""type"":""MultiPoint"",""coordinates"":[]}"
VHI_M_2021-03_000000000000000000ba,0.642560007794698,3.6015999999999995,187,3,Dry,2021,2021-03,"{""type"":""MultiPoint"",""coordinates"":[]}"
VHI_M_2021-03_000000000000000000bb,0.43084158649539006,2.0524752475247525,188,3,Dry,2021,2021-03,"{""type"":""MultiPoint"",""coordinates"":[]}"
VHI_M_2021-03_000000000000000001a0,34.22988196387248,3.53969957081545,417,3,Dry,2021,2021-03,"{""type"":""MultiPoint"",""coordinates"":[]}"
VHI_M_2021-03_000000000000000001a1,0.58365288885727,2.9548951576406695,418,3,Dry,2021,2021-03,"{""type"":""MultiPoint"",""coordinates"":[]}"
VHI_M_2021-03_000000000000000001a2,19.610033951631635,3.0310786106032905,419,3,Dry,2021,2021-03,"{""type"":""MultiPoint"",""coordinates"":[]}"
VHI_M_2021-03_000000000000000001a3,0.5140038486014025,2.6364173810227607,420,3,Dry,2021,2021-03,"{""type"":""MultiPoint"",""coordinates"":[]}"
VHI_M_2021-03_000000000000000001cb,41.27219568966271,2.0204532891100055,460,3,Dry,2021,2021-03,"{""type"":""MultiPoint"",""coordinates"":[]}"
VHI_M_2021-03_000000000000000001cc,79.81758119819511,2.817777777777778,461,3,Dry,2021,2021-03,"{""type"":""MultiPoint"",""coordinates"":[]}"
VHI_M_2021-03_0000000000000000021b,0.4164736086413974,2.0,540,3,Dry,2021,2021-03,"{""type"":""MultiPoint"",""coordinates"":[]}"
VHI_M_2021-03_0000000000000000021c,0.47271739063055623,2.2978260869565217,541,3,Dry,2021,2021-03,"{""type"":""MultiPoint"",""coordinates"":[]}"
VHI_M_2021-03_0000000000000000021d,24.88928297854447,2.495947771274201,542,3,Dry,2021,2021-03,"{""type"":""MultiPoint"",""coordinates"":[]}"
VHI_M_2021-03_000000000000000000bf,0.47851696972701196,2.266219239373602,192,3,Dry,2021,2021-03,"{""type"":""MultiPoint"",""coordinates"":[]}"
VHI_M_2021-03_000000000000000000c0,0.5648027390413192,2.8535387741280065,193,3,Dry,2021,2021-03,"{""type"":""MultiPoint"",""coordinates"":[]}"
VHI_M_2021-03_0000000000000000010a,0.4856276487986378,2.417752129705963,267,3,Dry,2021,2021-03,"{""type"":""MultiPoint"",""coordinates"":[]}"
VHI_M_2021-03_0000000000000000010b,56.57933256890889,3.307701549921904,268,3,Dry,2021,2021-03,"{""type"":""MultiPoint"",""coordinates"":[]}"
VHI_M_2021-03_00000000000000000226,2.9453117003691873,2.3065755764304026,551,3,Dry,2021,2021-03,"{""type"":""MultiPoint"",""coordinates"":[]}"
VHI_M_2021-03_00000000000000000227,0.6059268848651176,3.141862489120974,552,3,Dry,2021,2021-03,"{""type"":""MultiPoint"",""coordinates"":[]}"
VHI_M_2021-03_000000000000000001a4,0.399729477111899,2.0814676616915424,421,3,Dry,2021,2021-03,"{""type"":""MultiPoint"",""coordinates"":[]}"
VHI_M_2021-03_000000000000000001a5,0.4101263218131994,1.8610431947840265,422,3,Dry,2021,2021-03,"{""type"":""MultiPoint"",""coordinates"":[]}"
VHI_M_2021-03_000000000000000001a6,0.3109158050802645,1.0,423,3,Dry,2021,2021-03,"{""type"":""MultiPoint"",""coordinates"":[]}"
VHI_M_2021-03_000000000000000001a7,0.3002316245918765,1.0,424,3,Dry,2021,2021-03,"{""type"":""MultiPoint"",""coordinates"":[]}"
VHI_M_2021-03_000000000000000001a8,0.3196205562447976,1.0,425,3,Dry,2021,2021-03,"{""type"":""MultiPoint"",""coordinates"":[]}"
VHI_M_2021-03_000000000000000001a9,0.2924999960232526,1.11875,426,3,Dry,2021,2021-03,"{""type"":""MultiPoint"",""coordinates"":[]}"
VHI_M_2021-03_000000000000000001aa,0.32356636715374526,1.4666981577704299,427,3,Dry,2021,2021-03,"{""type"":""MultiPoint"",""coordinates"":[]}"
VHI_M_2021-03_000000000000000001fe,0.4718132357108843,2.3693563009972802,511,3,Dry,2021,2021-03,"{""type"":""MultiPoint"",""coordinates"":[]}"
VHI_M_2021-03_000000000000000001ff,61.86033361882658,3.168133636191556,512,3,Dry,2021,2021-03,"{""type"":""MultiPoint"",""coordinates"":[]}"
VHI_M_2021-03_00000000000000000200,0.3316705721104055,1.6167349327091867,513,3,Dry,2021,2021-03,"{""type"":""MultiPoint"",""coordinates"":[]}"
VHI_M_2021-03_00000000000000000201,101.74005403703902,2.7047970479704797,514,3,Dry,2021,2021-03,"{""type"":""MultiPoint"",""coordinates"":[]}"
VHI_M_2021-03_00000000000000000202,0.2931782909501328,1.0137812230835486,515,3,Dry,2021,2021-03,"{""type"":""MultiPoint"",""coordinates"":[]}"
VHI_M_2021-03_00000000000000000002,18.605741717384028,2.5408529002999045,3,3,Dry,2021,2021-03,"{""type"":""MultiPoint"",""coordinates"":[]}"
VHI_M_2021-03_0000000000000000000d,17.16242726253243,3.2020263249047454,14,3,Dry,2021,2021-03,"{""type"":""MultiPoint"",""coordinates"":[]}"
VHI_M_2021-03_00000000000000000027,53.49556775899829,3.135028853313478,40,3,Dry,2021,2021-03,"{""type"":""MultiPoint"",""coordinates"":[]}"
VHI_M_2021-03_00000000000000000070,0.502181810924788,2.6144399058619854,113,3,Dry,2021,2021-03,"{""type"":""MultiPoint"",""coordinates"":[]}"
VHI_M_2021-03_00000000000000000071,0.48526349928085066,2.3702024509583883,114,3,Dry,2021,2021-03,"{""type"":""MultiPoint"",""coordinates"":[]}"
VHI_M_2021-03_000000000000000001b0,55.9674947724298,2.7463402632550133,433,3,Dry,2021,2021-03,"{""type"":""MultiPoint"",""coordinates"":[]}"
VHI_M_2021-03_000000000000000001b1,7.544269594216254,2.665776472159167,434,3,Dry,2021,2021-03,"{""type"":""MultiPoint"",""coordinates"":[]}"
VHI_M_2021-03_000000000000000001b2,90.98789592640148,3.2441487465842935,435,3,Dry,2021,2021-03,"{""type"":""MultiPoint"",""coordinates"":[]}"
VHI_M_2021-03_000000000000000001cd,1.327850716364788,2.4224449979753864,462,3,Dry,2021,2021-03,"{""type"":""MultiPoint"",""coordinates"":[]}"
VHI_M_2021-03_000000000000000001ce,0.47681534677420984,2.354929081138226,463,3,Dry,2021,2021-03,"{""type"":""MultiPoint"",""coordinates"":[]}"
VHI_M_2021-03_000000000000000001cf,22.253034995701313,2.4527508893852894,464,3,Dry,2021,2021-03,"{""type"":""MultiPoint"",""coordinates"":[]}"
VHI_M_2021-03_0000000000000000001c,0.3940823640291998,1.758885852167508,29,3,Dry,2021,2021-03,"{""type"":""MultiPoint"",""coordinates"":[]}"
VHI_M_2021-03_0000000000000000001d,0.43848215802162577,2.075755600814664,30,3,Dry,2021,2021-03,"{""type"":""MultiPoint"",""coordinates"":[]}"
VHI_M_2021-03_0000000000000000001e,0.36142140106592685,1.5537944543281756,31,3,Dry,2021,2021-03,"{""type"":""MultiPoint"",""coordinates"":[]}"
VHI_M_2021-03_00000000000000000026,0.40977837630254316,1.8508375682288725,39,3,Dry,2021,2021-03,"{""type"":""MultiPoint"",""coordinates"":[]}"
VHI_M_2021-03_000000000000000000f9,0.3835913586919129,1.722409588543558,250,3,Dry,2021,2021-03,"{""type"":""MultiPoint"",""coordinates"":[]}"
VHI_M_2021-03_000000000000000000fa,0.38215715559095964,1.7453040646053628,251,3,Dry,2021,2021-03,"{""type"":""MultiPoint"",""coordinates"":[]}"
VHI_M_2021-03_000000000000000000fb,0.40673672945936507,1.9098658995430584,252,3,Dry,2021,2021-03,"{""type"":""MultiPoint"",""coordinates"":[]}"
VHI_M_2021-03_000000000000000000fc,0.39471466420546136,1.8305150214592276,253,3,Dry,2021,2021-03,"{""type"":""MultiPoint"",""coordinates"":[]}"
VHI_M_2021-03_00000000000000000163,0.4351769203663196,2.035005523957609,356,3,Dry,2021,2021-03,"{""type"":""MultiPoint"",""coordinates"":[]}"
VHI_M_2021-03_00000000000000000164,0.41581072753984893,1.9308641711914492,357,3,Dry,2021,2021-03,"{""type"":""MultiPoint"",""coordinates"":[]}"
VHI_M_2021-03_00000000000000000165,0.45221735782825884,2.1812548088679997,358,3,Dry,2021,2021-03,"{""type"":""MultiPoint"",""coordinates"":[]}"
VHI_M_2021-03_00000000000000000166,0.4482321435247525,2.160662815059361,359,3,Dry,2021,2021-03,"{""type"":""MultiPoint"",""coordinates"":[]}"
VHI_M_2021-03_00000000000000000149,0.4917082106926221,2.4293070460683253,330,3,Dry,2021,2021-03,"{""type"":""MultiPoint"",""coordinates"":[]}"
VHI_M_2021-03_0000000000000000014a,0.4229395614465254,2.0669244853608033,331,3,Dry,2021,2021-03,"{""type"":""MultiPoint"",""coordinates"":[]}"
VHI_M_2021-03_0000000000000000014b,0.44639763812259725,2.101912731619845,332,3,Dry,2021,2021-03,"{""type"":""MultiPoint"",""coordinates"":[]}"
VHI_M_2021-03_0000000000000000014c,0.48170431303248334,2.3286586733549473,333,3,Dry,2021,2021-03,"{""type"":""MultiPoint"",""coordinates"":[]}"
VHI_M_2021-03_0000000000000000014d,0.4671041694774321,2.2314506689922657,334,3,Dry,2021,2021-03,"{""type"":""MultiPoint"",""coordinates"":[]}"
VHI_M_2021-03_0000000000000000014e,0.44617731250418907,2.138649860622955,335,3,Dry,2021,2021-03,"{""type"":""MultiPoint"",""coordinates"":[]}"
VHI_M_2021-03_00000000000000000158,0.4685478410729223,2.285001467566773,345,3,Dry,2021,2021-03,"{""type"":""MultiPoint"",""coordinates"":[]}"
VHI_M_2021-03_00000000000000000159,0.49310887103303763,2.4578773022393,346,3,Dry,2021,2021-03,"{""type"":""MultiPoint"",""coordinates"":[]}"
VHI_M_2021-03_0000000000000000015a,0.4838774011360777,2.4194707273802485,347,3,Dry,2021,2021-03,"{""type"":""MultiPoint"",""coordinates"":[]}"
VHI_M_2021-03_0000000000000000015b,0.49066412624142597,2.4081072741979863,348,3,Dry,2021,2021-03,"{""type"":""MultiPoint"",""coordinates"":[]}"
VHI_M_2021-03_0000000000000000015c,0.45814947035967596,2.181273234725817,349,3,Dry,2021,2021-03,"{""type"":""MultiPoint"",""coordinates"":[]}"
VHI_M_2021-03_0000000000000000015d,0.48705370407415305,2.4614053778421248,350,3,Dry,2021,2021-03,"{""type"":""MultiPoint"",""coordinates"":[]}"
VHI_M_2021-03_00000000000000000008,0.5011861961695738,2.5643696317504188,9,3,Dry,2021,2021-03,"{""type"":""MultiPoint"",""coordinates"":[]}"
VHI_M_2021-03_000000000000000000c2,0.4555102947117857,2.201850566736062,195,3,Dry,2021,2021-03,"{""type"":""MultiPoint"",""coordinates"":[]}"
VHI_M_2021-03_000000000000000000c3,0.5803032189252078,3.0939952496635916,196,3,Dry,2021,2021-03,"{""type"":""MultiPoint"",""coordinates"":[]}"
VHI_M_2021-03_000000000000000000c4,0.4959081383071043,2.412221337579618,197,3,Dry,2021,2021-03,"{""type"":""MultiPoint"",""coordinates"":[]}"
VHI_M_2021-03_000000000000000000c5,0.5207868513364801,2.634284529240978,198,3,Dry,2021,2021-03,"{""type"":""MultiPoint"",""coordinates"":[]}"
VHI_M_2021-03_000000000000000000c6,0.5569973594621345,2.8910398004678575,199,3,Dry,2021,2021-03,"{""type"":""MultiPoint"",""coordinates"":[]}"
VHI_M_2021-03_000000000000000000c7,0.4913576772749175,2.4033723158976645,200,3,Dry,2021,2021-03,"{""type"":""MultiPoint"",""coordinates"":[]}"
VHI_M_2021-03_000000000000000000c8,0.43550600036737014,2.004609362929393,201,3,Dry,2021,2021-03,"{""type"":""MultiPoint"",""coordinates"":[]}"
VHI_M_2021-03_000000000000000000c9,0.5098249174014919,2.558390367040591,202,3,Dry,2021,2021-03,"{""type"":""MultiPoint"",""coordinates"":[]}"
VHI_M_2021-03_00000000000000000136,0.5037079645112692,2.553773816625145,311,3,Dry,2021,2021-03,"{""type"":""MultiPoint"",""coordinates"":[]}"
VHI_M_2021-03_00000000000000000137,0.5123892971676304,2.5575247769195517,312,3,Dry,2021,2021-03,"{""type"":""MultiPoint"",""coordinates"":[]}"
VHI_M_2021-03_00000000000000000138,0.4975478213291871,2.4446149065910605,313,3,Dry,2021,2021-03,"{""type"":""MultiPoint"",""coordinates"":[]}"
VHI_M_2021-03_00000000000000000139,0.48382944226448915,2.3345761714046143,314,3,Dry,2021,2021-03,"{""type"":""MultiPoint"",""coordinates"":[]}"
VHI_M_2021-03_0000000000000000013a,0.5808931222047081,3.0380707035098697,315,3,Dry,2021,2021-03,"{""type"":""MultiPoint"",""coordinates"":[]}"
VHI_M_2021-03_000000000000000001ef,0.6290915324147577,3.4061351638113964,496,3,Dry,2021,2021-03,"{""type"":""MultiPoint"",""coordinates"":[]}"
VHI_M_2021-03_000000000000000001f0,0.6104559971790297,3.246718518284795,497,3,Dry,2021,2021-03,"{""type"":""MultiPoint"",""coordinates"":[]}"
VHI_M_2021-03_00000000000000000081,0.4936015901502339,2.6373768183951203,130,3,Dry,2021,2021-03,"{""type"":""MultiPoint"",""coordinates"":[]}"
VHI_M_2021-03_000000000000000000a0,0.6120466517893794,3.276260630015571,161,3,Dry,2021,2021-03,"{""type"":""MultiPoint"",""coordinates"":[]}"
VHI_M_2021-03_000000000000000000a1,32.078601463293936,3.2619270241991147,162,3,Dry,2021,2021-03,"{""type"":""MultiPoint"",""coordinates"":[]}"
VHI_M_2021-03_000000000000000000a2,8.791907118789736,3.5467953834796804,163,3,Dry,2021,2021-03,"{""type"":""MultiPoint"",""coordinates"":[]}"
VHI_M_2021-03_000000000000000000a3,5.645259194660949,3.2404815451779307,164,3,Dry,2021,2021-03,"{""type"":""MultiPoint"",""coordinates"":[]}"
VHI_M_2021-03_000000000000000000a4,78.0563864596234,3.89851668189134,165,3,Dry,2021,2021-03,"{""type"":""MultiPoint"",""coordinates"":[]}"
VHI_M_2021-03_0000000000000000014f,0.42077883333028765,1.8856511418515185,336,3,Dry,2021,2021-03,"{""type"":""MultiPoint"",""coordinates"":[]}"
VHI_M_2021-03_00000000000000000150,0.455956008566129,2.205019383799225,337,3,Dry,2021,2021-03,"{""type"":""MultiPoint"",""coordinates"":[]}"
VHI_M_2021-03_00000000000000000151,2.211150302448902,2.939645695757048,338,3,Dry,2021,2021-03,"{""type"":""MultiPoint"",""coordinates"":[]}"
VHI_M_2021-03_00000000000000000152,0.4862482908000842,2.393702765198244,339,3,Dry,2021,2021-03,"{""type"":""MultiPoint"",""coordinates"":[]}"
VHI_M_2021-03_00000000000000000153,0.45957038932517635,2.1748723159789334,340,3,Dry,2021,2021-03,"{""type"":""MultiPoint"",""coordinates"":[]}"
VHI_M_2021-03_00000000000000000171,0.46249208012103177,2.2958956224441915,370,3,Dry,2021,2021-03,"{""type"":""MultiPoint"",""coordinates"":[]}"
VHI_M_2021-03_00000000000000000172,0.5375868872837393,2.815405060322589,371,3,Dry,2021,2021-03,"{""type"":""MultiPoint"",""coordinates"":[]}"
VHI_M_2021-03_00000000000000000173,0.4589522715270042,2.201869381910747,372,3,Dry,2021,2021-03,"{""type"":""MultiPoint"",""coordinates"":[]}"
VHI_M_2021-03_000000000000000001f1,0.49425116336387426,2.4771631323895353,498,3,Dry,2021,2021-03,"{""type"":""MultiPoint"",""coordinates"":[]}"
VHI_M_2021-03_000000000000000001f2,0.6067635733836142,3.201508856330636,499,3,Dry,2021,2021-03,"{""type"":""MultiPoint"",""coordinates"":[]}"
VHI_M_2021-03_000000000000000001f3,0.47735545138521646,2.354619933807172,500,3,Dry,2021,2021-03,"{""type"":""MultiPoint"",""coordinates"":[]}"
VHI_M_2021-03_00000000000000000092,0.5219148983922959,2.6515197995756314,147,3,Dry,2021,2021-03,"{""type"":""MultiPoint"",""coordinates"":[]}"
VHI_M_2021-03_00000000000000000093,0.4822069934696322,2.433280093731175,148,3,Dry,2021,2021-03,"{""type"":""MultiPoint"",""coordinates"":[]}"
VHI_M_2021-03_00000000000000000094,0.669124048051814,2.44511845211736,149,3,Dry,2021,2021-03,"{""type"":""MultiPoint"",""coordinates"":[]}"
VHI_M_2021-03_00000000000000000095,12.924563359001041,2.3947668516277973,150,3,Dry,2021,2021-03,"{""type"":""MultiPoint"",""coordinates"":[]}"
VHI_M_2021-03_00000000000000000096,0.45262110885277357,2.1764345705217822,151,3,Dry,2021,2021-03,"{""type"":""MultiPoint"",""coordinates"":[]}"
VHI_M_2021-03_00000000000000000097,0.5156649647701924,2.6881876435739325,152,3,Dry,2021,2021-03,"{""type"":""MultiPoint"",""coordinates"":[]}"
VHI_M_2021-03_00000000000000000098,0.4709427994123455,2.2775423728813555,153,3,Dry,2021,2021-03,"{""type"":""MultiPoint"",""coordinates"":[]}"
VHI_M_2021-03_000000000000000000a9,0.4368940457679756,2.189615303762876,170,3,Dry,2021,2021-03,"{""type"":""MultiPoint"",""coordinates"":[]}"
VHI_M_2021-03_0000000000000000017c,61.840426858792114,3.666473123562384,381,3,Dry,2021,2021-03,"{""type"":""MultiPoint"",""coordinates"":[]}"
VHI_M_2021-03_0000000000000000017d,38.99233170623273,3.573176530933922,382,3,Dry,2021,2021-03,"{""type"":""MultiPoint"",""coordinates"":[]}"
VHI_M_2021-03_0000000000000000017e,11.684585360753196,3.2350678469996192,383,3,Dry,2021,2021-03,"{""type"":""MultiPoint"",""coordinates"":[]}"
VHI_M_2021-03_000000000000000001ee,0.6841648399671394,3.8173621546642003,495,3,Dry,2021,2021-03,"{""type"":""MultiPoint"",""coordinates"":[]}"
VHI_M_2021-03_0000000000000000020d,0.6120476751030411,3.2405040979994717,526,3,Dry,2021,2021-03,"{""type"":""MultiPoint"",""coordinates"":[]}"
VHI_M_2021-03_0000000000000000020e,3.724247242252023,2.5524385825769356,527,3,Dry,2021,2021-03,"{""type"":""MultiPoint"",""coordinates"":[]}"
VHI_M_2021-03_0000000000000000020f,0.522960100555274,2.6720172401498985,528,3,Dry,2021,2021-03,"{""type"":""MultiPoint"",""coordinates"":[]}"
VHI_M_2021-03_00000000000000000210,0.47416720151813524,2.321084146871666,529,3,Dry,2021,2021-03,"{""type"":""MultiPoint"",""coordinates"":[]}"
VHI_M_2021-03_00000000000000000211,11.930691895815047,3.26110799626218,530,3,Dry,2021,2021-03,"{""type"":""MultiPoint"",""coordinates"":[]}"
VHI_M_2021-03_00000000000000000058,0.5444233627662111,2.810784496109044,89,3,Dry,2021,2021-03,"{""type"":""MultiPoint"",""coordinates"":[]}"
VHI_M_2021-03_00000000000000000059,0.5105144125781103,2.5754430084992412,90,3,Dry,2021,2021-03,"{""type"":""MultiPoint"",""coordinates"":[]}"
VHI_M_2021-03_0000000000000000018b,0.4260444892132634,2.0,396,3,Dry,2021,2021-03,"{""type"":""MultiPoint"",""coordinates"":[]}"
VHI_M_2021-03_0000000000000000018c,0.4593344688924206,2.2564203370147697,397,3,Dry,2021,2021-03,"{""type"":""MultiPoint"",""coordinates"":[]}"
VHI_M_2021-03_0000000000000000018d,0.4143161720716,1.9626510330197375,398,3,Dry,2021,2021-03,"{""type"":""MultiPoint"",""coordinates"":[]}"
VHI_M_2021-03_0000000000000000018e,0.437834356397324,2.0521870338894868,399,3,Dry,2021,2021-03,"{""type"":""MultiPoint"",""coordinates"":[]}"
VHI_M_2021-03_00000000000000000036,0.6873130539924737,3.7911284840244734,55,3,Dry,2021,2021-03,"{""type"":""MultiPoint"",""coordinates"":[]}"
VHI_M_2021-03_000000000000000000db,0.6283482480941913,3.358929363535771,220,3,Dry,2021,2021-03,"{""type"":""MultiPoint"",""coordinates"":[]}"
VHI_M_2021-03_000000000000000000dc,0.6100597059432997,3.213383324406357,221,3,Dry,2021,2021-03,"{""type"":""MultiPoint"",""coordinates"":[]}"
VHI_M_2021-03_000000000000000000dd,0.6362459962918962,3.402347567761102,222,3,Dry,2021,2021-03,"{""type"":""MultiPoint"",""coordinates"":[]}"
VHI_M_2021-03_00000000000000000102,0.6458551300611591,3.4569671622013316,259,3,Dry,2021,2021-03,"{""type"":""MultiPoint"",""coordinates"":[]}"
VHI_M_2021-03_00000000000000000103,0.6368681863652337,3.3259061797941185,260,3,Dry,2021,2021-03,"{""type"":""MultiPoint"",""coordinates"":[]}"
VHI_M_2021-03_00000000000000000104,0.622480892025028,3.265135922688207,261,3,Dry,2021,2021-03,"{""type"":""MultiPoint"",""coordinates"":[]}"
VHI_M_2021-03_00000000000000000105,0.558713882773802,2.888732849071831,262,3,Dry,2021,2021-03,"{""type"":""MultiPoint"",""coordinates"":[]}"
VHI_M_2021-03_0000000000000000000a,0.6643018830282613,3.7009751407773654,11,3,Dry,2021,2021-03,"{""type"":""MultiPoint"",""coordinates"":[]}"
VHI_M_2021-03_000000000000000000b1,0.7046371364201376,3.868138206536807,178,3,Dry,2021,2021-03,"{""type"":""MultiPoint"",""coordinates"":[]}"
VHI_M_2021-03_000000000000000000b2,0.6576613964270166,3.5270221097394723,179,3,Dry,2021,2021-03,"{""type"":""MultiPoint"",""coordinates"":[]}"
VHI_M_2021-03_000000000000000000b3,0.6570494956777484,3.4964170937201424,180,3,Dry,2021,2021-03,"{""type"":""MultiPoint"",""coordinates"":[]}"
VHI_M_2021-03_000000000000000000ca,0.6912879972566891,3.77979679562329,203,3,Dry,2021,2021-03,"{""type"":""MultiPoint"",""coordinates"":[]}"
VHI_M_2021-03_000000000000000000d2,0.6345011171095707,3.3577153452966186,211,3,Dry,2021,2021-03,"{""type"":""MultiPoint"",""coordinates"":[]}"
VHI_M_2021-03_000000000000000000d3,0.6217485915699309,3.2274518396921885,212,3,Dry,2021,2021-03,"{""type"":""MultiPoint"",""coordinates"":[]}"
VHI_M_2021-03_000000000000000000d4,0.6480020780201455,3.4284414448635614,213,3,Dry,2021,2021-03,"{""type"":""MultiPoint"",""coordinates"":[]}"
VHI_M_2021-03_000000000000000000d5,0.6718942950644415,3.60572740167983,214,3,Dry,2021,2021-03,"{""type"":""MultiPoint"",""coordinates"":[]}"
VHI_M_2021-03_000000000000000000bc,0.6569299163058565,3.530065970236684,189,3,Dry,2021,2021-03,"{""type"":""MultiPoint"",""coordinates"":[]}"
VHI_M_2021-03_000000000000000000bd,0.6635241642193842,3.610681330430538,190,3,Dry,2021,2021-03,"{""type"":""MultiPoint"",""coordinates"":[]}"
VHI_M_2021-03_000000000000000000be,0.6488999419006979,3.468687989571952,191,3,Dry,2021,2021-03,"{""type"":""MultiPoint"",""coordinates"":[]}"
VHI_M_2021-03_000000000000000000f1,0.6801717652687946,3.68922902494331,242,3,Dry,2021,2021-03,"{""type"":""MultiPoint"",""coordinates"":[]}"
VHI_M_2021-03_00000000000000000100,0.6532582322178212,3.5205519700914882,257,3,Dry,2021,2021-03,"{""type"":""MultiPoint"",""coordinates"":[]}"
VHI_M_2021-03_00000000000000000101,0.6737817894028204,3.680820043766378,258,3,Dry,2021,2021-03,"{""type"":""MultiPoint"",""coordinates"":[]}"
VHI_M_2021-03_0000000000000000012f,0.6873052385725559,3.747069486494576,304,3,Dry,2021,2021-03,"{""type"":""MultiPoint"",""coordinates"":[]}"
VHI_M_2021-03_00000000000000000130,0.6546750961197209,3.536179330392942,305,3,Dry,2021,2021-03,"{""type"":""MultiPoint"",""coordinates"":[]}"
VHI_M_2021-03_00000000000000000131,0.6321061472479861,3.375942523254968,306,3,Dry,2021,2021-03,"{""type"":""MultiPoint"",""coordinates"":[]}"
VHI_M_2021-03_00000000000000000065,0.6982875415070579,3.815875696443112,102,3,Dry,2021,2021-03,"{""type"":""MultiPoint"",""coordinates"":[]}"
VHI_M_2021-03_00000000000000000066,0.6735119006105942,3.649584505462265,103,3,Dry,2021,2021-03,"{""type"":""MultiPoint"",""coordinates"":[]}"
VHI_M_2021-03_00000000000000000067,0.667025426381356,3.604202098221318,104,3,Dry,2021,2021-03,"{""type"":""MultiPoint"",""coordinates"":[]}"
VHI_M_2021-03_00000000000000000068,0.6515023859823045,3.5011907618612104,105,3,Dry,2021,2021-03,"{""type"":""MultiPoint"",""coordinates"":[]}"
VHI_M_2021-03_00000000000000000109,0.5973658720424647,3.1060946218098975,266,3,Dry,2021,2021-03,"{""type"":""MultiPoint"",""coordinates"":[]}"
VHI_M_2021-03_000000000000000001c1,0.6704605588517029,3.6432107788617363,450,3,Dry,2021,2021-03,"{""type"":""MultiPoint"",""coordinates"":[]}"
VHI_M_2021-03_000000000000000001c2,0.6474634674193895,3.473258453601288,451,3,Dry,2021,2021-03,"{""type"":""MultiPoint"",""coordinates"":[]}"
VHI_M_2021-03_00000000000000000113,0.37402006273514754,1.8040131940626718,276,3,Dry,2021,2021-03,"{""type"":""MultiPoint"",""coordinates"":[]}"
VHI_M_2021-03_00000000000000000114,0.5391197383531913,2.842185781421856,277,3,Dry,2021,2021-03,"{""type"":""MultiPoint"",""coordinates"":[]}"
VHI_M_2021-03_00000000000000000115,0.6174969171133199,3.2752605404849735,278,3,Dry,2021,2021-03,"{""type"":""MultiPoint"",""coordinates"":[]}"
VHI_M_2021-03_00000000000000000116,0.6111888236494359,3.2554878289733664,279,3,Dry,2021,2021-03,"{""type"":""MultiPoint"",""coordinates"":[]}"
VHI_M_2021-03_00000000000000000117,0.5990050727869966,3.172795670332075,280,3,Dry,2021,2021-03,"{""type"":""MultiPoint"",""coordinates"":[]}"
VHI_M_2021-03_00000000000000000167,0.6448817351205122,3.2899437644723792,360,3,Dry,2021,2021-03,"{""type"":""MultiPoint"",""coordinates"":[]}"
VHI_M_2021-03_00000000000000000168,0.6436364141936154,3.5291425697762135,361,3,Dry,2021,2021-03,"{""type"":""MultiPoint"",""coordinates"":[]}"
VHI_M_2021-03_00000000000000000169,0.6301344376193196,3.352859676768599,362,3,Dry,2021,2021-03,"{""type"":""MultiPoint"",""coordinates"":[]}"
VHI_M_2021-03_0000000000000000016a,0.5833278701041502,3.0276399544981487,363,3,Dry,2021,2021-03,"{""type"":""MultiPoint"",""coordinates"":[]}"
VHI_M_2021-03_0000000000000000016b,0.43278088927718417,2.062323749386954,364,3,Dry,2021,2021-03,"{""type"":""MultiPoint"",""coordinates"":[]}"
VHI_M_2021-03_0000000000000000016c,0.4376177223683742,2.146063239497695,365,3,Dry,2021,2021-03,"{""type"":""MultiPoint"",""coordinates"":[]}"
VHI_M_2021-03_0000000000000000016d,0.5965881678833088,3.110977156227116,366,3,Dry,2021,2021-03,"{""type"":""MultiPoint"",""coordinates"":[]}"
VHI_M_2021-03_000000000000000000cb,0.7049013500659304,3.8506042134531078,204,3,Dry,2021,2021-03,"{""type"":""MultiPoint"",""coordinates"":[]}"
VHI_M_2021-03_000000000000000000eb,15.446051938695526,3.347519076209964,236,3,Dry,2021,2021-03,"{""type"":""MultiPoint"",""coordinates"":[]}"
VHI_M_2021-03_000000000000000000ec,0.5149476649953723,2.591542588803291,237,3,Dry,2021,2021-03,"{""type"":""MultiPoint"",""coordinates"":[]}"
VHI_M_2021-03_000000000000000000ed,0.5359816322900374,2.754988385764677,238,3,Dry,2021,2021-03,"{""type"":""MultiPoint"",""coordinates"":[]}"
VHI_M_2021-03_000000000000000000ee,0.5912369163651475,3.162033898305085,239,3,Dry,2021,2021-03,"{""type"":""MultiPoint"",""coordinates"":[]}"
VHI_M_2021-03_000000000000000000ef,0.5773675253863069,2.998138951880662,240,3,Dry,2021,2021-03,"{""type"":""MultiPoint"",""coordinates"":[]}"
VHI_M_2021-03_00000000000000000146,0.46210606093393414,2.263313408326665,327,3,Dry,2021,2021-03,"{""type"":""MultiPoint"",""coordinates"":[]}"
VHI_M_2021-03_00000000000000000147,8.46952249124894,2.5673476481648247,328,3,Dry,2021,2021-03,"{""type"":""MultiPoint"",""coordinates"":[]}"
VHI_M_2021-03_00000000000000000148,0.4281480521712869,2.0142905317273985,329,3,Dry,2021,2021-03,"{""type"":""MultiPoint"",""coordinates"":[]}"
VHI_M_2021-03_0000000000000000015e,0.5175337221556631,2.627957488559509,351,3,Dry,2021,2021-03,"{""type"":""MultiPoint"",""coordinates"":[]}"
VHI_M_2021-03_0000000000000000015f,0.5280090688020681,2.6978254842159477,352,3,Dry,2021,2021-03,"{""type"":""MultiPoint"",""coordinates"":[]}"
VHI_M_2021-03_00000000000000000160,0.47904343182711223,2.3888636215970362,353,3,Dry,2021,2021-03,"{""type"":""MultiPoint"",""coordinates"":[]}"
VHI_M_2021-03_00000000000000000161,0.5642853244871892,3.02706020495303,354,3,Dry,2021,2021-03,"{""type"":""MultiPoint"",""coordinates"":[]}"
VHI_M_2021-03_00000000000000000162,4.4990768912707715,2.963655560399847,355,3,Dry,2021,2021-03,"{""type"":""MultiPoint"",""coordinates"":[]}"
VHI_M_2021-03_00000000000000000010,0.5090931525044214,2.541009032022626,17,3,Dry,2021,2021-03,"{""type"":""MultiPoint"",""coordinates"":[]}"
VHI_M_2021-03_00000000000000000121,0.5973398330602685,3.150073058334269,290,3,Dry,2021,2021-03,"{""type"":""MultiPoint"",""coordinates"":[]}"
VHI_M_2021-03_00000000000000000122,0.6707728988596716,2.8544469259555245,291,3,Dry,2021,2021-03,"{""type"":""MultiPoint"",""coordinates"":[]}"
VHI_M_2021-03_00000000000000000123,0.5256856794780776,2.6553954157321438,292,3,Dry,2021,2021-03,"{""type"":""MultiPoint"",""coordinates"":[]}"
VHI_M_2021-03_0000000000000000019a,0.582970616909459,3.0830503701986007,411,3,Dry,2021,2021-03,"{""type"":""MultiPoint"",""coordinates"":[]}"
VHI_M_2021-03_0000000000000000019b,0.5926606094727246,3.124839576951541,412,3,Dry,2021,2021-03,"{""type"":""MultiPoint"",""coordinates"":[]}"
VHI_M_2021-03_0000000000000000019c,0.4709506272896348,2.3109977304519944,413,3,Dry,2021,2021-03,"{""type"":""MultiPoint"",""coordinates"":[]}"
VHI_M_2021-03_0000000000000000019d,0.5713339067248179,3.0118578731249475,414,3,Dry,2021,2021-03,"{""type"":""MultiPoint"",""coordinates"":[]}"
VHI_M_2021-03_0000000000000000019e,4.199712570489985,2.9371927111448324,415,3,Dry,2021,2021-03,"{""type"":""MultiPoint"",""coordinates"":[]}"
VHI_M_2021-03_0000000000000000019f,0.5476907005101468,2.8252049291992005,416,3,Dry,2021,2021-03,"{""type"":""MultiPoint"",""coordinates"":[]}"
VHI_M_2021-03_00000000000000000216,0.4356494178179696,2.0522133938706015,535,3,Dry,2021,2021-03,"{""type"":""MultiPoint"",""coordinates"":[]}"
VHI_M_2021-03_00000000000000000217,0.610098132194196,2.860277109900477,536,3,Dry,2021,2021-03,"{""type"":""MultiPoint"",""coordinates"":[]}"
VHI_M_2021-03_00000000000000000218,0.4323383156454766,2.133475715867742,537,3,Dry,2021,2021-03,"{""type"":""MultiPoint"",""coordinates"":[]}"
VHI_M_2021-03_00000000000000000219,0.44756902010948657,2.110726123310866,538,3,Dry,2021,2021-03,"{""type"":""MultiPoint"",""coordinates"":[]}"
VHI_M_2021-03_0000000000000000021a,8.333461824786484,2.585359256722345,539,3,Dry,2021,2021-03,"{""type"":""MultiPoint"",""coordinates"":[]}"
VHI_M_2021-03_00000000000000000004,0.5943352034223593,3.120372479781294,5,3,Dry,2021,2021-03,"{""type"":""MultiPoint"",""coordinates"":[]}"
VHI_M_2021-03_00000000000000000028,0.46630981707028246,2.2823008173137294,41,3,Dry,2021,2021-03,"{""type"":""MultiPoint"",""coordinates"":[]}"
VHI_M_2021-03_00000000000000000029,0.528310649978789,2.697989346679639,42,3,Dry,2021,2021-03,"{""type"":""MultiPoint"",""coordinates"":[]}"
VHI_M_2021-03_0000000000000000002a,0.534329496992818,2.74506581365546,43,3,Dry,2021,2021-03,"{""type"":""MultiPoint"",""coordinates"":[]}"
VHI_M_2021-03_0000000000000000002b,0.49392230513909674,2.4788151534209155,44,3,Dry,2021,2021-03,"{""type"":""MultiPoint"",""coordinates"":[]}"
VHI_M_2021-03_000000000000000000a7,0.5177430117072126,2.604972032825705,168,3,Dry,2021,2021-03,"{""type"":""MultiPoint"",""coordinates"":[]}"
VHI_M_2021-03_000000000000000000a8,0.507161206995133,2.5669193148085063,169,3,Dry,2021,2021-03,"{""type"":""MultiPoint"",""coordinates"":[]}"
VHI_M_2021-03_0000000000000000000c,0.5533826061187523,2.8280269262257804,13,3,Dry,2021,2021-03,"{""type"":""MultiPoint"",""coordinates"":[]}"
VHI_M_2021-03_00000000000000000060,0.5781650897206541,3.0276385179309533,97,3,Dry,2021,2021-03,"{""type"":""MultiPoint"",""coordinates"":[]}"
VHI_M_2021-03_00000000000000000061,0.6176047234025515,3.2627681823522487,98,3,Dry,2021,2021-03,"{""type"":""MultiPoint"",""coordinates"":[]}"
VHI_M_2021-03_00000000000000000062,0.5775993587901689,3.002590339037604,99,3,Dry,2021,2021-03,"{""type"":""MultiPoint"",""coordinates"":[]}"
VHI_M_2021-03_00000000000000000063,0.5830194246316515,3.0399322663813604,100,3,Dry,2021,2021-03,"{""type"":""MultiPoint"",""coordinates"":[]}"
VHI_M_2021-03_00000000000000000064,0.5701475000902985,2.9942558266947508,101,3,Dry,2021,2021-03,"{""type"":""MultiPoint"",""coordinates"":[]}"
VHI_M_2021-03_00000000000000000011,0.45717062767738853,2.1674813765929946,18,3,Dry,2021,2021-03,"{""type"":""MultiPoint"",""coordinates"":[]}"
VHI_M_2021-03_00000000000000000033,0.5190500528215065,2.634569947698066,52,3,Dry,2021,2021-03,"{""type"":""MultiPoint"",""coordinates"":[]}"
VHI_M_2021-03_00000000000000000034,0.5621755866355781,2.9125208221298244,53,3,Dry,2021,2021-03,"{""type"":""MultiPoint"",""coordinates"":[]}"
VHI_M_2021-03_000000000000000001b3,0.5629693070341699,2.89052309314102,436,3,Dry,2021,2021-03,"{""type"":""MultiPoint"",""coordinates"":[]}"
VHI_M_2021-03_000000000000000001b4,0.5263323569896646,2.695848586600688,437,3,Dry,2021,2021-03,"{""type"":""MultiPoint"",""coordinates"":[]}"
VHI_M_2021-03_000000000000000001b5,0.5793973556553544,3.0065719173752172,438,3,Dry,2021,2021-03,"{""type"":""MultiPoint"",""coordinates"":[]}"
VHI_M_2021-03_00000000000000000005,0.6825841480171071,3.6544698828018523,6,3,Dry,2021,2021-03,"{""type"":""MultiPoint"",""coordinates"":[]}"
VHI_M_2021-03_00000000000000000082,0.657535569796323,3.5655716754704128,131,3,Dry,2021,2021-03,"{""type"":""MultiPoint"",""coordinates"":[]}"
VHI_M_2021-03_00000000000000000083,0.6095903427311035,3.2152721444139294,132,3,Dry,2021,2021-03,"{""type"":""MultiPoint"",""coordinates"":[]}"
VHI_M_2021-03_00000000000000000084,0.6789236354298251,3.6865797554048814,133,3,Dry,2021,2021-03,"{""type"":""MultiPoint"",""coordinates"":[]}"
VHI_M_2021-03_00000000000000000085,0.6360005708619875,3.3626637916735773,134,3,Dry,2021,2021-03,"{""type"":""MultiPoint"",""coordinates"":[]}"
VHI_M_2021-03_00000000000000000086,0.7571766007834428,4.218943024313427,135,3,Dry,2021,2021-03,"{""type"":""MultiPoint"",""coordinates"":[]}"
VHI_M_2021-03_00000000000000000087,0.7423956849101219,4.112381602525813,136,3,Dry,2021,2021-03,"{""type"":""MultiPoint"",""coordinates"":[]}"
VHI_M_2021-03_0000000000000000010c,0.6134221061329928,3.253468611185011,269,3,Dry,2021,2021-03,"{""type"":""MultiPoint"",""coordinates"":[]}"
VHI_M_2021-03_0000000000000000010d,0.5671813548512626,2.9468194290262457,270,3,Dry,2021,2021-03,"{""type"":""MultiPoint"",""coordinates"":[]}"
VHI_M_2021-03_0000000000000000010e,0.5498844139789537,2.82192943458756,271,3,Dry,2021,2021-03,"{""type"":""MultiPoint"",""coordinates"":[]}"
VHI_M_2021-03_0000000000000000010f,0.6312360698989149,3.376473371413301,272,3,Dry,2021,2021-03,"{""type"":""MultiPoint"",""coordinates"":[]}"
VHI_M_2021-03_00000000000000000110,0.6386032847059953,3.430127096564691,273,3,Dry,2021,2021-03,"{""type"":""MultiPoint"",""coordinates"":[]}"
VHI_M_2021-03_00000000000000000111,0.6291918935209847,3.3418850810864478,274,3,Dry,2021,2021-03,"{""type"":""MultiPoint"",""coordinates"":[]}"
VHI_M_2021-03_000000000000000001d0,0.6559911947054385,3.5434979718444284,465,3,Dry,2021,2021-03,"{""type"":""MultiPoint"",""coordinates"":[]}"
VHI_M_2021-03_000000000000000001d1,0.7091887940338967,3.8936426503977692,466,3,Dry,2021,2021-03,"{""type"":""MultiPoint"",""coordinates"":[]}"
VHI_M_2021-03_00000000000000000009,0.6056476750580877,3.234178002138611,10,3,Dry,2021,2021-03,"{""type"":""MultiPoint"",""coordinates"":[]}"
VHI_M_2021-03_0000000000000000009e,0.6175605741972218,3.2807714001128074,159,3,Dry,2021,2021-03,"{""type"":""MultiPoint"",""coordinates"":[]}"
VHI_M_2021-03_0000000000000000009f,0.6402153495539049,3.4073875228175683,160,3,Dry,2021,2021-03,"{""type"":""MultiPoint"",""coordinates"":[]}"
VHI_M_2021-03_00000000000000000154,0.6862945990982176,3.7436804228852174,341,3,Dry,2021,2021-03,"{""type"":""MultiPoint"",""coordinates"":[]}"
VHI_M_2021-03_00000000000000000155,0.6463238603459412,3.449782964109349,342,3,Dry,2021,2021-03,"{""type"":""MultiPoint"",""coordinates"":[]}"
VHI_M_2021-03_00000000000000000156,0.5955535522694878,3.1338838814340333,343,3,Dry,2021,2021-03,"{""type"":""MultiPoint"",""coordinates"":[]}"
VHI_M_2021-03_00000000000000000157,0.5973137677363157,3.142673700022179,344,3,Dry,2021,2021-03,"{""type"":""MultiPoint"",""coordinates"":[]}"
VHI_M_2021-03_00000000000000000178,0.6620123838016354,3.560699706289249,377,3,Dry,2021,2021-03,"{""type"":""MultiPoint"",""coordinates"":[]}"
VHI_M_2021-03_00000000000000000179,0.5742343286203904,3.0192077229689005,378,3,Dry,2021,2021-03,"{""type"":""MultiPoint"",""coordinates"":[]}"
VHI_M_2021-03_0000000000000000017a,0.625747271165822,3.3628157438965163,379,3,Dry,2021,2021-03,"{""type"":""MultiPoint"",""coordinates"":[]}"
VHI_M_2021-03_0000000000000000017b,0.5837357723963998,3.004139929621197,380,3,Dry,2021,2021-03,"{""type"":""MultiPoint"",""coordinates"":[]}"
VHI_M_2021-03_0000000000000000000f,0.6291744850922724,3.3038663663663668,16,3,Dry,2021,2021-03,"{""type"":""MultiPoint"",""coordinates"":[]}"
VHI_M_2021-03_00000000000000000040,0.6504203320785161,3.4742671968614647,65,3,Dry,2021,2021-03,"{""type"":""MultiPoint"",""coordinates"":[]}"
VHI_M_2021-03_00000000000000000041,0.6456897737245806,3.4811002625758483,66,3,Dry,2021,2021-03,"{""type"":""MultiPoint"",""coordinates"":[]}"
VHI_M_2021-03_00000000000000000042,0.7003226575309929,3.829584172607816,67,3,Dry,2021,2021-03,"{""type"":""MultiPoint"",""coordinates"":[]}"
VHI_M_2021-03_00000000000000000043,0.7094056485251321,3.8908049558326088,68,3,Dry,2021,2021-03,"{""type"":""MultiPoint"",""coordinates"":[]}"
VHI_M_2021-03_00000000000000000192,0.6509364685145109,3.496912716831567,403,3,Dry,2021,2021-03,"{""type"":""MultiPoint"",""coordinates"":[]}"
VHI_M_2021-03_00000000000000000193,0.6972452571283404,3.7887264458348593,404,3,Dry,2021,2021-03,"{""type"":""MultiPoint"",""coordinates"":[]}"
VHI_M_2021-03_00000000000000000194,0.6760911529677095,3.6700876381449676,405,3,Dry,2021,2021-03,"{""type"":""MultiPoint"",""coordinates"":[]}"
VHI_M_2021-03_000000000000000001d2,0.623823130263779,3.316002715200882,467,3,Dry,2021,2021-03,"{""type"":""MultiPoint"",""coordinates"":[]}"
VHI_M_2021-03_000000000000000001d3,0.6152028743943739,3.237560454290216,468,3,Dry,2021,2021-03,"{""type"":""MultiPoint"",""coordinates"":[]}"
VHI_M_2021-03_000000000000000001d4,0.5713339678559561,2.985797531228598,469,3,Dry,2021,2021-03,"{""type"":""MultiPoint"",""coordinates"":[]}"
VHI_M_2021-03_000000000000000001d5,0.6543709827392896,3.546693743833398,470,3,Dry,2021,2021-03,"{""type"":""MultiPoint"",""coordinates"":[]}"
VHI_M_2021-03_000000000000000001d6,0.6057899764995093,3.168909074883471,471,3,Dry,2021,2021-03,"{""type"":""MultiPoint"",""coordinates"":[]}"
VHI_M_2021-03_000000000000000001d7,0.6148942007703534,3.2450918623358795,472,3,Dry,2021,2021-03,"{""type"":""MultiPoint"",""coordinates"":[]}"
VHI_M_2021-03_00000000000000000069,0.5388728607638976,2.7936335626825874,106,3,Dry,2021,2021-03,"{""type"":""MultiPoint"",""coordinates"":[]}"
VHI_M_2021-03_0000000000000000006a,0.5000588596396857,2.4898470470023466,107,3,Dry,2021,2021-03,"{""type"":""MultiPoint"",""coordinates"":[]}"
VHI_M_2021-03_0000000000000000006b,0.5294397024254839,2.703280835834441,108,3,Dry,2021,2021-03,"{""type"":""MultiPoint"",""coordinates"":[]}"
VHI_M_2021-03_0000000000000000006c,0.5800337136427364,3.029528397296002,109,3,Dry,2021,2021-03,"{""type"":""MultiPoint"",""coordinates"":[]}"
VHI_M_2021-03_0000000000000000006d,0.5390682423092975,2.751445967568764,110,3,Dry,2021,2021-03,"{""type"":""MultiPoint"",""coordinates"":[]}"
VHI_M_2021-03_0000000000000000006e,0.625429700352235,3.3399217125170515,111,3,Dry,2021,2021-03,"{""type"":""MultiPoint"",""coordinates"":[]}"
VHI_M_2021-03_0000000000000000006f,0.5584611862019461,2.904668322156145,112,3,Dry,2021,2021-03,"{""type"":""MultiPoint"",""coordinates"":[]}"
VHI_M_2021-03_000000000000000000d6,0.49907006865932335,2.5426182237600923,215,3,Dry,2021,2021-03,"{""type"":""MultiPoint"",""coordinates"":[]}"
VHI_M_2021-03_0000000000000000013b,0.5084382513954402,2.5160363810435613,316,3,Dry,2021,2021-03,"{""type"":""MultiPoint"",""coordinates"":[]}"
VHI_M_2021-03_0000000000000000013c,0.4842802886651486,2.454630706064575,317,3,Dry,2021,2021-03,"{""type"":""MultiPoint"",""coordinates"":[]}"
VHI_M_2021-03_0000000000000000013d,0.47221957421237915,2.3359602292411914,318,3,Dry,2021,2021-03,"{""type"":""MultiPoint"",""coordinates"":[]}"
VHI_M_2021-03_0000000000000000013e,0.4326185349975299,2.0620548631204096,319,3,Dry,2021,2021-03,"{""type"":""MultiPoint"",""coordinates"":[]}"
VHI_M_2021-03_0000000000000000013f,0.4438445635894499,2.1473094113464373,320,3,Dry,2021,2021-03,"{""type"":""MultiPoint"",""coordinates"":[]}"
VHI_M_2021-03_00000000000000000140,10.276370279052461,2.561765205277122,321,3,Dry,2021,2021-03,"{""type"":""MultiPoint"",""coordinates"":[]}"
VHI_M_2021-03_000000000000000001bc,0.4873884209024595,2.383909163711246,445,3,Dry,2021,2021-03,"{""type"":""MultiPoint"",""coordinates"":[]}"
VHI_M_2021-03_000000000000000001bd,0.4868386158133051,2.4496323108136324,446,3,Dry,2021,2021-03,"{""type"":""MultiPoint"",""coordinates"":[]}"
VHI_M_2021-03_000000000000000001be,0.4902578188901614,2.437292205393424,447,3,Dry,2021,2021-03,"{""type"":""MultiPoint"",""coordinates"":[]}"
VHI_M_2021-03_000000000000000001bf,0.5114022359626327,2.5756128476183227,448,3,Dry,2021,2021-03,"{""type"":""MultiPoint"",""coordinates"":[]}"
VHI_M_2021-03_000000000000000001c0,0.49446010137217006,2.4344263324721673,449,3,Dry,2021,2021-03,"{""type"":""MultiPoint"",""coordinates"":[]}"
VHI_M_2021-03_00000000000000000006,0.7404754392807678,4.053789731051345,7,3,Dry,2021,2021-03,"{""type"":""MultiPoint"",""coordinates"":[]}"
VHI_M_2021-03_0000000000000000002c,0.7043259925447163,3.875360196834644,45,3,Dry,2021,2021-03,"{""type"":""MultiPoint"",""coordinates"":[]}"
VHI_M_2021-03_0000000000000000002d,0.7577482335105631,4.232454315371487,46,3,Dry,2021,2021-03,"{""type"":""MultiPoint"",""coordinates"":[]}"
VHI_M_2021-03_0000000000000000002e,0.7235085659811875,3.995638100727334,47,3,Dry,2021,2021-03,"{""type"":""MultiPoint"",""coordinates"":[]}"
VHI_M_2021-03_0000000000000000002f,0.7510093043944173,4.162082055979418,48,3,Dry,2021,2021-03,"{""type"":""MultiPoint"",""coordinates"":[]}"
VHI_M_2021-03_0000000000000000009b,0.6289465728019528,3.3913888030782355,156,3,Dry,2021,2021-03,"{""type"":""MultiPoint"",""coordinates"":[]}"
VHI_M_2021-03_0000000000000000009c,0.6503476067319743,3.555297509021667,157,3,Dry,2021,2021-03,"{""type"":""MultiPoint"",""coordinates"":[]}"
VHI_M_2021-03_0000000000000000009d,0.6916870875011027,3.8122508662849275,158,3,Dry,2021,2021-03,"{""type"":""MultiPoint"",""coordinates"":[]}"
VHI_M_2021-03_000000000000000001b6,0.7055735728924173,3.907991568359159,439,3,Dry,2021,2021-03,"{""type"":""MultiPoint"",""coordinates"":[]}"
VHI_M_2021-03_000000000000000001b7,0.7074862105816114,3.926230603324873,440,3,Dry,2021,2021-03,"{""type"":""MultiPoint"",""coordinates"":[]}"
VHI_M_2021-03_000000000000000001b8,0.6438862810139309,3.4541063965755097,441,3,Dry,2021,2021-03,"{""type"":""MultiPoint"",""coordinates"":[]}"
VHI_M_2021-03_000000000000000001b9,0.6984854180321253,3.8246645248512614,442,3,Dry,2021,2021-03,"{""type"":""MultiPoint"",""coordinates"":[]}"
VHI_M_2021-03_000000000000000001ba,0.6844777984870122,3.7300684056031446,443,3,Dry,2021,2021-03,"{""type"":""MultiPoint"",""coordinates"":[]}"
VHI_M_2021-03_000000000000000001bb,0.698256476453711,3.852786984990577,444,3,Dry,2021,2021-03,"{""type"":""MultiPoint"",""coordinates"":[]}"
VHI_M_2021-03_00000000000000000221,0.4882636947072453,2.271736309369323,546,3,Dry,2021,2021-03,"{""type"":""MultiPoint"",""coordinates"":[]}"
VHI_M_2021-03_00000000000000000222,0.5868673595813604,3.0511209913915454,547,3,Dry,2021,2021-03,"{""type"":""MultiPoint"",""coordinates"":[]}"
VHI_M_2021-03_00000000000000000223,0.6113480850139613,3.2396656264692476,548,3,Dry,2021,2021-03,"{""type"":""MultiPoint"",""coordinates"":[]}"
VHI_M_2021-03_00000000000000000224,0.5614024611350782,2.9344549951052152,549,3,Dry,2021,2021-03,"{""type"":""MultiPoint"",""coordinates"":[]}"
VHI_M_2021-03_00000000000000000225,0.5271559290473259,2.6559148772020054,550,3,Dry,2021,2021-03,"{""type"":""MultiPoint"",""coordinates"":[]}"
VHI_M_2021-03_00000000000000000053,0.490902744068008,2.447706006640509,84,3,Dry,2021,2021-03,"{""type"":""MultiPoint"",""coordinates"":[]}"
VHI_M_2021-03_00000000000000000054,0.48199042230881933,2.4202476766661927,85,3,Dry,2021,2021-03,"{""type"":""MultiPoint"",""coordinates"":[]}"
VHI_M_2021-03_00000000000000000055,0.45728334099071993,2.217308832246592,86,3,Dry,2021,2021-03,"{""type"":""MultiPoint"",""coordinates"":[]}"
VHI_M_2021-03_00000000000000000056,0.46323190127336267,2.323575270912918,87,3,Dry,2021,2021-03,"{""type"":""MultiPoint"",""coordinates"":[]}"
VHI_M_2021-03_00000000000000000057,0.5649303310863787,2.9382731200458183,88,3,Dry,2021,2021-03,"{""type"":""MultiPoint"",""coordinates"":[]}"
VHI_M_2021-03_000000000000000000de,0.5696887987259934,2.926816482108914,223,3,Dry,2021,2021-03,"{""type"":""MultiPoint"",""coordinates"":[]}"
VHI_M_2021-03_000000000000000000df,26.63707822477053,3.7884580874198153,224,3,Dry,2021,2021-03,"{""type"":""MultiPoint"",""coordinates"":[]}"
VHI_M_2021-03_000000000000000000e0,3.821788363261584,2.775663557256971,225,3,Dry,2021,2021-03,"{""type"":""MultiPoint"",""coordinates"":[]}"
VHI_M_2021-03_000000000000000000e1,8.212276628516381,3.8313922695795335,226,3,Dry,2021,2021-03,"{""type"":""MultiPoint"",""coordinates"":[]}"
VHI_M_2021-03_000000000000000000ff,0.41982083123184305,2.0370990123255246,256,3,Dry,2021,2021-03,"{""type"":""MultiPoint"",""coordinates"":[]}"
VHI_M_2021-03_0000000000000000011c,0.44176624598020314,2.1097791511405983,285,3,Dry,2021,2021-03,"{""type"":""MultiPoint"",""coordinates"":[]}"
VHI_M_2021-03_0000000000000000011d,0.46185778960053875,2.2574794022743654,286,3,Dry,2021,2021-03,"{""type"":""MultiPoint"",""coordinates"":[]}"
VHI_M_2021-03_0000000000000000011e,0.46950240403132404,2.324167210973221,287,3,Dry,2021,2021-03,"{""type"":""MultiPoint"",""coordinates"":[]}"
VHI_M_2021-03_0000000000000000011f,0.49838389068274,2.492865575845603,288,3,Dry,2021,2021-03,"{""type"":""MultiPoint"",""coordinates"":[]}"
VHI_M_2021-03_000000000000000001c4,8.71716537495975,2.6577007153777754,453,3,Dry,2021,2021-03,"{""type"":""MultiPoint"",""coordinates"":[]}"
VHI_M_2021-03_000000000000000001c5,0.5095641326361834,2.593294439433177,454,3,Dry,2021,2021-03,"{""type"":""MultiPoint"",""coordinates"":[]}"
VHI_M_2021-03_000000000000000001c6,0.5846402154892777,3.067041459547649,455,3,Dry,2021,2021-03,"{""type"":""MultiPoint"",""coordinates"":[]}"
VHI_M_2021-03_00000000000000000003,0.8266810435388814,3.4739364889155184,4,3,Dry,2021,2021-03,"{""type"":""MultiPoint"",""coordinates"":[]}"
VHI_M_2021-03_0000000000000000001b,12.255024822998625,3.075177304964539,28,3,Dry,2021,2021-03,"{""type"":""MultiPoint"",""coordinates"":[]}"
VHI_M_2021-03_00000000000000000186,64.38240938905547,3.9621554330428594,391,3,Dry,2021,2021-03,"{""type"":""MultiPoint"",""coordinates"":[]}"
VHI_M_2021-03_00000000000000000187,0.5951866318220012,3.1237644739604997,392,3,Dry,2021,2021-03,"{""type"":""MultiPoint"",""coordinates"":[]}"
VHI_M_2021-03_00000000000000000188,2.8763544682230635,3.3966599047789665,393,3,Dry,2021,2021-03,"{""type"":""MultiPoint"",""coordinates"":[]}"
VHI_M_2021-03_00000000000000000189,3.628391471226307,3.261101630178622,394,3,Dry,2021,2021-03,"{""type"":""MultiPoint"",""coordinates"":[]}"
VHI_M_2021-03_0000000000000000018a,0.5604179810721291,2.8986510161177286,395,3,Dry,2021,2021-03,"{""type"":""MultiPoint"",""coordinates"":[]}"
VHI_M_2021-03_0000000000000000018f,0.6573009567138867,3.5138658146964854,400,3,Dry,2021,2021-03,"{""type"":""MultiPoint"",""coordinates"":[]}"
VHI_M_2021-03_00000000000000000190,0.5491374373682815,3.040507312022776,401,3,Dry,2021,2021-03,"{""type"":""MultiPoint"",""coordinates"":[]}"
VHI_M_2021-03_0000000000000000021e,0.6547765499212534,3.676333986995562,543,3,Dry,2021,2021-03,"{""type"":""MultiPoint"",""coordinates"":[]}"
VHI_M_2021-03_0000000000000000021f,0.7847032981142554,3.617681462088073,544,3,Dry,2021,2021-03,"{""type"":""MultiPoint"",""coordinates"":[]}"
VHI_M_2021-03_00000000000000000220,0.6499193414382757,3.375932232215993,545,3,Dry,2021,2021-03,"{""type"":""MultiPoint"",""coordinates"":[]}"
VHI_M_2021-03_00000000000000000007,0.715821531645895,3.939478730203818,8,3,Dry,2021,2021-03,"{""type"":""MultiPoint"",""coordinates"":[]}"
VHI_M_2021-03_0000000000000000000b,0.6485060687819026,3.451453977409276,12,3,Dry,2021,2021-03,"{""type"":""MultiPoint"",""coordinates"":[]}"
VHI_M_2021-03_00000000000000000012,0.6028044769873193,3.2271665036433808,19,3,Dry,2021,2021-03,"{""type"":""MultiPoint"",""coordinates"":[]}"
VHI_M_2021-03_00000000000000000013,0.5750835677066859,2.9946850669950367,20,3,Dry,2021,2021-03,"{""type"":""MultiPoint"",""coordinates"":[]}"
VHI_M_2021-03_00000000000000000014,0.5522622459066763,2.880566147482714,21,3,Dry,2021,2021-03,"{""type"":""MultiPoint"",""coordinates"":[]}"
VHI_M_2021-03_00000000000000000015,0.5759197240744441,3.0430597407260183,22,3,Dry,2021,2021-03,"{""type"":""MultiPoint"",""coordinates"":[]}"
VHI_M_2021-03_00000000000000000016,0.5964815621029746,3.135194154371623,23,3,Dry,2021,2021-03,"{""type"":""MultiPoint"",""coordinates"":[]}"
VHI_M_2021-03_00000000000000000183,0.5917975665437272,3.092344058023204,388,3,Dry,2021,2021-03,"{""type"":""MultiPoint"",""coordinates"":[]}"
VHI_M_2021-03_00000000000000000184,0.6184979109478934,3.2841080253894295,389,3,Dry,2021,2021-03,"{""type"":""MultiPoint"",""coordinates"":[]}"
VHI_M_2021-03_00000000000000000185,5.04217793752547,3.518914896295364,390,3,Dry,2021,2021-03,"{""type"":""MultiPoint"",""coordinates"":[]}"
VHI_M_2021-03_00000000000000000212,0.6627164946443985,3.6564043463944675,531,3,Dry,2021,2021-03,"{""type"":""MultiPoint"",""coordinates"":[]}"
VHI_M_2021-03_00000000000000000213,0.7519299687002218,4.143990131019226,532,3,Dry,2021,2021-03,"{""type"":""MultiPoint"",""coordinates"":[]}"
VHI_M_2021-03_00000000000000000214,0.650811362707831,3.5016300276462005,533,3,Dry,2021,2021-03,"{""type"":""MultiPoint"",""coordinates"":[]}"
VHI_M_2021-03_00000000000000000215,0.6775768319406754,3.687154446709457,534,3,Dry,2021,2021-03,"{""type"":""MultiPoint"",""coordinates"":[]}"
VHI_M_2021-03_0000000000000000005a,74.95109471728239,2.8352821156713492,91,3,Dry,2021,2021-03,"{""type"":""MultiPoint"",""coordinates"":[]}"
VHI_M_2021-03_00000000000000000118,53.08718584814026,3.5817225846302194,281,3,Dry,2021,2021-03,"{""type"":""MultiPoint"",""coordinates"":[]}"
VHI_M_2021-03_00000000000000000119,8.311529987509246,2.3970447264089536,282,3,Dry,2021,2021-03,"{""type"":""MultiPoint"",""coordinates"":[]}"
VHI_M_2021-03_0000000000000000011a,3.9020782564636525,3.497901504584565,283,3,Dry,2021,2021-03,"{""type"":""MultiPoint"",""coordinates"":[]}"
VHI_M_2021-03_0000000000000000011b,0.5910792547520451,3.1216949385344424,284,3,Dry,2021,2021-03,"{""type"":""MultiPoint"",""coordinates"":[]}"
VHI_M_2021-03_00000000000000000141,10.184188098930175,3.107343861649257,322,3,Dry,2021,2021-03,"{""type"":""MultiPoint"",""coordinates"":[]}"
VHI_M_2021-03_00000000000000000142,54.365939305470874,3.9579845826358304,323,3,Dry,2021,2021-03,"{""type"":""MultiPoint"",""coordinates"":[]}"
VHI_M_2021-03_00000000000000000143,13.737638102044809,3.4558253611486776,324,3,Dry,2021,2021-03,"{""type"":""MultiPoint"",""coordinates"":[]}"
VHI_M_2021-03_00000000000000000144,48.94194387990115,3.8853818767883523,325,3,Dry,2021,2021-03,"{""type"":""MultiPoint"",""coordinates"":[]}"
VHI_M_2021-03_00000000000000000145,35.16708525489987,3.8149280307749303,326,3,Dry,2021,2021-03,"{""type"":""MultiPoint"",""coordinates"":[]}"
VHI_M_2021-03_000000000000000001af,85.73656931377867,2.671621101270696,432,3,Dry,2021,2021-03,"{""type"":""MultiPoint"",""coordinates"":[]}"
VHI_M_2021-03_0000000000000000004b,0.6603855440512653,3.469849891731199,76,3,Dry,2021,2021-03,"{""type"":""MultiPoint"",""coordinates"":[]}"
VHI_M_2021-03_0000000000000000004c,0.7176222747544811,3.9028035730078705,77,3,Dry,2021,2021-03,"{""type"":""MultiPoint"",""coordinates"":[]}"
VHI_M_2021-03_0000000000000000004d,0.6743699067388684,3.661329852869913,78,3,Dry,2021,2021-03,"{""type"":""MultiPoint"",""coordinates"":[]}"
VHI_M_2021-03_0000000000000000004e,0.6339534886397249,3.332624300271208,79,3,Dry,2021,2021-03,"{""type"":""MultiPoint"",""coordinates"":[]}"
VHI_M_2021-03_0000000000000000004f,0.668261189274901,3.56586603013576,80,3,Dry,2021,2021-03,"{""type"":""MultiPoint"",""coordinates"":[]}"
VHI_M_2021-03_00000000000000000050,0.7213503027265552,3.9729288975864314,81,3,Dry,2021,2021-03,"{""type"":""MultiPoint"",""coordinates"":[]}"
VHI_M_2021-03_00000000000000000051,0.7273327093325693,3.8073878627968347,82,3,Dry,2021,2021-03,"{""type"":""MultiPoint"",""coordinates"":[]}"
VHI_M_2021-03_00000000000000000052,0.5737746807632608,3.0723790027781854,83,3,Dry,2021,2021-03,"{""type"":""MultiPoint"",""coordinates"":[]}"
VHI_M_2021-03_000000000000000000aa,0.5216292994292265,2.6386197988744353,171,3,Dry,2021,2021-03,"{""type"":""MultiPoint"",""coordinates"":[]}"
VHI_M_2021-03_000000000000000000ab,0.5913515302169341,3.1230633082877644,172,3,Dry,2021,2021-03,"{""type"":""MultiPoint"",""coordinates"":[]}"
VHI_M_2021-03_000000000000000000ac,0.550943695362024,2.8316049418147715,173,3,Dry,2021,2021-03,"{""type"":""MultiPoint"",""coordinates"":[]}"
VHI_M_2021-03_000000000000000000ad,0.5633318657885641,2.922854146973307,174,3,Dry,2021,2021-03,"{""type"":""MultiPoint"",""coordinates"":[]}"
VHI_M_2021-03_000000000000000000ae,0.4115564810309751,1.8831775700934583,175,3,Dry,2021,2021-03,"{""type"":""MultiPoint"",""coordinates"":[]}"
VHI_M_2021-03_000000000000000000af,0.46329314762556223,2.38190038071066,176,3,Dry,2021,2021-03,"{""type"":""MultiPoint"",""coordinates"":[]}"
VHI_M_2021-03_000000000000000000b0,0.5215220101599777,2.6675082846772926,177,3,Dry,2021,2021-03,"{""type"":""MultiPoint"",""coordinates"":[]}"
VHI_M_2021-03_000000000000000001c7,0.5529676320260032,2.9698542129972823,456,3,Dry,2021,2021-03,"{""type"":""MultiPoint"",""coordinates"":[]}"
VHI_M_2021-03_000000000000000001c8,0.6956399588367669,3.792245742338012,457,3,Dry,2021,2021-03,"{""type"":""MultiPoint"",""coordinates"":[]}"
VHI_M_2021-03_000000000000000001c9,0.6340545717167924,3.3757698751871152,458,3,Dry,2021,2021-03,"{""type"":""MultiPoint"",""coordinates"":[]}"
VHI_M_2021-03_000000000000000001ca,0.7995401565751994,4.558750619732273,459,3,Dry,2021,2021-03,"{""type"":""MultiPoint"",""coordinates"":[]}"
VHI_M_2021-03_0000000000000000020a,0.7060369476287895,3.862499568801959,523,3,Dry,2021,2021-03,"{""type"":""MultiPoint"",""coordinates"":[]}"
VHI_M_2021-03_0000000000000000020b,0.9084583481613061,2.69930027573805,524,3,Dry,2021,2021-03,"{""type"":""MultiPoint"",""coordinates"":[]}"
VHI_M_2021-03_0000000000000000020c,0.5775068164934124,3.018986823511791,525,3,Dry,2021,2021-03,"{""type"":""MultiPoint"",""coordinates"":[]}"
VHI_M_2021-03_000000000000000001ab,0.551967158589479,2.7677757716447426,428,3,Dry,2021,2021-03,"{""type"":""MultiPoint"",""coordinates"":[]}"
VHI_M_2021-03_000000000000000001ac,0.5453937933459437,2.81296303380386,429,3,Dry,2021,2021-03,"{""type"":""MultiPoint"",""coordinates"":[]}"
VHI_M_2021-03_000000000000000001ad,8.133236972190637,3.277917952204151,430,3,Dry,2021,2021-03,"{""type"":""MultiPoint"",""coordinates"":[]}"
VHI_M_2021-03_000000000000000001ae,45.519455713219585,3.3312106148021816,431,3,Dry,2021,2021-03,"{""type"":""MultiPoint"",""coordinates"":[]}"
VHI_M_2021-03_000000000000000001c3,39.14704039131511,3.7173690496502294,452,3,Dry,2021,2021-03,"{""type"":""MultiPoint"",""coordinates"":[]}"
VHI_M_2021-03_00000000000000000037,0.6576610527042981,3.5556525044490894,56,3,Dry,2021,2021-03,"{""type"":""MultiPoint"",""coordinates"":[]}"
VHI_M_2021-03_00000000000000000038,0.712116551100027,3.9199614501409927,57,3,Dry,2021,2021-03,"{""type"":""MultiPoint"",""coordinates"":[]}"
VHI_M_2021-03_00000000000000000039,0.6619000866070847,3.630410355521595,58,3,Dry,2021,2021-03,"{""type"":""MultiPoint"",""coordinates"":[]}"
VHI_M_2021-03_0000000000000000003a,0.6830981690774424,3.7172110723508345,59,3,Dry,2021,2021-03,"{""type"":""MultiPoint"",""coordinates"":[]}"
VHI_M_2021-03_0000000000000000003b,0.626911433940491,3.335785993434119,60,3,Dry,2021,2021-03,"{""type"":""MultiPoint"",""coordinates"":[]}"
VHI_M_2021-03_0000000000000000003c,0.6641461026990993,3.600833538976175,61,3,Dry,2021,2021-03,"{""type"":""MultiPoint"",""coordinates"":[]}"
VHI_M_2021-03_0000000000000000003d,0.6595547482538383,3.542523281333412,62,3,Dry,2021,2021-03,"{""type"":""MultiPoint"",""coordinates"":[]}"
VHI_M_2021-03_0000000000000000003e,10.515247453575531,3.246110591679029,63,3,Dry,2021,2021-03,"{""type"":""MultiPoint"",""coordinates"":[]}"
VHI_M_2021-03_0000000000000000003f,0.649872734427699,3.4360575305099457,64,3,Dry,2021,2021-03,"{""type"":""MultiPoint"",""coordinates"":[]}"
VHI_M_2021-03_00000000000000000044,0.48292783363619163,2.4507241551523222,69,3,Dry,2021,2021-03,"{""type"":""MultiPoint"",""coordinates"":[]}"
VHI_M_2021-03_00000000000000000076,0.5774078668233155,3.009163226652422,119,3,Dry,2021,2021-03,"{""type"":""MultiPoint"",""coordinates"":[]}"
VHI_M_2021-03_00000000000000000077,5.898714449063515,3.1277394209354137,120,3,Dry,2021,2021-03,"{""type"":""MultiPoint"",""coordinates"":[]}"
VHI_M_2021-03_00000000000000000078,0.567474056426891,2.927914854520238,121,3,Dry,2021,2021-03,"{""type"":""MultiPoint"",""coordinates"":[]}"
VHI_M_2021-03_00000000000000000079,0.6196739528027468,3.219816397594175,122,3,Dry,2021,2021-03,"{""type"":""MultiPoint"",""coordinates"":[]}"
VHI_M_2021-03_0000000000000000008b,0.5030304871502979,2.566281755196304,140,3,Dry,2021,2021-03,"{""type"":""MultiPoint"",""coordinates"":[]}"
VHI_M_2021-03_0000000000000000008c,1.7809256081912481,4.2238574433224505,141,3,Dry,2021,2021-03,"{""type"":""MultiPoint"",""coordinates"":[]}"
VHI_M_2021-03_0000000000000000008d,10.100332363647382,4.021485777409555,142,3,Dry,2021,2021-03,"{""type"":""MultiPoint"",""coordinates"":[]}"
VHI_M_2021-03_0000000000000000008e,0.8274805338928143,4.676086342545897,143,3,Dry,2021,2021-03,"{""type"":""MultiPoint"",""coordinates"":[]}"
VHI_M_2021-03_0000000000000000008f,0.8357522240429275,4.804878048780485,144,3,Dry,2021,2021-03,"{""type"":""MultiPoint"",""coordinates"":[]}"
VHI_M_2021-03_00000000000000000090,0.7875375854024403,4.371166043259066,145,3,Dry,2021,2021-03,"{""type"":""MultiPoint"",""coordinates"":[]}"
VHI_M_2021-03_00000000000000000091,0.8279751298890535,4.658780403926717,146,3,Dry,2021,2021-03,"{""type"":""MultiPoint"",""coordinates"":[]}"
VHI_M_2021-03_000000000000000000b5,36.25224894737887,3.9935977906100923,182,3,Dry,2021,2021-03,"{""type"":""MultiPoint"",""coordinates"":[]}"
VHI_M_2021-03_000000000000000000cc,9.084436266796162,3.9886937320762677,205,3,Dry,2021,2021-03,"{""type"":""MultiPoint"",""coordinates"":[]}"
VHI_M_2021-03_000000000000000000cd,0.9983841795935557,3.935557336257434,206,3,Dry,2021,2021-03,"{""type"":""MultiPoint"",""coordinates"":[]}"
VHI_M_2021-03_000000000000000001dd,0.7279762689421682,4.090920655112101,478,3,Dry,2021,2021-03,"{""type"":""MultiPoint"",""coordinates"":[]}"
VHI_M_2021-03_000000000000000001de,0.7875936553884644,4.4391862381831215,479,3,Dry,2021,2021-03,"{""type"":""MultiPoint"",""coordinates"":[]}"
VHI_M_2021-03_000000000000000001df,0.735391656911912,4.089526717811319,480,3,Dry,2021,2021-03,"{""type"":""MultiPoint"",""coordinates"":[]}"
VHI_M_2021-03_000000000000000001e0,0.8396837790641678,4.776210028053143,481,3,Dry,2021,2021-03,"{""type"":""MultiPoint"",""coordinates"":[]}"
VHI_M_2021-03_000000000000000001e1,0.7861055910501403,4.435105818099069,482,3,Dry,2021,2021-03,"{""type"":""MultiPoint"",""coordinates"":[]}"
VHI_M_2021-03_0000000000000000007a,0.6157433864357703,3.218107314055978,123,3,Dry,2021,2021-03,"{""type"":""MultiPoint"",""coordinates"":[]}"
VHI_M_2021-03_0000000000000000007b,0.7089843493553033,3.8943708044146095,124,3,Dry,2021,2021-03,"{""type"":""MultiPoint"",""coordinates"":[]}"
VHI_M_2021-03_0000000000000000007c,0.6867113718046358,3.743360878067244,125,3,Dry,2021,2021-03,"{""type"":""MultiPoint"",""coordinates"":[]}"
VHI_M_2021-03_0000000000000000007d,0.6532913143246963,3.4782775259788044,126,3,Dry,2021,2021-03,"{""type"":""MultiPoint"",""coordinates"":[]}"
VHI_M_2021-03_0000000000000000007e,19.489561241600164,3.333080313744287,127,3,Dry,2021,2021-03,"{""type"":""MultiPoint"",""coordinates"":[]}"
VHI_M_2021-03_0000000000000000007f,14.04973786887244,3.684712227240392,128,3,Dry,2021,2021-03,"{""type"":""MultiPoint"",""coordinates"":[]}"
VHI_M_2021-03_00000000000000000080,0.6775880627782032,3.6598497937308268,129,3,Dry,2021,2021-03,"{""type"":""MultiPoint"",""coordinates"":[]}"
VHI_M_2021-03_00000000000000000088,4.740724639623824,3.9687084609811323,137,3,Dry,2021,2021-03,"{""type"":""MultiPoint"",""coordinates"":[]}"
VHI_M_2021-03_00000000000000000089,0.7186778016117678,3.9447344336159467,138,3,Dry,2021,2021-03,"{""type"":""MultiPoint"",""coordinates"":[]}"
VHI_M_2021-03_0000000000000000008a,0.7127075285839115,3.8997060821788274,139,3,Dry,2021,2021-03,"{""type"":""MultiPoint"",""coordinates"":[]}"
VHI_M_2021-03_00000000000000000099,0.7325775525494308,4.021985013219223,154,3,Dry,2021,2021-03,"{""type"":""MultiPoint"",""coordinates"":[]}"
VHI_M_2021-03_0000000000000000009a,2.9684693583065878,3.8635436992563252,155,3,Dry,2021,2021-03,"{""type"":""MultiPoint"",""coordinates"":[]}"
VHI_M_2021-03_00000000000000000112,0.8111682676455418,4.547291881369519,275,3,Dry,2021,2021-03,"{""type"":""MultiPoint"",""coordinates"":[]}"
VHI_M_2021-03_000000000000000001d8,0.6422258934485265,3.4473034288668103,473,3,Dry,2021,2021-03,"{""type"":""MultiPoint"",""coordinates"":[]}"
VHI_M_2021-03_00000000000000000001,0.716354657130643,4.023620071684587,2,3,Dry,2021,2021-03,"{""type"":""MultiPoint"",""coordinates"":[]}"
VHI_M_2021-03_00000000000000000030,0.5548316998644852,2.8675228965848727,49,3,Dry,2021,2021-03,"{""type"":""MultiPoint"",""coordinates"":[]}"
VHI_M_2021-03_00000000000000000031,0.5784454966373304,3.033280471031308,50,3,Dry,2021,2021-03,"{""type"":""MultiPoint"",""coordinates"":[]}"
VHI_M_2021-03_00000000000000000032,0.5623464520934679,2.84053075013228,51,3,Dry,2021,2021-03,"{""type"":""MultiPoint"",""coordinates"":[]}"
VHI_M_2021-03_000000000000000000d7,0.6856606261151318,3.759175189209866,216,3,Dry,2021,2021-03,"{""type"":""MultiPoint"",""coordinates"":[]}"
VHI_M_2021-03_000000000000000000d8,0.6591062589228449,3.5649274651276457,217,3,Dry,2021,2021-03,"{""type"":""MultiPoint"",""coordinates"":[]}"
VHI_M_2021-03_000000000000000000d9,0.608069708598159,3.187360195634436,218,3,Dry,2021,2021-03,"{""type"":""MultiPoint"",""coordinates"":[]}"
VHI_M_2021-03_000000000000000000da,0.6397323763084507,3.4581141967723448,219,3,Dry,2021,2021-03,"{""type"":""MultiPoint"",""coordinates"":[]}"
VHI_M_2021-03_00000000000000000132,0.6381769975181069,3.4150732785591433,307,3,Dry,2021,2021-03,"{""type"":""MultiPoint"",""coordinates"":[]}"
VHI_M_2021-03_00000000000000000133,81.88685735237506,4.454223339810266,308,3,Dry,2021,2021-03,"{""type"":""MultiPoint"",""coordinates"":[]}"
VHI_M_2021-03_00000000000000000134,0.6341923371938101,3.3642809060709373,309,3,Dry,2021,2021-03,"{""type"":""MultiPoint"",""coordinates"":[]}"
VHI_M_2021-03_00000000000000000135,24.750345698262585,3.835266929594287,310,3,Dry,2021,2021-03,"{""type"":""MultiPoint"",""coordinates"":[]}"
VHI_M_2021-03_0000000000000000001f,0.5963389879121822,3.105661194498852,32,3,Dry,2021,2021-03,"{""type"":""MultiPoint"",""coordinates"":[]}"
VHI_M_2021-03_00000000000000000020,0.6076583670240316,3.211323591829032,33,3,Dry,2021,2021-03,"{""type"":""MultiPoint"",""coordinates"":[]}"
VHI_M_2021-03_00000000000000000021,0.5473190019660785,2.8503428615945716,34,3,Dry,2021,2021-03,"{""type"":""MultiPoint"",""coordinates"":[]}"
VHI_M_2021-03_00000000000000000045,0.5215744185253886,2.647825200745541,70,3,Dry,2021,2021-03,"{""type"":""MultiPoint"",""coordinates"":[]}"
VHI_M_2021-03_00000000000000000046,0.6137070387737582,3.2244030362606244,71,3,Dry,2021,2021-03,"{""type"":""MultiPoint"",""coordinates"":[]}"
VHI_M_2021-03_00000000000000000047,0.5691948522370575,2.9821269345595116,72,3,Dry,2021,2021-03,"{""type"":""MultiPoint"",""coordinates"":[]}"
VHI_M_2021-03_00000000000000000048,0.5424177787682278,2.800477026884352,73,3,Dry,2021,2021-03,"{""type"":""MultiPoint"",""coordinates"":[]}"
VHI_M_2021-03_00000000000000000072,0.6126213818184363,3.212767861894787,115,3,Dry,2021,2021-03,"{""type"":""MultiPoint"",""coordinates"":[]}"
VHI_M_2021-03_00000000000000000073,0.6231316987913005,3.284715854347737,116,3,Dry,2021,2021-03,"{""type"":""MultiPoint"",""coordinates"":[]}"
VHI_M_2021-03_00000000000000000074,0.6260793741944362,3.3152962019225525,117,3,Dry,2021,2021-03,"{""type"":""MultiPoint"",""coordinates"":[]}"
VHI_M_2021-03_00000000000000000075,0.6182230972712104,3.2509176858975586,118,3,Dry,2021,2021-03,"{""type"":""MultiPoint"",""coordinates"":[]}"
VHI_M_2021-03_000000000000000000b4,0.5510745356855362,2.9036687023581327,181,3,Dry,2021,2021-03,"{""type"":""MultiPoint"",""coordinates"":[]}"
VHI_M_2021-03_000000000000000000e8,0.5744172816666078,3.093165589935397,233,3,Dry,2021,2021-03,"{""type"":""MultiPoint"",""coordinates"":[]}"
VHI_M_2021-03_000000000000000000e9,0.5935556297186997,3.1087105152083243,234,3,Dry,2021,2021-03,"{""type"":""MultiPoint"",""coordinates"":[]}"
VHI_M_2021-03_000000000000000000ea,0.6155880201866313,3.28511335527514,235,3,Dry,2021,2021-03,"{""type"":""MultiPoint"",""coordinates"":[]}"
VHI_M_2021-03_00000000000000000022,0.6884351856837488,3.732775547573773,35,3,Dry,2021,2021-03,"{""type"":""MultiPoint"",""coordinates"":[]}"
VHI_M_2021-03_00000000000000000023,0.6254223192037951,3.3389869015671785,36,3,Dry,2021,2021-03,"{""type"":""MultiPoint"",""coordinates"":[]}"
VHI_M_2021-03_00000000000000000024,0.6630396198970883,3.6223208737668973,37,3,Dry,2021,2021-03,"{""type"":""MultiPoint"",""coordinates"":[]}"
VHI_M_2021-03_00000000000000000025,0.6420724717329362,3.4379363976306307,38,3,Dry,2021,2021-03,"{""type"":""MultiPoint"",""coordinates"":[]}"
VHI_M_2021-03_000000000000000000f0,0.6406760338032257,3.3819689755797877,241,3,Dry,2021,2021-03,"{""type"":""MultiPoint"",""coordinates"":[]}"
VHI_M_2021-03_000000000000000000f4,0.5522047951283686,2.8407522367988043,245,3,Dry,2021,2021-03,"{""type"":""MultiPoint"",""coordinates"":[]}"
VHI_M_2021-03_000000000000000000f5,0.597554348083703,3.153563503901313,246,3,Dry,2021,2021-03,"{""type"":""MultiPoint"",""coordinates"":[]}"
VHI_M_2021-03_000000000000000000f6,0.6235271222327393,3.314176116211997,247,3,Dry,2021,2021-03,"{""type"":""MultiPoint"",""coordinates"":[]}"
VHI_M_2021-03_000000000000000000f7,0.633795438711886,3.3477408977920744,248,3,Dry,2021,2021-03,"{""type"":""MultiPoint"",""coordinates"":[]}"
VHI_M_2021-03_000000000000000000f8,0.5976599191103136,3.1466947124544613,249,3,Dry,2021,2021-03,"{""type"":""MultiPoint"",""coordinates"":[]}"
VHI_M_2021-03_00000000000000000000,0.6262279300698738,3.2627483509104565,1,3,Dry,2021,2021-03,"{""type"":""MultiPoint"",""coordinates"":[]}"
VHI_M_2021-03_000000000000000000f2,0.581717883481932,3.0316894509832553,243,3,Dry,2021,2021-03,"{""type"":""MultiPoint"",""coordinates"":[]}"
VHI_M_2021-03_000000000000000000f3,0.5968384768243705,3.164117847425694,244,3,Dry,2021,2021-03,"{""type"":""MultiPoint"",""coordinates"":[]}"
VHI_M_2021-03_00000000000000000106,0.6385728859946294,3.421871406168322,263,3,Dry,2021,2021-03,"{""type"":""MultiPoint"",""coordinates"":[]}"
VHI_M_2021-03_00000000000000000107,0.6237911292979512,3.304956801966169,264,3,Dry,2021,2021-03,"{""type"":""MultiPoint"",""coordinates"":[]}"
VHI_M_2021-03_00000000000000000108,0.6285345340668991,3.3421828835987273,265,3,Dry,2021,2021-03,"{""type"":""MultiPoint"",""coordinates"":[]}"
VHI_M_2021-03_0000000000000000012c,0.6097550386347875,3.234657781738914,301,3,Dry,2021,2021-03,"{""type"":""MultiPoint"",""coordinates"":[]}"
VHI_M_2021-03_0000000000000000012d,0.661806244402993,3.5797505335143907,302,3,Dry,2021,2021-03,"{""type"":""MultiPoint"",""coordinates"":[]}"
VHI_M_2021-03_0000000000000000012e,0.6075178534609096,3.2182468850951778,303,3,Dry,2021,2021-03,"{""type"":""MultiPoint"",""coordinates"":[]}"
VHI_M_2021-03_000000000000000000a5,0.4162678143133854,1.9718216012896295,166,3,Dry,2021,2021-03,"{""type"":""MultiPoint"",""coordinates"":[]}"
VHI_M_2021-03_000000000000000000a6,0.3987690626073667,1.8280876872899925,167,3,Dry,2021,2021-03,"{""type"":""MultiPoint"",""coordinates"":[]}"
VHI_M_2021-03_000000000000000000c1,45.89769368516544,3.20828687391285,194,3,Dry,2021,2021-03,"{""type"":""MultiPoint"",""coordinates"":[]}"
VHI_M_2021-03_00000000000000000120,2.7327487698967112,2.7190037262208273,289,3,Dry,2021,2021-03,"{""type"":""MultiPoint"",""coordinates"":[]}"
VHI_M_2021-03_000000000000000001d9,5.567041345770247,2.7690632602772562,474,3,Dry,2021,2021-03,"{""type"":""MultiPoint"",""coordinates"":[]}"
VHI_M_2021-03_000000000000000001da,0.4857219758128868,2.4405561823927964,475,3,Dry,2021,2021-03,"{""type"":""MultiPoint"",""coordinates"":[]}"
VHI_M_2021-03_000000000000000001db,0.4269229483621155,2.0127212706005086,476,3,Dry,2021,2021-03,"{""type"":""MultiPoint"",""coordinates"":[]}"
VHI_M_2021-03_000000000000000001dc,0.48997840441957,2.5159705159705155,477,3,Dry,2021,2021-03,"{""type"":""MultiPoint"",""coordinates"":[]}"
VHI_M_2021-03_000000000000000001e2,54.655638254117875,3.203736954326114,483,3,Dry,2021,2021-03,"{""type"":""MultiPoint"",""coordinates"":[]}"
VHI_M_2021-03_000000000000000001e3,4.516839128827079,2.38753024455598,484,3,Dry,2021,2021-03,"{""type"":""MultiPoint"",""coordinates"":[]}"
VHI_M_2021-03_000000000000000001e4,80.51825493790344,3.1236972024136045,485,3,Dry,2021,2021-03,"{""type"":""MultiPoint"",""coordinates"":[]}"
VHI_M_2021-03_000000000000000001e5,26.592003252453367,2.538047337278107,486,3,Dry,2021,2021-03,"{""type"":""MultiPoint"",""coordinates"":[]}"
VHI_M_2021-03_000000000000000001e6,1.1456075282409635,2.9319783882044037,487,3,Dry,2021,2021-03,"{""type"":""MultiPoint"",""coordinates"":[]}"
VHI_M_2021-03_000000000000000001e7,16.025266978319326,2.8025084072705346,488,3,Dry,2021,2021-03,"{""type"":""MultiPoint"",""coordinates"":[]}"
VHI_M_2021-03_000000000000000001e8,0.46544043133816293,2.298472206347392,489,3,Dry,2021,2021-03,"{""type"":""MultiPoint"",""coordinates"":[]}"
VHI_M_2021-03_000000000000000001e9,58.68261210811797,3.0537411650012185,490,3,Dry,2021,2021-03,"{""type"":""MultiPoint"",""coordinates"":[]}"
VHI_M_2021-03_000000000000000000e2,0.4392925473390467,2.065667083159794,227,3,Dry,2021,2021-03,"{""type"":""MultiPoint"",""coordinates"":[]}"
VHI_M_2021-03_000000000000000000e3,0.48988934924912075,2.44041911193704,228,3,Dry,2021,2021-03,"{""type"":""MultiPoint"",""coordinates"":[]}"
VHI_M_2021-03_000000000000000000e4,25.3050094280622,2.960080941869021,229,3,Dry,2021,2021-03,"{""type"":""MultiPoint"",""coordinates"":[]}"
VHI_M_2021-03_000000000000000000e5,1.2535939957624147,3.163419305048734,230,3,Dry,2021,2021-03,"{""type"":""MultiPoint"",""coordinates"":[]}"
VHI_M_2021-03_000000000000000000e6,0.4653733719376501,2.479755538579068,231,3,Dry,2021,2021-03,"{""type"":""MultiPoint"",""coordinates"":[]}"
VHI_M_2021-03_000000000000000000e7,0.4733333276911075,2.2051602163961714,232,3,Dry,2021,2021-03,"{""type"":""MultiPoint"",""coordinates"":[]}"
VHI_M_2021-03_0000000000000000017f,0.4813469862282832,2.4280815992702,384,3,Dry,2021,2021-03,"{""type"":""MultiPoint"",""coordinates"":[]}"
VHI_M_2021-03_00000000000000000180,0.47679800025297725,2.344106713496746,385,3,Dry,2021,2021-03,"{""type"":""MultiPoint"",""coordinates"":[]}"
VHI_M_2021-03_00000000000000000203,0.38893027885526077,1.745841053533361,516,3,Dry,2021,2021-03,"{""type"":""MultiPoint"",""coordinates"":[]}"
VHI_M_2021-03_00000000000000000204,0.386682401924405,1.7457636724284509,517,3,Dry,2021,2021-03,"{""type"":""MultiPoint"",""coordinates"":[]}"
VHI_M_2021-03_00000000000000000205,0.40101460858683796,1.83354260546997,518,3,Dry,2021,2021-03,"{""type"":""MultiPoint"",""coordinates"":[]}"
VHI_M_2021-03_00000000000000000206,0.3852780185094371,1.6748414882162932,519,3,Dry,2021,2021-03,"{""type"":""MultiPoint"",""coordinates"":[]}"
VHI_M_2021-03_00000000000000000207,0.4534071723716825,2.169328140214216,520,3,Dry,2021,2021-03,"{""type"":""MultiPoint"",""coordinates"":[]}"
VHI_M_2021-03_00000000000000000208,0.41158283022637354,1.8874648096014226,521,3,Dry,2021,2021-03,"{""type"":""MultiPoint"",""coordinates"":[]}"
VHI_M_2021-03_00000000000000000209,0.5192206500978134,2.723493664339282,522,3,Dry,2021,2021-03,"{""type"":""MultiPoint"",""coordinates"":[]}"
VHI_M_2021-03_0000000000000000000e,0.4342419303347927,2.1244311029340572,15,3,Dry,2021,2021-03,"{""type"":""MultiPoint"",""coordinates"":[]}"
VHI_M_2021-03_00000000000000000124,0.5561198872721282,2.807369891721971,293,3,Dry,2021,2021-03,"{""type"":""MultiPoint"",""coordinates"":[]}"
VHI_M_2021-03_00000000000000000125,13.559677067776617,2.8393800769149617,294,3,Dry,2021,2021-03,"{""type"":""MultiPoint"",""coordinates"":[]}"
VHI_M_2021-03_00000000000000000126,0.4285829638278629,2.0134606541441338,295,3,Dry,2021,2021-03,"{""type"":""MultiPoint"",""coordinates"":[]}"
VHI_M_2021-03_00000000000000000127,0.466562863927727,2.337619102284468,296,3,Dry,2021,2021-03,"{""type"":""MultiPoint"",""coordinates"":[]}"
VHI_M_2021-03_00000000000000000128,0.4243147264967428,1.8716585437896913,297,3,Dry,2021,2021-03,"{""type"":""MultiPoint"",""coordinates"":[]}"
VHI_M_2021-03_00000000000000000129,0.44398100597909496,2.1293102352597253,298,3,Dry,2021,2021-03,"{""type"":""MultiPoint"",""coordinates"":[]}"
VHI_M_2021-03_0000000000000000012a,0.4429189143874073,2.122108475083522,299,3,Dry,2021,2021-03,"{""type"":""MultiPoint"",""coordinates"":[]}"
VHI_M_2021-03_0000000000000000012b,0.4659119129647393,2.2560269909638353,300,3,Dry,2021,2021-03,"{""type"":""MultiPoint"",""coordinates"":[]}"
VHI_M_2021-03_00000000000000000174,0.5035139896473296,2.533405942806077,373,3,Dry,2021,2021-03,"{""type"":""MultiPoint"",""coordinates"":[]}"
VHI_M_2021-03_00000000000000000175,0.4709068660053144,2.3138359211218935,374,3,Dry,2021,2021-03,"{""type"":""MultiPoint"",""coordinates"":[]}"
VHI_M_2021-03_00000000000000000176,0.472416650540364,2.347530020501806,375,3,Dry,2021,2021-03,"{""type"":""MultiPoint"",""coordinates"":[]}"
VHI_M_2021-03_00000000000000000177,0.5134224996132395,2.613351382160157,376,3,Dry,2021,2021-03,"{""type"":""MultiPoint"",""coordinates"":[]}"
VHI_M_2021-03_00000000000000000195,0.4366410744669802,2.063237576238767,406,3,Dry,2021,2021-03,"{""type"":""MultiPoint"",""coordinates"":[]}"
VHI_M_2021-03_00000000000000000196,0.44013172265719935,2.099392298144655,407,3,Dry,2021,2021-03,"{""type"":""MultiPoint"",""coordinates"":[]}"
VHI_M_2021-03_00000000000000000197,3.2767649143214177,2.669267394299339,408,3,Dry,2021,2021-03,"{""type"":""MultiPoint"",""coordinates"":[]}"
VHI_M_2021-03_00000000000000000198,0.4298888076742881,2.0207835394367657,409,3,Dry,2021,2021-03,"{""type"":""MultiPoint"",""coordinates"":[]}"
VHI_M_2021-03_00000000000000000199,0.41146275323174597,1.9093019758804242,410,3,Dry,2021,2021-03,"{""type"":""MultiPoint"",""coordinates"":[]}"
VHI_M_2021-03_00000000000000000035,0.6465503277802309,3.4825165562913907,54,3,Dry,2021,2021-03,"{""type"":""MultiPoint"",""coordinates"":[]}"
VHI_M_2021-03_000000000000000000ce,0.6179581984318967,3.2705022360415996,207,3,Dry,2021,2021-03,"{""type"":""MultiPoint"",""coordinates"":[]}"
VHI_M_2021-03_000000000000000000cf,0.6293803687368559,3.3482663642255353,208,3,Dry,2021,2021-03,"{""type"":""MultiPoint"",""coordinates"":[]}"
VHI_M_2021-03_000000000000000000d0,3.42374854145348,3.3673799561325906,209,3,Dry,2021,2021-03,"{""type"":""MultiPoint"",""coordinates"":[]}"
VHI_M_2021-03_000000000000000000d1,27.273394373269415,3.3987964976954452,210,3,Dry,2021,2021-03,"{""type"":""MultiPoint"",""coordinates"":[]}"
VHI_M_2021-03_000000000000000001ea,0.6390881168019619,3.4320313683717565,491,3,Dry,2021,2021-03,"{""type"":""MultiPoint"",""coordinates"":[]}"
VHI_M_2021-03_000000000000000001eb,0.6299537864027556,3.3618577731391412,492,3,Dry,2021,2021-03,"{""type"":""MultiPoint"",""coordinates"":[]}"
VHI_M_2021-03_000000000000000001ec,0.6426063988343652,3.434904684498301,493,3,Dry,2021,2021-03,"{""type"":""MultiPoint"",""coordinates"":[]}"
VHI_M_2021-03_000000000000000001ed,0.7123255831122771,3.894668893223502,494,3,Dry,2021,2021-03,"{""type"":""MultiPoint"",""coordinates"":[]}"
VHI_M_2021-03_000000000000000001f4,9.136196829520713,3.914288945782824,501,3,Dry,2021,2021-03,"{""type"":""MultiPoint"",""coordinates"":[]}"
VHI_M_2021-03_000000000000000001f5,0.6770823017755272,3.679845635083629,502,3,Dry,2021,2021-03,"{""type"":""MultiPoint"",""coordinates"":[]}"
VHI_M_2021-03_000000000000000001f6,0.755756011942559,4.209380081764161,503,3,Dry,2021,2021-03,"{""type"":""MultiPoint"",""coordinates"":[]}"
VHI_M_2021-03_000000000000000001f7,50.35236395383931,3.7948499812268643,504,3,Dry,2021,2021-03,"{""type"":""MultiPoint"",""coordinates"":[]}"
VHI_M_2021-03_000000000000000001f8,0.7313072892213075,4.0256883997115,505,3,Dry,2021,2021-03,"{""type"":""MultiPoint"",""coordinates"":[]}"
VHI_M_2021-03_000000000000000001f9,0.6552614601329027,3.553518151940217,506,3,Dry,2021,2021-03,"{""type"":""MultiPoint"",""coordinates"":[]}"
VHI_M_2021-03_000000000000000001fa,26.094044400355045,3.7594925174572427,507,3,Dry,2021,2021-03,"{""type"":""MultiPoint"",""coordinates"":[]}"
VHI_M_2021-03_000000000000000001fb,8.116700403841147,4.10548432819568,508,3,Dry,2021,2021-03,"{""type"":""MultiPoint"",""coordinates"":[]}"
VHI_M_2021-03_000000000000000001fc,0.6599527540992862,3.4534994189880988,509,3,Dry,2021,2021-03,"{""type"":""MultiPoint"",""coordinates"":[]}"
VHI_M_2021-03_000000000000000001fd,0.6957218026586589,3.787401574803153,510,3,Dry,2021,2021-03,"{""type"":""MultiPoint"",""coordinates"":[]}"
VHI_M_2021-03_00000000000000000049,0.5570590438880219,2.8480994771795953,74,3,Dry,2021,2021-03,"{""type"":""MultiPoint"",""coordinates"":[]}"
VHI_M_2021-03_0000000000000000004a,37.34866721205378,3.201995707371446,75,3,Dry,2021,2021-03,"{""type"":""MultiPoint"",""coordinates"":[]}"
VHI_M_2021-03_000000000000000000fd,71.42562986951805,3.8085260770975045,254,3,Dry,2021,2021-03,"{""type"":""MultiPoint"",""coordinates"":[]}"
VHI_M_2021-03_000000000000000000fe,6.038649631508625,3.5026798684276446,255,3,Dry,2021,2021-03,"{""type"":""MultiPoint"",""coordinates"":[]}"
VHI_M_2021-03_00000000000000000191,0.5561410170469526,2.7010226049515604,402,3,Dry,2021,2021-03,"{""type"":""MultiPoint"",""coordinates"":[]}"
VHI_M_2021-03_0000000000000000016e,19.06130840806137,3.7505040934820086,367,3,Dry,2021,2021-03,"{""type"":""MultiPoint"",""coordinates"":[]}"
VHI_M_2021-03_0000000000000000016f,0.7201400216270806,4.009851266474632,368,3,Dry,2021,2021-03,"{""type"":""MultiPoint"",""coordinates"":[]}"
VHI_M_2021-03_00000000000000000170,0.6550351649383843,3.561973250811738,369,3,Dry,2021,2021-03,"{""type"":""MultiPoint"",""coordinates"":[]}"
VHI_M_2021-03_00000000000000000181,35.975216199359224,3.790051402869995,386,3,Dry,2021,2021-03,"{""type"":""MultiPoint"",""coordinates"":[]}"
VHI_M_2021-03_00000000000000000182,0.710620066526921,3.8936159063346865,387,3,Dry,2021,2021-03,"{""type"":""MultiPoint"",""coordinates"":[]}"
VHI_M_2021-03_00000000000000000228,0.7373973038123881,4.05487256371814,553,3,Dry,2021,2021-03,"{""type"":""MultiPoint"",""coordinates"":[]}"
VHI_M_2021-04_00000000000000000017,46.53184701258706,2.545103921148489,24,4,Dry,2021,2021-04,"{""type"":""MultiPoint"",""coordinates"":[]}"
VHI_M_2021-04_00000000000000000018,232.3845932499599,4.744266551276502,25,4,Dry,2021,2021-04,"{""type"":""MultiPoint"",""coordinates"":[]}"
VHI_M_2021-04_00000000000000000019,30.119816281120062,2.3509478057647373,26,4,Dry,2021,2021-04,"{""type"":""MultiPoint"",""coordinates"":[]}"
VHI_M_2021-04_0000000000000000001a,13.68399516149682,2.413388779057877,27,4,Dry,2021,2021-04,"{""type"":""MultiPoint"",""coordinates"":[]}"
VHI_M_2021-04_0000000000000000005b,160.26960613877984,4.26036946671314,92,4,Dry,2021,2021-04,"{""type"":""MultiPoint"",""coordinates"":[]}"
VHI_M_2021-04_0000000000000000005c,60.240443264445666,2.7078246948168903,93,4,Dry,2021,2021-04,"{""type"":""MultiPoint"",""coordinates"":[]}"
VHI_M_2021-04_0000000000000000005d,254.0,5.0,94,4,Dry,2021,2021-04,"{""type"":""MultiPoint"",""coordinates"":[]}"
VHI_M_2021-04_0000000000000000005e,35.287649534020275,2.4221453287197225,95,4,Dry,2021,2021-04,"{""type"":""MultiPoint"",""coordinates"":[]}"
VHI_M_2021-04_0000000000000000005f,81.76315142899226,3.523059185242122,96,4,Dry,2021,2021-04,"{""type"":""MultiPoint"",""coordinates"":[]}"
VHI_M_2021-04_000000000000000000b6,0.5420099595878246,2.6255742725880555,183,4,Dry,2021,2021-04,"{""type"":""MultiPoint"",""coordinates"":[]}"
VHI_M_2021-04_000000000000000000b7,0.6744560507714634,3.6736242884250476,184,4,Dry,2021,2021-04,"{""type"":""MultiPoint"",""coordinates"":[]}"
VHI_M_2021-04_000000000000000000b8,0.44151022625900116,2.0631970260223045,185,4,Dry,2021,2021-04,"{""type"":""MultiPoint"",""coordinates"":[]}"
VHI_M_2021-04_000000000000000000b9,39.411078358198935,3.290304709141273,186,4,Dry,2021,2021-04,"{""type"":""MultiPoint"",""coordinates"":[]}"
VHI_M_2021-04_000000000000000000ba,0.6316426634470622,3.194666666666666,187,4,Dry,2021,2021-04,"{""type"":""MultiPoint"",""coordinates"":[]}"
VHI_M_2021-04_000000000000000000bb,0.4881138675873824,2.2257425742574255,188,4,Dry,2021,2021-04,"{""type"":""MultiPoint"",""coordinates"":[]}"
VHI_M_2021-04_000000000000000001a0,34.237199578450216,3.995708154506438,417,4,Dry,2021,2021-04,"{""type"":""MultiPoint"",""coordinates"":[]}"
VHI_M_2021-04_000000000000000001a1,0.5970048341910787,3.1618645346206073,418,4,Dry,2021,2021-04,"{""type"":""MultiPoint"",""coordinates"":[]}"
VHI_M_2021-04_000000000000000001a2,19.714781928806527,3.698093496996605,419,4,Dry,2021,2021-04,"{""type"":""MultiPoint"",""coordinates"":[]}"
VHI_M_2021-04_000000000000000001a3,0.5581939089696434,3.012415016257759,420,4,Dry,2021,2021-04,"{""type"":""MultiPoint"",""coordinates"":[]}"
VHI_M_2021-04_000000000000000001cb,41.37430181813841,2.5108899944720844,460,4,Dry,2021,2021-04,"{""type"":""MultiPoint"",""coordinates"":[]}"
VHI_M_2021-04_000000000000000001cc,79.85658119054943,3.220170940170941,461,4,Dry,2021,2021-04,"{""type"":""MultiPoint"",""coordinates"":[]}"
VHI_M_2021-04_0000000000000000021b,0.49127413169450895,2.644787644787645,540,4,Dry,2021,2021-04,"{""type"":""MultiPoint"",""coordinates"":[]}"
VHI_M_2021-04_0000000000000000021c,0.5168260942334713,2.6391304347826083,541,4,Dry,2021,2021-04,"{""type"":""MultiPoint"",""coordinates"":[]}"
VHI_M_2021-04_0000000000000000021d,24.949667943826892,3.018685276902297,542,4,Dry,2021,2021-04,"{""type"":""MultiPoint"",""coordinates"":[]}"
VHI_M_2021-04_000000000000000000bf,0.562654743308589,2.87061894108874,192,4,Dry,2021,2021-04,"{""type"":""MultiPoint"",""coordinates"":[]}"
VHI_M_2021-04_000000000000000000c0,0.6153513365556053,3.258550626481545,193,4,Dry,2021,2021-04,"{""type"":""MultiPoint"",""coordinates"":[]}"
VHI_M_2021-04_0000000000000000010a,0.6039903751963214,3.1777411376751856,267,4,Dry,2021,2021-04,"{""type"":""MultiPoint"",""coordinates"":[]}"
VHI_M_2021-04_0000000000000000010b,56.62382314814036,3.5079899074852827,268,4,Dry,2021,2021-04,"{""type"":""MultiPoint"",""coordinates"":[]}"
VHI_M_2021-04_00000000000000000226,3.030523362142423,2.8148102964499215,551,4,Dry,2021,2021-04,"{""type"":""MultiPoint"",""coordinates"":[]}"
VHI_M_2021-04_00000000000000000227,0.5798563905857874,2.8812010443864224,552,4,Dry,2021,2021-04,"{""type"":""MultiPoint"",""coordinates"":[]}"
VHI_M_2021-04_000000000000000001a4,0.5180130581376119,2.672885572139304,421,4,Dry,2021,2021-04,"{""type"":""MultiPoint"",""coordinates"":[]}"
VHI_M_2021-04_000000000000000001a5,0.4861063599805088,2.4726976365118176,422,4,Dry,2021,2021-04,"{""type"":""MultiPoint"",""coordinates"":[]}"
VHI_M_2021-04_000000000000000001a6,0.48491877506719555,2.333825701624815,423,4,Dry,2021,2021-04,"{""type"":""MultiPoint"",""coordinates"":[]}"
VHI_M_2021-04_000000000000000001a7,0.5279963375890956,2.5404411764705883,424,4,Dry,2021,2021-04,"{""type"":""MultiPoint"",""coordinates"":[]}"
VHI_M_2021-04_000000000000000001a8,0.5680171392101115,3.0,425,4,Dry,2021,2021-04,"{""type"":""MultiPoint"",""coordinates"":[]}"
VHI_M_2021-04_000000000000000001a9,0.4374453054973856,2.0109375,426,4,Dry,2021,2021-04,"{""type"":""MultiPoint"",""coordinates"":[]}"
VHI_M_2021-04_000000000000000001aa,0.4355715618389195,1.9560699102503545,427,4,Dry,2021,2021-04,"{""type"":""MultiPoint"",""coordinates"":[]}"
VHI_M_2021-04_000000000000000001fe,0.640025378916335,3.350135992747055,511,4,Dry,2021,2021-04,"{""type"":""MultiPoint"",""coordinates"":[]}"
VHI_M_2021-04_000000000000000001ff,61.90572543887901,3.4541926935453318,512,4,Dry,2021,2021-04,"{""type"":""MultiPoint"",""coordinates"":[]}"
VHI_M_2021-04_00000000000000000200,0.4884786488822917,2.4101813926272677,513,4,Dry,2021,2021-04,"{""type"":""MultiPoint"",""coordinates"":[]}"
VHI_M_2021-04_00000000000000000201,101.86863995806506,3.4849762783342113,514,4,Dry,2021,2021-04,"{""type"":""MultiPoint"",""coordinates"":[]}"
VHI_M_2021-04_00000000000000000202,0.5370025823693353,3.0,515,4,Dry,2021,2021-04,"{""type"":""MultiPoint"",""coordinates"":[]}"
VHI_M_2021-04_00000000000000000002,18.64330735638281,2.812303415990052,3,4,Dry,2021,2021-04,"{""type"":""MultiPoint"",""coordinates"":[]}"
VHI_M_2021-04_0000000000000000000d,17.18053602963779,3.2210772428126084,14,4,Dry,2021,2021-04,"{""type"":""MultiPoint"",""coordinates"":[]}"
VHI_M_2021-04_00000000000000000027,53.48717190841199,3.088863551749814,40,4,Dry,2021,2021-04,"{""type"":""MultiPoint"",""coordinates"":[]}"
VHI_M_2021-04_00000000000000000070,0.5267282289571487,2.7191008196499586,113,4,Dry,2021,2021-04,"{""type"":""MultiPoint"",""coordinates"":[]}"
VHI_M_2021-04_00000000000000000071,0.5250067299032637,2.7476320869057775,114,4,Dry,2021,2021-04,"{""type"":""MultiPoint"",""coordinates"":[]}"
VHI_M_2021-04_000000000000000001b0,55.97485114640085,2.827654077992374,433,4,Dry,2021,2021-04,"{""type"":""MultiPoint"",""coordinates"":[]}"
VHI_M_2021-04_000000000000000001b1,7.578930424169922,3.139671518226733,434,4,Dry,2021,2021-04,"{""type"":""MultiPoint"",""coordinates"":[]}"
VHI_M_2021-04_000000000000000001b2,90.9892057736405,3.2441487465842935,435,4,Dry,2021,2021-04,"{""type"":""MultiPoint"",""coordinates"":[]}"
VHI_M_2021-04_000000000000000001cd,1.4170657836072382,2.947875381915899,462,4,Dry,2021,2021-04,"{""type"":""MultiPoint"",""coordinates"":[]}"
VHI_M_2021-04_000000000000000001ce,0.5390042289890663,2.773746806448771,463,4,Dry,2021,2021-04,"{""type"":""MultiPoint"",""coordinates"":[]}"
VHI_M_2021-04_000000000000000001cf,22.352100602967706,3.066021345246959,464,4,Dry,2021,2021-04,"{""type"":""MultiPoint"",""coordinates"":[]}"
VHI_M_2021-04_0000000000000000001c,0.617861198742458,3.2500154895737965,29,4,Dry,2021,2021-04,"{""type"":""MultiPoint"",""coordinates"":[]}"
VHI_M_2021-04_0000000000000000001d,0.6204689196491436,3.2548187372708766,30,4,Dry,2021,2021-04,"{""type"":""MultiPoint"",""coordinates"":[]}"
VHI_M_2021-04_0000000000000000001e,0.6066353081240838,3.174954025673737,31,4,Dry,2021,2021-04,"{""type"":""MultiPoint"",""coordinates"":[]}"
VHI_M_2021-04_00000000000000000026,0.5803477308624728,3.00188217579522,39,4,Dry,2021,2021-04,"{""type"":""MultiPoint"",""coordinates"":[]}"
VHI_M_2021-04_000000000000000000f9,0.6100547419741019,3.095626005292375,250,4,Dry,2021,2021-04,"{""type"":""MultiPoint"",""coordinates"":[]}"
VHI_M_2021-04_000000000000000000fa,0.6044567512484393,3.1600707922485447,251,4,Dry,2021,2021-04,"{""type"":""MultiPoint"",""coordinates"":[]}"
VHI_M_2021-04_000000000000000000fb,0.6031380312385108,3.150580166463485,252,4,Dry,2021,2021-04,"{""type"":""MultiPoint"",""coordinates"":[]}"
VHI_M_2021-04_000000000000000000fc,0.6297923436441137,3.2812732474964226,253,4,Dry,2021,2021-04,"{""type"":""MultiPoint"",""coordinates"":[]}"
VHI_M_2021-04_00000000000000000163,0.6049894636589201,3.2558103850403066,356,4,Dry,2021,2021-04,"{""type"":""MultiPoint"",""coordinates"":[]}"
VHI_M_2021-04_00000000000000000164,0.6002204455473821,3.0949190872918515,357,4,Dry,2021,2021-04,"{""type"":""MultiPoint"",""coordinates"":[]}"
VHI_M_2021-04_00000000000000000165,0.5974640207661969,3.117846342874525,358,4,Dry,2021,2021-04,"{""type"":""MultiPoint"",""coordinates"":[]}"
VHI_M_2021-04_00000000000000000166,0.6163502311778062,3.1745222525553936,359,4,Dry,2021,2021-04,"{""type"":""MultiPoint"",""coordinates"":[]}"
VHI_M_2021-04_00000000000000000149,0.6572609391915436,3.5537411323785286,330,4,Dry,2021,2021-04,"{""type"":""MultiPoint"",""coordinates"":[]}"
VHI_M_2021-04_0000000000000000014a,0.5717623515759335,2.997655675148445,331,4,Dry,2021,2021-04,"{""type"":""MultiPoint"",""coordinates"":[]}"
VHI_M_2021-04_0000000000000000014b,0.6273316887168926,3.2758418011556105,332,4,Dry,2021,2021-04,"{""type"":""MultiPoint"",""coordinates"":[]}"
VHI_M_2021-04_0000000000000000014c,0.6405722260963145,3.4605789033665717,333,4,Dry,2021,2021-04,"{""type"":""MultiPoint"",""coordinates"":[]}"
VHI_M_2021-04_0000000000000000014d,0.6248236268377806,3.2743059539929162,334,4,Dry,2021,2021-04,"{""type"":""MultiPoint"",""coordinates"":[]}"
VHI_M_2021-04_0000000000000000014e,0.5893240234285769,3.0419585504787303,335,4,Dry,2021,2021-04,"{""type"":""MultiPoint"",""coordinates"":[]}"
VHI_M_2021-04_00000000000000000158,0.5899901710719632,3.072938068682125,345,4,Dry,2021,2021-04,"{""type"":""MultiPoint"",""coordinates"":[]}"
VHI_M_2021-04_00000000000000000159,0.649226316099511,3.48593260015017,346,4,Dry,2021,2021-04,"{""type"":""MultiPoint"",""coordinates"":[]}"
VHI_M_2021-04_0000000000000000015a,0.5827574669907233,3.027690715552926,347,4,Dry,2021,2021-04,"{""type"":""MultiPoint"",""coordinates"":[]}"
VHI_M_2021-04_0000000000000000015b,0.6246901185330205,3.2834210328810762,348,4,Dry,2021,2021-04,"{""type"":""MultiPoint"",""coordinates"":[]}"
VHI_M_2021-04_0000000000000000015c,0.5439653264062065,2.846529339314569,349,4,Dry,2021,2021-04,"{""type"":""MultiPoint"",""coordinates"":[]}"
VHI_M_2021-04_0000000000000000015d,0.6329425159420167,3.312590488158002,350,4,Dry,2021,2021-04,"{""type"":""MultiPoint"",""coordinates"":[]}"
VHI_M_2021-04_00000000000000000008,0.5545164838055182,2.9075426991805693,9,4,Dry,2021,2021-04,"{""type"":""MultiPoint"",""coordinates"":[]}"
VHI_M_2021-04_000000000000000000c2,0.5275278756829729,2.8132084200786496,195,4,Dry,2021,2021-04,"{""type"":""MultiPoint"",""coordinates"":[]}"
VHI_M_2021-04_000000000000000000c3,0.6002611332504625,3.1711656386312512,196,4,Dry,2021,2021-04,"{""type"":""MultiPoint"",""coordinates"":[]}"
VHI_M_2021-04_000000000000000000c4,0.6039994676689362,3.1613422239915083,197,4,Dry,2021,2021-04,"{""type"":""MultiPoint"",""coordinates"":[]}"
VHI_M_2021-04_000000000000000000c5,0.5443820805321683,2.810294483616755,198,4,Dry,2021,2021-04,"{""type"":""MultiPoint"",""coordinates"":[]}"
VHI_M_2021-04_000000000000000000c6,0.5612998532986263,2.967217390595581,199,4,Dry,2021,2021-04,"{""type"":""MultiPoint"",""coordinates"":[]}"
VHI_M_2021-04_000000000000000000c7,0.5631234181270346,2.9769808420604296,200,4,Dry,2021,2021-04,"{""type"":""MultiPoint"",""coordinates"":[]}"
VHI_M_2021-04_000000000000000000c8,0.5049011176068807,2.571818509553486,201,4,Dry,2021,2021-04,"{""type"":""MultiPoint"",""coordinates"":[]}"
VHI_M_2021-04_000000000000000000c9,0.5627976230804578,2.978259695730234,202,4,Dry,2021,2021-04,"{""type"":""MultiPoint"",""coordinates"":[]}"
VHI_M_2021-04_00000000000000000136,0.5898000513531838,3.062189316584207,311,4,Dry,2021,2021-04,"{""type"":""MultiPoint"",""coordinates"":[]}"
VHI_M_2021-04_00000000000000000137,0.6542775007433533,3.5038091207279662,312,4,Dry,2021,2021-04,"{""type"":""MultiPoint"",""coordinates"":[]}"
VHI_M_2021-04_00000000000000000138,0.6341676228198379,3.40513457878588,313,4,Dry,2021,2021-04,"{""type"":""MultiPoint"",""coordinates"":[]}"
VHI_M_2021-04_00000000000000000139,0.6314087156082588,3.411287229392824,314,4,Dry,2021,2021-04,"{""type"":""MultiPoint"",""coordinates"":[]}"
VHI_M_2021-04_0000000000000000013a,0.6120618897662846,3.227162368594701,315,4,Dry,2021,2021-04,"{""type"":""MultiPoint"",""coordinates"":[]}"
VHI_M_2021-04_000000000000000001ef,0.5364281406440911,2.728397857253765,496,4,Dry,2021,2021-04,"{""type"":""MultiPoint"",""coordinates"":[]}"
VHI_M_2021-04_000000000000000001f0,0.5531597475018213,2.893896128482631,497,4,Dry,2021,2021-04,"{""type"":""MultiPoint"",""coordinates"":[]}"
VHI_M_2021-04_00000000000000000081,0.46810417402411564,2.3595729704364157,130,4,Dry,2021,2021-04,"{""type"":""MultiPoint"",""coordinates"":[]}"
VHI_M_2021-04_000000000000000000a0,0.5655524610298696,2.830698287220027,161,4,Dry,2021,2021-04,"{""type"":""MultiPoint"",""coordinates"":[]}"
VHI_M_2021-04_000000000000000000a1,32.10099404977949,3.4307939476242444,162,4,Dry,2021,2021-04,"{""type"":""MultiPoint"",""coordinates"":[]}"
VHI_M_2021-04_000000000000000000a2,8.794375430912122,3.5888524117897744,163,4,Dry,2021,2021-04,"{""type"":""MultiPoint"",""coordinates"":[]}"
VHI_M_2021-04_000000000000000000a3,5.633912290970507,3.2007805265246714,164,4,Dry,2021,2021-04,"{""type"":""MultiPoint"",""coordinates"":[]}"
VHI_M_2021-04_000000000000000000a4,78.07748097113175,4.049211941943249,165,4,Dry,2021,2021-04,"{""type"":""MultiPoint"",""coordinates"":[]}"
VHI_M_2021-04_0000000000000000014f,0.5557661435213207,2.8962101989031686,336,4,Dry,2021,2021-04,"{""type"":""MultiPoint"",""coordinates"":[]}"
VHI_M_2021-04_00000000000000000150,0.5395806953450222,2.7607590287696397,337,4,Dry,2021,2021-04,"{""type"":""MultiPoint"",""coordinates"":[]}"
VHI_M_2021-04_00000000000000000151,2.2384875247403677,3.126924749891258,338,4,Dry,2021,2021-04,"{""type"":""MultiPoint"",""coordinates"":[]}"
VHI_M_2021-04_00000000000000000152,0.5620173431202565,2.954684140926852,339,4,Dry,2021,2021-04,"{""type"":""MultiPoint"",""coordinates"":[]}"
VHI_M_2021-04_00000000000000000153,0.5527661436375262,2.919849635046192,340,4,Dry,2021,2021-04,"{""type"":""MultiPoint"",""coordinates"":[]}"
VHI_M_2021-04_00000000000000000171,0.6018407287613916,3.077755245692832,370,4,Dry,2021,2021-04,"{""type"":""MultiPoint"",""coordinates"":[]}"
VHI_M_2021-04_00000000000000000172,0.5942645360054126,3.112093180811423,371,4,Dry,2021,2021-04,"{""type"":""MultiPoint"",""coordinates"":[]}"
VHI_M_2021-04_00000000000000000173,0.6096001914409795,3.1645135629623744,372,4,Dry,2021,2021-04,"{""type"":""MultiPoint"",""coordinates"":[]}"
VHI_M_2021-04_000000000000000001f1,0.5835105417733878,3.0677307202305104,498,4,Dry,2021,2021-04,"{""type"":""MultiPoint"",""coordinates"":[]}"
VHI_M_2021-04_000000000000000001f2,0.5695523398916906,3.0213871794070766,499,4,Dry,2021,2021-04,"{""type"":""MultiPoint"",""coordinates"":[]}"
VHI_M_2021-04_000000000000000001f3,0.5606867354169952,2.938816848425661,500,4,Dry,2021,2021-04,"{""type"":""MultiPoint"",""coordinates"":[]}"
VHI_M_2021-04_00000000000000000092,0.6472129741113672,3.4647979139504557,147,4,Dry,2021,2021-04,"{""type"":""MultiPoint"",""coordinates"":[]}"
VHI_M_2021-04_00000000000000000093,0.5778925418891641,3.0221561486213897,148,4,Dry,2021,2021-04,"{""type"":""MultiPoint"",""coordinates"":[]}"
VHI_M_2021-04_00000000000000000094,0.7322431759207495,2.8554703365292657,149,4,Dry,2021,2021-04,"{""type"":""MultiPoint"",""coordinates"":[]}"
VHI_M_2021-04_00000000000000000095,12.992690767208217,2.8137663927016843,150,4,Dry,2021,2021-04,"{""type"":""MultiPoint"",""coordinates"":[]}"
VHI_M_2021-04_00000000000000000096,0.6181873847888122,3.283036197201784,151,4,Dry,2021,2021-04,"{""type"":""MultiPoint"",""coordinates"":[]}"
VHI_M_2021-04_00000000000000000097,0.6681761526164979,3.5924313867730615,152,4,Dry,2021,2021-04,"{""type"":""MultiPoint"",""coordinates"":[]}"
VHI_M_2021-04_00000000000000000098,0.5436573217985995,3.0,153,4,Dry,2021,2021-04,"{""type"":""MultiPoint"",""coordinates"":[]}"
VHI_M_2021-04_000000000000000000a9,0.5501566126814204,3.1238175320580197,170,4,Dry,2021,2021-04,"{""type"":""MultiPoint"",""coordinates"":[]}"
VHI_M_2021-04_0000000000000000017c,61.791530165986956,3.3571763549878284,381,4,Dry,2021,2021-04,"{""type"":""MultiPoint"",""coordinates"":[]}"
VHI_M_2021-04_0000000000000000017d,38.91657041954675,3.0561293459501906,382,4,Dry,2021,2021-04,"{""type"":""MultiPoint"",""coordinates"":[]}"
VHI_M_2021-04_0000000000000000017e,11.653315699732005,3.016349715158862,383,4,Dry,2021,2021-04,"{""type"":""MultiPoint"",""coordinates"":[]}"
VHI_M_2021-04_000000000000000001ee,0.6459912125354087,3.402728008322736,495,4,Dry,2021,2021-04,"{""type"":""MultiPoint"",""coordinates"":[]}"
VHI_M_2021-04_0000000000000000020d,0.6108953907614374,3.2022561029346965,526,4,Dry,2021,2021-04,"{""type"":""MultiPoint"",""coordinates"":[]}"
VHI_M_2021-04_0000000000000000020e,3.80822277004232,3.1232395630362895,527,4,Dry,2021,2021-04,"{""type"":""MultiPoint"",""coordinates"":[]}"
VHI_M_2021-04_0000000000000000020f,0.5880932832543746,3.096607430060923,528,4,Dry,2021,2021-04,"{""type"":""MultiPoint"",""coordinates"":[]}"
VHI_M_2021-04_00000000000000000210,0.5906439465899631,3.094507134105371,529,4,Dry,2021,2021-04,"{""type"":""MultiPoint"",""coordinates"":[]}"
VHI_M_2021-04_00000000000000000211,11.85905921718718,2.7795527966893587,530,4,Dry,2021,2021-04,"{""type"":""MultiPoint"",""coordinates"":[]}"
VHI_M_2021-04_00000000000000000058,0.5341615064923128,2.7634141804116363,89,4,Dry,2021,2021-04,"{""type"":""MultiPoint"",""coordinates"":[]}"
VHI_M_2021-04_00000000000000000059,0.5399235645497624,2.81688671556642,90,4,Dry,2021,2021-04,"{""type"":""MultiPoint"",""coordinates"":[]}"
VHI_M_2021-04_0000000000000000018b,0.49386358642742495,2.5769793189889283,396,4,Dry,2021,2021-04,"{""type"":""MultiPoint"",""coordinates"":[]}"
VHI_M_2021-04_0000000000000000018c,0.5231732711065625,2.6755476792432282,397,4,Dry,2021,2021-04,"{""type"":""MultiPoint"",""coordinates"":[]}"
VHI_M_2021-04_0000000000000000018d,0.4806056598782415,2.3303991422246804,398,4,Dry,2021,2021-04,"{""type"":""MultiPoint"",""coordinates"":[]}"
VHI_M_2021-04_0000000000000000018e,0.5073724343683744,2.5899904031819805,399,4,Dry,2021,2021-04,"{""type"":""MultiPoint"",""coordinates"":[]}"
VHI_M_2021-04_00000000000000000036,0.6254945732779765,3.350951733514617,55,4,Dry,2021,2021-04,"{""type"":""MultiPoint"",""coordinates"":[]}"
VHI_M_2021-04_000000000000000000db,0.5303041458622929,2.721519480962616,220,4,Dry,2021,2021-04,"{""type"":""MultiPoint"",""coordinates"":[]}"
VHI_M_2021-04_000000000000000000dc,0.5581448687944767,2.9337332619175163,221,4,Dry,2021,2021-04,"{""type"":""MultiPoint"",""coordinates"":[]}"
VHI_M_2021-04_000000000000000000dd,0.521229910027292,2.668718127364745,222,4,Dry,2021,2021-04,"{""type"":""MultiPoint"",""coordinates"":[]}"
VHI_M_2021-04_00000000000000000102,0.6481570058739935,3.4523085842063836,259,4,Dry,2021,2021-04,"{""type"":""MultiPoint"",""coordinates"":[]}"
VHI_M_2021-04_00000000000000000103,0.6176855997796531,3.284528719444723,260,4,Dry,2021,2021-04,"{""type"":""MultiPoint"",""coordinates"":[]}"
VHI_M_2021-04_00000000000000000104,0.614936427989096,3.2307439784589285,261,4,Dry,2021,2021-04,"{""type"":""MultiPoint"",""coordinates"":[]}"
VHI_M_2021-04_00000000000000000105,0.5996727194783181,3.155948345439869,262,4,Dry,2021,2021-04,"{""type"":""MultiPoint"",""coordinates"":[]}"
VHI_M_2021-04_0000000000000000000a,0.6718603201422321,3.629171817058096,11,4,Dry,2021,2021-04,"{""type"":""MultiPoint"",""coordinates"":[]}"
VHI_M_2021-04_000000000000000000b1,0.5675797032872916,2.9503145080869273,178,4,Dry,2021,2021-04,"{""type"":""MultiPoint"",""coordinates"":[]}"
VHI_M_2021-04_000000000000000000b2,0.5903707494812862,3.100547448228668,179,4,Dry,2021,2021-04,"{""type"":""MultiPoint"",""coordinates"":[]}"
VHI_M_2021-04_000000000000000000b3,0.54618219651355,2.8233482440140114,180,4,Dry,2021,2021-04,"{""type"":""MultiPoint"",""coordinates"":[]}"
VHI_M_2021-04_000000000000000000ca,0.5929679589003218,3.1119968737788186,203,4,Dry,2021,2021-04,"{""type"":""MultiPoint"",""coordinates"":[]}"
VHI_M_2021-04_000000000000000000d2,0.5965766177107095,3.1152696619618623,211,4,Dry,2021,2021-04,"{""type"":""MultiPoint"",""coordinates"":[]}"
VHI_M_2021-04_000000000000000000d3,0.6123813497284656,3.2511243904522447,212,4,Dry,2021,2021-04,"{""type"":""MultiPoint"",""coordinates"":[]}"
VHI_M_2021-04_000000000000000000d4,0.6569688132108567,3.529273887450936,213,4,Dry,2021,2021-04,"{""type"":""MultiPoint"",""coordinates"":[]}"
VHI_M_2021-04_000000000000000000d5,0.5901635831444804,3.067511434152484,214,4,Dry,2021,2021-04,"{""type"":""MultiPoint"",""coordinates"":[]}"
VHI_M_2021-04_000000000000000000bc,0.6330792489418455,3.3637066067867054,189,4,Dry,2021,2021-04,"{""type"":""MultiPoint"",""coordinates"":[]}"
VHI_M_2021-04_000000000000000000bd,0.6338131445489257,3.3788670576659356,190,4,Dry,2021,2021-04,"{""type"":""MultiPoint"",""coordinates"":[]}"
VHI_M_2021-04_000000000000000000be,0.6519028408974521,3.5202540140962815,191,4,Dry,2021,2021-04,"{""type"":""MultiPoint"",""coordinates"":[]}"
VHI_M_2021-04_000000000000000000f1,0.664868479308222,3.5929705215419494,242,4,Dry,2021,2021-04,"{""type"":""MultiPoint"",""coordinates"":[]}"
VHI_M_2021-04_00000000000000000100,0.6156125851511309,3.2439691593803492,257,4,Dry,2021,2021-04,"{""type"":""MultiPoint"",""coordinates"":[]}"
VHI_M_2021-04_00000000000000000101,0.6143559548639359,3.2412895632070224,258,4,Dry,2021,2021-04,"{""type"":""MultiPoint"",""coordinates"":[]}"
VHI_M_2021-04_0000000000000000012f,0.5979259732181944,3.1527334998258576,304,4,Dry,2021,2021-04,"{""type"":""MultiPoint"",""coordinates"":[]}"
VHI_M_2021-04_00000000000000000130,0.5873177506647252,3.0689930834001595,305,4,Dry,2021,2021-04,"{""type"":""MultiPoint"",""coordinates"":[]}"
VHI_M_2021-04_00000000000000000131,0.6069324445178687,3.2243225550966974,306,4,Dry,2021,2021-04,"{""type"":""MultiPoint"",""coordinates"":[]}"
VHI_M_2021-04_00000000000000000065,0.5975627450308417,3.189845485338499,102,4,Dry,2021,2021-04,"{""type"":""MultiPoint"",""coordinates"":[]}"
VHI_M_2021-04_00000000000000000066,0.5690892435490201,2.964072450511711,103,4,Dry,2021,2021-04,"{""type"":""MultiPoint"",""coordinates"":[]}"
VHI_M_2021-04_00000000000000000067,0.5856062786919352,3.0355170616822105,104,4,Dry,2021,2021-04,"{""type"":""MultiPoint"",""coordinates"":[]}"
VHI_M_2021-04_00000000000000000068,0.5643419019335715,2.9444982727161593,105,4,Dry,2021,2021-04,"{""type"":""MultiPoint"",""coordinates"":[]}"
VHI_M_2021-04_00000000000000000109,0.5383720146593899,2.8652150945887938,266,4,Dry,2021,2021-04,"{""type"":""MultiPoint"",""coordinates"":[]}"
VHI_M_2021-04_000000000000000001c1,0.5677836928912531,2.962250680563942,450,4,Dry,2021,2021-04,"{""type"":""MultiPoint"",""coordinates"":[]}"
VHI_M_2021-04_000000000000000001c2,0.5978485608109996,3.183494303356747,451,4,Dry,2021,2021-04,"{""type"":""MultiPoint"",""coordinates"":[]}"
VHI_M_2021-04_00000000000000000113,0.4953573369485064,2.4843320505772404,276,4,Dry,2021,2021-04,"{""type"":""MultiPoint"",""coordinates"":[]}"
VHI_M_2021-04_00000000000000000114,0.5334044612076219,2.71875812418758,277,4,Dry,2021,2021-04,"{""type"":""MultiPoint"",""coordinates"":[]}"
VHI_M_2021-04_00000000000000000115,0.5143255165154854,2.569481746103137,278,4,Dry,2021,2021-04,"{""type"":""MultiPoint"",""coordinates"":[]}"
VHI_M_2021-04_00000000000000000116,0.5764441492153314,2.997105429542402,279,4,Dry,2021,2021-04,"{""type"":""MultiPoint"",""coordinates"":[]}"
VHI_M_2021-04_00000000000000000117,0.5658882244269441,2.925784569822671,280,4,Dry,2021,2021-04,"{""type"":""MultiPoint"",""coordinates"":[]}"
VHI_M_2021-04_00000000000000000167,0.6010345746123787,3.2184915646708574,360,4,Dry,2021,2021-04,"{""type"":""MultiPoint"",""coordinates"":[]}"
VHI_M_2021-04_00000000000000000168,0.6336806614134578,3.2680412371134024,361,4,Dry,2021,2021-04,"{""type"":""MultiPoint"",""coordinates"":[]}"
VHI_M_2021-04_00000000000000000169,0.5760974342118756,2.99164135473999,362,4,Dry,2021,2021-04,"{""type"":""MultiPoint"",""coordinates"":[]}"
VHI_M_2021-04_0000000000000000016a,0.5486732446416248,2.84944453856766,363,4,Dry,2021,2021-04,"{""type"":""MultiPoint"",""coordinates"":[]}"
VHI_M_2021-04_0000000000000000016b,0.4945072620504643,2.457025502697401,364,4,Dry,2021,2021-04,"{""type"":""MultiPoint"",""coordinates"":[]}"
VHI_M_2021-04_0000000000000000016c,0.5258012457928163,2.674315701908867,365,4,Dry,2021,2021-04,"{""type"":""MultiPoint"",""coordinates"":[]}"
VHI_M_2021-04_0000000000000000016d,0.5552108906541219,2.891442962010395,366,4,Dry,2021,2021-04,"{""type"":""MultiPoint"",""coordinates"":[]}"
VHI_M_2021-04_000000000000000000cb,0.5975759340701746,3.2524328948775536,204,4,Dry,2021,2021-04,"{""type"":""MultiPoint"",""coordinates"":[]}"
VHI_M_2021-04_000000000000000000eb,15.443040742563985,3.3017632788040587,236,4,Dry,2021,2021-04,"{""type"":""MultiPoint"",""coordinates"":[]}"
VHI_M_2021-04_000000000000000000ec,0.5757999843606069,3.0184631632547227,237,4,Dry,2021,2021-04,"{""type"":""MultiPoint"",""coordinates"":[]}"
VHI_M_2021-04_000000000000000000ed,0.5398230316911001,2.743529006911188,238,4,Dry,2021,2021-04,"{""type"":""MultiPoint"",""coordinates"":[]}"
VHI_M_2021-04_000000000000000000ee,0.60491827235608,3.1300188323917144,239,4,Dry,2021,2021-04,"{""type"":""MultiPoint"",""coordinates"":[]}"
VHI_M_2021-04_000000000000000000ef,0.6107877398060554,3.25903014993637,240,4,Dry,2021,2021-04,"{""type"":""MultiPoint"",""coordinates"":[]}"
VHI_M_2021-04_00000000000000000146,0.6288384934464969,3.3928939372545353,327,4,Dry,2021,2021-04,"{""type"":""MultiPoint"",""coordinates"":[]}"
VHI_M_2021-04_00000000000000000147,8.56060855422987,3.1715536174179575,328,4,Dry,2021,2021-04,"{""type"":""MultiPoint"",""coordinates"":[]}"
VHI_M_2021-04_00000000000000000148,0.599699653080436,3.139310415036236,329,4,Dry,2021,2021-04,"{""type"":""MultiPoint"",""coordinates"":[]}"
VHI_M_2021-04_0000000000000000015e,0.5857360105873199,3.1165993843480617,351,4,Dry,2021,2021-04,"{""type"":""MultiPoint"",""coordinates"":[]}"
VHI_M_2021-04_0000000000000000015f,0.6123188933134127,3.2404246049035534,352,4,Dry,2021,2021-04,"{""type"":""MultiPoint"",""coordinates"":[]}"
VHI_M_2021-04_00000000000000000160,0.5300819725475922,2.733372317155045,353,4,Dry,2021,2021-04,"{""type"":""MultiPoint"",""coordinates"":[]}"
VHI_M_2021-04_00000000000000000161,0.6248628337009405,3.2978223740392822,354,4,Dry,2021,2021-04,"{""type"":""MultiPoint"",""coordinates"":[]}"
VHI_M_2021-04_00000000000000000162,4.5226180973555214,3.108161346409418,355,4,Dry,2021,2021-04,"{""type"":""MultiPoint"",""coordinates"":[]}"
VHI_M_2021-04_00000000000000000010,0.6380759025455317,3.471854757777576,17,4,Dry,2021,2021-04,"{""type"":""MultiPoint"",""coordinates"":[]}"
VHI_M_2021-04_00000000000000000121,0.5326556715778894,2.741238619759468,290,4,Dry,2021,2021-04,"{""type"":""MultiPoint"",""coordinates"":[]}"
VHI_M_2021-04_00000000000000000122,0.6962532410743775,2.9510864287901715,291,4,Dry,2021,2021-04,"{""type"":""MultiPoint"",""coordinates"":[]}"
VHI_M_2021-04_00000000000000000123,0.515902220067282,2.6502961972100123,292,4,Dry,2021,2021-04,"{""type"":""MultiPoint"",""coordinates"":[]}"
VHI_M_2021-04_0000000000000000019a,0.5926656786469577,3.1397313368558786,411,4,Dry,2021,2021-04,"{""type"":""MultiPoint"",""coordinates"":[]}"
VHI_M_2021-04_0000000000000000019b,0.6479025789449103,3.466706948074453,412,4,Dry,2021,2021-04,"{""type"":""MultiPoint"",""coordinates"":[]}"
VHI_M_2021-04_0000000000000000019c,0.5988461613802475,3.1587232486461096,413,4,Dry,2021,2021-04,"{""type"":""MultiPoint"",""coordinates"":[]}"
VHI_M_2021-04_0000000000000000019d,0.6718944094441394,3.6695633956255747,414,4,Dry,2021,2021-04,"{""type"":""MultiPoint"",""coordinates"":[]}"
VHI_M_2021-04_0000000000000000019e,4.248944347245584,3.2279992121733847,415,4,Dry,2021,2021-04,"{""type"":""MultiPoint"",""coordinates"":[]}"
VHI_M_2021-04_0000000000000000019f,0.649929042970384,3.492865427879713,416,4,Dry,2021,2021-04,"{""type"":""MultiPoint"",""coordinates"":[]}"
VHI_M_2021-04_00000000000000000216,0.5953283658846475,3.0084319766499115,535,4,Dry,2021,2021-04,"{""type"":""MultiPoint"",""coordinates"":[]}"
VHI_M_2021-04_00000000000000000217,0.6764954014286417,3.2616603767842474,536,4,Dry,2021,2021-04,"{""type"":""MultiPoint"",""coordinates"":[]}"
VHI_M_2021-04_00000000000000000218,0.5899854465736807,3.1093497864261974,537,4,Dry,2021,2021-04,"{""type"":""MultiPoint"",""coordinates"":[]}"
VHI_M_2021-04_00000000000000000219,0.6118631625375297,3.144034831952825,538,4,Dry,2021,2021-04,"{""type"":""MultiPoint"",""coordinates"":[]}"
VHI_M_2021-04_0000000000000000021a,8.431176072874248,3.1865992237033938,539,4,Dry,2021,2021-04,"{""type"":""MultiPoint"",""coordinates"":[]}"
VHI_M_2021-04_00000000000000000004,0.6537072852343873,3.508030527394918,5,4,Dry,2021,2021-04,"{""type"":""MultiPoint"",""coordinates"":[]}"
VHI_M_2021-04_00000000000000000028,0.5727507486376375,2.9770734490420985,41,4,Dry,2021,2021-04,"{""type"":""MultiPoint"",""coordinates"":[]}"
VHI_M_2021-04_00000000000000000029,0.633516617588924,3.3755692939051953,42,4,Dry,2021,2021-04,"{""type"":""MultiPoint"",""coordinates"":[]}"
VHI_M_2021-04_0000000000000000002a,0.6472817256586533,3.479932845236079,43,4,Dry,2021,2021-04,"{""type"":""MultiPoint"",""coordinates"":[]}"
VHI_M_2021-04_0000000000000000002b,0.557444187150022,2.8940950026788053,44,4,Dry,2021,2021-04,"{""type"":""MultiPoint"",""coordinates"":[]}"
VHI_M_2021-04_000000000000000000a7,0.6679249992506113,3.617373943575722,168,4,Dry,2021,2021-04,"{""type"":""MultiPoint"",""coordinates"":[]}"
VHI_M_2021-04_000000000000000000a8,0.617613388472804,3.313743977809138,169,4,Dry,2021,2021-04,"{""type"":""MultiPoint"",""coordinates"":[]}"
VHI_M_2021-04_0000000000000000000c,0.5492274634635645,2.7987355589920866,13,4,Dry,2021,2021-04,"{""type"":""MultiPoint"",""coordinates"":[]}"
VHI_M_2021-04_00000000000000000060,0.6352937072972579,3.436326060147859,97,4,Dry,2021,2021-04,"{""type"":""MultiPoint"",""coordinates"":[]}"
VHI_M_2021-04_00000000000000000061,0.706820749635492,3.878138879097635,98,4,Dry,2021,2021-04,"{""type"":""MultiPoint"",""coordinates"":[]}"
VHI_M_2021-04_00000000000000000062,0.5899018895634774,3.123397661370991,99,4,Dry,2021,2021-04,"{""type"":""MultiPoint"",""coordinates"":[]}"
VHI_M_2021-04_00000000000000000063,0.6452207067191774,3.476977005160466,100,4,Dry,2021,2021-04,"{""type"":""MultiPoint"",""coordinates"":[]}"
VHI_M_2021-04_00000000000000000064,0.5607465882086496,2.9055580321442296,101,4,Dry,2021,2021-04,"{""type"":""MultiPoint"",""coordinates"":[]}"
VHI_M_2021-04_00000000000000000011,0.6364600156688975,3.388444252908947,18,4,Dry,2021,2021-04,"{""type"":""MultiPoint"",""coordinates"":[]}"
VHI_M_2021-04_00000000000000000033,0.7110919536504672,3.8868294579885663,52,4,Dry,2021,2021-04,"{""type"":""MultiPoint"",""coordinates"":[]}"
VHI_M_2021-04_00000000000000000034,0.7639982146986485,4.216849951375996,53,4,Dry,2021,2021-04,"{""type"":""MultiPoint"",""coordinates"":[]}"
VHI_M_2021-04_000000000000000001b3,0.6567514611710946,3.558029644736066,436,4,Dry,2021,2021-04,"{""type"":""MultiPoint"",""coordinates"":[]}"
VHI_M_2021-04_000000000000000001b4,0.6769495772798974,3.6778863389633654,437,4,Dry,2021,2021-04,"{""type"":""MultiPoint"",""coordinates"":[]}"
VHI_M_2021-04_000000000000000001b5,0.6202960052751149,3.2759466817048164,438,4,Dry,2021,2021-04,"{""type"":""MultiPoint"",""coordinates"":[]}"
VHI_M_2021-04_00000000000000000005,0.7096674832202947,3.9186086127010085,6,4,Dry,2021,2021-04,"{""type"":""MultiPoint"",""coordinates"":[]}"
VHI_M_2021-04_00000000000000000082,0.6566067662544649,3.570129743677128,131,4,Dry,2021,2021-04,"{""type"":""MultiPoint"",""coordinates"":[]}"
VHI_M_2021-04_00000000000000000083,0.6359361911462574,3.41567872396571,132,4,Dry,2021,2021-04,"{""type"":""MultiPoint"",""coordinates"":[]}"
VHI_M_2021-04_00000000000000000084,0.6631065101034523,3.559010930278863,133,4,Dry,2021,2021-04,"{""type"":""MultiPoint"",""coordinates"":[]}"
VHI_M_2021-04_00000000000000000085,0.6731481211243587,3.545861668601757,134,4,Dry,2021,2021-04,"{""type"":""MultiPoint"",""coordinates"":[]}"
VHI_M_2021-04_00000000000000000086,0.6814738047059359,3.7323984451714804,135,4,Dry,2021,2021-04,"{""type"":""MultiPoint"",""coordinates"":[]}"
VHI_M_2021-04_00000000000000000087,0.6870961762530495,3.7881218534004613,136,4,Dry,2021,2021-04,"{""type"":""MultiPoint"",""coordinates"":[]}"
VHI_M_2021-04_0000000000000000010c,0.5691291082854738,2.9711466369990562,269,4,Dry,2021,2021-04,"{""type"":""MultiPoint"",""coordinates"":[]}"
VHI_M_2021-04_0000000000000000010d,0.6382490159765506,3.419947543211686,270,4,Dry,2021,2021-04,"{""type"":""MultiPoint"",""coordinates"":[]}"
VHI_M_2021-04_0000000000000000010e,0.6020544191014435,3.0902679545730103,271,4,Dry,2021,2021-04,"{""type"":""MultiPoint"",""coordinates"":[]}"
VHI_M_2021-04_0000000000000000010f,0.599204511467819,3.1766059229214787,272,4,Dry,2021,2021-04,"{""type"":""MultiPoint"",""coordinates"":[]}"
VHI_M_2021-04_00000000000000000110,0.621519545323655,3.3198911535857096,273,4,Dry,2021,2021-04,"{""type"":""MultiPoint"",""coordinates"":[]}"
VHI_M_2021-04_00000000000000000111,0.6425813111045625,3.410408014965319,274,4,Dry,2021,2021-04,"{""type"":""MultiPoint"",""coordinates"":[]}"
VHI_M_2021-04_000000000000000001d0,0.6177307822614148,3.3284418993080394,465,4,Dry,2021,2021-04,"{""type"":""MultiPoint"",""coordinates"":[]}"
VHI_M_2021-04_000000000000000001d1,0.657221635193546,3.51203124368107,466,4,Dry,2021,2021-04,"{""type"":""MultiPoint"",""coordinates"":[]}"
VHI_M_2021-04_00000000000000000009,0.5801368986666786,3.0154676348444522,10,4,Dry,2021,2021-04,"{""type"":""MultiPoint"",""coordinates"":[]}"
VHI_M_2021-04_0000000000000000009e,0.6140174009701217,3.2742286598903174,159,4,Dry,2021,2021-04,"{""type"":""MultiPoint"",""coordinates"":[]}"
VHI_M_2021-04_0000000000000000009f,0.5747284762174636,2.9809499577495706,160,4,Dry,2021,2021-04,"{""type"":""MultiPoint"",""coordinates"":[]}"
VHI_M_2021-04_00000000000000000154,0.6558066851512224,3.5503770630736775,341,4,Dry,2021,2021-04,"{""type"":""MultiPoint"",""coordinates"":[]}"
VHI_M_2021-04_00000000000000000155,0.5319809016921038,2.722445841740049,342,4,Dry,2021,2021-04,"{""type"":""MultiPoint"",""coordinates"":[]}"
VHI_M_2021-04_00000000000000000156,0.5528075641511653,2.8609444160857,343,4,Dry,2021,2021-04,"{""type"":""MultiPoint"",""coordinates"":[]}"
VHI_M_2021-04_00000000000000000157,0.5235870432883304,2.670945319273344,344,4,Dry,2021,2021-04,"{""type"":""MultiPoint"",""coordinates"":[]}"
VHI_M_2021-04_00000000000000000178,0.6526943865391808,3.511443577514572,377,4,Dry,2021,2021-04,"{""type"":""MultiPoint"",""coordinates"":[]}"
VHI_M_2021-04_00000000000000000179,0.4812598419441248,2.3918907215207454,378,4,Dry,2021,2021-04,"{""type"":""MultiPoint"",""coordinates"":[]}"
VHI_M_2021-04_0000000000000000017a,0.5766658273491919,3.013213865843843,379,4,Dry,2021,2021-04,"{""type"":""MultiPoint"",""coordinates"":[]}"
VHI_M_2021-04_0000000000000000017b,0.4416189685315849,2.1504346926102254,380,4,Dry,2021,2021-04,"{""type"":""MultiPoint"",""coordinates"":[]}"
VHI_M_2021-04_0000000000000000000f,0.6898836354921768,3.832144644644646,16,4,Dry,2021,2021-04,"{""type"":""MultiPoint"",""coordinates"":[]}"
VHI_M_2021-04_00000000000000000040,0.5953932181709906,3.1357427252587757,65,4,Dry,2021,2021-04,"{""type"":""MultiPoint"",""coordinates"":[]}"
VHI_M_2021-04_00000000000000000041,0.6917144439388212,3.7765361157434945,66,4,Dry,2021,2021-04,"{""type"":""MultiPoint"",""coordinates"":[]}"
VHI_M_2021-04_00000000000000000042,0.6522349536327021,3.516330812379165,67,4,Dry,2021,2021-04,"{""type"":""MultiPoint"",""coordinates"":[]}"
VHI_M_2021-04_00000000000000000043,0.6611621799530609,3.559960063090351,68,4,Dry,2021,2021-04,"{""type"":""MultiPoint"",""coordinates"":[]}"
VHI_M_2021-04_00000000000000000192,0.6730268802914889,3.6474544180935613,403,4,Dry,2021,2021-04,"{""type"":""MultiPoint"",""coordinates"":[]}"
VHI_M_2021-04_00000000000000000193,0.718607811598208,3.938066215978094,404,4,Dry,2021,2021-04,"{""type"":""MultiPoint"",""coordinates"":[]}"
VHI_M_2021-04_00000000000000000194,0.6963500627627612,3.8071398899054563,405,4,Dry,2021,2021-04,"{""type"":""MultiPoint"",""coordinates"":[]}"
VHI_M_2021-04_000000000000000001d2,0.6714567654098754,3.6049170590980437,467,4,Dry,2021,2021-04,"{""type"":""MultiPoint"",""coordinates"":[]}"
VHI_M_2021-04_000000000000000001d3,0.678336620379395,3.6529969025667035,468,4,Dry,2021,2021-04,"{""type"":""MultiPoint"",""coordinates"":[]}"
VHI_M_2021-04_000000000000000001d4,0.5433289435564879,2.7692438955211154,469,4,Dry,2021,2021-04,"{""type"":""MultiPoint"",""coordinates"":[]}"
VHI_M_2021-04_000000000000000001d5,0.6933078210639003,3.818535086963045,470,4,Dry,2021,2021-04,"{""type"":""MultiPoint"",""coordinates"":[]}"
VHI_M_2021-04_000000000000000001d6,0.554040274800292,2.8871952009871773,471,4,Dry,2021,2021-04,"{""type"":""MultiPoint"",""coordinates"":[]}"
VHI_M_2021-04_000000000000000001d7,0.6390178531759366,3.4193884094821274,472,4,Dry,2021,2021-04,"{""type"":""MultiPoint"",""coordinates"":[]}"
VHI_M_2021-04_00000000000000000069,0.6403029701060081,3.377862209521985,106,4,Dry,2021,2021-04,"{""type"":""MultiPoint"",""coordinates"":[]}"
VHI_M_2021-04_0000000000000000006a,0.6070429390053331,3.1321402255219395,107,4,Dry,2021,2021-04,"{""type"":""MultiPoint"",""coordinates"":[]}"
VHI_M_2021-04_0000000000000000006b,0.590350824941157,3.111214249615809,108,4,Dry,2021,2021-04,"{""type"":""MultiPoint"",""coordinates"":[]}"
VHI_M_2021-04_0000000000000000006c,0.612033607472279,3.16840989336598,109,4,Dry,2021,2021-04,"{""type"":""MultiPoint"",""coordinates"":[]}"
VHI_M_2021-04_0000000000000000006d,0.6795205967311208,3.7634639495175484,110,4,Dry,2021,2021-04,"{""type"":""MultiPoint"",""coordinates"":[]}"
VHI_M_2021-04_0000000000000000006e,0.6670205192402426,3.6024934303705796,111,4,Dry,2021,2021-04,"{""type"":""MultiPoint"",""coordinates"":[]}"
VHI_M_2021-04_0000000000000000006f,0.6492013717361298,3.5332547766670905,112,4,Dry,2021,2021-04,"{""type"":""MultiPoint"",""coordinates"":[]}"
VHI_M_2021-04_000000000000000000d6,0.6791219728628247,3.6211072664359865,215,4,Dry,2021,2021-04,"{""type"":""MultiPoint"",""coordinates"":[]}"
VHI_M_2021-04_0000000000000000013b,0.7388618959942294,4.0,316,4,Dry,2021,2021-04,"{""type"":""MultiPoint"",""coordinates"":[]}"
VHI_M_2021-04_0000000000000000013c,0.7088399448341989,3.8859612460004445,317,4,Dry,2021,2021-04,"{""type"":""MultiPoint"",""coordinates"":[]}"
VHI_M_2021-04_0000000000000000013d,0.665956954340127,3.634624936866843,318,4,Dry,2021,2021-04,"{""type"":""MultiPoint"",""coordinates"":[]}"
VHI_M_2021-04_0000000000000000013e,0.616724158032166,3.2272597651902957,319,4,Dry,2021,2021-04,"{""type"":""MultiPoint"",""coordinates"":[]}"
VHI_M_2021-04_0000000000000000013f,0.6494564559471311,3.472795723500432,320,4,Dry,2021,2021-04,"{""type"":""MultiPoint"",""coordinates"":[]}"
VHI_M_2021-04_00000000000000000140,10.441572273413966,3.690309659654638,321,4,Dry,2021,2021-04,"{""type"":""MultiPoint"",""coordinates"":[]}"
VHI_M_2021-04_000000000000000001bc,0.5883057917208382,3.116498398352591,445,4,Dry,2021,2021-04,"{""type"":""MultiPoint"",""coordinates"":[]}"
VHI_M_2021-04_000000000000000001bd,0.6054416329130813,3.2050027298647152,446,4,Dry,2021,2021-04,"{""type"":""MultiPoint"",""coordinates"":[]}"
VHI_M_2021-04_000000000000000001be,0.7080966024327573,3.9410094200221653,447,4,Dry,2021,2021-04,"{""type"":""MultiPoint"",""coordinates"":[]}"
VHI_M_2021-04_000000000000000001bf,0.6127771194023114,3.2479935102796182,448,4,Dry,2021,2021-04,"{""type"":""MultiPoint"",""coordinates"":[]}"
VHI_M_2021-04_000000000000000001c0,0.6800031226076724,3.742097704157472,449,4,Dry,2021,2021-04,"{""type"":""MultiPoint"",""coordinates"":[]}"
VHI_M_2021-04_00000000000000000006,0.7193656376903118,3.8774838853078464,7,4,Dry,2021,2021-04,"{""type"":""MultiPoint"",""coordinates"":[]}"
VHI_M_2021-04_0000000000000000002c,0.6504822756240621,3.509789655614843,45,4,Dry,2021,2021-04,"{""type"":""MultiPoint"",""coordinates"":[]}"
VHI_M_2021-04_0000000000000000002d,0.5900136488184899,3.0928124128975183,46,4,Dry,2021,2021-04,"{""type"":""MultiPoint"",""coordinates"":[]}"
VHI_M_2021-04_0000000000000000002e,0.6599526119734264,3.5726970488712118,47,4,Dry,2021,2021-04,"{""type"":""MultiPoint"",""coordinates"":[]}"
VHI_M_2021-04_0000000000000000002f,0.628621677233037,3.3544322635797057,48,4,Dry,2021,2021-04,"{""type"":""MultiPoint"",""coordinates"":[]}"
VHI_M_2021-04_0000000000000000009b,0.6876656878594296,3.749945254974952,156,4,Dry,2021,2021-04,"{""type"":""MultiPoint"",""coordinates"":[]}"
VHI_M_2021-04_0000000000000000009c,0.6650358790875641,3.586023032268634,157,4,Dry,2021,2021-04,"{""type"":""MultiPoint"",""coordinates"":[]}"
VHI_M_2021-04_0000000000000000009d,0.6974020557880389,3.7951991840947628,158,4,Dry,2021,2021-04,"{""type"":""MultiPoint"",""coordinates"":[]}"
VHI_M_2021-04_000000000000000001b6,0.7261791440832306,4.035649569172738,439,4,Dry,2021,2021-04,"{""type"":""MultiPoint"",""coordinates"":[]}"
VHI_M_2021-04_000000000000000001b7,0.6273273479078901,3.3867119653388804,440,4,Dry,2021,2021-04,"{""type"":""MultiPoint"",""coordinates"":[]}"
VHI_M_2021-04_000000000000000001b8,0.6503774832083836,3.4906463016310956,441,4,Dry,2021,2021-04,"{""type"":""MultiPoint"",""coordinates"":[]}"
VHI_M_2021-04_000000000000000001b9,0.6409123164763294,3.4177363393399633,442,4,Dry,2021,2021-04,"{""type"":""MultiPoint"",""coordinates"":[]}"
VHI_M_2021-04_000000000000000001ba,0.6545812947455927,3.510530071542277,443,4,Dry,2021,2021-04,"{""type"":""MultiPoint"",""coordinates"":[]}"
VHI_M_2021-04_000000000000000001bb,0.677636982290501,3.6960900494890168,444,4,Dry,2021,2021-04,"{""type"":""MultiPoint"",""coordinates"":[]}"
VHI_M_2021-04_00000000000000000221,0.6038736089031448,3.0109005969374514,546,4,Dry,2021,2021-04,"{""type"":""MultiPoint"",""coordinates"":[]}"
VHI_M_2021-04_00000000000000000222,0.6142672884357858,3.2711434247334377,547,4,Dry,2021,2021-04,"{""type"":""MultiPoint"",""coordinates"":[]}"
VHI_M_2021-04_00000000000000000223,0.6635595896176991,3.591843098277949,548,4,Dry,2021,2021-04,"{""type"":""MultiPoint"",""coordinates"":[]}"
VHI_M_2021-04_00000000000000000224,0.6618526347985111,3.553546078036834,549,4,Dry,2021,2021-04,"{""type"":""MultiPoint"",""coordinates"":[]}"
VHI_M_2021-04_00000000000000000225,0.6064301914217836,3.206853542497105,550,4,Dry,2021,2021-04,"{""type"":""MultiPoint"",""coordinates"":[]}"
VHI_M_2021-04_00000000000000000053,0.618808224362395,3.2286756029964625,84,4,Dry,2021,2021-04,"{""type"":""MultiPoint"",""coordinates"":[]}"
VHI_M_2021-04_00000000000000000054,0.627255844728612,3.3570125913225817,85,4,Dry,2021,2021-04,"{""type"":""MultiPoint"",""coordinates"":[]}"
VHI_M_2021-04_00000000000000000055,0.6287222834119587,3.2931238885595726,86,4,Dry,2021,2021-04,"{""type"":""MultiPoint"",""coordinates"":[]}"
VHI_M_2021-04_00000000000000000056,0.6171423582687026,3.2497953535511024,87,4,Dry,2021,2021-04,"{""type"":""MultiPoint"",""coordinates"":[]}"
VHI_M_2021-04_00000000000000000057,0.617967020073895,3.247860988649633,88,4,Dry,2021,2021-04,"{""type"":""MultiPoint"",""coordinates"":[]}"
VHI_M_2021-04_000000000000000000de,0.6370483277612115,3.3564788034046815,223,4,Dry,2021,2021-04,"{""type"":""MultiPoint"",""coordinates"":[]}"
VHI_M_2021-04_000000000000000000df,26.684912748690365,4.061838123422113,224,4,Dry,2021,2021-04,"{""type"":""MultiPoint"",""coordinates"":[]}"
VHI_M_2021-04_000000000000000000e0,3.962380592158593,3.6740219200635225,225,4,Dry,2021,2021-04,"{""type"":""MultiPoint"",""coordinates"":[]}"
VHI_M_2021-04_000000000000000000e1,8.241791711523224,3.99272557195315,226,4,Dry,2021,2021-04,"{""type"":""MultiPoint"",""coordinates"":[]}"
VHI_M_2021-04_000000000000000000ff,0.6250824443263121,3.2834870622806323,256,4,Dry,2021,2021-04,"{""type"":""MultiPoint"",""coordinates"":[]}"
VHI_M_2021-04_0000000000000000011c,0.6767392981900717,3.690993365445789,285,4,Dry,2021,2021-04,"{""type"":""MultiPoint"",""coordinates"":[]}"
VHI_M_2021-04_0000000000000000011d,0.6252240885911194,3.3008207762914687,286,4,Dry,2021,2021-04,"{""type"":""MultiPoint"",""coordinates"":[]}"
VHI_M_2021-04_0000000000000000011e,0.6771713688154694,3.6678166379668657,287,4,Dry,2021,2021-04,"{""type"":""MultiPoint"",""coordinates"":[]}"
VHI_M_2021-04_0000000000000000011f,0.6637643671732316,3.63847517658562,288,4,Dry,2021,2021-04,"{""type"":""MultiPoint"",""coordinates"":[]}"
VHI_M_2021-04_000000000000000001c4,8.826529640410069,3.3692256134156326,453,4,Dry,2021,2021-04,"{""type"":""MultiPoint"",""coordinates"":[]}"
VHI_M_2021-04_000000000000000001c5,0.6892786501294991,3.808031687374516,454,4,Dry,2021,2021-04,"{""type"":""MultiPoint"",""coordinates"":[]}"
VHI_M_2021-04_000000000000000001c6,0.7086600721817847,3.929079127764035,455,4,Dry,2021,2021-04,"{""type"":""MultiPoint"",""coordinates"":[]}"
VHI_M_2021-04_00000000000000000003,0.8015827813357062,3.253325344517675,4,4,Dry,2021,2021-04,"{""type"":""MultiPoint"",""coordinates"":[]}"
VHI_M_2021-04_0000000000000000001b,12.341991726973093,3.6843380614657217,28,4,Dry,2021,2021-04,"{""type"":""MultiPoint"",""coordinates"":[]}"
VHI_M_2021-04_00000000000000000186,64.46909407631539,4.490770051573891,391,4,Dry,2021,2021-04,"{""type"":""MultiPoint"",""coordinates"":[]}"
VHI_M_2021-04_00000000000000000187,0.5855389947022274,3.067919317740779,392,4,Dry,2021,2021-04,"{""type"":""MultiPoint"",""coordinates"":[]}"
VHI_M_2021-04_00000000000000000188,2.9344595514954865,3.778527913584354,393,4,Dry,2021,2021-04,"{""type"":""MultiPoint"",""coordinates"":[]}"
VHI_M_2021-04_00000000000000000189,3.6764040018591935,3.5663594844539817,394,4,Dry,2021,2021-04,"{""type"":""MultiPoint"",""coordinates"":[]}"
VHI_M_2021-04_0000000000000000018a,0.6642141132220656,3.615802382620882,395,4,Dry,2021,2021-04,"{""type"":""MultiPoint"",""coordinates"":[]}"
VHI_M_2021-04_0000000000000000018f,0.6970313125448867,3.6568690095846645,400,4,Dry,2021,2021-04,"{""type"":""MultiPoint"",""coordinates"":[]}"
VHI_M_2021-04_00000000000000000190,0.564916522772574,2.9542513265174053,401,4,Dry,2021,2021-04,"{""type"":""MultiPoint"",""coordinates"":[]}"
VHI_M_2021-04_0000000000000000021e,0.6743466739549223,3.687790277634431,543,4,Dry,2021,2021-04,"{""type"":""MultiPoint"",""coordinates"":[]}"
VHI_M_2021-04_0000000000000000021f,0.749919570000417,3.3971225343400393,544,4,Dry,2021,2021-04,"{""type"":""MultiPoint"",""coordinates"":[]}"
VHI_M_2021-04_00000000000000000220,0.5751469161249406,2.873375252423565,545,4,Dry,2021,2021-04,"{""type"":""MultiPoint"",""coordinates"":[]}"
VHI_M_2021-04_00000000000000000007,0.7077230307245851,3.832554506072011,8,4,Dry,2021,2021-04,"{""type"":""MultiPoint"",""coordinates"":[]}"
VHI_M_2021-04_0000000000000000000b,0.6856164408364681,3.809480894015861,12,4,Dry,2021,2021-04,"{""type"":""MultiPoint"",""coordinates"":[]}"
VHI_M_2021-04_00000000000000000012,0.5962637799974687,3.1522334190153396,19,4,Dry,2021,2021-04,"{""type"":""MultiPoint"",""coordinates"":[]}"
VHI_M_2021-04_00000000000000000013,0.5959641893672178,3.1423370288160677,20,4,Dry,2021,2021-04,"{""type"":""MultiPoint"",""coordinates"":[]}"
VHI_M_2021-04_00000000000000000014,0.5970098752580677,3.1321333936534623,21,4,Dry,2021,2021-04,"{""type"":""MultiPoint"",""coordinates"":[]}"
VHI_M_2021-04_00000000000000000015,0.5685777245774671,2.988167258645672,22,4,Dry,2021,2021-04,"{""type"":""MultiPoint"",""coordinates"":[]}"
VHI_M_2021-04_00000000000000000016,0.5575100129011907,2.83652957809569,23,4,Dry,2021,2021-04,"{""type"":""MultiPoint"",""coordinates"":[]}"
VHI_M_2021-04_00000000000000000183,0.6203542032557009,3.2766351343240863,388,4,Dry,2021,2021-04,"{""type"":""MultiPoint"",""coordinates"":[]}"
VHI_M_2021-04_00000000000000000184,0.646578875263877,3.4658137755470313,389,4,Dry,2021,2021-04,"{""type"":""MultiPoint"",""coordinates"":[]}"
VHI_M_2021-04_00000000000000000185,5.0244143106840555,3.3170192599613473,390,4,Dry,2021,2021-04,"{""type"":""MultiPoint"",""coordinates"":[]}"
VHI_M_2021-04_00000000000000000212,0.5398279591330111,2.9144715179453407,531,4,Dry,2021,2021-04,"{""type"":""MultiPoint"",""coordinates"":[]}"
VHI_M_2021-04_00000000000000000213,0.6743918377050977,3.668350348817425,532,4,Dry,2021,2021-04,"{""type"":""MultiPoint"",""coordinates"":[]}"
VHI_M_2021-04_00000000000000000214,0.5860849834441981,3.064544543498243,533,4,Dry,2021,2021-04,"{""type"":""MultiPoint"",""coordinates"":[]}"
VHI_M_2021-04_00000000000000000215,0.6026948040283951,3.184911917167012,534,4,Dry,2021,2021-04,"{""type"":""MultiPoint"",""coordinates"":[]}"
VHI_M_2021-04_0000000000000000005a,75.03725928075175,3.242250647414265,91,4,Dry,2021,2021-04,"{""type"":""MultiPoint"",""coordinates"":[]}"
VHI_M_2021-04_00000000000000000118,53.22099364572034,4.289512933696914,281,4,Dry,2021,2021-04,"{""type"":""MultiPoint"",""coordinates"":[]}"
VHI_M_2021-04_00000000000000000119,8.417536675931936,3.0557596557816353,282,4,Dry,2021,2021-04,"{""type"":""MultiPoint"",""coordinates"":[]}"
VHI_M_2021-04_0000000000000000011a,3.9455678857786283,3.8012233814967478,283,4,Dry,2021,2021-04,"{""type"":""MultiPoint"",""coordinates"":[]}"
VHI_M_2021-04_0000000000000000011b,0.8589763738986073,4.525788064006593,284,4,Dry,2021,2021-04,"{""type"":""MultiPoint"",""coordinates"":[]}"
VHI_M_2021-04_00000000000000000141,10.24772911915655,3.5084582466901635,322,4,Dry,2021,2021-04,"{""type"":""MultiPoint"",""coordinates"":[]}"
VHI_M_2021-04_00000000000000000142,54.437138797163335,4.317874635749269,323,4,Dry,2021,2021-04,"{""type"":""MultiPoint"",""coordinates"":[]}"
VHI_M_2021-04_00000000000000000143,13.796990647899856,3.7589503846398253,324,4,Dry,2021,2021-04,"{""type"":""MultiPoint"",""coordinates"":[]}"
VHI_M_2021-04_00000000000000000144,48.99099553744633,4.206001198267027,325,4,Dry,2021,2021-04,"{""type"":""MultiPoint"",""coordinates"":[]}"
VHI_M_2021-04_00000000000000000145,35.247832134208636,4.200120632393288,326,4,Dry,2021,2021-04,"{""type"":""MultiPoint"",""coordinates"":[]}"
VHI_M_2021-04_000000000000000001af,85.81553388663349,3.0088563727377737,432,4,Dry,2021,2021-04,"{""type"":""MultiPoint"",""coordinates"":[]}"
VHI_M_2021-04_0000000000000000004b,0.6735576366970909,3.5364627298418183,76,4,Dry,2021,2021-04,"{""type"":""MultiPoint"",""coordinates"":[]}"
VHI_M_2021-04_0000000000000000004c,0.6337567434654507,3.400990536835588,77,4,Dry,2021,2021-04,"{""type"":""MultiPoint"",""coordinates"":[]}"
VHI_M_2021-04_0000000000000000004d,0.6458535089176716,3.4522342005075153,78,4,Dry,2021,2021-04,"{""type"":""MultiPoint"",""coordinates"":[]}"
VHI_M_2021-04_0000000000000000004e,0.6463003262232703,3.4505871709867133,79,4,Dry,2021,2021-04,"{""type"":""MultiPoint"",""coordinates"":[]}"
VHI_M_2021-04_0000000000000000004f,0.7142993909877015,4.0010645372550115,80,4,Dry,2021,2021-04,"{""type"":""MultiPoint"",""coordinates"":[]}"
VHI_M_2021-04_00000000000000000050,0.736725391707075,4.035551206784083,81,4,Dry,2021,2021-04,"{""type"":""MultiPoint"",""coordinates"":[]}"
VHI_M_2021-04_00000000000000000051,0.7763636338393389,4.384744543055889,82,4,Dry,2021,2021-04,"{""type"":""MultiPoint"",""coordinates"":[]}"
VHI_M_2021-04_00000000000000000052,0.5899225064302892,3.1516303553151057,83,4,Dry,2021,2021-04,"{""type"":""MultiPoint"",""coordinates"":[]}"
VHI_M_2021-04_000000000000000000aa,0.5948653032841507,3.1442937540363514,171,4,Dry,2021,2021-04,"{""type"":""MultiPoint"",""coordinates"":[]}"
VHI_M_2021-04_000000000000000000ab,0.6665698620763678,3.626996419888634,172,4,Dry,2021,2021-04,"{""type"":""MultiPoint"",""coordinates"":[]}"
VHI_M_2021-04_000000000000000000ac,0.6101690834293084,3.2275097660263006,173,4,Dry,2021,2021-04,"{""type"":""MultiPoint"",""coordinates"":[]}"
VHI_M_2021-04_000000000000000000ad,0.6490858234503648,3.5054766067988554,174,4,Dry,2021,2021-04,"{""type"":""MultiPoint"",""coordinates"":[]}"
VHI_M_2021-04_000000000000000000ae,0.42288139022563187,2.0920835623969216,175,4,Dry,2021,2021-04,"{""type"":""MultiPoint"",""coordinates"":[]}"
VHI_M_2021-04_000000000000000000af,0.5618956231011009,2.973588197969543,176,4,Dry,2021,2021-04,"{""type"":""MultiPoint"",""coordinates"":[]}"
VHI_M_2021-04_000000000000000000b0,0.7783935713113362,4.326810793750987,177,4,Dry,2021,2021-04,"{""type"":""MultiPoint"",""coordinates"":[]}"
VHI_M_2021-04_000000000000000001c7,0.6425389269855188,3.4983938720039536,456,4,Dry,2021,2021-04,"{""type"":""MultiPoint"",""coordinates"":[]}"
VHI_M_2021-04_000000000000000001c8,0.6864315881233641,3.764300836278837,457,4,Dry,2021,2021-04,"{""type"":""MultiPoint"",""coordinates"":[]}"
VHI_M_2021-04_000000000000000001c9,0.6171822307227672,3.230453797032065,458,4,Dry,2021,2021-04,"{""type"":""MultiPoint"",""coordinates"":[]}"
VHI_M_2021-04_000000000000000001ca,0.7900285020167718,4.220128904313336,459,4,Dry,2021,2021-04,"{""type"":""MultiPoint"",""coordinates"":[]}"
VHI_M_2021-04_0000000000000000020a,0.7373265736813814,4.027872641346719,523,4,Dry,2021,2021-04,"{""type"":""MultiPoint"",""coordinates"":[]}"
VHI_M_2021-04_0000000000000000020b,1.0762041334299517,3.774977992116561,524,4,Dry,2021,2021-04,"{""type"":""MultiPoint"",""coordinates"":[]}"
VHI_M_2021-04_0000000000000000020c,0.7236946251175058,3.9622743479603577,525,4,Dry,2021,2021-04,"{""type"":""MultiPoint"",""coordinates"":[]}"
VHI_M_2021-04_000000000000000001ab,0.6545490439980898,3.4980655145731223,428,4,Dry,2021,2021-04,"{""type"":""MultiPoint"",""coordinates"":[]}"
VHI_M_2021-04_000000000000000001ac,0.6273435740814013,3.327799242569144,429,4,Dry,2021,2021-04,"{""type"":""MultiPoint"",""coordinates"":[]}"
VHI_M_2021-04_000000000000000001ad,8.165589745875124,3.5042618835956687,430,4,Dry,2021,2021-04,"{""type"":""MultiPoint"",""coordinates"":[]}"
VHI_M_2021-04_000000000000000001ae,45.52769860502817,3.409194818389637,431,4,Dry,2021,2021-04,"{""type"":""MultiPoint"",""coordinates"":[]}"
VHI_M_2021-04_000000000000000001c3,39.119894860547845,3.5684183586418694,452,4,Dry,2021,2021-04,"{""type"":""MultiPoint"",""coordinates"":[]}"
VHI_M_2021-04_00000000000000000037,0.5630711244974145,2.9475568878829237,56,4,Dry,2021,2021-04,"{""type"":""MultiPoint"",""coordinates"":[]}"
VHI_M_2021-04_00000000000000000038,0.657978035942631,3.4995776172855657,57,4,Dry,2021,2021-04,"{""type"":""MultiPoint"",""coordinates"":[]}"
VHI_M_2021-04_00000000000000000039,0.5023133599402914,2.5450582048631403,58,4,Dry,2021,2021-04,"{""type"":""MultiPoint"",""coordinates"":[]}"
VHI_M_2021-04_0000000000000000003a,0.5919845147573759,3.1246772074480127,59,4,Dry,2021,2021-04,"{""type"":""MultiPoint"",""coordinates"":[]}"
VHI_M_2021-04_0000000000000000003b,0.5201619432549347,2.6335337525505382,60,4,Dry,2021,2021-04,"{""type"":""MultiPoint"",""coordinates"":[]}"
VHI_M_2021-04_0000000000000000003c,0.6961335267263834,3.8228044199500975,61,4,Dry,2021,2021-04,"{""type"":""MultiPoint"",""coordinates"":[]}"
VHI_M_2021-04_0000000000000000003d,0.7260344624575915,3.985604128358743,62,4,Dry,2021,2021-04,"{""type"":""MultiPoint"",""coordinates"":[]}"
VHI_M_2021-04_0000000000000000003e,10.488215827769118,3.026741024378802,63,4,Dry,2021,2021-04,"{""type"":""MultiPoint"",""coordinates"":[]}"
VHI_M_2021-04_0000000000000000003f,0.6721989745086624,3.6031050179782844,64,4,Dry,2021,2021-04,"{""type"":""MultiPoint"",""coordinates"":[]}"
VHI_M_2021-04_00000000000000000044,0.4506792039006564,2.2358914599633763,69,4,Dry,2021,2021-04,"{""type"":""MultiPoint"",""coordinates"":[]}"
VHI_M_2021-04_00000000000000000076,0.46296676195100317,2.2510514302365103,119,4,Dry,2021,2021-04,"{""type"":""MultiPoint"",""coordinates"":[]}"
VHI_M_2021-04_00000000000000000077,5.89413789000836,3.1081096881959924,120,4,Dry,2021,2021-04,"{""type"":""MultiPoint"",""coordinates"":[]}"
VHI_M_2021-04_00000000000000000078,0.5183677595632371,2.6381875244183566,121,4,Dry,2021,2021-04,"{""type"":""MultiPoint"",""coordinates"":[]}"
VHI_M_2021-04_00000000000000000079,0.6809955778284967,3.817220639442861,122,4,Dry,2021,2021-04,"{""type"":""MultiPoint"",""coordinates"":[]}"
VHI_M_2021-04_0000000000000000008b,0.520074367487403,2.7357967667436482,140,4,Dry,2021,2021-04,"{""type"":""MultiPoint"",""coordinates"":[]}"
VHI_M_2021-04_0000000000000000008c,1.7352088715905405,3.8720847810172327,141,4,Dry,2021,2021-04,"{""type"":""MultiPoint"",""coordinates"":[]}"
VHI_M_2021-04_0000000000000000008d,6.520022367309903,3.663891190278931,142,4,Dry,2021,2021-04,"{""type"":""MultiPoint"",""coordinates"":[]}"
VHI_M_2021-04_0000000000000000008e,0.8605251157240493,4.787008271131734,143,4,Dry,2021,2021-04,"{""type"":""MultiPoint"",""coordinates"":[]}"
VHI_M_2021-04_0000000000000000008f,0.9178453328867229,5.0,144,4,Dry,2021,2021-04,"{""type"":""MultiPoint"",""coordinates"":[]}"
VHI_M_2021-04_00000000000000000090,0.7947912261747873,4.412481704342166,145,4,Dry,2021,2021-04,"{""type"":""MultiPoint"",""coordinates"":[]}"
VHI_M_2021-04_00000000000000000091,0.8728233469985693,4.871006065153505,146,4,Dry,2021,2021-04,"{""type"":""MultiPoint"",""coordinates"":[]}"
VHI_M_2021-04_000000000000000000b5,36.161862915615146,3.2337434094903337,182,4,Dry,2021,2021-04,"{""type"":""MultiPoint"",""coordinates"":[]}"
VHI_M_2021-04_000000000000000000cc,9.10986524618252,4.160188926454289,205,4,Dry,2021,2021-04,"{""type"":""MultiPoint"",""coordinates"":[]}"
VHI_M_2021-04_000000000000000000cd,0.9678332254840012,3.7538733460879303,206,4,Dry,2021,2021-04,"{""type"":""MultiPoint"",""coordinates"":[]}"
VHI_M_2021-04_000000000000000001dd,0.7545853887212394,4.172706312609318,478,4,Dry,2021,2021-04,"{""type"":""MultiPoint"",""coordinates"":[]}"
VHI_M_2021-04_000000000000000001de,0.7906196934142381,4.435790867721435,479,4,Dry,2021,2021-04,"{""type"":""MultiPoint"",""coordinates"":[]}"
VHI_M_2021-04_000000000000000001df,0.6907395452129047,3.7710056414438107,480,4,Dry,2021,2021-04,"{""type"":""MultiPoint"",""coordinates"":[]}"
VHI_M_2021-04_000000000000000001e0,0.8545053282802483,4.781866025451992,481,4,Dry,2021,2021-04,"{""type"":""MultiPoint"",""coordinates"":[]}"
VHI_M_2021-04_000000000000000001e1,0.7926697363343809,4.427823712356824,482,4,Dry,2021,2021-04,"{""type"":""MultiPoint"",""coordinates"":[]}"
VHI_M_2021-04_0000000000000000007a,0.5553888978486415,2.7606308953146743,123,4,Dry,2021,2021-04,"{""type"":""MultiPoint"",""coordinates"":[]}"
VHI_M_2021-04_0000000000000000007b,0.6476465254277756,3.4693580043235857,124,4,Dry,2021,2021-04,"{""type"":""MultiPoint"",""coordinates"":[]}"
VHI_M_2021-04_0000000000000000007c,0.6217573295799576,3.3104594894161514,125,4,Dry,2021,2021-04,"{""type"":""MultiPoint"",""coordinates"":[]}"
VHI_M_2021-04_0000000000000000007d,0.6206730537106644,3.2906104489846544,126,4,Dry,2021,2021-04,"{""type"":""MultiPoint"",""coordinates"":[]}"
VHI_M_2021-04_0000000000000000007e,19.476784753645724,3.229462133620975,127,4,Dry,2021,2021-04,"{""type"":""MultiPoint"",""coordinates"":[]}"
VHI_M_2021-04_0000000000000000007f,14.007050821777293,3.4275183218356586,128,4,Dry,2021,2021-04,"{""type"":""MultiPoint"",""coordinates"":[]}"
VHI_M_2021-04_00000000000000000080,0.5692624553783224,2.951941045802334,129,4,Dry,2021,2021-04,"{""type"":""MultiPoint"",""coordinates"":[]}"
VHI_M_2021-04_00000000000000000088,4.720930960100751,3.821726654001721,137,4,Dry,2021,2021-04,"{""type"":""MultiPoint"",""coordinates"":[]}"
VHI_M_2021-04_00000000000000000089,0.6815737857622596,3.718281386718162,138,4,Dry,2021,2021-04,"{""type"":""MultiPoint"",""coordinates"":[]}"
VHI_M_2021-04_0000000000000000008a,0.6972951546520746,3.7996583266869473,139,4,Dry,2021,2021-04,"{""type"":""MultiPoint"",""coordinates"":[]}"
VHI_M_2021-04_00000000000000000099,0.7764900358024099,4.267205238471076,154,4,Dry,2021,2021-04,"{""type"":""MultiPoint"",""coordinates"":[]}"
VHI_M_2021-04_0000000000000000009a,2.9906061547420166,3.985134747902022,155,4,Dry,2021,2021-04,"{""type"":""MultiPoint"",""coordinates"":[]}"
VHI_M_2021-04_00000000000000000112,0.712567559177764,3.94904385663575,275,4,Dry,2021,2021-04,"{""type"":""MultiPoint"",""coordinates"":[]}"
VHI_M_2021-04_000000000000000001d8,0.6698454978560386,3.5527540060881067,473,4,Dry,2021,2021-04,"{""type"":""MultiPoint"",""coordinates"":[]}"
VHI_M_2021-04_00000000000000000001,0.7859089595912605,4.330645161290323,2,4,Dry,2021,2021-04,"{""type"":""MultiPoint"",""coordinates"":[]}"
VHI_M_2021-04_00000000000000000030,0.5686735260505388,2.9692163093108346,49,4,Dry,2021,2021-04,"{""type"":""MultiPoint"",""coordinates"":[]}"
VHI_M_2021-04_00000000000000000031,0.6296982076266747,3.3557987269658445,50,4,Dry,2021,2021-04,"{""type"":""MultiPoint"",""coordinates"":[]}"
VHI_M_2021-04_00000000000000000032,0.6419331324122811,3.3770605234238253,51,4,Dry,2021,2021-04,"{""type"":""MultiPoint"",""coordinates"":[]}"
VHI_M_2021-04_000000000000000000d7,0.6993085148053578,3.8313915938775644,216,4,Dry,2021,2021-04,"{""type"":""MultiPoint"",""coordinates"":[]}"
VHI_M_2021-04_000000000000000000d8,0.7134344845218252,3.91079811766997,217,4,Dry,2021,2021-04,"{""type"":""MultiPoint"",""coordinates"":[]}"
VHI_M_2021-04_000000000000000000d9,0.6542733145826816,3.508929717365993,218,4,Dry,2021,2021-04,"{""type"":""MultiPoint"",""coordinates"":[]}"
VHI_M_2021-04_000000000000000000da,0.7064538578263804,3.8812566560170394,219,4,Dry,2021,2021-04,"{""type"":""MultiPoint"",""coordinates"":[]}"
VHI_M_2021-04_00000000000000000132,0.5958872509553768,3.1421078944637824,307,4,Dry,2021,2021-04,"{""type"":""MultiPoint"",""coordinates"":[]}"
VHI_M_2021-04_00000000000000000133,81.90731569622189,4.533889587381417,308,4,Dry,2021,2021-04,"{""type"":""MultiPoint"",""coordinates"":[]}"
VHI_M_2021-04_00000000000000000134,0.655645355483928,3.5177221805684007,309,4,Dry,2021,2021-04,"{""type"":""MultiPoint"",""coordinates"":[]}"
VHI_M_2021-04_00000000000000000135,24.79919670819905,4.16692897221842,310,4,Dry,2021,2021-04,"{""type"":""MultiPoint"",""coordinates"":[]}"
VHI_M_2021-04_0000000000000000001f,0.6370372383195173,3.4188333097253514,32,4,Dry,2021,2021-04,"{""type"":""MultiPoint"",""coordinates"":[]}"
VHI_M_2021-04_00000000000000000020,0.6884751769956444,3.756771953754456,33,4,Dry,2021,2021-04,"{""type"":""MultiPoint"",""coordinates"":[]}"
VHI_M_2021-04_00000000000000000021,0.604609186821575,3.1747727637681207,34,4,Dry,2021,2021-04,"{""type"":""MultiPoint"",""coordinates"":[]}"
VHI_M_2021-04_00000000000000000045,0.5612233481937396,2.9100854226822195,70,4,Dry,2021,2021-04,"{""type"":""MultiPoint"",""coordinates"":[]}"
VHI_M_2021-04_00000000000000000046,0.6449414782018543,3.4762908773038435,71,4,Dry,2021,2021-04,"{""type"":""MultiPoint"",""coordinates"":[]}"
VHI_M_2021-04_00000000000000000047,0.5954304566289039,3.1188159206405603,72,4,Dry,2021,2021-04,"{""type"":""MultiPoint"",""coordinates"":[]}"
VHI_M_2021-04_00000000000000000048,0.4475875103778705,2.1545778264082864,73,4,Dry,2021,2021-04,"{""type"":""MultiPoint"",""coordinates"":[]}"
VHI_M_2021-04_00000000000000000072,0.6548966113708387,3.504413764073486,115,4,Dry,2021,2021-04,"{""type"":""MultiPoint"",""coordinates"":[]}"
VHI_M_2021-04_00000000000000000073,0.6497410329053969,3.4922178535935333,116,4,Dry,2021,2021-04,"{""type"":""MultiPoint"",""coordinates"":[]}"
VHI_M_2021-04_00000000000000000074,0.6328708825196979,3.368393463180266,117,4,Dry,2021,2021-04,"{""type"":""MultiPoint"",""coordinates"":[]}"
VHI_M_2021-04_00000000000000000075,0.6757727132263284,3.6880321659979813,118,4,Dry,2021,2021-04,"{""type"":""MultiPoint"",""coordinates"":[]}"
VHI_M_2021-04_000000000000000000b4,0.5983504219645669,3.225605135291757,181,4,Dry,2021,2021-04,"{""type"":""MultiPoint"",""coordinates"":[]}"
VHI_M_2021-04_000000000000000000e8,0.6216291264636868,3.1732403944236665,233,4,Dry,2021,2021-04,"{""type"":""MultiPoint"",""coordinates"":[]}"
VHI_M_2021-04_000000000000000000e9,0.5343366780735989,2.7304999220476027,234,4,Dry,2021,2021-04,"{""type"":""MultiPoint"",""coordinates"":[]}"
VHI_M_2021-04_000000000000000000ea,0.47106288404599284,2.322864480066909,235,4,Dry,2021,2021-04,"{""type"":""MultiPoint"",""coordinates"":[]}"
VHI_M_2021-04_00000000000000000022,0.7077939854288484,3.8239199943657995,35,4,Dry,2021,2021-04,"{""type"":""MultiPoint"",""coordinates"":[]}"
VHI_M_2021-04_00000000000000000023,0.6225092731158282,3.3055491196854407,36,4,Dry,2021,2021-04,"{""type"":""MultiPoint"",""coordinates"":[]}"
VHI_M_2021-04_00000000000000000024,0.6467373496928209,3.496554581062409,37,4,Dry,2021,2021-04,"{""type"":""MultiPoint"",""coordinates"":[]}"
VHI_M_2021-04_00000000000000000025,0.6518672791012912,3.4906719409846585,38,4,Dry,2021,2021-04,"{""type"":""MultiPoint"",""coordinates"":[]}"
VHI_M_2021-04_000000000000000000f0,0.6460858595900373,3.447857471970511,241,4,Dry,2021,2021-04,"{""type"":""MultiPoint"",""coordinates"":[]}"
VHI_M_2021-04_000000000000000000f4,0.5254117885851555,2.673465966801385,245,4,Dry,2021,2021-04,"{""type"":""MultiPoint"",""coordinates"":[]}"
VHI_M_2021-04_000000000000000000f5,0.5957289198982108,3.151491265463519,246,4,Dry,2021,2021-04,"{""type"":""MultiPoint"",""coordinates"":[]}"
VHI_M_2021-04_000000000000000000f6,0.5989575798985485,3.1434162832391994,247,4,Dry,2021,2021-04,"{""type"":""MultiPoint"",""coordinates"":[]}"
VHI_M_2021-04_000000000000000000f7,0.6733781303399347,3.635853194911536,248,4,Dry,2021,2021-04,"{""type"":""MultiPoint"",""coordinates"":[]}"
VHI_M_2021-04_000000000000000000f8,0.6037051374993928,3.1783813719064518,249,4,Dry,2021,2021-04,"{""type"":""MultiPoint"",""coordinates"":[]}"
VHI_M_2021-04_00000000000000000000,0.6832161220796689,3.748923648141566,1,4,Dry,2021,2021-04,"{""type"":""MultiPoint"",""coordinates"":[]}"
VHI_M_2021-04_000000000000000000f2,0.5310555352935943,2.721118502814533,243,4,Dry,2021,2021-04,"{""type"":""MultiPoint"",""coordinates"":[]}"
VHI_M_2021-04_000000000000000000f3,0.5791453191343315,3.0257183435478567,244,4,Dry,2021,2021-04,"{""type"":""MultiPoint"",""coordinates"":[]}"
VHI_M_2021-04_00000000000000000106,0.5660640248277395,2.94177522216414,263,4,Dry,2021,2021-04,"{""type"":""MultiPoint"",""coordinates"":[]}"
VHI_M_2021-04_00000000000000000107,0.5738157260738113,2.998520357622039,264,4,Dry,2021,2021-04,"{""type"":""MultiPoint"",""coordinates"":[]}"
VHI_M_2021-04_00000000000000000108,0.5767030420887667,3.020359213675801,265,4,Dry,2021,2021-04,"{""type"":""MultiPoint"",""coordinates"":[]}"
VHI_M_2021-04_0000000000000000012c,0.634327894611244,3.390080737525629,301,4,Dry,2021,2021-04,"{""type"":""MultiPoint"",""coordinates"":[]}"
VHI_M_2021-04_0000000000000000012d,0.703138490160507,3.8471100668211413,302,4,Dry,2021,2021-04,"{""type"":""MultiPoint"",""coordinates"":[]}"
VHI_M_2021-04_0000000000000000012e,0.6823436350620022,3.7009741475738984,303,4,Dry,2021,2021-04,"{""type"":""MultiPoint"",""coordinates"":[]}"
VHI_M_2021-04_000000000000000000a5,0.5794834820884714,3.0330617947340146,166,4,Dry,2021,2021-04,"{""type"":""MultiPoint"",""coordinates"":[]}"
VHI_M_2021-04_000000000000000000a6,0.5702908575981565,2.976264273487417,167,4,Dry,2021,2021-04,"{""type"":""MultiPoint"",""coordinates"":[]}"
VHI_M_2021-04_000000000000000000c1,45.91424691353564,3.3108246732973554,194,4,Dry,2021,2021-04,"{""type"":""MultiPoint"",""coordinates"":[]}"
VHI_M_2021-04_00000000000000000120,2.724404194501597,2.8066679741125706,289,4,Dry,2021,2021-04,"{""type"":""MultiPoint"",""coordinates"":[]}"
VHI_M_2021-04_000000000000000001d9,5.581992505947185,2.8787437549816883,474,4,Dry,2021,2021-04,"{""type"":""MultiPoint"",""coordinates"":[]}"
VHI_M_2021-04_000000000000000001da,0.5412936237640326,2.8032816332946,475,4,Dry,2021,2021-04,"{""type"":""MultiPoint"",""coordinates"":[]}"
VHI_M_2021-04_000000000000000001db,0.5603845008880336,2.8880337368096334,476,4,Dry,2021,2021-04,"{""type"":""MultiPoint"",""coordinates"":[]}"
VHI_M_2021-04_000000000000000001dc,0.5671152509285736,2.967761149579331,477,4,Dry,2021,2021-04,"{""type"":""MultiPoint"",""coordinates"":[]}"
VHI_M_2021-04_000000000000000001e2,54.61738862099603,3.0044327236000457,483,4,Dry,2021,2021-04,"{""type"":""MultiPoint"",""coordinates"":[]}"
VHI_M_2021-04_000000000000000001e3,4.586128376547704,2.9236137495250842,484,4,Dry,2021,2021-04,"{""type"":""MultiPoint"",""coordinates"":[]}"
VHI_M_2021-04_000000000000000001e4,80.54613960292792,3.622600109709271,485,4,Dry,2021,2021-04,"{""type"":""MultiPoint"",""coordinates"":[]}"
VHI_M_2021-04_000000000000000001e5,26.584222187242933,2.5042603550295865,486,4,Dry,2021,2021-04,"{""type"":""MultiPoint"",""coordinates"":[]}"
VHI_M_2021-04_000000000000000001e6,1.1294099182925834,2.8213340739244606,487,4,Dry,2021,2021-04,"{""type"":""MultiPoint"",""coordinates"":[]}"
VHI_M_2021-04_000000000000000001e7,16.012551182293244,2.747069799836791,488,4,Dry,2021,2021-04,"{""type"":""MultiPoint"",""coordinates"":[]}"
VHI_M_2021-04_000000000000000001e8,0.5170947097537949,2.7639349258962933,489,4,Dry,2021,2021-04,"{""type"":""MultiPoint"",""coordinates"":[]}"
VHI_M_2021-04_000000000000000001e9,58.71176029881587,3.073117231294175,490,4,Dry,2021,2021-04,"{""type"":""MultiPoint"",""coordinates"":[]}"
VHI_M_2021-04_000000000000000000e2,0.6077837229664899,3.222428688900991,227,4,Dry,2021,2021-04,"{""type"":""MultiPoint"",""coordinates"":[]}"
VHI_M_2021-04_000000000000000000e3,0.5665359123957807,2.953097170762615,228,4,Dry,2021,2021-04,"{""type"":""MultiPoint"",""coordinates"":[]}"
VHI_M_2021-04_000000000000000000e4,25.304300957473824,3.0535779985283287,229,4,Dry,2021,2021-04,"{""type"":""MultiPoint"",""coordinates"":[]}"
VHI_M_2021-04_000000000000000000e5,1.2898938117541956,3.326400335375439,230,4,Dry,2021,2021-04,"{""type"":""MultiPoint"",""coordinates"":[]}"
VHI_M_2021-04_000000000000000000e6,0.5103265904317018,2.5488922841864023,231,4,Dry,2021,2021-04,"{""type"":""MultiPoint"",""coordinates"":[]}"
VHI_M_2021-04_000000000000000000e7,0.6898325066664692,3.702039117769455,232,4,Dry,2021,2021-04,"{""type"":""MultiPoint"",""coordinates"":[]}"
VHI_M_2021-04_0000000000000000017f,0.6038831016975,3.1466561285959194,384,4,Dry,2021,2021-04,"{""type"":""MultiPoint"",""coordinates"":[]}"
VHI_M_2021-04_00000000000000000180,0.5815133068417001,3.040887419066299,385,4,Dry,2021,2021-04,"{""type"":""MultiPoint"",""coordinates"":[]}"
VHI_M_2021-04_00000000000000000203,0.5779491667084937,3.0068535453150833,516,4,Dry,2021,2021-04,"{""type"":""MultiPoint"",""coordinates"":[]}"
VHI_M_2021-04_00000000000000000204,0.5766138856054265,2.980187021819212,517,4,Dry,2021,2021-04,"{""type"":""MultiPoint"",""coordinates"":[]}"
VHI_M_2021-04_00000000000000000205,0.6174872676553761,3.2438732129540493,518,4,Dry,2021,2021-04,"{""type"":""MultiPoint"",""coordinates"":[]}"
VHI_M_2021-04_00000000000000000206,0.6192957184278552,3.275830442237908,519,4,Dry,2021,2021-04,"{""type"":""MultiPoint"",""coordinates"":[]}"
VHI_M_2021-04_00000000000000000207,0.5758893245499228,3.0742129178838042,520,4,Dry,2021,2021-04,"{""type"":""MultiPoint"",""coordinates"":[]}"
VHI_M_2021-04_00000000000000000208,0.518987252842428,2.572307008445695,521,4,Dry,2021,2021-04,"{""type"":""MultiPoint"",""coordinates"":[]}"
VHI_M_2021-04_00000000000000000209,0.6592313165631687,3.467869149211276,522,4,Dry,2021,2021-04,"{""type"":""MultiPoint"",""coordinates"":[]}"
VHI_M_2021-04_0000000000000000000e,0.6391740790520174,3.4754665301774814,15,4,Dry,2021,2021-04,"{""type"":""MultiPoint"",""coordinates"":[]}"
VHI_M_2021-04_00000000000000000124,0.6370826002771189,3.566887879846315,293,4,Dry,2021,2021-04,"{""type"":""MultiPoint"",""coordinates"":[]}"
VHI_M_2021-04_00000000000000000125,13.665507156669813,3.5613785232710913,294,4,Dry,2021,2021-04,"{""type"":""MultiPoint"",""coordinates"":[]}"
VHI_M_2021-04_00000000000000000126,0.6745662902405998,3.6683323923002162,295,4,Dry,2021,2021-04,"{""type"":""MultiPoint"",""coordinates"":[]}"
VHI_M_2021-04_00000000000000000127,0.5961405793914875,3.142605360362489,296,4,Dry,2021,2021-04,"{""type"":""MultiPoint"",""coordinates"":[]}"
VHI_M_2021-04_00000000000000000128,0.6822936047991488,3.8323733569635214,297,4,Dry,2021,2021-04,"{""type"":""MultiPoint"",""coordinates"":[]}"
VHI_M_2021-04_00000000000000000129,0.7012869801495216,3.813092862559682,298,4,Dry,2021,2021-04,"{""type"":""MultiPoint"",""coordinates"":[]}"
VHI_M_2021-04_0000000000000000012a,0.6551145725629275,3.504770548491088,299,4,Dry,2021,2021-04,"{""type"":""MultiPoint"",""coordinates"":[]}"
VHI_M_2021-04_0000000000000000012b,0.6384835911131238,3.4059153352092415,300,4,Dry,2021,2021-04,"{""type"":""MultiPoint"",""coordinates"":[]}"
VHI_M_2021-04_00000000000000000174,0.6017494689280349,3.1845565236818594,373,4,Dry,2021,2021-04,"{""type"":""MultiPoint"",""coordinates"":[]}"
VHI_M_2021-04_00000000000000000175,0.6820383288300155,3.7111961029516918,374,4,Dry,2021,2021-04,"{""type"":""MultiPoint"",""coordinates"":[]}"
VHI_M_2021-04_00000000000000000176,0.6347756189560229,3.4034299847050016,375,4,Dry,2021,2021-04,"{""type"":""MultiPoint"",""coordinates"":[]}"
VHI_M_2021-04_00000000000000000177,0.6202812437193302,3.2604832471603604,376,4,Dry,2021,2021-04,"{""type"":""MultiPoint"",""coordinates"":[]}"
VHI_M_2021-04_00000000000000000195,0.6388832570529129,3.4000415027608364,406,4,Dry,2021,2021-04,"{""type"":""MultiPoint"",""coordinates"":[]}"
VHI_M_2021-04_00000000000000000196,0.5595077124173339,2.866767681652347,407,4,Dry,2021,2021-04,"{""type"":""MultiPoint"",""coordinates"":[]}"
VHI_M_2021-04_00000000000000000197,3.3439757935461634,3.1316234679382386,408,4,Dry,2021,2021-04,"{""type"":""MultiPoint"",""coordinates"":[]}"
VHI_M_2021-04_00000000000000000198,0.5991981679599399,3.1431154525615717,409,4,Dry,2021,2021-04,"{""type"":""MultiPoint"",""coordinates"":[]}"
VHI_M_2021-04_00000000000000000199,0.6773615549734339,3.7131394544524965,410,4,Dry,2021,2021-04,"{""type"":""MultiPoint"",""coordinates"":[]}"
VHI_M_2021-04_00000000000000000035,0.6294298008972445,3.2646357615894046,54,4,Dry,2021,2021-04,"{""type"":""MultiPoint"",""coordinates"":[]}"
VHI_M_2021-04_000000000000000000ce,0.534949452240176,2.740046761457767,207,4,Dry,2021,2021-04,"{""type"":""MultiPoint"",""coordinates"":[]}"
VHI_M_2021-04_000000000000000000cf,0.6009192742613747,3.206011017498381,208,4,Dry,2021,2021-04,"{""type"":""MultiPoint"",""coordinates"":[]}"
VHI_M_2021-04_000000000000000000d0,3.4194151014407543,3.3261194395714733,209,4,Dry,2021,2021-04,"{""type"":""MultiPoint"",""coordinates"":[]}"
VHI_M_2021-04_000000000000000000d1,27.26724448097819,3.4043714637854023,210,4,Dry,2021,2021-04,"{""type"":""MultiPoint"",""coordinates"":[]}"
VHI_M_2021-04_000000000000000001ea,0.5486605076507838,2.8479515516600187,491,4,Dry,2021,2021-04,"{""type"":""MultiPoint"",""coordinates"":[]}"
VHI_M_2021-04_000000000000000001eb,0.6084394256174468,3.2356057371475537,492,4,Dry,2021,2021-04,"{""type"":""MultiPoint"",""coordinates"":[]}"
VHI_M_2021-04_000000000000000001ec,0.6599153788518112,3.560485526164557,493,4,Dry,2021,2021-04,"{""type"":""MultiPoint"",""coordinates"":[]}"
VHI_M_2021-04_000000000000000001ed,0.6780694431709644,3.6998311371811603,494,4,Dry,2021,2021-04,"{""type"":""MultiPoint"",""coordinates"":[]}"
VHI_M_2021-04_000000000000000001f4,9.095280491271991,3.6667077948116846,501,4,Dry,2021,2021-04,"{""type"":""MultiPoint"",""coordinates"":[]}"
VHI_M_2021-04_000000000000000001f5,0.5787790754988842,3.0210150257434067,502,4,Dry,2021,2021-04,"{""type"":""MultiPoint"",""coordinates"":[]}"
VHI_M_2021-04_000000000000000001f6,0.6389474355398962,3.4140184501284216,503,4,Dry,2021,2021-04,"{""type"":""MultiPoint"",""coordinates"":[]}"
VHI_M_2021-04_000000000000000001f7,50.307463191437726,3.5091655695865662,504,4,Dry,2021,2021-04,"{""type"":""MultiPoint"",""coordinates"":[]}"
VHI_M_2021-04_000000000000000001f8,0.6680922400617719,3.6516257792971274,505,4,Dry,2021,2021-04,"{""type"":""MultiPoint"",""coordinates"":[]}"
VHI_M_2021-04_000000000000000001f9,0.6039433702011446,3.214754548640381,506,4,Dry,2021,2021-04,"{""type"":""MultiPoint"",""coordinates"":[]}"
VHI_M_2021-04_000000000000000001fa,26.05424721938556,3.480416604653847,507,4,Dry,2021,2021-04,"{""type"":""MultiPoint"",""coordinates"":[]}"
VHI_M_2021-04_000000000000000001fb,8.057104454140202,3.72939672746877,508,4,Dry,2021,2021-04,"{""type"":""MultiPoint"",""coordinates"":[]}"
VHI_M_2021-04_000000000000000001fc,0.5970924880727295,3.0230952231399777,509,4,Dry,2021,2021-04,"{""type"":""MultiPoint"",""coordinates"":[]}"
VHI_M_2021-04_000000000000000001fd,0.6353149781271823,3.418523955691982,510,4,Dry,2021,2021-04,"{""type"":""MultiPoint"",""coordinates"":[]}"
VHI_M_2021-04_00000000000000000049,0.5065282655987117,2.595256687713348,74,4,Dry,2021,2021-04,"{""type"":""MultiPoint"",""coordinates"":[]}"
VHI_M_2021-04_0000000000000000004a,37.404097155482404,3.5649152255620407,75,4,Dry,2021,2021-04,"{""type"":""MultiPoint"",""coordinates"":[]}"
VHI_M_2021-04_000000000000000000fd,71.39717668578378,3.636479076479075,254,4,Dry,2021,2021-04,"{""type"":""MultiPoint"",""coordinates"":[]}"
VHI_M_2021-04_000000000000000000fe,5.999356101024564,3.2669725000417427,255,4,Dry,2021,2021-04,"{""type"":""MultiPoint"",""coordinates"":[]}"
VHI_M_2021-04_00000000000000000191,0.45541173629502824,2.3460710441334767,402,4,Dry,2021,2021-04,"{""type"":""MultiPoint"",""coordinates"":[]}"
VHI_M_2021-04_0000000000000000016e,19.034498409679454,3.606053980516483,367,4,Dry,2021,2021-04,"{""type"":""MultiPoint"",""coordinates"":[]}"
VHI_M_2021-04_0000000000000000016f,0.618381636024004,3.294625779387868,368,4,Dry,2021,2021-04,"{""type"":""MultiPoint"",""coordinates"":[]}"
VHI_M_2021-04_00000000000000000170,0.5924360862753973,3.0920690180633237,369,4,Dry,2021,2021-04,"{""type"":""MultiPoint"",""coordinates"":[]}"
VHI_M_2021-04_00000000000000000181,35.93062712831748,3.4332200782725524,386,4,Dry,2021,2021-04,"{""type"":""MultiPoint"",""coordinates"":[]}"
VHI_M_2021-04_00000000000000000182,0.6459722138486276,3.447305774730129,387,4,Dry,2021,2021-04,"{""type"":""MultiPoint"",""coordinates"":[]}"
VHI_M_2021-04_00000000000000000228,0.6269103769141595,3.3527236381809082,553,4,Dry,2021,2021-04,"{""type"":""MultiPoint"",""coordinates"":[]}"
VHI_M_2021-05_00000000000000000017,46.49398436430998,2.541032783372616,24,5,Dry,2021,2021-05,"{""type"":""MultiPoint"",""coordinates"":[]}"
VHI_M_2021-05_00000000000000000018,232.38227931626398,4.744266551276502,25,5,Dry,2021,2021-05,"{""type"":""MultiPoint"",""coordinates"":[]}"
VHI_M_2021-05_00000000000000000019,30.093775641241805,2.350947805764737,26,5,Dry,2021,2021-05,"{""type"":""MultiPoint"",""coordinates"":[]}"
VHI_M_2021-05_0000000000000000001a,13.622384961173617,2.157747631058695,27,5,Dry,2021,2021-05,"{""type"":""MultiPoint"",""coordinates"":[]}"
VHI_M_2021-05_0000000000000000005b,160.34951986459208,4.727605437434646,92,5,Dry,2021,2021-05,"{""type"":""MultiPoint"",""coordinates"":[]}"
VHI_M_2021-05_0000000000000000005c,60.20200020250783,2.3293976385831496,93,5,Dry,2021,2021-05,"{""type"":""MultiPoint"",""coordinates"":[]}"
VHI_M_2021-05_0000000000000000005d,254.0,5.0,94,5,Dry,2021,2021-05,"{""type"":""MultiPoint"",""coordinates"":[]}"
VHI_M_2021-05_0000000000000000005e,35.26276568783373,2.3588729609490855,95,5,Dry,2021,2021-05,"{""type"":""MultiPoint"",""coordinates"":[]}"
VHI_M_2021-05_0000000000000000005f,81.75525555987025,3.523059185242122,96,5,Dry,2021,2021-05,"{""type"":""MultiPoint"",""coordinates"":[]}"
VHI_M_2021-05_000000000000000000b6,0.5191960213377868,2.6255742725880555,183,5,Dry,2021,2021-05,"{""type"":""MultiPoint"",""coordinates"":[]}"
VHI_M_2021-05_000000000000000000b7,0.5914041818809389,3.0860215053763445,184,5,Dry,2021,2021-05,"{""type"":""MultiPoint"",""coordinates"":[]}"
VHI_M_2021-05_000000000000000000b8,0.39422398068869424,2.0631970260223045,185,5,Dry,2021,2021-05,"{""type"":""MultiPoint"",""coordinates"":[]}"
VHI_M_2021-05_000000000000000000b9,39.472992880029736,3.7463395330431335,186,5,Dry,2021,2021-05,"{""type"":""MultiPoint"",""coordinates"":[]}"
VHI_M_2021-05_000000000000000000ba,0.5974346578598023,3.194666666666666,187,5,Dry,2021,2021-05,"{""type"":""MultiPoint"",""coordinates"":[]}"
VHI_M_2021-05_000000000000000000bb,0.4472475291478753,2.1811881188118813,188,5,Dry,2021,2021-05,"{""type"":""MultiPoint"",""coordinates"":[]}"
VHI_M_2021-05_000000000000000001a0,34.193618566821065,3.4425965665236045,417,5,Dry,2021,2021-05,"{""type"":""MultiPoint"",""coordinates"":[]}"
VHI_M_2021-05_000000000000000001a1,0.5656433885795963,2.8410016593754714,418,5,Dry,2021,2021-05,"{""type"":""MultiPoint"",""coordinates"":[]}"
VHI_M_2021-05_000000000000000001a2,19.63377775303624,3.1138678506137367,419,5,Dry,2021,2021-05,"{""type"":""MultiPoint"",""coordinates"":[]}"
VHI_M_2021-05_000000000000000001a3,0.48349985581617055,2.4268400827667755,420,5,Dry,2021,2021-05,"{""type"":""MultiPoint"",""coordinates"":[]}"
VHI_M_2021-05_000000000000000001cb,41.31956827425047,2.2047540077390826,460,5,Dry,2021,2021-05,"{""type"":""MultiPoint"",""coordinates"":[]}"
VHI_M_2021-05_000000000000000001cc,79.8217538433605,2.817777777777778,461,5,Dry,2021,2021-05,"{""type"":""MultiPoint"",""coordinates"":[]}"
VHI_M_2021-05_0000000000000000021b,0.4072393899642056,2.0,540,5,Dry,2021,2021-05,"{""type"":""MultiPoint"",""coordinates"":[]}"
VHI_M_2021-05_0000000000000000021c,0.4461413056954093,2.0,541,5,Dry,2021,2021-05,"{""type"":""MultiPoint"",""coordinates"":[]}"
VHI_M_2021-05_0000000000000000021d,24.86421657478767,2.3687528140477268,542,5,Dry,2021,2021-05,"{""type"":""MultiPoint"",""coordinates"":[]}"
VHI_M_2021-05_000000000000000000bf,0.5281720775708078,2.590976882923192,192,5,Dry,2021,2021-05,"{""type"":""MultiPoint"",""coordinates"":[]}"
VHI_M_2021-05_000000000000000000c0,0.5650863527767223,2.928885878767357,193,5,Dry,2021,2021-05,"{""type"":""MultiPoint"",""coordinates"":[]}"
VHI_M_2021-05_0000000000000000010a,0.5271173361190302,2.5912063753778516,267,5,Dry,2021,2021-05,"{""type"":""MultiPoint"",""coordinates"":[]}"
VHI_M_2021-05_0000000000000000010b,56.564733271377975,3.356602186711524,268,5,Dry,2021,2021-05,"{""type"":""MultiPoint"",""coordinates"":[]}"
VHI_M_2021-05_00000000000000000226,2.9852500895261627,2.6332804684640734,551,5,Dry,2021,2021-05,"{""type"":""MultiPoint"",""coordinates"":[]}"
VHI_M_2021-05_00000000000000000227,0.5702219343086863,2.876414273281114,552,5,Dry,2021,2021-05,"{""type"":""MultiPoint"",""coordinates"":[]}"
VHI_M_2021-05_000000000000000001a4,0.5689832036434419,2.9956467661691546,421,5,Dry,2021,2021-05,"{""type"":""MultiPoint"",""coordinates"":[]}"
VHI_M_2021-05_000000000000000001a5,0.4257681303594593,1.9963325183374083,422,5,Dry,2021,2021-05,"{""type"":""MultiPoint"",""coordinates"":[]}"
VHI_M_2021-05_000000000000000001a6,0.4462850835157815,2.039881831610044,423,5,Dry,2021,2021-05,"{""type"":""MultiPoint"",""coordinates"":[]}"
VHI_M_2021-05_000000000000000001a7,0.5177536820225856,2.7301470588235297,424,5,Dry,2021,2021-05,"{""type"":""MultiPoint"",""coordinates"":[]}"
VHI_M_2021-05_000000000000000001a8,0.4883414938444023,2.64626682986536,425,5,Dry,2021,2021-05,"{""type"":""MultiPoint"",""coordinates"":[]}"
VHI_M_2021-05_000000000000000001a9,0.39041406561154873,2.0109375,426,5,Dry,2021,2021-05,"{""type"":""MultiPoint"",""coordinates"":[]}"
VHI_M_2021-05_000000000000000001aa,0.4106069885169665,1.997638167217761,427,5,Dry,2021,2021-05,"{""type"":""MultiPoint"",""coordinates"":[]}"
VHI_M_2021-05_000000000000000001fe,0.55910336194207,2.640616500453309,511,5,Dry,2021,2021-05,"{""type"":""MultiPoint"",""coordinates"":[]}"
VHI_M_2021-05_000000000000000001ff,61.86641041982863,3.1327370812038597,512,5,Dry,2021,2021-05,"{""type"":""MultiPoint"",""coordinates"":[]}"
VHI_M_2021-05_00000000000000000200,0.44125218706008223,2.049736688121709,513,5,Dry,2021,2021-05,"{""type"":""MultiPoint"",""coordinates"":[]}"
VHI_M_2021-05_00000000000000000201,101.88753295304527,3.5769636267791243,514,5,Dry,2021,2021-05,"{""type"":""MultiPoint"",""coordinates"":[]}"
VHI_M_2021-05_00000000000000000202,0.47662790416131035,2.5512489233419466,515,5,Dry,2021,2021-05,"{""type"":""MultiPoint"",""coordinates"":[]}"
VHI_M_2021-05_00000000000000000002,18.68959841962513,2.976080754882598,3,5,Dry,2021,2021-05,"{""type"":""MultiPoint"",""coordinates"":[]}"
VHI_M_2021-05_0000000000000000000d,17.254534988408274,3.8272428126082434,14,5,Dry,2021,2021-05,"{""type"":""MultiPoint"",""coordinates"":[]}"
VHI_M_2021-05_00000000000000000027,53.57902050059779,3.660042814594191,40,5,Dry,2021,2021-05,"{""type"":""MultiPoint"",""coordinates"":[]}"
VHI_M_2021-05_00000000000000000070,0.5410817085484927,2.739781426677848,113,5,Dry,2021,2021-05,"{""type"":""MultiPoint"",""coordinates"":[]}"
VHI_M_2021-05_00000000000000000071,0.5484129422714965,2.9194236207747903,114,5,Dry,2021,2021-05,"{""type"":""MultiPoint"",""coordinates"":[]}"
VHI_M_2021-05_000000000000000001b0,55.99098966771392,3.0743018821503267,433,5,Dry,2021,2021-05,"{""type"":""MultiPoint"",""coordinates"":[]}"
VHI_M_2021-05_000000000000000001b1,7.519998669747692,2.6234477233275473,434,5,Dry,2021,2021-05,"{""type"":""MultiPoint"",""coordinates"":[]}"
VHI_M_2021-05_000000000000000001b2,90.98852975698563,3.30295829868124,435,5,Dry,2021,2021-05,"{""type"":""MultiPoint"",""coordinates"":[]}"
VHI_M_2021-05_000000000000000001cd,1.3945673461521901,2.84707412542793,462,5,Dry,2021,2021-05,"{""type"":""MultiPoint"",""coordinates"":[]}"
VHI_M_2021-05_000000000000000001ce,0.5073104568131009,2.570998149942736,463,5,Dry,2021,2021-05,"{""type"":""MultiPoint"",""coordinates"":[]}"
VHI_M_2021-05_000000000000000001cf,22.292270538517347,2.624323653512038,464,5,Dry,2021,2021-05,"{""type"":""MultiPoint"",""coordinates"":[]}"
VHI_M_2021-05_0000000000000000001c,0.6197586403516016,3.251206465692315,29,5,Dry,2021,2021-05,"{""type"":""MultiPoint"",""coordinates"":[]}"
VHI_M_2021-05_0000000000000000001d,0.6258173103509758,3.3001547861507134,30,5,Dry,2021,2021-05,"{""type"":""MultiPoint"",""coordinates"":[]}"
VHI_M_2021-05_0000000000000000001e,0.6018354390885747,3.117143182321895,31,5,Dry,2021,2021-05,"{""type"":""MultiPoint"",""coordinates"":[]}"
VHI_M_2021-05_00000000000000000026,0.6549981162358695,3.536420101637493,39,5,Dry,2021,2021-05,"{""type"":""MultiPoint"",""coordinates"":[]}"
VHI_M_2021-05_000000000000000000f9,0.620968548147743,3.1934636538162167,250,5,Dry,2021,2021-05,"{""type"":""MultiPoint"",""coordinates"":[]}"
VHI_M_2021-05_000000000000000000fa,0.6409639878614226,3.40698106753521,251,5,Dry,2021,2021-05,"{""type"":""MultiPoint"",""coordinates"":[]}"
VHI_M_2021-05_000000000000000000fb,0.6281659212517376,3.3282786202299626,252,5,Dry,2021,2021-05,"{""type"":""MultiPoint"",""coordinates"":[]}"
VHI_M_2021-05_000000000000000000fc,0.6635760370242239,3.626881258941345,253,5,Dry,2021,2021-05,"{""type"":""MultiPoint"",""coordinates"":[]}"
VHI_M_2021-05_00000000000000000163,0.678218883803889,3.721612995621751,356,5,Dry,2021,2021-05,"{""type"":""MultiPoint"",""coordinates"":[]}"
VHI_M_2021-05_00000000000000000164,0.7087486000235661,3.944529191512966,357,5,Dry,2021,2021-05,"{""type"":""MultiPoint"",""coordinates"":[]}"
VHI_M_2021-05_00000000000000000165,0.62665153769609,3.288740837056167,358,5,Dry,2021,2021-05,"{""type"":""MultiPoint"",""coordinates"":[]}"
VHI_M_2021-05_00000000000000000166,0.6406674487531303,3.363684845406641,359,5,Dry,2021,2021-05,"{""type"":""MultiPoint"",""coordinates"":[]}"
VHI_M_2021-05_00000000000000000149,0.6411398983870292,3.3785303172266103,330,5,Dry,2021,2021-05,"{""type"":""MultiPoint"",""coordinates"":[]}"
VHI_M_2021-05_0000000000000000014a,0.5754437967934714,3.0041581820359684,331,5,Dry,2021,2021-05,"{""type"":""MultiPoint"",""coordinates"":[]}"
VHI_M_2021-05_0000000000000000014b,0.606669157323051,3.1141661685594766,332,5,Dry,2021,2021-05,"{""type"":""MultiPoint"",""coordinates"":[]}"
VHI_M_2021-05_0000000000000000014c,0.6462448792997849,3.3967751473257075,333,5,Dry,2021,2021-05,"{""type"":""MultiPoint"",""coordinates"":[]}"
VHI_M_2021-05_0000000000000000014d,0.6631708095554282,3.5493233577368244,334,5,Dry,2021,2021-05,"{""type"":""MultiPoint"",""coordinates"":[]}"
VHI_M_2021-05_0000000000000000014e,0.5950116369308466,3.001454369167374,335,5,Dry,2021,2021-05,"{""type"":""MultiPoint"",""coordinates"":[]}"
VHI_M_2021-05_00000000000000000158,0.6983390087776254,3.774933959495157,345,5,Dry,2021,2021-05,"{""type"":""MultiPoint"",""coordinates"":[]}"
VHI_M_2021-05_00000000000000000159,0.7810871012882366,4.484483900887769,346,5,Dry,2021,2021-05,"{""type"":""MultiPoint"",""coordinates"":[]}"
VHI_M_2021-05_0000000000000000015a,0.6250111270931646,3.27825990538143,347,5,Dry,2021,2021-05,"{""type"":""MultiPoint"",""coordinates"":[]}"
VHI_M_2021-05_0000000000000000015b,0.7715430260122107,4.2991569168674975,348,5,Dry,2021,2021-05,"{""type"":""MultiPoint"",""coordinates"":[]}"
VHI_M_2021-05_0000000000000000015c,0.5941784095154772,3.1559622142623067,349,5,Dry,2021,2021-05,"{""type"":""MultiPoint"",""coordinates"":[]}"
VHI_M_2021-05_0000000000000000015d,0.757900034325355,4.227606741879969,350,5,Dry,2021,2021-05,"{""type"":""MultiPoint"",""coordinates"":[]}"
VHI_M_2021-05_00000000000000000008,0.5916240472015168,3.005578043242175,9,5,Dry,2021,2021-05,"{""type"":""MultiPoint"",""coordinates"":[]}"
VHI_M_2021-05_000000000000000000c2,0.6421694437083675,3.4324543141337025,195,5,Dry,2021,2021-05,"{""type"":""MultiPoint"",""coordinates"":[]}"
VHI_M_2021-05_000000000000000000c3,0.6903883786842002,3.8128855132801704,196,5,Dry,2021,2021-05,"{""type"":""MultiPoint"",""coordinates"":[]}"
VHI_M_2021-05_000000000000000000c4,0.7794095033793583,4.389414145435245,197,5,Dry,2021,2021-05,"{""type"":""MultiPoint"",""coordinates"":[]}"
VHI_M_2021-05_000000000000000000c5,0.6311776023606251,3.2684861053504757,198,5,Dry,2021,2021-05,"{""type"":""MultiPoint"",""coordinates"":[]}"
VHI_M_2021-05_000000000000000000c6,0.6484692336354041,3.391435115374896,199,5,Dry,2021,2021-05,"{""type"":""MultiPoint"",""coordinates"":[]}"
VHI_M_2021-05_000000000000000000c7,0.6447624913430648,3.4054742261359134,200,5,Dry,2021,2021-05,"{""type"":""MultiPoint"",""coordinates"":[]}"
VHI_M_2021-05_000000000000000000c8,0.6197897447778202,3.2875830457846247,201,5,Dry,2021,2021-05,"{""type"":""MultiPoint"",""coordinates"":[]}"
VHI_M_2021-05_000000000000000000c9,0.6449413139507674,3.4869126203107497,202,5,Dry,2021,2021-05,"{""type"":""MultiPoint"",""coordinates"":[]}"
VHI_M_2021-05_00000000000000000136,0.6384452101261179,3.3619074353486087,311,5,Dry,2021,2021-05,"{""type"":""MultiPoint"",""coordinates"":[]}"
VHI_M_2021-05_00000000000000000137,0.6293253362887256,3.2373734701795223,312,5,Dry,2021,2021-05,"{""type"":""MultiPoint"",""coordinates"":[]}"
VHI_M_2021-05_00000000000000000138,0.6508287360224912,3.4869402260457547,313,5,Dry,2021,2021-05,"{""type"":""MultiPoint"",""coordinates"":[]}"
VHI_M_2021-05_00000000000000000139,0.6256641754408946,3.2948648190600225,314,5,Dry,2021,2021-05,"{""type"":""MultiPoint"",""coordinates"":[]}"
VHI_M_2021-05_0000000000000000013a,0.6740999358095442,3.64471260315825,315,5,Dry,2021,2021-05,"{""type"":""MultiPoint"",""coordinates"":[]}"
VHI_M_2021-05_000000000000000001ef,0.6563211012473359,3.584153899901661,496,5,Dry,2021,2021-05,"{""type"":""MultiPoint"",""coordinates"":[]}"
VHI_M_2021-05_000000000000000001f0,0.6596757936883608,3.5731943962389168,497,5,Dry,2021,2021-05,"{""type"":""MultiPoint"",""coordinates"":[]}"
VHI_M_2021-05_00000000000000000081,0.5918682557996146,3.230642890661662,130,5,Dry,2021,2021-05,"{""type"":""MultiPoint"",""coordinates"":[]}"
VHI_M_2021-05_000000000000000000a0,0.6226631939404025,3.1918792669780824,161,5,Dry,2021,2021-05,"{""type"":""MultiPoint"",""coordinates"":[]}"
VHI_M_2021-05_000000000000000000a1,32.168809931971104,3.8494104202379127,162,5,Dry,2021,2021-05,"{""type"":""MultiPoint"",""coordinates"":[]}"
VHI_M_2021-05_000000000000000000a2,8.856807687348956,3.9698803857903395,163,5,Dry,2021,2021-05,"{""type"":""MultiPoint"",""coordinates"":[]}"
VHI_M_2021-05_000000000000000000a3,5.700064079422676,3.581965207037966,164,5,Dry,2021,2021-05,"{""type"":""MultiPoint"",""coordinates"":[]}"
VHI_M_2021-05_000000000000000000a4,78.0781413591895,4.0176316209201515,165,5,Dry,2021,2021-05,"{""type"":""MultiPoint"",""coordinates"":[]}"
VHI_M_2021-05_0000000000000000014f,0.6361602703883137,3.344601784398789,336,5,Dry,2021,2021-05,"{""type"":""MultiPoint"",""coordinates"":[]}"
VHI_M_2021-05_00000000000000000150,0.6027021810987052,3.192874923485004,337,5,Dry,2021,2021-05,"{""type"":""MultiPoint"",""coordinates"":[]}"
VHI_M_2021-05_00000000000000000151,2.3113078433568193,3.6622879512831674,338,5,Dry,2021,2021-05,"{""type"":""MultiPoint"",""coordinates"":[]}"
VHI_M_2021-05_00000000000000000152,0.5949150063786327,3.0870560944437444,339,5,Dry,2021,2021-05,"{""type"":""MultiPoint"",""coordinates"":[]}"
VHI_M_2021-05_00000000000000000153,0.6341289248873253,3.3411305266094153,340,5,Dry,2021,2021-05,"{""type"":""MultiPoint"",""coordinates"":[]}"
VHI_M_2021-05_00000000000000000171,0.6517514011604681,3.484656767446536,370,5,Dry,2021,2021-05,"{""type"":""MultiPoint"",""coordinates"":[]}"
VHI_M_2021-05_00000000000000000172,0.6974170979677047,3.837225421476406,371,5,Dry,2021,2021-05,"{""type"":""MultiPoint"",""coordinates"":[]}"
VHI_M_2021-05_00000000000000000173,0.6499231164788835,3.402855779174291,372,5,Dry,2021,2021-05,"{""type"":""MultiPoint"",""coordinates"":[]}"
VHI_M_2021-05_000000000000000001f1,0.6919707803532622,3.7750782859252,498,5,Dry,2021,2021-05,"{""type"":""MultiPoint"",""coordinates"":[]}"
VHI_M_2021-05_000000000000000001f2,0.6181442886970341,3.2642529130611346,499,5,Dry,2021,2021-05,"{""type"":""MultiPoint"",""coordinates"":[]}"
VHI_M_2021-05_000000000000000001f3,0.6654295296091182,3.632129443751168,500,5,Dry,2021,2021-05,"{""type"":""MultiPoint"",""coordinates"":[]}"
VHI_M_2021-05_00000000000000000092,0.7156286293610588,3.9785770892450856,147,5,Dry,2021,2021-05,"{""type"":""MultiPoint"",""coordinates"":[]}"
VHI_M_2021-05_00000000000000000093,0.7242290668607179,3.9771585526933895,148,5,Dry,2021,2021-05,"{""type"":""MultiPoint"",""coordinates"":[]}"
VHI_M_2021-05_00000000000000000094,0.8387628907457407,3.546362847881855,149,5,Dry,2021,2021-05,"{""type"":""MultiPoint"",""coordinates"":[]}"
VHI_M_2021-05_00000000000000000095,13.101198492256287,3.456541087793956,150,5,Dry,2021,2021-05,"{""type"":""MultiPoint"",""coordinates"":[]}"
VHI_M_2021-05_00000000000000000096,0.7227987816854178,4.0309212070496265,151,5,Dry,2021,2021-05,"{""type"":""MultiPoint"",""coordinates"":[]}"
VHI_M_2021-05_00000000000000000097,0.7167222847342996,3.841615282311691,152,5,Dry,2021,2021-05,"{""type"":""MultiPoint"",""coordinates"":[]}"
VHI_M_2021-05_00000000000000000098,0.662470845474025,3.896186440677966,153,5,Dry,2021,2021-05,"{""type"":""MultiPoint"",""coordinates"":[]}"
VHI_M_2021-05_000000000000000000a9,0.6037429145636969,3.189615303762876,170,5,Dry,2021,2021-05,"{""type"":""MultiPoint"",""coordinates"":[]}"
VHI_M_2021-05_0000000000000000017c,61.92382676137588,4.176469837583306,381,5,Dry,2021,2021-05,"{""type"":""MultiPoint"",""coordinates"":[]}"
VHI_M_2021-05_0000000000000000017d,39.00919965683544,3.6341787910684618,382,5,Dry,2021,2021-05,"{""type"":""MultiPoint"",""coordinates"":[]}"
VHI_M_2021-05_0000000000000000017e,11.807700525203296,3.9606437575777704,383,5,Dry,2021,2021-05,"{""type"":""MultiPoint"",""coordinates"":[]}"
VHI_M_2021-05_000000000000000001ee,0.7874257352197528,4.34296613108311,495,5,Dry,2021,2021-05,"{""type"":""MultiPoint"",""coordinates"":[]}"
VHI_M_2021-05_0000000000000000020d,0.642189565761358,3.411210011456773,526,5,Dry,2021,2021-05,"{""type"":""MultiPoint"",""coordinates"":[]}"
VHI_M_2021-05_0000000000000000020e,3.92205540713808,3.846664512528274,527,5,Dry,2021,2021-05,"{""type"":""MultiPoint"",""coordinates"":[]}"
VHI_M_2021-05_0000000000000000020f,0.671666317077599,3.672072700190943,528,5,Dry,2021,2021-05,"{""type"":""MultiPoint"",""coordinates"":[]}"
VHI_M_2021-05_00000000000000000210,0.7377002633898105,4.101423856764555,529,5,Dry,2021,2021-05,"{""type"":""MultiPoint"",""coordinates"":[]}"
VHI_M_2021-05_00000000000000000211,11.998058423631855,3.697029769056199,530,5,Dry,2021,2021-05,"{""type"":""MultiPoint"",""coordinates"":[]}"
VHI_M_2021-05_00000000000000000058,0.6788176509618887,3.680552971788483,89,5,Dry,2021,2021-05,"{""type"":""MultiPoint"",""coordinates"":[]}"
VHI_M_2021-05_00000000000000000059,0.6793683091376091,3.743821166608451,90,5,Dry,2021,2021-05,"{""type"":""MultiPoint"",""coordinates"":[]}"
VHI_M_2021-05_0000000000000000018b,0.507859825191454,2.7919364946730734,396,5,Dry,2021,2021-05,"{""type"":""MultiPoint"",""coordinates"":[]}"
VHI_M_2021-05_0000000000000000018c,0.585234404047889,3.094838327264808,397,5,Dry,2021,2021-05,"{""type"":""MultiPoint"",""coordinates"":[]}"
VHI_M_2021-05_0000000000000000018d,0.5253629390931307,2.7465239346983936,398,5,Dry,2021,2021-05,"{""type"":""MultiPoint"",""coordinates"":[]}"
VHI_M_2021-05_0000000000000000018e,0.541566709462528,2.8792072797067774,399,5,Dry,2021,2021-05,"{""type"":""MultiPoint"",""coordinates"":[]}"
VHI_M_2021-05_00000000000000000036,0.7506764081264335,4.0,55,5,Dry,2021,2021-05,"{""type"":""MultiPoint"",""coordinates"":[]}"
VHI_M_2021-05_000000000000000000db,0.7278549989643288,4.050923962583292,220,5,Dry,2021,2021-05,"{""type"":""MultiPoint"",""coordinates"":[]}"
VHI_M_2021-05_000000000000000000dc,0.7168225684482653,3.9875807891447934,221,5,Dry,2021,2021-05,"{""type"":""MultiPoint"",""coordinates"":[]}"
VHI_M_2021-05_000000000000000000dd,0.6593415971930351,3.5335926689310164,222,5,Dry,2021,2021-05,"{""type"":""MultiPoint"",""coordinates"":[]}"
VHI_M_2021-05_00000000000000000102,0.7552675474679281,4.180682429914281,259,5,Dry,2021,2021-05,"{""type"":""MultiPoint"",""coordinates"":[]}"
VHI_M_2021-05_00000000000000000103,0.751185578043678,4.121013982496731,260,5,Dry,2021,2021-05,"{""type"":""MultiPoint"",""coordinates"":[]}"
VHI_M_2021-05_00000000000000000104,0.7707159452177428,4.2841392792593425,261,5,Dry,2021,2021-05,"{""type"":""MultiPoint"",""coordinates"":[]}"
VHI_M_2021-05_00000000000000000105,0.7489582731629493,4.138870056497174,262,5,Dry,2021,2021-05,"{""type"":""MultiPoint"",""coordinates"":[]}"
VHI_M_2021-05_0000000000000000000a,0.7763371758041205,4.316055486883671,11,5,Dry,2021,2021-05,"{""type"":""MultiPoint"",""coordinates"":[]}"
VHI_M_2021-05_000000000000000000b1,0.7231809061550967,3.982405544311416,178,5,Dry,2021,2021-05,"{""type"":""MultiPoint"",""coordinates"":[]}"
VHI_M_2021-05_000000000000000000b2,0.7458076894024643,4.150371754278296,179,5,Dry,2021,2021-05,"{""type"":""MultiPoint"",""coordinates"":[]}"
VHI_M_2021-05_000000000000000000b3,0.7322904896771434,4.035246388140939,180,5,Dry,2021,2021-05,"{""type"":""MultiPoint"",""coordinates"":[]}"
VHI_M_2021-05_000000000000000000ca,0.7597715889489853,4.186322782336849,203,5,Dry,2021,2021-05,"{""type"":""MultiPoint"",""coordinates"":[]}"
VHI_M_2021-05_000000000000000000d2,0.7173839721858646,3.973945689434326,211,5,Dry,2021,2021-05,"{""type"":""MultiPoint"",""coordinates"":[]}"
VHI_M_2021-05_000000000000000000d3,0.762179571611276,4.249211719658169,212,5,Dry,2021,2021-05,"{""type"":""MultiPoint"",""coordinates"":[]}"
VHI_M_2021-05_000000000000000000d4,0.8294501965317754,4.714787560769484,213,5,Dry,2021,2021-05,"{""type"":""MultiPoint"",""coordinates"":[]}"
VHI_M_2021-05_000000000000000000d5,0.7438201435282111,4.120641734402664,214,5,Dry,2021,2021-05,"{""type"":""MultiPoint"",""coordinates"":[]}"
VHI_M_2021-05_000000000000000000bc,0.780360200240553,4.400016736635098,189,5,Dry,2021,2021-05,"{""type"":""MultiPoint"",""coordinates"":[]}"
VHI_M_2021-05_000000000000000000bd,0.7444676766221766,4.1350574490009375,190,5,Dry,2021,2021-05,"{""type"":""MultiPoint"",""coordinates"":[]}"
VHI_M_2021-05_000000000000000000be,0.7845501921443516,4.408765473078237,191,5,Dry,2021,2021-05,"{""type"":""MultiPoint"",""coordinates"":[]}"
VHI_M_2021-05_000000000000000000f1,0.7895340206401416,4.278344671201813,242,5,Dry,2021,2021-05,"{""type"":""MultiPoint"",""coordinates"":[]}"
VHI_M_2021-05_00000000000000000100,0.7717903068186087,4.333235876898047,257,5,Dry,2021,2021-05,"{""type"":""MultiPoint"",""coordinates"":[]}"
VHI_M_2021-05_00000000000000000101,0.8309674109418248,4.705477258617738,258,5,Dry,2021,2021-05,"{""type"":""MultiPoint"",""coordinates"":[]}"
VHI_M_2021-05_0000000000000000012f,0.8110997982616147,4.537588917924826,304,5,Dry,2021,2021-05,"{""type"":""MultiPoint"",""coordinates"":[]}"
VHI_M_2021-05_00000000000000000130,0.7782644854868971,4.38803879310345,305,5,Dry,2021,2021-05,"{""type"":""MultiPoint"",""coordinates"":[]}"
VHI_M_2021-05_00000000000000000131,0.7502139495558431,4.17226052029708,306,5,Dry,2021,2021-05,"{""type"":""MultiPoint"",""coordinates"":[]}"
VHI_M_2021-05_00000000000000000065,0.7929679410170856,4.421814726213079,102,5,Dry,2021,2021-05,"{""type"":""MultiPoint"",""coordinates"":[]}"
VHI_M_2021-05_00000000000000000066,0.7290178072116711,4.055858775003022,103,5,Dry,2021,2021-05,"{""type"":""MultiPoint"",""coordinates"":[]}"
VHI_M_2021-05_00000000000000000067,0.8411113624232418,4.768480627608131,104,5,Dry,2021,2021-05,"{""type"":""MultiPoint"",""coordinates"":[]}"
VHI_M_2021-05_00000000000000000068,0.813222911759042,4.581872801278596,105,5,Dry,2021,2021-05,"{""type"":""MultiPoint"",""coordinates"":[]}"
VHI_M_2021-05_00000000000000000109,0.7771065412727868,4.387863580837928,266,5,Dry,2021,2021-05,"{""type"":""MultiPoint"",""coordinates"":[]}"
VHI_M_2021-05_000000000000000001c1,0.7877421267453842,4.394269492728294,450,5,Dry,2021,2021-05,"{""type"":""MultiPoint"",""coordinates"":[]}"
VHI_M_2021-05_000000000000000001c2,0.7981926879996664,4.471019634117633,451,5,Dry,2021,2021-05,"{""type"":""MultiPoint"",""coordinates"":[]}"
VHI_M_2021-05_00000000000000000113,0.5218691483279256,3.0,276,5,Dry,2021,2021-05,"{""type"":""MultiPoint"",""coordinates"":[]}"
VHI_M_2021-05_00000000000000000114,0.6807935694249525,3.6862613738626124,277,5,Dry,2021,2021-05,"{""type"":""MultiPoint"",""coordinates"":[]}"
VHI_M_2021-05_00000000000000000115,0.6854878958045574,3.7395623176859143,278,5,Dry,2021,2021-05,"{""type"":""MultiPoint"",""coordinates"":[]}"
VHI_M_2021-05_00000000000000000116,0.6884598535469596,3.8144116019916217,279,5,Dry,2021,2021-05,"{""type"":""MultiPoint"",""coordinates"":[]}"
VHI_M_2021-05_00000000000000000117,0.6650053448936821,3.5778938751674976,280,5,Dry,2021,2021-05,"{""type"":""MultiPoint"",""coordinates"":[]}"
VHI_M_2021-05_00000000000000000167,0.7273949665460138,4.059212702613299,360,5,Dry,2021,2021-05,"{""type"":""MultiPoint"",""coordinates"":[]}"
VHI_M_2021-05_00000000000000000168,0.729499116572178,4.008649735981895,361,5,Dry,2021,2021-05,"{""type"":""MultiPoint"",""coordinates"":[]}"
VHI_M_2021-05_00000000000000000169,0.7036758277345819,3.929606199709197,362,5,Dry,2021,2021-05,"{""type"":""MultiPoint"",""coordinates"":[]}"
VHI_M_2021-05_0000000000000000016a,0.711460596370331,3.888459955950334,363,5,Dry,2021,2021-05,"{""type"":""MultiPoint"",""coordinates"":[]}"
VHI_M_2021-05_0000000000000000016b,0.5873839427210491,3.0793894065718495,364,5,Dry,2021,2021-05,"{""type"":""MultiPoint"",""coordinates"":[]}"
VHI_M_2021-05_0000000000000000016c,0.6244991991261236,3.3307728386976883,365,5,Dry,2021,2021-05,"{""type"":""MultiPoint"",""coordinates"":[]}"
VHI_M_2021-05_0000000000000000016d,0.691627731608804,3.896256407508616,366,5,Dry,2021,2021-05,"{""type"":""MultiPoint"",""coordinates"":[]}"
VHI_M_2021-05_000000000000000000cb,0.7724088289472283,4.144423056357608,204,5,Dry,2021,2021-05,"{""type"":""MultiPoint"",""coordinates"":[]}"
VHI_M_2021-05_000000000000000000eb,15.522568135541977,3.7405364379328554,236,5,Dry,2021,2021-05,"{""type"":""MultiPoint"",""coordinates"":[]}"
VHI_M_2021-05_000000000000000000ec,0.7341151288892717,4.049580854133466,237,5,Dry,2021,2021-05,"{""type"":""MultiPoint"",""coordinates"":[]}"
VHI_M_2021-05_000000000000000000ed,0.713982035648574,3.923761865160162,238,5,Dry,2021,2021-05,"{""type"":""MultiPoint"",""coordinates"":[]}"
VHI_M_2021-05_000000000000000000ee,0.7221676102825028,3.978305084745762,239,5,Dry,2021,2021-05,"{""type"":""MultiPoint"",""coordinates"":[]}"
VHI_M_2021-05_000000000000000000ef,0.7681669893287331,4.2210150127737744,240,5,Dry,2021,2021-05,"{""type"":""MultiPoint"",""coordinates"":[]}"
VHI_M_2021-05_00000000000000000146,0.7179436968017238,3.9457161235664184,327,5,Dry,2021,2021-05,"{""type"":""MultiPoint"",""coordinates"":[]}"
VHI_M_2021-05_00000000000000000147,8.66315294479002,3.84480889857958,328,5,Dry,2021,2021-05,"{""type"":""MultiPoint"",""coordinates"":[]}"
VHI_M_2021-05_00000000000000000148,0.7162342938947712,3.9234126756889185,329,5,Dry,2021,2021-05,"{""type"":""MultiPoint"",""coordinates"":[]}"
VHI_M_2021-05_0000000000000000015e,0.6525438340904481,3.506751949189992,351,5,Dry,2021,2021-05,"{""type"":""MultiPoint"",""coordinates"":[]}"
VHI_M_2021-05_0000000000000000015f,0.6978835147050519,3.8788370895551947,352,5,Dry,2021,2021-05,"{""type"":""MultiPoint"",""coordinates"":[]}"
VHI_M_2021-05_00000000000000000160,0.6482605086958813,3.600870638684945,353,5,Dry,2021,2021-05,"{""type"":""MultiPoint"",""coordinates"":[]}"
VHI_M_2021-05_00000000000000000161,0.645510780185232,3.374252775405635,354,5,Dry,2021,2021-05,"{""type"":""MultiPoint"",""coordinates"":[]}"
VHI_M_2021-05_00000000000000000162,4.596680362529107,3.625183192994805,355,5,Dry,2021,2021-05,"{""type"":""MultiPoint"",""coordinates"":[]}"
VHI_M_2021-05_00000000000000000010,0.8022552722997556,4.48052185019615,17,5,Dry,2021,2021-05,"{""type"":""MultiPoint"",""coordinates"":[]}"
VHI_M_2021-05_00000000000000000121,0.6586145928169119,3.5825165786220072,290,5,Dry,2021,2021-05,"{""type"":""MultiPoint"",""coordinates"":[]}"
VHI_M_2021-05_00000000000000000122,0.7595378118464159,3.350054900320433,291,5,Dry,2021,2021-05,"{""type"":""MultiPoint"",""coordinates"":[]}"
VHI_M_2021-05_00000000000000000123,0.6299399042981194,3.3715942349663557,292,5,Dry,2021,2021-05,"{""type"":""MultiPoint"",""coordinates"":[]}"
VHI_M_2021-05_0000000000000000019a,0.7188332954217489,3.940238185944049,411,5,Dry,2021,2021-05,"{""type"":""MultiPoint"",""coordinates"":[]}"
VHI_M_2021-05_0000000000000000019b,0.8005706612965576,4.508777599790164,412,5,Dry,2021,2021-05,"{""type"":""MultiPoint"",""coordinates"":[]}"
VHI_M_2021-05_0000000000000000019c,0.6884736850332807,3.7358385428457,413,5,Dry,2021,2021-05,"{""type"":""MultiPoint"",""coordinates"":[]}"
VHI_M_2021-05_0000000000000000019d,0.829235440259366,4.571499203888376,414,5,Dry,2021,2021-05,"{""type"":""MultiPoint"",""coordinates"":[]}"
VHI_M_2021-05_0000000000000000019e,4.434283478920973,4.417898253650994,415,5,Dry,2021,2021-05,"{""type"":""MultiPoint"",""coordinates"":[]}"
VHI_M_2021-05_0000000000000000019f,0.7788578065966991,4.3749289656621935,416,5,Dry,2021,2021-05,"{""type"":""MultiPoint"",""coordinates"":[]}"
VHI_M_2021-05_00000000000000000216,0.6323690564044391,3.271120479974055,535,5,Dry,2021,2021-05,"{""type"":""MultiPoint"",""coordinates"":[]}"
VHI_M_2021-05_00000000000000000217,0.7728956935893095,3.8940674742064156,536,5,Dry,2021,2021-05,"{""type"":""MultiPoint"",""coordinates"":[]}"
VHI_M_2021-05_00000000000000000218,0.7088850636682903,3.8800506249011244,537,5,Dry,2021,2021-05,"{""type"":""MultiPoint"",""coordinates"":[]}"
VHI_M_2021-05_00000000000000000219,0.732024509647578,4.078339206213267,538,5,Dry,2021,2021-05,"{""type"":""MultiPoint"",""coordinates"":[]}"
VHI_M_2021-05_0000000000000000021a,8.512140436497711,3.7601313732722152,539,5,Dry,2021,2021-05,"{""type"":""MultiPoint"",""coordinates"":[]}"
VHI_M_2021-05_00000000000000000004,0.6406048523570422,3.450051258685499,5,5,Dry,2021,2021-05,"{""type"":""MultiPoint"",""coordinates"":[]}"
VHI_M_2021-05_00000000000000000028,0.6103515139969288,3.2419346913371285,41,5,Dry,2021,2021-05,"{""type"":""MultiPoint"",""coordinates"":[]}"
VHI_M_2021-05_00000000000000000029,0.6370728922557376,3.3868889200168084,42,5,Dry,2021,2021-05,"{""type"":""MultiPoint"",""coordinates"":[]}"
VHI_M_2021-05_0000000000000000002a,0.6396423654036846,3.429765455033128,43,5,Dry,2021,2021-05,"{""type"":""MultiPoint"",""coordinates"":[]}"
VHI_M_2021-05_0000000000000000002b,0.51280273534633,2.601152190648434,44,5,Dry,2021,2021-05,"{""type"":""MultiPoint"",""coordinates"":[]}"
VHI_M_2021-05_000000000000000000a7,0.6245724612668161,3.3627052627281273,168,5,Dry,2021,2021-05,"{""type"":""MultiPoint"",""coordinates"":[]}"
VHI_M_2021-05_000000000000000000a8,0.5639944758729037,2.944279526984281,169,5,Dry,2021,2021-05,"{""type"":""MultiPoint"",""coordinates"":[]}"
VHI_M_2021-05_0000000000000000000c,0.7113824736160543,3.8784226325843716,13,5,Dry,2021,2021-05,"{""type"":""MultiPoint"",""coordinates"":[]}"
VHI_M_2021-05_00000000000000000060,0.6447144109000833,3.434061065012486,97,5,Dry,2021,2021-05,"{""type"":""MultiPoint"",""coordinates"":[]}"
VHI_M_2021-05_00000000000000000061,0.6741886620071373,3.652219480672071,98,5,Dry,2021,2021-05,"{""type"":""MultiPoint"",""coordinates"":[]}"
VHI_M_2021-05_00000000000000000062,0.7104319936254749,3.8955576841906416,99,5,Dry,2021,2021-05,"{""type"":""MultiPoint"",""coordinates"":[]}"
VHI_M_2021-05_00000000000000000063,0.7084101493779044,3.8998938142795656,100,5,Dry,2021,2021-05,"{""type"":""MultiPoint"",""coordinates"":[]}"
VHI_M_2021-05_00000000000000000064,0.7481741158985526,4.125827341312107,101,5,Dry,2021,2021-05,"{""type"":""MultiPoint"",""coordinates"":[]}"
VHI_M_2021-05_00000000000000000011,0.6038671437631886,3.10778797020255,18,5,Dry,2021,2021-05,"{""type"":""MultiPoint"",""coordinates"":[]}"
VHI_M_2021-05_00000000000000000033,0.604471837304526,3.1935037974385208,52,5,Dry,2021,2021-05,"{""type"":""MultiPoint"",""coordinates"":[]}"
VHI_M_2021-05_00000000000000000034,0.582965343277073,3.055585952065536,53,5,Dry,2021,2021-05,"{""type"":""MultiPoint"",""coordinates"":[]}"
VHI_M_2021-05_000000000000000001b3,0.5134284046097115,2.563985192410004,436,5,Dry,2021,2021-05,"{""type"":""MultiPoint"",""coordinates"":[]}"
VHI_M_2021-05_000000000000000001b4,0.5818015542196928,3.0609277913829906,437,5,Dry,2021,2021-05,"{""type"":""MultiPoint"",""coordinates"":[]}"
VHI_M_2021-05_000000000000000001b5,0.47235149490101913,2.2846081633429454,438,5,Dry,2021,2021-05,"{""type"":""MultiPoint"",""coordinates"":[]}"
VHI_M_2021-05_00000000000000000005,0.8116297030922467,4.530662305805395,6,5,Dry,2021,2021-05,"{""type"":""MultiPoint"",""coordinates"":[]}"
VHI_M_2021-05_00000000000000000082,0.814617278477794,4.518074048830359,131,5,Dry,2021,2021-05,"{""type"":""MultiPoint"",""coordinates"":[]}"
VHI_M_2021-05_00000000000000000083,0.7485932430493334,4.110366149646034,132,5,Dry,2021,2021-05,"{""type"":""MultiPoint"",""coordinates"":[]}"
VHI_M_2021-05_00000000000000000084,0.7057675552041411,3.837864036972217,133,5,Dry,2021,2021-05,"{""type"":""MultiPoint"",""coordinates"":[]}"
VHI_M_2021-05_00000000000000000085,0.7359810955470266,4.128379499087742,134,5,Dry,2021,2021-05,"{""type"":""MultiPoint"",""coordinates"":[]}"
VHI_M_2021-05_00000000000000000086,0.7477401796524241,4.128508658802023,135,5,Dry,2021,2021-05,"{""type"":""MultiPoint"",""coordinates"":[]}"
VHI_M_2021-05_00000000000000000087,0.7555508137318916,4.241658844611315,136,5,Dry,2021,2021-05,"{""type"":""MultiPoint"",""coordinates"":[]}"
VHI_M_2021-05_0000000000000000010c,0.6980536573914027,3.8251707096847,269,5,Dry,2021,2021-05,"{""type"":""MultiPoint"",""coordinates"":[]}"
VHI_M_2021-05_0000000000000000010d,0.5989468139059643,3.144893841331019,270,5,Dry,2021,2021-05,"{""type"":""MultiPoint"",""coordinates"":[]}"
VHI_M_2021-05_0000000000000000010e,0.5654704348369997,2.9321424241199536,271,5,Dry,2021,2021-05,"{""type"":""MultiPoint"",""coordinates"":[]}"
VHI_M_2021-05_0000000000000000010f,0.5594313461078851,2.9155227929000094,272,5,Dry,2021,2021-05,"{""type"":""MultiPoint"",""coordinates"":[]}"
VHI_M_2021-05_00000000000000000110,0.5505948402920715,2.852571509123816,273,5,Dry,2021,2021-05,"{""type"":""MultiPoint"",""coordinates"":[]}"
VHI_M_2021-05_00000000000000000111,0.5351648567300435,2.7315290128086547,274,5,Dry,2021,2021-05,"{""type"":""MultiPoint"",""coordinates"":[]}"
VHI_M_2021-05_000000000000000001d0,0.7385551895030902,4.039093295156288,465,5,Dry,2021,2021-05,"{""type"":""MultiPoint"",""coordinates"":[]}"
VHI_M_2021-05_000000000000000001d1,0.7654073878322709,4.241843885586197,466,5,Dry,2021,2021-05,"{""type"":""MultiPoint"",""coordinates"":[]}"
VHI_M_2021-05_00000000000000000009,0.6733781392162311,3.7196429015492494,10,5,Dry,2021,2021-05,"{""type"":""MultiPoint"",""coordinates"":[]}"
VHI_M_2021-05_0000000000000000009e,0.6809899553363502,3.69180717397305,159,5,Dry,2021,2021-05,"{""type"":""MultiPoint"",""coordinates"":[]}"
VHI_M_2021-05_0000000000000000009f,0.619340345222715,3.2729657934910987,160,5,Dry,2021,2021-05,"{""type"":""MultiPoint"",""coordinates"":[]}"
VHI_M_2021-05_00000000000000000154,0.7830785029874604,4.374213195052937,341,5,Dry,2021,2021-05,"{""type"":""MultiPoint"",""coordinates"":[]}"
VHI_M_2021-05_00000000000000000155,0.5301962472171035,2.711510119948839,342,5,Dry,2021,2021-05,"{""type"":""MultiPoint"",""coordinates"":[]}"
VHI_M_2021-05_00000000000000000156,0.6478295849397885,3.4699900006293314,343,5,Dry,2021,2021-05,"{""type"":""MultiPoint"",""coordinates"":[]}"
VHI_M_2021-05_00000000000000000157,0.608539276733982,3.199974292799969,344,5,Dry,2021,2021-05,"{""type"":""MultiPoint"",""coordinates"":[]}"
VHI_M_2021-05_00000000000000000178,0.818471125391049,4.459067739169996,377,5,Dry,2021,2021-05,"{""type"":""MultiPoint"",""coordinates"":[]}"
VHI_M_2021-05_00000000000000000179,0.5739904334184246,3.0100907767078264,378,5,Dry,2021,2021-05,"{""type"":""MultiPoint"",""coordinates"":[]}"
VHI_M_2021-05_0000000000000000017a,0.6840972257843706,3.733100678309311,379,5,Dry,2021,2021-05,"{""type"":""MultiPoint"",""coordinates"":[]}"
VHI_M_2021-05_0000000000000000017b,0.5494659550455607,2.7680604429724696,380,5,Dry,2021,2021-05,"{""type"":""MultiPoint"",""coordinates"":[]}"
VHI_M_2021-05_0000000000000000000f,0.6149527654611134,3.2440565565565573,16,5,Dry,2021,2021-05,"{""type"":""MultiPoint"",""coordinates"":[]}"
VHI_M_2021-05_00000000000000000040,0.5576438498561174,2.9157685582981676,65,5,Dry,2021,2021-05,"{""type"":""MultiPoint"",""coordinates"":[]}"
VHI_M_2021-05_00000000000000000041,0.544163512950664,2.7975280706830032,66,5,Dry,2021,2021-05,"{""type"":""MultiPoint"",""coordinates"":[]}"
VHI_M_2021-05_00000000000000000042,0.6090510302835846,3.2257067967505964,67,5,Dry,2021,2021-05,"{""type"":""MultiPoint"",""coordinates"":[]}"
VHI_M_2021-05_00000000000000000043,0.6999047136280491,3.7892510998575117,68,5,Dry,2021,2021-05,"{""type"":""MultiPoint"",""coordinates"":[]}"
VHI_M_2021-05_00000000000000000192,0.5553009163006271,2.8706608509219373,403,5,Dry,2021,2021-05,"{""type"":""MultiPoint"",""coordinates"":[]}"
VHI_M_2021-05_00000000000000000193,0.5844615512515099,3.068291345828417,404,5,Dry,2021,2021-05,"{""type"":""MultiPoint"",""coordinates"":[]}"
VHI_M_2021-05_00000000000000000194,0.48302695733296735,2.39170859263213,405,5,Dry,2021,2021-05,"{""type"":""MultiPoint"",""coordinates"":[]}"
VHI_M_2021-05_000000000000000001d2,0.5260441861412956,2.658627126553816,467,5,Dry,2021,2021-05,"{""type"":""MultiPoint"",""coordinates"":[]}"
VHI_M_2021-05_000000000000000001d3,0.5511972207189316,2.897476769250275,468,5,Dry,2021,2021-05,"{""type"":""MultiPoint"",""coordinates"":[]}"
VHI_M_2021-05_000000000000000001d4,0.5408089459852309,2.782521670352374,469,5,Dry,2021,2021-05,"{""type"":""MultiPoint"",""coordinates"":[]}"
VHI_M_2021-05_000000000000000001d5,0.574328274675275,2.9828883801276582,470,5,Dry,2021,2021-05,"{""type"":""MultiPoint"",""coordinates"":[]}"
VHI_M_2021-05_000000000000000001d6,0.6562660411838893,3.548552674557869,471,5,Dry,2021,2021-05,"{""type"":""MultiPoint"",""coordinates"":[]}"
VHI_M_2021-05_000000000000000001d7,0.5868191181097485,3.1016167321085018,472,5,Dry,2021,2021-05,"{""type"":""MultiPoint"",""coordinates"":[]}"
VHI_M_2021-05_00000000000000000069,0.6262920981979795,3.3036882127254246,106,5,Dry,2021,2021-05,"{""type"":""MultiPoint"",""coordinates"":[]}"
VHI_M_2021-05_0000000000000000006a,0.6309798143832855,3.285633582672771,107,5,Dry,2021,2021-05,"{""type"":""MultiPoint"",""coordinates"":[]}"
VHI_M_2021-05_0000000000000000006b,0.6118853722174438,3.11972317625339,108,5,Dry,2021,2021-05,"{""type"":""MultiPoint"",""coordinates"":[]}"
VHI_M_2021-05_0000000000000000006c,0.6782887541530324,3.6980580543283477,109,5,Dry,2021,2021-05,"{""type"":""MultiPoint"",""coordinates"":[]}"
VHI_M_2021-05_0000000000000000006d,0.6386406861940644,3.3586276642168906,110,5,Dry,2021,2021-05,"{""type"":""MultiPoint"",""coordinates"":[]}"
VHI_M_2021-05_0000000000000000006e,0.6995156212241749,3.841806785107493,111,5,Dry,2021,2021-05,"{""type"":""MultiPoint"",""coordinates"":[]}"
VHI_M_2021-05_0000000000000000006f,0.6591514320477256,3.5797086549411636,112,5,Dry,2021,2021-05,"{""type"":""MultiPoint"",""coordinates"":[]}"
VHI_M_2021-05_000000000000000000d6,0.6040288305578211,3.0860438292964245,215,5,Dry,2021,2021-05,"{""type"":""MultiPoint"",""coordinates"":[]}"
VHI_M_2021-05_0000000000000000013b,0.7103853597060068,4.0,316,5,Dry,2021,2021-05,"{""type"":""MultiPoint"",""coordinates"":[]}"
VHI_M_2021-05_0000000000000000013c,0.6546613156553288,3.506091971382311,317,5,Dry,2021,2021-05,"{""type"":""MultiPoint"",""coordinates"":[]}"
VHI_M_2021-05_0000000000000000013d,0.6093621374483744,3.1624139615065125,318,5,Dry,2021,2021-05,"{""type"":""MultiPoint"",""coordinates"":[]}"
VHI_M_2021-05_0000000000000000013e,0.6181832519738177,3.299507567326953,319,5,Dry,2021,2021-05,"{""type"":""MultiPoint"",""coordinates"":[]}"
VHI_M_2021-05_0000000000000000013f,0.5614964563663118,2.9710180811620712,320,5,Dry,2021,2021-05,"{""type"":""MultiPoint"",""coordinates"":[]}"
VHI_M_2021-05_00000000000000000140,10.368021825653832,3.1612574591828997,321,5,Dry,2021,2021-05,"{""type"":""MultiPoint"",""coordinates"":[]}"
VHI_M_2021-05_000000000000000001bc,0.600376316104474,3.086510410708156,445,5,Dry,2021,2021-05,"{""type"":""MultiPoint"",""coordinates"":[]}"
VHI_M_2021-05_000000000000000001bd,0.6235562048063532,3.201423573898446,446,5,Dry,2021,2021-05,"{""type"":""MultiPoint"",""coordinates"":[]}"
VHI_M_2021-05_000000000000000001be,0.6444660852381217,3.365680027090258,447,5,Dry,2021,2021-05,"{""type"":""MultiPoint"",""coordinates"":[]}"
VHI_M_2021-05_000000000000000001bf,0.5846177912043701,3.0364742565974603,448,5,Dry,2021,2021-05,"{""type"":""MultiPoint"",""coordinates"":[]}"
VHI_M_2021-05_000000000000000001c0,0.6386108334495963,3.347420474577407,449,5,Dry,2021,2021-05,"{""type"":""MultiPoint"",""coordinates"":[]}"
VHI_M_2021-05_00000000000000000006,0.775506782075992,4.324561013558568,7,5,Dry,2021,2021-05,"{""type"":""MultiPoint"",""coordinates"":[]}"
VHI_M_2021-05_0000000000000000002c,0.8118175760123159,4.528678636749011,45,5,Dry,2021,2021-05,"{""type"":""MultiPoint"",""coordinates"":[]}"
VHI_M_2021-05_0000000000000000002d,0.7340093585456112,4.077547864935944,46,5,Dry,2021,2021-05,"{""type"":""MultiPoint"",""coordinates"":[]}"
VHI_M_2021-05_0000000000000000002e,0.8105807787201118,4.633941130105027,47,5,Dry,2021,2021-05,"{""type"":""MultiPoint"",""coordinates"":[]}"
VHI_M_2021-05_0000000000000000002f,0.8564139570539098,4.742467411816231,48,5,Dry,2021,2021-05,"{""type"":""MultiPoint"",""coordinates"":[]}"
VHI_M_2021-05_0000000000000000009b,0.8019305935583428,4.533787456350618,156,5,Dry,2021,2021-05,"{""type"":""MultiPoint"",""coordinates"":[]}"
VHI_M_2021-05_0000000000000000009c,0.7742825795546673,4.303091162692414,157,5,Dry,2021,2021-05,"{""type"":""MultiPoint"",""coordinates"":[]}"
VHI_M_2021-05_0000000000000000009d,0.8070920418049911,4.604187658204518,158,5,Dry,2021,2021-05,"{""type"":""MultiPoint"",""coordinates"":[]}"
VHI_M_2021-05_000000000000000001b6,0.837417441859347,4.7085166968677195,439,5,Dry,2021,2021-05,"{""type"":""MultiPoint"",""coordinates"":[]}"
VHI_M_2021-05_000000000000000001b7,0.7664895601793059,4.276496860267594,440,5,Dry,2021,2021-05,"{""type"":""MultiPoint"",""coordinates"":[]}"
VHI_M_2021-05_000000000000000001b8,0.6923965038474734,3.8093263105574944,441,5,Dry,2021,2021-05,"{""type"":""MultiPoint"",""coordinates"":[]}"
VHI_M_2021-05_000000000000000001b9,0.7268933168936,3.9964422920169334,442,5,Dry,2021,2021-05,"{""type"":""MultiPoint"",""coordinates"":[]}"
VHI_M_2021-05_000000000000000001ba,0.7528037547684723,4.144767899291897,443,5,Dry,2021,2021-05,"{""type"":""MultiPoint"",""coordinates"":[]}"
VHI_M_2021-05_000000000000000001bb,0.7993264867788319,4.488881774671108,444,5,Dry,2021,2021-05,"{""type"":""MultiPoint"",""coordinates"":[]}"
VHI_M_2021-05_00000000000000000221,0.7096145881821884,4.0,546,5,Dry,2021,2021-05,"{""type"":""MultiPoint"",""coordinates"":[]}"
VHI_M_2021-05_00000000000000000222,0.7912590181007388,4.4718583185804865,547,5,Dry,2021,2021-05,"{""type"":""MultiPoint"",""coordinates"":[]}"
VHI_M_2021-05_00000000000000000223,0.7626597327394803,4.243568193832385,548,5,Dry,2021,2021-05,"{""type"":""MultiPoint"",""coordinates"":[]}"
VHI_M_2021-05_00000000000000000224,0.7433527958964248,4.11905483584637,549,5,Dry,2021,2021-05,"{""type"":""MultiPoint"",""coordinates"":[]}"
VHI_M_2021-05_00000000000000000225,0.7502265346955403,4.179128627148429,550,5,Dry,2021,2021-05,"{""type"":""MultiPoint"",""coordinates"":[]}"
VHI_M_2021-05_00000000000000000053,0.6508960055923194,3.4444989435556908,84,5,Dry,2021,2021-05,"{""type"":""MultiPoint"",""coordinates"":[]}"
VHI_M_2021-05_00000000000000000054,0.6492323700790863,3.417162638826704,85,5,Dry,2021,2021-05,"{""type"":""MultiPoint"",""coordinates"":[]}"
VHI_M_2021-05_00000000000000000055,0.6527317758700377,3.55234143449911,86,5,Dry,2021,2021-05,"{""type"":""MultiPoint"",""coordinates"":[]}"
VHI_M_2021-05_00000000000000000056,0.6230937164935234,3.1485440866921333,87,5,Dry,2021,2021-05,"{""type"":""MultiPoint"",""coordinates"":[]}"
VHI_M_2021-05_00000000000000000057,0.6529752006922,3.484532092250472,88,5,Dry,2021,2021-05,"{""type"":""MultiPoint"",""coordinates"":[]}"
VHI_M_2021-05_000000000000000000de,0.6800438361911222,3.637455065697052,223,5,Dry,2021,2021-05,"{""type"":""MultiPoint"",""coordinates"":[]}"
VHI_M_2021-05_000000000000000000df,26.688575423783224,4.0813885963005685,224,5,Dry,2021,2021-05,"{""type"":""MultiPoint"",""coordinates"":[]}"
VHI_M_2021-05_000000000000000000e0,3.9134389318648313,3.2671421234560687,225,5,Dry,2021,2021-05,"{""type"":""MultiPoint"",""coordinates"":[]}"
VHI_M_2021-05_000000000000000000e1,8.29607543603999,4.393834151001601,226,5,Dry,2021,2021-05,"{""type"":""MultiPoint"",""coordinates"":[]}"
VHI_M_2021-05_000000000000000000ff,0.6362905070597997,3.350297934862462,256,5,Dry,2021,2021-05,"{""type"":""MultiPoint"",""coordinates"":[]}"
VHI_M_2021-05_0000000000000000011c,0.6283289111880492,3.3410251749522852,285,5,Dry,2021,2021-05,"{""type"":""MultiPoint"",""coordinates"":[]}"
VHI_M_2021-05_0000000000000000011d,0.6241441578406324,3.1799912283449765,286,5,Dry,2021,2021-05,"{""type"":""MultiPoint"",""coordinates"":[]}"
VHI_M_2021-05_0000000000000000011e,0.6517819897687943,3.480155572709459,287,5,Dry,2021,2021-05,"{""type"":""MultiPoint"",""coordinates"":[]}"
VHI_M_2021-05_0000000000000000011f,0.6465537316425863,3.4467240882664405,288,5,Dry,2021,2021-05,"{""type"":""MultiPoint"",""coordinates"":[]}"
VHI_M_2021-05_000000000000000001c4,8.792789896450964,3.101929285805031,453,5,Dry,2021,2021-05,"{""type"":""MultiPoint"",""coordinates"":[]}"
VHI_M_2021-05_000000000000000001c5,0.6478476252603145,3.4704658538714463,454,5,Dry,2021,2021-05,"{""type"":""MultiPoint"",""coordinates"":[]}"
VHI_M_2021-05_000000000000000001c6,0.7213288621796063,3.9855661338378234,455,5,Dry,2021,2021-05,"{""type"":""MultiPoint"",""coordinates"":[]}"
VHI_M_2021-05_00000000000000000003,0.9703634903129522,4.51463950469343,4,5,Dry,2021,2021-05,"{""type"":""MultiPoint"",""coordinates"":[]}"
VHI_M_2021-05_0000000000000000001b,12.480726362155405,4.596394799054373,28,5,Dry,2021,2021-05,"{""type"":""MultiPoint"",""coordinates"":[]}"
VHI_M_2021-05_00000000000000000186,64.48069144463,4.492157211452961,391,5,Dry,2021,2021-05,"{""type"":""MultiPoint"",""coordinates"":[]}"
VHI_M_2021-05_00000000000000000187,0.6455031701567737,3.4386184240002025,392,5,Dry,2021,2021-05,"{""type"":""MultiPoint"",""coordinates"":[]}"
VHI_M_2021-05_00000000000000000188,2.995127025165698,4.181825453707734,393,5,Dry,2021,2021-05,"{""type"":""MultiPoint"",""coordinates"":[]}"
VHI_M_2021-05_00000000000000000189,3.786404423849928,4.285542932371156,394,5,Dry,2021,2021-05,"{""type"":""MultiPoint"",""coordinates"":[]}"
VHI_M_2021-05_0000000000000000018a,0.7597864116778082,4.227925718290118,395,5,Dry,2021,2021-05,"{""type"":""MultiPoint"",""coordinates"":[]}"
VHI_M_2021-05_0000000000000000018f,0.7923111908809065,4.44702875399361,400,5,Dry,2021,2021-05,"{""type"":""MultiPoint"",""coordinates"":[]}"
VHI_M_2021-05_00000000000000000190,0.6753248359332561,3.6490229066908237,401,5,Dry,2021,2021-05,"{""type"":""MultiPoint"",""coordinates"":[]}"
VHI_M_2021-05_0000000000000000021e,0.8001068250684378,4.623180926824234,543,5,Dry,2021,2021-05,"{""type"":""MultiPoint"",""coordinates"":[]}"
VHI_M_2021-05_0000000000000000021f,0.8351723741327344,3.9580817831057282,544,5,Dry,2021,2021-05,"{""type"":""MultiPoint"",""coordinates"":[]}"
VHI_M_2021-05_00000000000000000220,0.7002723319941159,3.7108047057811597,545,5,Dry,2021,2021-05,"{""type"":""MultiPoint"",""coordinates"":[]}"
VHI_M_2021-05_00000000000000000007,0.7403013977499207,4.0834173709253605,8,5,Dry,2021,2021-05,"{""type"":""MultiPoint"",""coordinates"":[]}"
VHI_M_2021-05_0000000000000000000b,0.7876535061602693,4.565068493150683,12,5,Dry,2021,2021-05,"{""type"":""MultiPoint"",""coordinates"":[]}"
VHI_M_2021-05_00000000000000000012,0.7042634165372075,3.828758824109248,19,5,Dry,2021,2021-05,"{""type"":""MultiPoint"",""coordinates"":[]}"
VHI_M_2021-05_00000000000000000013,0.7114820438495374,3.8783534578689274,20,5,Dry,2021,2021-05,"{""type"":""MultiPoint"",""coordinates"":[]}"
VHI_M_2021-05_00000000000000000014,0.6971660328681429,3.8266334905965227,21,5,Dry,2021,2021-05,"{""type"":""MultiPoint"",""coordinates"":[]}"
VHI_M_2021-05_00000000000000000015,0.6883398962801676,3.710123482118815,22,5,Dry,2021,2021-05,"{""type"":""MultiPoint"",""coordinates"":[]}"
VHI_M_2021-05_00000000000000000016,0.6727912362083289,3.731095495394609,23,5,Dry,2021,2021-05,"{""type"":""MultiPoint"",""coordinates"":[]}"
VHI_M_2021-05_00000000000000000183,0.719158014696101,3.966310100352566,388,5,Dry,2021,2021-05,"{""type"":""MultiPoint"",""coordinates"":[]}"
VHI_M_2021-05_00000000000000000184,0.7630988595094915,4.209646877090322,389,5,Dry,2021,2021-05,"{""type"":""MultiPoint"",""coordinates"":[]}"
VHI_M_2021-05_00000000000000000185,5.179813609348322,4.371379593771058,390,5,Dry,2021,2021-05,"{""type"":""MultiPoint"",""coordinates"":[]}"
VHI_M_2021-05_00000000000000000212,0.7276597072860698,4.0,531,5,Dry,2021,2021-05,"{""type"":""MultiPoint"",""coordinates"":[]}"
VHI_M_2021-05_00000000000000000213,0.8113397483579134,4.548040667006976,532,5,Dry,2021,2021-05,"{""type"":""MultiPoint"",""coordinates"":[]}"
VHI_M_2021-05_00000000000000000214,0.7387971947127409,4.094575545313649,533,5,Dry,2021,2021-05,"{""type"":""MultiPoint"",""coordinates"":[]}"
VHI_M_2021-05_00000000000000000215,0.8275232253333461,4.616392907497172,534,5,Dry,2021,2021-05,"{""type"":""MultiPoint"",""coordinates"":[]}"
VHI_M_2021-05_0000000000000000005a,75.13895707394518,3.9474221141018595,91,5,Dry,2021,2021-05,"{""type"":""MultiPoint"",""coordinates"":[]}"
VHI_M_2021-05_00000000000000000118,53.26914427860856,4.582310137547644,281,5,Dry,2021,2021-05,"{""type"":""MultiPoint"",""coordinates"":[]}"
VHI_M_2021-05_00000000000000000119,8.542861172408367,3.8424592339619763,282,5,Dry,2021,2021-05,"{""type"":""MultiPoint"",""coordinates"":[]}"
VHI_M_2021-05_0000000000000000011a,4.0037197568848,4.1565992780947045,283,5,Dry,2021,2021-05,"{""type"":""MultiPoint"",""coordinates"":[]}"
VHI_M_2021-05_0000000000000000011b,0.9419689628868492,4.808048897740541,284,5,Dry,2021,2021-05,"{""type"":""MultiPoint"",""coordinates"":[]}"
VHI_M_2021-05_00000000000000000141,10.267482839754516,3.6343484299856277,322,5,Dry,2021,2021-05,"{""type"":""MultiPoint"",""coordinates"":[]}"
VHI_M_2021-05_00000000000000000142,54.48200549824747,4.592307851282369,323,5,Dry,2021,2021-05,"{""type"":""MultiPoint"",""coordinates"":[]}"
VHI_M_2021-05_00000000000000000143,13.866976917266589,4.092091460701953,324,5,Dry,2021,2021-05,"{""type"":""MultiPoint"",""coordinates"":[]}"
VHI_M_2021-05_00000000000000000144,49.040751997107364,4.528460940377295,325,5,Dry,2021,2021-05,"{""type"":""MultiPoint"",""coordinates"":[]}"
VHI_M_2021-05_00000000000000000145,35.30627898570925,4.52549840625465,326,5,Dry,2021,2021-05,"{""type"":""MultiPoint"",""coordinates"":[]}"
VHI_M_2021-05_000000000000000001af,85.90955044237698,3.5606854062379663,432,5,Dry,2021,2021-05,"{""type"":""MultiPoint"",""coordinates"":[]}"
VHI_M_2021-05_0000000000000000004b,0.7544406724760598,4.234704738136308,76,5,Dry,2021,2021-05,"{""type"":""MultiPoint"",""coordinates"":[]}"
VHI_M_2021-05_0000000000000000004c,0.8086607830917376,4.383435040240559,77,5,Dry,2021,2021-05,"{""type"":""MultiPoint"",""coordinates"":[]}"
VHI_M_2021-05_0000000000000000004d,0.7409541347806289,4.073160951306024,78,5,Dry,2021,2021-05,"{""type"":""MultiPoint"",""coordinates"":[]}"
VHI_M_2021-05_0000000000000000004e,0.7169945014022662,3.9396873383681363,79,5,Dry,2021,2021-05,"{""type"":""MultiPoint"",""coordinates"":[]}"
VHI_M_2021-05_0000000000000000004f,0.7416839686952216,4.086197174551239,80,5,Dry,2021,2021-05,"{""type"":""MultiPoint"",""coordinates"":[]}"
VHI_M_2021-05_00000000000000000050,0.8386757886067606,4.415851272015655,81,5,Dry,2021,2021-05,"{""type"":""MultiPoint"",""coordinates"":[]}"
VHI_M_2021-05_00000000000000000051,0.7952986351446901,4.720796354041736,82,5,Dry,2021,2021-05,"{""type"":""MultiPoint"",""coordinates"":[]}"
VHI_M_2021-05_00000000000000000052,0.7976231866542456,4.279573036993713,83,5,Dry,2021,2021-05,"{""type"":""MultiPoint"",""coordinates"":[]}"
VHI_M_2021-05_000000000000000000aa,0.7237803326650393,3.7255281852569433,171,5,Dry,2021,2021-05,"{""type"":""MultiPoint"",""coordinates"":[]}"
VHI_M_2021-05_000000000000000000ab,0.7662081562290517,4.210799749096921,172,5,Dry,2021,2021-05,"{""type"":""MultiPoint"",""coordinates"":[]}"
VHI_M_2021-05_000000000000000000ac,0.7258702187969237,4.004925899521306,173,5,Dry,2021,2021-05,"{""type"":""MultiPoint"",""coordinates"":[]}"
VHI_M_2021-05_000000000000000000ad,0.7530338009986254,4.1080955666452,174,5,Dry,2021,2021-05,"{""type"":""MultiPoint"",""coordinates"":[]}"
VHI_M_2021-05_000000000000000000ae,0.6744852890396198,3.678119846069269,175,5,Dry,2021,2021-05,"{""type"":""MultiPoint"",""coordinates"":[]}"
VHI_M_2021-05_000000000000000000af,0.6507487372603966,3.451776649746192,176,5,Dry,2021,2021-05,"{""type"":""MultiPoint"",""coordinates"":[]}"
VHI_M_2021-05_000000000000000000b0,0.892460156864072,4.850718005365314,177,5,Dry,2021,2021-05,"{""type"":""MultiPoint"",""coordinates"":[]}"
VHI_M_2021-05_000000000000000001c7,0.7096157619650936,3.877440079070917,456,5,Dry,2021,2021-05,"{""type"":""MultiPoint"",""coordinates"":[]}"
VHI_M_2021-05_000000000000000001c8,0.7838045487889002,4.382615699693277,457,5,Dry,2021,2021-05,"{""type"":""MultiPoint"",""coordinates"":[]}"
VHI_M_2021-05_000000000000000001c9,0.7166872143687316,3.9363878184168377,458,5,Dry,2021,2021-05,"{""type"":""MultiPoint"",""coordinates"":[]}"
VHI_M_2021-05_000000000000000001ca,0.8764997546809935,4.774169558750618,459,5,Dry,2021,2021-05,"{""type"":""MultiPoint"",""coordinates"":[]}"
VHI_M_2021-05_0000000000000000020a,0.8246638331573974,4.416261340508469,523,5,Dry,2021,2021-05,"{""type"":""MultiPoint"",""coordinates"":[]}"
VHI_M_2021-05_0000000000000000020b,1.100783360085378,3.959661916570568,524,5,Dry,2021,2021-05,"{""type"":""MultiPoint"",""coordinates"":[]}"
VHI_M_2021-05_0000000000000000020c,0.7326298549067637,4.028012320203639,525,5,Dry,2021,2021-05,"{""type"":""MultiPoint"",""coordinates"":[]}"
VHI_M_2021-05_000000000000000001ab,0.7048469634286081,3.849110136703637,428,5,Dry,2021,2021-05,"{""type"":""MultiPoint"",""coordinates"":[]}"
VHI_M_2021-05_000000000000000001ac,0.6926675846557068,3.8457053415452096,429,5,Dry,2021,2021-05,"{""type"":""MultiPoint"",""coordinates"":[]}"
VHI_M_2021-05_000000000000000001ad,8.185403605797635,3.6274403423451673,430,5,Dry,2021,2021-05,"{""type"":""MultiPoint"",""coordinates"":[]}"
VHI_M_2021-05_000000000000000001ae,45.51912744900471,3.344200926497091,431,5,Dry,2021,2021-05,"{""type"":""MultiPoint"",""coordinates"":[]}"
VHI_M_2021-05_000000000000000001c3,39.14434247440425,3.621864869476198,452,5,Dry,2021,2021-05,"{""type"":""MultiPoint"",""coordinates"":[]}"
VHI_M_2021-05_00000000000000000037,0.6222018013552415,3.3319237348169373,56,5,Dry,2021,2021-05,"{""type"":""MultiPoint"",""coordinates"":[]}"
VHI_M_2021-05_00000000000000000038,0.737687720960769,4.1009911121158416,57,5,Dry,2021,2021-05,"{""type"":""MultiPoint"",""coordinates"":[]}"
VHI_M_2021-05_00000000000000000039,0.5850589893092906,3.0198435884758856,58,5,Dry,2021,2021-05,"{""type"":""MultiPoint"",""coordinates"":[]}"
VHI_M_2021-05_0000000000000000003a,0.7165981077071713,3.952736374756489,59,5,Dry,2021,2021-05,"{""type"":""MultiPoint"",""coordinates"":[]}"
VHI_M_2021-05_0000000000000000003b,0.5230254398973547,2.675895528328223,60,5,Dry,2021,2021-05,"{""type"":""MultiPoint"",""coordinates"":[]}"
VHI_M_2021-05_0000000000000000003c,0.7350466117823543,4.042554358257245,61,5,Dry,2021,2021-05,"{""type"":""MultiPoint"",""coordinates"":[]}"
VHI_M_2021-05_0000000000000000003d,0.8083166250735527,4.476754255887067,62,5,Dry,2021,2021-05,"{""type"":""MultiPoint"",""coordinates"":[]}"
VHI_M_2021-05_0000000000000000003e,10.482053761665588,2.999527555413124,63,5,Dry,2021,2021-05,"{""type"":""MultiPoint"",""coordinates"":[]}"
VHI_M_2021-05_0000000000000000003f,0.7588410222802958,4.222718174894167,64,5,Dry,2021,2021-05,"{""type"":""MultiPoint"",""coordinates"":[]}"
VHI_M_2021-05_00000000000000000044,0.4418844728148755,2.192109205926419,69,5,Dry,2021,2021-05,"{""type"":""MultiPoint"",""coordinates"":[]}"
VHI_M_2021-05_00000000000000000076,0.5226546755733114,2.683945413044535,119,5,Dry,2021,2021-05,"{""type"":""MultiPoint"",""coordinates"":[]}"
VHI_M_2021-05_00000000000000000077,5.964118930298375,3.576767817371942,120,5,Dry,2021,2021-05,"{""type"":""MultiPoint"",""coordinates"":[]}"
VHI_M_2021-05_00000000000000000078,0.517213602309639,2.6122986961132386,121,5,Dry,2021,2021-05,"{""type"":""MultiPoint"",""coordinates"":[]}"
VHI_M_2021-05_00000000000000000079,0.60795030630099,3.2010762899651795,122,5,Dry,2021,2021-05,"{""type"":""MultiPoint"",""coordinates"":[]}"
VHI_M_2021-05_0000000000000000008b,0.48907759083611313,2.600554272517321,140,5,Dry,2021,2021-05,"{""type"":""MultiPoint"",""coordinates"":[]}"
VHI_M_2021-05_0000000000000000008c,3.288851023147033,4.366983510928806,141,5,Dry,2021,2021-05,"{""type"":""MultiPoint"",""coordinates"":[]}"
VHI_M_2021-05_0000000000000000008d,12.33394635673556,4.220104943385806,142,5,Dry,2021,2021-05,"{""type"":""MultiPoint"",""coordinates"":[]}"
VHI_M_2021-05_0000000000000000008e,0.8173254431542167,4.593165220899739,143,5,Dry,2021,2021-05,"{""type"":""MultiPoint"",""coordinates"":[]}"
VHI_M_2021-05_0000000000000000008f,0.9280904065433179,4.980300187617259,144,5,Dry,2021,2021-05,"{""type"":""MultiPoint"",""coordinates"":[]}"
VHI_M_2021-05_00000000000000000090,0.8045251051929393,4.437026345747274,145,5,Dry,2021,2021-05,"{""type"":""MultiPoint"",""coordinates"":[]}"
VHI_M_2021-05_00000000000000000091,0.8695693835914264,4.789462577377603,146,5,Dry,2021,2021-05,"{""type"":""MultiPoint"",""coordinates"":[]}"
VHI_M_2021-05_000000000000000000b5,36.22941187224645,3.776675872457946,182,5,Dry,2021,2021-05,"{""type"":""MultiPoint"",""coordinates"":[]}"
VHI_M_2021-05_000000000000000000cc,9.237783137262081,4.871773728044859,205,5,Dry,2021,2021-05,"{""type"":""MultiPoint"",""coordinates"":[]}"
VHI_M_2021-05_000000000000000000cd,1.0537506575600795,4.291088524313609,206,5,Dry,2021,2021-05,"{""type"":""MultiPoint"",""coordinates"":[]}"
VHI_M_2021-05_000000000000000001dd,0.8441770119306145,4.77549689934807,478,5,Dry,2021,2021-05,"{""type"":""MultiPoint"",""coordinates"":[]}"
VHI_M_2021-05_000000000000000001de,0.8867169870875988,4.958001662463542,479,5,Dry,2021,2021-05,"{""type"":""MultiPoint"",""coordinates"":[]}"
VHI_M_2021-05_000000000000000001df,0.8075134345614684,4.567010866851943,480,5,Dry,2021,2021-05,"{""type"":""MultiPoint"",""coordinates"":[]}"
VHI_M_2021-05_000000000000000001e0,0.8512819370285706,4.768247775030438,481,5,Dry,2021,2021-05,"{""type"":""MultiPoint"",""coordinates"":[]}"
VHI_M_2021-05_000000000000000001e1,0.865720245863123,4.95623151027839,482,5,Dry,2021,2021-05,"{""type"":""MultiPoint"",""coordinates"":[]}"
VHI_M_2021-05_0000000000000000007a,0.717203114011823,4.0070357198082585,123,5,Dry,2021,2021-05,"{""type"":""MultiPoint"",""coordinates"":[]}"
VHI_M_2021-05_0000000000000000007b,0.7523973861162249,4.14323301854591,124,5,Dry,2021,2021-05,"{""type"":""MultiPoint"",""coordinates"":[]}"
VHI_M_2021-05_0000000000000000007c,0.791317372473776,4.413454866586761,125,5,Dry,2021,2021-05,"{""type"":""MultiPoint"",""coordinates"":[]}"
VHI_M_2021-05_0000000000000000007d,0.7793422125764914,4.257511950670564,126,5,Dry,2021,2021-05,"{""type"":""MultiPoint"",""coordinates"":[]}"
VHI_M_2021-05_0000000000000000007e,19.572241955663216,3.9078942111781374,127,5,Dry,2021,2021-05,"{""type"":""MultiPoint"",""coordinates"":[]}"
VHI_M_2021-05_0000000000000000007f,14.117235363774652,4.144496831935414,128,5,Dry,2021,2021-05,"{""type"":""MultiPoint"",""coordinates"":[]}"
VHI_M_2021-05_00000000000000000080,0.7245515321701465,3.9247593526321354,129,5,Dry,2021,2021-05,"{""type"":""MultiPoint"",""coordinates"":[]}"
VHI_M_2021-05_00000000000000000088,4.831247040218603,4.499928688379627,137,5,Dry,2021,2021-05,"{""type"":""MultiPoint"",""coordinates"":[]}"
VHI_M_2021-05_00000000000000000089,0.8241176618215109,4.6054169306741475,138,5,Dry,2021,2021-05,"{""type"":""MultiPoint"",""coordinates"":[]}"
VHI_M_2021-05_0000000000000000008a,0.8087613233321689,4.553882472257503,139,5,Dry,2021,2021-05,"{""type"":""MultiPoint"",""coordinates"":[]}"
VHI_M_2021-05_00000000000000000099,0.7971486256460751,4.401594108520623,154,5,Dry,2021,2021-05,"{""type"":""MultiPoint"",""coordinates"":[]}"
VHI_M_2021-05_0000000000000000009a,3.335314457773338,4.43049737326874,155,5,Dry,2021,2021-05,"{""type"":""MultiPoint"",""coordinates"":[]}"
VHI_M_2021-05_00000000000000000112,0.8392262147127608,4.721229817931983,275,5,Dry,2021,2021-05,"{""type"":""MultiPoint"",""coordinates"":[]}"
VHI_M_2021-05_000000000000000001d8,0.8110137276664265,4.472115329389467,473,5,Dry,2021,2021-05,"{""type"":""MultiPoint"",""coordinates"":[]}"
VHI_M_2021-05_00000000000000000001,0.8552883490460749,4.546594982078853,2,5,Dry,2021,2021-05,"{""type"":""MultiPoint"",""coordinates"":[]}"
VHI_M_2021-05_00000000000000000030,0.6319638040633258,3.3525481295559576,49,5,Dry,2021,2021-05,"{""type"":""MultiPoint"",""coordinates"":[]}"
VHI_M_2021-05_00000000000000000031,0.649701956202364,3.487507213426299,50,5,Dry,2021,2021-05,"{""type"":""MultiPoint"",""coordinates"":[]}"
VHI_M_2021-05_00000000000000000032,0.6643990353256252,3.5679921852741248,51,5,Dry,2021,2021-05,"{""type"":""MultiPoint"",""coordinates"":[]}"
VHI_M_2021-05_000000000000000000d7,0.5753423421977942,3.0432549113049374,216,5,Dry,2021,2021-05,"{""type"":""MultiPoint"",""coordinates"":[]}"
VHI_M_2021-05_000000000000000000d8,0.5337752764477764,2.8489070613592395,217,5,Dry,2021,2021-05,"{""type"":""MultiPoint"",""coordinates"":[]}"
VHI_M_2021-05_000000000000000000d9,0.5297029268462821,2.687776170918858,218,5,Dry,2021,2021-05,"{""type"":""MultiPoint"",""coordinates"":[]}"
VHI_M_2021-05_000000000000000000da,0.5915121854299474,3.0747624313918243,219,5,Dry,2021,2021-05,"{""type"":""MultiPoint"",""coordinates"":[]}"
VHI_M_2021-05_00000000000000000132,0.6294377320370331,3.3178380859847882,307,5,Dry,2021,2021-05,"{""type"":""MultiPoint"",""coordinates"":[]}"
VHI_M_2021-05_00000000000000000133,81.91180248799523,4.650474339924565,308,5,Dry,2021,2021-05,"{""type"":""MultiPoint"",""coordinates"":[]}"
VHI_M_2021-05_00000000000000000134,0.7141131046287109,3.9416699047191646,309,5,Dry,2021,2021-05,"{""type"":""MultiPoint"",""coordinates"":[]}"
VHI_M_2021-05_00000000000000000135,24.865730870212893,4.563516304415442,310,5,Dry,2021,2021-05,"{""type"":""MultiPoint"",""coordinates"":[]}"
VHI_M_2021-05_0000000000000000001f,0.6279200114584583,3.323012574100578,32,5,Dry,2021,2021-05,"{""type"":""MultiPoint"",""coordinates"":[]}"
VHI_M_2021-05_00000000000000000020,0.5589777040942412,2.9327801740556256,33,5,Dry,2021,2021-05,"{""type"":""MultiPoint"",""coordinates"":[]}"
VHI_M_2021-05_00000000000000000021,0.604595069374925,3.1838113362937226,34,5,Dry,2021,2021-05,"{""type"":""MultiPoint"",""coordinates"":[]}"
VHI_M_2021-05_00000000000000000045,0.6141704310680048,3.236485178343571,70,5,Dry,2021,2021-05,"{""type"":""MultiPoint"",""coordinates"":[]}"
VHI_M_2021-05_00000000000000000046,0.5996976918003153,3.1412823732204,71,5,Dry,2021,2021-05,"{""type"":""MultiPoint"",""coordinates"":[]}"
VHI_M_2021-05_00000000000000000047,0.623553540919603,3.2916615882408036,72,5,Dry,2021,2021-05,"{""type"":""MultiPoint"",""coordinates"":[]}"
VHI_M_2021-05_00000000000000000048,0.5994706757216078,3.154884966454546,73,5,Dry,2021,2021-05,"{""type"":""MultiPoint"",""coordinates"":[]}"
VHI_M_2021-05_00000000000000000072,0.5329793804101655,2.7568438139566416,115,5,Dry,2021,2021-05,"{""type"":""MultiPoint"",""coordinates"":[]}"
VHI_M_2021-05_00000000000000000073,0.5664269956612371,2.9770898058178816,116,5,Dry,2021,2021-05,"{""type"":""MultiPoint"",""coordinates"":[]}"
VHI_M_2021-05_00000000000000000074,0.5678485217358219,2.979461437794135,117,5,Dry,2021,2021-05,"{""type"":""MultiPoint"",""coordinates"":[]}"
VHI_M_2021-05_00000000000000000075,0.5624481471804523,2.933265492633665,118,5,Dry,2021,2021-05,"{""type"":""MultiPoint"",""coordinates"":[]}"
VHI_M_2021-05_000000000000000000b4,0.6371169685945463,3.262470467614675,181,5,Dry,2021,2021-05,"{""type"":""MultiPoint"",""coordinates"":[]}"
VHI_M_2021-05_000000000000000000e8,0.5851916958537079,3.105831349880994,233,5,Dry,2021,2021-05,"{""type"":""MultiPoint"",""coordinates"":[]}"
VHI_M_2021-05_000000000000000000e9,0.6056897607086144,3.2015841448621782,234,5,Dry,2021,2021-05,"{""type"":""MultiPoint"",""coordinates"":[]}"
VHI_M_2021-05_000000000000000000ea,0.6071809119476744,3.2336503648233643,235,5,Dry,2021,2021-05,"{""type"":""MultiPoint"",""coordinates"":[]}"
VHI_M_2021-05_00000000000000000022,0.7714155210457313,4.342790337347698,35,5,Dry,2021,2021-05,"{""type"":""MultiPoint"",""coordinates"":[]}"
VHI_M_2021-05_00000000000000000023,0.7054929521656723,3.87785593298497,36,5,Dry,2021,2021-05,"{""type"":""MultiPoint"",""coordinates"":[]}"
VHI_M_2021-05_00000000000000000024,0.7331732935102481,4.034534567027232,37,5,Dry,2021,2021-05,"{""type"":""MultiPoint"",""coordinates"":[]}"
VHI_M_2021-05_00000000000000000025,0.7143036985592788,3.9184873500370387,38,5,Dry,2021,2021-05,"{""type"":""MultiPoint"",""coordinates"":[]}"
VHI_M_2021-05_000000000000000000f0,0.7053437716509409,3.837608150309732,241,5,Dry,2021,2021-05,"{""type"":""MultiPoint"",""coordinates"":[]}"
VHI_M_2021-05_000000000000000000f4,0.6102137732511079,3.231666773209085,245,5,Dry,2021,2021-05,"{""type"":""MultiPoint"",""coordinates"":[]}"
VHI_M_2021-05_000000000000000000f5,0.752030086507937,4.1884844955223,246,5,Dry,2021,2021-05,"{""type"":""MultiPoint"",""coordinates"":[]}"
VHI_M_2021-05_000000000000000000f6,0.798952940322276,4.509426844488246,247,5,Dry,2021,2021-05,"{""type"":""MultiPoint"",""coordinates"":[]}"
VHI_M_2021-05_000000000000000000f7,0.737598039356479,4.1125603158356485,248,5,Dry,2021,2021-05,"{""type"":""MultiPoint"",""coordinates"":[]}"
VHI_M_2021-05_000000000000000000f8,0.6721937197558784,3.6508360388373173,249,5,Dry,2021,2021-05,"{""type"":""MultiPoint"",""coordinates"":[]}"
VHI_M_2021-05_00000000000000000000,0.5175696185994128,2.6862384958723386,1,5,Dry,2021,2021-05,"{""type"":""MultiPoint"",""coordinates"":[]}"
VHI_M_2021-05_000000000000000000f2,0.5969194772997505,3.1414737919438522,243,5,Dry,2021,2021-05,"{""type"":""MultiPoint"",""coordinates"":[]}"
VHI_M_2021-05_000000000000000000f3,0.5671824988682754,2.9312592949675556,244,5,Dry,2021,2021-05,"{""type"":""MultiPoint"",""coordinates"":[]}"
VHI_M_2021-05_00000000000000000106,0.715455662125888,3.937541035023523,263,5,Dry,2021,2021-05,"{""type"":""MultiPoint"",""coordinates"":[]}"
VHI_M_2021-05_00000000000000000107,0.6357440013555509,3.3961794714249276,264,5,Dry,2021,2021-05,"{""type"":""MultiPoint"",""coordinates"":[]}"
VHI_M_2021-05_00000000000000000108,0.6725163295876386,3.6433299958917478,265,5,Dry,2021,2021-05,"{""type"":""MultiPoint"",""coordinates"":[]}"
VHI_M_2021-05_0000000000000000012c,0.5637965320752631,2.943386692518753,301,5,Dry,2021,2021-05,"{""type"":""MultiPoint"",""coordinates"":[]}"
VHI_M_2021-05_0000000000000000012d,0.5815621348268666,3.0411719869953178,302,5,Dry,2021,2021-05,"{""type"":""MultiPoint"",""coordinates"":[]}"
VHI_M_2021-05_0000000000000000012e,0.6134573143137578,3.2660260866624338,303,5,Dry,2021,2021-05,"{""type"":""MultiPoint"",""coordinates"":[]}"
VHI_M_2021-05_000000000000000000a5,0.7265192900408597,4.037743148844707,166,5,Dry,2021,2021-05,"{""type"":""MultiPoint"",""coordinates"":[]}"
VHI_M_2021-05_000000000000000000a6,0.7050351527519448,3.8893483329693788,167,5,Dry,2021,2021-05,"{""type"":""MultiPoint"",""coordinates"":[]}"
VHI_M_2021-05_000000000000000000c1,45.961442169113894,3.500022300521833,194,5,Dry,2021,2021-05,"{""type"":""MultiPoint"",""coordinates"":[]}"
VHI_M_2021-05_00000000000000000120,2.7827068034072173,3.0308687978034907,289,5,Dry,2021,2021-05,"{""type"":""MultiPoint"",""coordinates"":[]}"
VHI_M_2021-05_000000000000000001d9,5.681850648962586,3.4260730491318188,474,5,Dry,2021,2021-05,"{""type"":""MultiPoint"",""coordinates"":[]}"
VHI_M_2021-05_000000000000000001da,0.6772672515509608,3.7170531539268996,475,5,Dry,2021,2021-05,"{""type"":""MultiPoint"",""coordinates"":[]}"
VHI_M_2021-05_000000000000000001db,0.686815736729285,3.7868233079119924,476,5,Dry,2021,2021-05,"{""type"":""MultiPoint"",""coordinates"":[]}"
VHI_M_2021-05_000000000000000001dc,0.6983210483858409,3.901422083240265,477,5,Dry,2021,2021-05,"{""type"":""MultiPoint"",""coordinates"":[]}"
VHI_M_2021-05_000000000000000001e2,54.720212664093545,3.6165413533834583,483,5,Dry,2021,2021-05,"{""type"":""MultiPoint"",""coordinates"":[]}"
VHI_M_2021-05_000000000000000001e3,4.701881380597636,3.6264592373372775,484,5,Dry,2021,2021-05,"{""type"":""MultiPoint"",""coordinates"":[]}"
VHI_M_2021-05_000000000000000001e4,80.60065893977632,3.631376851343939,485,5,Dry,2021,2021-05,"{""type"":""MultiPoint"",""coordinates"":[]}"
VHI_M_2021-05_000000000000000001e5,26.63950561714244,3.1055621301775154,486,5,Dry,2021,2021-05,"{""type"":""MultiPoint"",""coordinates"":[]}"
VHI_M_2021-05_000000000000000001e6,1.231602908931394,3.4717531811755205,487,5,Dry,2021,2021-05,"{""type"":""MultiPoint"",""coordinates"":[]}"
VHI_M_2021-05_000000000000000001e7,16.138613594122166,3.582635542873181,488,5,Dry,2021,2021-05,"{""type"":""MultiPoint"",""coordinates"":[]}"
VHI_M_2021-05_000000000000000001e8,0.6235425014829581,3.333333333333332,489,5,Dry,2021,2021-05,"{""type"":""MultiPoint"",""coordinates"":[]}"
VHI_M_2021-05_000000000000000001e9,58.79389289843726,3.7980745795759203,490,5,Dry,2021,2021-05,"{""type"":""MultiPoint"",""coordinates"":[]}"
VHI_M_2021-05_000000000000000000e2,0.6719214755306446,3.5993870075502725,227,5,Dry,2021,2021-05,"{""type"":""MultiPoint"",""coordinates"":[]}"
VHI_M_2021-05_000000000000000000e3,0.6092923431273088,3.2347305019066344,228,5,Dry,2021,2021-05,"{""type"":""MultiPoint"",""coordinates"":[]}"
VHI_M_2021-05_000000000000000000e4,25.325973137555252,3.202584621044886,229,5,Dry,2021,2021-05,"{""type"":""MultiPoint"",""coordinates"":[]}"
VHI_M_2021-05_000000000000000000e5,1.2850923242141183,3.377916670636546,230,5,Dry,2021,2021-05,"{""type"":""MultiPoint"",""coordinates"":[]}"
VHI_M_2021-05_000000000000000000e6,0.589261848157922,3.074675324675325,231,5,Dry,2021,2021-05,"{""type"":""MultiPoint"",""coordinates"":[]}"
VHI_M_2021-05_000000000000000000e7,0.6562494848774615,3.6019558884727427,232,5,Dry,2021,2021-05,"{""type"":""MultiPoint"",""coordinates"":[]}"
VHI_M_2021-05_0000000000000000017f,0.6682921427906496,3.623173532141116,384,5,Dry,2021,2021-05,"{""type"":""MultiPoint"",""coordinates"":[]}"
VHI_M_2021-05_00000000000000000180,0.6961778166244765,3.8177360720176603,385,5,Dry,2021,2021-05,"{""type"":""MultiPoint"",""coordinates"":[]}"
VHI_M_2021-05_00000000000000000203,0.6611567830411472,3.5617018309326,516,5,Dry,2021,2021-05,"{""type"":""MultiPoint"",""coordinates"":[]}"
VHI_M_2021-05_00000000000000000204,0.6421491650512857,3.389050722584302,517,5,Dry,2021,2021-05,"{""type"":""MultiPoint"",""coordinates"":[]}"
VHI_M_2021-05_00000000000000000205,0.6383352348391941,3.371278514656482,518,5,Dry,2021,2021-05,"{""type"":""MultiPoint"",""coordinates"":[]}"
VHI_M_2021-05_00000000000000000206,0.6363735929043562,3.353785341149262,519,5,Dry,2021,2021-05,"{""type"":""MultiPoint"",""coordinates"":[]}"
VHI_M_2021-05_00000000000000000207,0.6375819529497714,3.4398896462187616,520,5,Dry,2021,2021-05,"{""type"":""MultiPoint"",""coordinates"":[]}"
VHI_M_2021-05_00000000000000000208,0.6045191909034334,3.1708401244628828,521,5,Dry,2021,2021-05,"{""type"":""MultiPoint"",""coordinates"":[]}"
VHI_M_2021-05_00000000000000000209,0.6993825939549692,3.8237651926558054,522,5,Dry,2021,2021-05,"{""type"":""MultiPoint"",""coordinates"":[]}"
VHI_M_2021-05_0000000000000000000e,0.6425894720047199,3.430093098535048,15,5,Dry,2021,2021-05,"{""type"":""MultiPoint"",""coordinates"":[]}"
VHI_M_2021-05_00000000000000000124,0.719346838744004,4.001746419839329,293,5,Dry,2021,2021-05,"{""type"":""MultiPoint"",""coordinates"":[]}"
VHI_M_2021-05_00000000000000000125,13.701690586535642,3.7993929280432717,294,5,Dry,2021,2021-05,"{""type"":""MultiPoint"",""coordinates"":[]}"
VHI_M_2021-05_00000000000000000126,0.6139517451565594,3.1934172308014683,295,5,Dry,2021,2021-05,"{""type"":""MultiPoint"",""coordinates"":[]}"
VHI_M_2021-05_00000000000000000127,0.6701826654984936,3.6636639272859877,296,5,Dry,2021,2021-05,"{""type"":""MultiPoint"",""coordinates"":[]}"
VHI_M_2021-05_00000000000000000128,0.5623534282259814,3.0004430660168366,297,5,Dry,2021,2021-05,"{""type"":""MultiPoint"",""coordinates"":[]}"
VHI_M_2021-05_00000000000000000129,0.6173676806419598,3.1883433529489,298,5,Dry,2021,2021-05,"{""type"":""MultiPoint"",""coordinates"":[]}"
VHI_M_2021-05_0000000000000000012a,0.6052868685094808,3.2103758209800026,299,5,Dry,2021,2021-05,"{""type"":""MultiPoint"",""coordinates"":[]}"
VHI_M_2021-05_0000000000000000012b,0.6511552729674115,3.4628286585408,300,5,Dry,2021,2021-05,"{""type"":""MultiPoint"",""coordinates"":[]}"
VHI_M_2021-05_00000000000000000174,0.6346592941109201,3.3448000446827515,373,5,Dry,2021,2021-05,"{""type"":""MultiPoint"",""coordinates"":[]}"
VHI_M_2021-05_00000000000000000175,0.6127424030288482,3.189050048834812,374,5,Dry,2021,2021-05,"{""type"":""MultiPoint"",""coordinates"":[]}"
VHI_M_2021-05_00000000000000000176,0.646057389091028,3.43749389827199,375,5,Dry,2021,2021-05,"{""type"":""MultiPoint"",""coordinates"":[]}"
VHI_M_2021-05_00000000000000000177,0.6292701427076828,3.2623000040711623,376,5,Dry,2021,2021-05,"{""type"":""MultiPoint"",""coordinates"":[]}"
VHI_M_2021-05_00000000000000000195,0.6333858586944315,3.327907899960302,406,5,Dry,2021,2021-05,"{""type"":""MultiPoint"",""coordinates"":[]}"
VHI_M_2021-05_00000000000000000196,0.5997792441545647,3.157234123721862,407,5,Dry,2021,2021-05,"{""type"":""MultiPoint"",""coordinates"":[]}"
VHI_M_2021-05_00000000000000000197,3.374694090767919,3.3290194090899363,408,5,Dry,2021,2021-05,"{""type"":""MultiPoint"",""coordinates"":[]}"
VHI_M_2021-05_00000000000000000198,0.6317470626760194,3.3123350306557207,409,5,Dry,2021,2021-05,"{""type"":""MultiPoint"",""coordinates"":[]}"
VHI_M_2021-05_00000000000000000199,0.6431351535725615,3.431229135965836,410,5,Dry,2021,2021-05,"{""type"":""MultiPoint"",""coordinates"":[]}"
VHI_M_2021-05_00000000000000000035,0.728233781705629,4.003311258278146,54,5,Dry,2021,2021-05,"{""type"":""MultiPoint"",""coordinates"":[]}"
VHI_M_2021-05_000000000000000000ce,0.6021804260810925,3.1943799783486173,207,5,Dry,2021,2021-05,"{""type"":""MultiPoint"",""coordinates"":[]}"
VHI_M_2021-05_000000000000000000cf,0.5849855181007217,3.0570317563188607,208,5,Dry,2021,2021-05,"{""type"":""MultiPoint"",""coordinates"":[]}"
VHI_M_2021-05_000000000000000000d0,3.482496338285312,3.7549947670316612,209,5,Dry,2021,2021-05,"{""type"":""MultiPoint"",""coordinates"":[]}"
VHI_M_2021-05_000000000000000000d1,27.665947301981216,4.138898415908624,210,5,Dry,2021,2021-05,"{""type"":""MultiPoint"",""coordinates"":[]}"
VHI_M_2021-05_000000000000000001ea,0.7243179150087484,3.9904017006506005,491,5,Dry,2021,2021-05,"{""type"":""MultiPoint"",""coordinates"":[]}"
VHI_M_2021-05_000000000000000001eb,0.70944892986611,3.8985388301152772,492,5,Dry,2021,2021-05,"{""type"":""MultiPoint"",""coordinates"":[]}"
VHI_M_2021-05_000000000000000001ec,0.7467802275413402,4.1208520105741915,493,5,Dry,2021,2021-05,"{""type"":""MultiPoint"",""coordinates"":[]}"
VHI_M_2021-05_000000000000000001ed,0.7653837305201135,4.236959907944035,494,5,Dry,2021,2021-05,"{""type"":""MultiPoint"",""coordinates"":[]}"
VHI_M_2021-05_000000000000000001f4,9.115747454814953,3.8172779337219955,501,5,Dry,2021,2021-05,"{""type"":""MultiPoint"",""coordinates"":[]}"
VHI_M_2021-05_000000000000000001f5,0.6601210756557728,3.5747131926600244,502,5,Dry,2021,2021-05,"{""type"":""MultiPoint"",""coordinates"":[]}"
VHI_M_2021-05_000000000000000001f6,0.7588265797194059,4.1861122509460635,503,5,Dry,2021,2021-05,"{""type"":""MultiPoint"",""coordinates"":[]}"
VHI_M_2021-05_000000000000000001f7,50.42602403853218,4.328114083656915,504,5,Dry,2021,2021-05,"{""type"":""MultiPoint"",""coordinates"":[]}"
VHI_M_2021-05_000000000000000001f8,0.7305517066828656,4.0334047997786895,505,5,Dry,2021,2021-05,"{""type"":""MultiPoint"",""coordinates"":[]}"
VHI_M_2021-05_000000000000000001f9,0.6912611125976705,3.8133376270351653,506,5,Dry,2021,2021-05,"{""type"":""MultiPoint"",""coordinates"":[]}"
VHI_M_2021-05_000000000000000001fa,26.914768294800787,4.071241339719896,507,5,Dry,2021,2021-05,"{""type"":""MultiPoint"",""coordinates"":[]}"
VHI_M_2021-05_000000000000000001fb,8.175689726615731,4.510398480482991,508,5,Dry,2021,2021-05,"{""type"":""MultiPoint"",""coordinates"":[]}"
VHI_M_2021-05_000000000000000001fc,0.7253586378991316,3.91368047485946,509,5,Dry,2021,2021-05,"{""type"":""MultiPoint"",""coordinates"":[]}"
VHI_M_2021-05_000000000000000001fd,0.7284062897011833,4.025164227352938,510,5,Dry,2021,2021-05,"{""type"":""MultiPoint"",""coordinates"":[]}"
VHI_M_2021-05_00000000000000000049,0.7058561456729813,3.8576931944103565,74,5,Dry,2021,2021-05,"{""type"":""MultiPoint"",""coordinates"":[]}"
VHI_M_2021-05_0000000000000000004a,37.49075437760798,4.1606484722024115,75,5,Dry,2021,2021-05,"{""type"":""MultiPoint"",""coordinates"":[]}"
VHI_M_2021-05_000000000000000000fd,72.54814788825878,4.228526077097504,254,5,Dry,2021,2021-05,"{""type"":""MultiPoint"",""coordinates"":[]}"
VHI_M_2021-05_000000000000000000fe,6.165430656223293,4.306152009483896,255,5,Dry,2021,2021-05,"{""type"":""MultiPoint"",""coordinates"":[]}"
VHI_M_2021-05_00000000000000000191,0.6152812143701526,3.245694294940797,402,5,Dry,2021,2021-05,"{""type"":""MultiPoint"",""coordinates"":[]}"
VHI_M_2021-05_0000000000000000016e,20.400724998295416,4.408638826130261,367,5,Dry,2021,2021-05,"{""type"":""MultiPoint"",""coordinates"":[]}"
VHI_M_2021-05_0000000000000000016f,0.8062970133474676,4.467237100660781,368,5,Dry,2021,2021-05,"{""type"":""MultiPoint"",""coordinates"":[]}"
VHI_M_2021-05_00000000000000000170,0.7222068667470499,3.983349157787391,369,5,Dry,2021,2021-05,"{""type"":""MultiPoint"",""coordinates"":[]}"
VHI_M_2021-05_00000000000000000181,36.03498228332415,4.165102513678229,386,5,Dry,2021,2021-05,"{""type"":""MultiPoint"",""coordinates"":[]}"
VHI_M_2021-05_00000000000000000182,0.8488825405612588,4.611920019164261,387,5,Dry,2021,2021-05,"{""type"":""MultiPoint"",""coordinates"":[]}"
VHI_M_2021-05_00000000000000000228,0.7423440014900968,4.054172913543226,553,5,Dry,2021,2021-05,"{""type"":""MultiPoint"",""coordinates"":[]}"
VHI_M_2021-06_00000000000000000017,46.463868648940874,2.2560531390614957,24,6,Wet,2021,2021-06,"{""type"":""MultiPoint"",""coordinates"":[]}"
VHI_M_2021-06_00000000000000000018,232.37583730088346,4.65902206836867,25,6,Wet,2021,2021-06,"{""type"":""MultiPoint"",""coordinates"":[]}"
VHI_M_2021-06_00000000000000000019,30.03640872924181,2.106206180212932,26,6,Wet,2021,2021-06,"{""type"":""MultiPoint"",""coordinates"":[]}"
VHI_M_2021-06_0000000000000000001a,13.602676055799751,1.9392596632353942,27,6,Wet,2021,2021-06,"{""type"":""MultiPoint"",""coordinates"":[]}"
VHI_M_2021-06_0000000000000000005b,160.34078163184867,4.63018473335657,92,6,Wet,2021,2021-06,"{""type"":""MultiPoint"",""coordinates"":[]}"
VHI_M_2021-06_0000000000000000005c,60.14426555729208,1.9757854712827696,93,6,Wet,2021,2021-06,"{""type"":""MultiPoint"",""coordinates"":[]}"
VHI_M_2021-06_0000000000000000005d,254.0,5.0,94,6,Wet,2021,2021-06,"{""type"":""MultiPoint"",""coordinates"":[]}"
VHI_M_2021-06_0000000000000000005e,35.2578126580569,2.1947602570439937,95,6,Wet,2021,2021-06,"{""type"":""MultiPoint"",""coordinates"":[]}"
VHI_M_2021-06_0000000000000000005f,81.77601844604936,3.390468870099923,96,6,Wet,2021,2021-06,"{""type"":""MultiPoint"",""coordinates"":[]}"
VHI_M_2021-06_000000000000000000b6,0.5989624807699534,3.083460949464013,183,6,Wet,2021,2021-06,"{""type"":""MultiPoint"",""coordinates"":[]}"
VHI_M_2021-06_000000000000000000b7,0.5307020908439559,2.8741302972802023,184,6,Wet,2021,2021-06,"{""type"":""MultiPoint"",""coordinates"":[]}"
VHI_M_2021-06_000000000000000000b8,0.4004461005551665,1.9888475836431228,185,6,Wet,2021,2021-06,"{""type"":""MultiPoint"",""coordinates"":[]}"
VHI_M_2021-06_000000000000000000b9,39.43215710793176,3.3628017411950926,186,6,Wet,2021,2021-06,"{""type"":""MultiPoint"",""coordinates"":[]}"
VHI_M_2021-06_000000000000000000ba,0.6614159906228384,3.5045333333333333,187,6,Wet,2021,2021-06,"{""type"":""MultiPoint"",""coordinates"":[]}"
VHI_M_2021-06_000000000000000000bb,0.46243069160102623,2.2168316831683166,188,6,Wet,2021,2021-06,"{""type"":""MultiPoint"",""coordinates"":[]}"
VHI_M_2021-06_000000000000000001a0,34.37889754972042,4.845493562231759,417,6,Wet,2021,2021-06,"{""type"":""MultiPoint"",""coordinates"":[]}"
VHI_M_2021-06_000000000000000001a1,0.5813523959045337,3.036807965002263,418,6,Wet,2021,2021-06,"{""type"":""MultiPoint"",""coordinates"":[]}"
VHI_M_2021-06_000000000000000001a2,19.73309350125034,3.64690519717942,419,6,Wet,2021,2021-06,"{""type"":""MultiPoint"",""coordinates"":[]}"
VHI_M_2021-06_000000000000000001a3,0.4570100472377244,2.117942654448714,420,6,Wet,2021,2021-06,"{""type"":""MultiPoint"",""coordinates"":[]}"
VHI_M_2021-06_000000000000000001cb,41.29010668930723,2.180431177446103,460,6,Wet,2021,2021-06,"{""type"":""MultiPoint"",""coordinates"":[]}"
VHI_M_2021-06_000000000000000001cc,79.90218461604202,3.3569230769230782,461,6,Wet,2021,2021-06,"{""type"":""MultiPoint"",""coordinates"":[]}"
VHI_M_2021-06_0000000000000000021b,0.5710103021625388,2.935649935649936,540,6,Wet,2021,2021-06,"{""type"":""MultiPoint"",""coordinates"":[]}"
VHI_M_2021-06_0000000000000000021c,0.6645543401655943,3.571739130434782,541,6,Wet,2021,2021-06,"{""type"":""MultiPoint"",""coordinates"":[]}"
VHI_M_2021-06_0000000000000000021d,24.997375054128113,3.2487618190004515,542,6,Wet,2021,2021-06,"{""type"":""MultiPoint"",""coordinates"":[]}"
VHI_M_2021-06_000000000000000000bf,0.7613516047230238,4.224459358687547,192,6,Wet,2021,2021-06,"{""type"":""MultiPoint"",""coordinates"":[]}"
VHI_M_2021-06_000000000000000000c0,0.7280460593157853,3.996105655265832,193,6,Wet,2021,2021-06,"{""type"":""MultiPoint"",""coordinates"":[]}"
VHI_M_2021-06_0000000000000000010a,0.6463599938650518,3.4883209672987077,267,6,Wet,2021,2021-06,"{""type"":""MultiPoint"",""coordinates"":[]}"
VHI_M_2021-06_0000000000000000010b,56.694699036456306,4.047699146942209,268,6,Wet,2021,2021-06,"{""type"":""MultiPoint"",""coordinates"":[]}"
VHI_M_2021-06_00000000000000000226,3.1333469623426877,3.504940832011712,551,6,Wet,2021,2021-06,"{""type"":""MultiPoint"",""coordinates"":[]}"
VHI_M_2021-06_00000000000000000227,0.7581984383889756,4.166666666666666,552,6,Wet,2021,2021-06,"{""type"":""MultiPoint"",""coordinates"":[]}"
VHI_M_2021-06_000000000000000001a4,0.5395087064684031,2.875621890547264,421,6,Wet,2021,2021-06,"{""type"":""MultiPoint"",""coordinates"":[]}"
VHI_M_2021-06_000000000000000001a5,0.533333335694202,2.632436837815811,422,6,Wet,2021,2021-06,"{""type"":""MultiPoint"",""coordinates"":[]}"
VHI_M_2021-06_000000000000000001a6,0.41271788432115647,2.0,423,6,Wet,2021,2021-06,"{""type"":""MultiPoint"",""coordinates"":[]}"
VHI_M_2021-06_000000000000000001a7,0.478573537486441,2.4536764705882352,424,6,Wet,2021,2021-06,"{""type"":""MultiPoint"",""coordinates"":[]}"
VHI_M_2021-06_000000000000000001a8,0.4789534849884169,2.5018359853121175,425,6,Wet,2021,2021-06,"{""type"":""MultiPoint"",""coordinates"":[]}"
VHI_M_2021-06_000000000000000001a9,0.39323436676058915,2.0109375,426,6,Wet,2021,2021-06,"{""type"":""MultiPoint"",""coordinates"":[]}"
VHI_M_2021-06_000000000000000001aa,0.39153046460437735,1.8058573452999525,427,6,Wet,2021,2021-06,"{""type"":""MultiPoint"",""coordinates"":[]}"
VHI_M_2021-06_000000000000000001fe,0.6776092378204776,3.6181323662738,511,6,Wet,2021,2021-06,"{""type"":""MultiPoint"",""coordinates"":[]}"
VHI_M_2021-06_000000000000000001ff,62.00005110689021,4.06388415672913,512,6,Wet,2021,2021-06,"{""type"":""MultiPoint"",""coordinates"":[]}"
VHI_M_2021-06_00000000000000000200,0.4836424787083589,2.1293153891164422,513,6,Wet,2021,2021-06,"{""type"":""MultiPoint"",""coordinates"":[]}"
VHI_M_2021-06_00000000000000000201,101.94870321478538,4.0324196099103835,514,6,Wet,2021,2021-06,"{""type"":""MultiPoint"",""coordinates"":[]}"
VHI_M_2021-06_00000000000000000202,0.5867872547990387,3.1024978466838933,515,6,Wet,2021,2021-06,"{""type"":""MultiPoint"",""coordinates"":[]}"
VHI_M_2021-06_00000000000000000002,18.747593810324453,3.4696071977177967,3,6,Wet,2021,2021-06,"{""type"":""MultiPoint"",""coordinates"":[]}"
VHI_M_2021-06_0000000000000000000d,17.218251215686916,3.6178559057845514,14,6,Wet,2021,2021-06,"{""type"":""MultiPoint"",""coordinates"":[]}"
VHI_M_2021-06_00000000000000000027,53.58811883437666,3.7183078927773647,40,6,Wet,2021,2021-06,"{""type"":""MultiPoint"",""coordinates"":[]}"
VHI_M_2021-06_00000000000000000070,0.661359520768166,3.5495982903670837,113,6,Wet,2021,2021-06,"{""type"":""MultiPoint"",""coordinates"":[]}"
VHI_M_2021-06_00000000000000000071,0.6350810266969321,3.4024330026484715,114,6,Wet,2021,2021-06,"{""type"":""MultiPoint"",""coordinates"":[]}"
VHI_M_2021-06_000000000000000001b0,56.08202792489817,3.494648788288843,433,6,Wet,2021,2021-06,"{""type"":""MultiPoint"",""coordinates"":[]}"
VHI_M_2021-06_000000000000000001b1,7.733541859479243,4.094672185872613,434,6,Wet,2021,2021-06,"{""type"":""MultiPoint"",""coordinates"":[]}"
VHI_M_2021-06_000000000000000001b2,91.14776405052994,4.357134370916003,435,6,Wet,2021,2021-06,"{""type"":""MultiPoint"",""coordinates"":[]}"
VHI_M_2021-06_000000000000000001cd,1.6156203304995607,4.372884891468398,462,6,Wet,2021,2021-06,"{""type"":""MultiPoint"",""coordinates"":[]}"
VHI_M_2021-06_000000000000000001ce,0.7109533104704565,3.8745308783367105,463,6,Wet,2021,2021-06,"{""type"":""MultiPoint"",""coordinates"":[]}"
VHI_M_2021-06_000000000000000001cf,22.470950770340128,3.8447753785058305,464,6,Wet,2021,2021-06,"{""type"":""MultiPoint"",""coordinates"":[]}"
VHI_M_2021-06_0000000000000000001c,0.7231003585173051,3.977178694607563,29,6,Wet,2021,2021-06,"{""type"":""MultiPoint"",""coordinates"":[]}"
VHI_M_2021-06_0000000000000000001d,0.7454727892681444,4.066769857433808,30,6,Wet,2021,2021-06,"{""type"":""MultiPoint"",""coordinates"":[]}"
VHI_M_2021-06_0000000000000000001e,0.7188647504143215,3.9266627131741147,31,6,Wet,2021,2021-06,"{""type"":""MultiPoint"",""coordinates"":[]}"
VHI_M_2021-06_00000000000000000026,0.6631747642109538,3.6991341991342,39,6,Wet,2021,2021-06,"{""type"":""MultiPoint"",""coordinates"":[]}"
VHI_M_2021-06_000000000000000000f9,0.6570951249416618,3.5085806568774944,250,6,Wet,2021,2021-06,"{""type"":""MultiPoint"",""coordinates"":[]}"
VHI_M_2021-06_000000000000000000fa,0.6778277517513903,3.6944407263641628,251,6,Wet,2021,2021-06,"{""type"":""MultiPoint"",""coordinates"":[]}"
VHI_M_2021-06_000000000000000000fb,0.7073539472785556,3.8609705399977194,252,6,Wet,2021,2021-06,"{""type"":""MultiPoint"",""coordinates"":[]}"
VHI_M_2021-06_000000000000000000fc,0.7059595151435328,3.879084406294708,253,6,Wet,2021,2021-06,"{""type"":""MultiPoint"",""coordinates"":[]}"
VHI_M_2021-06_00000000000000000163,0.6698525925220445,3.561612586439708,356,6,Wet,2021,2021-06,"{""type"":""MultiPoint"",""coordinates"":[]}"
VHI_M_2021-06_00000000000000000164,0.6754028594377,3.7022604354458464,357,6,Wet,2021,2021-06,"{""type"":""MultiPoint"",""coordinates"":[]}"
VHI_M_2021-06_00000000000000000165,0.6851250770126721,3.755980889782236,358,6,Wet,2021,2021-06,"{""type"":""MultiPoint"",""coordinates"":[]}"
VHI_M_2021-06_00000000000000000166,0.6824683524348927,3.7033077264935566,359,6,Wet,2021,2021-06,"{""type"":""MultiPoint"",""coordinates"":[]}"
VHI_M_2021-06_00000000000000000149,0.7515603877509027,4.198304030486507,330,6,Wet,2021,2021-06,"{""type"":""MultiPoint"",""coordinates"":[]}"
VHI_M_2021-06_0000000000000000014a,0.7522464437794723,4.175071442016461,331,6,Wet,2021,2021-06,"{""type"":""MultiPoint"",""coordinates"":[]}"
VHI_M_2021-06_0000000000000000014b,0.6607908928755347,3.475682406853959,332,6,Wet,2021,2021-06,"{""type"":""MultiPoint"",""coordinates"":[]}"
VHI_M_2021-06_0000000000000000014c,0.7102261406244987,3.883327216002936,333,6,Wet,2021,2021-06,"{""type"":""MultiPoint"",""coordinates"":[]}"
VHI_M_2021-06_0000000000000000014d,0.5867413282515241,3.1027088640518974,334,6,Wet,2021,2021-06,"{""type"":""MultiPoint"",""coordinates"":[]}"
VHI_M_2021-06_0000000000000000014e,0.7902691805432049,4.470403587443945,335,6,Wet,2021,2021-06,"{""type"":""MultiPoint"",""coordinates"":[]}"
VHI_M_2021-06_00000000000000000158,0.6878065773021592,3.7151452891106556,345,6,Wet,2021,2021-06,"{""type"":""MultiPoint"",""coordinates"":[]}"
VHI_M_2021-06_00000000000000000159,0.761169249796308,4.140232321893909,346,6,Wet,2021,2021-06,"{""type"":""MultiPoint"",""coordinates"":[]}"
VHI_M_2021-06_0000000000000000015a,0.6447926174027548,3.4503474275576567,347,6,Wet,2021,2021-06,"{""type"":""MultiPoint"",""coordinates"":[]}"
VHI_M_2021-06_0000000000000000015b,0.6911121436085419,3.7899880750852666,348,6,Wet,2021,2021-06,"{""type"":""MultiPoint"",""coordinates"":[]}"
VHI_M_2021-06_0000000000000000015c,0.6063771606992551,3.166267415451023,349,6,Wet,2021,2021-06,"{""type"":""MultiPoint"",""coordinates"":[]}"
VHI_M_2021-06_0000000000000000015d,0.7079757975476453,3.900765791606341,350,6,Wet,2021,2021-06,"{""type"":""MultiPoint"",""coordinates"":[]}"
VHI_M_2021-06_00000000000000000008,0.711793868636341,4.058446046006516,9,6,Wet,2021,2021-06,"{""type"":""MultiPoint"",""coordinates"":[]}"
VHI_M_2021-06_000000000000000000c2,0.6164031914282586,3.10117973629424,195,6,Wet,2021,2021-06,"{""type"":""MultiPoint"",""coordinates"":[]}"
VHI_M_2021-06_000000000000000000c3,0.6628781536681821,3.6166225650010393,196,6,Wet,2021,2021-06,"{""type"":""MultiPoint"",""coordinates"":[]}"
VHI_M_2021-06_000000000000000000c4,0.6893289714464385,3.733645169851381,197,6,Wet,2021,2021-06,"{""type"":""MultiPoint"",""coordinates"":[]}"
VHI_M_2021-06_000000000000000000c5,0.6676820002883757,3.535669846536705,198,6,Wet,2021,2021-06,"{""type"":""MultiPoint"",""coordinates"":[]}"
VHI_M_2021-06_000000000000000000c6,0.7305067342104427,3.992778370976549,199,6,Wet,2021,2021-06,"{""type"":""MultiPoint"",""coordinates"":[]}"
VHI_M_2021-06_000000000000000000c7,0.6510308180125611,3.509375260423901,200,6,Wet,2021,2021-06,"{""type"":""MultiPoint"",""coordinates"":[]}"
VHI_M_2021-06_000000000000000000c8,0.608275995520293,3.204151001699545,201,6,Wet,2021,2021-06,"{""type"":""MultiPoint"",""coordinates"":[]}"
VHI_M_2021-06_000000000000000000c9,0.6767965287960205,3.629982856140067,202,6,Wet,2021,2021-06,"{""type"":""MultiPoint"",""coordinates"":[]}"
VHI_M_2021-06_00000000000000000136,0.63893007966919,3.390855819502438,311,6,Wet,2021,2021-06,"{""type"":""MultiPoint"",""coordinates"":[]}"
VHI_M_2021-06_00000000000000000137,0.8225156517839093,4.726810214086694,312,6,Wet,2021,2021-06,"{""type"":""MultiPoint"",""coordinates"":[]}"
VHI_M_2021-06_00000000000000000138,0.7524518399450275,4.222822076358413,313,6,Wet,2021,2021-06,"{""type"":""MultiPoint"",""coordinates"":[]}"
VHI_M_2021-06_00000000000000000139,0.8140169393276295,4.643677135644773,314,6,Wet,2021,2021-06,"{""type"":""MultiPoint"",""coordinates"":[]}"
VHI_M_2021-06_0000000000000000013a,0.7778805762602922,4.382353951424105,315,6,Wet,2021,2021-06,"{""type"":""MultiPoint"",""coordinates"":[]}"
VHI_M_2021-06_000000000000000001ef,0.7094871851191279,3.9092632368924995,496,6,Wet,2021,2021-06,"{""type"":""MultiPoint"",""coordinates"":[]}"
VHI_M_2021-06_000000000000000001f0,0.6787729737528196,3.692984255198309,497,6,Wet,2021,2021-06,"{""type"":""MultiPoint"",""coordinates"":[]}"
VHI_M_2021-06_00000000000000000081,0.4060605324276845,1.9589394650398877,130,6,Wet,2021,2021-06,"{""type"":""MultiPoint"",""coordinates"":[]}"
VHI_M_2021-06_000000000000000000a0,0.6072086409325084,3.1702599113666317,161,6,Wet,2021,2021-06,"{""type"":""MultiPoint"",""coordinates"":[]}"
VHI_M_2021-06_000000000000000000a1,32.04509444634742,3.023605452777967,162,6,Wet,2021,2021-06,"{""type"":""MultiPoint"",""coordinates"":[]}"
VHI_M_2021-06_000000000000000000a2,8.779666215375878,3.539992437837227,163,6,Wet,2021,2021-06,"{""type"":""MultiPoint"",""coordinates"":[]}"
VHI_M_2021-06_000000000000000000a3,5.608980438182604,2.996464479428495,164,6,Wet,2021,2021-06,"{""type"":""MultiPoint"",""coordinates"":[]}"
VHI_M_2021-06_000000000000000000a4,78.03738273201482,3.725752896312728,165,6,Wet,2021,2021-06,"{""type"":""MultiPoint"",""coordinates"":[]}"
VHI_M_2021-06_0000000000000000014f,0.6259928775651372,3.277564050094132,336,6,Wet,2021,2021-06,"{""type"":""MultiPoint"",""coordinates"":[]}"
VHI_M_2021-06_00000000000000000150,0.7036686394200524,3.871724137931035,337,6,Wet,2021,2021-06,"{""type"":""MultiPoint"",""coordinates"":[]}"
VHI_M_2021-06_00000000000000000151,2.3539782916019623,3.943599984182847,338,6,Wet,2021,2021-06,"{""type"":""MultiPoint"",""coordinates"":[]}"
VHI_M_2021-06_00000000000000000152,0.6610341954754029,3.5402442357843085,339,6,Wet,2021,2021-06,"{""type"":""MultiPoint"",""coordinates"":[]}"
VHI_M_2021-06_00000000000000000153,0.6840518505499307,3.693664614424144,340,6,Wet,2021,2021-06,"{""type"":""MultiPoint"",""coordinates"":[]}"
VHI_M_2021-06_00000000000000000171,0.686703760890888,3.7063082389220336,370,6,Wet,2021,2021-06,"{""type"":""MultiPoint"",""coordinates"":[]}"
VHI_M_2021-06_00000000000000000172,0.6592478840543755,3.559090079995831,371,6,Wet,2021,2021-06,"{""type"":""MultiPoint"",""coordinates"":[]}"
VHI_M_2021-06_00000000000000000173,0.6584675433546384,3.533617055126881,372,6,Wet,2021,2021-06,"{""type"":""MultiPoint"",""coordinates"":[]}"
VHI_M_2021-06_000000000000000001f1,0.6918569541281078,3.779227737626063,498,6,Wet,2021,2021-06,"{""type"":""MultiPoint"",""coordinates"":[]}"
VHI_M_2021-06_000000000000000001f2,0.557094279124009,2.8453305113867096,499,6,Wet,2021,2021-06,"{""type"":""MultiPoint"",""coordinates"":[]}"
VHI_M_2021-06_000000000000000001f3,0.4722032326766138,2.3081824703548968,500,6,Wet,2021,2021-06,"{""type"":""MultiPoint"",""coordinates"":[]}"
VHI_M_2021-06_00000000000000000092,0.6762251723700086,3.6811999897742678,147,6,Wet,2021,2021-06,"{""type"":""MultiPoint"",""coordinates"":[]}"
VHI_M_2021-06_00000000000000000093,0.6239184146739284,3.353984403928309,148,6,Wet,2021,2021-06,"{""type"":""MultiPoint"",""coordinates"":[]}"
VHI_M_2021-06_00000000000000000094,0.8013506759180943,3.30477607951136,149,6,Wet,2021,2021-06,"{""type"":""MultiPoint"",""coordinates"":[]}"
VHI_M_2021-06_00000000000000000095,13.15017838799073,3.802265426175476,150,6,Wet,2021,2021-06,"{""type"":""MultiPoint"",""coordinates"":[]}"
VHI_M_2021-06_00000000000000000096,0.610931003625101,3.2172036207406793,151,6,Wet,2021,2021-06,"{""type"":""MultiPoint"",""coordinates"":[]}"
VHI_M_2021-06_00000000000000000097,0.7194819295223294,3.986216902430177,152,6,Wet,2021,2021-06,"{""type"":""MultiPoint"",""coordinates"":[]}"
VHI_M_2021-06_00000000000000000098,0.7698040272156567,4.2775423728813555,153,6,Wet,2021,2021-06,"{""type"":""MultiPoint"",""coordinates"":[]}"
VHI_M_2021-06_000000000000000000a9,0.6439226384495697,3.2005465629598486,170,6,Wet,2021,2021-06,"{""type"":""MultiPoint"",""coordinates"":[]}"
VHI_M_2021-06_0000000000000000017c,61.77015250965624,3.188940606725728,381,6,Wet,2021,2021-06,"{""type"":""MultiPoint"",""coordinates"":[]}"
VHI_M_2021-06_0000000000000000017d,38.929973177348195,3.140849660979818,382,6,Wet,2021,2021-06,"{""type"":""MultiPoint"",""coordinates"":[]}"
VHI_M_2021-06_0000000000000000017e,11.689632529095839,3.2091248816622087,383,6,Wet,2021,2021-06,"{""type"":""MultiPoint"",""coordinates"":[]}"
VHI_M_2021-06_000000000000000001ee,0.6770604527516109,3.5413247023465484,495,6,Wet,2021,2021-06,"{""type"":""MultiPoint"",""coordinates"":[]}"
VHI_M_2021-06_0000000000000000020d,0.5666365588594872,2.7795893187626692,526,6,Wet,2021,2021-06,"{""type"":""MultiPoint"",""coordinates"":[]}"
VHI_M_2021-06_0000000000000000020e,3.823724683155738,3.2196601030722594,527,6,Wet,2021,2021-06,"{""type"":""MultiPoint"",""coordinates"":[]}"
VHI_M_2021-06_0000000000000000020f,0.6277003494958799,3.36083491130355,528,6,Wet,2021,2021-06,"{""type"":""MultiPoint"",""coordinates"":[]}"
VHI_M_2021-06_00000000000000000210,0.558509422202675,2.924948618631675,529,6,Wet,2021,2021-06,"{""type"":""MultiPoint"",""coordinates"":[]}"
VHI_M_2021-06_00000000000000000211,11.869103904567474,2.845732211987719,530,6,Wet,2021,2021-06,"{""type"":""MultiPoint"",""coordinates"":[]}"
VHI_M_2021-06_00000000000000000058,0.6003004650750943,3.1606560862411777,89,6,Wet,2021,2021-06,"{""type"":""MultiPoint"",""coordinates"":[]}"
VHI_M_2021-06_00000000000000000059,0.6194327751928689,3.300612411223654,90,6,Wet,2021,2021-06,"{""type"":""MultiPoint"",""coordinates"":[]}"
VHI_M_2021-06_0000000000000000018b,0.5197315644951438,2.615207854606226,396,6,Wet,2021,2021-06,"{""type"":""MultiPoint"",""coordinates"":[]}"
VHI_M_2021-06_0000000000000000018c,0.6798366331187617,3.7154003411276575,397,6,Wet,2021,2021-06,"{""type"":""MultiPoint"",""coordinates"":[]}"
VHI_M_2021-06_0000000000000000018d,0.6387365682346421,3.42844378343479,398,6,Wet,2021,2021-06,"{""type"":""MultiPoint"",""coordinates"":[]}"
VHI_M_2021-06_0000000000000000018e,0.5930808676796103,3.136332628025019,399,6,Wet,2021,2021-06,"{""type"":""MultiPoint"",""coordinates"":[]}"
VHI_M_2021-06_00000000000000000036,0.5474515672061494,2.9966009517335146,55,6,Wet,2021,2021-06,"{""type"":""MultiPoint"",""coordinates"":[]}"
VHI_M_2021-06_000000000000000000db,0.5936739138811021,3.075881432519777,220,6,Wet,2021,2021-06,"{""type"":""MultiPoint"",""coordinates"":[]}"
VHI_M_2021-06_000000000000000000dc,0.6361568295021313,3.3785109801821114,221,6,Wet,2021,2021-06,"{""type"":""MultiPoint"",""coordinates"":[]}"
VHI_M_2021-06_000000000000000000dd,0.6205915121105469,3.337982988358926,222,6,Wet,2021,2021-06,"{""type"":""MultiPoint"",""coordinates"":[]}"
VHI_M_2021-06_00000000000000000102,0.6495304352398258,3.5231024058967226,259,6,Wet,2021,2021-06,"{""type"":""MultiPoint"",""coordinates"":[]}"
VHI_M_2021-06_00000000000000000103,0.599714482742564,3.1669684471716453,260,6,Wet,2021,2021-06,"{""type"":""MultiPoint"",""coordinates"":[]}"
VHI_M_2021-06_00000000000000000104,0.6121466550024212,3.211921360333442,261,6,Wet,2021,2021-06,"{""type"":""MultiPoint"",""coordinates"":[]}"
VHI_M_2021-06_00000000000000000105,0.5995867655111764,3.171767554479419,262,6,Wet,2021,2021-06,"{""type"":""MultiPoint"",""coordinates"":[]}"
VHI_M_2021-06_0000000000000000000a,0.6487382246822204,3.4098612827908257,11,6,Wet,2021,2021-06,"{""type"":""MultiPoint"",""coordinates"":[]}"
VHI_M_2021-06_000000000000000000b1,0.7302110023890329,4.017048639590252,178,6,Wet,2021,2021-06,"{""type"":""MultiPoint"",""coordinates"":[]}"
VHI_M_2021-06_000000000000000000b2,0.6988129394678352,3.7512396335138236,179,6,Wet,2021,2021-06,"{""type"":""MultiPoint"",""coordinates"":[]}"
VHI_M_2021-06_000000000000000000b3,0.6613348858302251,3.5713939314977265,180,6,Wet,2021,2021-06,"{""type"":""MultiPoint"",""coordinates"":[]}"
VHI_M_2021-06_000000000000000000ca,0.6352534144196764,3.308089097303632,203,6,Wet,2021,2021-06,"{""type"":""MultiPoint"",""coordinates"":[]}"
VHI_M_2021-06_000000000000000000d2,0.61308764826341,3.2297280811974676,211,6,Wet,2021,2021-06,"{""type"":""MultiPoint"",""coordinates"":[]}"
VHI_M_2021-06_000000000000000000d3,0.6417569257000066,3.4399699914951127,212,6,Wet,2021,2021-06,"{""type"":""MultiPoint"",""coordinates"":[]}"
VHI_M_2021-06_000000000000000000d4,0.6644106507113529,3.5839053247468358,213,6,Wet,2021,2021-06,"{""type"":""MultiPoint"",""coordinates"":[]}"
VHI_M_2021-06_000000000000000000d5,0.7125173915728666,3.879683262973658,214,6,Wet,2021,2021-06,"{""type"":""MultiPoint"",""coordinates"":[]}"
VHI_M_2021-06_000000000000000000bc,0.7380282011651795,4.102205051674361,189,6,Wet,2021,2021-06,"{""type"":""MultiPoint"",""coordinates"":[]}"
VHI_M_2021-06_000000000000000000bd,0.7193820371226033,3.9717229276909585,190,6,Wet,2021,2021-06,"{""type"":""MultiPoint"",""coordinates"":[]}"
VHI_M_2021-06_000000000000000000be,0.7379579167886288,4.0448425495417135,191,6,Wet,2021,2021-06,"{""type"":""MultiPoint"",""coordinates"":[]}"
VHI_M_2021-06_000000000000000000f1,0.8362222201902577,4.830272108843535,242,6,Wet,2021,2021-06,"{""type"":""MultiPoint"",""coordinates"":[]}"
VHI_M_2021-06_00000000000000000100,0.7577135491266636,4.229352141460427,257,6,Wet,2021,2021-06,"{""type"":""MultiPoint"",""coordinates"":[]}"
VHI_M_2021-06_00000000000000000101,0.7364767583066008,4.07919664251744,258,6,Wet,2021,2021-06,"{""type"":""MultiPoint"",""coordinates"":[]}"
VHI_M_2021-06_0000000000000000012f,0.8420534131907799,4.656065949456672,304,6,Wet,2021,2021-06,"{""type"":""MultiPoint"",""coordinates"":[]}"
VHI_M_2021-06_00000000000000000130,0.7684018764803193,4.30385926222935,305,6,Wet,2021,2021-06,"{""type"":""MultiPoint"",""coordinates"":[]}"
VHI_M_2021-06_00000000000000000131,0.7169723426631796,3.9390939384878103,306,6,Wet,2021,2021-06,"{""type"":""MultiPoint"",""coordinates"":[]}"
VHI_M_2021-06_00000000000000000065,0.8847440770773096,4.850381574063456,102,6,Wet,2021,2021-06,"{""type"":""MultiPoint"",""coordinates"":[]}"
VHI_M_2021-06_00000000000000000066,0.8414232313486122,4.70155152477435,103,6,Wet,2021,2021-06,"{""type"":""MultiPoint"",""coordinates"":[]}"
VHI_M_2021-06_00000000000000000067,0.8598190622080494,4.8901120209418165,104,6,Wet,2021,2021-06,"{""type"":""MultiPoint"",""coordinates"":[]}"
VHI_M_2021-06_00000000000000000068,0.8329709181707664,4.603541950585645,105,6,Wet,2021,2021-06,"{""type"":""MultiPoint"",""coordinates"":[]}"
VHI_M_2021-06_00000000000000000109,0.8443953231635802,4.700617385849649,266,6,Wet,2021,2021-06,"{""type"":""MultiPoint"",""coordinates"":[]}"
VHI_M_2021-06_000000000000000001c1,0.8404030632658049,4.657934263349116,450,6,Wet,2021,2021-06,"{""type"":""MultiPoint"",""coordinates"":[]}"
VHI_M_2021-06_000000000000000001c2,0.7814450192991689,4.342720461986984,451,6,Wet,2021,2021-06,"{""type"":""MultiPoint"",""coordinates"":[]}"
VHI_M_2021-06_00000000000000000113,0.6491121474762025,3.319956019791094,276,6,Wet,2021,2021-06,"{""type"":""MultiPoint"",""coordinates"":[]}"
VHI_M_2021-06_00000000000000000114,0.6870246467516068,3.8091490850914878,277,6,Wet,2021,2021-06,"{""type"":""MultiPoint"",""coordinates"":[]}"
VHI_M_2021-06_00000000000000000115,0.6148793681303091,3.2201390405942005,278,6,Wet,2021,2021-06,"{""type"":""MultiPoint"",""coordinates"":[]}"
VHI_M_2021-06_00000000000000000116,0.621318860024409,3.281138860349325,279,6,Wet,2021,2021-06,"{""type"":""MultiPoint"",""coordinates"":[]}"
VHI_M_2021-06_00000000000000000117,0.6313360997499335,3.3571037524831446,280,6,Wet,2021,2021-06,"{""type"":""MultiPoint"",""coordinates"":[]}"
VHI_M_2021-06_00000000000000000167,0.658623054776411,3.2963943102877944,360,6,Wet,2021,2021-06,"{""type"":""MultiPoint"",""coordinates"":[]}"
VHI_M_2021-06_00000000000000000168,0.6272260476273749,3.289212974603972,361,6,Wet,2021,2021-06,"{""type"":""MultiPoint"",""coordinates"":[]}"
VHI_M_2021-06_00000000000000000169,0.6024033020776541,3.151003722566059,362,6,Wet,2021,2021-06,"{""type"":""MultiPoint"",""coordinates"":[]}"
VHI_M_2021-06_0000000000000000016a,0.714381730702625,3.9574872328581456,363,6,Wet,2021,2021-06,"{""type"":""MultiPoint"",""coordinates"":[]}"
VHI_M_2021-06_0000000000000000016b,0.6288371304161533,3.3086148234428636,364,6,Wet,2021,2021-06,"{""type"":""MultiPoint"",""coordinates"":[]}"
VHI_M_2021-06_0000000000000000016c,0.7334124216762342,4.094832697634493,365,6,Wet,2021,2021-06,"{""type"":""MultiPoint"",""coordinates"":[]}"
VHI_M_2021-06_0000000000000000016d,0.5623322867111085,2.9701459215202983,366,6,Wet,2021,2021-06,"{""type"":""MultiPoint"",""coordinates"":[]}"
VHI_M_2021-06_000000000000000000cb,0.6276975689170424,3.2766014330018187,204,6,Wet,2021,2021-06,"{""type"":""MultiPoint"",""coordinates"":[]}"
VHI_M_2021-06_000000000000000000eb,15.459720124376602,3.3370559614003192,236,6,Wet,2021,2021-06,"{""type"":""MultiPoint"",""coordinates"":[]}"
VHI_M_2021-06_000000000000000000ec,0.5692844572063629,2.9878216673424562,237,6,Wet,2021,2021-06,"{""type"":""MultiPoint"",""coordinates"":[]}"
VHI_M_2021-06_000000000000000000ed,0.6143832420373635,3.2496659115023987,238,6,Wet,2021,2021-06,"{""type"":""MultiPoint"",""coordinates"":[]}"
VHI_M_2021-06_000000000000000000ee,0.5094222260105182,2.411525423728813,239,6,Wet,2021,2021-06,"{""type"":""MultiPoint"",""coordinates"":[]}"
VHI_M_2021-06_000000000000000000ef,0.5950832925043607,3.155863976040799,240,6,Wet,2021,2021-06,"{""type"":""MultiPoint"",""coordinates"":[]}"
VHI_M_2021-06_00000000000000000146,0.599898205572797,3.1847272993510014,327,6,Wet,2021,2021-06,"{""type"":""MultiPoint"",""coordinates"":[]}"
VHI_M_2021-06_00000000000000000147,8.620088923152522,3.540955270101594,328,6,Wet,2021,2021-06,"{""type"":""MultiPoint"",""coordinates"":[]}"
VHI_M_2021-06_00000000000000000148,0.5516354878535665,2.8689483161223417,329,6,Wet,2021,2021-06,"{""type"":""MultiPoint"",""coordinates"":[]}"
VHI_M_2021-06_0000000000000000015e,0.6708161491189952,3.6458054030572855,351,6,Wet,2021,2021-06,"{""type"":""MultiPoint"",""coordinates"":[]}"
VHI_M_2021-06_0000000000000000015f,0.6569612244476153,3.5156652275517897,352,6,Wet,2021,2021-06,"{""type"":""MultiPoint"",""coordinates"":[]}"
VHI_M_2021-06_00000000000000000160,0.7209727543340855,3.974833777315747,353,6,Wet,2021,2021-06,"{""type"":""MultiPoint"",""coordinates"":[]}"
VHI_M_2021-06_00000000000000000161,0.6923169295130934,3.8448975234842018,354,6,Wet,2021,2021-06,"{""type"":""MultiPoint"",""coordinates"":[]}"
VHI_M_2021-06_00000000000000000162,4.525067131665959,3.1437546290702993,355,6,Wet,2021,2021-06,"{""type"":""MultiPoint"",""coordinates"":[]}"
VHI_M_2021-06_00000000000000000010,0.47705820032621693,2.465194781498039,17,6,Wet,2021,2021-06,"{""type"":""MultiPoint"",""coordinates"":[]}"
VHI_M_2021-06_00000000000000000121,0.6346212203487648,3.3530291109362698,290,6,Wet,2021,2021-06,"{""type"":""MultiPoint"",""coordinates"":[]}"
VHI_M_2021-06_00000000000000000122,0.7189714210374823,3.084994659356579,291,6,Wet,2021,2021-06,"{""type"":""MultiPoint"",""coordinates"":[]}"
VHI_M_2021-06_00000000000000000123,0.6721898733431133,3.6246643265913683,292,6,Wet,2021,2021-06,"{""type"":""MultiPoint"",""coordinates"":[]}"
VHI_M_2021-06_0000000000000000019a,0.5382248662509536,2.8074801649744106,411,6,Wet,2021,2021-06,"{""type"":""MultiPoint"",""coordinates"":[]}"
VHI_M_2021-06_0000000000000000019b,0.5799202568497044,3.034796578890667,412,6,Wet,2021,2021-06,"{""type"":""MultiPoint"",""coordinates"":[]}"
VHI_M_2021-06_0000000000000000019c,0.4954470879859731,2.535990619975505,413,6,Wet,2021,2021-06,"{""type"":""MultiPoint"",""coordinates"":[]}"
VHI_M_2021-06_0000000000000000019d,0.5971659254914886,3.2154278052459553,414,6,Wet,2021,2021-06,"{""type"":""MultiPoint"",""coordinates"":[]}"
VHI_M_2021-06_0000000000000000019e,4.149875296305854,2.6260230804020868,415,6,Wet,2021,2021-06,"{""type"":""MultiPoint"",""coordinates"":[]}"
VHI_M_2021-06_0000000000000000019f,0.5141968646680186,2.6315555936135278,416,6,Wet,2021,2021-06,"{""type"":""MultiPoint"",""coordinates"":[]}"
VHI_M_2021-06_00000000000000000216,0.4410831856538164,2.164747851467488,535,6,Wet,2021,2021-06,"{""type"":""MultiPoint"",""coordinates"":[]}"
VHI_M_2021-06_00000000000000000217,0.6057278697333901,2.8657515902243045,536,6,Wet,2021,2021-06,"{""type"":""MultiPoint"",""coordinates"":[]}"
VHI_M_2021-06_00000000000000000218,0.5436234758829434,2.7839265938933715,537,6,Wet,2021,2021-06,"{""type"":""MultiPoint"",""coordinates"":[]}"
VHI_M_2021-06_00000000000000000219,0.5514452825328247,2.920732464713689,538,6,Wet,2021,2021-06,"{""type"":""MultiPoint"",""coordinates"":[]}"
VHI_M_2021-06_0000000000000000021a,8.419896464635253,3.161114916486646,539,6,Wet,2021,2021-06,"{""type"":""MultiPoint"",""coordinates"":[]}"
VHI_M_2021-06_00000000000000000004,0.5749703853005276,3.0291889736872073,5,6,Wet,2021,2021-06,"{""type"":""MultiPoint"",""coordinates"":[]}"
VHI_M_2021-06_00000000000000000028,0.5645846141598597,2.9608036099387967,41,6,Wet,2021,2021-06,"{""type"":""MultiPoint"",""coordinates"":[]}"
VHI_M_2021-06_00000000000000000029,0.588442375133467,3.0937749628042366,42,6,Wet,2021,2021-06,"{""type"":""MultiPoint"",""coordinates"":[]}"
VHI_M_2021-06_0000000000000000002a,0.7573653639314302,4.201805628681838,43,6,Wet,2021,2021-06,"{""type"":""MultiPoint"",""coordinates"":[]}"
VHI_M_2021-06_0000000000000000002b,0.6410546119210683,3.433791760937854,44,6,Wet,2021,2021-06,"{""type"":""MultiPoint"",""coordinates"":[]}"
VHI_M_2021-06_000000000000000000a7,0.5431900911607536,2.7905858816804834,168,6,Wet,2021,2021-06,"{""type"":""MultiPoint"",""coordinates"":[]}"
VHI_M_2021-06_000000000000000000a8,0.5313302639690004,2.7012628351744605,169,6,Wet,2021,2021-06,"{""type"":""MultiPoint"",""coordinates"":[]}"
VHI_M_2021-06_0000000000000000000c,0.7996893518210474,4.430978804693897,13,6,Wet,2021,2021-06,"{""type"":""MultiPoint"",""coordinates"":[]}"
VHI_M_2021-06_00000000000000000060,0.5918260482781172,3.1077096592282287,97,6,Wet,2021,2021-06,"{""type"":""MultiPoint"",""coordinates"":[]}"
VHI_M_2021-06_00000000000000000061,0.6412452825216524,3.4809963576547993,98,6,Wet,2021,2021-06,"{""type"":""MultiPoint"",""coordinates"":[]}"
VHI_M_2021-06_00000000000000000062,0.7950772291878058,4.48838491204604,99,6,Wet,2021,2021-06,"{""type"":""MultiPoint"",""coordinates"":[]}"
VHI_M_2021-06_00000000000000000063,0.7641075183941967,4.238113433700289,100,6,Wet,2021,2021-06,"{""type"":""MultiPoint"",""coordinates"":[]}"
VHI_M_2021-06_00000000000000000064,0.7627031297896326,4.259627785736888,101,6,Wet,2021,2021-06,"{""type"":""MultiPoint"",""coordinates"":[]}"
VHI_M_2021-06_00000000000000000011,0.5466894966888287,2.8513698208459033,18,6,Wet,2021,2021-06,"{""type"":""MultiPoint"",""coordinates"":[]}"
VHI_M_2021-06_00000000000000000033,0.610386836125208,3.2547098254179936,52,6,Wet,2021,2021-06,"{""type"":""MultiPoint"",""coordinates"":[]}"
VHI_M_2021-06_00000000000000000034,0.6320754857868024,3.3921643210346137,53,6,Wet,2021,2021-06,"{""type"":""MultiPoint"",""coordinates"":[]}"
VHI_M_2021-06_000000000000000001b3,0.7185925828456552,3.96681346180371,436,6,Wet,2021,2021-06,"{""type"":""MultiPoint"",""coordinates"":[]}"
VHI_M_2021-06_000000000000000001b4,0.6716090513329037,3.628190562750888,437,6,Wet,2021,2021-06,"{""type"":""MultiPoint"",""coordinates"":[]}"
VHI_M_2021-06_000000000000000001b5,0.7073474387297346,3.8689325711319,438,6,Wet,2021,2021-06,"{""type"":""MultiPoint"",""coordinates"":[]}"
VHI_M_2021-06_00000000000000000005,0.7550521217617584,4.128815753611338,6,6,Wet,2021,2021-06,"{""type"":""MultiPoint"",""coordinates"":[]}"
VHI_M_2021-06_00000000000000000082,0.8103173314213434,4.56180472724617,131,6,Wet,2021,2021-06,"{""type"":""MultiPoint"",""coordinates"":[]}"
VHI_M_2021-06_00000000000000000083,0.8918036584143006,4.8604370078611865,132,6,Wet,2021,2021-06,"{""type"":""MultiPoint"",""coordinates"":[]}"
VHI_M_2021-06_00000000000000000084,0.7671223656527522,4.2562799325110285,133,6,Wet,2021,2021-06,"{""type"":""MultiPoint"",""coordinates"":[]}"
VHI_M_2021-06_00000000000000000085,0.9604532268385845,5.0,134,6,Wet,2021,2021-06,"{""type"":""MultiPoint"",""coordinates"":[]}"
VHI_M_2021-06_00000000000000000086,0.7535232509646392,4.213463113548641,135,6,Wet,2021,2021-06,"{""type"":""MultiPoint"",""coordinates"":[]}"
VHI_M_2021-06_00000000000000000087,0.8005324649174005,4.548425633586484,136,6,Wet,2021,2021-06,"{""type"":""MultiPoint"",""coordinates"":[]}"
VHI_M_2021-06_0000000000000000010c,0.8538253497787301,4.752374214977305,269,6,Wet,2021,2021-06,"{""type"":""MultiPoint"",""coordinates"":[]}"
VHI_M_2021-06_0000000000000000010d,0.8205444075660554,4.4589433704068355,270,6,Wet,2021,2021-06,"{""type"":""MultiPoint"",""coordinates"":[]}"
VHI_M_2021-06_0000000000000000010e,0.7636607327038424,4.192175564806208,271,6,Wet,2021,2021-06,"{""type"":""MultiPoint"",""coordinates"":[]}"
VHI_M_2021-06_0000000000000000010f,0.7801868440958092,4.305735290665232,272,6,Wet,2021,2021-06,"{""type"":""MultiPoint"",""coordinates"":[]}"
VHI_M_2021-06_00000000000000000110,0.6761999909976573,3.6306924736379695,273,6,Wet,2021,2021-06,"{""type"":""MultiPoint"",""coordinates"":[]}"
VHI_M_2021-06_00000000000000000111,0.6352518983555911,3.4120656396008884,274,6,Wet,2021,2021-06,"{""type"":""MultiPoint"",""coordinates"":[]}"
VHI_M_2021-06_000000000000000001d0,0.7772950123580087,4.3224003817704615,465,6,Wet,2021,2021-06,"{""type"":""MultiPoint"",""coordinates"":[]}"
VHI_M_2021-06_000000000000000001d1,0.7877924751784929,4.3882119809811035,466,6,Wet,2021,2021-06,"{""type"":""MultiPoint"",""coordinates"":[]}"
VHI_M_2021-06_00000000000000000009,0.6560026620140961,3.5198816303185527,10,6,Wet,2021,2021-06,"{""type"":""MultiPoint"",""coordinates"":[]}"
VHI_M_2021-06_0000000000000000009e,0.7128682943546297,3.9211102977354844,159,6,Wet,2021,2021-06,"{""type"":""MultiPoint"",""coordinates"":[]}"
VHI_M_2021-06_0000000000000000009f,0.8060752263405535,4.496073744508611,160,6,Wet,2021,2021-06,"{""type"":""MultiPoint"",""coordinates"":[]}"
VHI_M_2021-06_00000000000000000154,0.8156584162962586,4.626525130356098,341,6,Wet,2021,2021-06,"{""type"":""MultiPoint"",""coordinates"":[]}"
VHI_M_2021-06_00000000000000000155,0.5937791363535831,3.1304397452639874,342,6,Wet,2021,2021-06,"{""type"":""MultiPoint"",""coordinates"":[]}"
VHI_M_2021-06_00000000000000000156,0.7621981697878363,4.266334286653285,343,6,Wet,2021,2021-06,"{""type"":""MultiPoint"",""coordinates"":[]}"
VHI_M_2021-06_00000000000000000157,0.7302164507413795,4.026416668346878,344,6,Wet,2021,2021-06,"{""type"":""MultiPoint"",""coordinates"":[]}"
VHI_M_2021-06_00000000000000000178,0.7529021978236068,4.142587440074032,377,6,Wet,2021,2021-06,"{""type"":""MultiPoint"",""coordinates"":[]}"
VHI_M_2021-06_00000000000000000179,0.5375773371992839,2.7441917610117357,378,6,Wet,2021,2021-06,"{""type"":""MultiPoint"",""coordinates"":[]}"
VHI_M_2021-06_0000000000000000017a,0.7077207093007105,3.8486988254753562,379,6,Wet,2021,2021-06,"{""type"":""MultiPoint"",""coordinates"":[]}"
VHI_M_2021-06_0000000000000000017b,0.396120366730803,1.8613641068101843,380,6,Wet,2021,2021-06,"{""type"":""MultiPoint"",""coordinates"":[]}"
VHI_M_2021-06_0000000000000000000f,0.7463382118837434,4.1843093093093096,16,6,Wet,2021,2021-06,"{""type"":""MultiPoint"",""coordinates"":[]}"
VHI_M_2021-06_00000000000000000040,0.7271290558027732,3.981389046080764,65,6,Wet,2021,2021-06,"{""type"":""MultiPoint"",""coordinates"":[]}"
VHI_M_2021-06_00000000000000000041,0.657590935246142,3.5268726660033654,66,6,Wet,2021,2021-06,"{""type"":""MultiPoint"",""coordinates"":[]}"
VHI_M_2021-06_00000000000000000042,0.7843769445281523,4.322330529169181,67,6,Wet,2021,2021-06,"{""type"":""MultiPoint"",""coordinates"":[]}"
VHI_M_2021-06_00000000000000000043,0.8106775570226358,4.510851788921526,68,6,Wet,2021,2021-06,"{""type"":""MultiPoint"",""coordinates"":[]}"
VHI_M_2021-06_00000000000000000192,0.6171100053894563,3.254573856451969,403,6,Wet,2021,2021-06,"{""type"":""MultiPoint"",""coordinates"":[]}"
VHI_M_2021-06_00000000000000000193,0.570773635061022,2.967633213715324,404,6,Wet,2021,2021-06,"{""type"":""MultiPoint"",""coordinates"":[]}"
VHI_M_2021-06_00000000000000000194,0.48925594841301123,2.4960094240606505,405,6,Wet,2021,2021-06,"{""type"":""MultiPoint"",""coordinates"":[]}"
VHI_M_2021-06_000000000000000001d2,0.6678133069353736,3.571825548343303,467,6,Wet,2021,2021-06,"{""type"":""MultiPoint"",""coordinates"":[]}"
VHI_M_2021-06_000000000000000001d3,0.6676937726490754,3.6548807216476162,468,6,Wet,2021,2021-06,"{""type"":""MultiPoint"",""coordinates"":[]}"
VHI_M_2021-06_000000000000000001d4,0.6127331969501227,3.240125260286354,469,6,Wet,2021,2021-06,"{""type"":""MultiPoint"",""coordinates"":[]}"
VHI_M_2021-06_000000000000000001d5,0.6911219809108001,3.749287148882907,470,6,Wet,2021,2021-06,"{""type"":""MultiPoint"",""coordinates"":[]}"
VHI_M_2021-06_000000000000000001d6,0.7343586705675316,3.994835980152743,471,6,Wet,2021,2021-06,"{""type"":""MultiPoint"",""coordinates"":[]}"
VHI_M_2021-06_000000000000000001d7,0.7061765895530866,3.8040963963862593,472,6,Wet,2021,2021-06,"{""type"":""MultiPoint"",""coordinates"":[]}"
VHI_M_2021-06_00000000000000000069,0.798433560988118,4.493207324276431,106,6,Wet,2021,2021-06,"{""type"":""MultiPoint"",""coordinates"":[]}"
VHI_M_2021-06_0000000000000000006a,0.7736869916900458,4.358488333147262,107,6,Wet,2021,2021-06,"{""type"":""MultiPoint"",""coordinates"":[]}"
VHI_M_2021-06_0000000000000000006b,0.7858161365743533,4.391059954412782,108,6,Wet,2021,2021-06,"{""type"":""MultiPoint"",""coordinates"":[]}"
VHI_M_2021-06_0000000000000000006c,0.6845178833955646,3.715104416174304,109,6,Wet,2021,2021-06,"{""type"":""MultiPoint"",""coordinates"":[]}"
VHI_M_2021-06_0000000000000000006d,0.785949906692999,4.419202449313207,110,6,Wet,2021,2021-06,"{""type"":""MultiPoint"",""coordinates"":[]}"
VHI_M_2021-06_0000000000000000006e,0.7170707535361469,3.967069642398698,111,6,Wet,2021,2021-06,"{""type"":""MultiPoint"",""coordinates"":[]}"
VHI_M_2021-06_0000000000000000006f,0.7442927743587183,4.15292452233329,112,6,Wet,2021,2021-06,"{""type"":""MultiPoint"",""coordinates"":[]}"
VHI_M_2021-06_000000000000000000d6,0.757246256678987,4.173414071510959,215,6,Wet,2021,2021-06,"{""type"":""MultiPoint"",""coordinates"":[]}"
VHI_M_2021-06_0000000000000000013b,0.6828518374905511,3.709909047391097,316,6,Wet,2021,2021-06,"{""type"":""MultiPoint"",""coordinates"":[]}"
VHI_M_2021-06_0000000000000000013c,0.7744218307209608,4.320277185575952,317,6,Wet,2021,2021-06,"{""type"":""MultiPoint"",""coordinates"":[]}"
VHI_M_2021-06_0000000000000000013d,0.7193490294923753,3.9789208299766665,318,6,Wet,2021,2021-06,"{""type"":""MultiPoint"",""coordinates"":[]}"
VHI_M_2021-06_0000000000000000013e,0.6577281490635332,3.5114935733363004,319,6,Wet,2021,2021-06,"{""type"":""MultiPoint"",""coordinates"":[]}"
VHI_M_2021-06_0000000000000000013f,0.657599835380389,3.5433046371070143,320,6,Wet,2021,2021-06,"{""type"":""MultiPoint"",""coordinates"":[]}"
VHI_M_2021-06_00000000000000000140,10.478451332620441,3.8548341233197,321,6,Wet,2021,2021-06,"{""type"":""MultiPoint"",""coordinates"":[]}"
VHI_M_2021-06_000000000000000001bc,0.5940542431975915,3.0567726804713407,445,6,Wet,2021,2021-06,"{""type"":""MultiPoint"",""coordinates"":[]}"
VHI_M_2021-06_000000000000000001bd,0.625228432058088,3.3224340956733274,446,6,Wet,2021,2021-06,"{""type"":""MultiPoint"",""coordinates"":[]}"
VHI_M_2021-06_000000000000000001be,0.711213442568172,3.9479589951976353,447,6,Wet,2021,2021-06,"{""type"":""MultiPoint"",""coordinates"":[]}"
VHI_M_2021-06_000000000000000001bf,0.7404037574058182,4.0861408979136575,448,6,Wet,2021,2021-06,"{""type"":""MultiPoint"",""coordinates"":[]}"
VHI_M_2021-06_000000000000000001c0,0.7303947295315204,4.049090749215948,449,6,Wet,2021,2021-06,"{""type"":""MultiPoint"",""coordinates"":[]}"
VHI_M_2021-06_00000000000000000006,0.5190820191920819,2.7456768170704575,7,6,Wet,2021,2021-06,"{""type"":""MultiPoint"",""coordinates"":[]}"
VHI_M_2021-06_0000000000000000002c,0.6582125627881114,3.5354727528422045,45,6,Wet,2021,2021-06,"{""type"":""MultiPoint"",""coordinates"":[]}"
VHI_M_2021-06_0000000000000000002d,0.8387455963011814,4.735581419308263,46,6,Wet,2021,2021-06,"{""type"":""MultiPoint"",""coordinates"":[]}"
VHI_M_2021-06_0000000000000000002e,0.6929454842454977,3.773052413406136,47,6,Wet,2021,2021-06,"{""type"":""MultiPoint"",""coordinates"":[]}"
VHI_M_2021-06_0000000000000000002f,0.8971880626577206,4.893746536237101,48,6,Wet,2021,2021-06,"{""type"":""MultiPoint"",""coordinates"":[]}"
VHI_M_2021-06_0000000000000000009b,0.5637918457508442,2.945851304691257,156,6,Wet,2021,2021-06,"{""type"":""MultiPoint"",""coordinates"":[]}"
VHI_M_2021-06_0000000000000000009c,0.7039107619030999,3.8476944953052437,157,6,Wet,2021,2021-06,"{""type"":""MultiPoint"",""coordinates"":[]}"
VHI_M_2021-06_0000000000000000009d,0.5315779099773039,2.7284632965520643,158,6,Wet,2021,2021-06,"{""type"":""MultiPoint"",""coordinates"":[]}"
VHI_M_2021-06_000000000000000001b6,0.5532169655019955,3.0,439,6,Wet,2021,2021-06,"{""type"":""MultiPoint"",""coordinates"":[]}"
VHI_M_2021-06_000000000000000001b7,0.6173299240053773,3.295739252699154,440,6,Wet,2021,2021-06,"{""type"":""MultiPoint"",""coordinates"":[]}"
VHI_M_2021-06_000000000000000001b8,0.5750875658090229,3.035283362411751,441,6,Wet,2021,2021-06,"{""type"":""MultiPoint"",""coordinates"":[]}"
VHI_M_2021-06_000000000000000001b9,0.7258820868685468,3.9995273954218287,442,6,Wet,2021,2021-06,"{""type"":""MultiPoint"",""coordinates"":[]}"
VHI_M_2021-06_000000000000000001ba,0.5794713004699195,3.055521720151295,443,6,Wet,2021,2021-06,"{""type"":""MultiPoint"",""coordinates"":[]}"
VHI_M_2021-06_000000000000000001bb,0.5472535449223173,2.878677628064766,444,6,Wet,2021,2021-06,"{""type"":""MultiPoint"",""coordinates"":[]}"
VHI_M_2021-06_00000000000000000221,0.4407604438142284,2.0,546,6,Wet,2021,2021-06,"{""type"":""MultiPoint"",""coordinates"":[]}"
VHI_M_2021-06_00000000000000000222,0.48969241939918556,2.4152762949849325,547,6,Wet,2021,2021-06,"{""type"":""MultiPoint"",""coordinates"":[]}"
VHI_M_2021-06_00000000000000000223,0.6774028072744456,3.6797787570737084,548,6,Wet,2021,2021-06,"{""type"":""MultiPoint"",""coordinates"":[]}"
VHI_M_2021-06_00000000000000000224,0.783288113396267,4.347522782862834,549,6,Wet,2021,2021-06,"{""type"":""MultiPoint"",""coordinates"":[]}"
VHI_M_2021-06_00000000000000000225,0.459044190383191,2.2419291929192924,550,6,Wet,2021,2021-06,"{""type"":""MultiPoint"",""coordinates"":[]}"
VHI_M_2021-06_00000000000000000053,0.5703691902082801,2.9674937573745312,84,6,Wet,2021,2021-06,"{""type"":""MultiPoint"",""coordinates"":[]}"
VHI_M_2021-06_00000000000000000054,0.5911949750127247,3.0469580980878224,85,6,Wet,2021,2021-06,"{""type"":""MultiPoint"",""coordinates"":[]}"
VHI_M_2021-06_00000000000000000055,0.6041914704358994,3.112092471843509,86,6,Wet,2021,2021-06,"{""type"":""MultiPoint"",""coordinates"":[]}"
VHI_M_2021-06_00000000000000000056,0.6228314300291424,3.3362633507445225,87,6,Wet,2021,2021-06,"{""type"":""MultiPoint"",""coordinates"":[]}"
VHI_M_2021-06_00000000000000000057,0.5424296455896025,2.8358806370304652,88,6,Wet,2021,2021-06,"{""type"":""MultiPoint"",""coordinates"":[]}"
VHI_M_2021-06_000000000000000000de,0.7010681639024785,3.8808401681679228,223,6,Wet,2021,2021-06,"{""type"":""MultiPoint"",""coordinates"":[]}"
VHI_M_2021-06_000000000000000000df,26.760536429411033,4.593997759609434,224,6,Wet,2021,2021-06,"{""type"":""MultiPoint"",""coordinates"":[]}"
VHI_M_2021-06_000000000000000000e0,3.972800600014149,3.7438743657641957,225,6,Wet,2021,2021-06,"{""type"":""MultiPoint"",""coordinates"":[]}"
VHI_M_2021-06_000000000000000000e1,8.350833064986045,4.756040738566188,226,6,Wet,2021,2021-06,"{""type"":""MultiPoint"",""coordinates"":[]}"
VHI_M_2021-06_000000000000000000ff,0.7237164391448441,4.082442249612277,256,6,Wet,2021,2021-06,"{""type"":""MultiPoint"",""coordinates"":[]}"
VHI_M_2021-06_0000000000000000011c,0.7049325675706717,3.862337544306098,285,6,Wet,2021,2021-06,"{""type"":""MultiPoint"",""coordinates"":[]}"
VHI_M_2021-06_0000000000000000011d,0.6369031961400543,3.4444840387205917,286,6,Wet,2021,2021-06,"{""type"":""MultiPoint"",""coordinates"":[]}"
VHI_M_2021-06_0000000000000000011e,0.7321776316611297,4.058399144943888,287,6,Wet,2021,2021-06,"{""type"":""MultiPoint"",""coordinates"":[]}"
VHI_M_2021-06_0000000000000000011f,0.7135246743950573,3.9523857822712514,288,6,Wet,2021,2021-06,"{""type"":""MultiPoint"",""coordinates"":[]}"
VHI_M_2021-06_000000000000000001c4,8.890865539586741,3.788670045691305,453,6,Wet,2021,2021-06,"{""type"":""MultiPoint"",""coordinates"":[]}"
VHI_M_2021-06_000000000000000001c5,0.7417960207612665,4.061494311403382,454,6,Wet,2021,2021-06,"{""type"":""MultiPoint"",""coordinates"":[]}"
VHI_M_2021-06_000000000000000001c6,0.7484178284751228,4.159159320164522,455,6,Wet,2021,2021-06,"{""type"":""MultiPoint"",""coordinates"":[]}"
VHI_M_2021-06_00000000000000000003,0.8595620167595864,3.8659476732574394,4,6,Wet,2021,2021-06,"{""type"":""MultiPoint"",""coordinates"":[]}"
VHI_M_2021-06_0000000000000000001b,12.322937946930425,3.5846335697399527,28,6,Wet,2021,2021-06,"{""type"":""MultiPoint"",""coordinates"":[]}"
VHI_M_2021-06_00000000000000000186,64.32691890636137,3.555682020273874,391,6,Wet,2021,2021-06,"{""type"":""MultiPoint"",""coordinates"":[]}"
VHI_M_2021-06_00000000000000000187,0.5155767178399697,2.609316558626455,392,6,Wet,2021,2021-06,"{""type"":""MultiPoint"",""coordinates"":[]}"
VHI_M_2021-06_00000000000000000188,2.7622256621365673,2.7016487700616865,393,6,Wet,2021,2021-06,"{""type"":""MultiPoint"",""coordinates"":[]}"
VHI_M_2021-06_00000000000000000189,3.684696408991316,3.657314674858194,394,6,Wet,2021,2021-06,"{""type"":""MultiPoint"",""coordinates"":[]}"
VHI_M_2021-06_0000000000000000018a,0.5132485076304742,2.6890329362298515,395,6,Wet,2021,2021-06,"{""type"":""MultiPoint"",""coordinates"":[]}"
VHI_M_2021-06_0000000000000000018f,0.8170536732521301,4.593738019169329,400,6,Wet,2021,2021-06,"{""type"":""MultiPoint"",""coordinates"":[]}"
VHI_M_2021-06_00000000000000000190,0.5273191355187139,2.7190371424873807,401,6,Wet,2021,2021-06,"{""type"":""MultiPoint"",""coordinates"":[]}"
VHI_M_2021-06_0000000000000000021e,0.6696805713321663,3.718030756528022,543,6,Wet,2021,2021-06,"{""type"":""MultiPoint"",""coordinates"":[]}"
VHI_M_2021-06_0000000000000000021f,0.6760164904314033,2.940189999107419,544,6,Wet,2021,2021-06,"{""type"":""MultiPoint"",""coordinates"":[]}"
VHI_M_2021-06_00000000000000000220,0.5963014658067504,3.0263800946551713,545,6,Wet,2021,2021-06,"{""type"":""MultiPoint"",""coordinates"":[]}"
VHI_M_2021-06_00000000000000000007,0.782702792147142,4.386819117960372,8,6,Wet,2021,2021-06,"{""type"":""MultiPoint"",""coordinates"":[]}"
VHI_M_2021-06_0000000000000000000b,0.6603671056459054,3.5447007930785865,12,6,Wet,2021,2021-06,"{""type"":""MultiPoint"",""coordinates"":[]}"
VHI_M_2021-06_00000000000000000012,0.6981669134240875,3.8470644434839976,19,6,Wet,2021,2021-06,"{""type"":""MultiPoint"",""coordinates"":[]}"
VHI_M_2021-06_00000000000000000013,0.6909805356871154,3.768510850250922,20,6,Wet,2021,2021-06,"{""type"":""MultiPoint"",""coordinates"":[]}"
VHI_M_2021-06_00000000000000000014,0.79245274307628,4.427373489303949,21,6,Wet,2021,2021-06,"{""type"":""MultiPoint"",""coordinates"":[]}"
VHI_M_2021-06_00000000000000000015,0.6504548200016027,3.5088373703309523,22,6,Wet,2021,2021-06,"{""type"":""MultiPoint"",""coordinates"":[]}"
VHI_M_2021-06_00000000000000000016,0.6599756401384622,3.4807805369691196,23,6,Wet,2021,2021-06,"{""type"":""MultiPoint"",""coordinates"":[]}"
VHI_M_2021-06_00000000000000000183,0.6919633846511434,3.783371729231206,388,6,Wet,2021,2021-06,"{""type"":""MultiPoint"",""coordinates"":[]}"
VHI_M_2021-06_00000000000000000184,0.6516928065360061,3.531616482918917,389,6,Wet,2021,2021-06,"{""type"":""MultiPoint"",""coordinates"":[]}"
VHI_M_2021-06_00000000000000000185,4.981383299632633,3.093000214740057,390,6,Wet,2021,2021-06,"{""type"":""MultiPoint"",""coordinates"":[]}"
VHI_M_2021-06_00000000000000000212,0.6170937566869856,3.242509054988475,531,6,Wet,2021,2021-06,"{""type"":""MultiPoint"",""coordinates"":[]}"
VHI_M_2021-06_00000000000000000213,0.6529035218267171,3.501568827633147,532,6,Wet,2021,2021-06,"{""type"":""MultiPoint"",""coordinates"":[]}"
VHI_M_2021-06_00000000000000000214,0.6504173640878281,3.4916116903775753,533,6,Wet,2021,2021-06,"{""type"":""MultiPoint"",""coordinates"":[]}"
VHI_M_2021-06_00000000000000000215,0.8173049907316444,4.536318557193877,534,6,Wet,2021,2021-06,"{""type"":""MultiPoint"",""coordinates"":[]}"
VHI_M_2021-06_0000000000000000005a,75.14487443953564,4.068429726124147,91,6,Wet,2021,2021-06,"{""type"":""MultiPoint"",""coordinates"":[]}"
VHI_M_2021-06_00000000000000000118,53.250054535326186,4.518974946140984,281,6,Wet,2021,2021-06,"{""type"":""MultiPoint"",""coordinates"":[]}"
VHI_M_2021-06_00000000000000000119,8.549462023903521,3.9507679822818838,282,6,Wet,2021,2021-06,"{""type"":""MultiPoint"",""coordinates"":[]}"
VHI_M_2021-06_0000000000000000011a,4.049452416261382,4.4361142924875825,283,6,Wet,2021,2021-06,"{""type"":""MultiPoint"",""coordinates"":[]}"
VHI_M_2021-06_0000000000000000011b,0.9586927501654761,4.880640065929538,284,6,Wet,2021,2021-06,"{""type"":""MultiPoint"",""coordinates"":[]}"
VHI_M_2021-06_00000000000000000141,10.229438914734555,3.4064374202146883,322,6,Wet,2021,2021-06,"{""type"":""MultiPoint"",""coordinates"":[]}"
VHI_M_2021-06_00000000000000000142,54.52070814364333,4.8546097092194165,323,6,Wet,2021,2021-06,"{""type"":""MultiPoint"",""coordinates"":[]}"
VHI_M_2021-06_00000000000000000143,13.868571814577376,4.217837966756347,324,6,Wet,2021,2021-06,"{""type"":""MultiPoint"",""coordinates"":[]}"
VHI_M_2021-06_00000000000000000144,49.05291379472277,4.612346976998939,325,6,Wet,2021,2021-06,"{""type"":""MultiPoint"",""coordinates"":[]}"
VHI_M_2021-06_00000000000000000145,35.328207811358716,4.670366667780817,326,6,Wet,2021,2021-06,"{""type"":""MultiPoint"",""coordinates"":[]}"
VHI_M_2021-06_000000000000000001af,85.97906334295746,4.113246053138235,432,6,Wet,2021,2021-06,"{""type"":""MultiPoint"",""coordinates"":[]}"
VHI_M_2021-06_0000000000000000004b,0.5952183765179738,3.19525085330495,76,6,Wet,2021,2021-06,"{""type"":""MultiPoint"",""coordinates"":[]}"
VHI_M_2021-06_0000000000000000004c,0.6357448996773889,3.4691341646767486,77,6,Wet,2021,2021-06,"{""type"":""MultiPoint"",""coordinates"":[]}"
VHI_M_2021-06_0000000000000000004d,0.6788336782127398,3.6876413099630336,78,6,Wet,2021,2021-06,"{""type"":""MultiPoint"",""coordinates"":[]}"
VHI_M_2021-06_0000000000000000004e,0.6918995742241373,3.8006433783182847,79,6,Wet,2021,2021-06,"{""type"":""MultiPoint"",""coordinates"":[]}"
VHI_M_2021-06_0000000000000000004f,0.7299868883996466,4.052604829105106,80,6,Wet,2021,2021-06,"{""type"":""MultiPoint"",""coordinates"":[]}"
VHI_M_2021-06_00000000000000000050,0.822654935284059,4.578930202217872,81,6,Wet,2021,2021-06,"{""type"":""MultiPoint"",""coordinates"":[]}"
VHI_M_2021-06_00000000000000000051,0.7400119943165844,3.8939793715519313,82,6,Wet,2021,2021-06,"{""type"":""MultiPoint"",""coordinates"":[]}"
VHI_M_2021-06_00000000000000000052,0.6648801029042241,3.640883170054102,83,6,Wet,2021,2021-06,"{""type"":""MultiPoint"",""coordinates"":[]}"
VHI_M_2021-06_000000000000000000aa,0.6503233639546586,3.3686686963742045,171,6,Wet,2021,2021-06,"{""type"":""MultiPoint"",""coordinates"":[]}"
VHI_M_2021-06_000000000000000000ab,0.6681903046048792,3.6115002017783353,172,6,Wet,2021,2021-06,"{""type"":""MultiPoint"",""coordinates"":[]}"
VHI_M_2021-06_000000000000000000ac,0.716852401103765,3.954040809564282,173,6,Wet,2021,2021-06,"{""type"":""MultiPoint"",""coordinates"":[]}"
VHI_M_2021-06_000000000000000000ad,0.7525237505483237,4.195255089672622,174,6,Wet,2021,2021-06,"{""type"":""MultiPoint"",""coordinates"":[]}"
VHI_M_2021-06_000000000000000000ae,0.6413998129752525,3.5235019241341408,175,6,Wet,2021,2021-06,"{""type"":""MultiPoint"",""coordinates"":[]}"
VHI_M_2021-06_000000000000000000af,0.585283156328357,3.1776649746192884,176,6,Wet,2021,2021-06,"{""type"":""MultiPoint"",""coordinates"":[]}"
VHI_M_2021-06_000000000000000000b0,0.811940187128331,4.638630266687707,177,6,Wet,2021,2021-06,"{""type"":""MultiPoint"",""coordinates"":[]}"
VHI_M_2021-06_000000000000000001c7,0.7431702418094038,4.06004447739066,456,6,Wet,2021,2021-06,"{""type"":""MultiPoint"",""coordinates"":[]}"
VHI_M_2021-06_000000000000000001c8,0.7032495399489856,3.857902437845098,457,6,Wet,2021,2021-06,"{""type"":""MultiPoint"",""coordinates"":[]}"
VHI_M_2021-06_000000000000000001c9,0.6221353566954155,3.343273641613197,458,6,Wet,2021,2021-06,"{""type"":""MultiPoint"",""coordinates"":[]}"
VHI_M_2021-06_000000000000000001ca,0.850836635906624,4.676251859196826,459,6,Wet,2021,2021-06,"{""type"":""MultiPoint"",""coordinates"":[]}"
VHI_M_2021-06_0000000000000000020a,0.8997205867702852,4.651212528890268,523,6,Wet,2021,2021-06,"{""type"":""MultiPoint"",""coordinates"":[]}"
VHI_M_2021-06_0000000000000000020b,1.1547503390746352,4.3326598166333135,524,6,Wet,2021,2021-06,"{""type"":""MultiPoint"",""coordinates"":[]}"
VHI_M_2021-06_0000000000000000020c,0.7721836222995718,4.313999082886472,525,6,Wet,2021,2021-06,"{""type"":""MultiPoint"",""coordinates"":[]}"
VHI_M_2021-06_000000000000000001ab,0.6648310532103334,3.538216834322069,428,6,Wet,2021,2021-06,"{""type"":""MultiPoint"",""coordinates"":[]}"
VHI_M_2021-06_000000000000000001ac,0.7159973002475523,3.9145658799076823,429,6,Wet,2021,2021-06,"{""type"":""MultiPoint"",""coordinates"":[]}"
VHI_M_2021-06_000000000000000001ad,8.31862693795155,4.4312564276874244,430,6,Wet,2021,2021-06,"{""type"":""MultiPoint"",""coordinates"":[]}"
VHI_M_2021-06_000000000000000001ae,45.63849940233532,4.1336163624708195,431,6,Wet,2021,2021-06,"{""type"":""MultiPoint"",""coordinates"":[]}"
VHI_M_2021-06_000000000000000001c3,39.25421536450316,4.50055451288176,452,6,Wet,2021,2021-06,"{""type"":""MultiPoint"",""coordinates"":[]}"
VHI_M_2021-06_00000000000000000037,0.5434134457306905,2.825211223802201,56,6,Wet,2021,2021-06,"{""type"":""MultiPoint"",""coordinates"":[]}"
VHI_M_2021-06_00000000000000000038,0.5184904274907782,2.6707556486251747,57,6,Wet,2021,2021-06,"{""type"":""MultiPoint"",""coordinates"":[]}"
VHI_M_2021-06_00000000000000000039,0.5178218134927333,2.6020720032361004,58,6,Wet,2021,2021-06,"{""type"":""MultiPoint"",""coordinates"":[]}"
VHI_M_2021-06_0000000000000000003a,0.5575604623225211,2.89229677282955,59,6,Wet,2021,2021-06,"{""type"":""MultiPoint"",""coordinates"":[]}"
VHI_M_2021-06_0000000000000000003b,0.5720334716212055,2.9698691677328286,60,6,Wet,2021,2021-06,"{""type"":""MultiPoint"",""coordinates"":[]}"
VHI_M_2021-06_0000000000000000003c,0.6932440405398309,3.784463454982496,61,6,Wet,2021,2021-06,"{""type"":""MultiPoint"",""coordinates"":[]}"
VHI_M_2021-06_0000000000000000003d,0.6836533589195235,3.728803606382348,62,6,Wet,2021,2021-06,"{""type"":""MultiPoint"",""coordinates"":[]}"
VHI_M_2021-06_0000000000000000003e,10.426032852220448,2.6291508221526962,63,6,Wet,2021,2021-06,"{""type"":""MultiPoint"",""coordinates"":[]}"
VHI_M_2021-06_0000000000000000003f,0.5527966835299819,2.951370069256247,64,6,Wet,2021,2021-06,"{""type"":""MultiPoint"",""coordinates"":[]}"
VHI_M_2021-06_00000000000000000044,0.4405027468837156,2.1398368570001662,69,6,Wet,2021,2021-06,"{""type"":""MultiPoint"",""coordinates"":[]}"
VHI_M_2021-06_00000000000000000076,0.6497363800776372,3.4347957845660724,119,6,Wet,2021,2021-06,"{""type"":""MultiPoint"",""coordinates"":[]}"
VHI_M_2021-06_00000000000000000077,5.898548176184565,3.1356625835189345,120,6,Wet,2021,2021-06,"{""type"":""MultiPoint"",""coordinates"":[]}"
VHI_M_2021-06_00000000000000000078,0.5391744998401032,2.798341912853823,121,6,Wet,2021,2021-06,"{""type"":""MultiPoint"",""coordinates"":[]}"
VHI_M_2021-06_00000000000000000079,0.6886226639071383,3.6778094333649882,122,6,Wet,2021,2021-06,"{""type"":""MultiPoint"",""coordinates"":[]}"
VHI_M_2021-06_0000000000000000008b,0.5318434082856078,2.7144572748267892,140,6,Wet,2021,2021-06,"{""type"":""MultiPoint"",""coordinates"":[]}"
VHI_M_2021-06_0000000000000000008c,3.3147775040289074,4.547677701988218,141,6,Wet,2021,2021-06,"{""type"":""MultiPoint"",""coordinates"":[]}"
VHI_M_2021-06_0000000000000000008d,10.178792734751557,4.474924054128696,142,6,Wet,2021,2021-06,"{""type"":""MultiPoint"",""coordinates"":[]}"
VHI_M_2021-06_0000000000000000008e,0.7116778719134211,3.9136332459148684,143,6,Wet,2021,2021-06,"{""type"":""MultiPoint"",""coordinates"":[]}"
VHI_M_2021-06_0000000000000000008f,0.7813180072292484,4.414282363977486,144,6,Wet,2021,2021-06,"{""type"":""MultiPoint"",""coordinates"":[]}"
VHI_M_2021-06_00000000000000000090,0.7644783111515419,4.225166693771346,145,6,Wet,2021,2021-06,"{""type"":""MultiPoint"",""coordinates"":[]}"
VHI_M_2021-06_00000000000000000091,0.7179719617661695,3.905708747577063,146,6,Wet,2021,2021-06,"{""type"":""MultiPoint"",""coordinates"":[]}"
VHI_M_2021-06_000000000000000000b5,36.29982175775098,4.269143861410996,182,6,Wet,2021,2021-06,"{""type"":""MultiPoint"",""coordinates"":[]}"
VHI_M_2021-06_000000000000000000cc,9.183553986199414,4.618019479032101,205,6,Wet,2021,2021-06,"{""type"":""MultiPoint"",""coordinates"":[]}"
VHI_M_2021-06_000000000000000000cd,1.1315339826477537,4.78484477860295,206,6,Wet,2021,2021-06,"{""type"":""MultiPoint"",""coordinates"":[]}"
VHI_M_2021-06_000000000000000001dd,0.8455027422582351,4.812140244872,478,6,Wet,2021,2021-06,"{""type"":""MultiPoint"",""coordinates"":[]}"
VHI_M_2021-06_000000000000000001de,0.9087755530247562,4.947731019033794,479,6,Wet,2021,2021-06,"{""type"":""MultiPoint"",""coordinates"":[]}"
VHI_M_2021-06_000000000000000001df,0.7987393507500632,4.479697458854073,480,6,Wet,2021,2021-06,"{""type"":""MultiPoint"",""coordinates"":[]}"
VHI_M_2021-06_000000000000000001e0,0.8464292382762023,4.744474438370047,481,6,Wet,2021,2021-06,"{""type"":""MultiPoint"",""coordinates"":[]}"
VHI_M_2021-06_000000000000000001e1,0.8645160339186626,4.838352423575818,482,6,Wet,2021,2021-06,"{""type"":""MultiPoint"",""coordinates"":[]}"
VHI_M_2021-06_0000000000000000007a,0.9125834962666189,4.879619607236739,123,6,Wet,2021,2021-06,"{""type"":""MultiPoint"",""coordinates"":[]}"
VHI_M_2021-06_0000000000000000007b,0.8601936400504645,4.761121856866538,124,6,Wet,2021,2021-06,"{""type"":""MultiPoint"",""coordinates"":[]}"
VHI_M_2021-06_0000000000000000007c,0.7570498369021766,4.194843697903053,125,6,Wet,2021,2021-06,"{""type"":""MultiPoint"",""coordinates"":[]}"
VHI_M_2021-06_0000000000000000007d,0.7122203729200478,3.889087636372856,126,6,Wet,2021,2021-06,"{""type"":""MultiPoint"",""coordinates"":[]}"
VHI_M_2021-06_0000000000000000007e,19.607616855934012,4.052221911496411,127,6,Wet,2021,2021-06,"{""type"":""MultiPoint"",""coordinates"":[]}"
VHI_M_2021-06_0000000000000000007f,14.090840239827319,3.927149403609773,128,6,Wet,2021,2021-06,"{""type"":""MultiPoint"",""coordinates"":[]}"
VHI_M_2021-06_00000000000000000080,0.8582044200443094,4.696435245583724,129,6,Wet,2021,2021-06,"{""type"":""MultiPoint"",""coordinates"":[]}"
VHI_M_2021-06_00000000000000000088,4.679433272799587,3.5389903415541353,137,6,Wet,2021,2021-06,"{""type"":""MultiPoint"",""coordinates"":[]}"
VHI_M_2021-06_00000000000000000089,0.7180713860548652,3.924468716370474,138,6,Wet,2021,2021-06,"{""type"":""MultiPoint"",""coordinates"":[]}"
VHI_M_2021-06_0000000000000000008a,0.6945881217811734,3.800345119585659,139,6,Wet,2021,2021-06,"{""type"":""MultiPoint"",""coordinates"":[]}"
VHI_M_2021-06_00000000000000000099,0.7492135255209601,4.151362284568784,154,6,Wet,2021,2021-06,"{""type"":""MultiPoint"",""coordinates"":[]}"
VHI_M_2021-06_0000000000000000009a,3.0010058121275476,4.068898137408741,155,6,Wet,2021,2021-06,"{""type"":""MultiPoint"",""coordinates"":[]}"
VHI_M_2021-06_00000000000000000112,0.7755599388391801,4.2870720256498345,275,6,Wet,2021,2021-06,"{""type"":""MultiPoint"",""coordinates"":[]}"
VHI_M_2021-06_000000000000000001d8,0.6890999859591658,3.7565906610763324,473,6,Wet,2021,2021-06,"{""type"":""MultiPoint"",""coordinates"":[]}"
VHI_M_2021-06_00000000000000000001,0.5552143399572287,2.8856272401433705,2,6,Wet,2021,2021-06,"{""type"":""MultiPoint"",""coordinates"":[]}"
VHI_M_2021-06_00000000000000000030,0.5014572911576239,2.5194414034338255,49,6,Wet,2021,2021-06,"{""type"":""MultiPoint"",""coordinates"":[]}"
VHI_M_2021-06_00000000000000000031,0.5671191250956572,2.958977841222175,50,6,Wet,2021,2021-06,"{""type"":""MultiPoint"",""coordinates"":[]}"
VHI_M_2021-06_00000000000000000032,0.5973216281826471,3.17843624079124,51,6,Wet,2021,2021-06,"{""type"":""MultiPoint"",""coordinates"":[]}"
VHI_M_2021-06_000000000000000000d7,0.5449658884588789,2.8275572332407397,216,6,Wet,2021,2021-06,"{""type"":""MultiPoint"",""coordinates"":[]}"
VHI_M_2021-06_000000000000000000d8,0.6596345264563185,3.5651680932700884,217,6,Wet,2021,2021-06,"{""type"":""MultiPoint"",""coordinates"":[]}"
VHI_M_2021-06_000000000000000000d9,0.6964670722485662,3.796374941557191,218,6,Wet,2021,2021-06,"{""type"":""MultiPoint"",""coordinates"":[]}"
VHI_M_2021-06_000000000000000000da,0.6267101868882105,3.3136581469648587,219,6,Wet,2021,2021-06,"{""type"":""MultiPoint"",""coordinates"":[]}"
VHI_M_2021-06_00000000000000000132,0.40027688888592283,1.8729565799775498,307,6,Wet,2021,2021-06,"{""type"":""MultiPoint"",""coordinates"":[]}"
VHI_M_2021-06_00000000000000000133,81.78507715441157,4.122071093839298,308,6,Wet,2021,2021-06,"{""type"":""MultiPoint"",""coordinates"":[]}"
VHI_M_2021-06_00000000000000000134,0.47891715743945457,2.3643055335124745,309,6,Wet,2021,2021-06,"{""type"":""MultiPoint"",""coordinates"":[]}"
VHI_M_2021-06_00000000000000000135,24.63519358950364,3.138161414334948,310,6,Wet,2021,2021-06,"{""type"":""MultiPoint"",""coordinates"":[]}"
VHI_M_2021-06_0000000000000000001f,0.7086293045099153,3.8687396104519887,32,6,Wet,2021,2021-06,"{""type"":""MultiPoint"",""coordinates"":[]}"
VHI_M_2021-06_00000000000000000020,0.6996517984969085,3.8184804414149363,33,6,Wet,2021,2021-06,"{""type"":""MultiPoint"",""coordinates"":[]}"
VHI_M_2021-06_00000000000000000021,0.6698228308941444,3.628559981302794,34,6,Wet,2021,2021-06,"{""type"":""MultiPoint"",""coordinates"":[]}"
VHI_M_2021-06_00000000000000000045,0.6447005734499728,3.464834467595418,70,6,Wet,2021,2021-06,"{""type"":""MultiPoint"",""coordinates"":[]}"
VHI_M_2021-06_00000000000000000046,0.6947439905538033,3.796983219372626,71,6,Wet,2021,2021-06,"{""type"":""MultiPoint"",""coordinates"":[]}"
VHI_M_2021-06_00000000000000000047,0.6829608331442811,3.723295284697622,72,6,Wet,2021,2021-06,"{""type"":""MultiPoint"",""coordinates"":[]}"
VHI_M_2021-06_00000000000000000048,0.5366485655247322,2.748159559254034,73,6,Wet,2021,2021-06,"{""type"":""MultiPoint"",""coordinates"":[]}"
VHI_M_2021-06_00000000000000000072,0.633525749755491,3.363091062157993,115,6,Wet,2021,2021-06,"{""type"":""MultiPoint"",""coordinates"":[]}"
VHI_M_2021-06_00000000000000000073,0.7712390866372694,4.286651912856135,116,6,Wet,2021,2021-06,"{""type"":""MultiPoint"",""coordinates"":[]}"
VHI_M_2021-06_00000000000000000074,0.7192897867227436,3.954586381747064,117,6,Wet,2021,2021-06,"{""type"":""MultiPoint"",""coordinates"":[]}"
VHI_M_2021-06_00000000000000000075,0.7302338835500897,4.03372482170211,118,6,Wet,2021,2021-06,"{""type"":""MultiPoint"",""coordinates"":[]}"
VHI_M_2021-06_000000000000000000b4,0.6004005287539885,3.0786341550394503,181,6,Wet,2021,2021-06,"{""type"":""MultiPoint"",""coordinates"":[]}"
VHI_M_2021-06_000000000000000000e8,0.7348414718324497,4.133373002380142,233,6,Wet,2021,2021-06,"{""type"":""MultiPoint"",""coordinates"":[]}"
VHI_M_2021-06_000000000000000000e9,0.6664939670782847,3.5896334716196217,234,6,Wet,2021,2021-06,"{""type"":""MultiPoint"",""coordinates"":[]}"
VHI_M_2021-06_000000000000000000ea,0.6239472282792692,3.3217466784391054,235,6,Wet,2021,2021-06,"{""type"":""MultiPoint"",""coordinates"":[]}"
VHI_M_2021-06_00000000000000000022,0.7110279461808401,3.918619621100078,35,6,Wet,2021,2021-06,"{""type"":""MultiPoint"",""coordinates"":[]}"
VHI_M_2021-06_00000000000000000023,0.7513052331851218,4.159923249437078,36,6,Wet,2021,2021-06,"{""type"":""MultiPoint"",""coordinates"":[]}"
VHI_M_2021-06_00000000000000000024,0.710352595087724,3.888231784414774,37,6,Wet,2021,2021-06,"{""type"":""MultiPoint"",""coordinates"":[]}"
VHI_M_2021-06_00000000000000000025,0.7793781157037236,4.374448576672344,38,6,Wet,2021,2021-06,"{""type"":""MultiPoint"",""coordinates"":[]}"
VHI_M_2021-06_000000000000000000f0,0.7531311143129974,4.143603133159268,241,6,Wet,2021,2021-06,"{""type"":""MultiPoint"",""coordinates"":[]}"
VHI_M_2021-06_000000000000000000f4,0.6174267896151551,3.2678935617602725,245,6,Wet,2021,2021-06,"{""type"":""MultiPoint"",""coordinates"":[]}"
VHI_M_2021-06_000000000000000000f5,0.6516109766056808,3.5127803761764627,246,6,Wet,2021,2021-06,"{""type"":""MultiPoint"",""coordinates"":[]}"
VHI_M_2021-06_000000000000000000f6,0.6395118043265513,3.4292165989594836,247,6,Wet,2021,2021-06,"{""type"":""MultiPoint"",""coordinates"":[]}"
VHI_M_2021-06_000000000000000000f7,0.8209679741541493,4.7490568796607695,248,6,Wet,2021,2021-06,"{""type"":""MultiPoint"",""coordinates"":[]}"
VHI_M_2021-06_000000000000000000f8,0.7100575849025709,3.9002271099120516,249,6,Wet,2021,2021-06,"{""type"":""MultiPoint"",""coordinates"":[]}"
VHI_M_2021-06_00000000000000000000,0.779313012415488,4.356025595449698,1,6,Wet,2021,2021-06,"{""type"":""MultiPoint"",""coordinates"":[]}"
VHI_M_2021-06_000000000000000000f2,0.6243586815892455,3.3493033116455875,243,6,Wet,2021,2021-06,"{""type"":""MultiPoint"",""coordinates"":[]}"
VHI_M_2021-06_000000000000000000f3,0.7465124578120285,4.137660509496033,244,6,Wet,2021,2021-06,"{""type"":""MultiPoint"",""coordinates"":[]}"
VHI_M_2021-06_00000000000000000106,0.7451946269666966,4.1411772085729215,263,6,Wet,2021,2021-06,"{""type"":""MultiPoint"",""coordinates"":[]}"
VHI_M_2021-06_00000000000000000107,0.7358770279586111,4.054462542895002,264,6,Wet,2021,2021-06,"{""type"":""MultiPoint"",""coordinates"":[]}"
VHI_M_2021-06_00000000000000000108,0.735306938994904,4.055097306512437,265,6,Wet,2021,2021-06,"{""type"":""MultiPoint"",""coordinates"":[]}"
VHI_M_2021-06_0000000000000000012c,0.843671745257658,4.716015826552335,301,6,Wet,2021,2021-06,"{""type"":""MultiPoint"",""coordinates"":[]}"
VHI_M_2021-06_0000000000000000012d,0.7773345143239379,4.306698632199793,302,6,Wet,2021,2021-06,"{""type"":""MultiPoint"",""coordinates"":[]}"
VHI_M_2021-06_0000000000000000012e,0.7590288785020958,4.219216398046444,303,6,Wet,2021,2021-06,"{""type"":""MultiPoint"",""coordinates"":[]}"
VHI_M_2021-06_000000000000000000a5,0.6501902640901033,3.5366835034927444,166,6,Wet,2021,2021-06,"{""type"":""MultiPoint"",""coordinates"":[]}"
VHI_M_2021-06_000000000000000000a6,0.5775901837649784,3.046985397192148,167,6,Wet,2021,2021-06,"{""type"":""MultiPoint"",""coordinates"":[]}"
VHI_M_2021-06_000000000000000000c1,45.981614339501064,3.8766781142678757,194,6,Wet,2021,2021-06,"{""type"":""MultiPoint"",""coordinates"":[]}"
VHI_M_2021-06_00000000000000000120,2.796457547287211,3.0123945871739553,289,6,Wet,2021,2021-06,"{""type"":""MultiPoint"",""coordinates"":[]}"
VHI_M_2021-06_000000000000000001d9,5.6577015345471615,3.3003808223888123,474,6,Wet,2021,2021-06,"{""type"":""MultiPoint"",""coordinates"":[]}"
VHI_M_2021-06_000000000000000001da,0.5923160891422735,3.072037632688344,475,6,Wet,2021,2021-06,"{""type"":""MultiPoint"",""coordinates"":[]}"
VHI_M_2021-06_000000000000000001db,0.5074165652046305,2.489298231107323,476,6,Wet,2021,2021-06,"{""type"":""MultiPoint"",""coordinates"":[]}"
VHI_M_2021-06_000000000000000001dc,0.4895365220771171,2.357977812523267,477,6,Wet,2021,2021-06,"{""type"":""MultiPoint"",""coordinates"":[]}"
VHI_M_2021-06_000000000000000001e2,54.68411794352337,3.500224441701268,483,6,Wet,2021,2021-06,"{""type"":""MultiPoint"",""coordinates"":[]}"
VHI_M_2021-06_000000000000000001e3,4.673665643051092,3.431582315183266,484,6,Wet,2021,2021-06,"{""type"":""MultiPoint"",""coordinates"":[]}"
VHI_M_2021-06_000000000000000001e4,80.56519816406335,3.631376851343939,485,6,Wet,2021,2021-06,"{""type"":""MultiPoint"",""coordinates"":[]}"
VHI_M_2021-06_000000000000000001e5,26.63175621208179,2.975384615384616,486,6,Wet,2021,2021-06,"{""type"":""MultiPoint"",""coordinates"":[]}"
VHI_M_2021-06_000000000000000001e6,1.2872535850268088,3.7934356695617044,487,6,Wet,2021,2021-06,"{""type"":""MultiPoint"",""coordinates"":[]}"
VHI_M_2021-06_000000000000000001e7,16.123330395345715,3.3707879184793628,488,6,Wet,2021,2021-06,"{""type"":""MultiPoint"",""coordinates"":[]}"
VHI_M_2021-06_000000000000000001e8,0.6029584338611685,3.096658665752276,489,6,Wet,2021,2021-06,"{""type"":""MultiPoint"",""coordinates"":[]}"
VHI_M_2021-06_000000000000000001e9,58.7562454414388,3.459176212527419,490,6,Wet,2021,2021-06,"{""type"":""MultiPoint"",""coordinates"":[]}"
VHI_M_2021-06_000000000000000000e2,0.6787725192247125,3.644581851578935,227,6,Wet,2021,2021-06,"{""type"":""MultiPoint"",""coordinates"":[]}"
VHI_M_2021-06_000000000000000000e3,0.7005661565739902,3.8247248225689936,228,6,Wet,2021,2021-06,"{""type"":""MultiPoint"",""coordinates"":[]}"
VHI_M_2021-06_000000000000000000e4,25.493686306486996,4.230730316409124,229,6,Wet,2021,2021-06,"{""type"":""MultiPoint"",""coordinates"":[]}"
VHI_M_2021-06_000000000000000000e5,1.4219123560260558,4.336928456415484,230,6,Wet,2021,2021-06,"{""type"":""MultiPoint"",""coordinates"":[]}"
VHI_M_2021-06_000000000000000000e6,0.6303848422853157,3.237967914438503,231,6,Wet,2021,2021-06,"{""type"":""MultiPoint"",""coordinates"":[]}"
VHI_M_2021-06_000000000000000000e7,0.6157032880270127,3.4640033291718684,232,6,Wet,2021,2021-06,"{""type"":""MultiPoint"",""coordinates"":[]}"
VHI_M_2021-06_0000000000000000017f,0.647108106499798,3.441100835181427,384,6,Wet,2021,2021-06,"{""type"":""MultiPoint"",""coordinates"":[]}"
VHI_M_2021-06_00000000000000000180,0.6458741679277358,3.46284230134828,385,6,Wet,2021,2021-06,"{""type"":""MultiPoint"",""coordinates"":[]}"
VHI_M_2021-06_00000000000000000203,0.5699389857505485,3.031847070308609,516,6,Wet,2021,2021-06,"{""type"":""MultiPoint"",""coordinates"":[]}"
VHI_M_2021-06_00000000000000000204,0.5631486544500298,2.942964012468121,517,6,Wet,2021,2021-06,"{""type"":""MultiPoint"",""coordinates"":[]}"
VHI_M_2021-06_00000000000000000205,0.6424721599386518,3.433900811381003,518,6,Wet,2021,2021-06,"{""type"":""MultiPoint"",""coordinates"":[]}"
VHI_M_2021-06_00000000000000000206,0.6869832668506195,3.7208896598476686,519,6,Wet,2021,2021-06,"{""type"":""MultiPoint"",""coordinates"":[]}"
VHI_M_2021-06_00000000000000000207,0.7572580311446171,4.042405063291141,520,6,Wet,2021,2021-06,"{""type"":""MultiPoint"",""coordinates"":[]}"
VHI_M_2021-06_00000000000000000208,0.6577685584199221,3.5555637872277375,521,6,Wet,2021,2021-06,"{""type"":""MultiPoint"",""coordinates"":[]}"
VHI_M_2021-06_00000000000000000209,0.7668421919459303,4.059671580036204,522,6,Wet,2021,2021-06,"{""type"":""MultiPoint"",""coordinates"":[]}"
VHI_M_2021-06_0000000000000000000e,0.7664968361711283,4.22928799679066,15,6,Wet,2021,2021-06,"{""type"":""MultiPoint"",""coordinates"":[]}"
VHI_M_2021-06_00000000000000000124,0.8296371888872883,4.578588892769821,293,6,Wet,2021,2021-06,"{""type"":""MultiPoint"",""coordinates"":[]}"
VHI_M_2021-06_00000000000000000125,13.750707827578308,4.115142273498863,294,6,Wet,2021,2021-06,"{""type"":""MultiPoint"",""coordinates"":[]}"
VHI_M_2021-06_00000000000000000126,0.6782006085816875,3.6734401648457187,295,6,Wet,2021,2021-06,"{""type"":""MultiPoint"",""coordinates"":[]}"
VHI_M_2021-06_00000000000000000127,0.7572342967683902,4.252831106039019,296,6,Wet,2021,2021-06,"{""type"":""MultiPoint"",""coordinates"":[]}"
VHI_M_2021-06_00000000000000000128,0.6464887034363099,3.622212376310737,297,6,Wet,2021,2021-06,"{""type"":""MultiPoint"",""coordinates"":[]}"
VHI_M_2021-06_00000000000000000129,0.7322670396215685,4.019768087206668,298,6,Wet,2021,2021-06,"{""type"":""MultiPoint"",""coordinates"":[]}"
VHI_M_2021-06_0000000000000000012a,0.6977890231968538,3.8113868584645108,299,6,Wet,2021,2021-06,"{""type"":""MultiPoint"",""coordinates"":[]}"
VHI_M_2021-06_0000000000000000012b,0.738759894139803,4.088377431018865,300,6,Wet,2021,2021-06,"{""type"":""MultiPoint"",""coordinates"":[]}"
VHI_M_2021-06_00000000000000000174,0.7490062551884196,4.179557640750671,373,6,Wet,2021,2021-06,"{""type"":""MultiPoint"",""coordinates"":[]}"
VHI_M_2021-06_00000000000000000175,0.7005097384731152,3.8178841899963203,374,6,Wet,2021,2021-06,"{""type"":""MultiPoint"",""coordinates"":[]}"
VHI_M_2021-06_00000000000000000176,0.7704141029809903,4.3540792085651985,375,6,Wet,2021,2021-06,"{""type"":""MultiPoint"",""coordinates"":[]}"
VHI_M_2021-06_00000000000000000177,0.8204626343749707,4.79629422301836,376,6,Wet,2021,2021-06,"{""type"":""MultiPoint"",""coordinates"":[]}"
VHI_M_2021-06_00000000000000000195,0.7646890443737057,4.171857519217582,406,6,Wet,2021,2021-06,"{""type"":""MultiPoint"",""coordinates"":[]}"
VHI_M_2021-06_00000000000000000196,0.7087001035836458,3.8725276850911534,407,6,Wet,2021,2021-06,"{""type"":""MultiPoint"",""coordinates"":[]}"
VHI_M_2021-06_00000000000000000197,3.5179871696152634,4.230103719778143,408,6,Wet,2021,2021-06,"{""type"":""MultiPoint"",""coordinates"":[]}"
VHI_M_2021-06_00000000000000000198,0.8038524352214598,4.440652603138314,409,6,Wet,2021,2021-06,"{""type"":""MultiPoint"",""coordinates"":[]}"
VHI_M_2021-06_00000000000000000199,0.714642447102163,3.9192986677092425,410,6,Wet,2021,2021-06,"{""type"":""MultiPoint"",""coordinates"":[]}"
VHI_M_2021-06_00000000000000000035,0.5665543041245038,3.0250331125827814,54,6,Wet,2021,2021-06,"{""type"":""MultiPoint"",""coordinates"":[]}"
VHI_M_2021-06_000000000000000000ce,0.68162145816659,3.739088704963564,207,6,Wet,2021,2021-06,"{""type"":""MultiPoint"",""coordinates"":[]}"
VHI_M_2021-06_000000000000000000cf,0.6095199106250273,3.15033619572262,208,6,Wet,2021,2021-06,"{""type"":""MultiPoint"",""coordinates"":[]}"
VHI_M_2021-06_000000000000000000d0,3.438428617306615,3.4606035285766987,209,6,Wet,2021,2021-06,"{""type"":""MultiPoint"",""coordinates"":[]}"
VHI_M_2021-06_000000000000000000d1,27.511491123725243,3.137716819602993,210,6,Wet,2021,2021-06,"{""type"":""MultiPoint"",""coordinates"":[]}"
VHI_M_2021-06_000000000000000001ea,0.7186223883880438,3.9610443574121095,491,6,Wet,2021,2021-06,"{""type"":""MultiPoint"",""coordinates"":[]}"
VHI_M_2021-06_000000000000000001eb,0.6694083213253341,3.646349447317237,492,6,Wet,2021,2021-06,"{""type"":""MultiPoint"",""coordinates"":[]}"
VHI_M_2021-06_000000000000000001ec,0.7548635743015601,4.228523225456875,493,6,Wet,2021,2021-06,"{""type"":""MultiPoint"",""coordinates"":[]}"
VHI_M_2021-06_000000000000000001ed,0.6924571641545116,3.7817506537002457,494,6,Wet,2021,2021-06,"{""type"":""MultiPoint"",""coordinates"":[]}"
VHI_M_2021-06_000000000000000001f4,9.037191717415768,3.2756922380908327,501,6,Wet,2021,2021-06,"{""type"":""MultiPoint"",""coordinates"":[]}"
VHI_M_2021-06_000000000000000001f5,0.5701772919275041,2.9671687984181423,502,6,Wet,2021,2021-06,"{""type"":""MultiPoint"",""coordinates"":[]}"
VHI_M_2021-06_000000000000000001f6,0.5895213075589657,3.1056095077432784,503,6,Wet,2021,2021-06,"{""type"":""MultiPoint"",""coordinates"":[]}"
VHI_M_2021-06_000000000000000001f7,50.29676862045853,3.4219203733716115,504,6,Wet,2021,2021-06,"{""type"":""MultiPoint"",""coordinates"":[]}"
VHI_M_2021-06_000000000000000001f8,0.6402245275261444,3.430913025006672,505,6,Wet,2021,2021-06,"{""type"":""MultiPoint"",""coordinates"":[]}"
VHI_M_2021-06_000000000000000001f9,0.5687643164379408,2.942243396065579,506,6,Wet,2021,2021-06,"{""type"":""MultiPoint"",""coordinates"":[]}"
VHI_M_2021-06_000000000000000001fa,26.823166313485853,3.4444694183146924,507,6,Wet,2021,2021-06,"{""type"":""MultiPoint"",""coordinates"":[]}"
VHI_M_2021-06_000000000000000001fb,8.036507128686882,3.596153365537385,508,6,Wet,2021,2021-06,"{""type"":""MultiPoint"",""coordinates"":[]}"
VHI_M_2021-06_000000000000000001fc,0.5734358814321133,2.8721341980465462,509,6,Wet,2021,2021-06,"{""type"":""MultiPoint"",""coordinates"":[]}"
VHI_M_2021-06_000000000000000001fd,0.6059558184249204,3.2191712264780503,510,6,Wet,2021,2021-06,"{""type"":""MultiPoint"",""coordinates"":[]}"
VHI_M_2021-06_00000000000000000049,0.5212815407451282,2.680194551661051,74,6,Wet,2021,2021-06,"{""type"":""MultiPoint"",""coordinates"":[]}"
VHI_M_2021-06_0000000000000000004a,37.33430911555898,3.121341396663428,75,6,Wet,2021,2021-06,"{""type"":""MultiPoint"",""coordinates"":[]}"
VHI_M_2021-06_000000000000000000fd,72.44888666422442,3.6256235827664387,254,6,Wet,2021,2021-06,"{""type"":""MultiPoint"",""coordinates"":[]}"
VHI_M_2021-06_000000000000000000fe,5.946935098224536,2.9197291746673124,255,6,Wet,2021,2021-06,"{""type"":""MultiPoint"",""coordinates"":[]}"
VHI_M_2021-06_00000000000000000191,0.4208126978224908,2.0729278794402584,402,6,Wet,2021,2021-06,"{""type"":""MultiPoint"",""coordinates"":[]}"
VHI_M_2021-06_0000000000000000016e,20.347608362509643,4.104078905813473,367,6,Wet,2021,2021-06,"{""type"":""MultiPoint"",""coordinates"":[]}"
VHI_M_2021-06_0000000000000000016f,0.7400688576680919,4.072385392791866,368,6,Wet,2021,2021-06,"{""type"":""MultiPoint"",""coordinates"":[]}"
VHI_M_2021-06_00000000000000000170,2.1309553883705448,3.443401202658509,369,6,Wet,2021,2021-06,"{""type"":""MultiPoint"",""coordinates"":[]}"
VHI_M_2021-06_00000000000000000181,35.94382155525767,3.5241291691816445,386,6,Wet,2021,2021-06,"{""type"":""MultiPoint"",""coordinates"":[]}"
VHI_M_2021-06_00000000000000000182,0.6879554891836158,3.754364360467728,387,6,Wet,2021,2021-06,"{""type"":""MultiPoint"",""coordinates"":[]}"
VHI_M_2021-06_00000000000000000228,0.6610623055490953,3.5830418124271177,553,6,Wet,2021,2021-06,"{""type"":""MultiPoint"",""coordinates"":[]}"
VHI_M_2021-07_00000000000000000017,46.488035138807376,2.5185343904006854,24,7,Wet,2021,2021-07,"{""type"":""MultiPoint"",""coordinates"":[]}"
VHI_M_2021-07_00000000000000000018,232.3776395495631,4.65902206836867,25,7,Wet,2021,2021-07,"{""type"":""MultiPoint"",""coordinates"":[]}"
VHI_M_2021-07_00000000000000000019,30.038636716344364,1.793689950662166,26,7,Wet,2021,2021-07,"{""type"":""MultiPoint"",""coordinates"":[]}"
VHI_M_2021-07_0000000000000000001a,13.597352919864042,1.7107505624105255,27,7,Wet,2021,2021-07,"{""type"":""MultiPoint"",""coordinates"":[]}"
VHI_M_2021-07_0000000000000000005b,160.33274311355987,4.661554548623213,92,7,Wet,2021,2021-07,"{""type"":""MultiPoint"",""coordinates"":[]}"
VHI_M_2021-07_0000000000000000005c,60.21263658457073,2.5295177106263753,93,7,Wet,2021,2021-07,"{""type"":""MultiPoint"",""coordinates"":[]}"
VHI_M_2021-07_0000000000000000005d,254.0,5.0,94,7,Wet,2021,2021-07,"{""type"":""MultiPoint"",""coordinates"":[]}"
VHI_M_2021-07_0000000000000000005e,35.29078101631561,2.348986653484923,95,7,Wet,2021,2021-07,"{""type"":""MultiPoint"",""coordinates"":[]}"
VHI_M_2021-07_0000000000000000005f,81.77237892933164,3.1760184473481936,96,7,Wet,2021,2021-07,"{""type"":""MultiPoint"",""coordinates"":[]}"
VHI_M_2021-07_000000000000000000b6,0.556508433490216,2.879019908116386,183,7,Wet,2021,2021-07,"{""type"":""MultiPoint"",""coordinates"":[]}"
VHI_M_2021-07_000000000000000000b7,0.5720683045586329,2.8741302972802023,184,7,Wet,2021,2021-07,"{""type"":""MultiPoint"",""coordinates"":[]}"
VHI_M_2021-07_000000000000000000b8,0.43207249067529874,2.0631970260223045,185,7,Wet,2021,2021-07,"{""type"":""MultiPoint"",""coordinates"":[]}"
VHI_M_2021-07_000000000000000000b9,39.412160269582884,3.288326078353779,186,7,Wet,2021,2021-07,"{""type"":""MultiPoint"",""coordinates"":[]}"
VHI_M_2021-07_000000000000000000ba,0.6236773394584657,3.2005333333333326,187,7,Wet,2021,2021-07,"{""type"":""MultiPoint"",""coordinates"":[]}"
VHI_M_2021-07_000000000000000000bb,0.464504944481472,2.1811881188118813,188,7,Wet,2021,2021-07,"{""type"":""MultiPoint"",""coordinates"":[]}"
VHI_M_2021-07_000000000000000001a0,34.2901904451553,4.0096566523605155,417,7,Wet,2021,2021-07,"{""type"":""MultiPoint"",""coordinates"":[]}"
VHI_M_2021-07_000000000000000001a1,0.5595180221786505,2.9497661789108465,418,7,Wet,2021,2021-07,"{""type"":""MultiPoint"",""coordinates"":[]}"
VHI_M_2021-07_000000000000000001a2,19.703167921936707,3.6886915643771223,419,7,Wet,2021,2021-07,"{""type"":""MultiPoint"",""coordinates"":[]}"
VHI_M_2021-07_000000000000000001a3,0.5106709996888598,2.6470588235294117,420,7,Wet,2021,2021-07,"{""type"":""MultiPoint"",""coordinates"":[]}"
VHI_M_2021-07_000000000000000001cb,41.33520508402286,2.3774461028192375,460,7,Wet,2021,2021-07,"{""type"":""MultiPoint"",""coordinates"":[]}"
VHI_M_2021-07_000000000000000001cc,79.86224615451619,3.271111111111112,461,7,Wet,2021,2021-07,"{""type"":""MultiPoint"",""coordinates"":[]}"
VHI_M_2021-07_0000000000000000021b,0.4798198173558544,2.335907335907336,540,7,Wet,2021,2021-07,"{""type"":""MultiPoint"",""coordinates"":[]}"
VHI_M_2021-07_0000000000000000021c,0.5561413189639215,3.0,541,7,Wet,2021,2021-07,"{""type"":""MultiPoint"",""coordinates"":[]}"
VHI_M_2021-07_0000000000000000021d,24.936436290591498,2.893066186402523,542,7,Wet,2021,2021-07,"{""type"":""MultiPoint"",""coordinates"":[]}"
VHI_M_2021-07_000000000000000000bf,0.5486530494403253,2.8670768083519764,192,7,Wet,2021,2021-07,"{""type"":""MultiPoint"",""coordinates"":[]}"
VHI_M_2021-07_000000000000000000c0,0.5836403575532527,3.0902472062309525,193,7,Wet,2021,2021-07,"{""type"":""MultiPoint"",""coordinates"":[]}"
VHI_M_2021-07_0000000000000000010a,0.6612289095488378,3.636163781258588,267,7,Wet,2021,2021-07,"{""type"":""MultiPoint"",""coordinates"":[]}"
VHI_M_2021-07_0000000000000000010b,56.689167366138996,4.085546077135649,268,7,Wet,2021,2021-07,"{""type"":""MultiPoint"",""coordinates"":[]}"
VHI_M_2021-07_00000000000000000226,3.0828083438365446,3.140783213370746,551,7,Wet,2021,2021-07,"{""type"":""MultiPoint"",""coordinates"":[]}"
VHI_M_2021-07_00000000000000000227,0.7087924350750145,3.732811140121845,552,7,Wet,2021,2021-07,"{""type"":""MultiPoint"",""coordinates"":[]}"
VHI_M_2021-07_000000000000000001a4,0.5625606318889418,2.72792288557214,421,7,Wet,2021,2021-07,"{""type"":""MultiPoint"",""coordinates"":[]}"
VHI_M_2021-07_000000000000000001a5,0.4727118970688129,2.134881825590872,422,7,Wet,2021,2021-07,"{""type"":""MultiPoint"",""coordinates"":[]}"
VHI_M_2021-07_000000000000000001a6,0.44700147090493486,2.039881831610044,423,7,Wet,2021,2021-07,"{""type"":""MultiPoint"",""coordinates"":[]}"
VHI_M_2021-07_000000000000000001a7,0.5138492550262633,2.6036764705882356,424,7,Wet,2021,2021-07,"{""type"":""MultiPoint"",""coordinates"":[]}"
VHI_M_2021-07_000000000000000001a8,0.49926561540314146,2.64626682986536,425,7,Wet,2021,2021-07,"{""type"":""MultiPoint"",""coordinates"":[]}"
VHI_M_2021-07_000000000000000001a9,0.41402735447045425,2.0109375,426,7,Wet,2021,2021-07,"{""type"":""MultiPoint"",""coordinates"":[]}"
VHI_M_2021-07_000000000000000001aa,0.43846244977001425,2.0991969768540386,427,7,Wet,2021,2021-07,"{""type"":""MultiPoint"",""coordinates"":[]}"
VHI_M_2021-07_000000000000000001fe,0.6847942039627221,3.516047144152313,511,7,Wet,2021,2021-07,"{""type"":""MultiPoint"",""coordinates"":[]}"
VHI_M_2021-07_000000000000000001ff,61.85953411683593,3.179206890024606,512,7,Wet,2021,2021-07,"{""type"":""MultiPoint"",""coordinates"":[]}"
VHI_M_2021-07_00000000000000000200,0.48912815089599654,2.095377413692218,513,7,Wet,2021,2021-07,"{""type"":""MultiPoint"",""coordinates"":[]}"
VHI_M_2021-07_00000000000000000201,101.92342777901344,3.7733263046916177,514,7,Wet,2021,2021-07,"{""type"":""MultiPoint"",""coordinates"":[]}"
VHI_M_2021-07_00000000000000000202,0.5418604791780466,2.5650301464254954,515,7,Wet,2021,2021-07,"{""type"":""MultiPoint"",""coordinates"":[]}"
VHI_M_2021-07_00000000000000000002,18.597239414619793,2.4323019530392793,3,7,Wet,2021,2021-07,"{""type"":""MultiPoint"",""coordinates"":[]}"
VHI_M_2021-07_0000000000000000000d,17.064474799443495,2.653619674402494,14,7,Wet,2021,2021-07,"{""type"":""MultiPoint"",""coordinates"":[]}"
VHI_M_2021-07_00000000000000000027,53.45357164378158,2.824832464631422,40,7,Wet,2021,2021-07,"{""type"":""MultiPoint"",""coordinates"":[]}"
VHI_M_2021-07_00000000000000000070,0.5030619860570953,2.4982957773149024,113,7,Wet,2021,2021-07,"{""type"":""MultiPoint"",""coordinates"":[]}"
VHI_M_2021-07_00000000000000000071,0.42973403056113,2.077523903577681,114,7,Wet,2021,2021-07,"{""type"":""MultiPoint"",""coordinates"":[]}"
VHI_M_2021-07_000000000000000001b0,55.971343954230655,2.8024357239512856,433,7,Wet,2021,2021-07,"{""type"":""MultiPoint"",""coordinates"":[]}"
VHI_M_2021-07_000000000000000001b1,7.538618636240326,2.9001201762585125,434,7,Wet,2021,2021-07,"{""type"":""MultiPoint"",""coordinates"":[]}"
VHI_M_2021-07_000000000000000001b2,90.96783176810872,3.1526672211001543,435,7,Wet,2021,2021-07,"{""type"":""MultiPoint"",""coordinates"":[]}"
VHI_M_2021-07_000000000000000001cd,1.5237924674676941,3.7244683853393377,462,7,Wet,2021,2021-07,"{""type"":""MultiPoint"",""coordinates"":[]}"
VHI_M_2021-07_000000000000000001ce,0.5567823950240985,2.8739494317681267,463,7,Wet,2021,2021-07,"{""type"":""MultiPoint"",""coordinates"":[]}"
VHI_M_2021-07_000000000000000001cf,22.462454040206133,3.8903946388682047,464,7,Wet,2021,2021-07,"{""type"":""MultiPoint"",""coordinates"":[]}"
VHI_M_2021-07_0000000000000000001c,0.5640833616867703,2.954687833456102,29,7,Wet,2021,2021-07,"{""type"":""MultiPoint"",""coordinates"":[]}"
VHI_M_2021-07_0000000000000000001d,0.576538330755506,3.021849287169043,30,7,Wet,2021,2021-07,"{""type"":""MultiPoint"",""coordinates"":[]}"
VHI_M_2021-07_0000000000000000001e,0.597794010690483,3.148016365063104,31,7,Wet,2021,2021-07,"{""type"":""MultiPoint"",""coordinates"":[]}"
VHI_M_2021-07_00000000000000000026,0.46029973251938966,2.3045360436664786,39,7,Wet,2021,2021-07,"{""type"":""MultiPoint"",""coordinates"":[]}"
VHI_M_2021-07_000000000000000000f9,0.5940106625414572,3.1606327504799445,250,7,Wet,2021,2021-07,"{""type"":""MultiPoint"",""coordinates"":[]}"
VHI_M_2021-07_000000000000000000fa,0.6223717605075357,3.2887609869272287,251,7,Wet,2021,2021-07,"{""type"":""MultiPoint"",""coordinates"":[]}"
VHI_M_2021-07_000000000000000000fb,0.543765774046618,2.8059446232645437,252,7,Wet,2021,2021-07,"{""type"":""MultiPoint"",""coordinates"":[]}"
VHI_M_2021-07_000000000000000000fc,0.6384711014883377,3.329914163090129,253,7,Wet,2021,2021-07,"{""type"":""MultiPoint"",""coordinates"":[]}"
VHI_M_2021-07_00000000000000000163,0.5094269439471355,2.549173452268915,356,7,Wet,2021,2021-07,"{""type"":""MultiPoint"",""coordinates"":[]}"
VHI_M_2021-07_00000000000000000164,0.5103993366746414,2.5732268009344694,357,7,Wet,2021,2021-07,"{""type"":""MultiPoint"",""coordinates"":[]}"
VHI_M_2021-07_00000000000000000165,0.5093665103075437,2.625149857746973,358,7,Wet,2021,2021-07,"{""type"":""MultiPoint"",""coordinates"":[]}"
VHI_M_2021-07_00000000000000000166,0.5005956127750526,2.4935178718811506,359,7,Wet,2021,2021-07,"{""type"":""MultiPoint"",""coordinates"":[]}"
VHI_M_2021-07_00000000000000000149,0.5831920260180965,3.0276047776894166,330,7,Wet,2021,2021-07,"{""type"":""MultiPoint"",""coordinates"":[]}"
VHI_M_2021-07_0000000000000000014a,0.5873944671112936,3.034206608600421,331,7,Wet,2021,2021-07,"{""type"":""MultiPoint"",""coordinates"":[]}"
VHI_M_2021-07_0000000000000000014b,0.5879989541219419,3.060798963937042,332,7,Wet,2021,2021-07,"{""type"":""MultiPoint"",""coordinates"":[]}"
VHI_M_2021-07_0000000000000000014c,0.5772795480505286,2.983355763544788,333,7,Wet,2021,2021-07,"{""type"":""MultiPoint"",""coordinates"":[]}"
VHI_M_2021-07_0000000000000000014d,0.5200197368533995,2.6621302182544246,334,7,Wet,2021,2021-07,"{""type"":""MultiPoint"",""coordinates"":[]}"
VHI_M_2021-07_0000000000000000014e,0.6032564529938027,3.1846564052842083,335,7,Wet,2021,2021-07,"{""type"":""MultiPoint"",""coordinates"":[]}"
VHI_M_2021-07_00000000000000000158,0.47768050960284514,2.363985911358967,345,7,Wet,2021,2021-07,"{""type"":""MultiPoint"",""coordinates"":[]}"
VHI_M_2021-07_00000000000000000159,0.6153663260556271,3.246296541672187,346,7,Wet,2021,2021-07,"{""type"":""MultiPoint"",""coordinates"":[]}"
VHI_M_2021-07_0000000000000000015a,0.5178923341727062,2.641942637492607,347,7,Wet,2021,2021-07,"{""type"":""MultiPoint"",""coordinates"":[]}"
VHI_M_2021-07_0000000000000000015b,0.5672588545906069,2.9454205825696103,348,7,Wet,2021,2021-07,"{""type"":""MultiPoint"",""coordinates"":[]}"
VHI_M_2021-07_0000000000000000015c,0.4822182719688013,2.330540458084272,349,7,Wet,2021,2021-07,"{""type"":""MultiPoint"",""coordinates"":[]}"
VHI_M_2021-07_0000000000000000015d,0.5601253396552117,2.983372943244006,350,7,Wet,2021,2021-07,"{""type"":""MultiPoint"",""coordinates"":[]}"
VHI_M_2021-07_00000000000000000008,0.4984573993501972,2.4771448316714375,9,7,Wet,2021,2021-07,"{""type"":""MultiPoint"",""coordinates"":[]}"
VHI_M_2021-07_000000000000000000c2,0.5478913953210257,2.832292389544298,195,7,Wet,2021,2021-07,"{""type"":""MultiPoint"",""coordinates"":[]}"
VHI_M_2021-07_000000000000000000c3,0.4672838167786734,2.302621716081604,196,7,Wet,2021,2021-07,"{""type"":""MultiPoint"",""coordinates"":[]}"
VHI_M_2021-07_000000000000000000c4,0.6201585734652598,3.2441281847133774,197,7,Wet,2021,2021-07,"{""type"":""MultiPoint"",""coordinates"":[]}"
VHI_M_2021-07_000000000000000000c5,0.48312969733525546,2.382679386146827,198,7,Wet,2021,2021-07,"{""type"":""MultiPoint"",""coordinates"":[]}"
VHI_M_2021-07_000000000000000000c6,0.5190351872061437,2.6694107770179403,199,7,Wet,2021,2021-07,"{""type"":""MultiPoint"",""coordinates"":[]}"
VHI_M_2021-07_000000000000000000c7,0.5227216476574387,2.667648175412281,200,7,Wet,2021,2021-07,"{""type"":""MultiPoint"",""coordinates"":[]}"
VHI_M_2021-07_000000000000000000c8,0.48169902442240453,2.3728433846629255,201,7,Wet,2021,2021-07,"{""type"":""MultiPoint"",""coordinates"":[]}"
VHI_M_2021-07_000000000000000000c9,0.5207887540190541,2.659694380323708,202,7,Wet,2021,2021-07,"{""type"":""MultiPoint"",""coordinates"":[]}"
VHI_M_2021-07_00000000000000000136,0.567636994664019,2.967753254500157,311,7,Wet,2021,2021-07,"{""type"":""MultiPoint"",""coordinates"":[]}"
VHI_M_2021-07_00000000000000000137,0.6342079330432674,3.367447889112262,312,7,Wet,2021,2021-07,"{""type"":""MultiPoint"",""coordinates"":[]}"
VHI_M_2021-07_00000000000000000138,0.5767339898577415,3.025070882044512,313,7,Wet,2021,2021-07,"{""type"":""MultiPoint"",""coordinates"":[]}"
VHI_M_2021-07_00000000000000000139,0.5572459831379134,2.969378016037963,314,7,Wet,2021,2021-07,"{""type"":""MultiPoint"",""coordinates"":[]}"
VHI_M_2021-07_0000000000000000013a,0.5668311143878091,2.9500302808435284,315,7,Wet,2021,2021-07,"{""type"":""MultiPoint"",""coordinates"":[]}"
VHI_M_2021-07_000000000000000001ef,0.4914938232444845,2.4353908959163597,496,7,Wet,2021,2021-07,"{""type"":""MultiPoint"",""coordinates"":[]}"
VHI_M_2021-07_000000000000000001f0,0.5242912661530696,2.6861688700974975,497,7,Wet,2021,2021-07,"{""type"":""MultiPoint"",""coordinates"":[]}"
VHI_M_2021-07_00000000000000000081,0.354689699182036,1.402275926794932,130,7,Wet,2021,2021-07,"{""type"":""MultiPoint"",""coordinates"":[]}"
VHI_M_2021-07_000000000000000000a0,0.48195502686527686,2.46634327464367,161,7,Wet,2021,2021-07,"{""type"":""MultiPoint"",""coordinates"":[]}"
VHI_M_2021-07_000000000000000000a1,31.974031571185872,2.533816425120774,162,7,Wet,2021,2021-07,"{""type"":""MultiPoint"",""coordinates"":[]}"
VHI_M_2021-07_000000000000000000a2,8.681362960200826,2.858149430737194,163,7,Wet,2021,2021-07,"{""type"":""MultiPoint"",""coordinates"":[]}"
VHI_M_2021-07_000000000000000000a3,5.455562756521635,1.9431703929091149,164,7,Wet,2021,2021-07,"{""type"":""MultiPoint"",""coordinates"":[]}"
VHI_M_2021-07_000000000000000000a4,78.00975372361172,3.6295619644177646,165,7,Wet,2021,2021-07,"{""type"":""MultiPoint"",""coordinates"":[]}"
VHI_M_2021-07_0000000000000000014f,0.494034538528987,2.391585495620857,336,7,Wet,2021,2021-07,"{""type"":""MultiPoint"",""coordinates"":[]}"
VHI_M_2021-07_00000000000000000150,0.42272768790686405,2.018779840848807,337,7,Wet,2021,2021-07,"{""type"":""MultiPoint"",""coordinates"":[]}"
VHI_M_2021-07_00000000000000000151,2.2307265626708452,3.1147653129819277,338,7,Wet,2021,2021-07,"{""type"":""MultiPoint"",""coordinates"":[]}"
VHI_M_2021-07_00000000000000000152,0.5105683323580694,2.643560552891895,339,7,Wet,2021,2021-07,"{""type"":""MultiPoint"",""coordinates"":[]}"
VHI_M_2021-07_00000000000000000153,0.5282074066089699,2.7448444878359797,340,7,Wet,2021,2021-07,"{""type"":""MultiPoint"",""coordinates"":[]}"
VHI_M_2021-07_00000000000000000171,0.5543225862147253,2.790046591137628,370,7,Wet,2021,2021-07,"{""type"":""MultiPoint"",""coordinates"":[]}"
VHI_M_2021-07_00000000000000000172,0.49290165983686607,2.4594991791958716,371,7,Wet,2021,2021-07,"{""type"":""MultiPoint"",""coordinates"":[]}"
VHI_M_2021-07_00000000000000000173,0.5438772574497405,2.7773605918383586,372,7,Wet,2021,2021-07,"{""type"":""MultiPoint"",""coordinates"":[]}"
VHI_M_2021-07_000000000000000001f1,0.5423130671320355,2.7570278733613534,498,7,Wet,2021,2021-07,"{""type"":""MultiPoint"",""coordinates"":[]}"
VHI_M_2021-07_000000000000000001f2,0.448487708374091,2.1897707038205607,499,7,Wet,2021,2021-07,"{""type"":""MultiPoint"",""coordinates"":[]}"
VHI_M_2021-07_000000000000000001f3,0.4046445291454936,1.952808975216876,500,7,Wet,2021,2021-07,"{""type"":""MultiPoint"",""coordinates"":[]}"
VHI_M_2021-07_00000000000000000092,0.4154590720036862,1.9018201804841897,147,7,Wet,2021,2021-07,"{""type"":""MultiPoint"",""coordinates"":[]}"
VHI_M_2021-07_00000000000000000093,0.489599155443052,2.4174684845503833,148,7,Wet,2021,2021-07,"{""type"":""MultiPoint"",""coordinates"":[]}"
VHI_M_2021-07_00000000000000000094,0.6754968406483393,2.467661170083143,149,7,Wet,2021,2021-07,"{""type"":""MultiPoint"",""coordinates"":[]}"
VHI_M_2021-07_00000000000000000095,13.069867678367201,3.2642719067684656,150,7,Wet,2021,2021-07,"{""type"":""MultiPoint"",""coordinates"":[]}"
VHI_M_2021-07_00000000000000000096,0.44725673690860546,2.1042748823871573,151,7,Wet,2021,2021-07,"{""type"":""MultiPoint"",""coordinates"":[]}"
VHI_M_2021-07_00000000000000000097,0.40765082997215524,2.0,152,7,Wet,2021,2021-07,"{""type"":""MultiPoint"",""coordinates"":[]}"
VHI_M_2021-07_00000000000000000098,0.5993617761059333,3.0471398305084745,153,7,Wet,2021,2021-07,"{""type"":""MultiPoint"",""coordinates"":[]}"
VHI_M_2021-07_000000000000000000a9,0.6258314042274806,3.0950178684044567,170,7,Wet,2021,2021-07,"{""type"":""MultiPoint"",""coordinates"":[]}"
VHI_M_2021-07_0000000000000000017c,61.8803978740667,3.955795605720794,381,7,Wet,2021,2021-07,"{""type"":""MultiPoint"",""coordinates"":[]}"
VHI_M_2021-07_0000000000000000017d,38.96940915899311,3.3990286230277253,382,7,Wet,2021,2021-07,"{""type"":""MultiPoint"",""coordinates"":[]}"
VHI_M_2021-07_0000000000000000017e,11.761817070555932,3.681203806739855,383,7,Wet,2021,2021-07,"{""type"":""MultiPoint"",""coordinates"":[]}"
VHI_M_2021-07_000000000000000001ee,0.4925788928457606,2.464686163449312,495,7,Wet,2021,2021-07,"{""type"":""MultiPoint"",""coordinates"":[]}"
VHI_M_2021-07_0000000000000000020d,0.6895985704660941,3.9253547193090688,526,7,Wet,2021,2021-07,"{""type"":""MultiPoint"",""coordinates"":[]}"
VHI_M_2021-07_0000000000000000020e,3.841443141315287,3.3192628930078625,527,7,Wet,2021,2021-07,"{""type"":""MultiPoint"",""coordinates"":[]}"
VHI_M_2021-07_0000000000000000020f,0.7024909500148803,3.8599237820578836,528,7,Wet,2021,2021-07,"{""type"":""MultiPoint"",""coordinates"":[]}"
VHI_M_2021-07_00000000000000000210,0.6149429606412101,3.243127741986483,529,7,Wet,2021,2021-07,"{""type"":""MultiPoint"",""coordinates"":[]}"
VHI_M_2021-07_00000000000000000211,11.94425146147686,3.358894673608329,530,7,Wet,2021,2021-07,"{""type"":""MultiPoint"",""coordinates"":[]}"
VHI_M_2021-07_00000000000000000058,0.471597584716651,2.283755608116761,89,7,Wet,2021,2021-07,"{""type"":""MultiPoint"",""coordinates"":[]}"
VHI_M_2021-07_00000000000000000059,0.5033583761435723,2.563807195249736,90,7,Wet,2021,2021-07,"{""type"":""MultiPoint"",""coordinates"":[]}"
VHI_M_2021-07_0000000000000000018b,0.5196030879595944,2.6436181324420307,396,7,Wet,2021,2021-07,"{""type"":""MultiPoint"",""coordinates"":[]}"
VHI_M_2021-07_0000000000000000018c,0.5526549585659027,2.794591554066315,397,7,Wet,2021,2021-07,"{""type"":""MultiPoint"",""coordinates"":[]}"
VHI_M_2021-07_0000000000000000018d,0.5124166433188668,2.587201392731968,398,7,Wet,2021,2021-07,"{""type"":""MultiPoint"",""coordinates"":[]}"
VHI_M_2021-07_0000000000000000018e,0.48937291129130495,2.48662226693029,399,7,Wet,2021,2021-07,"{""type"":""MultiPoint"",""coordinates"":[]}"
VHI_M_2021-07_00000000000000000036,0.31125339790976103,1.1998640380693404,55,7,Wet,2021,2021-07,"{""type"":""MultiPoint"",""coordinates"":[]}"
VHI_M_2021-07_000000000000000000db,0.4072734937507973,1.9034360391715288,220,7,Wet,2021,2021-07,"{""type"":""MultiPoint"",""coordinates"":[]}"
VHI_M_2021-07_000000000000000000dc,0.42316471901169395,2.020246384574182,221,7,Wet,2021,2021-07,"{""type"":""MultiPoint"",""coordinates"":[]}"
VHI_M_2021-07_000000000000000000dd,0.4505751576788724,2.185120136247955,222,7,Wet,2021,2021-07,"{""type"":""MultiPoint"",""coordinates"":[]}"
VHI_M_2021-07_00000000000000000102,0.6712279203709489,3.6301875854072616,259,7,Wet,2021,2021-07,"{""type"":""MultiPoint"",""coordinates"":[]}"
VHI_M_2021-07_00000000000000000103,0.6388189445359003,3.3748281527679977,260,7,Wet,2021,2021-07,"{""type"":""MultiPoint"",""coordinates"":[]}"
VHI_M_2021-07_00000000000000000104,0.4825959564042388,2.395968426100108,261,7,Wet,2021,2021-07,"{""type"":""MultiPoint"",""coordinates"":[]}"
VHI_M_2021-07_00000000000000000105,0.5126207434106392,2.5264568200161417,262,7,Wet,2021,2021-07,"{""type"":""MultiPoint"",""coordinates"":[]}"
VHI_M_2021-07_0000000000000000000a,0.5693930754539093,2.9560225243785205,11,7,Wet,2021,2021-07,"{""type"":""MultiPoint"",""coordinates"":[]}"
VHI_M_2021-07_000000000000000000b1,0.5315690890539542,2.7089266010113797,178,7,Wet,2021,2021-07,"{""type"":""MultiPoint"",""coordinates"":[]}"
VHI_M_2021-07_000000000000000000b2,0.5374630555654815,2.736923427851427,179,7,Wet,2021,2021-07,"{""type"":""MultiPoint"",""coordinates"":[]}"
VHI_M_2021-07_000000000000000000b3,0.4620361761950527,2.267266712991111,180,7,Wet,2021,2021-07,"{""type"":""MultiPoint"",""coordinates"":[]}"
VHI_M_2021-07_000000000000000000ca,0.45621590475730467,2.176318874560375,203,7,Wet,2021,2021-07,"{""type"":""MultiPoint"",""coordinates"":[]}"
VHI_M_2021-07_000000000000000000d2,0.6093115720932402,3.2348700181767156,211,7,Wet,2021,2021-07,"{""type"":""MultiPoint"",""coordinates"":[]}"
VHI_M_2021-07_000000000000000000d3,0.5554962164240914,2.8847755118715566,212,7,Wet,2021,2021-07,"{""type"":""MultiPoint"",""coordinates"":[]}"
VHI_M_2021-07_000000000000000000d4,0.4843552016115799,2.4084033415488086,213,7,Wet,2021,2021-07,"{""type"":""MultiPoint"",""coordinates"":[]}"
VHI_M_2021-07_000000000000000000d5,0.6340338280087336,3.370381905771073,214,7,Wet,2021,2021-07,"{""type"":""MultiPoint"",""coordinates"":[]}"
VHI_M_2021-07_000000000000000000bc,0.49196839567510947,2.486196460201675,189,7,Wet,2021,2021-07,"{""type"":""MultiPoint"",""coordinates"":[]}"
VHI_M_2021-07_000000000000000000bd,0.4504839194269268,2.183143386198294,190,7,Wet,2021,2021-07,"{""type"":""MultiPoint"",""coordinates"":[]}"
VHI_M_2021-07_000000000000000000be,0.5129101139621254,2.607455667465408,191,7,Wet,2021,2021-07,"{""type"":""MultiPoint"",""coordinates"":[]}"
VHI_M_2021-07_000000000000000000f1,0.5331184836911235,2.606235827664398,242,7,Wet,2021,2021-07,"{""type"":""MultiPoint"",""coordinates"":[]}"
VHI_M_2021-07_00000000000000000100,0.5783610308041272,3.014761755200049,257,7,Wet,2021,2021-07,"{""type"":""MultiPoint"",""coordinates"":[]}"
VHI_M_2021-07_00000000000000000101,0.6929783695618926,3.789339880499239,258,7,Wet,2021,2021-07,"{""type"":""MultiPoint"",""coordinates"":[]}"
VHI_M_2021-07_0000000000000000012f,0.6438121337250668,3.443972146290642,304,7,Wet,2021,2021-07,"{""type"":""MultiPoint"",""coordinates"":[]}"
VHI_M_2021-07_00000000000000000130,0.4676885529380942,2.298433740978348,305,7,Wet,2021,2021-07,"{""type"":""MultiPoint"",""coordinates"":[]}"
VHI_M_2021-07_00000000000000000131,0.5055728140697597,2.540832572310626,306,7,Wet,2021,2021-07,"{""type"":""MultiPoint"",""coordinates"":[]}"
VHI_M_2021-07_00000000000000000065,0.6087531072870276,3.193755477778922,102,7,Wet,2021,2021-07,"{""type"":""MultiPoint"",""coordinates"":[]}"
VHI_M_2021-07_00000000000000000066,0.6049438142254097,3.1858550644598993,103,7,Wet,2021,2021-07,"{""type"":""MultiPoint"",""coordinates"":[]}"
VHI_M_2021-07_00000000000000000067,0.6512064982090366,3.4905289182081503,104,7,Wet,2021,2021-07,"{""type"":""MultiPoint"",""coordinates"":[]}"
VHI_M_2021-07_00000000000000000068,0.5742344033412377,2.9879271235630505,105,7,Wet,2021,2021-07,"{""type"":""MultiPoint"",""coordinates"":[]}"
VHI_M_2021-07_00000000000000000109,0.5293685838315944,2.7006338934926863,266,7,Wet,2021,2021-07,"{""type"":""MultiPoint"",""coordinates"":[]}"
VHI_M_2021-07_000000000000000001c1,0.6174879091897195,3.2843157816687314,450,7,Wet,2021,2021-07,"{""type"":""MultiPoint"",""coordinates"":[]}"
VHI_M_2021-07_000000000000000001c2,0.5390599754203835,2.758917003998598,451,7,Wet,2021,2021-07,"{""type"":""MultiPoint"",""coordinates"":[]}"
VHI_M_2021-07_00000000000000000113,0.40407228591908717,1.9010445299615175,276,7,Wet,2021,2021-07,"{""type"":""MultiPoint"",""coordinates"":[]}"
VHI_M_2021-07_00000000000000000114,0.45083631616856445,2.121667833216678,277,7,Wet,2021,2021-07,"{""type"":""MultiPoint"",""coordinates"":[]}"
VHI_M_2021-07_00000000000000000115,0.41130585077745113,1.954387745923231,278,7,Wet,2021,2021-07,"{""type"":""MultiPoint"",""coordinates"":[]}"
VHI_M_2021-07_00000000000000000116,0.46903970333222994,2.2746285465897413,279,7,Wet,2021,2021-07,"{""type"":""MultiPoint"",""coordinates"":[]}"
VHI_M_2021-07_00000000000000000117,0.38021418837593934,1.7138946676886022,280,7,Wet,2021,2021-07,"{""type"":""MultiPoint"",""coordinates"":[]}"
VHI_M_2021-07_00000000000000000167,0.4882054234572369,2.3587495865034733,360,7,Wet,2021,2021-07,"{""type"":""MultiPoint"",""coordinates"":[]}"
VHI_M_2021-07_00000000000000000168,0.5001883364245315,2.5097812421423185,361,7,Wet,2021,2021-07,"{""type"":""MultiPoint"",""coordinates"":[]}"
VHI_M_2021-07_00000000000000000169,0.4815010161620944,2.3706884082794737,362,7,Wet,2021,2021-07,"{""type"":""MultiPoint"",""coordinates"":[]}"
VHI_M_2021-07_0000000000000000016a,0.4697686193657539,2.2440278819856236,363,7,Wet,2021,2021-07,"{""type"":""MultiPoint"",""coordinates"":[]}"
VHI_M_2021-07_0000000000000000016b,0.5221437801104067,2.660288437959784,364,7,Wet,2021,2021-07,"{""type"":""MultiPoint"",""coordinates"":[]}"
VHI_M_2021-07_0000000000000000016c,0.4365234203793376,2.073770564341278,365,7,Wet,2021,2021-07,"{""type"":""MultiPoint"",""coordinates"":[]}"
VHI_M_2021-07_0000000000000000016d,0.492580594002139,2.4869349336476803,366,7,Wet,2021,2021-07,"{""type"":""MultiPoint"",""coordinates"":[]}"
VHI_M_2021-07_000000000000000000cb,0.4656935032851914,2.2286386482729124,204,7,Wet,2021,2021-07,"{""type"":""MultiPoint"",""coordinates"":[]}"
VHI_M_2021-07_000000000000000000eb,15.354279099654484,2.716723364460646,236,7,Wet,2021,2021-07,"{""type"":""MultiPoint"",""coordinates"":[]}"
VHI_M_2021-07_000000000000000000ec,0.3684956023742353,1.622613131665551,237,7,Wet,2021,2021-07,"{""type"":""MultiPoint"",""coordinates"":[]}"
VHI_M_2021-07_000000000000000000ed,0.3788936216733406,1.7163029451406624,238,7,Wet,2021,2021-07,"{""type"":""MultiPoint"",""coordinates"":[]}"
VHI_M_2021-07_000000000000000000ee,0.4394482075517013,2.209340866290019,239,7,Wet,2021,2021-07,"{""type"":""MultiPoint"",""coordinates"":[]}"
VHI_M_2021-07_000000000000000000ef,0.5492121158736881,2.81878462554181,240,7,Wet,2021,2021-07,"{""type"":""MultiPoint"",""coordinates"":[]}"
VHI_M_2021-07_00000000000000000146,0.34294027292069873,1.447716468724015,327,7,Wet,2021,2021-07,"{""type"":""MultiPoint"",""coordinates"":[]}"
VHI_M_2021-07_00000000000000000147,8.373976995258204,1.9035692278522995,328,7,Wet,2021,2021-07,"{""type"":""MultiPoint"",""coordinates"":[]}"
VHI_M_2021-07_00000000000000000148,0.3847601590738953,1.6875107369867723,329,7,Wet,2021,2021-07,"{""type"":""MultiPoint"",""coordinates"":[]}"
VHI_M_2021-07_0000000000000000015e,0.5189812902689804,2.6989372139877315,351,7,Wet,2021,2021-07,"{""type"":""MultiPoint"",""coordinates"":[]}"
VHI_M_2021-07_0000000000000000015f,0.5337317261869812,2.796609498158197,352,7,Wet,2021,2021-07,"{""type"":""MultiPoint"",""coordinates"":[]}"
VHI_M_2021-07_00000000000000000160,0.46215185249459506,2.2719013276157063,353,7,Wet,2021,2021-07,"{""type"":""MultiPoint"",""coordinates"":[]}"
VHI_M_2021-07_00000000000000000161,0.5006951835725445,2.618595217762595,354,7,Wet,2021,2021-07,"{""type"":""MultiPoint"",""coordinates"":[]}"
VHI_M_2021-07_00000000000000000162,4.482499748029599,2.9172939439941596,355,7,Wet,2021,2021-07,"{""type"":""MultiPoint"",""coordinates"":[]}"
VHI_M_2021-07_00000000000000000010,0.8049703438387945,4.659155186570568,17,7,Wet,2021,2021-07,"{""type"":""MultiPoint"",""coordinates"":[]}"
VHI_M_2021-07_00000000000000000121,0.6731329629467994,3.612920085422054,290,7,Wet,2021,2021-07,"{""type"":""MultiPoint"",""coordinates"":[]}"
VHI_M_2021-07_00000000000000000122,0.8098810861398216,3.679576333853699,291,7,Wet,2021,2021-07,"{""type"":""MultiPoint"",""coordinates"":[]}"
VHI_M_2021-07_00000000000000000123,0.6812941660425623,3.708625423677673,292,7,Wet,2021,2021-07,"{""type"":""MultiPoint"",""coordinates"":[]}"
VHI_M_2021-07_0000000000000000019a,0.7383781634382824,4.0700064598413235,411,7,Wet,2021,2021-07,"{""type"":""MultiPoint"",""coordinates"":[]}"
VHI_M_2021-07_0000000000000000019b,0.6953928598951207,3.800883380640567,412,7,Wet,2021,2021-07,"{""type"":""MultiPoint"",""coordinates"":[]}"
VHI_M_2021-07_0000000000000000019c,0.5365622143813898,2.735409012021058,413,7,Wet,2021,2021-07,"{""type"":""MultiPoint"",""coordinates"":[]}"
VHI_M_2021-07_0000000000000000019d,0.6881792929836739,3.748638230118159,414,7,Wet,2021,2021-07,"{""type"":""MultiPoint"",""coordinates"":[]}"
VHI_M_2021-07_0000000000000000019e,4.356145230786679,3.9466794566914305,415,7,Wet,2021,2021-07,"{""type"":""MultiPoint"",""coordinates"":[]}"
VHI_M_2021-07_0000000000000000019f,0.7448513925120542,4.136681742812882,416,7,Wet,2021,2021-07,"{""type"":""MultiPoint"",""coordinates"":[]}"
VHI_M_2021-07_00000000000000000216,0.4870820439903744,2.5385114318144963,535,7,Wet,2021,2021-07,"{""type"":""MultiPoint"",""coordinates"":[]}"
VHI_M_2021-07_00000000000000000217,0.7678557472295522,3.8796717594424335,536,7,Wet,2021,2021-07,"{""type"":""MultiPoint"",""coordinates"":[]}"
VHI_M_2021-07_00000000000000000218,0.5461294092114187,2.8331118493909195,537,7,Wet,2021,2021-07,"{""type"":""MultiPoint"",""coordinates"":[]}"
VHI_M_2021-07_00000000000000000219,0.5895340706705622,3.1349411295542056,538,7,Wet,2021,2021-07,"{""type"":""MultiPoint"",""coordinates"":[]}"
VHI_M_2021-07_0000000000000000021a,8.458586385408505,3.380216730772611,539,7,Wet,2021,2021-07,"{""type"":""MultiPoint"",""coordinates"":[]}"
VHI_M_2021-07_00000000000000000004,0.6780839183089101,3.6505866271784924,5,7,Wet,2021,2021-07,"{""type"":""MultiPoint"",""coordinates"":[]}"
VHI_M_2021-07_00000000000000000028,0.562254866269405,2.9387287686789216,41,7,Wet,2021,2021-07,"{""type"":""MultiPoint"",""coordinates"":[]}"
VHI_M_2021-07_00000000000000000029,0.5155261921632628,2.596453436206904,42,7,Wet,2021,2021-07,"{""type"":""MultiPoint"",""coordinates"":[]}"
VHI_M_2021-07_0000000000000000002a,0.5943050971290996,3.1244576458082864,43,7,Wet,2021,2021-07,"{""type"":""MultiPoint"",""coordinates"":[]}"
VHI_M_2021-07_0000000000000000002b,0.6242809787819251,3.3198714010746833,44,7,Wet,2021,2021-07,"{""type"":""MultiPoint"",""coordinates"":[]}"
VHI_M_2021-07_000000000000000000a7,0.5740022699839882,2.9894475972726937,168,7,Wet,2021,2021-07,"{""type"":""MultiPoint"",""coordinates"":[]}"
VHI_M_2021-07_000000000000000000a8,0.5296860547560708,2.683232760718283,169,7,Wet,2021,2021-07,"{""type"":""MultiPoint"",""coordinates"":[]}"
VHI_M_2021-07_0000000000000000000c,0.6129510825477695,3.2925043209315024,13,7,Wet,2021,2021-07,"{""type"":""MultiPoint"",""coordinates"":[]}"
VHI_M_2021-07_00000000000000000060,0.496924469946248,2.4990363700586844,97,7,Wet,2021,2021-07,"{""type"":""MultiPoint"",""coordinates"":[]}"
VHI_M_2021-07_00000000000000000061,0.4674317007671088,2.2791798848548934,98,7,Wet,2021,2021-07,"{""type"":""MultiPoint"",""coordinates"":[]}"
VHI_M_2021-07_00000000000000000062,0.487582320870314,2.4235204326482918,99,7,Wet,2021,2021-07,"{""type"":""MultiPoint"",""coordinates"":[]}"
VHI_M_2021-07_00000000000000000063,0.5749199181269129,3.0031594274015467,100,7,Wet,2021,2021-07,"{""type"":""MultiPoint"",""coordinates"":[]}"
VHI_M_2021-07_00000000000000000064,0.5125331001624952,2.6042883928905627,101,7,Wet,2021,2021-07,"{""type"":""MultiPoint"",""coordinates"":[]}"
VHI_M_2021-07_00000000000000000011,0.5211867886816923,2.6434525641814943,18,7,Wet,2021,2021-07,"{""type"":""MultiPoint"",""coordinates"":[]}"
VHI_M_2021-07_00000000000000000033,0.5390694372991471,2.7700368647122,52,7,Wet,2021,2021-07,"{""type"":""MultiPoint"",""coordinates"":[]}"
VHI_M_2021-07_00000000000000000034,0.47232239064914605,2.3170266467049028,53,7,Wet,2021,2021-07,"{""type"":""MultiPoint"",""coordinates"":[]}"
VHI_M_2021-07_000000000000000001b3,0.7320232982995643,4.0327690587377605,436,7,Wet,2021,2021-07,"{""type"":""MultiPoint"",""coordinates"":[]}"
VHI_M_2021-07_000000000000000001b4,0.6889422268045,3.752753162160113,437,7,Wet,2021,2021-07,"{""type"":""MultiPoint"",""coordinates"":[]}"
VHI_M_2021-07_000000000000000001b5,0.7012563369338711,3.84577505211323,438,7,Wet,2021,2021-07,"{""type"":""MultiPoint"",""coordinates"":[]}"
VHI_M_2021-07_00000000000000000005,0.47469218475624825,2.365562823657671,6,7,Wet,2021,2021-07,"{""type"":""MultiPoint"",""coordinates"":[]}"
VHI_M_2021-07_00000000000000000082,0.5914357296194989,3.1132640393369218,131,7,Wet,2021,2021-07,"{""type"":""MultiPoint"",""coordinates"":[]}"
VHI_M_2021-07_00000000000000000083,0.7197856995588805,3.9739013718801997,132,7,Wet,2021,2021-07,"{""type"":""MultiPoint"",""coordinates"":[]}"
VHI_M_2021-07_00000000000000000084,0.6263701376850279,3.3493549773115485,133,7,Wet,2021,2021-07,"{""type"":""MultiPoint"",""coordinates"":[]}"
VHI_M_2021-07_00000000000000000085,0.7525522389020823,4.091474539724663,134,7,Wet,2021,2021-07,"{""type"":""MultiPoint"",""coordinates"":[]}"
VHI_M_2021-07_00000000000000000086,0.5395334165143076,2.754820375674807,135,7,Wet,2021,2021-07,"{""type"":""MultiPoint"",""coordinates"":[]}"
VHI_M_2021-07_00000000000000000087,0.5569728597285287,2.9409505930540143,136,7,Wet,2021,2021-07,"{""type"":""MultiPoint"",""coordinates"":[]}"
VHI_M_2021-07_0000000000000000010c,1.1385821624070063,3.3307192783031416,269,7,Wet,2021,2021-07,"{""type"":""MultiPoint"",""coordinates"":[]}"
VHI_M_2021-07_0000000000000000010d,0.6250586939684946,3.3191928077879953,270,7,Wet,2021,2021-07,"{""type"":""MultiPoint"",""coordinates"":[]}"
VHI_M_2021-07_0000000000000000010e,0.6740659972220616,3.7101200339489964,271,7,Wet,2021,2021-07,"{""type"":""MultiPoint"",""coordinates"":[]}"
VHI_M_2021-07_0000000000000000010f,0.6791079868249538,3.6910827507869093,272,7,Wet,2021,2021-07,"{""type"":""MultiPoint"",""coordinates"":[]}"
VHI_M_2021-07_00000000000000000110,0.47223361673120534,2.3478604530568377,273,7,Wet,2021,2021-07,"{""type"":""MultiPoint"",""coordinates"":[]}"
VHI_M_2021-07_00000000000000000111,0.44882920070662524,2.1959528277383646,274,7,Wet,2021,2021-07,"{""type"":""MultiPoint"",""coordinates"":[]}"
VHI_M_2021-07_000000000000000001d0,0.4755126218732774,2.3419565736101178,465,7,Wet,2021,2021-07,"{""type"":""MultiPoint"",""coordinates"":[]}"
VHI_M_2021-07_000000000000000001d1,0.48163627709345513,2.4055265727276423,466,7,Wet,2021,2021-07,"{""type"":""MultiPoint"",""coordinates"":[]}"
VHI_M_2021-07_00000000000000000009,0.43188160511105506,2.0778106582448457,10,7,Wet,2021,2021-07,"{""type"":""MultiPoint"",""coordinates"":[]}"
VHI_M_2021-07_0000000000000000009e,0.5232031943815122,2.6370747278858535,159,7,Wet,2021,2021-07,"{""type"":""MultiPoint"",""coordinates"":[]}"
VHI_M_2021-07_0000000000000000009f,0.6512261251911472,3.5253105756796264,160,7,Wet,2021,2021-07,"{""type"":""MultiPoint"",""coordinates"":[]}"
VHI_M_2021-07_00000000000000000154,0.599302367999668,3.1661433270609223,341,7,Wet,2021,2021-07,"{""type"":""MultiPoint"",""coordinates"":[]}"
VHI_M_2021-07_00000000000000000155,0.4729724100241742,2.372173749567776,342,7,Wet,2021,2021-07,"{""type"":""MultiPoint"",""coordinates"":[]}"
VHI_M_2021-07_00000000000000000156,0.5993925060504023,3.169048101867712,343,7,Wet,2021,2021-07,"{""type"":""MultiPoint"",""coordinates"":[]}"
VHI_M_2021-07_00000000000000000157,0.4868695116241774,2.443047210516766,344,7,Wet,2021,2021-07,"{""type"":""MultiPoint"",""coordinates"":[]}"
VHI_M_2021-07_00000000000000000178,0.5332610239360768,2.7254036588498547,377,7,Wet,2021,2021-07,"{""type"":""MultiPoint"",""coordinates"":[]}"
VHI_M_2021-07_00000000000000000179,0.40095121167825143,2.064505441164326,378,7,Wet,2021,2021-07,"{""type"":""MultiPoint"",""coordinates"":[]}"
VHI_M_2021-07_0000000000000000017a,0.4452835979380624,2.2525172358803003,379,7,Wet,2021,2021-07,"{""type"":""MultiPoint"",""coordinates"":[]}"
VHI_M_2021-07_0000000000000000017b,0.1969416264011894,1.0,380,7,Wet,2021,2021-07,"{""type"":""MultiPoint"",""coordinates"":[]}"
VHI_M_2021-07_0000000000000000000f,0.4654911219685882,2.3565440440440444,16,7,Wet,2021,2021-07,"{""type"":""MultiPoint"",""coordinates"":[]}"
VHI_M_2021-07_00000000000000000040,0.5359576118399232,2.7636708292202643,65,7,Wet,2021,2021-07,"{""type"":""MultiPoint"",""coordinates"":[]}"
VHI_M_2021-07_00000000000000000041,0.9085281719310274,2.5750936342802215,66,7,Wet,2021,2021-07,"{""type"":""MultiPoint"",""coordinates"":[]}"
VHI_M_2021-07_00000000000000000042,0.5322067400958906,2.728946372166817,67,7,Wet,2021,2021-07,"{""type"":""MultiPoint"",""coordinates"":[]}"
VHI_M_2021-07_00000000000000000043,0.5780915659036513,3.031208673122495,68,7,Wet,2021,2021-07,"{""type"":""MultiPoint"",""coordinates"":[]}"
VHI_M_2021-07_00000000000000000192,0.5468477476543259,2.826928628816587,403,7,Wet,2021,2021-07,"{""type"":""MultiPoint"",""coordinates"":[]}"
VHI_M_2021-07_00000000000000000193,0.5248207127669628,2.6682236586327712,404,7,Wet,2021,2021-07,"{""type"":""MultiPoint"",""coordinates"":[]}"
VHI_M_2021-07_00000000000000000194,0.3798044042269399,1.9381676463328223,405,7,Wet,2021,2021-07,"{""type"":""MultiPoint"",""coordinates"":[]}"
VHI_M_2021-07_000000000000000001d2,0.6298547997412616,3.34589113741462,467,7,Wet,2021,2021-07,"{""type"":""MultiPoint"",""coordinates"":[]}"
VHI_M_2021-07_000000000000000001d3,0.5447835418856357,2.8841994674588363,468,7,Wet,2021,2021-07,"{""type"":""MultiPoint"",""coordinates"":[]}"
VHI_M_2021-07_000000000000000001d4,0.48418906049252275,2.410896169092163,469,7,Wet,2021,2021-07,"{""type"":""MultiPoint"",""coordinates"":[]}"
VHI_M_2021-07_000000000000000001d5,0.6073335052778691,3.2282049562710142,470,7,Wet,2021,2021-07,"{""type"":""MultiPoint"",""coordinates"":[]}"
VHI_M_2021-07_000000000000000001d6,0.49552570916773897,2.524593903760506,471,7,Wet,2021,2021-07,"{""type"":""MultiPoint"",""coordinates"":[]}"
VHI_M_2021-07_000000000000000001d7,0.44681871180790755,2.293351934565664,472,7,Wet,2021,2021-07,"{""type"":""MultiPoint"",""coordinates"":[]}"
VHI_M_2021-07_00000000000000000069,0.6041070822339245,3.1575698557387866,106,7,Wet,2021,2021-07,"{""type"":""MultiPoint"",""coordinates"":[]}"
VHI_M_2021-07_0000000000000000006a,0.6078867370350053,3.1466785754158804,107,7,Wet,2021,2021-07,"{""type"":""MultiPoint"",""coordinates"":[]}"
VHI_M_2021-07_0000000000000000006b,0.5872882313900561,3.019627257444023,108,7,Wet,2021,2021-07,"{""type"":""MultiPoint"",""coordinates"":[]}"
VHI_M_2021-07_0000000000000000006c,0.5744733071640665,2.9830024307588574,109,7,Wet,2021,2021-07,"{""type"":""MultiPoint"",""coordinates"":[]}"
VHI_M_2021-07_0000000000000000006d,0.5863343771542096,2.9729301017545544,110,7,Wet,2021,2021-07,"{""type"":""MultiPoint"",""coordinates"":[]}"
VHI_M_2021-07_0000000000000000006e,0.5742293854212169,2.974471472952739,111,7,Wet,2021,2021-07,"{""type"":""MultiPoint"",""coordinates"":[]}"
VHI_M_2021-07_0000000000000000006f,0.5385569948745474,2.7448200050613702,112,7,Wet,2021,2021-07,"{""type"":""MultiPoint"",""coordinates"":[]}"
VHI_M_2021-07_000000000000000000d6,0.31234775173725965,1.2544982698961937,215,7,Wet,2021,2021-07,"{""type"":""MultiPoint"",""coordinates"":[]}"
VHI_M_2021-07_0000000000000000013b,0.45070129343343734,2.1723312589755865,316,7,Wet,2021,2021-07,"{""type"":""MultiPoint"",""coordinates"":[]}"
VHI_M_2021-07_0000000000000000013c,0.48513158476843976,2.4303365774676084,317,7,Wet,2021,2021-07,"{""type"":""MultiPoint"",""coordinates"":[]}"
VHI_M_2021-07_0000000000000000013d,0.39651440266291565,1.8297763103521676,318,7,Wet,2021,2021-07,"{""type"":""MultiPoint"",""coordinates"":[]}"
VHI_M_2021-07_0000000000000000013e,0.4076820192559052,1.8857111061651457,319,7,Wet,2021,2021-07,"{""type"":""MultiPoint"",""coordinates"":[]}"
VHI_M_2021-07_0000000000000000013f,0.45782978464676855,2.195274010869014,320,7,Wet,2021,2021-07,"{""type"":""MultiPoint"",""coordinates"":[]}"
VHI_M_2021-07_00000000000000000140,10.249046808729089,2.3723955509822483,321,7,Wet,2021,2021-07,"{""type"":""MultiPoint"",""coordinates"":[]}"
VHI_M_2021-07_000000000000000001bc,0.3920272651336556,1.80589320443885,445,7,Wet,2021,2021-07,"{""type"":""MultiPoint"",""coordinates"":[]}"
VHI_M_2021-07_000000000000000001bd,0.4248221877682546,1.979805741478441,446,7,Wet,2021,2021-07,"{""type"":""MultiPoint"",""coordinates"":[]}"
VHI_M_2021-07_000000000000000001be,0.4235023777345218,2.00234730944465,447,7,Wet,2021,2021-07,"{""type"":""MultiPoint"",""coordinates"":[]}"
VHI_M_2021-07_000000000000000001bf,0.5072160612443775,2.5981595558597603,448,7,Wet,2021,2021-07,"{""type"":""MultiPoint"",""coordinates"":[]}"
VHI_M_2021-07_000000000000000001c0,0.37423868328128873,1.6515829714893455,449,7,Wet,2021,2021-07,"{""type"":""MultiPoint"",""coordinates"":[]}"
VHI_M_2021-07_00000000000000000006,0.5722120459502629,2.9485218937541657,7,7,Wet,2021,2021-07,"{""type"":""MultiPoint"",""coordinates"":[]}"
VHI_M_2021-07_0000000000000000002c,0.5654531826471303,2.9381792292152515,45,7,Wet,2021,2021-07,"{""type"":""MultiPoint"",""coordinates"":[]}"
VHI_M_2021-07_0000000000000000002d,0.5724633194867376,3.030512324327519,46,7,Wet,2021,2021-07,"{""type"":""MultiPoint"",""coordinates"":[]}"
VHI_M_2021-07_0000000000000000002e,0.6436248368430034,3.4524017642265084,47,7,Wet,2021,2021-07,"{""type"":""MultiPoint"",""coordinates"":[]}"
VHI_M_2021-07_0000000000000000002f,0.6064194015668066,3.189149264755253,48,7,Wet,2021,2021-07,"{""type"":""MultiPoint"",""coordinates"":[]}"
VHI_M_2021-07_0000000000000000009b,0.4297085269967401,2.031657288322494,156,7,Wet,2021,2021-07,"{""type"":""MultiPoint"",""coordinates"":[]}"
VHI_M_2021-07_0000000000000000009c,0.5234909312832049,2.6878556688440156,157,7,Wet,2021,2021-07,"{""type"":""MultiPoint"",""coordinates"":[]}"
VHI_M_2021-07_0000000000000000009d,0.5788857558594266,3.0217075028876175,158,7,Wet,2021,2021-07,"{""type"":""MultiPoint"",""coordinates"":[]}"
VHI_M_2021-07_000000000000000001b6,0.7511676745074225,4.075404016123664,439,7,Wet,2021,2021-07,"{""type"":""MultiPoint"",""coordinates"":[]}"
VHI_M_2021-07_000000000000000001b7,0.5472552294155232,2.902152959364798,440,7,Wet,2021,2021-07,"{""type"":""MultiPoint"",""coordinates"":[]}"
VHI_M_2021-07_000000000000000001b8,0.5679638238919923,2.970238578268278,441,7,Wet,2021,2021-07,"{""type"":""MultiPoint"",""coordinates"":[]}"
VHI_M_2021-07_000000000000000001b9,0.5333852110822491,2.8072481404574194,442,7,Wet,2021,2021-07,"{""type"":""MultiPoint"",""coordinates"":[]}"
VHI_M_2021-07_000000000000000001ba,0.5593263323288918,2.931764299960009,443,7,Wet,2021,2021-07,"{""type"":""MultiPoint"",""coordinates"":[]}"
VHI_M_2021-07_000000000000000001bb,0.6817703466947698,3.7236945901679968,444,7,Wet,2021,2021-07,"{""type"":""MultiPoint"",""coordinates"":[]}"
VHI_M_2021-07_00000000000000000221,0.39708668695095134,2.0,546,7,Wet,2021,2021-07,"{""type"":""MultiPoint"",""coordinates"":[]}"
VHI_M_2021-07_00000000000000000222,0.5163782987167026,2.5779099152668343,547,7,Wet,2021,2021-07,"{""type"":""MultiPoint"",""coordinates"":[]}"
VHI_M_2021-07_00000000000000000223,0.5067394853074647,2.6114960085164656,548,7,Wet,2021,2021-07,"{""type"":""MultiPoint"",""coordinates"":[]}"
VHI_M_2021-07_00000000000000000224,0.53686275094158,2.7749666783684814,549,7,Wet,2021,2021-07,"{""type"":""MultiPoint"",""coordinates"":[]}"
VHI_M_2021-07_00000000000000000225,0.4345908977132504,2.111407569328362,550,7,Wet,2021,2021-07,"{""type"":""MultiPoint"",""coordinates"":[]}"
VHI_M_2021-07_00000000000000000053,0.47993786490854035,2.3163056005268525,84,7,Wet,2021,2021-07,"{""type"":""MultiPoint"",""coordinates"":[]}"
VHI_M_2021-07_00000000000000000054,0.45205468885883915,2.1746677441548083,85,7,Wet,2021,2021-07,"{""type"":""MultiPoint"",""coordinates"":[]}"
VHI_M_2021-07_00000000000000000055,0.43696591503074617,2.04588026081802,86,7,Wet,2021,2021-07,"{""type"":""MultiPoint"",""coordinates"":[]}"
VHI_M_2021-07_00000000000000000056,0.5237285603420684,2.607244484290949,87,7,Wet,2021,2021-07,"{""type"":""MultiPoint"",""coordinates"":[]}"
VHI_M_2021-07_00000000000000000057,0.5047614589698952,2.539546929232474,88,7,Wet,2021,2021-07,"{""type"":""MultiPoint"",""coordinates"":[]}"
VHI_M_2021-07_000000000000000000de,0.5466033090280785,2.813869979753738,223,7,Wet,2021,2021-07,"{""type"":""MultiPoint"",""coordinates"":[]}"
VHI_M_2021-07_000000000000000000df,26.545060396729593,3.250194780224373,224,7,Wet,2021,2021-07,"{""type"":""MultiPoint"",""coordinates"":[]}"
VHI_M_2021-07_000000000000000000e0,3.8396077104575577,2.909285612818394,225,7,Wet,2021,2021-07,"{""type"":""MultiPoint"",""coordinates"":[]}"
VHI_M_2021-07_000000000000000000e1,8.062018274177017,2.847689244041083,226,7,Wet,2021,2021-07,"{""type"":""MultiPoint"",""coordinates"":[]}"
VHI_M_2021-07_000000000000000000ff,0.474987553311712,2.3223002203901726,256,7,Wet,2021,2021-07,"{""type"":""MultiPoint"",""coordinates"":[]}"
VHI_M_2021-07_0000000000000000011c,0.4904075269502778,2.4278287739707354,285,7,Wet,2021,2021-07,"{""type"":""MultiPoint"",""coordinates"":[]}"
VHI_M_2021-07_0000000000000000011d,0.4180060147950645,1.9676780176059643,286,7,Wet,2021,2021-07,"{""type"":""MultiPoint"",""coordinates"":[]}"
VHI_M_2021-07_0000000000000000011e,0.48767237748830605,2.4281812243928504,287,7,Wet,2021,2021-07,"{""type"":""MultiPoint"",""coordinates"":[]}"
VHI_M_2021-07_0000000000000000011f,0.5059885771520956,2.5452306668668188,288,7,Wet,2021,2021-07,"{""type"":""MultiPoint"",""coordinates"":[]}"
VHI_M_2021-07_000000000000000001c4,8.670543334198358,2.3599822141226885,453,7,Wet,2021,2021-07,"{""type"":""MultiPoint"",""coordinates"":[]}"
VHI_M_2021-07_000000000000000001c5,0.5259140490915211,2.6697413216166677,454,7,Wet,2021,2021-07,"{""type"":""MultiPoint"",""coordinates"":[]}"
VHI_M_2021-07_000000000000000001c6,0.5655851678013587,2.9691619243112455,455,7,Wet,2021,2021-07,"{""type"":""MultiPoint"",""coordinates"":[]}"
VHI_M_2021-07_00000000000000000003,0.6560872797340316,2.2568803674855205,4,7,Wet,2021,2021-07,"{""type"":""MultiPoint"",""coordinates"":[]}"
VHI_M_2021-07_0000000000000000001b,12.203981381742807,2.7075650118203307,28,7,Wet,2021,2021-07,"{""type"":""MultiPoint"",""coordinates"":[]}"
VHI_M_2021-07_00000000000000000186,64.2123923137352,2.7945936332918375,391,7,Wet,2021,2021-07,"{""type"":""MultiPoint"",""coordinates"":[]}"
VHI_M_2021-07_00000000000000000187,0.246767578586448,1.2147039406742381,392,7,Wet,2021,2021-07,"{""type"":""MultiPoint"",""coordinates"":[]}"
VHI_M_2021-07_00000000000000000188,2.548326752524873,1.4373512171397855,393,7,Wet,2021,2021-07,"{""type"":""MultiPoint"",""coordinates"":[]}"
VHI_M_2021-07_00000000000000000189,3.4464436255561437,2.076776049539227,394,7,Wet,2021,2021-07,"{""type"":""MultiPoint"",""coordinates"":[]}"
VHI_M_2021-07_0000000000000000018a,0.3111485337159346,1.2516059331931797,395,7,Wet,2021,2021-07,"{""type"":""MultiPoint"",""coordinates"":[]}"
VHI_M_2021-07_0000000000000000018f,0.6023987250891739,3.121916932907349,400,7,Wet,2021,2021-07,"{""type"":""MultiPoint"",""coordinates"":[]}"
VHI_M_2021-07_00000000000000000190,0.47266274064652,2.3064578749838223,401,7,Wet,2021,2021-07,"{""type"":""MultiPoint"",""coordinates"":[]}"
VHI_M_2021-07_0000000000000000021e,0.42516926154901846,2.008256786046032,543,7,Wet,2021,2021-07,"{""type"":""MultiPoint"",""coordinates"":[]}"
VHI_M_2021-07_0000000000000000021f,0.4529972507258824,1.5382124430589292,544,7,Wet,2021,2021-07,"{""type"":""MultiPoint"",""coordinates"":[]}"
VHI_M_2021-07_00000000000000000220,0.41218572392727504,1.804287681730301,545,7,Wet,2021,2021-07,"{""type"":""MultiPoint"",""coordinates"":[]}"
VHI_M_2021-07_00000000000000000007,0.4106437034629283,1.9370783325047933,8,7,Wet,2021,2021-07,"{""type"":""MultiPoint"",""coordinates"":[]}"
VHI_M_2021-07_0000000000000000000b,0.36446737728491907,1.5578586878154292,12,7,Wet,2021,2021-07,"{""type"":""MultiPoint"",""coordinates"":[]}"
VHI_M_2021-07_00000000000000000012,0.4446063183737903,2.1108770652775566,19,7,Wet,2021,2021-07,"{""type"":""MultiPoint"",""coordinates"":[]}"
VHI_M_2021-07_00000000000000000013,0.4396243481539344,2.1370161661722005,20,7,Wet,2021,2021-07,"{""type"":""MultiPoint"",""coordinates"":[]}"
VHI_M_2021-07_00000000000000000014,0.49282144504011666,2.4750210043301255,21,7,Wet,2021,2021-07,"{""type"":""MultiPoint"",""coordinates"":[]}"
VHI_M_2021-07_00000000000000000015,0.43381393066028767,2.0564081193019343,22,7,Wet,2021,2021-07,"{""type"":""MultiPoint"",""coordinates"":[]}"
VHI_M_2021-07_00000000000000000016,0.4087480065438397,1.94969064083541,23,7,Wet,2021,2021-07,"{""type"":""MultiPoint"",""coordinates"":[]}"
VHI_M_2021-07_00000000000000000183,0.39595658118344496,1.8948475628992523,388,7,Wet,2021,2021-07,"{""type"":""MultiPoint"",""coordinates"":[]}"
VHI_M_2021-07_00000000000000000184,0.32978788157114497,1.4542691876440663,389,7,Wet,2021,2021-07,"{""type"":""MultiPoint"",""coordinates"":[]}"
VHI_M_2021-07_00000000000000000185,4.7872938417645265,1.815520522484766,390,7,Wet,2021,2021-07,"{""type"":""MultiPoint"",""coordinates"":[]}"
VHI_M_2021-07_00000000000000000212,0.37961681111837486,1.591373065525189,531,7,Wet,2021,2021-07,"{""type"":""MultiPoint"",""coordinates"":[]}"
VHI_M_2021-07_00000000000000000213,0.48315221992382,2.383499234303216,532,7,Wet,2021,2021-07,"{""type"":""MultiPoint"",""coordinates"":[]}"
VHI_M_2021-07_00000000000000000214,0.45896414390513324,2.24252722795596,533,7,Wet,2021,2021-07,"{""type"":""MultiPoint"",""coordinates"":[]}"
VHI_M_2021-07_00000000000000000215,0.6693261850682157,3.6432803790520065,534,7,Wet,2021,2021-07,"{""type"":""MultiPoint"",""coordinates"":[]}"
VHI_M_2021-07_0000000000000000005a,75.11568076657055,3.849015145570115,91,7,Wet,2021,2021-07,"{""type"":""MultiPoint"",""coordinates"":[]}"
VHI_M_2021-07_00000000000000000118,53.24199775650606,4.466833391084261,281,7,Wet,2021,2021-07,"{""type"":""MultiPoint"",""coordinates"":[]}"
VHI_M_2021-07_00000000000000000119,8.397711057983452,2.902098954326822,282,7,Wet,2021,2021-07,"{""type"":""MultiPoint"",""coordinates"":[]}"
VHI_M_2021-07_0000000000000000011a,3.7775127273746905,2.7234727356758786,283,7,Wet,2021,2021-07,"{""type"":""MultiPoint"",""coordinates"":[]}"
VHI_M_2021-07_0000000000000000011b,0.8445580657670053,4.725430945676808,284,7,Wet,2021,2021-07,"{""type"":""MultiPoint"",""coordinates"":[]}"
VHI_M_2021-07_00000000000000000141,10.163340625104516,2.9929588207429783,322,7,Wet,2021,2021-07,"{""type"":""MultiPoint"",""coordinates"":[]}"
VHI_M_2021-07_00000000000000000142,54.43345650769944,4.519230371794076,323,7,Wet,2021,2021-07,"{""type"":""MultiPoint"",""coordinates"":[]}"
VHI_M_2021-07_00000000000000000143,13.74649151957378,3.507034360975784,324,7,Wet,2021,2021-07,"{""type"":""MultiPoint"",""coordinates"":[]}"
VHI_M_2021-07_00000000000000000144,48.907456011437816,3.671599287755118,325,7,Wet,2021,2021-07,"{""type"":""MultiPoint"",""coordinates"":[]}"
VHI_M_2021-07_00000000000000000145,35.28203044538955,4.5557279116618385,326,7,Wet,2021,2021-07,"{""type"":""MultiPoint"",""coordinates"":[]}"
VHI_M_2021-07_000000000000000001af,85.88613707739363,3.4356565267616475,432,7,Wet,2021,2021-07,"{""type"":""MultiPoint"",""coordinates"":[]}"
VHI_M_2021-07_0000000000000000004b,0.4241670646621366,1.9391125628509558,76,7,Wet,2021,2021-07,"{""type"":""MultiPoint"",""coordinates"":[]}"
VHI_M_2021-07_0000000000000000004c,0.4536119217018955,2.225524011674184,77,7,Wet,2021,2021-07,"{""type"":""MultiPoint"",""coordinates"":[]}"
VHI_M_2021-07_0000000000000000004d,0.4960504753522599,2.514956341962756,78,7,Wet,2021,2021-07,"{""type"":""MultiPoint"",""coordinates"":[]}"
VHI_M_2021-07_0000000000000000004e,0.5375838725467218,2.743373928577563,79,7,Wet,2021,2021-07,"{""type"":""MultiPoint"",""coordinates"":[]}"
VHI_M_2021-07_0000000000000000004f,0.5737019730503723,2.9812479613226563,80,7,Wet,2021,2021-07,"{""type"":""MultiPoint"",""coordinates"":[]}"
VHI_M_2021-07_00000000000000000050,0.5479941313183548,2.8750815394651004,81,7,Wet,2021,2021-07,"{""type"":""MultiPoint"",""coordinates"":[]}"
VHI_M_2021-07_00000000000000000051,0.6177308754716226,3.20196689853682,82,7,Wet,2021,2021-07,"{""type"":""MultiPoint"",""coordinates"":[]}"
VHI_M_2021-07_00000000000000000052,0.5833513639373797,2.9109518935516894,83,7,Wet,2021,2021-07,"{""type"":""MultiPoint"",""coordinates"":[]}"
VHI_M_2021-07_000000000000000000aa,0.5892001107528932,3.1150475136082663,171,7,Wet,2021,2021-07,"{""type"":""MultiPoint"",""coordinates"":[]}"
VHI_M_2021-07_000000000000000000ab,0.5341526824699881,2.709901813141631,172,7,Wet,2021,2021-07,"{""type"":""MultiPoint"",""coordinates"":[]}"
VHI_M_2021-07_000000000000000000ac,0.5205993846618184,2.6101142701717617,173,7,Wet,2021,2021-07,"{""type"":""MultiPoint"",""coordinates"":[]}"
VHI_M_2021-07_000000000000000000ad,0.6008969021743464,3.171270908431078,174,7,Wet,2021,2021-07,"{""type"":""MultiPoint"",""coordinates"":[]}"
VHI_M_2021-07_000000000000000000ae,0.6702343382518854,3.5240516767454655,175,7,Wet,2021,2021-07,"{""type"":""MultiPoint"",""coordinates"":[]}"
VHI_M_2021-07_000000000000000000af,0.6377807794904647,3.290212563451776,176,7,Wet,2021,2021-07,"{""type"":""MultiPoint"",""coordinates"":[]}"
VHI_M_2021-07_000000000000000000b0,0.8556572550551194,4.690074167587185,177,7,Wet,2021,2021-07,"{""type"":""MultiPoint"",""coordinates"":[]}"
VHI_M_2021-07_000000000000000001c7,0.5420706729948416,2.906103286384977,456,7,Wet,2021,2021-07,"{""type"":""MultiPoint"",""coordinates"":[]}"
VHI_M_2021-07_000000000000000001c8,0.4959197839459876,2.4860735954540933,457,7,Wet,2021,2021-07,"{""type"":""MultiPoint"",""coordinates"":[]}"
VHI_M_2021-07_000000000000000001c9,0.454198127325506,2.1977355594862056,458,7,Wet,2021,2021-07,"{""type"":""MultiPoint"",""coordinates"":[]}"
VHI_M_2021-07_000000000000000001ca,0.5947818493615535,2.9680218145761015,459,7,Wet,2021,2021-07,"{""type"":""MultiPoint"",""coordinates"":[]}"
VHI_M_2021-07_0000000000000000020a,0.8673415733311446,4.640139363206734,523,7,Wet,2021,2021-07,"{""type"":""MultiPoint"",""coordinates"":[]}"
VHI_M_2021-07_0000000000000000020b,0.8909015081869576,2.590022387177621,524,7,Wet,2021,2021-07,"{""type"":""MultiPoint"",""coordinates"":[]}"
VHI_M_2021-07_0000000000000000020c,0.5647861939128235,2.9323231047100293,525,7,Wet,2021,2021-07,"{""type"":""MultiPoint"",""coordinates"":[]}"
VHI_M_2021-07_000000000000000001ab,0.5393014343019997,2.6969306164560223,428,7,Wet,2021,2021-07,"{""type"":""MultiPoint"",""coordinates"":[]}"
VHI_M_2021-07_000000000000000001ac,0.5158740404293155,2.6029608660724546,429,7,Wet,2021,2021-07,"{""type"":""MultiPoint"",""coordinates"":[]}"
VHI_M_2021-07_000000000000000001ad,8.068750903137314,2.8423843887813964,430,7,Wet,2021,2021-07,"{""type"":""MultiPoint"",""coordinates"":[]}"
VHI_M_2021-07_000000000000000001ae,45.48448044782576,3.1157456124436056,431,7,Wet,2021,2021-07,"{""type"":""MultiPoint"",""coordinates"":[]}"
VHI_M_2021-07_000000000000000001c3,39.07500959517882,3.1963828698174375,452,7,Wet,2021,2021-07,"{""type"":""MultiPoint"",""coordinates"":[]}"
VHI_M_2021-07_00000000000000000037,0.6047104612875415,3.208839435354283,56,7,Wet,2021,2021-07,"{""type"":""MultiPoint"",""coordinates"":[]}"
VHI_M_2021-07_00000000000000000038,0.5882816782239884,3.14828607802777,57,7,Wet,2021,2021-07,"{""type"":""MultiPoint"",""coordinates"":[]}"
VHI_M_2021-07_00000000000000000039,0.6903648512530278,3.7624837071329034,58,7,Wet,2021,2021-07,"{""type"":""MultiPoint"",""coordinates"":[]}"
VHI_M_2021-07_0000000000000000003a,0.6943187383131589,3.787844123287875,59,7,Wet,2021,2021-07,"{""type"":""MultiPoint"",""coordinates"":[]}"
VHI_M_2021-07_0000000000000000003b,0.5154471757043921,2.6247546530974404,60,7,Wet,2021,2021-07,"{""type"":""MultiPoint"",""coordinates"":[]}"
VHI_M_2021-07_0000000000000000003c,0.5818820903409604,3.0557292095089252,61,7,Wet,2021,2021-07,"{""type"":""MultiPoint"",""coordinates"":[]}"
VHI_M_2021-07_0000000000000000003d,0.6465972164436427,3.487259030784744,62,7,Wet,2021,2021-07,"{""type"":""MultiPoint"",""coordinates"":[]}"
VHI_M_2021-07_0000000000000000003e,10.492454613080817,3.0434649019925284,63,7,Wet,2021,2021-07,"{""type"":""MultiPoint"",""coordinates"":[]}"
VHI_M_2021-07_0000000000000000003f,0.6553325542071661,3.567954372354182,64,7,Wet,2021,2021-07,"{""type"":""MultiPoint"",""coordinates"":[]}"
VHI_M_2021-07_00000000000000000044,0.5048830533471184,2.6149492259031133,69,7,Wet,2021,2021-07,"{""type"":""MultiPoint"",""coordinates"":[]}"
VHI_M_2021-07_00000000000000000076,0.4928285647589238,2.4800427371181586,119,7,Wet,2021,2021-07,"{""type"":""MultiPoint"",""coordinates"":[]}"
VHI_M_2021-07_00000000000000000077,5.8185602715707345,2.6050751670378647,120,7,Wet,2021,2021-07,"{""type"":""MultiPoint"",""coordinates"":[]}"
VHI_M_2021-07_00000000000000000078,0.5327931812126867,2.6987021239143196,121,7,Wet,2021,2021-07,"{""type"":""MultiPoint"",""coordinates"":[]}"
VHI_M_2021-07_00000000000000000079,0.607105726137611,3.159417537195315,122,7,Wet,2021,2021-07,"{""type"":""MultiPoint"",""coordinates"":[]}"
VHI_M_2021-07_0000000000000000008b,0.20242632903313526,1.1781062355658196,140,7,Wet,2021,2021-07,"{""type"":""MultiPoint"",""coordinates"":[]}"
VHI_M_2021-07_0000000000000000008c,3.1009935003038445,3.122110926478961,141,7,Wet,2021,2021-07,"{""type"":""MultiPoint"",""coordinates"":[]}"
VHI_M_2021-07_0000000000000000008d,13.500751171057992,3.153728251864128,142,7,Wet,2021,2021-07,"{""type"":""MultiPoint"",""coordinates"":[]}"
VHI_M_2021-07_0000000000000000008e,0.5350520491006034,2.781133750252169,143,7,Wet,2021,2021-07,"{""type"":""MultiPoint"",""coordinates"":[]}"
VHI_M_2021-07_0000000000000000008f,0.5638297372418987,2.8687851782363967,144,7,Wet,2021,2021-07,"{""type"":""MultiPoint"",""coordinates"":[]}"
VHI_M_2021-07_00000000000000000090,0.7794118544684466,2.571747438607901,145,7,Wet,2021,2021-07,"{""type"":""MultiPoint"",""coordinates"":[]}"
VHI_M_2021-07_00000000000000000091,0.5228842269380695,2.686808291127367,146,7,Wet,2021,2021-07,"{""type"":""MultiPoint"",""coordinates"":[]}"
VHI_M_2021-07_000000000000000000b5,36.13579337561875,2.9993723324127544,182,7,Wet,2021,2021-07,"{""type"":""MultiPoint"",""coordinates"":[]}"
VHI_M_2021-07_000000000000000000cc,8.887459981122221,2.6993897913746214,205,7,Wet,2021,2021-07,"{""type"":""MultiPoint"",""coordinates"":[]}"
VHI_M_2021-07_000000000000000000cd,0.8349876552597962,2.8888854808470157,206,7,Wet,2021,2021-07,"{""type"":""MultiPoint"",""coordinates"":[]}"
VHI_M_2021-07_000000000000000001dd,0.559765781765002,2.9023215137541722,478,7,Wet,2021,2021-07,"{""type"":""MultiPoint"",""coordinates"":[]}"
VHI_M_2021-07_000000000000000001de,0.614431239772148,3.2653601769537466,479,7,Wet,2021,2021-07,"{""type"":""MultiPoint"",""coordinates"":[]}"
VHI_M_2021-07_000000000000000001df,0.4921697082860611,2.4665548917475166,480,7,Wet,2021,2021-07,"{""type"":""MultiPoint"",""coordinates"":[]}"
VHI_M_2021-07_000000000000000001e0,0.61619365490499,3.2719793722447816,481,7,Wet,2021,2021-07,"{""type"":""MultiPoint"",""coordinates"":[]}"
VHI_M_2021-07_000000000000000001e1,0.6260744908922475,3.2904498217401192,482,7,Wet,2021,2021-07,"{""type"":""MultiPoint"",""coordinates"":[]}"
VHI_M_2021-07_0000000000000000007a,0.5975460079698043,3.1721045306942948,123,7,Wet,2021,2021-07,"{""type"":""MultiPoint"",""coordinates"":[]}"
VHI_M_2021-07_0000000000000000007b,0.6046069659356703,3.181924849243373,124,7,Wet,2021,2021-07,"{""type"":""MultiPoint"",""coordinates"":[]}"
VHI_M_2021-07_0000000000000000007c,0.5247569396835925,2.664105937587299,125,7,Wet,2021,2021-07,"{""type"":""MultiPoint"",""coordinates"":[]}"
VHI_M_2021-07_0000000000000000007d,0.5528521486013018,2.838197638879893,126,7,Wet,2021,2021-07,"{""type"":""MultiPoint"",""coordinates"":[]}"
VHI_M_2021-07_0000000000000000007e,19.390783028014102,2.7331575513030493,127,7,Wet,2021,2021-07,"{""type"":""MultiPoint"",""coordinates"":[]}"
VHI_M_2021-07_0000000000000000007f,13.813910399933016,2.1458169967078593,128,7,Wet,2021,2021-07,"{""type"":""MultiPoint"",""coordinates"":[]}"
VHI_M_2021-07_00000000000000000080,0.5772512248539169,3.0350728112548913,129,7,Wet,2021,2021-07,"{""type"":""MultiPoint"",""coordinates"":[]}"
VHI_M_2021-07_00000000000000000088,4.624917023664243,3.2117612829245736,137,7,Wet,2021,2021-07,"{""type"":""MultiPoint"",""coordinates"":[]}"
VHI_M_2021-07_00000000000000000089,0.6602383629493944,3.553088133240804,138,7,Wet,2021,2021-07,"{""type"":""MultiPoint"",""coordinates"":[]}"
VHI_M_2021-07_0000000000000000008a,0.5974046617699692,3.1214417235301624,139,7,Wet,2021,2021-07,"{""type"":""MultiPoint"",""coordinates"":[]}"
VHI_M_2021-07_00000000000000000099,0.5000077586100435,2.531265473686109,154,7,Wet,2021,2021-07,"{""type"":""MultiPoint"",""coordinates"":[]}"
VHI_M_2021-07_0000000000000000009a,3.344461894944757,2.950764822269217,155,7,Wet,2021,2021-07,"{""type"":""MultiPoint"",""coordinates"":[]}"
VHI_M_2021-07_00000000000000000112,0.7048250870474366,3.850853085995649,275,7,Wet,2021,2021-07,"{""type"":""MultiPoint"",""coordinates"":[]}"
VHI_M_2021-07_000000000000000001d8,0.389191600949772,1.835046809488255,473,7,Wet,2021,2021-07,"{""type"":""MultiPoint"",""coordinates"":[]}"
VHI_M_2021-07_00000000000000000001,0.3818562731424542,1.7039426523297492,2,7,Wet,2021,2021-07,"{""type"":""MultiPoint"",""coordinates"":[]}"
VHI_M_2021-07_00000000000000000030,0.330300098547458,1.5369693733144638,49,7,Wet,2021,2021-07,"{""type"":""MultiPoint"",""coordinates"":[]}"
VHI_M_2021-07_00000000000000000031,0.4283795116677748,2.0652256446525175,50,7,Wet,2021,2021-07,"{""type"":""MultiPoint"",""coordinates"":[]}"
VHI_M_2021-07_00000000000000000032,0.5369854289230938,2.819040253978591,51,7,Wet,2021,2021-07,"{""type"":""MultiPoint"",""coordinates"":[]}"
VHI_M_2021-07_000000000000000000d7,0.49666907558596096,2.476642692768328,216,7,Wet,2021,2021-07,"{""type"":""MultiPoint"",""coordinates"":[]}"
VHI_M_2021-07_000000000000000000d8,0.48364625096200814,2.3908184914768977,217,7,Wet,2021,2021-07,"{""type"":""MultiPoint"",""coordinates"":[]}"
VHI_M_2021-07_000000000000000000d9,0.5519996669355333,2.852630155572463,218,7,Wet,2021,2021-07,"{""type"":""MultiPoint"",""coordinates"":[]}"
VHI_M_2021-07_000000000000000000da,0.4632145380347842,2.27237445727861,219,7,Wet,2021,2021-07,"{""type"":""MultiPoint"",""coordinates"":[]}"
VHI_M_2021-07_00000000000000000132,0.22125666178359152,1.1770319432260177,307,7,Wet,2021,2021-07,"{""type"":""MultiPoint"",""coordinates"":[]}"
VHI_M_2021-07_00000000000000000133,81.63075780088472,2.9607955194879425,308,7,Wet,2021,2021-07,"{""type"":""MultiPoint"",""coordinates"":[]}"
VHI_M_2021-07_00000000000000000134,0.2364099006112761,1.1513027916573175,309,7,Wet,2021,2021-07,"{""type"":""MultiPoint"",""coordinates"":[]}"
VHI_M_2021-07_00000000000000000135,24.484814701031162,2.109362753026365,310,7,Wet,2021,2021-07,"{""type"":""MultiPoint"",""coordinates"":[]}"
VHI_M_2021-07_0000000000000000001f,0.4822682095454213,2.390332774882409,32,7,Wet,2021,2021-07,"{""type"":""MultiPoint"",""coordinates"":[]}"
VHI_M_2021-07_00000000000000000020,0.476681229685943,2.372028484468129,33,7,Wet,2021,2021-07,"{""type"":""MultiPoint"",""coordinates"":[]}"
VHI_M_2021-07_00000000000000000021,0.5047514755597617,2.527696825449822,34,7,Wet,2021,2021-07,"{""type"":""MultiPoint"",""coordinates"":[]}"
VHI_M_2021-07_00000000000000000045,0.4411809271220266,2.1216824351566523,70,7,Wet,2021,2021-07,"{""type"":""MultiPoint"",""coordinates"":[]}"
VHI_M_2021-07_00000000000000000046,0.5335889726119967,2.724954696725886,71,7,Wet,2021,2021-07,"{""type"":""MultiPoint"",""coordinates"":[]}"
VHI_M_2021-07_00000000000000000047,0.49651141487385836,2.48853858085474,72,7,Wet,2021,2021-07,"{""type"":""MultiPoint"",""coordinates"":[]}"
VHI_M_2021-07_00000000000000000048,0.3356934291314887,1.5339924046826068,73,7,Wet,2021,2021-07,"{""type"":""MultiPoint"",""coordinates"":[]}"
VHI_M_2021-07_00000000000000000072,0.39744898551061747,1.8380152213776668,115,7,Wet,2021,2021-07,"{""type"":""MultiPoint"",""coordinates"":[]}"
VHI_M_2021-07_00000000000000000073,0.6976048075180554,3.8081472172823796,116,7,Wet,2021,2021-07,"{""type"":""MultiPoint"",""coordinates"":[]}"
VHI_M_2021-07_00000000000000000074,0.5015574889410552,2.5173164481286676,117,7,Wet,2021,2021-07,"{""type"":""MultiPoint"",""coordinates"":[]}"
VHI_M_2021-07_00000000000000000075,0.3523579762760213,1.9711925487578021,118,7,Wet,2021,2021-07,"{""type"":""MultiPoint"",""coordinates"":[]}"
VHI_M_2021-07_000000000000000000b4,0.3790440436460764,1.7341862434805868,181,7,Wet,2021,2021-07,"{""type"":""MultiPoint"",""coordinates"":[]}"
VHI_M_2021-07_000000000000000000e8,0.619462769804095,3.2942876572594355,233,7,Wet,2021,2021-07,"{""type"":""MultiPoint"",""coordinates"":[]}"
VHI_M_2021-07_000000000000000000e9,0.4582713500972719,2.2455477772158456,234,7,Wet,2021,2021-07,"{""type"":""MultiPoint"",""coordinates"":[]}"
VHI_M_2021-07_000000000000000000ea,0.34055535248521845,1.5215672336864037,235,7,Wet,2021,2021-07,"{""type"":""MultiPoint"",""coordinates"":[]}"
VHI_M_2021-07_00000000000000000022,0.5206721456168918,2.6411747306148325,35,7,Wet,2021,2021-07,"{""type"":""MultiPoint"",""coordinates"":[]}"
VHI_M_2021-07_00000000000000000023,0.44374077953676005,2.1138706622547843,36,7,Wet,2021,2021-07,"{""type"":""MultiPoint"",""coordinates"":[]}"
VHI_M_2021-07_00000000000000000024,0.5139369421981623,2.613773019695617,37,7,Wet,2021,2021-07,"{""type"":""MultiPoint"",""coordinates"":[]}"
VHI_M_2021-07_00000000000000000025,0.43717135370068827,2.091170353852773,38,7,Wet,2021,2021-07,"{""type"":""MultiPoint"",""coordinates"":[]}"
VHI_M_2021-07_000000000000000000f0,0.4621786158269667,2.2224952644243077,241,7,Wet,2021,2021-07,"{""type"":""MultiPoint"",""coordinates"":[]}"
VHI_M_2021-07_000000000000000000f4,0.44382673820715157,2.156895780210103,245,7,Wet,2021,2021-07,"{""type"":""MultiPoint"",""coordinates"":[]}"
VHI_M_2021-07_000000000000000000f5,0.5015458847567802,2.5179069362520767,246,7,Wet,2021,2021-07,"{""type"":""MultiPoint"",""coordinates"":[]}"
VHI_M_2021-07_000000000000000000f6,0.6481304131684897,3.470251818681978,247,7,Wet,2021,2021-07,"{""type"":""MultiPoint"",""coordinates"":[]}"
VHI_M_2021-07_000000000000000000f7,0.4571745889466448,2.2086269922503283,248,7,Wet,2021,2021-07,"{""type"":""MultiPoint"",""coordinates"":[]}"
VHI_M_2021-07_000000000000000000f8,0.4112519234604509,1.9315276317059662,249,7,Wet,2021,2021-07,"{""type"":""MultiPoint"",""coordinates"":[]}"
VHI_M_2021-07_00000000000000000000,0.6169089915456518,3.3194296322629064,1,7,Wet,2021,2021-07,"{""type"":""MultiPoint"",""coordinates"":[]}"
VHI_M_2021-07_000000000000000000f2,0.40327921826454755,1.885960474693568,243,7,Wet,2021,2021-07,"{""type"":""MultiPoint"",""coordinates"":[]}"
VHI_M_2021-07_000000000000000000f3,0.5607570871586597,2.8866668842641032,244,7,Wet,2021,2021-07,"{""type"":""MultiPoint"",""coordinates"":[]}"
VHI_M_2021-07_00000000000000000106,0.490504808854812,2.4549022477783593,263,7,Wet,2021,2021-07,"{""type"":""MultiPoint"",""coordinates"":[]}"
VHI_M_2021-07_00000000000000000107,0.5902122696977588,3.101310570247484,264,7,Wet,2021,2021-07,"{""type"":""MultiPoint"",""coordinates"":[]}"
VHI_M_2021-07_00000000000000000108,0.4653477494057115,2.2845000848710573,265,7,Wet,2021,2021-07,"{""type"":""MultiPoint"",""coordinates"":[]}"
VHI_M_2021-07_0000000000000000012c,0.5959533773267768,3.1425181101219755,301,7,Wet,2021,2021-07,"{""type"":""MultiPoint"",""coordinates"":[]}"
VHI_M_2021-07_0000000000000000012d,0.5286702170822587,2.7060732080583394,302,7,Wet,2021,2021-07,"{""type"":""MultiPoint"",""coordinates"":[]}"
VHI_M_2021-07_0000000000000000012e,0.6137785271907215,3.262513794265344,303,7,Wet,2021,2021-07,"{""type"":""MultiPoint"",""coordinates"":[]}"
VHI_M_2021-07_000000000000000000a5,0.5312685651056617,2.6993229446534124,166,7,Wet,2021,2021-07,"{""type"":""MultiPoint"",""coordinates"":[]}"
VHI_M_2021-07_000000000000000000a6,0.46062097021274884,2.262086236166781,167,7,Wet,2021,2021-07,"{""type"":""MultiPoint"",""coordinates"":[]}"
VHI_M_2021-07_000000000000000000c1,45.78721801070178,2.439855492618528,194,7,Wet,2021,2021-07,"{""type"":""MultiPoint"",""coordinates"":[]}"
VHI_M_2021-07_00000000000000000120,2.49338007315476,1.2836242400470679,289,7,Wet,2021,2021-07,"{""type"":""MultiPoint"",""coordinates"":[]}"
VHI_M_2021-07_000000000000000001d9,5.413888712899078,1.689431787989769,474,7,Wet,2021,2021-07,"{""type"":""MultiPoint"",""coordinates"":[]}"
VHI_M_2021-07_000000000000000001da,0.3396306337227607,1.4261576374036589,475,7,Wet,2021,2021-07,"{""type"":""MultiPoint"",""coordinates"":[]}"
VHI_M_2021-07_000000000000000001db,0.426354560151234,2.1017956073452617,476,7,Wet,2021,2021-07,"{""type"":""MultiPoint"",""coordinates"":[]}"
VHI_M_2021-07_000000000000000001dc,0.4057787963594207,2.0,477,7,Wet,2021,2021-07,"{""type"":""MultiPoint"",""coordinates"":[]}"
VHI_M_2021-07_000000000000000001e2,54.54957664808552,2.5487038491751766,483,7,Wet,2021,2021-07,"{""type"":""MultiPoint"",""coordinates"":[]}"
VHI_M_2021-07_000000000000000001e3,4.531781758822924,2.516970945229856,484,7,Wet,2021,2021-07,"{""type"":""MultiPoint"",""coordinates"":[]}"
VHI_M_2021-07_000000000000000001e4,80.44135147875897,2.6849972572682383,485,7,Wet,2021,2021-07,"{""type"":""MultiPoint"",""coordinates"":[]}"
VHI_M_2021-07_000000000000000001e5,26.424579289295448,1.4552662721893495,486,7,Wet,2021,2021-07,"{""type"":""MultiPoint"",""coordinates"":[]}"
VHI_M_2021-07_000000000000000001e6,1.084455134355132,2.4825186830943244,487,7,Wet,2021,2021-07,"{""type"":""MultiPoint"",""coordinates"":[]}"
VHI_M_2021-07_000000000000000001e7,15.84248348427391,1.6099078448800108,488,7,Wet,2021,2021-07,"{""type"":""MultiPoint"",""coordinates"":[]}"
VHI_M_2021-07_000000000000000001e8,0.5490071261892429,2.826418257324647,489,7,Wet,2021,2021-07,"{""type"":""MultiPoint"",""coordinates"":[]}"
VHI_M_2021-07_000000000000000001e9,58.63637886981745,2.6887643187911285,490,7,Wet,2021,2021-07,"{""type"":""MultiPoint"",""coordinates"":[]}"
VHI_M_2021-07_000000000000000000e2,0.5594766070531627,2.836254124883862,227,7,Wet,2021,2021-07,"{""type"":""MultiPoint"",""coordinates"":[]}"
VHI_M_2021-07_000000000000000000e3,0.5358932017158556,2.7410917464156417,228,7,Wet,2021,2021-07,"{""type"":""MultiPoint"",""coordinates"":[]}"
VHI_M_2021-07_000000000000000000e4,25.461191136828543,4.062591979396614,229,7,Wet,2021,2021-07,"{""type"":""MultiPoint"",""coordinates"":[]}"
VHI_M_2021-07_000000000000000000e5,1.398091123208407,4.0565088560076985,230,7,Wet,2021,2021-07,"{""type"":""MultiPoint"",""coordinates"":[]}"
VHI_M_2021-07_000000000000000000e6,0.5240059334804668,2.6319709702062646,231,7,Wet,2021,2021-07,"{""type"":""MultiPoint"",""coordinates"":[]}"
VHI_M_2021-07_000000000000000000e7,0.5226009137373491,2.5543071161048694,232,7,Wet,2021,2021-07,"{""type"":""MultiPoint"",""coordinates"":[]}"
VHI_M_2021-07_0000000000000000017f,0.516430877517773,2.6362674782554,384,7,Wet,2021,2021-07,"{""type"":""MultiPoint"",""coordinates"":[]}"
VHI_M_2021-07_00000000000000000180,0.49136023996332373,2.4840225178279813,385,7,Wet,2021,2021-07,"{""type"":""MultiPoint"",""coordinates"":[]}"
VHI_M_2021-07_00000000000000000203,0.46858814948665756,2.240860279321817,516,7,Wet,2021,2021-07,"{""type"":""MultiPoint"",""coordinates"":[]}"
VHI_M_2021-07_00000000000000000204,0.5078784920838914,2.4981354491357326,517,7,Wet,2021,2021-07,"{""type"":""MultiPoint"",""coordinates"":[]}"
VHI_M_2021-07_00000000000000000205,0.6450756278634127,3.43592767045056,518,7,Wet,2021,2021-07,"{""type"":""MultiPoint"",""coordinates"":[]}"
VHI_M_2021-07_00000000000000000206,0.596447766594015,3.053440403557044,519,7,Wet,2021,2021-07,"{""type"":""MultiPoint"",""coordinates"":[]}"
VHI_M_2021-07_00000000000000000207,0.5465992402944306,2.821340473872121,520,7,Wet,2021,2021-07,"{""type"":""MultiPoint"",""coordinates"":[]}"
VHI_M_2021-07_00000000000000000208,0.5170110438020692,2.5994221366128305,521,7,Wet,2021,2021-07,"{""type"":""MultiPoint"",""coordinates"":[]}"
VHI_M_2021-07_00000000000000000209,0.475017133975926,2.2275019394879747,522,7,Wet,2021,2021-07,"{""type"":""MultiPoint"",""coordinates"":[]}"
VHI_M_2021-07_0000000000000000000e,0.7231787696688325,3.9862773036008243,15,7,Wet,2021,2021-07,"{""type"":""MultiPoint"",""coordinates"":[]}"
VHI_M_2021-07_00000000000000000124,0.5506038247544867,2.7308767027593435,293,7,Wet,2021,2021-07,"{""type"":""MultiPoint"",""coordinates"":[]}"
VHI_M_2021-07_00000000000000000125,13.564298279280132,2.8960976685751545,294,7,Wet,2021,2021-07,"{""type"":""MultiPoint"",""coordinates"":[]}"
VHI_M_2021-07_00000000000000000126,0.5072874524805135,2.5484991006827804,295,7,Wet,2021,2021-07,"{""type"":""MultiPoint"",""coordinates"":[]}"
VHI_M_2021-07_00000000000000000127,0.6733302721068832,3.6593286378952903,296,7,Wet,2021,2021-07,"{""type"":""MultiPoint"",""coordinates"":[]}"
VHI_M_2021-07_00000000000000000128,0.4280660118147887,1.8493575542755867,297,7,Wet,2021,2021-07,"{""type"":""MultiPoint"",""coordinates"":[]}"
VHI_M_2021-07_00000000000000000129,0.5408314377348638,2.7894143714756585,298,7,Wet,2021,2021-07,"{""type"":""MultiPoint"",""coordinates"":[]}"
VHI_M_2021-07_0000000000000000012a,0.489586266312807,2.415478502441388,299,7,Wet,2021,2021-07,"{""type"":""MultiPoint"",""coordinates"":[]}"
VHI_M_2021-07_0000000000000000012b,0.5484863232165933,2.779343339716954,300,7,Wet,2021,2021-07,"{""type"":""MultiPoint"",""coordinates"":[]}"
VHI_M_2021-07_00000000000000000174,0.539528120469745,2.7225089365504913,373,7,Wet,2021,2021-07,"{""type"":""MultiPoint"",""coordinates"":[]}"
VHI_M_2021-07_00000000000000000175,0.47483531566597853,2.322942624422273,374,7,Wet,2021,2021-07,"{""type"":""MultiPoint"",""coordinates"":[]}"
VHI_M_2021-07_00000000000000000176,0.5943863727221449,3.107479904975756,375,7,Wet,2021,2021-07,"{""type"":""MultiPoint"",""coordinates"":[]}"
VHI_M_2021-07_00000000000000000177,0.6214191582713172,3.264783414078082,376,7,Wet,2021,2021-07,"{""type"":""MultiPoint"",""coordinates"":[]}"
VHI_M_2021-07_00000000000000000195,0.7184264154062753,3.942960770868671,406,7,Wet,2021,2021-07,"{""type"":""MultiPoint"",""coordinates"":[]}"
VHI_M_2021-07_00000000000000000196,0.6411558439235754,3.420829504972836,407,7,Wet,2021,2021-07,"{""type"":""MultiPoint"",""coordinates"":[]}"
VHI_M_2021-07_00000000000000000197,3.46874808168002,3.9600682423316607,408,7,Wet,2021,2021-07,"{""type"":""MultiPoint"",""coordinates"":[]}"
VHI_M_2021-07_00000000000000000198,0.7039163490906586,3.8608957705497247,409,7,Wet,2021,2021-07,"{""type"":""MultiPoint"",""coordinates"":[]}"
VHI_M_2021-07_00000000000000000199,0.6521971668129712,3.492556614838651,410,7,Wet,2021,2021-07,"{""type"":""MultiPoint"",""coordinates"":[]}"
VHI_M_2021-07_00000000000000000035,0.5144933824349712,2.768874172185431,54,7,Wet,2021,2021-07,"{""type"":""MultiPoint"",""coordinates"":[]}"
VHI_M_2021-07_000000000000000000ce,0.7466602655555683,4.164365486447133,207,7,Wet,2021,2021-07,"{""type"":""MultiPoint"",""coordinates"":[]}"
VHI_M_2021-07_000000000000000000cf,0.6677997342195564,3.642295852235906,208,7,Wet,2021,2021-07,"{""type"":""MultiPoint"",""coordinates"":[]}"
VHI_M_2021-07_000000000000000000d0,3.5133174888690393,3.9474848712860315,209,7,Wet,2021,2021-07,"{""type"":""MultiPoint"",""coordinates"":[]}"
VHI_M_2021-07_000000000000000000d1,27.579671609026775,3.54095868617112,210,7,Wet,2021,2021-07,"{""type"":""MultiPoint"",""coordinates"":[]}"
VHI_M_2021-07_000000000000000001ea,0.669068681759664,3.6238343610393065,491,7,Wet,2021,2021-07,"{""type"":""MultiPoint"",""coordinates"":[]}"
VHI_M_2021-07_000000000000000001eb,0.641088231169831,3.426418078023939,492,7,Wet,2021,2021-07,"{""type"":""MultiPoint"",""coordinates"":[]}"
VHI_M_2021-07_000000000000000001ec,0.6465309385796318,3.485936653366829,493,7,Wet,2021,2021-07,"{""type"":""MultiPoint"",""coordinates"":[]}"
VHI_M_2021-07_000000000000000001ed,0.7055873945852046,3.8737317747435465,494,7,Wet,2021,2021-07,"{""type"":""MultiPoint"",""coordinates"":[]}"
VHI_M_2021-07_000000000000000001f4,9.060587207244335,3.4284113225783246,501,7,Wet,2021,2021-07,"{""type"":""MultiPoint"",""coordinates"":[]}"
VHI_M_2021-07_000000000000000001f5,0.5157771264415736,2.6217677457563977,502,7,Wet,2021,2021-07,"{""type"":""MultiPoint"",""coordinates"":[]}"
VHI_M_2021-07_000000000000000001f6,0.635290848805543,3.389185245976383,503,7,Wet,2021,2021-07,"{""type"":""MultiPoint"",""coordinates"":[]}"
VHI_M_2021-07_000000000000000001f7,50.299151050834034,3.46887936237863,504,7,Wet,2021,2021-07,"{""type"":""MultiPoint"",""coordinates"":[]}"
VHI_M_2021-07_000000000000000001f8,0.6426172042568367,3.4466521099068324,505,7,Wet,2021,2021-07,"{""type"":""MultiPoint"",""coordinates"":[]}"
VHI_M_2021-07_000000000000000001f9,0.6648846854798295,3.5935348216061596,506,7,Wet,2021,2021-07,"{""type"":""MultiPoint"",""coordinates"":[]}"
VHI_M_2021-07_000000000000000001fa,29.12803607137521,3.0794513308204223,507,7,Wet,2021,2021-07,"{""type"":""MultiPoint"",""coordinates"":[]}"
VHI_M_2021-07_000000000000000001fb,8.50901850833177,3.2686967356804444,508,7,Wet,2021,2021-07,"{""type"":""MultiPoint"",""coordinates"":[]}"
VHI_M_2021-07_000000000000000001fc,0.5966145244679824,3.0331490845136786,509,7,Wet,2021,2021-07,"{""type"":""MultiPoint"",""coordinates"":[]}"
VHI_M_2021-07_000000000000000001fd,0.6064185650501135,3.194626095466883,510,7,Wet,2021,2021-07,"{""type"":""MultiPoint"",""coordinates"":[]}"
VHI_M_2021-07_00000000000000000049,0.6337444129255909,3.412894253437749,74,7,Wet,2021,2021-07,"{""type"":""MultiPoint"",""coordinates"":[]}"
VHI_M_2021-07_0000000000000000004a,37.392542090213155,3.495878214080751,75,7,Wet,2021,2021-07,"{""type"":""MultiPoint"",""coordinates"":[]}"
VHI_M_2021-07_000000000000000000fd,74.59136287588551,3.8657142857142843,254,7,Wet,2021,2021-07,"{""type"":""MultiPoint"",""coordinates"":[]}"
VHI_M_2021-07_000000000000000000fe,6.013715208467846,3.310822995107779,255,7,Wet,2021,2021-07,"{""type"":""MultiPoint"",""coordinates"":[]}"
VHI_M_2021-07_00000000000000000191,0.4269900371604254,2.2088266953713673,402,7,Wet,2021,2021-07,"{""type"":""MultiPoint"",""coordinates"":[]}"
VHI_M_2021-07_0000000000000000016e,20.150385297645133,2.7768627165172597,367,7,Wet,2021,2021-07,"{""type"":""MultiPoint"",""coordinates"":[]}"
VHI_M_2021-07_0000000000000000016f,0.516434580450923,2.6254426203780303,368,7,Wet,2021,2021-07,"{""type"":""MultiPoint"",""coordinates"":[]}"
VHI_M_2021-07_00000000000000000170,2.035089465285351,2.784775703016025,369,7,Wet,2021,2021-07,"{""type"":""MultiPoint"",""coordinates"":[]}"
VHI_M_2021-07_00000000000000000181,35.952139571182336,3.629349286395766,386,7,Wet,2021,2021-07,"{""type"":""MultiPoint"",""coordinates"":[]}"
VHI_M_2021-07_00000000000000000182,0.6483457166269243,3.5013512299561325,387,7,Wet,2021,2021-07,"{""type"":""MultiPoint"",""coordinates"":[]}"
VHI_M_2021-07_00000000000000000228,3.812325832339577,2.819990004997501,553,7,Wet,2021,2021-07,"{""type"":""MultiPoint"",""coordinates"":[]}"
VHI_M_2021-08_00000000000000000017,46.452064497595494,2.377330190700664,24,8,Wet,2021,2021-08,"{""type"":""MultiPoint"",""coordinates"":[]}"
VHI_M_2021-08_00000000000000000018,232.37334054411227,4.65902206836867,25,8,Wet,2021,2021-08,"{""type"":""MultiPoint"",""coordinates"":[]}"
VHI_M_2021-08_00000000000000000019,29.99746299810733,1.809140482991431,26,8,Wet,2021,2021-08,"{""type"":""MultiPoint"",""coordinates"":[]}"
VHI_M_2021-08_0000000000000000001a,13.55912536479992,1.703456268320949,27,8,Wet,2021,2021-08,"{""type"":""MultiPoint"",""coordinates"":[]}"
VHI_M_2021-08_0000000000000000005b,160.29606919435724,4.483792262112234,92,8,Wet,2021,2021-08,"{""type"":""MultiPoint"",""coordinates"":[]}"
VHI_M_2021-08_0000000000000000005c,60.16920352473555,2.0436261757054233,93,8,Wet,2021,2021-08,"{""type"":""MultiPoint"",""coordinates"":[]}"
VHI_M_2021-08_0000000000000000005d,254.0,5.0,94,8,Wet,2021,2021-08,"{""type"":""MultiPoint"",""coordinates"":[]}"
VHI_M_2021-08_0000000000000000005e,35.201744938627414,1.9199209095402867,95,8,Wet,2021,2021-08,"{""type"":""MultiPoint"",""coordinates"":[]}"
VHI_M_2021-08_0000000000000000005f,81.72723866427614,3.162182936202921,96,8,Wet,2021,2021-08,"{""type"":""MultiPoint"",""coordinates"":[]}"
VHI_M_2021-08_000000000000000000b6,0.4716462389113893,2.5696784073506898,183,8,Wet,2021,2021-08,"{""type"":""MultiPoint"",""coordinates"":[]}"
VHI_M_2021-08_000000000000000000b7,0.5891429502552329,2.8659076533839345,184,8,Wet,2021,2021-08,"{""type"":""MultiPoint"",""coordinates"":[]}"
VHI_M_2021-08_000000000000000000b8,0.37960037240086875,1.879182156133829,185,8,Wet,2021,2021-08,"{""type"":""MultiPoint"",""coordinates"":[]}"
VHI_M_2021-08_000000000000000000b9,39.36458052886443,3.1406410763751484,186,8,Wet,2021,2021-08,"{""type"":""MultiPoint"",""coordinates"":[]}"
VHI_M_2021-08_000000000000000000ba,0.5265519948164622,2.802133333333333,187,8,Wet,2021,2021-08,"{""type"":""MultiPoint"",""coordinates"":[]}"
VHI_M_2021-08_000000000000000000bb,0.42686633582752526,2.2247524752475245,188,8,Wet,2021,2021-08,"{""type"":""MultiPoint"",""coordinates"":[]}"
VHI_M_2021-08_000000000000000001a0,34.23511534392067,3.8379828326180263,417,8,Wet,2021,2021-08,"{""type"":""MultiPoint"",""coordinates"":[]}"
VHI_M_2021-08_000000000000000001a1,0.5225810858841521,2.4872529793332325,418,8,Wet,2021,2021-08,"{""type"":""MultiPoint"",""coordinates"":[]}"
VHI_M_2021-08_000000000000000001a2,19.702419691326785,3.660746931313659,419,8,Wet,2021,2021-08,"{""type"":""MultiPoint"",""coordinates"":[]}"
VHI_M_2021-08_000000000000000001a3,0.5486934734824984,3.0331067100206917,420,8,Wet,2021,2021-08,"{""type"":""MultiPoint"",""coordinates"":[]}"
VHI_M_2021-08_000000000000000001cb,41.38138087580982,2.599336650082919,460,8,Wet,2021,2021-08,"{""type"":""MultiPoint"",""coordinates"":[]}"
VHI_M_2021-08_000000000000000001cc,79.88791966122442,3.280000000000001,461,8,Wet,2021,2021-08,"{""type"":""MultiPoint"",""coordinates"":[]}"
VHI_M_2021-08_0000000000000000021b,0.5303410491121016,2.935649935649936,540,8,Wet,2021,2021-08,"{""type"":""MultiPoint"",""coordinates"":[]}"
VHI_M_2021-08_0000000000000000021c,0.5334565153588419,3.0,541,8,Wet,2021,2021-08,"{""type"":""MultiPoint"",""coordinates"":[]}"
VHI_M_2021-08_0000000000000000021d,25.00035682366218,3.2742008104457465,542,8,Wet,2021,2021-08,"{""type"":""MultiPoint"",""coordinates"":[]}"
VHI_M_2021-08_000000000000000000bf,0.4277796357825655,1.9103281133482475,192,8,Wet,2021,2021-08,"{""type"":""MultiPoint"",""coordinates"":[]}"
VHI_M_2021-08_000000000000000000c0,0.411995429105368,1.8440568912969866,193,8,Wet,2021,2021-08,"{""type"":""MultiPoint"",""coordinates"":[]}"
VHI_M_2021-08_0000000000000000010a,0.4903910385887517,2.35691123935147,267,8,Wet,2021,2021-08,"{""type"":""MultiPoint"",""coordinates"":[]}"
VHI_M_2021-08_0000000000000000010b,56.60500060099402,3.45536465216869,268,8,Wet,2021,2021-08,"{""type"":""MultiPoint"",""coordinates"":[]}"
VHI_M_2021-08_00000000000000000226,3.0299847493836896,2.825057948029768,551,8,Wet,2021,2021-08,"{""type"":""MultiPoint"",""coordinates"":[]}"
VHI_M_2021-08_00000000000000000227,0.6253481213946878,3.290252393385552,552,8,Wet,2021,2021-08,"{""type"":""MultiPoint"",""coordinates"":[]}"
VHI_M_2021-08_000000000000000001a4,0.4994418462970067,2.3165422885572142,421,8,Wet,2021,2021-08,"{""type"":""MultiPoint"",""coordinates"":[]}"
VHI_M_2021-08_000000000000000001a5,0.5469376495337235,2.7722086389568057,422,8,Wet,2021,2021-08,"{""type"":""MultiPoint"",""coordinates"":[]}"
VHI_M_2021-08_000000000000000001a6,0.5041137341646537,2.333825701624815,423,8,Wet,2021,2021-08,"{""type"":""MultiPoint"",""coordinates"":[]}"
VHI_M_2021-08_000000000000000001a7,0.5118639682145681,2.413970588235294,424,8,Wet,2021,2021-08,"{""type"":""MultiPoint"",""coordinates"":[]}"
VHI_M_2021-08_000000000000000001a8,0.577527525448303,3.0,425,8,Wet,2021,2021-08,"{""type"":""MultiPoint"",""coordinates"":[]}"
VHI_M_2021-08_000000000000000001a9,0.45312109063379463,2.0109375,426,8,Wet,2021,2021-08,"{""type"":""MultiPoint"",""coordinates"":[]}"
VHI_M_2021-08_000000000000000001aa,0.45573452731658676,2.3811998110533774,427,8,Wet,2021,2021-08,"{""type"":""MultiPoint"",""coordinates"":[]}"
VHI_M_2021-08_000000000000000001fe,0.5990344479909726,3.151042611060744,511,8,Wet,2021,2021-08,"{""type"":""MultiPoint"",""coordinates"":[]}"
VHI_M_2021-08_000000000000000001ff,61.764457930495,2.360590573537762,512,8,Wet,2021,2021-08,"{""type"":""MultiPoint"",""coordinates"":[]}"
VHI_M_2021-08_00000000000000000200,0.6203130375508888,2.9812755997659455,513,8,Wet,2021,2021-08,"{""type"":""MultiPoint"",""coordinates"":[]}"
VHI_M_2021-08_00000000000000000201,101.88394570696273,3.5759093305218754,514,8,Wet,2021,2021-08,"{""type"":""MultiPoint"",""coordinates"":[]}"
VHI_M_2021-08_00000000000000000202,0.6086606521425731,3.0,515,8,Wet,2021,2021-08,"{""type"":""MultiPoint"",""coordinates"":[]}"
VHI_M_2021-08_00000000000000000002,18.571731032959658,2.2571135981274226,3,8,Wet,2021,2021-08,"{""type"":""MultiPoint"",""coordinates"":[]}"
VHI_M_2021-08_0000000000000000000d,17.049044420549745,2.5934360928299265,14,8,Wet,2021,2021-08,"{""type"":""MultiPoint"",""coordinates"":[]}"
VHI_M_2021-08_00000000000000000027,53.456395197445445,2.867181682799702,40,8,Wet,2021,2021-08,"{""type"":""MultiPoint"",""coordinates"":[]}"
VHI_M_2021-08_00000000000000000070,0.436500120039456,2.0712527389293154,113,8,Wet,2021,2021-08,"{""type"":""MultiPoint"",""coordinates"":[]}"
VHI_M_2021-08_00000000000000000071,0.5383305676137974,2.813754096152984,114,8,Wet,2021,2021-08,"{""type"":""MultiPoint"",""coordinates"":[]}"
VHI_M_2021-08_000000000000000001b0,55.922121416937316,2.553327592569812,433,8,Wet,2021,2021-08,"{""type"":""MultiPoint"",""coordinates"":[]}"
VHI_M_2021-08_000000000000000001b1,7.475319135971422,2.5832554413139275,434,8,Wet,2021,2021-08,"{""type"":""MultiPoint"",""coordinates"":[]}"
VHI_M_2021-08_000000000000000001b2,90.89469763487874,2.613163835095639,435,8,Wet,2021,2021-08,"{""type"":""MultiPoint"",""coordinates"":[]}"
VHI_M_2021-08_000000000000000001cd,1.479136533490608,3.419978649520841,462,8,Wet,2021,2021-08,"{""type"":""MultiPoint"",""coordinates"":[]}"
VHI_M_2021-08_000000000000000001ce,0.5245709670791435,2.5950665139635274,463,8,Wet,2021,2021-08,"{""type"":""MultiPoint"",""coordinates"":[]}"
VHI_M_2021-08_000000000000000001cf,22.404991640795185,3.395615123686604,464,8,Wet,2021,2021-08,"{""type"":""MultiPoint"",""coordinates"":[]}"
VHI_M_2021-08_0000000000000000001c,0.6135688330991361,3.295341424627734,29,8,Wet,2021,2021-08,"{""type"":""MultiPoint"",""coordinates"":[]}"
VHI_M_2021-08_0000000000000000001d,0.6289660291654756,3.3686191446028526,30,8,Wet,2021,2021-08,"{""type"":""MultiPoint"",""coordinates"":[]}"
VHI_M_2021-08_0000000000000000001e,0.6486864547878776,3.4731671668433752,31,8,Wet,2021,2021-08,"{""type"":""MultiPoint"",""coordinates"":[]}"
VHI_M_2021-08_00000000000000000026,0.5503063249190873,2.8278750235271977,39,8,Wet,2021,2021-08,"{""type"":""MultiPoint"",""coordinates"":[]}"
VHI_M_2021-08_000000000000000000f9,0.6028334674013857,3.1329061381206853,250,8,Wet,2021,2021-08,"{""type"":""MultiPoint"",""coordinates"":[]}"
VHI_M_2021-08_000000000000000000fa,0.5828440344398891,3.094290515920819,251,8,Wet,2021,2021-08,"{""type"":""MultiPoint"",""coordinates"":[]}"
VHI_M_2021-08_000000000000000000fb,0.4885617748213518,2.4772625615029082,252,8,Wet,2021,2021-08,"{""type"":""MultiPoint"",""coordinates"":[]}"
VHI_M_2021-08_000000000000000000fc,0.46747482182940364,2.296452074391989,253,8,Wet,2021,2021-08,"{""type"":""MultiPoint"",""coordinates"":[]}"
VHI_M_2021-08_00000000000000000163,0.5720566008996811,3.0207966774417945,356,8,Wet,2021,2021-08,"{""type"":""MultiPoint"",""coordinates"":[]}"
VHI_M_2021-08_00000000000000000164,0.6380378825159696,3.4290453687208644,357,8,Wet,2021,2021-08,"{""type"":""MultiPoint"",""coordinates"":[]}"
VHI_M_2021-08_00000000000000000165,0.6071216595439581,3.2821321849706835,358,8,Wet,2021,2021-08,"{""type"":""MultiPoint"",""coordinates"":[]}"
VHI_M_2021-08_00000000000000000166,0.5723067415596136,2.9973525490445048,359,8,Wet,2021,2021-08,"{""type"":""MultiPoint"",""coordinates"":[]}"
VHI_M_2021-08_00000000000000000149,0.6580919567823655,3.526813482721424,330,8,Wet,2021,2021-08,"{""type"":""MultiPoint"",""coordinates"":[]}"
VHI_M_2021-08_0000000000000000014a,0.5457391513626251,2.8192303085268393,331,8,Wet,2021,2021-08,"{""type"":""MultiPoint"",""coordinates"":[]}"
VHI_M_2021-08_0000000000000000014b,0.6020123035463832,3.159234907352065,332,8,Wet,2021,2021-08,"{""type"":""MultiPoint"",""coordinates"":[]}"
VHI_M_2021-08_0000000000000000014c,0.6245708953275396,3.3303970147427644,333,8,Wet,2021,2021-08,"{""type"":""MultiPoint"",""coordinates"":[]}"
VHI_M_2021-08_0000000000000000014d,0.5762202128407635,3.0532745813538957,334,8,Wet,2021,2021-08,"{""type"":""MultiPoint"",""coordinates"":[]}"
VHI_M_2021-08_0000000000000000014e,0.5724692768634356,2.9713004484304935,335,8,Wet,2021,2021-08,"{""type"":""MultiPoint"",""coordinates"":[]}"
VHI_M_2021-08_00000000000000000158,0.6226260646377311,3.294481948928677,345,8,Wet,2021,2021-08,"{""type"":""MultiPoint"",""coordinates"":[]}"
VHI_M_2021-08_00000000000000000159,0.681315048640442,3.673653990548121,346,8,Wet,2021,2021-08,"{""type"":""MultiPoint"",""coordinates"":[]}"
VHI_M_2021-08_0000000000000000015a,0.6007466365592604,3.1517519219396797,347,8,Wet,2021,2021-08,"{""type"":""MultiPoint"",""coordinates"":[]}"
VHI_M_2021-08_0000000000000000015b,0.6839741241203539,3.721857618185912,348,8,Wet,2021,2021-08,"{""type"":""MultiPoint"",""coordinates"":[]}"
VHI_M_2021-08_0000000000000000015c,0.4929458513113561,2.441722505339042,349,8,Wet,2021,2021-08,"{""type"":""MultiPoint"",""coordinates"":[]}"
VHI_M_2021-08_0000000000000000015d,0.6941031295040865,3.8020415039018034,350,8,Wet,2021,2021-08,"{""type"":""MultiPoint"",""coordinates"":[]}"
VHI_M_2021-08_00000000000000000008,0.5358068402733378,2.6924671734623344,9,8,Wet,2021,2021-08,"{""type"":""MultiPoint"",""coordinates"":[]}"
VHI_M_2021-08_000000000000000000c2,0.5561018984777741,2.8677307425399032,195,8,Wet,2021,2021-08,"{""type"":""MultiPoint"",""coordinates"":[]}"
VHI_M_2021-08_000000000000000000c3,0.3630453627765318,1.5932321252788335,196,8,Wet,2021,2021-08,"{""type"":""MultiPoint"",""coordinates"":[]}"
VHI_M_2021-08_000000000000000000c4,0.600523156799562,3.1915804140127397,197,8,Wet,2021,2021-08,"{""type"":""MultiPoint"",""coordinates"":[]}"
VHI_M_2021-08_000000000000000000c5,0.45998859216641813,2.224139361260886,198,8,Wet,2021,2021-08,"{""type"":""MultiPoint"",""coordinates"":[]}"
VHI_M_2021-08_000000000000000000c6,0.4929760687393708,2.4892286876360172,199,8,Wet,2021,2021-08,"{""type"":""MultiPoint"",""coordinates"":[]}"
VHI_M_2021-08_000000000000000000c7,0.4862434584957005,2.4517718084761606,200,8,Wet,2021,2021-08,"{""type"":""MultiPoint"",""coordinates"":[]}"
VHI_M_2021-08_000000000000000000c8,0.540894706009984,2.7697378585775367,201,8,Wet,2021,2021-08,"{""type"":""MultiPoint"",""coordinates"":[]}"
VHI_M_2021-08_000000000000000000c9,0.4293829903567163,2.031864631002039,202,8,Wet,2021,2021-08,"{""type"":""MultiPoint"",""coordinates"":[]}"
VHI_M_2021-08_00000000000000000136,0.6076006760139561,3.256839421266244,311,8,Wet,2021,2021-08,"{""type"":""MultiPoint"",""coordinates"":[]}"
VHI_M_2021-08_00000000000000000137,0.6980179808835473,3.817232744330405,312,8,Wet,2021,2021-08,"{""type"":""MultiPoint"",""coordinates"":[]}"
VHI_M_2021-08_00000000000000000138,0.6238025303920064,3.334359342836061,313,8,Wet,2021,2021-08,"{""type"":""MultiPoint"",""coordinates"":[]}"
VHI_M_2021-08_00000000000000000139,0.6768431625326209,3.672755978556585,314,8,Wet,2021,2021-08,"{""type"":""MultiPoint"",""coordinates"":[]}"
VHI_M_2021-08_0000000000000000013a,0.5805608452481683,3.043982247290545,315,8,Wet,2021,2021-08,"{""type"":""MultiPoint"",""coordinates"":[]}"
VHI_M_2021-08_000000000000000001ef,0.5432545386267706,2.8094495626520364,496,8,Wet,2021,2021-08,"{""type"":""MultiPoint"",""coordinates"":[]}"
VHI_M_2021-08_000000000000000001f0,0.5960330753378107,3.1435648250402295,497,8,Wet,2021,2021-08,"{""type"":""MultiPoint"",""coordinates"":[]}"
VHI_M_2021-08_00000000000000000081,0.2659930785124093,1.1031206006569685,130,8,Wet,2021,2021-08,"{""type"":""MultiPoint"",""coordinates"":[]}"
VHI_M_2021-08_000000000000000000a0,0.3755785116620415,1.7395496466642706,161,8,Wet,2021,2021-08,"{""type"":""MultiPoint"",""coordinates"":[]}"
VHI_M_2021-08_000000000000000000a1,31.913871821236437,2.2040970042372585,162,8,Wet,2021,2021-08,"{""type"":""MultiPoint"",""coordinates"":[]}"
VHI_M_2021-08_000000000000000000a2,8.551443262692699,2.0339217016066615,163,8,Wet,2021,2021-08,"{""type"":""MultiPoint"",""coordinates"":[]}"
VHI_M_2021-08_000000000000000000a3,5.456795641488982,2.006204524407989,164,8,Wet,2021,2021-08,"{""type"":""MultiPoint"",""coordinates"":[]}"
VHI_M_2021-08_000000000000000000a4,77.91368719976687,2.9295025156959116,165,8,Wet,2021,2021-08,"{""type"":""MultiPoint"",""coordinates"":[]}"
VHI_M_2021-08_0000000000000000014f,0.5161582205444272,2.5191127117950405,336,8,Wet,2021,2021-08,"{""type"":""MultiPoint"",""coordinates"":[]}"
VHI_M_2021-08_00000000000000000150,0.415591389277448,1.955927361762906,337,8,Wet,2021,2021-08,"{""type"":""MultiPoint"",""coordinates"":[]}"
VHI_M_2021-08_00000000000000000151,2.1785932017718967,2.761920202459567,338,8,Wet,2021,2021-08,"{""type"":""MultiPoint"",""coordinates"":[]}"
VHI_M_2021-08_00000000000000000152,0.5890669783601826,3.0930770310503006,339,8,Wet,2021,2021-08,"{""type"":""MultiPoint"",""coordinates"":[]}"
VHI_M_2021-08_00000000000000000153,0.5656394494923878,2.9147688404497663,340,8,Wet,2021,2021-08,"{""type"":""MultiPoint"",""coordinates"":[]}"
VHI_M_2021-08_00000000000000000171,0.698654513591083,3.840626466447677,370,8,Wet,2021,2021-08,"{""type"":""MultiPoint"",""coordinates"":[]}"
VHI_M_2021-08_00000000000000000172,0.5309723525252376,2.6990593324126437,371,8,Wet,2021,2021-08,"{""type"":""MultiPoint"",""coordinates"":[]}"
VHI_M_2021-08_00000000000000000173,0.616166373897676,3.2685068809163953,372,8,Wet,2021,2021-08,"{""type"":""MultiPoint"",""coordinates"":[]}"
VHI_M_2021-08_000000000000000001f1,0.5909472894251,3.099771393191802,498,8,Wet,2021,2021-08,"{""type"":""MultiPoint"",""coordinates"":[]}"
VHI_M_2021-08_000000000000000001f2,0.4231294129849831,2.02364812095842,499,8,Wet,2021,2021-08,"{""type"":""MultiPoint"",""coordinates"":[]}"
VHI_M_2021-08_000000000000000001f3,0.34784231329853715,1.4661831817167934,500,8,Wet,2021,2021-08,"{""type"":""MultiPoint"",""coordinates"":[]}"
VHI_M_2021-08_00000000000000000092,0.26159649202376317,1.2450980392156867,147,8,Wet,2021,2021-08,"{""type"":""MultiPoint"",""coordinates"":[]}"
VHI_M_2021-08_00000000000000000093,0.35791381745405576,1.6764174353249364,148,8,Wet,2021,2021-08,"{""type"":""MultiPoint"",""coordinates"":[]}"
VHI_M_2021-08_00000000000000000094,0.6165130717113787,2.0987891444877382,149,8,Wet,2021,2021-08,"{""type"":""MultiPoint"",""coordinates"":[]}"
VHI_M_2021-08_00000000000000000095,13.022738639579716,2.9405690683799914,150,8,Wet,2021,2021-08,"{""type"":""MultiPoint"",""coordinates"":[]}"
VHI_M_2021-08_00000000000000000096,0.4034267944214489,1.8494861773019968,151,8,Wet,2021,2021-08,"{""type"":""MultiPoint"",""coordinates"":[]}"
VHI_M_2021-08_00000000000000000097,0.33115101146512066,1.298150163220892,152,8,Wet,2021,2021-08,"{""type"":""MultiPoint"",""coordinates"":[]}"
VHI_M_2021-08_00000000000000000098,0.6252515879854308,3.1038135593220346,153,8,Wet,2021,2021-08,"{""type"":""MultiPoint"",""coordinates"":[]}"
VHI_M_2021-08_000000000000000000a9,0.6394134935697187,3.3121715366827833,170,8,Wet,2021,2021-08,"{""type"":""MultiPoint"",""coordinates"":[]}"
VHI_M_2021-08_0000000000000000017c,61.680512915605945,2.630560243481478,381,8,Wet,2021,2021-08,"{""type"":""MultiPoint"",""coordinates"":[]}"
VHI_M_2021-08_0000000000000000017d,38.898248717191,2.952211245104377,382,8,Wet,2021,2021-08,"{""type"":""MultiPoint"",""coordinates"":[]}"
VHI_M_2021-08_0000000000000000017e,11.586694663108885,2.5632081582487656,383,8,Wet,2021,2021-08,"{""type"":""MultiPoint"",""coordinates"":[]}"
VHI_M_2021-08_000000000000000001ee,0.4548578271130964,2.1822910646168063,495,8,Wet,2021,2021-08,"{""type"":""MultiPoint"",""coordinates"":[]}"
VHI_M_2021-08_0000000000000000020d,0.5244963499295131,2.6782409447431044,526,8,Wet,2021,2021-08,"{""type"":""MultiPoint"",""coordinates"":[]}"
VHI_M_2021-08_0000000000000000020e,3.80432986731949,3.056333982838698,527,8,Wet,2021,2021-08,"{""type"":""MultiPoint"",""coordinates"":[]}"
VHI_M_2021-08_0000000000000000020f,0.5325881809596417,2.761050413177303,528,8,Wet,2021,2021-08,"{""type"":""MultiPoint"",""coordinates"":[]}"
VHI_M_2021-08_00000000000000000210,0.5433446313581592,2.7657306035334566,529,8,Wet,2021,2021-08,"{""type"":""MultiPoint"",""coordinates"":[]}"
VHI_M_2021-08_00000000000000000211,11.856607294954367,2.7656814844480038,530,8,Wet,2021,2021-08,"{""type"":""MultiPoint"",""coordinates"":[]}"
VHI_M_2021-08_00000000000000000058,0.40591573286927,1.8960327028404802,89,8,Wet,2021,2021-08,"{""type"":""MultiPoint"",""coordinates"":[]}"
VHI_M_2021-08_00000000000000000059,0.5175783202983063,2.6023891023401995,90,8,Wet,2021,2021-08,"{""type"":""MultiPoint"",""coordinates"":[]}"
VHI_M_2021-08_0000000000000000018b,0.580908702215223,3.209525799039065,396,8,Wet,2021,2021-08,"{""type"":""MultiPoint"",""coordinates"":[]}"
VHI_M_2021-08_0000000000000000018c,0.5559672234556016,2.870304958447748,397,8,Wet,2021,2021-08,"{""type"":""MultiPoint"",""coordinates"":[]}"
VHI_M_2021-08_0000000000000000018d,0.5773979668601524,2.994287262497693,398,8,Wet,2021,2021-08,"{""type"":""MultiPoint"",""coordinates"":[]}"
VHI_M_2021-08_0000000000000000018e,0.5120220372019432,2.5884236937343177,399,8,Wet,2021,2021-08,"{""type"":""MultiPoint"",""coordinates"":[]}"
VHI_M_2021-08_00000000000000000036,0.4282928265423535,2.2313052345343305,55,8,Wet,2021,2021-08,"{""type"":""MultiPoint"",""coordinates"":[]}"
VHI_M_2021-08_000000000000000000db,0.5112292510672948,2.5627470765151164,220,8,Wet,2021,2021-08,"{""type"":""MultiPoint"",""coordinates"":[]}"
VHI_M_2021-08_000000000000000000dc,0.5214190677900737,2.6351508659167995,221,8,Wet,2021,2021-08,"{""type"":""MultiPoint"",""coordinates"":[]}"
VHI_M_2021-08_000000000000000000dd,0.4881882064252184,2.437483670566378,222,8,Wet,2021,2021-08,"{""type"":""MultiPoint"",""coordinates"":[]}"
VHI_M_2021-08_00000000000000000102,0.5955916403950338,3.1250320924261863,259,8,Wet,2021,2021-08,"{""type"":""MultiPoint"",""coordinates"":[]}"
VHI_M_2021-08_00000000000000000103,0.5949014987472644,3.0680179727056287,260,8,Wet,2021,2021-08,"{""type"":""MultiPoint"",""coordinates"":[]}"
VHI_M_2021-08_00000000000000000104,0.5757164615275506,3.034963667883884,261,8,Wet,2021,2021-08,"{""type"":""MultiPoint"",""coordinates"":[]}"
VHI_M_2021-08_00000000000000000105,0.5767391474656849,3.021694915254236,262,8,Wet,2021,2021-08,"{""type"":""MultiPoint"",""coordinates"":[]}"
VHI_M_2021-08_0000000000000000000a,0.8127409745615078,4.4206839719818705,11,8,Wet,2021,2021-08,"{""type"":""MultiPoint"",""coordinates"":[]}"
VHI_M_2021-08_000000000000000000b1,0.4942097469957487,2.4468906184538946,178,8,Wet,2021,2021-08,"{""type"":""MultiPoint"",""coordinates"":[]}"
VHI_M_2021-08_000000000000000000b2,0.48554151360017417,2.429160307831007,179,8,Wet,2021,2021-08,"{""type"":""MultiPoint"",""coordinates"":[]}"
VHI_M_2021-08_000000000000000000b3,0.4363354113825621,2.094364341758591,180,8,Wet,2021,2021-08,"{""type"":""MultiPoint"",""coordinates"":[]}"
VHI_M_2021-08_000000000000000000ca,0.5000220802599863,2.480265728800313,203,8,Wet,2021,2021-08,"{""type"":""MultiPoint"",""coordinates"":[]}"
VHI_M_2021-08_000000000000000000d2,0.6495146424822733,3.4829791516718878,211,8,Wet,2021,2021-08,"{""type"":""MultiPoint"",""coordinates"":[]}"
VHI_M_2021-08_000000000000000000d3,0.43299598505577125,2.0576215288739013,212,8,Wet,2021,2021-08,"{""type"":""MultiPoint"",""coordinates"":[]}"
VHI_M_2021-08_000000000000000000d4,0.4967743214627383,2.4964031530934667,213,8,Wet,2021,2021-08,"{""type"":""MultiPoint"",""coordinates"":[]}"
VHI_M_2021-08_000000000000000000d5,0.5461799626494184,2.79593211617302,214,8,Wet,2021,2021-08,"{""type"":""MultiPoint"",""coordinates"":[]}"
VHI_M_2021-08_000000000000000000bc,0.43402369496203813,2.0853568390075172,189,8,Wet,2021,2021-08,"{""type"":""MultiPoint"",""coordinates"":[]}"
VHI_M_2021-08_000000000000000000bd,0.44790305268124864,2.1771118221753905,190,8,Wet,2021,2021-08,"{""type"":""MultiPoint"",""coordinates"":[]}"
VHI_M_2021-08_000000000000000000be,0.43860836229953554,2.0994371664005533,191,8,Wet,2021,2021-08,"{""type"":""MultiPoint"",""coordinates"":[]}"
VHI_M_2021-08_000000000000000000f1,0.5491972830965944,2.7342403628117906,242,8,Wet,2021,2021-08,"{""type"":""MultiPoint"",""coordinates"":[]}"
VHI_M_2021-08_00000000000000000100,0.5368422377962088,2.731095501999544,257,8,Wet,2021,2021-08,"{""type"":""MultiPoint"",""coordinates"":[]}"
VHI_M_2021-08_00000000000000000101,0.4826519106413113,2.376930229422355,258,8,Wet,2021,2021-08,"{""type"":""MultiPoint"",""coordinates"":[]}"
VHI_M_2021-08_0000000000000000012f,0.3902725028866743,1.768891740500384,304,8,Wet,2021,2021-08,"{""type"":""MultiPoint"",""coordinates"":[]}"
VHI_M_2021-08_00000000000000000130,0.3738055589410558,1.684836106655974,305,8,Wet,2021,2021-08,"{""type"":""MultiPoint"",""coordinates"":[]}"
VHI_M_2021-08_00000000000000000131,0.386695611803646,1.8367639967565612,306,8,Wet,2021,2021-08,"{""type"":""MultiPoint"",""coordinates"":[]}"
VHI_M_2021-08_00000000000000000065,0.472935909796634,2.33808025589851,102,8,Wet,2021,2021-08,"{""type"":""MultiPoint"",""coordinates"":[]}"
VHI_M_2021-08_00000000000000000066,0.5278244554623788,2.6729803427506345,103,8,Wet,2021,2021-08,"{""type"":""MultiPoint"",""coordinates"":[]}"
VHI_M_2021-08_00000000000000000067,0.4817821959310613,2.4123041249399084,104,8,Wet,2021,2021-08,"{""type"":""MultiPoint"",""coordinates"":[]}"
VHI_M_2021-08_00000000000000000068,0.41028691434140935,1.894126329419967,105,8,Wet,2021,2021-08,"{""type"":""MultiPoint"",""coordinates"":[]}"
VHI_M_2021-08_00000000000000000109,0.40412682889239027,1.9242629337383212,266,8,Wet,2021,2021-08,"{""type"":""MultiPoint"",""coordinates"":[]}"
VHI_M_2021-08_000000000000000001c1,0.449412670548798,2.144408783247006,450,8,Wet,2021,2021-08,"{""type"":""MultiPoint"",""coordinates"":[]}"
VHI_M_2021-08_000000000000000001c2,0.356968563394846,1.5566742336570294,451,8,Wet,2021,2021-08,"{""type"":""MultiPoint"",""coordinates"":[]}"
VHI_M_2021-08_00000000000000000113,0.36667399450833477,1.7190764156129745,276,8,Wet,2021,2021-08,"{""type"":""MultiPoint"",""coordinates"":[]}"
VHI_M_2021-08_00000000000000000114,0.488490700923184,2.4535046495350454,277,8,Wet,2021,2021-08,"{""type"":""MultiPoint"",""coordinates"":[]}"
VHI_M_2021-08_00000000000000000115,0.48686336279168185,2.4013737005101583,278,8,Wet,2021,2021-08,"{""type"":""MultiPoint"",""coordinates"":[]}"
VHI_M_2021-08_00000000000000000116,0.4865999421653736,2.429656010432308,279,8,Wet,2021,2021-08,"{""type"":""MultiPoint"",""coordinates"":[]}"
VHI_M_2021-08_00000000000000000117,0.4302110601910885,2.0373736267747007,280,8,Wet,2021,2021-08,"{""type"":""MultiPoint"",""coordinates"":[]}"
VHI_M_2021-08_00000000000000000167,0.6066324843098067,3.3177307310618596,360,8,Wet,2021,2021-08,"{""type"":""MultiPoint"",""coordinates"":[]}"
VHI_M_2021-08_00000000000000000168,0.4737073153564609,2.372139803872266,361,8,Wet,2021,2021-08,"{""type"":""MultiPoint"",""coordinates"":[]}"
VHI_M_2021-08_00000000000000000169,0.4845852274102688,2.4287650063565285,362,8,Wet,2021,2021-08,"{""type"":""MultiPoint"",""coordinates"":[]}"
VHI_M_2021-08_0000000000000000016a,0.5201895700705736,2.612943824575839,363,8,Wet,2021,2021-08,"{""type"":""MultiPoint"",""coordinates"":[]}"
VHI_M_2021-08_0000000000000000016b,0.6069261887313565,3.29000122609122,364,8,Wet,2021,2021-08,"{""type"":""MultiPoint"",""coordinates"":[]}"
VHI_M_2021-08_0000000000000000016c,0.46505942578518294,2.2644182691882233,365,8,Wet,2021,2021-08,"{""type"":""MultiPoint"",""coordinates"":[]}"
VHI_M_2021-08_0000000000000000016d,0.5930960999484078,3.1304274053832,366,8,Wet,2021,2021-08,"{""type"":""MultiPoint"",""coordinates"":[]}"
VHI_M_2021-08_000000000000000000cb,0.5792377827980468,3.0332050048123196,204,8,Wet,2021,2021-08,"{""type"":""MultiPoint"",""coordinates"":[]}"
VHI_M_2021-08_000000000000000000eb,15.32825203682187,2.6253201957090373,236,8,Wet,2021,2021-08,"{""type"":""MultiPoint"",""coordinates"":[]}"
VHI_M_2021-08_000000000000000000ec,0.5319126302125908,2.7360041113070364,237,8,Wet,2021,2021-08,"{""type"":""MultiPoint"",""coordinates"":[]}"
VHI_M_2021-08_000000000000000000ed,0.515737159319308,2.634369533423188,238,8,Wet,2021,2021-08,"{""type"":""MultiPoint"",""coordinates"":[]}"
VHI_M_2021-08_000000000000000000ee,0.6821604536661767,3.7237664783427498,239,8,Wet,2021,2021-08,"{""type"":""MultiPoint"",""coordinates"":[]}"
VHI_M_2021-08_000000000000000000ef,0.5621414982392893,2.9334424127603773,240,8,Wet,2021,2021-08,"{""type"":""MultiPoint"",""coordinates"":[]}"
VHI_M_2021-08_00000000000000000146,0.4343341057480781,2.137221062980802,327,8,Wet,2021,2021-08,"{""type"":""MultiPoint"",""coordinates"":[]}"
VHI_M_2021-08_00000000000000000147,8.33105035441491,1.747313204089048,328,8,Wet,2021,2021-08,"{""type"":""MultiPoint"",""coordinates"":[]}"
VHI_M_2021-08_00000000000000000148,0.4578568352319054,2.2230366425521906,329,8,Wet,2021,2021-08,"{""type"":""MultiPoint"",""coordinates"":[]}"
VHI_M_2021-08_0000000000000000015e,0.5297376007103708,2.703573327741036,351,8,Wet,2021,2021-08,"{""type"":""MultiPoint"",""coordinates"":[]}"
VHI_M_2021-08_0000000000000000015f,0.5381251242983133,2.8458034617974417,352,8,Wet,2021,2021-08,"{""type"":""MultiPoint"",""coordinates"":[]}"
VHI_M_2021-08_00000000000000000160,0.4697645257029632,2.332272107075563,353,8,Wet,2021,2021-08,"{""type"":""MultiPoint"",""coordinates"":[]}"
VHI_M_2021-08_00000000000000000161,0.5704018952536543,2.9739538855678895,354,8,Wet,2021,2021-08,"{""type"":""MultiPoint"",""coordinates"":[]}"
VHI_M_2021-08_00000000000000000162,4.4769165534910735,2.785473780420544,355,8,Wet,2021,2021-08,"{""type"":""MultiPoint"",""coordinates"":[]}"
VHI_M_2021-08_00000000000000000010,0.8038878715524448,4.387190949730865,17,8,Wet,2021,2021-08,"{""type"":""MultiPoint"",""coordinates"":[]}"
VHI_M_2021-08_00000000000000000121,0.735209651196406,4.043093177475553,290,8,Wet,2021,2021-08,"{""type"":""MultiPoint"",""coordinates"":[]}"
VHI_M_2021-08_00000000000000000122,0.869098886251799,4.043587866655707,291,8,Wet,2021,2021-08,"{""type"":""MultiPoint"",""coordinates"":[]}"
VHI_M_2021-08_00000000000000000123,0.7368111545440792,4.0377110845142665,292,8,Wet,2021,2021-08,"{""type"":""MultiPoint"",""coordinates"":[]}"
VHI_M_2021-08_0000000000000000019a,0.6483705069022494,3.461920063604592,411,8,Wet,2021,2021-08,"{""type"":""MultiPoint"",""coordinates"":[]}"
VHI_M_2021-08_0000000000000000019b,0.6754225563062816,3.6795192460819317,412,8,Wet,2021,2021-08,"{""type"":""MultiPoint"",""coordinates"":[]}"
VHI_M_2021-08_0000000000000000019c,0.568252099930492,2.936330761952857,413,8,Wet,2021,2021-08,"{""type"":""MultiPoint"",""coordinates"":[]}"
VHI_M_2021-08_0000000000000000019d,0.6740751274711155,3.642738623983909,414,8,Wet,2021,2021-08,"{""type"":""MultiPoint"",""coordinates"":[]}"
VHI_M_2021-08_0000000000000000019e,4.298803634549098,3.4885509825948713,415,8,Wet,2021,2021-08,"{""type"":""MultiPoint"",""coordinates"":[]}"
VHI_M_2021-08_0000000000000000019f,0.7316075152999553,3.796853470757209,416,8,Wet,2021,2021-08,"{""type"":""MultiPoint"",""coordinates"":[]}"
VHI_M_2021-08_00000000000000000216,0.6216377520727456,3.188746554240312,535,8,Wet,2021,2021-08,"{""type"":""MultiPoint"",""coordinates"":[]}"
VHI_M_2021-08_00000000000000000217,0.6743741052640598,3.2297265422893155,536,8,Wet,2021,2021-08,"{""type"":""MultiPoint"",""coordinates"":[]}"
VHI_M_2021-08_00000000000000000218,0.5534967534820446,2.882961556715709,537,8,Wet,2021,2021-08,"{""type"":""MultiPoint"",""coordinates"":[]}"
VHI_M_2021-08_00000000000000000219,0.6396789130075243,3.341062871413347,538,8,Wet,2021,2021-08,"{""type"":""MultiPoint"",""coordinates"":[]}"
VHI_M_2021-08_0000000000000000021a,8.410320037085299,3.0927516377750868,539,8,Wet,2021,2021-08,"{""type"":""MultiPoint"",""coordinates"":[]}"
VHI_M_2021-08_00000000000000000004,0.3517006483125883,1.9218589816607803,5,8,Wet,2021,2021-08,"{""type"":""MultiPoint"",""coordinates"":[]}"
VHI_M_2021-08_00000000000000000028,0.43643832496158574,2.1122769039260545,41,8,Wet,2021,2021-08,"{""type"":""MultiPoint"",""coordinates"":[]}"
VHI_M_2021-08_00000000000000000029,0.4281324324455357,2.0025516481602765,42,8,Wet,2021,2021-08,"{""type"":""MultiPoint"",""coordinates"":[]}"
VHI_M_2021-08_0000000000000000002a,0.471167711691431,2.3064128825884387,43,8,Wet,2021,2021-08,"{""type"":""MultiPoint"",""coordinates"":[]}"
VHI_M_2021-08_0000000000000000002b,0.49851895808506735,2.497325445263046,44,8,Wet,2021,2021-08,"{""type"":""MultiPoint"",""coordinates"":[]}"
VHI_M_2021-08_000000000000000000a7,0.5113587961192818,2.5564283672886154,168,8,Wet,2021,2021-08,"{""type"":""MultiPoint"",""coordinates"":[]}"
VHI_M_2021-08_000000000000000000a8,0.5020975780841151,2.516953379726507,169,8,Wet,2021,2021-08,"{""type"":""MultiPoint"",""coordinates"":[]}"
VHI_M_2021-08_0000000000000000000c,0.485608340133167,2.3994132629855365,13,8,Wet,2021,2021-08,"{""type"":""MultiPoint"",""coordinates"":[]}"
VHI_M_2021-08_00000000000000000060,0.4365777503055094,2.0889018336855276,97,8,Wet,2021,2021-08,"{""type"":""MultiPoint"",""coordinates"":[]}"
VHI_M_2021-08_00000000000000000061,0.47296052168782915,2.3213605921748326,98,8,Wet,2021,2021-08,"{""type"":""MultiPoint"",""coordinates"":[]}"
VHI_M_2021-08_00000000000000000062,0.38443409569710213,1.891415840000306,99,8,Wet,2021,2021-08,"{""type"":""MultiPoint"",""coordinates"":[]}"
VHI_M_2021-08_00000000000000000063,0.4453755422826858,2.160515402962743,100,8,Wet,2021,2021-08,"{""type"":""MultiPoint"",""coordinates"":[]}"
VHI_M_2021-08_00000000000000000064,0.5249932448008292,2.676539748113915,101,8,Wet,2021,2021-08,"{""type"":""MultiPoint"",""coordinates"":[]}"
VHI_M_2021-08_00000000000000000011,0.42540799152886505,2.0880810195161,18,8,Wet,2021,2021-08,"{""type"":""MultiPoint"",""coordinates"":[]}"
VHI_M_2021-08_00000000000000000033,0.5720452995903976,2.9793066605912886,52,8,Wet,2021,2021-08,"{""type"":""MultiPoint"",""coordinates"":[]}"
VHI_M_2021-08_00000000000000000034,0.6419707013355863,3.465620298039861,53,8,Wet,2021,2021-08,"{""type"":""MultiPoint"",""coordinates"":[]}"
VHI_M_2021-08_000000000000000001b3,0.5953171791520029,3.1454811235246622,436,8,Wet,2021,2021-08,"{""type"":""MultiPoint"",""coordinates"":[]}"
VHI_M_2021-08_000000000000000001b4,0.5420561572291338,2.7904269792779983,437,8,Wet,2021,2021-08,"{""type"":""MultiPoint"",""coordinates"":[]}"
VHI_M_2021-08_000000000000000001b5,0.6445978784330828,3.4400381772062376,438,8,Wet,2021,2021-08,"{""type"":""MultiPoint"",""coordinates"":[]}"
VHI_M_2021-08_00000000000000000005,0.5708014764486686,2.878713545925319,6,8,Wet,2021,2021-08,"{""type"":""MultiPoint"",""coordinates"":[]}"
VHI_M_2021-08_00000000000000000082,0.40900486257453295,1.9453883790560105,131,8,Wet,2021,2021-08,"{""type"":""MultiPoint"",""coordinates"":[]}"
VHI_M_2021-08_00000000000000000083,0.4515262704467691,2.1769109727611244,132,8,Wet,2021,2021-08,"{""type"":""MultiPoint"",""coordinates"":[]}"
VHI_M_2021-08_00000000000000000084,0.39792434756099737,1.92845016400658,133,8,Wet,2021,2021-08,"{""type"":""MultiPoint"",""coordinates"":[]}"
VHI_M_2021-08_00000000000000000085,0.43597486892492343,2.1251451318626637,134,8,Wet,2021,2021-08,"{""type"":""MultiPoint"",""coordinates"":[]}"
VHI_M_2021-08_00000000000000000086,0.48782923616506096,2.476326875998351,135,8,Wet,2021,2021-08,"{""type"":""MultiPoint"",""coordinates"":[]}"
VHI_M_2021-08_00000000000000000087,0.4436858985771731,2.057769434252069,136,8,Wet,2021,2021-08,"{""type"":""MultiPoint"",""coordinates"":[]}"
VHI_M_2021-08_0000000000000000010c,0.3638425908233797,1.6016115639183812,269,8,Wet,2021,2021-08,"{""type"":""MultiPoint"",""coordinates"":[]}"
VHI_M_2021-08_0000000000000000010d,0.49161832836067154,2.415793356559545,270,8,Wet,2021,2021-08,"{""type"":""MultiPoint"",""coordinates"":[]}"
VHI_M_2021-08_0000000000000000010e,0.2809227863472335,1.2970537121610155,271,8,Wet,2021,2021-08,"{""type"":""MultiPoint"",""coordinates"":[]}"
VHI_M_2021-08_0000000000000000010f,0.31785648505813197,1.3786584848315209,272,8,Wet,2021,2021-08,"{""type"":""MultiPoint"",""coordinates"":[]}"
VHI_M_2021-08_00000000000000000110,0.2965274617315347,1.25287156676912,273,8,Wet,2021,2021-08,"{""type"":""MultiPoint"",""coordinates"":[]}"
VHI_M_2021-08_00000000000000000111,0.2813365035771378,1.2733621472075733,274,8,Wet,2021,2021-08,"{""type"":""MultiPoint"",""coordinates"":[]}"
VHI_M_2021-08_000000000000000001d0,0.3219597469993422,1.7557241708422826,465,8,Wet,2021,2021-08,"{""type"":""MultiPoint"",""coordinates"":[]}"
VHI_M_2021-08_000000000000000001d1,0.35707829984709516,1.8941683854157645,466,8,Wet,2021,2021-08,"{""type"":""MultiPoint"",""coordinates"":[]}"
VHI_M_2021-08_00000000000000000009,0.23920299227854375,1.0680625668316215,10,8,Wet,2021,2021-08,"{""type"":""MultiPoint"",""coordinates"":[]}"
VHI_M_2021-08_0000000000000000009e,0.23122136300293225,1.0827347022045148,159,8,Wet,2021,2021-08,"{""type"":""MultiPoint"",""coordinates"":[]}"
VHI_M_2021-08_0000000000000000009f,0.2915631486949263,1.3505035037511843,160,8,Wet,2021,2021-08,"{""type"":""MultiPoint"",""coordinates"":[]}"
VHI_M_2021-08_00000000000000000154,0.3419451428130407,1.505342085984747,341,8,Wet,2021,2021-08,"{""type"":""MultiPoint"",""coordinates"":[]}"
VHI_M_2021-08_00000000000000000155,0.25375987407035305,1.217076175736966,342,8,Wet,2021,2021-08,"{""type"":""MultiPoint"",""coordinates"":[]}"
VHI_M_2021-08_00000000000000000156,0.26784419787015706,1.2231789607647068,343,8,Wet,2021,2021-08,"{""type"":""MultiPoint"",""coordinates"":[]}"
VHI_M_2021-08_00000000000000000157,0.284269335455104,1.2944532935459807,344,8,Wet,2021,2021-08,"{""type"":""MultiPoint"",""coordinates"":[]}"
VHI_M_2021-08_00000000000000000178,0.23937203376672128,1.0873363932072042,377,8,Wet,2021,2021-08,"{""type"":""MultiPoint"",""coordinates"":[]}"
VHI_M_2021-08_00000000000000000179,0.202792869164737,1.1259534374099935,378,8,Wet,2021,2021-08,"{""type"":""MultiPoint"",""coordinates"":[]}"
VHI_M_2021-08_0000000000000000017a,0.25195869611253063,1.1484751947960432,379,8,Wet,2021,2021-08,"{""type"":""MultiPoint"",""coordinates"":[]}"
VHI_M_2021-08_0000000000000000017b,0.035752690854285514,1.0,380,8,Wet,2021,2021-08,"{""type"":""MultiPoint"",""coordinates"":[]}"
VHI_M_2021-08_0000000000000000000f,0.2937243490106868,1.3363363363363367,16,8,Wet,2021,2021-08,"{""type"":""MultiPoint"",""coordinates"":[]}"
VHI_M_2021-08_00000000000000000040,0.45956274237329303,2.2412115644722137,65,8,Wet,2021,2021-08,"{""type"":""MultiPoint"",""coordinates"":[]}"
VHI_M_2021-08_00000000000000000041,0.5393669722068337,2.76179768409515,66,8,Wet,2021,2021-08,"{""type"":""MultiPoint"",""coordinates"":[]}"
VHI_M_2021-08_00000000000000000042,0.49902205765271196,2.521639554608953,67,8,Wet,2021,2021-08,"{""type"":""MultiPoint"",""coordinates"":[]}"
VHI_M_2021-08_00000000000000000043,0.45813564212947055,2.249377197464754,68,8,Wet,2021,2021-08,"{""type"":""MultiPoint"",""coordinates"":[]}"
VHI_M_2021-08_00000000000000000192,0.34423042823055244,1.4854386314350112,403,8,Wet,2021,2021-08,"{""type"":""MultiPoint"",""coordinates"":[]}"
VHI_M_2021-08_00000000000000000193,0.39629449011026485,1.8080816274015652,404,8,Wet,2021,2021-08,"{""type"":""MultiPoint"",""coordinates"":[]}"
VHI_M_2021-08_00000000000000000194,0.521264471254933,2.641315756202596,405,8,Wet,2021,2021-08,"{""type"":""MultiPoint"",""coordinates"":[]}"
VHI_M_2021-08_000000000000000001d2,0.3029288101300789,1.3319757328921131,467,8,Wet,2021,2021-08,"{""type"":""MultiPoint"",""coordinates"":[]}"
VHI_M_2021-08_000000000000000001d3,0.31425181461969925,1.423152861050229,468,8,Wet,2021,2021-08,"{""type"":""MultiPoint"",""coordinates"":[]}"
VHI_M_2021-08_000000000000000001d4,0.25552220905303225,1.1243817118137145,469,8,Wet,2021,2021-08,"{""type"":""MultiPoint"",""coordinates"":[]}"
VHI_M_2021-08_000000000000000001d5,0.282060323245113,1.2029510280063476,470,8,Wet,2021,2021-08,"{""type"":""MultiPoint"",""coordinates"":[]}"
VHI_M_2021-08_000000000000000001d6,0.29250141264955354,1.187543098308213,471,8,Wet,2021,2021-08,"{""type"":""MultiPoint"",""coordinates"":[]}"
VHI_M_2021-08_000000000000000001d7,0.2627918158347608,1.1779080364074115,472,8,Wet,2021,2021-08,"{""type"":""MultiPoint"",""coordinates"":[]}"
VHI_M_2021-08_00000000000000000069,0.5461677385346259,2.83924798986819,106,8,Wet,2021,2021-08,"{""type"":""MultiPoint"",""coordinates"":[]}"
VHI_M_2021-08_0000000000000000006a,0.5074248182299128,2.5487752595735196,107,8,Wet,2021,2021-08,"{""type"":""MultiPoint"",""coordinates"":[]}"
VHI_M_2021-08_0000000000000000006b,0.5754899640194434,3.0123559928628163,108,8,Wet,2021,2021-08,"{""type"":""MultiPoint"",""coordinates"":[]}"
VHI_M_2021-08_0000000000000000006c,0.48461078971825816,2.411738613580313,109,8,Wet,2021,2021-08,"{""type"":""MultiPoint"",""coordinates"":[]}"
VHI_M_2021-08_0000000000000000006d,0.4412046379514953,2.115275651637839,110,8,Wet,2021,2021-08,"{""type"":""MultiPoint"",""coordinates"":[]}"
VHI_M_2021-08_0000000000000000006e,0.5689321426228804,2.957784181543882,111,8,Wet,2021,2021-08,"{""type"":""MultiPoint"",""coordinates"":[]}"
VHI_M_2021-08_0000000000000000006f,0.46173842203656384,2.266168701758824,112,8,Wet,2021,2021-08,"{""type"":""MultiPoint"",""coordinates"":[]}"
VHI_M_2021-08_000000000000000000d6,0.41487687389176203,1.8846020761245679,215,8,Wet,2021,2021-08,"{""type"":""MultiPoint"",""coordinates"":[]}"
VHI_M_2021-08_0000000000000000013b,0.6304260458656338,3.303494494973672,316,8,Wet,2021,2021-08,"{""type"":""MultiPoint"",""coordinates"":[]}"
VHI_M_2021-08_0000000000000000013c,0.5870268415819015,3.0897270642282395,317,8,Wet,2021,2021-08,"{""type"":""MultiPoint"",""coordinates"":[]}"
VHI_M_2021-08_0000000000000000013d,0.45224439024393825,2.179790710973273,318,8,Wet,2021,2021-08,"{""type"":""MultiPoint"",""coordinates"":[]}"
VHI_M_2021-08_0000000000000000013e,0.4249456097829868,2.019794680614289,319,8,Wet,2021,2021-08,"{""type"":""MultiPoint"",""coordinates"":[]}"
VHI_M_2021-08_0000000000000000013f,0.34839774028556214,1.5547640814668082,320,8,Wet,2021,2021-08,"{""type"":""MultiPoint"",""coordinates"":[]}"
VHI_M_2021-08_00000000000000000140,10.366283592300366,3.147612550043266,321,8,Wet,2021,2021-08,"{""type"":""MultiPoint"",""coordinates"":[]}"
VHI_M_2021-08_000000000000000001bc,0.3969616965454561,1.795439595012011,445,8,Wet,2021,2021-08,"{""type"":""MultiPoint"",""coordinates"":[]}"
VHI_M_2021-08_000000000000000001bd,0.4439236570926382,2.1458286993037152,446,8,Wet,2021,2021-08,"{""type"":""MultiPoint"",""coordinates"":[]}"
VHI_M_2021-08_000000000000000001be,0.448130926317075,2.1541605097894347,447,8,Wet,2021,2021-08,"{""type"":""MultiPoint"",""coordinates"":[]}"
VHI_M_2021-08_000000000000000001bf,0.45170491939050733,2.1794559789084085,448,8,Wet,2021,2021-08,"{""type"":""MultiPoint"",""coordinates"":[]}"
VHI_M_2021-08_000000000000000001c0,0.34194303013172134,1.4529170138554497,449,8,Wet,2021,2021-08,"{""type"":""MultiPoint"",""coordinates"":[]}"
VHI_M_2021-08_00000000000000000006,0.5869806651950912,3.1683040675705696,7,8,Wet,2021,2021-08,"{""type"":""MultiPoint"",""coordinates"":[]}"
VHI_M_2021-08_0000000000000000002c,0.6736660710717403,3.652691004324625,45,8,Wet,2021,2021-08,"{""type"":""MultiPoint"",""coordinates"":[]}"
VHI_M_2021-08_0000000000000000002d,0.5293482641549377,2.6882831237016993,46,8,Wet,2021,2021-08,"{""type"":""MultiPoint"",""coordinates"":[]}"
VHI_M_2021-08_0000000000000000002e,0.7403849416788958,4.100892419208008,47,8,Wet,2021,2021-08,"{""type"":""MultiPoint"",""coordinates"":[]}"
VHI_M_2021-08_0000000000000000002f,0.4955250837709709,2.458724473382767,48,8,Wet,2021,2021-08,"{""type"":""MultiPoint"",""coordinates"":[]}"
VHI_M_2021-08_0000000000000000009b,0.6678837873751488,3.60958976424446,156,8,Wet,2021,2021-08,"{""type"":""MultiPoint"",""coordinates"":[]}"
VHI_M_2021-08_0000000000000000009c,0.7068523771335203,3.877949912909296,157,8,Wet,2021,2021-08,"{""type"":""MultiPoint"",""coordinates"":[]}"
VHI_M_2021-08_0000000000000000009d,0.6532003024218418,3.51918483202674,158,8,Wet,2021,2021-08,"{""type"":""MultiPoint"",""coordinates"":[]}"
VHI_M_2021-08_000000000000000001b6,0.8354842645397846,4.752745830405679,439,8,Wet,2021,2021-08,"{""type"":""MultiPoint"",""coordinates"":[]}"
VHI_M_2021-08_000000000000000001b7,0.6117596494590775,3.2570890513363735,440,8,Wet,2021,2021-08,"{""type"":""MultiPoint"",""coordinates"":[]}"
VHI_M_2021-08_000000000000000001b8,0.6946531200080802,3.7974582589466843,441,8,Wet,2021,2021-08,"{""type"":""MultiPoint"",""coordinates"":[]}"
VHI_M_2021-08_000000000000000001b9,0.5326182537025141,2.728558654838924,442,8,Wet,2021,2021-08,"{""type"":""MultiPoint"",""coordinates"":[]}"
VHI_M_2021-08_000000000000000001ba,0.5175970220312872,2.646502217888968,443,8,Wet,2021,2021-08,"{""type"":""MultiPoint"",""coordinates"":[]}"
VHI_M_2021-08_000000000000000001bb,0.7034755596374754,3.8591190318689423,444,8,Wet,2021,2021-08,"{""type"":""MultiPoint"",""coordinates"":[]}"
VHI_M_2021-08_00000000000000000221,0.509244742592743,2.5164806644173368,546,8,Wet,2021,2021-08,"{""type"":""MultiPoint"",""coordinates"":[]}"
VHI_M_2021-08_00000000000000000222,0.6835314816823951,3.7200156763112044,547,8,Wet,2021,2021-08,"{""type"":""MultiPoint"",""coordinates"":[]}"
VHI_M_2021-08_00000000000000000223,0.6315152108690122,3.357793807049468,548,8,Wet,2021,2021-08,"{""type"":""MultiPoint"",""coordinates"":[]}"
VHI_M_2021-08_00000000000000000224,0.6702069857991733,3.6182023158177135,549,8,Wet,2021,2021-08,"{""type"":""MultiPoint"",""coordinates"":[]}"
VHI_M_2021-08_00000000000000000225,0.6449190988777754,3.479640821224977,550,8,Wet,2021,2021-08,"{""type"":""MultiPoint"",""coordinates"":[]}"
VHI_M_2021-08_00000000000000000053,0.3797005940750751,1.725732650989217,84,8,Wet,2021,2021-08,"{""type"":""MultiPoint"",""coordinates"":[]}"
VHI_M_2021-08_00000000000000000054,0.4314317579305322,2.04869445566828,85,8,Wet,2021,2021-08,"{""type"":""MultiPoint"",""coordinates"":[]}"
VHI_M_2021-08_00000000000000000055,0.44790930818472646,2.03325429756965,86,8,Wet,2021,2021-08,"{""type"":""MultiPoint"",""coordinates"":[]}"
VHI_M_2021-08_00000000000000000056,0.450552349695951,2.1747583222889215,87,8,Wet,2021,2021-08,"{""type"":""MultiPoint"",""coordinates"":[]}"
VHI_M_2021-08_00000000000000000057,0.5880142359323992,3.093225965819875,88,8,Wet,2021,2021-08,"{""type"":""MultiPoint"",""coordinates"":[]}"
VHI_M_2021-08_000000000000000000de,0.5318397173361165,2.71025121890753,223,8,Wet,2021,2021-08,"{""type"":""MultiPoint"",""coordinates"":[]}"
VHI_M_2021-08_000000000000000000df,26.411077962516806,2.3100867733360086,224,8,Wet,2021,2021-08,"{""type"":""MultiPoint"",""coordinates"":[]}"
VHI_M_2021-08_000000000000000000e0,3.7407783932850425,2.222045362657216,225,8,Wet,2021,2021-08,"{""type"":""MultiPoint"",""coordinates"":[]}"
VHI_M_2021-08_000000000000000000e1,8.115311438104865,3.2075351531013356,226,8,Wet,2021,2021-08,"{""type"":""MultiPoint"",""coordinates"":[]}"
VHI_M_2021-08_000000000000000000ff,0.5634505288042486,2.84613500938699,256,8,Wet,2021,2021-08,"{""type"":""MultiPoint"",""coordinates"":[]}"
VHI_M_2021-08_0000000000000000011c,0.5188293193228013,2.6412432972825575,285,8,Wet,2021,2021-08,"{""type"":""MultiPoint"",""coordinates"":[]}"
VHI_M_2021-08_0000000000000000011d,0.35128890402230634,1.58481877134175,286,8,Wet,2021,2021-08,"{""type"":""MultiPoint"",""coordinates"":[]}"
VHI_M_2021-08_0000000000000000011e,0.4868916323864714,2.3948815391010028,287,8,Wet,2021,2021-08,"{""type"":""MultiPoint"",""coordinates"":[]}"
VHI_M_2021-08_0000000000000000011f,0.4412205212779495,2.082111805778133,288,8,Wet,2021,2021-08,"{""type"":""MultiPoint"",""coordinates"":[]}"
VHI_M_2021-08_000000000000000001c4,8.742955587517391,2.7998847860656872,453,8,Wet,2021,2021-08,"{""type"":""MultiPoint"",""coordinates"":[]}"
VHI_M_2021-08_000000000000000001c5,0.5008983358725738,2.4989233858061515,454,8,Wet,2021,2021-08,"{""type"":""MultiPoint"",""coordinates"":[]}"
VHI_M_2021-08_000000000000000001c6,0.3646605034183746,1.6682259633428056,455,8,Wet,2021,2021-08,"{""type"":""MultiPoint"",""coordinates"":[]}"
VHI_M_2021-08_00000000000000000003,0.6847743123799521,2.381865388456161,4,8,Wet,2021,2021-08,"{""type"":""MultiPoint"",""coordinates"":[]}"
VHI_M_2021-08_0000000000000000001b,12.306587469255462,3.398877068557919,28,8,Wet,2021,2021-08,"{""type"":""MultiPoint"",""coordinates"":[]}"
VHI_M_2021-08_00000000000000000186,64.37370656457483,3.8437133202916605,391,8,Wet,2021,2021-08,"{""type"":""MultiPoint"",""coordinates"":[]}"
VHI_M_2021-08_00000000000000000187,0.4200144095278713,2.0123867035239513,392,8,Wet,2021,2021-08,"{""type"":""MultiPoint"",""coordinates"":[]}"
VHI_M_2021-08_00000000000000000188,2.7667819702476266,2.6951711162874026,393,8,Wet,2021,2021-08,"{""type"":""MultiPoint"",""coordinates"":[]}"
VHI_M_2021-08_00000000000000000189,3.6161897379371073,3.1868090431842946,394,8,Wet,2021,2021-08,"{""type"":""MultiPoint"",""coordinates"":[]}"
VHI_M_2021-08_0000000000000000018a,0.6347068432919528,3.3403994393833205,395,8,Wet,2021,2021-08,"{""type"":""MultiPoint"",""coordinates"":[]}"
VHI_M_2021-08_0000000000000000018f,0.8103367409767054,4.594376996805113,400,8,Wet,2021,2021-08,"{""type"":""MultiPoint"",""coordinates"":[]}"
VHI_M_2021-08_00000000000000000190,0.6248239888107543,3.302122427850393,401,8,Wet,2021,2021-08,"{""type"":""MultiPoint"",""coordinates"":[]}"
VHI_M_2021-08_0000000000000000021e,0.5034962359757009,2.6194653731035196,543,8,Wet,2021,2021-08,"{""type"":""MultiPoint"",""coordinates"":[]}"
VHI_M_2021-08_0000000000000000021f,0.6703984714107458,2.8824485274542995,544,8,Wet,2021,2021-08,"{""type"":""MultiPoint"",""coordinates"":[]}"
VHI_M_2021-08_00000000000000000220,0.5823112239017663,2.9322434565362303,545,8,Wet,2021,2021-08,"{""type"":""MultiPoint"",""coordinates"":[]}"
VHI_M_2021-08_00000000000000000007,0.6238902043529246,3.334507492365599,8,8,Wet,2021,2021-08,"{""type"":""MultiPoint"",""coordinates"":[]}"
VHI_M_2021-08_0000000000000000000b,0.6092369639115733,3.167027156933429,12,8,Wet,2021,2021-08,"{""type"":""MultiPoint"",""coordinates"":[]}"
VHI_M_2021-08_00000000000000000012,0.5633158103936464,2.941942479318791,19,8,Wet,2021,2021-08,"{""type"":""MultiPoint"",""coordinates"":[]}"
VHI_M_2021-08_00000000000000000013,0.608642735267303,3.2331198004478865,20,8,Wet,2021,2021-08,"{""type"":""MultiPoint"",""coordinates"":[]}"
VHI_M_2021-08_00000000000000000014,0.714383199960735,3.9401376591481942,21,8,Wet,2021,2021-08,"{""type"":""MultiPoint"",""coordinates"":[]}"
VHI_M_2021-08_00000000000000000015,0.585560862076462,3.0909600318001713,22,8,Wet,2021,2021-08,"{""type"":""MultiPoint"",""coordinates"":[]}"
VHI_M_2021-08_00000000000000000016,0.6737860851043007,3.6832778073294326,23,8,Wet,2021,2021-08,"{""type"":""MultiPoint"",""coordinates"":[]}"
VHI_M_2021-08_00000000000000000183,0.6390056933060967,3.453088522935201,388,8,Wet,2021,2021-08,"{""type"":""MultiPoint"",""coordinates"":[]}"
VHI_M_2021-08_00000000000000000184,0.646654102887522,3.4705057193592004,389,8,Wet,2021,2021-08,"{""type"":""MultiPoint"",""coordinates"":[]}"
VHI_M_2021-08_00000000000000000185,5.003803720438922,3.2343798825594083,390,8,Wet,2021,2021-08,"{""type"":""MultiPoint"",""coordinates"":[]}"
VHI_M_2021-08_00000000000000000212,0.48909820457764036,2.574003951267698,531,8,Wet,2021,2021-08,"{""type"":""MultiPoint"",""coordinates"":[]}"
VHI_M_2021-08_00000000000000000213,0.7447582274515386,4.128478815722309,532,8,Wet,2021,2021-08,"{""type"":""MultiPoint"",""coordinates"":[]}"
VHI_M_2021-08_00000000000000000214,0.5599090261327475,2.906750307573762,533,8,Wet,2021,2021-08,"{""type"":""MultiPoint"",""coordinates"":[]}"
VHI_M_2021-08_00000000000000000215,0.5589225505794015,2.908819145809634,534,8,Wet,2021,2021-08,"{""type"":""MultiPoint"",""coordinates"":[]}"
VHI_M_2021-08_0000000000000000005a,75.050379815718,3.4573491328572534,91,8,Wet,2021,2021-08,"{""type"":""MultiPoint"",""coordinates"":[]}"
VHI_M_2021-08_00000000000000000118,53.058548369211195,3.3464001084713084,281,8,Wet,2021,2021-08,"{""type"":""MultiPoint"",""coordinates"":[]}"
VHI_M_2021-08_00000000000000000119,8.487126231850471,3.5521881366391366,282,8,Wet,2021,2021-08,"{""type"":""MultiPoint"",""coordinates"":[]}"
VHI_M_2021-08_0000000000000000011a,3.9846039111347213,4.035697556720202,283,8,Wet,2021,2021-08,"{""type"":""MultiPoint"",""coordinates"":[]}"
VHI_M_2021-08_0000000000000000011b,0.7481010939244609,4.168875764027197,284,8,Wet,2021,2021-08,"{""type"":""MultiPoint"",""coordinates"":[]}"
VHI_M_2021-08_00000000000000000141,10.004772705358286,1.9071319036875867,322,8,Wet,2021,2021-08,"{""type"":""MultiPoint"",""coordinates"":[]}"
VHI_M_2021-08_00000000000000000142,54.40570762922184,4.238039142744951,323,8,Wet,2021,2021-08,"{""type"":""MultiPoint"",""coordinates"":[]}"
VHI_M_2021-08_00000000000000000143,13.57791342218642,2.435792107930134,324,8,Wet,2021,2021-08,"{""type"":""MultiPoint"",""coordinates"":[]}"
VHI_M_2021-08_00000000000000000144,48.83537520849123,3.1622445157248973,325,8,Wet,2021,2021-08,"{""type"":""MultiPoint"",""coordinates"":[]}"
VHI_M_2021-08_00000000000000000145,35.1234836477027,3.5498163166706678,326,8,Wet,2021,2021-08,"{""type"":""MultiPoint"",""coordinates"":[]}"
VHI_M_2021-08_000000000000000001af,85.93503966036725,3.8232190989603385,432,8,Wet,2021,2021-08,"{""type"":""MultiPoint"",""coordinates"":[]}"
VHI_M_2021-08_0000000000000000004b,0.6431126416431728,3.5155796968473596,76,8,Wet,2021,2021-08,"{""type"":""MultiPoint"",""coordinates"":[]}"
VHI_M_2021-08_0000000000000000004c,0.7308592013352491,3.9344211550367025,77,8,Wet,2021,2021-08,"{""type"":""MultiPoint"",""coordinates"":[]}"
VHI_M_2021-08_0000000000000000004d,0.6659656869604074,3.609552798640431,78,8,Wet,2021,2021-08,"{""type"":""MultiPoint"",""coordinates"":[]}"
VHI_M_2021-08_0000000000000000004e,0.6603172612181468,3.560731592337482,79,8,Wet,2021,2021-08,"{""type"":""MultiPoint"",""coordinates"":[]}"
VHI_M_2021-08_0000000000000000004f,0.6490923744025322,3.4700905488814766,80,8,Wet,2021,2021-08,"{""type"":""MultiPoint"",""coordinates"":[]}"
VHI_M_2021-08_00000000000000000050,0.6242172120057595,3.3803000652315713,81,8,Wet,2021,2021-08,"{""type"":""MultiPoint"",""coordinates"":[]}"
VHI_M_2021-08_00000000000000000051,0.6045778321830969,3.2664907651715045,82,8,Wet,2021,2021-08,"{""type"":""MultiPoint"",""coordinates"":[]}"
VHI_M_2021-08_00000000000000000052,0.6345723082899333,3.3431788273139356,83,8,Wet,2021,2021-08,"{""type"":""MultiPoint"",""coordinates"":[]}"
VHI_M_2021-08_000000000000000000aa,0.6794916484692253,3.772303718055172,171,8,Wet,2021,2021-08,"{""type"":""MultiPoint"",""coordinates"":[]}"
VHI_M_2021-08_000000000000000000ab,0.6234483606360309,3.321379644816446,172,8,Wet,2021,2021-08,"{""type"":""MultiPoint"",""coordinates"":[]}"
VHI_M_2021-08_000000000000000000ac,0.6719265120694428,3.639139376474528,173,8,Wet,2021,2021-08,"{""type"":""MultiPoint"",""coordinates"":[]}"
VHI_M_2021-08_000000000000000000ad,0.6936875330411756,3.800633151975123,174,8,Wet,2021,2021-08,"{""type"":""MultiPoint"",""coordinates"":[]}"
VHI_M_2021-08_000000000000000000ae,0.6721309821493617,3.6981858163826287,175,8,Wet,2021,2021-08,"{""type"":""MultiPoint"",""coordinates"":[]}"
VHI_M_2021-08_000000000000000000af,0.8002879115644139,4.571779822335025,176,8,Wet,2021,2021-08,"{""type"":""MultiPoint"",""coordinates"":[]}"
VHI_M_2021-08_000000000000000000b0,0.7194839773615284,3.7860186207984854,177,8,Wet,2021,2021-08,"{""type"":""MultiPoint"",""coordinates"":[]}"
VHI_M_2021-08_000000000000000001c7,0.48816037048432215,2.431924882629108,456,8,Wet,2021,2021-08,"{""type"":""MultiPoint"",""coordinates"":[]}"
VHI_M_2021-08_000000000000000001c8,0.7022536747031664,3.844033018297747,457,8,Wet,2021,2021-08,"{""type"":""MultiPoint"",""coordinates"":[]}"
VHI_M_2021-08_000000000000000001c9,0.631343630961256,3.3873197122635474,458,8,Wet,2021,2021-08,"{""type"":""MultiPoint"",""coordinates"":[]}"
VHI_M_2021-08_000000000000000001ca,0.5666571724190237,3.0622211204759533,459,8,Wet,2021,2021-08,"{""type"":""MultiPoint"",""coordinates"":[]}"
VHI_M_2021-08_0000000000000000020a,0.6772392953353851,3.696402083548933,523,8,Wet,2021,2021-08,"{""type"":""MultiPoint"",""coordinates"":[]}"
VHI_M_2021-08_0000000000000000020b,1.12945154121841,4.11149073199073,524,8,Wet,2021,2021-08,"{""type"":""MultiPoint"",""coordinates"":[]}"
VHI_M_2021-08_0000000000000000020c,0.7550015449903223,4.197946788698909,525,8,Wet,2021,2021-08,"{""type"":""MultiPoint"",""coordinates"":[]}"
VHI_M_2021-08_000000000000000001ab,0.39665161649601305,1.8032843263691856,428,8,Wet,2021,2021-08,"{""type"":""MultiPoint"",""coordinates"":[]}"
VHI_M_2021-08_000000000000000001ac,0.35873063313475434,1.7116980987720443,429,8,Wet,2021,2021-08,"{""type"":""MultiPoint"",""coordinates"":[]}"
VHI_M_2021-08_000000000000000001ad,7.992503987990144,2.3643452910108236,430,8,Wet,2021,2021-08,"{""type"":""MultiPoint"",""coordinates"":[]}"
VHI_M_2021-08_000000000000000001ae,45.54011687132425,3.4412956444960514,431,8,Wet,2021,2021-08,"{""type"":""MultiPoint"",""coordinates"":[]}"
VHI_M_2021-08_000000000000000001c3,38.99206513203802,2.6268981402491045,452,8,Wet,2021,2021-08,"{""type"":""MultiPoint"",""coordinates"":[]}"
VHI_M_2021-08_00000000000000000037,0.40442742736877246,1.935678248699828,56,8,Wet,2021,2021-08,"{""type"":""MultiPoint"",""coordinates"":[]}"
VHI_M_2021-08_00000000000000000038,0.5190753371340078,2.604614084976264,57,8,Wet,2021,2021-08,"{""type"":""MultiPoint"",""coordinates"":[]}"
VHI_M_2021-08_00000000000000000039,0.5111408391200137,2.535776888848937,58,8,Wet,2021,2021-08,"{""type"":""MultiPoint"",""coordinates"":[]}"
VHI_M_2021-08_0000000000000000003a,0.5751773452798036,2.981455473504583,59,8,Wet,2021,2021-08,"{""type"":""MultiPoint"",""coordinates"":[]}"
VHI_M_2021-08_0000000000000000003b,0.22156857956438758,1.1487651600603395,60,8,Wet,2021,2021-08,"{""type"":""MultiPoint"",""coordinates"":[]}"
VHI_M_2021-08_0000000000000000003c,0.3558193043651449,1.7030288905340323,61,8,Wet,2021,2021-08,"{""type"":""MultiPoint"",""coordinates"":[]}"
VHI_M_2021-08_0000000000000000003d,0.39270096031256296,1.89243727385966,62,8,Wet,2021,2021-08,"{""type"":""MultiPoint"",""coordinates"":[]}"
VHI_M_2021-08_0000000000000000003e,10.338680822483962,2.0891730898206373,63,8,Wet,2021,2021-08,"{""type"":""MultiPoint"",""coordinates"":[]}"
VHI_M_2021-08_0000000000000000003f,0.49498640398284754,2.501089324618736,64,8,Wet,2021,2021-08,"{""type"":""MultiPoint"",""coordinates"":[]}"
VHI_M_2021-08_00000000000000000044,0.38773472130854264,1.8475112368902946,69,8,Wet,2021,2021-08,"{""type"":""MultiPoint"",""coordinates"":[]}"
VHI_M_2021-08_00000000000000000076,0.26973120285284097,1.3113923558836391,119,8,Wet,2021,2021-08,"{""type"":""MultiPoint"",""coordinates"":[]}"
VHI_M_2021-08_00000000000000000077,5.722279913913824,2.0543930957683756,120,8,Wet,2021,2021-08,"{""type"":""MultiPoint"",""coordinates"":[]}"
VHI_M_2021-08_00000000000000000078,0.3795672944502164,1.7730541518725385,121,8,Wet,2021,2021-08,"{""type"":""MultiPoint"",""coordinates"":[]}"
VHI_M_2021-08_00000000000000000079,0.5622146208986672,2.9713200379867044,122,8,Wet,2021,2021-08,"{""type"":""MultiPoint"",""coordinates"":[]}"
VHI_M_2021-08_0000000000000000008b,0.2765256328798193,1.9182448036951498,140,8,Wet,2021,2021-08,"{""type"":""MultiPoint"",""coordinates"":[]}"
VHI_M_2021-08_0000000000000000008c,1.498157906755328,2.3526848484144223,141,8,Wet,2021,2021-08,"{""type"":""MultiPoint"",""coordinates"":[]}"
VHI_M_2021-08_0000000000000000008d,11.133751105053774,2.137489643744822,142,8,Wet,2021,2021-08,"{""type"":""MultiPoint"",""coordinates"":[]}"
VHI_M_2021-08_0000000000000000008e,0.38064559162925626,1.7494290901755094,143,8,Wet,2021,2021-08,"{""type"":""MultiPoint"",""coordinates"":[]}"
VHI_M_2021-08_0000000000000000008f,0.3235629675053687,1.4535647279549715,144,8,Wet,2021,2021-08,"{""type"":""MultiPoint"",""coordinates"":[]}"
VHI_M_2021-08_00000000000000000090,0.4319171400993225,2.126004228329809,145,8,Wet,2021,2021-08,"{""type"":""MultiPoint"",""coordinates"":[]}"
VHI_M_2021-08_00000000000000000091,0.3756274620472512,1.8178734446320262,146,8,Wet,2021,2021-08,"{""type"":""MultiPoint"",""coordinates"":[]}"
VHI_M_2021-08_000000000000000000b5,36.13526675383253,3.173487321114738,182,8,Wet,2021,2021-08,"{""type"":""MultiPoint"",""coordinates"":[]}"
VHI_M_2021-08_000000000000000000cc,8.82759565410424,2.292680245182927,205,8,Wet,2021,2021-08,"{""type"":""MultiPoint"",""coordinates"":[]}"
VHI_M_2021-08_000000000000000000cd,0.7866182747345439,2.5806472638322817,206,8,Wet,2021,2021-08,"{""type"":""MultiPoint"",""coordinates"":[]}"
VHI_M_2021-08_000000000000000001dd,0.33573091839537766,1.4953887740499283,478,8,Wet,2021,2021-08,"{""type"":""MultiPoint"",""coordinates"":[]}"
VHI_M_2021-08_000000000000000001de,0.33701017173199366,1.5544175037687198,479,8,Wet,2021,2021-08,"{""type"":""MultiPoint"",""coordinates"":[]}"
VHI_M_2021-08_000000000000000001df,0.39483574966158097,1.915003910735385,480,8,Wet,2021,2021-08,"{""type"":""MultiPoint"",""coordinates"":[]}"
VHI_M_2021-08_000000000000000001e0,0.3917861741108657,1.7709623513221273,481,8,Wet,2021,2021-08,"{""type"":""MultiPoint"",""coordinates"":[]}"
VHI_M_2021-08_000000000000000001e1,0.4384002157535084,2.0471819767882877,482,8,Wet,2021,2021-08,"{""type"":""MultiPoint"",""coordinates"":[]}"
VHI_M_2021-08_0000000000000000007a,0.6019506755256017,3.1625947116128033,123,8,Wet,2021,2021-08,"{""type"":""MultiPoint"",""coordinates"":[]}"
VHI_M_2021-08_0000000000000000007b,0.4702738493251319,2.3950676982591883,124,8,Wet,2021,2021-08,"{""type"":""MultiPoint"",""coordinates"":[]}"
VHI_M_2021-08_0000000000000000007c,0.38885907176810686,1.9099269178434,125,8,Wet,2021,2021-08,"{""type"":""MultiPoint"",""coordinates"":[]}"
VHI_M_2021-08_0000000000000000007d,0.41626229164514283,1.9787324542747773,126,8,Wet,2021,2021-08,"{""type"":""MultiPoint"",""coordinates"":[]}"
VHI_M_2021-08_0000000000000000007e,19.378384502933088,2.652244550091218,127,8,Wet,2021,2021-08,"{""type"":""MultiPoint"",""coordinates"":[]}"
VHI_M_2021-08_0000000000000000007f,13.748211489597216,1.9290717488047373,128,8,Wet,2021,2021-08,"{""type"":""MultiPoint"",""coordinates"":[]}"
VHI_M_2021-08_00000000000000000080,0.35583385539863327,1.7380910405133811,129,8,Wet,2021,2021-08,"{""type"":""MultiPoint"",""coordinates"":[]}"
VHI_M_2021-08_00000000000000000088,4.567189464944864,2.8668298276540747,137,8,Wet,2021,2021-08,"{""type"":""MultiPoint"",""coordinates"":[]}"
VHI_M_2021-08_00000000000000000089,0.5204914071642294,2.612960001609188,138,8,Wet,2021,2021-08,"{""type"":""MultiPoint"",""coordinates"":[]}"
VHI_M_2021-08_0000000000000000008a,0.5017462883128914,2.533066985693044,139,8,Wet,2021,2021-08,"{""type"":""MultiPoint"",""coordinates"":[]}"
VHI_M_2021-08_00000000000000000099,0.41979404522228764,2.1247377913554444,154,8,Wet,2021,2021-08,"{""type"":""MultiPoint"",""coordinates"":[]}"
VHI_M_2021-08_0000000000000000009a,3.2205090402920344,2.66136862932387,155,8,Wet,2021,2021-08,"{""type"":""MultiPoint"",""coordinates"":[]}"
VHI_M_2021-08_00000000000000000112,0.6087189410784041,3.222432153899004,275,8,Wet,2021,2021-08,"{""type"":""MultiPoint"",""coordinates"":[]}"
VHI_M_2021-08_000000000000000001d8,0.2056389650532463,1.3500660501981512,473,8,Wet,2021,2021-08,"{""type"":""MultiPoint"",""coordinates"":[]}"
VHI_M_2021-08_00000000000000000001,0.6305276012335197,3.371326164874553,2,8,Wet,2021,2021-08,"{""type"":""MultiPoint"",""coordinates"":[]}"
VHI_M_2021-08_00000000000000000030,0.325452906320079,1.5819572241061663,49,8,Wet,2021,2021-08,"{""type"":""MultiPoint"",""coordinates"":[]}"
VHI_M_2021-08_00000000000000000031,0.41377494866812625,1.9528795130015206,50,8,Wet,2021,2021-08,"{""type"":""MultiPoint"",""coordinates"":[]}"
VHI_M_2021-08_00000000000000000032,0.4734240269478028,2.3079897431722904,51,8,Wet,2021,2021-08,"{""type"":""MultiPoint"",""coordinates"":[]}"
VHI_M_2021-08_000000000000000000d7,0.3649458315501128,1.61796223954251,216,8,Wet,2021,2021-08,"{""type"":""MultiPoint"",""coordinates"":[]}"
VHI_M_2021-08_000000000000000000d8,0.40476514424661786,1.8888981478187103,217,8,Wet,2021,2021-08,"{""type"":""MultiPoint"",""coordinates"":[]}"
VHI_M_2021-08_000000000000000000d9,0.5320172790658249,2.7257210238263294,218,8,Wet,2021,2021-08,"{""type"":""MultiPoint"",""coordinates"":[]}"
VHI_M_2021-08_000000000000000000da,0.5320165686999649,2.736489309412633,219,8,Wet,2021,2021-08,"{""type"":""MultiPoint"",""coordinates"":[]}"
VHI_M_2021-08_00000000000000000132,0.3362940637121796,1.597749290168001,307,8,Wet,2021,2021-08,"{""type"":""MultiPoint"",""coordinates"":[]}"
VHI_M_2021-08_00000000000000000133,81.65709052149647,3.114870270888103,308,8,Wet,2021,2021-08,"{""type"":""MultiPoint"",""coordinates"":[]}"
VHI_M_2021-08_00000000000000000134,0.3112994803534542,1.5914457950011762,309,8,Wet,2021,2021-08,"{""type"":""MultiPoint"",""coordinates"":[]}"
VHI_M_2021-08_00000000000000000135,24.641203375617646,3.1358224367667376,310,8,Wet,2021,2021-08,"{""type"":""MultiPoint"",""coordinates"":[]}"
VHI_M_2021-08_0000000000000000001f,0.45711994848744997,2.2219191174196,32,8,Wet,2021,2021-08,"{""type"":""MultiPoint"",""coordinates"":[]}"
VHI_M_2021-08_00000000000000000020,0.5051802723520437,2.558330219582891,33,8,Wet,2021,2021-08,"{""type"":""MultiPoint"",""coordinates"":[]}"
VHI_M_2021-08_00000000000000000021,0.3829927451805072,1.7628936787228657,34,8,Wet,2021,2021-08,"{""type"":""MultiPoint"",""coordinates"":[]}"
VHI_M_2021-08_00000000000000000045,0.4222763207204877,2.0257392617829195,70,8,Wet,2021,2021-08,"{""type"":""MultiPoint"",""coordinates"":[]}"
VHI_M_2021-08_00000000000000000046,0.6280903096694372,3.353800973345141,71,8,Wet,2021,2021-08,"{""type"":""MultiPoint"",""coordinates"":[]}"
VHI_M_2021-08_00000000000000000047,0.48911766814602947,2.473276360879142,72,8,Wet,2021,2021-08,"{""type"":""MultiPoint"",""coordinates"":[]}"
VHI_M_2021-08_00000000000000000048,0.29687484987438034,1.4629422736681803,73,8,Wet,2021,2021-08,"{""type"":""MultiPoint"",""coordinates"":[]}"
VHI_M_2021-08_00000000000000000072,0.5048418710317645,2.58372604423199,115,8,Wet,2021,2021-08,"{""type"":""MultiPoint"",""coordinates"":[]}"
VHI_M_2021-08_00000000000000000073,0.6337564543479678,3.37626361938808,116,8,Wet,2021,2021-08,"{""type"":""MultiPoint"",""coordinates"":[]}"
VHI_M_2021-08_00000000000000000074,0.5691948069784005,2.9643748427948093,117,8,Wet,2021,2021-08,"{""type"":""MultiPoint"",""coordinates"":[]}"
VHI_M_2021-08_00000000000000000075,0.5307165502710167,2.7031969389584933,118,8,Wet,2021,2021-08,"{""type"":""MultiPoint"",""coordinates"":[]}"
VHI_M_2021-08_000000000000000000b4,0.2990563010139046,1.3329469977265642,181,8,Wet,2021,2021-08,"{""type"":""MultiPoint"",""coordinates"":[]}"
VHI_M_2021-08_000000000000000000e8,0.33482318761305974,1.4827439646378782,233,8,Wet,2021,2021-08,"{""type"":""MultiPoint"",""coordinates"":[]}"
VHI_M_2021-08_000000000000000000e9,0.2960401658643894,1.286549218384598,234,8,Wet,2021,2021-08,"{""type"":""MultiPoint"",""coordinates"":[]}"
VHI_M_2021-08_000000000000000000ea,0.3957754237602109,1.8449200917852484,235,8,Wet,2021,2021-08,"{""type"":""MultiPoint"",""coordinates"":[]}"
VHI_M_2021-08_00000000000000000022,0.4331035272116666,2.100733854496797,35,8,Wet,2021,2021-08,"{""type"":""MultiPoint"",""coordinates"":[]}"
VHI_M_2021-08_00000000000000000023,0.3640667899132511,1.6087565823955114,36,8,Wet,2021,2021-08,"{""type"":""MultiPoint"",""coordinates"":[]}"
VHI_M_2021-08_00000000000000000024,0.4020199367604379,1.911943191549218,37,8,Wet,2021,2021-08,"{""type"":""MultiPoint"",""coordinates"":[]}"
VHI_M_2021-08_00000000000000000025,0.2725826336797388,1.2030306964288897,38,8,Wet,2021,2021-08,"{""type"":""MultiPoint"",""coordinates"":[]}"
VHI_M_2021-08_000000000000000000f0,0.37064992910961353,1.5864434546664619,241,8,Wet,2021,2021-08,"{""type"":""MultiPoint"",""coordinates"":[]}"
VHI_M_2021-08_000000000000000000f4,0.48407936709268307,2.4238105723221772,245,8,Wet,2021,2021-08,"{""type"":""MultiPoint"",""coordinates"":[]}"
VHI_M_2021-08_000000000000000000f5,0.46777992146154984,2.295862642155469,246,8,Wet,2021,2021-08,"{""type"":""MultiPoint"",""coordinates"":[]}"
VHI_M_2021-08_000000000000000000f6,0.4699558440321783,2.3196235536820122,247,8,Wet,2021,2021-08,"{""type"":""MultiPoint"",""coordinates"":[]}"
VHI_M_2021-08_000000000000000000f7,0.35462582562337186,1.5535897060973822,248,8,Wet,2021,2021-08,"{""type"":""MultiPoint"",""coordinates"":[]}"
VHI_M_2021-08_000000000000000000f8,0.2822376621851097,1.2107925475431984,249,8,Wet,2021,2021-08,"{""type"":""MultiPoint"",""coordinates"":[]}"
VHI_M_2021-08_00000000000000000000,0.4625565813955206,2.2482719121538888,1,8,Wet,2021,2021-08,"{""type"":""MultiPoint"",""coordinates"":[]}"
VHI_M_2021-08_000000000000000000f2,0.4332938103501834,2.1435641006896224,243,8,Wet,2021,2021-08,"{""type"":""MultiPoint"",""coordinates"":[]}"
VHI_M_2021-08_000000000000000000f3,0.35259068565698315,1.560365295886487,244,8,Wet,2021,2021-08,"{""type"":""MultiPoint"",""coordinates"":[]}"
VHI_M_2021-08_00000000000000000106,0.2972130733829047,1.2414145321484578,263,8,Wet,2021,2021-08,"{""type"":""MultiPoint"",""coordinates"":[]}"
VHI_M_2021-08_00000000000000000107,0.465812225323024,2.261351239513975,264,8,Wet,2021,2021-08,"{""type"":""MultiPoint"",""coordinates"":[]}"
VHI_M_2021-08_00000000000000000108,0.2599939967977373,1.101911689819655,265,8,Wet,2021,2021-08,"{""type"":""MultiPoint"",""coordinates"":[]}"
VHI_M_2021-08_0000000000000000012c,0.4873227174957599,2.4277041292679713,301,8,Wet,2021,2021-08,"{""type"":""MultiPoint"",""coordinates"":[]}"
VHI_M_2021-08_0000000000000000012d,0.43631167238893787,2.1156192183259637,302,8,Wet,2021,2021-08,"{""type"":""MultiPoint"",""coordinates"":[]}"
VHI_M_2021-08_0000000000000000012e,0.4362867153423543,2.0845167278562116,303,8,Wet,2021,2021-08,"{""type"":""MultiPoint"",""coordinates"":[]}"
VHI_M_2021-08_000000000000000000a5,0.6607353895813592,3.5815454056958616,166,8,Wet,2021,2021-08,"{""type"":""MultiPoint"",""coordinates"":[]}"
VHI_M_2021-08_000000000000000000a6,0.47303954048719804,2.3384850555442074,167,8,Wet,2021,2021-08,"{""type"":""MultiPoint"",""coordinates"":[]}"
VHI_M_2021-08_000000000000000000c1,45.82565541346696,2.70384907006824,194,8,Wet,2021,2021-08,"{""type"":""MultiPoint"",""coordinates"":[]}"
VHI_M_2021-08_00000000000000000120,2.6008509536506286,1.7583055501078644,289,8,Wet,2021,2021-08,"{""type"":""MultiPoint"",""coordinates"":[]}"
VHI_M_2021-08_000000000000000001d9,5.386454418332052,1.612733325345267,474,8,Wet,2021,2021-08,"{""type"":""MultiPoint"",""coordinates"":[]}"
VHI_M_2021-08_000000000000000001da,0.32718175852520814,1.441437496842424,475,8,Wet,2021,2021-08,"{""type"":""MultiPoint"",""coordinates"":[]}"
VHI_M_2021-08_000000000000000001db,0.4003148831798782,1.8455128898274362,476,8,Wet,2021,2021-08,"{""type"":""MultiPoint"",""coordinates"":[]}"
VHI_M_2021-08_000000000000000001dc,0.34378676112250567,1.5852133124860397,477,8,Wet,2021,2021-08,"{""type"":""MultiPoint"",""coordinates"":[]}"
VHI_M_2021-08_000000000000000001e2,54.62490966513078,3.0297385254180225,483,8,Wet,2021,2021-08,"{""type"":""MultiPoint"",""coordinates"":[]}"
VHI_M_2021-08_000000000000000001e3,4.497335518570792,2.2894918914595372,484,8,Wet,2021,2021-08,"{""type"":""MultiPoint"",""coordinates"":[]}"
VHI_M_2021-08_000000000000000001e4,80.43669912194933,2.6777290181020286,485,8,Wet,2021,2021-08,"{""type"":""MultiPoint"",""coordinates"":[]}"
VHI_M_2021-08_000000000000000001e5,26.39450502861359,1.4338461538461544,486,8,Wet,2021,2021-08,"{""type"":""MultiPoint"",""coordinates"":[]}"
VHI_M_2021-08_000000000000000001e6,1.1692325034034519,3.0698848717430836,487,8,Wet,2021,2021-08,"{""type"":""MultiPoint"",""coordinates"":[]}"
VHI_M_2021-08_000000000000000001e7,15.912462590570465,2.1233204950284046,488,8,Wet,2021,2021-08,"{""type"":""MultiPoint"",""coordinates"":[]}"
VHI_M_2021-08_000000000000000001e8,0.3741917186955495,1.7284261058406674,489,8,Wet,2021,2021-08,"{""type"":""MultiPoint"",""coordinates"":[]}"
VHI_M_2021-08_000000000000000001e9,58.66660431369888,2.894345600779917,490,8,Wet,2021,2021-08,"{""type"":""MultiPoint"",""coordinates"":[]}"
VHI_M_2021-08_000000000000000000e2,0.595947041942242,3.1226732451222246,227,8,Wet,2021,2021-08,"{""type"":""MultiPoint"",""coordinates"":[]}"
VHI_M_2021-08_000000000000000000e3,0.6806482754051214,3.67516893131865,228,8,Wet,2021,2021-08,"{""type"":""MultiPoint"",""coordinates"":[]}"
VHI_M_2021-08_000000000000000000e4,25.41930348462013,3.7717991169977916,229,8,Wet,2021,2021-08,"{""type"":""MultiPoint"",""coordinates"":[]}"
VHI_M_2021-08_000000000000000000e5,1.4120301658311902,4.0972493497336995,230,8,Wet,2021,2021-08,"{""type"":""MultiPoint"",""coordinates"":[]}"
VHI_M_2021-08_000000000000000000e6,0.8812939246548688,4.822192513368983,231,8,Wet,2021,2021-08,"{""type"":""MultiPoint"",""coordinates"":[]}"
VHI_M_2021-08_000000000000000000e7,0.4145110283811242,1.8329171868497716,232,8,Wet,2021,2021-08,"{""type"":""MultiPoint"",""coordinates"":[]}"
VHI_M_2021-08_0000000000000000017f,0.6012193480831644,3.191887258371474,384,8,Wet,2021,2021-08,"{""type"":""MultiPoint"",""coordinates"":[]}"
VHI_M_2021-08_00000000000000000180,0.47551867256498637,2.3395809911455046,385,8,Wet,2021,2021-08,"{""type"":""MultiPoint"",""coordinates"":[]}"
VHI_M_2021-08_00000000000000000203,0.5405462414734018,2.7396549319626238,516,8,Wet,2021,2021-08,"{""type"":""MultiPoint"",""coordinates"":[]}"
VHI_M_2021-08_00000000000000000204,0.49265044031855276,2.4462227259846987,517,8,Wet,2021,2021-08,"{""type"":""MultiPoint"",""coordinates"":[]}"
VHI_M_2021-08_00000000000000000205,0.5952982614388791,3.090392815485712,518,8,Wet,2021,2021-08,"{""type"":""MultiPoint"",""coordinates"":[]}"
VHI_M_2021-08_00000000000000000206,0.5818073593067267,3.0464718666507125,519,8,Wet,2021,2021-08,"{""type"":""MultiPoint"",""coordinates"":[]}"
VHI_M_2021-08_00000000000000000207,0.6225568810402284,3.254154495293736,520,8,Wet,2021,2021-08,"{""type"":""MultiPoint"",""coordinates"":[]}"
VHI_M_2021-08_00000000000000000208,0.5763194550737872,3.0857904874796254,521,8,Wet,2021,2021-08,"{""type"":""MultiPoint"",""coordinates"":[]}"
VHI_M_2021-08_00000000000000000209,0.5734164101792483,3.036720972329972,522,8,Wet,2021,2021-08,"{""type"":""MultiPoint"",""coordinates"":[]}"
VHI_M_2021-08_0000000000000000000e,0.6525480385071647,3.534521158129177,15,8,Wet,2021,2021-08,"{""type"":""MultiPoint"",""coordinates"":[]}"
VHI_M_2021-08_00000000000000000124,0.5335906379333419,2.579724065665386,293,8,Wet,2021,2021-08,"{""type"":""MultiPoint"",""coordinates"":[]}"
VHI_M_2021-08_00000000000000000125,13.489816815215821,2.4093276174583558,294,8,Wet,2021,2021-08,"{""type"":""MultiPoint"",""coordinates"":[]}"
VHI_M_2021-08_00000000000000000126,0.319808814949984,1.3467580923997506,295,8,Wet,2021,2021-08,"{""type"":""MultiPoint"",""coordinates"":[]}"
VHI_M_2021-08_00000000000000000127,0.5482299934792398,2.8101453875086926,296,8,Wet,2021,2021-08,"{""type"":""MultiPoint"",""coordinates"":[]}"
VHI_M_2021-08_00000000000000000128,0.33285482003107475,1.254910648353271,297,8,Wet,2021,2021-08,"{""type"":""MultiPoint"",""coordinates"":[]}"
VHI_M_2021-08_00000000000000000129,0.49773467698670537,2.480132352131234,298,8,Wet,2021,2021-08,"{""type"":""MultiPoint"",""coordinates"":[]}"
VHI_M_2021-08_0000000000000000012a,0.4112676674143708,1.9487910164700208,299,8,Wet,2021,2021-08,"{""type"":""MultiPoint"",""coordinates"":[]}"
VHI_M_2021-08_0000000000000000012b,0.5110435498321954,2.5710206649566865,300,8,Wet,2021,2021-08,"{""type"":""MultiPoint"",""coordinates"":[]}"
VHI_M_2021-08_00000000000000000174,0.5169846408395389,2.622581546023235,373,8,Wet,2021,2021-08,"{""type"":""MultiPoint"",""coordinates"":[]}"
VHI_M_2021-08_00000000000000000175,0.3935763354762955,1.8364414180046806,374,8,Wet,2021,2021-08,"{""type"":""MultiPoint"",""coordinates"":[]}"
VHI_M_2021-08_00000000000000000176,0.5403253021308296,2.704855348367991,375,8,Wet,2021,2021-08,"{""type"":""MultiPoint"",""coordinates"":[]}"
VHI_M_2021-08_00000000000000000177,0.562540405780278,2.913289296909983,376,8,Wet,2021,2021-08,"{""type"":""MultiPoint"",""coordinates"":[]}"
VHI_M_2021-08_00000000000000000195,0.6791180673845648,3.6964794832004046,406,8,Wet,2021,2021-08,"{""type"":""MultiPoint"",""coordinates"":[]}"
VHI_M_2021-08_00000000000000000196,0.6989017841749476,3.6824045865101995,407,8,Wet,2021,2021-08,"{""type"":""MultiPoint"",""coordinates"":[]}"
VHI_M_2021-08_00000000000000000197,3.439936289650614,3.5994546324122534,408,8,Wet,2021,2021-08,"{""type"":""MultiPoint"",""coordinates"":[]}"
VHI_M_2021-08_00000000000000000198,0.640920709296372,3.3844746960407366,409,8,Wet,2021,2021-08,"{""type"":""MultiPoint"",""coordinates"":[]}"
VHI_M_2021-08_00000000000000000199,0.6625716801319028,3.5621064028149516,410,8,Wet,2021,2021-08,"{""type"":""MultiPoint"",""coordinates"":[]}"
VHI_M_2021-08_00000000000000000035,0.5992980111474231,3.127682119205298,54,8,Wet,2021,2021-08,"{""type"":""MultiPoint"",""coordinates"":[]}"
VHI_M_2021-08_000000000000000000ce,0.5487766017834622,2.824883182822774,207,8,Wet,2021,2021-08,"{""type"":""MultiPoint"",""coordinates"":[]}"
VHI_M_2021-08_000000000000000000cf,0.5138917682391829,2.6204026247569687,208,8,Wet,2021,2021-08,"{""type"":""MultiPoint"",""coordinates"":[]}"
VHI_M_2021-08_000000000000000000d0,3.349645873905931,2.900976465497581,209,8,Wet,2021,2021-08,"{""type"":""MultiPoint"",""coordinates"":[]}"
VHI_M_2021-08_000000000000000000d1,27.22643938935711,3.104639867590407,210,8,Wet,2021,2021-08,"{""type"":""MultiPoint"",""coordinates"":[]}"
VHI_M_2021-08_000000000000000001ea,0.441631711539943,2.1142016262700944,491,8,Wet,2021,2021-08,"{""type"":""MultiPoint"",""coordinates"":[]}"
VHI_M_2021-08_000000000000000001eb,0.40247443724422904,1.9411926561981125,492,8,Wet,2021,2021-08,"{""type"":""MultiPoint"",""coordinates"":[]}"
VHI_M_2021-08_000000000000000001ec,0.3785088383104472,1.8124189284600103,493,8,Wet,2021,2021-08,"{""type"":""MultiPoint"",""coordinates"":[]}"
VHI_M_2021-08_000000000000000001ed,0.5395394875931354,2.790044110149076,494,8,Wet,2021,2021-08,"{""type"":""MultiPoint"",""coordinates"":[]}"
VHI_M_2021-08_000000000000000001f4,9.0222805028019,3.1805114284832987,501,8,Wet,2021,2021-08,"{""type"":""MultiPoint"",""coordinates"":[]}"
VHI_M_2021-08_000000000000000001f5,1.9272334199492505,2.500214926399648,502,8,Wet,2021,2021-08,"{""type"":""MultiPoint"",""coordinates"":[]}"
VHI_M_2021-08_000000000000000001f6,0.6342921621652374,3.3919056520615816,503,8,Wet,2021,2021-08,"{""type"":""MultiPoint"",""coordinates"":[]}"
VHI_M_2021-08_000000000000000001f7,50.451159324532775,3.7335331048871967,504,8,Wet,2021,2021-08,"{""type"":""MultiPoint"",""coordinates"":[]}"
VHI_M_2021-08_000000000000000001f8,0.6480722350872604,3.4538053412111114,505,8,Wet,2021,2021-08,"{""type"":""MultiPoint"",""coordinates"":[]}"
VHI_M_2021-08_000000000000000001f9,0.7005827279362361,3.8047849518379233,506,8,Wet,2021,2021-08,"{""type"":""MultiPoint"",""coordinates"":[]}"
VHI_M_2021-08_000000000000000001fa,25.932161462454207,2.685189516239259,507,8,Wet,2021,2021-08,"{""type"":""MultiPoint"",""coordinates"":[]}"
VHI_M_2021-08_000000000000000001fb,8.109930666261837,2.775421383917255,508,8,Wet,2021,2021-08,"{""type"":""MultiPoint"",""coordinates"":[]}"
VHI_M_2021-08_000000000000000001fc,0.4299598392033623,1.9636082409472064,509,8,Wet,2021,2021-08,"{""type"":""MultiPoint"",""coordinates"":[]}"
VHI_M_2021-08_000000000000000001fd,0.5499739929922538,2.829822649287484,510,8,Wet,2021,2021-08,"{""type"":""MultiPoint"",""coordinates"":[]}"
VHI_M_2021-08_00000000000000000049,0.5263719379565654,2.689416419386746,74,8,Wet,2021,2021-08,"{""type"":""MultiPoint"",""coordinates"":[]}"
VHI_M_2021-08_0000000000000000004a,37.36651963662587,3.3049789846971436,75,8,Wet,2021,2021-08,"{""type"":""MultiPoint"",""coordinates"":[]}"
VHI_M_2021-08_000000000000000000fd,71.42291430807816,3.8268150896722317,254,8,Wet,2021,2021-08,"{""type"":""MultiPoint"",""coordinates"":[]}"
VHI_M_2021-08_000000000000000000fe,5.917167186779669,2.6655382277804684,255,8,Wet,2021,2021-08,"{""type"":""MultiPoint"",""coordinates"":[]}"
VHI_M_2021-08_00000000000000000191,0.5524596412965891,2.833961248654467,402,8,Wet,2021,2021-08,"{""type"":""MultiPoint"",""coordinates"":[]}"
VHI_M_2021-08_0000000000000000016e,18.86260906659403,2.4732405315453194,367,8,Wet,2021,2021-08,"{""type"":""MultiPoint"",""coordinates"":[]}"
VHI_M_2021-08_0000000000000000016f,0.45187051399769435,2.2053464291202514,368,8,Wet,2021,2021-08,"{""type"":""MultiPoint"",""coordinates"":[]}"
VHI_M_2021-08_00000000000000000170,0.6039055656802903,3.14308236921382,369,8,Wet,2021,2021-08,"{""type"":""MultiPoint"",""coordinates"":[]}"
VHI_M_2021-08_00000000000000000181,36.00260343911134,3.9517611324208035,386,8,Wet,2021,2021-08,"{""type"":""MultiPoint"",""coordinates"":[]}"
VHI_M_2021-08_00000000000000000182,0.6526939249221915,3.5309921995478444,387,8,Wet,2021,2021-08,"{""type"":""MultiPoint"",""coordinates"":[]}"
VHI_M_2021-08_00000000000000000228,0.5945045856879031,3.1237048142595354,553,8,Wet,2021,2021-08,"{""type"":""MultiPoint"",""coordinates"":[]}"
VHI_M_2021-09_00000000000000000017,46.32115277403239,1.8030854938932934,24,9,Wet,2021,2021-09,"{""type"":""MultiPoint"",""coordinates"":[]}"
VHI_M_2021-09_00000000000000000018,232.36801925531094,4.65902206836867,25,9,Wet,2021,2021-09,"{""type"":""MultiPoint"",""coordinates"":[]}"
VHI_M_2021-09_00000000000000000019,29.92560633433481,1.584913009607894,26,9,Wet,2021,2021-09,"{""type"":""MultiPoint"",""coordinates"":[]}"
VHI_M_2021-09_0000000000000000001a,13.447208738009735,1.4163883018610675,27,9,Wet,2021,2021-09,"{""type"":""MultiPoint"",""coordinates"":[]}"
VHI_M_2021-09_0000000000000000005b,160.23849512268416,4.033635413035899,92,9,Wet,2021,2021-09,"{""type"":""MultiPoint"",""coordinates"":[]}"
VHI_M_2021-09_0000000000000000005c,60.031245746660815,1.9437662597558536,93,9,Wet,2021,2021-09,"{""type"":""MultiPoint"",""coordinates"":[]}"
VHI_M_2021-09_0000000000000000005d,254.0,5.0,94,9,Wet,2021,2021-09,"{""type"":""MultiPoint"",""coordinates"":[]}"
VHI_M_2021-09_0000000000000000005e,35.14791893603274,1.8245180425111218,95,9,Wet,2021,2021-09,"{""type"":""MultiPoint"",""coordinates"":[]}"
VHI_M_2021-09_0000000000000000005f,81.60461375944827,2.2959262106072256,96,9,Wet,2021,2021-09,"{""type"":""MultiPoint"",""coordinates"":[]}"
VHI_M_2021-09_000000000000000000b6,0.3607542108955465,1.5696784073506895,183,9,Wet,2021,2021-09,"{""type"":""MultiPoint"",""coordinates"":[]}"
VHI_M_2021-09_000000000000000000b7,0.45197659474547197,1.903225806451613,184,9,Wet,2021,2021-09,"{""type"":""MultiPoint"",""coordinates"":[]}"
VHI_M_2021-09_000000000000000000b8,0.26310873720587186,1.1310408921933086,185,9,Wet,2021,2021-09,"{""type"":""MultiPoint"",""coordinates"":[]}"
VHI_M_2021-09_000000000000000000b9,39.234273052358276,2.2645033636723384,186,9,Wet,2021,2021-09,"{""type"":""MultiPoint"",""coordinates"":[]}"
VHI_M_2021-09_000000000000000000ba,0.4253066638708113,1.992,187,9,Wet,2021,2021-09,"{""type"":""MultiPoint"",""coordinates"":[]}"
VHI_M_2021-09_000000000000000000bb,0.2944207909083603,1.4861386138613863,188,9,Wet,2021,2021-09,"{""type"":""MultiPoint"",""coordinates"":[]}"
VHI_M_2021-09_000000000000000001a0,34.11473175603497,3.162017167381974,417,9,Wet,2021,2021-09,"{""type"":""MultiPoint"",""coordinates"":[]}"
VHI_M_2021-09_000000000000000001a1,0.414978876370509,2.116005430683361,418,9,Wet,2021,2021-09,"{""type"":""MultiPoint"",""coordinates"":[]}"
VHI_M_2021-09_000000000000000001a2,19.647726561030634,3.332985113606685,419,9,Wet,2021,2021-09,"{""type"":""MultiPoint"",""coordinates"":[]}"
VHI_M_2021-09_000000000000000001a3,0.4419331962615472,2.447531776529708,420,9,Wet,2021,2021-09,"{""type"":""MultiPoint"",""coordinates"":[]}"
VHI_M_2021-09_000000000000000001cb,41.28877390473999,2.1588723051409615,460,9,Wet,2021,2021-09,"{""type"":""MultiPoint"",""coordinates"":[]}"
VHI_M_2021-09_000000000000000001cc,79.80578803574939,2.774700854700855,461,9,Wet,2021,2021-09,"{""type"":""MultiPoint"",""coordinates"":[]}"
VHI_M_2021-09_0000000000000000021b,0.4710939487435182,2.2715572715572714,540,9,Wet,2021,2021-09,"{""type"":""MultiPoint"",""coordinates"":[]}"
VHI_M_2021-09_0000000000000000021c,0.491478261999462,2.6586956521739125,541,9,Wet,2021,2021-09,"{""type"":""MultiPoint"",""coordinates"":[]}"
VHI_M_2021-09_0000000000000000021d,24.90676046277237,2.6625393966681687,542,9,Wet,2021,2021-09,"{""type"":""MultiPoint"",""coordinates"":[]}"
VHI_M_2021-09_000000000000000000bf,0.3959517123248486,1.9584265473527218,192,9,Wet,2021,2021-09,"{""type"":""MultiPoint"",""coordinates"":[]}"
VHI_M_2021-09_000000000000000000c0,0.4460497783466069,2.3267863189976303,193,9,Wet,2021,2021-09,"{""type"":""MultiPoint"",""coordinates"":[]}"
VHI_M_2021-09_0000000000000000010a,0.3978167056365798,1.823907666941467,267,9,Wet,2021,2021-09,"{""type"":""MultiPoint"",""coordinates"":[]}"
VHI_M_2021-09_0000000000000000010b,56.5226378703109,2.9354799951940413,268,9,Wet,2021,2021-09,"{""type"":""MultiPoint"",""coordinates"":[]}"
VHI_M_2021-09_00000000000000000226,3.02011405766134,2.9692570452604623,551,9,Wet,2021,2021-09,"{""type"":""MultiPoint"",""coordinates"":[]}"
VHI_M_2021-09_00000000000000000227,0.7015121715861471,3.869451697127938,552,9,Wet,2021,2021-09,"{""type"":""MultiPoint"",""coordinates"":[]}"
VHI_M_2021-09_000000000000000001a4,0.40629352962792814,1.854166666666667,421,9,Wet,2021,2021-09,"{""type"":""MultiPoint"",""coordinates"":[]}"
VHI_M_2021-09_000000000000000001a5,0.46906478025365306,2.362673186634068,422,9,Wet,2021,2021-09,"{""type"":""MultiPoint"",""coordinates"":[]}"
VHI_M_2021-09_000000000000000001a6,0.5760044217814019,3.0,423,9,Wet,2021,2021-09,"{""type"":""MultiPoint"",""coordinates"":[]}"
VHI_M_2021-09_000000000000000001a7,0.5571286782403204,2.8154411764705882,424,9,Wet,2021,2021-09,"{""type"":""MultiPoint"",""coordinates"":[]}"
VHI_M_2021-09_000000000000000001a8,0.5765728226052358,3.0,425,9,Wet,2021,2021-09,"{""type"":""MultiPoint"",""coordinates"":[]}"
VHI_M_2021-09_000000000000000001a9,0.45081639750860636,2.21328125,426,9,Wet,2021,2021-09,"{""type"":""MultiPoint"",""coordinates"":[]}"
VHI_M_2021-09_000000000000000001aa,0.4654133338859523,2.0977798771846956,427,9,Wet,2021,2021-09,"{""type"":""MultiPoint"",""coordinates"":[]}"
VHI_M_2021-09_000000000000000001fe,0.794821399931246,4.4779691749773365,511,9,Wet,2021,2021-09,"{""type"":""MultiPoint"",""coordinates"":[]}"
VHI_M_2021-09_000000000000000001ff,61.83912786498267,3.056927881885291,512,9,Wet,2021,2021-09,"{""type"":""MultiPoint"",""coordinates"":[]}"
VHI_M_2021-09_00000000000000000200,0.6690228416460728,3.6407255705090704,513,9,Wet,2021,2021-09,"{""type"":""MultiPoint"",""coordinates"":[]}"
VHI_M_2021-09_00000000000000000201,101.94379414407497,4.015023721665787,514,9,Wet,2021,2021-09,"{""type"":""MultiPoint"",""coordinates"":[]}"
VHI_M_2021-09_00000000000000000202,0.7293066321314664,4.102497846683893,515,9,Wet,2021,2021-09,"{""type"":""MultiPoint"",""coordinates"":[]}"
VHI_M_2021-09_00000000000000000002,18.61222734402506,2.6756638139126623,3,9,Wet,2021,2021-09,"{""type"":""MultiPoint"",""coordinates"":[]}"
VHI_M_2021-09_0000000000000000000d,17.143008750653365,3.14166955316938,14,9,Wet,2021,2021-09,"{""type"":""MultiPoint"",""coordinates"":[]}"
VHI_M_2021-09_00000000000000000027,53.52640636366664,3.3378397244973943,40,9,Wet,2021,2021-09,"{""type"":""MultiPoint"",""coordinates"":[]}"
VHI_M_2021-09_00000000000000000070,0.4612874996084264,2.265696431952823,113,9,Wet,2021,2021-09,"{""type"":""MultiPoint"",""coordinates"":[]}"
VHI_M_2021-09_00000000000000000071,0.5225270429199933,2.614759617542757,114,9,Wet,2021,2021-09,"{""type"":""MultiPoint"",""coordinates"":[]}"
VHI_M_2021-09_000000000000000001b0,55.96496371363402,2.596260302620248,433,9,Wet,2021,2021-09,"{""type"":""MultiPoint"",""coordinates"":[]}"
VHI_M_2021-09_000000000000000001b1,7.523141278569061,2.8923754840432636,434,9,Wet,2021,2021-09,"{""type"":""MultiPoint"",""coordinates"":[]}"
VHI_M_2021-09_000000000000000001b2,90.90333551216591,2.6863490554829506,435,9,Wet,2021,2021-09,"{""type"":""MultiPoint"",""coordinates"":[]}"
VHI_M_2021-09_000000000000000001cd,1.368163856615418,2.685436273727867,462,9,Wet,2021,2021-09,"{""type"":""MultiPoint"",""coordinates"":[]}"
VHI_M_2021-09_000000000000000001ce,0.4447227569671259,2.1691128534930844,463,9,Wet,2021,2021-09,"{""type"":""MultiPoint"",""coordinates"":[]}"
VHI_M_2021-09_000000000000000001cf,22.24174129028021,2.3475469512699583,464,9,Wet,2021,2021-09,"{""type"":""MultiPoint"",""coordinates"":[]}"
VHI_M_2021-09_0000000000000000001c,0.5739999942328209,3.0286522693946676,29,9,Wet,2021,2021-09,"{""type"":""MultiPoint"",""coordinates"":[]}"
VHI_M_2021-09_0000000000000000001d,0.5845213434018816,3.0502973523421595,30,9,Wet,2021,2021-09,"{""type"":""MultiPoint"",""coordinates"":[]}"
VHI_M_2021-09_0000000000000000001e,0.652708023583032,3.5434375018719173,31,9,Wet,2021,2021-09,"{""type"":""MultiPoint"",""coordinates"":[]}"
VHI_M_2021-09_00000000000000000026,0.4851369208144576,2.4926595143986443,39,9,Wet,2021,2021-09,"{""type"":""MultiPoint"",""coordinates"":[]}"
VHI_M_2021-09_000000000000000000f9,0.5660801700675938,2.9138367145747925,250,9,Wet,2021,2021-09,"{""type"":""MultiPoint"",""coordinates"":[]}"
VHI_M_2021-09_000000000000000000fa,0.5238940938709962,2.635375303023542,251,9,Wet,2021,2021-09,"{""type"":""MultiPoint"",""coordinates"":[]}"
VHI_M_2021-09_000000000000000000fb,0.4418129875981147,2.0637086801322586,252,9,Wet,2021,2021-09,"{""type"":""MultiPoint"",""coordinates"":[]}"
VHI_M_2021-09_000000000000000000fc,0.44287167542055783,2.1333190271816886,253,9,Wet,2021,2021-09,"{""type"":""MultiPoint"",""coordinates"":[]}"
VHI_M_2021-09_00000000000000000163,0.3734355437544132,1.7305229346536277,356,9,Wet,2021,2021-09,"{""type"":""MultiPoint"",""coordinates"":[]}"
VHI_M_2021-09_00000000000000000164,0.40979924003319207,1.952881815175533,357,9,Wet,2021,2021-09,"{""type"":""MultiPoint"",""coordinates"":[]}"
VHI_M_2021-09_00000000000000000165,0.48709923306297914,2.45350980263511,358,9,Wet,2021,2021-09,"{""type"":""MultiPoint"",""coordinates"":[]}"
VHI_M_2021-09_00000000000000000166,0.45179632803435005,2.2303663259475592,359,9,Wet,2021,2021-09,"{""type"":""MultiPoint"",""coordinates"":[]}"
VHI_M_2021-09_00000000000000000149,0.56636606547344,2.9515695985260626,330,9,Wet,2021,2021-09,"{""type"":""MultiPoint"",""coordinates"":[]}"
VHI_M_2021-09_0000000000000000014a,0.4352885046052207,2.031999178630709,331,9,Wet,2021,2021-09,"{""type"":""MultiPoint"",""coordinates"":[]}"
VHI_M_2021-09_0000000000000000014b,0.4944486930328056,2.511795178322376,332,9,Wet,2021,2021-09,"{""type"":""MultiPoint"",""coordinates"":[]}"
VHI_M_2021-09_0000000000000000014c,0.5329272692878336,2.747002508105461,333,9,Wet,2021,2021-09,"{""type"":""MultiPoint"",""coordinates"":[]}"
VHI_M_2021-09_0000000000000000014d,0.4900808971227348,2.4654870370795376,334,9,Wet,2021,2021-09,"{""type"":""MultiPoint"",""coordinates"":[]}"
VHI_M_2021-09_0000000000000000014e,0.544180280640911,2.8074415222397286,335,9,Wet,2021,2021-09,"{""type"":""MultiPoint"",""coordinates"":[]}"
VHI_M_2021-09_00000000000000000158,0.41282579917291207,1.987848547108893,345,9,Wet,2021,2021-09,"{""type"":""MultiPoint"",""coordinates"":[]}"
VHI_M_2021-09_00000000000000000159,0.5404873462567549,2.75934808533192,346,9,Wet,2021,2021-09,"{""type"":""MultiPoint"",""coordinates"":[]}"
VHI_M_2021-09_0000000000000000015a,0.4584824067531104,2.292866646954465,347,9,Wet,2021,2021-09,"{""type"":""MultiPoint"",""coordinates"":[]}"
VHI_M_2021-09_0000000000000000015b,0.38672873758365645,1.801270879024658,348,9,Wet,2021,2021-09,"{""type"":""MultiPoint"",""coordinates"":[]}"
VHI_M_2021-09_0000000000000000015c,0.17563370819220595,1.1556966745386956,349,9,Wet,2021,2021-09,"{""type"":""MultiPoint"",""coordinates"":[]}"
VHI_M_2021-09_0000000000000000015d,0.5064611970429067,2.543994318026608,350,9,Wet,2021,2021-09,"{""type"":""MultiPoint"",""coordinates"":[]}"
VHI_M_2021-09_00000000000000000008,0.4480891496031154,2.267746075624444,9,9,Wet,2021,2021-09,"{""type"":""MultiPoint"",""coordinates"":[]}"
VHI_M_2021-09_000000000000000000c2,0.5177848713205776,2.6390006939625263,195,9,Wet,2021,2021-09,"{""type"":""MultiPoint"",""coordinates"":[]}"
VHI_M_2021-09_000000000000000000c3,0.410699635835874,1.9586106620668473,196,9,Wet,2021,2021-09,"{""type"":""MultiPoint"",""coordinates"":[]}"
VHI_M_2021-09_000000000000000000c4,0.536482716256045,2.7665041135881108,197,9,Wet,2021,2021-09,"{""type"":""MultiPoint"",""coordinates"":[]}"
VHI_M_2021-09_000000000000000000c5,0.535251972028844,2.7263376192451254,198,9,Wet,2021,2021-09,"{""type"":""MultiPoint"",""coordinates"":[]}"
VHI_M_2021-09_000000000000000000c6,0.5674629334478448,2.9690676273769836,199,9,Wet,2021,2021-09,"{""type"":""MultiPoint"",""coordinates"":[]}"
VHI_M_2021-09_000000000000000000c7,0.35177481805095384,1.5868218561626715,200,9,Wet,2021,2021-09,"{""type"":""MultiPoint"",""coordinates"":[]}"
VHI_M_2021-09_000000000000000000c8,0.5504844992203287,2.940722047690171,201,9,Wet,2021,2021-09,"{""type"":""MultiPoint"",""coordinates"":[]}"
VHI_M_2021-09_000000000000000000c9,0.3555190393604741,1.6244347250907805,202,9,Wet,2021,2021-09,"{""type"":""MultiPoint"",""coordinates"":[]}"
VHI_M_2021-09_00000000000000000136,0.6134928708792625,3.1822987941097343,311,9,Wet,2021,2021-09,"{""type"":""MultiPoint"",""coordinates"":[]}"
VHI_M_2021-09_00000000000000000137,0.6819907904477467,3.690456036398265,312,9,Wet,2021,2021-09,"{""type"":""MultiPoint"",""coordinates"":[]}"
VHI_M_2021-09_00000000000000000138,0.5783838916905776,3.0162349011535343,313,9,Wet,2021,2021-09,"{""type"":""MultiPoint"",""coordinates"":[]}"
VHI_M_2021-09_00000000000000000139,0.5843476875944583,3.0307379425380665,314,9,Wet,2021,2021-09,"{""type"":""MultiPoint"",""coordinates"":[]}"
VHI_M_2021-09_0000000000000000013a,0.5474773973878396,2.848415001220275,315,9,Wet,2021,2021-09,"{""type"":""MultiPoint"",""coordinates"":[]}"
VHI_M_2021-09_000000000000000001ef,0.44952747377495966,2.154634206304022,496,9,Wet,2021,2021-09,"{""type"":""MultiPoint"",""coordinates"":[]}"
VHI_M_2021-09_000000000000000001f0,0.5159801649412759,2.623848326128798,497,9,Wet,2021,2021-09,"{""type"":""MultiPoint"",""coordinates"":[]}"
VHI_M_2021-09_00000000000000000081,0.13231405476479674,1.014547160957297,130,9,Wet,2021,2021-09,"{""type"":""MultiPoint"",""coordinates"":[]}"
VHI_M_2021-09_000000000000000000a0,0.3774053792678135,2.1036651095939627,161,9,Wet,2021,2021-09,"{""type"":""MultiPoint"",""coordinates"":[]}"
VHI_M_2021-09_000000000000000000a1,31.85683354055332,1.9998998196754163,162,9,Wet,2021,2021-09,"{""type"":""MultiPoint"",""coordinates"":[]}"
VHI_M_2021-09_000000000000000000a2,8.586539665327054,2.328152851715593,163,9,Wet,2021,2021-09,"{""type"":""MultiPoint"",""coordinates"":[]}"
VHI_M_2021-09_000000000000000000a3,5.374779864828625,1.55077721920889,164,9,Wet,2021,2021-09,"{""type"":""MultiPoint"",""coordinates"":[]}"
VHI_M_2021-09_000000000000000000a4,77.99059948764821,3.5086345643568655,165,9,Wet,2021,2021-09,"{""type"":""MultiPoint"",""coordinates"":[]}"
VHI_M_2021-09_0000000000000000014f,0.48460424676497277,2.5532454776131637,336,9,Wet,2021,2021-09,"{""type"":""MultiPoint"",""coordinates"":[]}"
VHI_M_2021-09_00000000000000000150,0.2725209150252187,1.2737808610487664,337,9,Wet,2021,2021-09,"{""type"":""MultiPoint"",""coordinates"":[]}"
VHI_M_2021-09_00000000000000000151,2.150139070188054,2.5699118193681034,338,9,Wet,2021,2021-09,"{""type"":""MultiPoint"",""coordinates"":[]}"
VHI_M_2021-09_00000000000000000152,0.38339558591056705,1.9064944851175738,339,9,Wet,2021,2021-09,"{""type"":""MultiPoint"",""coordinates"":[]}"
VHI_M_2021-09_00000000000000000153,0.45748145261631956,2.2360875889139065,340,9,Wet,2021,2021-09,"{""type"":""MultiPoint"",""coordinates"":[]}"
VHI_M_2021-09_00000000000000000171,0.5209977286319942,2.611600858081384,370,9,Wet,2021,2021-09,"{""type"":""MultiPoint"",""coordinates"":[]}"
VHI_M_2021-09_00000000000000000172,0.4625858182899586,2.359204732000939,371,9,Wet,2021,2021-09,"{""type"":""MultiPoint"",""coordinates"":[]}"
VHI_M_2021-09_00000000000000000173,0.47432992657258805,2.367480709569644,372,9,Wet,2021,2021-09,"{""type"":""MultiPoint"",""coordinates"":[]}"
VHI_M_2021-09_000000000000000001f1,0.5497616599816185,2.8323490540202636,498,9,Wet,2021,2021-09,"{""type"":""MultiPoint"",""coordinates"":[]}"
VHI_M_2021-09_000000000000000001f2,0.3701341532029725,1.6478749492361995,499,9,Wet,2021,2021-09,"{""type"":""MultiPoint"",""coordinates"":[]}"
VHI_M_2021-09_000000000000000001f3,0.2952106953403315,1.3067657750528996,500,9,Wet,2021,2021-09,"{""type"":""MultiPoint"",""coordinates"":[]}"
VHI_M_2021-09_00000000000000000092,0.5214757661930597,2.6868369251220696,147,9,Wet,2021,2021-09,"{""type"":""MultiPoint"",""coordinates"":[]}"
VHI_M_2021-09_00000000000000000093,0.45943949240112425,2.3127670039736263,148,9,Wet,2021,2021-09,"{""type"":""MultiPoint"",""coordinates"":[]}"
VHI_M_2021-09_00000000000000000094,0.6617720519665918,2.413019382597325,149,9,Wet,2021,2021-09,"{""type"":""MultiPoint"",""coordinates"":[]}"
VHI_M_2021-09_00000000000000000095,12.93325976514501,2.479341371493736,150,9,Wet,2021,2021-09,"{""type"":""MultiPoint"",""coordinates"":[]}"
VHI_M_2021-09_00000000000000000096,0.462532121293857,2.2722188772438288,151,9,Wet,2021,2021-09,"{""type"":""MultiPoint"",""coordinates"":[]}"
VHI_M_2021-09_00000000000000000097,0.6105011445772487,3.0692782009430535,152,9,Wet,2021,2021-09,"{""type"":""MultiPoint"",""coordinates"":[]}"
VHI_M_2021-09_00000000000000000098,0.5010063518785824,2.8961864406779667,153,9,Wet,2021,2021-09,"{""type"":""MultiPoint"",""coordinates"":[]}"
VHI_M_2021-09_000000000000000000a9,0.5804172823891208,3.1551397939878068,170,9,Wet,2021,2021-09,"{""type"":""MultiPoint"",""coordinates"":[]}"
VHI_M_2021-09_0000000000000000017c,61.669570142537644,2.5729056668782873,381,9,Wet,2021,2021-09,"{""type"":""MultiPoint"",""coordinates"":[]}"
VHI_M_2021-09_0000000000000000017d,38.85889600843392,2.7156451535342008,382,9,Wet,2021,2021-09,"{""type"":""MultiPoint"",""coordinates"":[]}"
VHI_M_2021-09_0000000000000000017e,11.532665265213657,2.2587254397183143,383,9,Wet,2021,2021-09,"{""type"":""MultiPoint"",""coordinates"":[]}"
VHI_M_2021-09_000000000000000001ee,0.4606606132266782,2.4242284129002423,495,9,Wet,2021,2021-09,"{""type"":""MultiPoint"",""coordinates"":[]}"
VHI_M_2021-09_0000000000000000020d,0.46628051574685936,2.3269586674892047,526,9,Wet,2021,2021-09,"{""type"":""MultiPoint"",""coordinates"":[]}"
VHI_M_2021-09_0000000000000000020e,3.6847708767667764,2.344900403737755,527,9,Wet,2021,2021-09,"{""type"":""MultiPoint"",""coordinates"":[]}"
VHI_M_2021-09_0000000000000000020f,0.46210625347780687,2.300078436343756,528,9,Wet,2021,2021-09,"{""type"":""MultiPoint"",""coordinates"":[]}"
VHI_M_2021-09_00000000000000000210,0.47335040979483445,2.412370064424331,529,9,Wet,2021,2021-09,"{""type"":""MultiPoint"",""coordinates"":[]}"
VHI_M_2021-09_00000000000000000211,11.778550134414566,2.2732385529301817,530,9,Wet,2021,2021-09,"{""type"":""MultiPoint"",""coordinates"":[]}"
VHI_M_2021-09_00000000000000000058,0.34679005475479135,1.6235211121285114,89,9,Wet,2021,2021-09,"{""type"":""MultiPoint"",""coordinates"":[]}"
VHI_M_2021-09_00000000000000000059,0.46386283498805997,2.284668762370472,90,9,Wet,2021,2021-09,"{""type"":""MultiPoint"",""coordinates"":[]}"
VHI_M_2021-09_0000000000000000018b,0.404772308433877,1.879465218299562,396,9,Wet,2021,2021-09,"{""type"":""MultiPoint"",""coordinates"":[]}"
VHI_M_2021-09_0000000000000000018c,0.43142695946205506,2.2373317043076435,397,9,Wet,2021,2021-09,"{""type"":""MultiPoint"",""coordinates"":[]}"
VHI_M_2021-09_0000000000000000018d,0.4256036713816819,1.9828963752075255,398,9,Wet,2021,2021-09,"{""type"":""MultiPoint"",""coordinates"":[]}"
VHI_M_2021-09_0000000000000000018e,0.255424572642799,1.2983107287800468,399,9,Wet,2021,2021-09,"{""type"":""MultiPoint"",""coordinates"":[]}"
VHI_M_2021-09_00000000000000000036,0.4410316128711728,1.9971108089734881,55,9,Wet,2021,2021-09,"{""type"":""MultiPoint"",""coordinates"":[]}"
VHI_M_2021-09_000000000000000000db,0.43989341936194903,2.1066639369433915,220,9,Wet,2021,2021-09,"{""type"":""MultiPoint"",""coordinates"":[]}"
VHI_M_2021-09_000000000000000000dc,0.42239285824655776,2.0167755757900365,221,9,Wet,2021,2021-09,"{""type"":""MultiPoint"",""coordinates"":[]}"
VHI_M_2021-09_000000000000000000dd,0.44239803260597027,2.137767197917574,222,9,Wet,2021,2021-09,"{""type"":""MultiPoint"",""coordinates"":[]}"
VHI_M_2021-09_00000000000000000102,0.4822949181567253,2.41467141496542,259,9,Wet,2021,2021-09,"{""type"":""MultiPoint"",""coordinates"":[]}"
VHI_M_2021-09_00000000000000000103,0.5381278712427985,2.8190155249304225,260,9,Wet,2021,2021-09,"{""type"":""MultiPoint"",""coordinates"":[]}"
VHI_M_2021-09_00000000000000000104,0.4874763019317272,2.3945594039319817,261,9,Wet,2021,2021-09,"{""type"":""MultiPoint"",""coordinates"":[]}"
VHI_M_2021-09_00000000000000000105,0.3623688450063593,1.5254560129136405,262,9,Wet,2021,2021-09,"{""type"":""MultiPoint"",""coordinates"":[]}"
VHI_M_2021-09_0000000000000000000a,0.6540751316966207,3.551407773657464,11,9,Wet,2021,2021-09,"{""type"":""MultiPoint"",""coordinates"":[]}"
VHI_M_2021-09_000000000000000000b1,0.38747499570902527,1.7624962382944558,178,9,Wet,2021,2021-09,"{""type"":""MultiPoint"",""coordinates"":[]}"
VHI_M_2021-09_000000000000000000b2,0.4115125035277151,1.9889831475014512,179,9,Wet,2021,2021-09,"{""type"":""MultiPoint"",""coordinates"":[]}"
VHI_M_2021-09_000000000000000000b3,0.4800218050315411,2.362543067257303,180,9,Wet,2021,2021-09,"{""type"":""MultiPoint"",""coordinates"":[]}"
VHI_M_2021-09_000000000000000000ca,0.5665842138344347,2.9280187573270795,203,9,Wet,2021,2021-09,"{""type"":""MultiPoint"",""coordinates"":[]}"
VHI_M_2021-09_000000000000000000d2,0.5757642916327692,3.012912788357139,211,9,Wet,2021,2021-09,"{""type"":""MultiPoint"",""coordinates"":[]}"
VHI_M_2021-09_000000000000000000d3,0.4958996033934558,2.4767824049142644,212,9,Wet,2021,2021-09,"{""type"":""MultiPoint"",""coordinates"":[]}"
VHI_M_2021-09_000000000000000000d4,0.5817106591499184,3.0800640748167702,213,9,Wet,2021,2021-09,"{""type"":""MultiPoint"",""coordinates"":[]}"
VHI_M_2021-09_000000000000000000d5,0.47583967757081264,2.346433661603253,214,9,Wet,2021,2021-09,"{""type"":""MultiPoint"",""coordinates"":[]}"
VHI_M_2021-09_000000000000000000bc,0.40939908512822537,1.8873987084896586,189,9,Wet,2021,2021-09,"{""type"":""MultiPoint"",""coordinates"":[]}"
VHI_M_2021-09_000000000000000000bd,0.4237701630842542,1.9554644343035994,190,9,Wet,2021,2021-09,"{""type"":""MultiPoint"",""coordinates"":[]}"
VHI_M_2021-09_000000000000000000be,0.436373903543067,2.0855831736255634,191,9,Wet,2021,2021-09,"{""type"":""MultiPoint"",""coordinates"":[]}"
VHI_M_2021-09_000000000000000000f1,0.46665249397965514,2.3301587301587294,242,9,Wet,2021,2021-09,"{""type"":""MultiPoint"",""coordinates"":[]}"
VHI_M_2021-09_00000000000000000100,0.5505398907700695,2.8484701993177084,257,9,Wet,2021,2021-09,"{""type"":""MultiPoint"",""coordinates"":[]}"
VHI_M_2021-09_00000000000000000101,0.5305862745026765,2.7206016613246207,258,9,Wet,2021,2021-09,"{""type"":""MultiPoint"",""coordinates"":[]}"
VHI_M_2021-09_0000000000000000012f,0.4568776963473872,2.208126053109778,304,9,Wet,2021,2021-09,"{""type"":""MultiPoint"",""coordinates"":[]}"
VHI_M_2021-09_00000000000000000130,0.397610615303855,1.8026112670408982,305,9,Wet,2021,2021-09,"{""type"":""MultiPoint"",""coordinates"":[]}"
VHI_M_2021-09_00000000000000000131,0.4043013416088476,1.8552709914307488,306,9,Wet,2021,2021-09,"{""type"":""MultiPoint"",""coordinates"":[]}"
VHI_M_2021-09_00000000000000000065,0.5305449068313617,2.7105235542064468,102,9,Wet,2021,2021-09,"{""type"":""MultiPoint"",""coordinates"":[]}"
VHI_M_2021-09_00000000000000000066,0.6156013138261649,3.287989921129386,103,9,Wet,2021,2021-09,"{""type"":""MultiPoint"",""coordinates"":[]}"
VHI_M_2021-09_00000000000000000067,0.3957451845539904,1.791882622413076,104,9,Wet,2021,2021-09,"{""type"":""MultiPoint"",""coordinates"":[]}"
VHI_M_2021-09_00000000000000000068,0.415053810003287,1.929131558811411,105,9,Wet,2021,2021-09,"{""type"":""MultiPoint"",""coordinates"":[]}"
VHI_M_2021-09_00000000000000000109,0.4927758410587273,2.4417280200732936,266,9,Wet,2021,2021-09,"{""type"":""MultiPoint"",""coordinates"":[]}"
VHI_M_2021-09_000000000000000001c1,0.40928934328596994,1.8976707235692274,450,9,Wet,2021,2021-09,"{""type"":""MultiPoint"",""coordinates"":[]}"
VHI_M_2021-09_000000000000000001c2,0.43176813168237865,2.041622288106436,451,9,Wet,2021,2021-09,"{""type"":""MultiPoint"",""coordinates"":[]}"
VHI_M_2021-09_00000000000000000113,0.23720588041914895,1.0387575590984057,276,9,Wet,2021,2021-09,"{""type"":""MultiPoint"",""coordinates"":[]}"
VHI_M_2021-09_00000000000000000114,0.4640555938912345,2.3098390160983895,277,9,Wet,2021,2021-09,"{""type"":""MultiPoint"",""coordinates"":[]}"
VHI_M_2021-09_00000000000000000115,0.5205140453415583,2.6367275344067647,278,9,Wet,2021,2021-09,"{""type"":""MultiPoint"",""coordinates"":[]}"
VHI_M_2021-09_00000000000000000116,0.4467782326959619,2.205307041808267,279,9,Wet,2021,2021-09,"{""type"":""MultiPoint"",""coordinates"":[]}"
VHI_M_2021-09_00000000000000000117,0.4241992403884925,2.0334475189396897,280,9,Wet,2021,2021-09,"{""type"":""MultiPoint"",""coordinates"":[]}"
VHI_M_2021-09_00000000000000000167,0.6164116748724795,3.076248759510421,360,9,Wet,2021,2021-09,"{""type"":""MultiPoint"",""coordinates"":[]}"
VHI_M_2021-09_00000000000000000168,0.3206240890536861,1.2690470203671111,361,9,Wet,2021,2021-09,"{""type"":""MultiPoint"",""coordinates"":[]}"
VHI_M_2021-09_00000000000000000169,0.40855961838845256,1.8950297272402015,362,9,Wet,2021,2021-09,"{""type"":""MultiPoint"",""coordinates"":[]}"
VHI_M_2021-09_0000000000000000016a,0.40589944634789504,1.8791417576300313,363,9,Wet,2021,2021-09,"{""type"":""MultiPoint"",""coordinates"":[]}"
VHI_M_2021-09_0000000000000000016b,0.549236988639409,2.8461102256007837,364,9,Wet,2021,2021-09,"{""type"":""MultiPoint"",""coordinates"":[]}"
VHI_M_2021-09_0000000000000000016c,0.3976336498604055,1.8891052133204718,365,9,Wet,2021,2021-09,"{""type"":""MultiPoint"",""coordinates"":[]}"
VHI_M_2021-09_0000000000000000016d,0.4745480380905118,2.340540106092268,366,9,Wet,2021,2021-09,"{""type"":""MultiPoint"",""coordinates"":[]}"
VHI_M_2021-09_000000000000000000cb,0.6748256838560084,3.6340498342423264,204,9,Wet,2021,2021-09,"{""type"":""MultiPoint"",""coordinates"":[]}"
VHI_M_2021-09_000000000000000000eb,15.348138255946552,2.7874578154859497,236,9,Wet,2021,2021-09,"{""type"":""MultiPoint"",""coordinates"":[]}"
VHI_M_2021-09_000000000000000000ec,0.33672988424191,1.6048241850465357,237,9,Wet,2021,2021-09,"{""type"":""MultiPoint"",""coordinates"":[]}"
VHI_M_2021-09_000000000000000000ed,0.40977755233404883,1.905101660405495,238,9,Wet,2021,2021-09,"{""type"":""MultiPoint"",""coordinates"":[]}"
VHI_M_2021-09_000000000000000000ee,0.6068519731407561,3.0920527306967993,239,9,Wet,2021,2021-09,"{""type"":""MultiPoint"",""coordinates"":[]}"
VHI_M_2021-09_000000000000000000ef,0.38509771768392415,1.7396207097817449,240,9,Wet,2021,2021-09,"{""type"":""MultiPoint"",""coordinates"":[]}"
VHI_M_2021-09_00000000000000000146,0.3965796723811351,1.859484250877276,327,9,Wet,2021,2021-09,"{""type"":""MultiPoint"",""coordinates"":[]}"
VHI_M_2021-09_00000000000000000147,8.41976183074174,2.3330331326728913,328,9,Wet,2021,2021-09,"{""type"":""MultiPoint"",""coordinates"":[]}"
VHI_M_2021-09_00000000000000000148,0.3950138069138471,1.844070320105366,329,9,Wet,2021,2021-09,"{""type"":""MultiPoint"",""coordinates"":[]}"
VHI_M_2021-09_0000000000000000015e,0.4811485779649083,2.430634301250027,351,9,Wet,2021,2021-09,"{""type"":""MultiPoint"",""coordinates"":[]}"
VHI_M_2021-09_0000000000000000015f,0.47492236676757055,2.3857091931714667,352,9,Wet,2021,2021-09,"{""type"":""MultiPoint"",""coordinates"":[]}"
VHI_M_2021-09_00000000000000000160,0.42829884386983275,2.0237368158880735,353,9,Wet,2021,2021-09,"{""type"":""MultiPoint"",""coordinates"":[]}"
VHI_M_2021-09_00000000000000000161,0.5234420394777844,2.5747758326216896,354,9,Wet,2021,2021-09,"{""type"":""MultiPoint"",""coordinates"":[]}"
VHI_M_2021-09_00000000000000000162,4.410207250251488,2.4455148576741434,355,9,Wet,2021,2021-09,"{""type"":""MultiPoint"",""coordinates"":[]}"
VHI_M_2021-09_00000000000000000010,0.5455159131067425,2.8547577775750392,17,9,Wet,2021,2021-09,"{""type"":""MultiPoint"",""coordinates"":[]}"
VHI_M_2021-09_00000000000000000121,0.6121692451207614,3.2086995616499947,290,9,Wet,2021,2021-09,"{""type"":""MultiPoint"",""coordinates"":[]}"
VHI_M_2021-09_00000000000000000122,0.658264999792979,2.7560296984590544,291,9,Wet,2021,2021-09,"{""type"":""MultiPoint"",""coordinates"":[]}"
VHI_M_2021-09_00000000000000000123,0.6274088258384292,3.38308507749404,292,9,Wet,2021,2021-09,"{""type"":""MultiPoint"",""coordinates"":[]}"
VHI_M_2021-09_0000000000000000019a,0.4515553303544829,2.282038328391831,411,9,Wet,2021,2021-09,"{""type"":""MultiPoint"",""coordinates"":[]}"
VHI_M_2021-09_0000000000000000019b,0.5226304436267902,2.701350832326298,412,9,Wet,2021,2021-09,"{""type"":""MultiPoint"",""coordinates"":[]}"
VHI_M_2021-09_0000000000000000019c,0.46684698279494014,2.2836586739106464,413,9,Wet,2021,2021-09,"{""type"":""MultiPoint"",""coordinates"":[]}"
VHI_M_2021-09_0000000000000000019d,0.43387651880919725,2.097687086231459,414,9,Wet,2021,2021-09,"{""type"":""MultiPoint"",""coordinates"":[]}"
VHI_M_2021-09_0000000000000000019e,4.098917355585634,2.433421355937151,415,9,Wet,2021,2021-09,"{""type"":""MultiPoint"",""coordinates"":[]}"
VHI_M_2021-09_0000000000000000019f,0.49196848655959174,2.5046979970262897,416,9,Wet,2021,2021-09,"{""type"":""MultiPoint"",""coordinates"":[]}"
VHI_M_2021-09_00000000000000000216,0.5531027964318574,2.847089346521809,535,9,Wet,2021,2021-09,"{""type"":""MultiPoint"",""coordinates"":[]}"
VHI_M_2021-09_00000000000000000217,0.5733495885538875,2.707946556289373,536,9,Wet,2021,2021-09,"{""type"":""MultiPoint"",""coordinates"":[]}"
VHI_M_2021-09_00000000000000000218,0.5004794329621712,2.535089384591046,537,9,Wet,2021,2021-09,"{""type"":""MultiPoint"",""coordinates"":[]}"
VHI_M_2021-09_00000000000000000219,0.5173000306457805,2.757228872341678,538,9,Wet,2021,2021-09,"{""type"":""MultiPoint"",""coordinates"":[]}"
VHI_M_2021-09_0000000000000000021a,8.351785851205255,2.7493650877285436,539,9,Wet,2021,2021-09,"{""type"":""MultiPoint"",""coordinates"":[]}"
VHI_M_2021-09_00000000000000000004,0.41803294621433007,2.1184645175988157,5,9,Wet,2021,2021-09,"{""type"":""MultiPoint"",""coordinates"":[]}"
VHI_M_2021-09_00000000000000000028,0.38906398578583695,1.7897532771714508,41,9,Wet,2021,2021-09,"{""type"":""MultiPoint"",""coordinates"":[]}"
VHI_M_2021-09_00000000000000000029,0.422985334727844,2.000552730907122,42,9,Wet,2021,2021-09,"{""type"":""MultiPoint"",""coordinates"":[]}"
VHI_M_2021-09_0000000000000000002a,0.3721903393630084,1.7028314276347816,43,9,Wet,2021,2021-09,"{""type"":""MultiPoint"",""coordinates"":[]}"
VHI_M_2021-09_0000000000000000002b,0.3914165986530208,1.7954075977683492,44,9,Wet,2021,2021-09,"{""type"":""MultiPoint"",""coordinates"":[]}"
VHI_M_2021-09_000000000000000000a7,0.46302723996306333,2.254179561507372,168,9,Wet,2021,2021-09,"{""type"":""MultiPoint"",""coordinates"":[]}"
VHI_M_2021-09_000000000000000000a8,0.42397428122188413,2.0327449024283415,169,9,Wet,2021,2021-09,"{""type"":""MultiPoint"",""coordinates"":[]}"
VHI_M_2021-09_0000000000000000000c,0.39763531257251605,1.901983080141908,13,9,Wet,2021,2021-09,"{""type"":""MultiPoint"",""coordinates"":[]}"
VHI_M_2021-09_00000000000000000060,0.38053420981191843,1.7139258469718468,97,9,Wet,2021,2021-09,"{""type"":""MultiPoint"",""coordinates"":[]}"
VHI_M_2021-09_00000000000000000061,0.421875749075823,1.9798707554928914,98,9,Wet,2021,2021-09,"{""type"":""MultiPoint"",""coordinates"":[]}"
VHI_M_2021-09_00000000000000000062,0.2985373737619801,1.3058219026271511,99,9,Wet,2021,2021-09,"{""type"":""MultiPoint"",""coordinates"":[]}"
VHI_M_2021-09_00000000000000000063,0.4058209491669411,1.8698038379702446,100,9,Wet,2021,2021-09,"{""type"":""MultiPoint"",""coordinates"":[]}"
VHI_M_2021-09_00000000000000000064,0.4104039126229602,1.9512221681531865,101,9,Wet,2021,2021-09,"{""type"":""MultiPoint"",""coordinates"":[]}"
VHI_M_2021-09_00000000000000000011,0.4796338417928135,2.403453795481131,18,9,Wet,2021,2021-09,"{""type"":""MultiPoint"",""coordinates"":[]}"
VHI_M_2021-09_00000000000000000033,0.48991421487711784,2.4683271826678874,52,9,Wet,2021,2021-09,"{""type"":""MultiPoint"",""coordinates"":[]}"
VHI_M_2021-09_00000000000000000034,0.44065327633312373,2.1012597271434377,53,9,Wet,2021,2021-09,"{""type"":""MultiPoint"",""coordinates"":[]}"
VHI_M_2021-09_000000000000000001b3,0.43614359213042153,2.1051494059230365,436,9,Wet,2021,2021-09,"{""type"":""MultiPoint"",""coordinates"":[]}"
VHI_M_2021-09_000000000000000001b4,0.41734647833411875,1.999205006718451,437,9,Wet,2021,2021-09,"{""type"":""MultiPoint"",""coordinates"":[]}"
VHI_M_2021-09_000000000000000001b5,0.40560263077177966,1.9300183389334769,438,9,Wet,2021,2021-09,"{""type"":""MultiPoint"",""coordinates"":[]}"
VHI_M_2021-09_00000000000000000005,0.4258457685983974,2.1427500681384566,6,9,Wet,2021,2021-09,"{""type"":""MultiPoint"",""coordinates"":[]}"
VHI_M_2021-09_00000000000000000082,0.39891230154173424,1.81653927606436,131,9,Wet,2021,2021-09,"{""type"":""MultiPoint"",""coordinates"":[]}"
VHI_M_2021-09_00000000000000000083,0.4176389068482287,1.9372994386726234,132,9,Wet,2021,2021-09,"{""type"":""MultiPoint"",""coordinates"":[]}"
VHI_M_2021-09_00000000000000000084,0.44707932077587054,2.1953302662880003,133,9,Wet,2021,2021-09,"{""type"":""MultiPoint"",""coordinates"":[]}"
VHI_M_2021-09_00000000000000000085,0.4662253282436546,2.390031514347321,134,9,Wet,2021,2021-09,"{""type"":""MultiPoint"",""coordinates"":[]}"
VHI_M_2021-09_00000000000000000086,0.5077657710130925,2.563806343302157,135,9,Wet,2021,2021-09,"{""type"":""MultiPoint"",""coordinates"":[]}"
VHI_M_2021-09_00000000000000000087,0.5409092139145939,2.822339790084478,136,9,Wet,2021,2021-09,"{""type"":""MultiPoint"",""coordinates"":[]}"
VHI_M_2021-09_0000000000000000010c,0.2884488894931453,1.2821667835634991,269,9,Wet,2021,2021-09,"{""type"":""MultiPoint"",""coordinates"":[]}"
VHI_M_2021-09_0000000000000000010d,0.33959825425645807,1.5443846334657532,270,9,Wet,2021,2021-09,"{""type"":""MultiPoint"",""coordinates"":[]}"
VHI_M_2021-09_0000000000000000010e,0.2995663431477179,1.2696924382653676,271,9,Wet,2021,2021-09,"{""type"":""MultiPoint"",""coordinates"":[]}"
VHI_M_2021-09_0000000000000000010f,0.2701178605175665,1.2621323456379905,272,9,Wet,2021,2021-09,"{""type"":""MultiPoint"",""coordinates"":[]}"
VHI_M_2021-09_00000000000000000110,0.2914316423755282,1.3186224534747033,273,9,Wet,2021,2021-09,"{""type"":""MultiPoint"",""coordinates"":[]}"
VHI_M_2021-09_00000000000000000111,0.3233288919724153,1.4515392854120286,274,9,Wet,2021,2021-09,"{""type"":""MultiPoint"",""coordinates"":[]}"
VHI_M_2021-09_000000000000000001d0,0.4725523020603,2.356697685516584,465,9,Wet,2021,2021-09,"{""type"":""MultiPoint"",""coordinates"":[]}"
VHI_M_2021-09_000000000000000001d1,0.4562000331739592,2.2934179131208445,466,9,Wet,2021,2021-09,"{""type"":""MultiPoint"",""coordinates"":[]}"
VHI_M_2021-09_00000000000000000009,0.4174407526542768,1.9992539725959262,10,9,Wet,2021,2021-09,"{""type"":""MultiPoint"",""coordinates"":[]}"
VHI_M_2021-09_0000000000000000009e,0.3162475002279928,1.326824994899735,159,9,Wet,2021,2021-09,"{""type"":""MultiPoint"",""coordinates"":[]}"
VHI_M_2021-09_0000000000000000009f,0.3158673822861147,1.3913043478260871,160,9,Wet,2021,2021-09,"{""type"":""MultiPoint"",""coordinates"":[]}"
VHI_M_2021-09_00000000000000000154,0.29476692449751896,1.3624517000158016,341,9,Wet,2021,2021-09,"{""type"":""MultiPoint"",""coordinates"":[]}"
VHI_M_2021-09_00000000000000000155,0.26688439298474675,1.2429778062757453,342,9,Wet,2021,2021-09,"{""type"":""MultiPoint"",""coordinates"":[]}"
VHI_M_2021-09_00000000000000000156,0.28114313017828685,1.2801040493954923,343,9,Wet,2021,2021-09,"{""type"":""MultiPoint"",""coordinates"":[]}"
VHI_M_2021-09_00000000000000000157,0.3705497556098537,1.6927888783595781,344,9,Wet,2021,2021-09,"{""type"":""MultiPoint"",""coordinates"":[]}"
VHI_M_2021-09_00000000000000000178,0.303525873794571,1.2604369450367838,377,9,Wet,2021,2021-09,"{""type"":""MultiPoint"",""coordinates"":[]}"
VHI_M_2021-09_00000000000000000179,0.2535819835127872,1.2372510790685873,378,9,Wet,2021,2021-09,"{""type"":""MultiPoint"",""coordinates"":[]}"
VHI_M_2021-09_0000000000000000017a,0.3753556949189261,1.777114756287063,379,9,Wet,2021,2021-09,"{""type"":""MultiPoint"",""coordinates"":[]}"
VHI_M_2021-09_0000000000000000017b,0.09680940912328191,1.0,380,9,Wet,2021,2021-09,"{""type"":""MultiPoint"",""coordinates"":[]}"
VHI_M_2021-09_0000000000000000000f,0.17072760306477727,1.0,16,9,Wet,2021,2021-09,"{""type"":""MultiPoint"",""coordinates"":[]}"
VHI_M_2021-09_00000000000000000040,0.26301110909146314,1.1367197115226018,65,9,Wet,2021,2021-09,"{""type"":""MultiPoint"",""coordinates"":[]}"
VHI_M_2021-09_00000000000000000041,0.4076382472338581,1.8917566551490832,66,9,Wet,2021,2021-09,"{""type"":""MultiPoint"",""coordinates"":[]}"
VHI_M_2021-09_00000000000000000042,0.24295018092592569,1.1146451350015751,67,9,Wet,2021,2021-09,"{""type"":""MultiPoint"",""coordinates"":[]}"
VHI_M_2021-09_00000000000000000043,0.22921010331760053,1.108130152228311,68,9,Wet,2021,2021-09,"{""type"":""MultiPoint"",""coordinates"":[]}"
VHI_M_2021-09_00000000000000000192,0.3316994045572543,1.5078877343437043,403,9,Wet,2021,2021-09,"{""type"":""MultiPoint"",""coordinates"":[]}"
VHI_M_2021-09_00000000000000000193,0.3793989545101077,1.7137782601034324,404,9,Wet,2021,2021-09,"{""type"":""MultiPoint"",""coordinates"":[]}"
VHI_M_2021-09_00000000000000000194,0.4468855440093493,2.1267712758805417,405,9,Wet,2021,2021-09,"{""type"":""MultiPoint"",""coordinates"":[]}"
VHI_M_2021-09_000000000000000001d2,0.3173656195173296,1.2933689703449152,467,9,Wet,2021,2021-09,"{""type"":""MultiPoint"",""coordinates"":[]}"
VHI_M_2021-09_000000000000000001d3,0.3371837785943265,1.507634901371203,468,9,Wet,2021,2021-09,"{""type"":""MultiPoint"",""coordinates"":[]}"
VHI_M_2021-09_000000000000000001d4,0.3109538645392136,1.3302379530366166,469,9,Wet,2021,2021-09,"{""type"":""MultiPoint"",""coordinates"":[]}"
VHI_M_2021-09_000000000000000001d5,0.3189010755839849,1.3961951471841985,470,9,Wet,2021,2021-09,"{""type"":""MultiPoint"",""coordinates"":[]}"
VHI_M_2021-09_000000000000000001d6,0.21931117837542127,1.0000103695177656,471,9,Wet,2021,2021-09,"{""type"":""MultiPoint"",""coordinates"":[]}"
VHI_M_2021-09_000000000000000001d7,0.19860264322169974,1.0324893399187696,472,9,Wet,2021,2021-09,"{""type"":""MultiPoint"",""coordinates"":[]}"
VHI_M_2021-09_00000000000000000069,0.6218377224021441,3.3349563385003442,106,9,Wet,2021,2021-09,"{""type"":""MultiPoint"",""coordinates"":[]}"
VHI_M_2021-09_0000000000000000006a,0.572137267480635,2.9762867031372124,107,9,Wet,2021,2021-09,"{""type"":""MultiPoint"",""coordinates"":[]}"
VHI_M_2021-09_0000000000000000006b,0.5977400283367312,3.159606836020091,108,9,Wet,2021,2021-09,"{""type"":""MultiPoint"",""coordinates"":[]}"
VHI_M_2021-09_0000000000000000006c,0.5718539857430887,2.990884654282216,109,9,Wet,2021,2021-09,"{""type"":""MultiPoint"",""coordinates"":[]}"
VHI_M_2021-09_0000000000000000006d,0.5282636275769842,2.6810559199817123,110,9,Wet,2021,2021-09,"{""type"":""MultiPoint"",""coordinates"":[]}"
VHI_M_2021-09_0000000000000000006e,0.6422758612747299,3.4528731852390266,111,9,Wet,2021,2021-09,"{""type"":""MultiPoint"",""coordinates"":[]}"
VHI_M_2021-09_0000000000000000006f,0.591206028219984,3.1063599266101503,112,9,Wet,2021,2021-09,"{""type"":""MultiPoint"",""coordinates"":[]}"
VHI_M_2021-09_000000000000000000d6,0.37113292920720076,1.63840830449827,215,9,Wet,2021,2021-09,"{""type"":""MultiPoint"",""coordinates"":[]}"
VHI_M_2021-09_0000000000000000013b,0.49904859093828824,2.569171852561034,316,9,Wet,2021,2021-09,"{""type"":""MultiPoint"",""coordinates"":[]}"
VHI_M_2021-09_0000000000000000013c,0.4874866625871955,2.4143418598688533,317,9,Wet,2021,2021-09,"{""type"":""MultiPoint"",""coordinates"":[]}"
VHI_M_2021-09_0000000000000000013d,0.4257336380033535,1.9881163570185287,318,9,Wet,2021,2021-09,"{""type"":""MultiPoint"",""coordinates"":[]}"
VHI_M_2021-09_0000000000000000013e,0.3910019066330283,1.7976852882261292,319,9,Wet,2021,2021-09,"{""type"":""MultiPoint"",""coordinates"":[]}"
VHI_M_2021-09_0000000000000000013f,0.38497381076563697,1.7097554472040226,320,9,Wet,2021,2021-09,"{""type"":""MultiPoint"",""coordinates"":[]}"
VHI_M_2021-09_00000000000000000140,10.301582338592612,2.709731663758344,321,9,Wet,2021,2021-09,"{""type"":""MultiPoint"",""coordinates"":[]}"
VHI_M_2021-09_000000000000000001bc,0.3551324931471031,1.61414597872097,445,9,Wet,2021,2021-09,"{""type"":""MultiPoint"",""coordinates"":[]}"
VHI_M_2021-09_000000000000000001bd,0.46624350438391327,2.2873839807493965,446,9,Wet,2021,2021-09,"{""type"":""MultiPoint"",""coordinates"":[]}"
VHI_M_2021-09_000000000000000001be,0.3880768979796028,1.7541866765176706,447,9,Wet,2021,2021-09,"{""type"":""MultiPoint"",""coordinates"":[]}"
VHI_M_2021-09_000000000000000001bf,0.4262749517013366,2.0046543463381234,448,9,Wet,2021,2021-09,"{""type"":""MultiPoint"",""coordinates"":[]}"
VHI_M_2021-09_000000000000000001c0,0.35759175139681365,1.6020986253417808,449,9,Wet,2021,2021-09,"{""type"":""MultiPoint"",""coordinates"":[]}"
VHI_M_2021-09_00000000000000000006,0.6166859284404327,3.241742609468769,7,9,Wet,2021,2021-09,"{""type"":""MultiPoint"",""coordinates"":[]}"
VHI_M_2021-09_0000000000000000002c,0.5528046948742635,2.863165706896506,45,9,Wet,2021,2021-09,"{""type"":""MultiPoint"",""coordinates"":[]}"
VHI_M_2021-09_0000000000000000002d,0.5634736729786012,2.941956702129275,46,9,Wet,2021,2021-09,"{""type"":""MultiPoint"",""coordinates"":[]}"
VHI_M_2021-09_0000000000000000002e,0.6538604333577837,3.516611669774357,47,9,Wet,2021,2021-09,"{""type"":""MultiPoint"",""coordinates"":[]}"
VHI_M_2021-09_0000000000000000002f,0.5663847540291884,2.9400264172991206,48,9,Wet,2021,2021-09,"{""type"":""MultiPoint"",""coordinates"":[]}"
VHI_M_2021-09_0000000000000000009b,0.6514035988954052,3.512725285553961,156,9,Wet,2021,2021-09,"{""type"":""MultiPoint"",""coordinates"":[]}"
VHI_M_2021-09_0000000000000000009c,0.7014123185559178,3.8395631216177835,157,9,Wet,2021,2021-09,"{""type"":""MultiPoint"",""coordinates"":[]}"
VHI_M_2021-09_0000000000000000009d,0.6572856410240709,3.5394669582954474,158,9,Wet,2021,2021-09,"{""type"":""MultiPoint"",""coordinates"":[]}"
VHI_M_2021-09_000000000000000001b6,0.7396814106356345,4.090159387596612,439,9,Wet,2021,2021-09,"{""type"":""MultiPoint"",""coordinates"":[]}"
VHI_M_2021-09_000000000000000001b7,0.7282789215454148,4.016808861234645,440,9,Wet,2021,2021-09,"{""type"":""MultiPoint"",""coordinates"":[]}"
VHI_M_2021-09_000000000000000001b8,0.6949109515110381,3.8041112148015914,441,9,Wet,2021,2021-09,"{""type"":""MultiPoint"",""coordinates"":[]}"
VHI_M_2021-09_000000000000000001b9,0.64703663789068,3.488486232715758,442,9,Wet,2021,2021-09,"{""type"":""MultiPoint"",""coordinates"":[]}"
VHI_M_2021-09_000000000000000001ba,0.634726365320112,3.398861910599601,443,9,Wet,2021,2021-09,"{""type"":""MultiPoint"",""coordinates"":[]}"
VHI_M_2021-09_000000000000000001bb,0.6734369222206839,3.6595958809858202,444,9,Wet,2021,2021-09,"{""type"":""MultiPoint"",""coordinates"":[]}"
VHI_M_2021-09_00000000000000000221,0.5488852899692722,2.9890994030625486,546,9,Wet,2021,2021-09,"{""type"":""MultiPoint"",""coordinates"":[]}"
VHI_M_2021-09_00000000000000000222,0.635468148281248,3.3949416868251445,547,9,Wet,2021,2021-09,"{""type"":""MultiPoint"",""coordinates"":[]}"
VHI_M_2021-09_00000000000000000223,0.6156352638010277,3.276215045590856,548,9,Wet,2021,2021-09,"{""type"":""MultiPoint"",""coordinates"":[]}"
VHI_M_2021-09_00000000000000000224,0.6640767125189397,3.607154090069725,549,9,Wet,2021,2021-09,"{""type"":""MultiPoint"",""coordinates"":[]}"
VHI_M_2021-09_00000000000000000225,0.6586391381406201,3.5764133556212747,550,9,Wet,2021,2021-09,"{""type"":""MultiPoint"",""coordinates"":[]}"
VHI_M_2021-09_00000000000000000053,0.47248147811788754,2.2968608511922737,84,9,Wet,2021,2021-09,"{""type"":""MultiPoint"",""coordinates"":[]}"
VHI_M_2021-09_00000000000000000054,0.4484932449675184,2.166695787967806,85,9,Wet,2021,2021-09,"{""type"":""MultiPoint"",""coordinates"":[]}"
VHI_M_2021-09_00000000000000000055,0.42845850466233276,1.963248369887374,86,9,Wet,2021,2021-09,"{""type"":""MultiPoint"",""coordinates"":[]}"
VHI_M_2021-09_00000000000000000056,0.5083352508322666,2.573594761050908,87,9,Wet,2021,2021-09,"{""type"":""MultiPoint"",""coordinates"":[]}"
VHI_M_2021-09_00000000000000000057,0.5667637128931085,2.9413758272050146,88,9,Wet,2021,2021-09,"{""type"":""MultiPoint"",""coordinates"":[]}"
VHI_M_2021-09_000000000000000000de,0.6050530365635454,3.217735104536818,223,9,Wet,2021,2021-09,"{""type"":""MultiPoint"",""coordinates"":[]}"
VHI_M_2021-09_000000000000000000df,26.4568461427954,2.614466681156755,224,9,Wet,2021,2021-09,"{""type"":""MultiPoint"",""coordinates"":[]}"
VHI_M_2021-09_000000000000000000e0,3.7586011200164586,2.367088215689345,225,9,Wet,2021,2021-09,"{""type"":""MultiPoint"",""coordinates"":[]}"
VHI_M_2021-09_000000000000000000e1,8.102284214064849,3.0890445720427113,226,9,Wet,2021,2021-09,"{""type"":""MultiPoint"",""coordinates"":[]}"
VHI_M_2021-09_000000000000000000ff,0.5419971822388427,2.754020079993472,256,9,Wet,2021,2021-09,"{""type"":""MultiPoint"",""coordinates"":[]}"
VHI_M_2021-09_0000000000000000011c,0.4745468991415763,2.3405525765700257,285,9,Wet,2021,2021-09,"{""type"":""MultiPoint"",""coordinates"":[]}"
VHI_M_2021-09_0000000000000000011d,0.38468304505846973,1.7136681181667244,286,9,Wet,2021,2021-09,"{""type"":""MultiPoint"",""coordinates"":[]}"
VHI_M_2021-09_0000000000000000011e,0.47022133441010916,2.288047028086217,287,9,Wet,2021,2021-09,"{""type"":""MultiPoint"",""coordinates"":[]}"
VHI_M_2021-09_0000000000000000011f,0.4769036160417487,2.3101415524928903,288,9,Wet,2021,2021-09,"{""type"":""MultiPoint"",""coordinates"":[]}"
VHI_M_2021-09_000000000000000001c4,8.612322217413356,1.9628511725098676,453,9,Wet,2021,2021-09,"{""type"":""MultiPoint"",""coordinates"":[]}"
VHI_M_2021-09_000000000000000001c5,0.438745470688228,2.1118260249658105,454,9,Wet,2021,2021-09,"{""type"":""MultiPoint"",""coordinates"":[]}"
VHI_M_2021-09_000000000000000001c6,0.3881973839036602,1.8149619717986245,455,9,Wet,2021,2021-09,"{""type"":""MultiPoint"",""coordinates"":[]}"
VHI_M_2021-09_00000000000000000003,0.6605674075543443,2.4439384861194333,4,9,Wet,2021,2021-09,"{""type"":""MultiPoint"",""coordinates"":[]}"
VHI_M_2021-09_0000000000000000001b,12.359397462979135,3.7422576832151293,28,9,Wet,2021,2021-09,"{""type"":""MultiPoint"",""coordinates"":[]}"
VHI_M_2021-09_00000000000000000186,64.44079388268112,4.329681664591855,391,9,Wet,2021,2021-09,"{""type"":""MultiPoint"",""coordinates"":[]}"
VHI_M_2021-09_00000000000000000187,0.633561202538018,3.3776597783272897,392,9,Wet,2021,2021-09,"{""type"":""MultiPoint"",""coordinates"":[]}"
VHI_M_2021-09_00000000000000000188,2.950520539617425,3.898176530063733,393,9,Wet,2021,2021-09,"{""type"":""MultiPoint"",""coordinates"":[]}"
VHI_M_2021-09_00000000000000000189,3.5577006505448256,2.799535163424189,394,9,Wet,2021,2021-09,"{""type"":""MultiPoint"",""coordinates"":[]}"
VHI_M_2021-09_0000000000000000018a,0.726715425012428,3.9804368138285446,395,9,Wet,2021,2021-09,"{""type"":""MultiPoint"",""coordinates"":[]}"
VHI_M_2021-09_0000000000000000018f,0.6914868899122978,3.7927156549520773,400,9,Wet,2021,2021-09,"{""type"":""MultiPoint"",""coordinates"":[]}"
VHI_M_2021-09_00000000000000000190,0.5299184689274404,2.727449204089555,401,9,Wet,2021,2021-09,"{""type"":""MultiPoint"",""coordinates"":[]}"
VHI_M_2021-09_0000000000000000021e,0.3847584903904597,1.8849210444834352,543,9,Wet,2021,2021-09,"{""type"":""MultiPoint"",""coordinates"":[]}"
VHI_M_2021-09_0000000000000000021f,0.7192395747317029,3.197415332373713,544,9,Wet,2021,2021-09,"{""type"":""MultiPoint"",""coordinates"":[]}"
VHI_M_2021-09_00000000000000000220,0.5797254067751634,2.9190135785792344,545,9,Wet,2021,2021-09,"{""type"":""MultiPoint"",""coordinates"":[]}"
VHI_M_2021-09_00000000000000000007,0.6054039516720565,3.1780697393651014,8,9,Wet,2021,2021-09,"{""type"":""MultiPoint"",""coordinates"":[]}"
VHI_M_2021-09_0000000000000000000b,0.51815308775503,2.558699831771209,12,9,Wet,2021,2021-09,"{""type"":""MultiPoint"",""coordinates"":[]}"
VHI_M_2021-09_00000000000000000012,0.5777109864706135,3.0143233017143984,19,9,Wet,2021,2021-09,"{""type"":""MultiPoint"",""coordinates"":[]}"
VHI_M_2021-09_00000000000000000013,0.5815162183823347,3.056371100521214,20,9,Wet,2021,2021-09,"{""type"":""MultiPoint"",""coordinates"":[]}"
VHI_M_2021-09_00000000000000000014,0.54741315495355,2.7775318296387264,21,9,Wet,2021,2021-09,"{""type"":""MultiPoint"",""coordinates"":[]}"
VHI_M_2021-09_00000000000000000015,0.4685707160148142,2.3049828817623443,22,9,Wet,2021,2021-09,"{""type"":""MultiPoint"",""coordinates"":[]}"
VHI_M_2021-09_00000000000000000016,0.5651989137935471,2.8616422632212553,23,9,Wet,2021,2021-09,"{""type"":""MultiPoint"",""coordinates"":[]}"
VHI_M_2021-09_00000000000000000183,0.5603535492841321,2.8953307818143483,388,9,Wet,2021,2021-09,"{""type"":""MultiPoint"",""coordinates"":[]}"
VHI_M_2021-09_00000000000000000184,0.579604204156883,3.0343751052679697,389,9,Wet,2021,2021-09,"{""type"":""MultiPoint"",""coordinates"":[]}"
VHI_M_2021-09_00000000000000000185,4.8915738261761215,2.4984997815575336,390,9,Wet,2021,2021-09,"{""type"":""MultiPoint"",""coordinates"":[]}"
VHI_M_2021-09_00000000000000000212,0.5661203421757807,2.836598617056305,531,9,Wet,2021,2021-09,"{""type"":""MultiPoint"",""coordinates"":[]}"
VHI_M_2021-09_00000000000000000213,0.6172945335307718,3.292815211842777,532,9,Wet,2021,2021-09,"{""type"":""MultiPoint"",""coordinates"":[]}"
VHI_M_2021-09_00000000000000000214,0.5129758375549914,2.605192830597561,533,9,Wet,2021,2021-09,"{""type"":""MultiPoint"",""coordinates"":[]}"
VHI_M_2021-09_00000000000000000215,0.5592259839009884,2.890529599790909,534,9,Wet,2021,2021-09,"{""type"":""MultiPoint"",""coordinates"":[]}"
VHI_M_2021-09_0000000000000000005a,75.04021776871748,3.331633053441104,91,9,Wet,2021,2021-09,"{""type"":""MultiPoint"",""coordinates"":[]}"
VHI_M_2021-09_00000000000000000118,53.06927324163508,3.390722690088436,281,9,Wet,2021,2021-09,"{""type"":""MultiPoint"",""coordinates"":[]}"
VHI_M_2021-09_00000000000000000119,8.374291419267134,2.7605332341479523,282,9,Wet,2021,2021-09,"{""type"":""MultiPoint"",""coordinates"":[]}"
VHI_M_2021-09_0000000000000000011a,3.823038129541159,2.981772489096821,283,9,Wet,2021,2021-09,"{""type"":""MultiPoint"",""coordinates"":[]}"
VHI_M_2021-09_0000000000000000011b,0.7457870382069314,4.231646178147106,284,9,Wet,2021,2021-09,"{""type"":""MultiPoint"",""coordinates"":[]}"
VHI_M_2021-09_00000000000000000141,10.154801048085083,2.9150722985395783,322,9,Wet,2021,2021-09,"{""type"":""MultiPoint"",""coordinates"":[]}"
VHI_M_2021-09_00000000000000000142,54.34472472001591,3.960547254427842,323,9,Wet,2021,2021-09,"{""type"":""MultiPoint"",""coordinates"":[]}"
VHI_M_2021-09_00000000000000000143,13.71454060518407,3.315801019191331,324,9,Wet,2021,2021-09,"{""type"":""MultiPoint"",""coordinates"":[]}"
VHI_M_2021-09_00000000000000000144,48.867888090606534,3.432365591059375,325,9,Wet,2021,2021-09,"{""type"":""MultiPoint"",""coordinates"":[]}"
VHI_M_2021-09_00000000000000000145,35.088164640215794,3.3656194640518486,326,9,Wet,2021,2021-09,"{""type"":""MultiPoint"",""coordinates"":[]}"
VHI_M_2021-09_000000000000000001af,85.96938736754558,3.9225259915286848,432,9,Wet,2021,2021-09,"{""type"":""MultiPoint"",""coordinates"":[]}"
VHI_M_2021-09_0000000000000000004b,0.6541509162267507,3.452857195287555,76,9,Wet,2021,2021-09,"{""type"":""MultiPoint"",""coordinates"":[]}"
VHI_M_2021-09_0000000000000000004c,0.6260648309667871,3.289732024409656,77,9,Wet,2021,2021-09,"{""type"":""MultiPoint"",""coordinates"":[]}"
VHI_M_2021-09_0000000000000000004d,0.6885708250845256,3.7744681378127285,78,9,Wet,2021,2021-09,"{""type"":""MultiPoint"",""coordinates"":[]}"
VHI_M_2021-09_0000000000000000004e,0.6191057309556989,3.317293726727395,79,9,Wet,2021,2021-09,"{""type"":""MultiPoint"",""coordinates"":[]}"
VHI_M_2021-09_0000000000000000004f,0.6258797220335057,3.3352811920794383,80,9,Wet,2021,2021-09,"{""type"":""MultiPoint"",""coordinates"":[]}"
VHI_M_2021-09_00000000000000000050,0.6910437153529594,3.659491193737769,81,9,Wet,2021,2021-09,"{""type"":""MultiPoint"",""coordinates"":[]}"
VHI_M_2021-09_00000000000000000051,0.6247481365774599,3.3406092588150633,82,9,Wet,2021,2021-09,"{""type"":""MultiPoint"",""coordinates"":[]}"
VHI_M_2021-09_00000000000000000052,0.5928673818151861,3.071501681532388,83,9,Wet,2021,2021-09,"{""type"":""MultiPoint"",""coordinates"":[]}"
VHI_M_2021-09_000000000000000000aa,0.6141433651948376,3.2287111357136276,171,9,Wet,2021,2021-09,"{""type"":""MultiPoint"",""coordinates"":[]}"
VHI_M_2021-09_000000000000000000ab,0.6236980879019047,3.3237249264694704,172,9,Wet,2021,2021-09,"{""type"":""MultiPoint"",""coordinates"":[]}"
VHI_M_2021-09_000000000000000000ac,0.6522104980085658,3.5153683238309283,173,9,Wet,2021,2021-09,"{""type"":""MultiPoint"",""coordinates"":[]}"
VHI_M_2021-09_000000000000000000ad,0.5897519971460697,3.1059654563528247,174,9,Wet,2021,2021-09,"{""type"":""MultiPoint"",""coordinates"":[]}"
VHI_M_2021-09_000000000000000000ae,0.493862004218487,2.4499725123694343,175,9,Wet,2021,2021-09,"{""type"":""MultiPoint"",""coordinates"":[]}"
VHI_M_2021-09_000000000000000000af,0.5558490673964133,2.8249524111675117,176,9,Wet,2021,2021-09,"{""type"":""MultiPoint"",""coordinates"":[]}"
VHI_M_2021-09_000000000000000000b0,0.7347546235345339,4.20183051917311,177,9,Wet,2021,2021-09,"{""type"":""MultiPoint"",""coordinates"":[]}"
VHI_M_2021-09_000000000000000001c7,0.5906807469797335,3.215468248085001,456,9,Wet,2021,2021-09,"{""type"":""MultiPoint"",""coordinates"":[]}"
VHI_M_2021-09_000000000000000001c8,0.6092577965200545,3.240321280270641,457,9,Wet,2021,2021-09,"{""type"":""MultiPoint"",""coordinates"":[]}"
VHI_M_2021-09_000000000000000001c9,0.5041224849942303,2.5436788792982092,458,9,Wet,2021,2021-09,"{""type"":""MultiPoint"",""coordinates"":[]}"
VHI_M_2021-09_000000000000000001ca,0.6235411452165496,3.251363411006444,459,9,Wet,2021,2021-09,"{""type"":""MultiPoint"",""coordinates"":[]}"
VHI_M_2021-09_0000000000000000020a,0.5565956036938593,2.9281451585084,523,9,Wet,2021,2021-09,"{""type"":""MultiPoint"",""coordinates"":[]}"
VHI_M_2021-09_0000000000000000020b,0.9308420331578019,2.8517912388336084,524,9,Wet,2021,2021-09,"{""type"":""MultiPoint"",""coordinates"":[]}"
VHI_M_2021-09_0000000000000000020c,0.5634256903842063,2.9312603526207908,525,9,Wet,2021,2021-09,"{""type"":""MultiPoint"",""coordinates"":[]}"
VHI_M_2021-09_000000000000000001ab,0.4111391910079644,1.926575530908778,428,9,Wet,2021,2021-09,"{""type"":""MultiPoint"",""coordinates"":[]}"
VHI_M_2021-09_000000000000000001ac,0.37564800852426633,1.6920450633105086,429,9,Wet,2021,2021-09,"{""type"":""MultiPoint"",""coordinates"":[]}"
VHI_M_2021-09_000000000000000001ad,7.9868136203083475,2.308548606390209,430,9,Wet,2021,2021-09,"{""type"":""MultiPoint"",""coordinates"":[]}"
VHI_M_2021-09_000000000000000001ae,45.455033593648835,2.920189411807395,431,9,Wet,2021,2021-09,"{""type"":""MultiPoint"",""coordinates"":[]}"
VHI_M_2021-09_000000000000000001c3,39.00806880477393,2.750469203207644,452,9,Wet,2021,2021-09,"{""type"":""MultiPoint"",""coordinates"":[]}"
VHI_M_2021-09_00000000000000000037,0.34689205153907127,1.5295497347823837,56,9,Wet,2021,2021-09,"{""type"":""MultiPoint"",""coordinates"":[]}"
VHI_M_2021-09_00000000000000000038,0.3904313669125481,1.8027532214118291,57,9,Wet,2021,2021-09,"{""type"":""MultiPoint"",""coordinates"":[]}"
VHI_M_2021-09_00000000000000000039,0.35524596568955324,1.63355656433997,58,9,Wet,2021,2021-09,"{""type"":""MultiPoint"",""coordinates"":[]}"
VHI_M_2021-09_0000000000000000003a,0.34627269066314514,1.5205832162974373,59,9,Wet,2021,2021-09,"{""type"":""MultiPoint"",""coordinates"":[]}"
VHI_M_2021-09_0000000000000000003b,0.3178476452024865,1.3759869691916122,60,9,Wet,2021,2021-09,"{""type"":""MultiPoint"",""coordinates"":[]}"
VHI_M_2021-09_0000000000000000003c,0.46514641774669147,2.295764671474139,61,9,Wet,2021,2021-09,"{""type"":""MultiPoint"",""coordinates"":[]}"
VHI_M_2021-09_0000000000000000003d,0.46430597875941865,2.3346758407972006,62,9,Wet,2021,2021-09,"{""type"":""MultiPoint"",""coordinates"":[]}"
VHI_M_2021-09_0000000000000000003e,10.359930883129229,2.2134755732933367,63,9,Wet,2021,2021-09,"{""type"":""MultiPoint"",""coordinates"":[]}"
VHI_M_2021-09_0000000000000000003f,0.48655857297455085,2.452831358378942,64,9,Wet,2021,2021-09,"{""type"":""MultiPoint"",""coordinates"":[]}"
VHI_M_2021-09_00000000000000000044,0.3002239020437588,1.2874146828699848,69,9,Wet,2021,2021-09,"{""type"":""MultiPoint"",""coordinates"":[]}"
VHI_M_2021-09_00000000000000000076,0.4551550574261221,2.1820640085474228,119,9,Wet,2021,2021-09,"{""type"":""MultiPoint"",""coordinates"":[]}"
VHI_M_2021-09_00000000000000000077,5.730164852338516,2.002889755011137,120,9,Wet,2021,2021-09,"{""type"":""MultiPoint"",""coordinates"":[]}"
VHI_M_2021-09_00000000000000000078,0.48409835574454096,2.3893198923230803,121,9,Wet,2021,2021-09,"{""type"":""MultiPoint"",""coordinates"":[]}"
VHI_M_2021-09_00000000000000000079,0.45330769418726696,2.215384615384615,122,9,Wet,2021,2021-09,"{""type"":""MultiPoint"",""coordinates"":[]}"
VHI_M_2021-09_0000000000000000008b,0.2979191701131384,2.071408775981524,140,9,Wet,2021,2021-09,"{""type"":""MultiPoint"",""coordinates"":[]}"
VHI_M_2021-09_0000000000000000008c,2.8656318785527977,3.541333069942015,141,9,Wet,2021,2021-09,"{""type"":""MultiPoint"",""coordinates"":[]}"
VHI_M_2021-09_0000000000000000008d,11.31523301313469,3.29901960784314,142,9,Wet,2021,2021-09,"{""type"":""MultiPoint"",""coordinates"":[]}"
VHI_M_2021-09_0000000000000000008e,0.5804405486261459,3.024837603389147,143,9,Wet,2021,2021-09,"{""type"":""MultiPoint"",""coordinates"":[]}"
VHI_M_2021-09_0000000000000000008f,0.3588783953419236,1.55640243902439,144,9,Wet,2021,2021-09,"{""type"":""MultiPoint"",""coordinates"":[]}"
VHI_M_2021-09_00000000000000000090,0.44476634358107536,2.201813302976093,145,9,Wet,2021,2021-09,"{""type"":""MultiPoint"",""coordinates"":[]}"
VHI_M_2021-09_00000000000000000091,0.41699646025959436,1.950900393922341,146,9,Wet,2021,2021-09,"{""type"":""MultiPoint"",""coordinates"":[]}"
VHI_M_2021-09_000000000000000000b5,36.24947715904016,3.8970625156916894,182,9,Wet,2021,2021-09,"{""type"":""MultiPoint"",""coordinates"":[]}"
VHI_M_2021-09_000000000000000000cc,9.050979127512079,3.7578406310986527,205,9,Wet,2021,2021-09,"{""type"":""MultiPoint"",""coordinates"":[]}"
VHI_M_2021-09_000000000000000000cd,0.7920381009390055,2.5890591631808775,206,9,Wet,2021,2021-09,"{""type"":""MultiPoint"",""coordinates"":[]}"
VHI_M_2021-09_000000000000000001dd,0.7720081849329644,4.253450469072986,478,9,Wet,2021,2021-09,"{""type"":""MultiPoint"",""coordinates"":[]}"
VHI_M_2021-09_000000000000000001de,0.7624946134723494,4.251947759196376,479,9,Wet,2021,2021-09,"{""type"":""MultiPoint"",""coordinates"":[]}"
VHI_M_2021-09_000000000000000001df,0.5877711716854915,3.055449235326423,480,9,Wet,2021,2021-09,"{""type"":""MultiPoint"",""coordinates"":[]}"
VHI_M_2021-09_000000000000000001e0,0.7518989177088444,4.197854048045732,481,9,Wet,2021,2021-09,"{""type"":""MultiPoint"",""coordinates"":[]}"
VHI_M_2021-09_000000000000000001e1,0.8236452221083713,4.673670636425702,482,9,Wet,2021,2021-09,"{""type"":""MultiPoint"",""coordinates"":[]}"
VHI_M_2021-09_0000000000000000007a,0.5542318725790548,2.8231019019638164,123,9,Wet,2021,2021-09,"{""type"":""MultiPoint"",""coordinates"":[]}"
VHI_M_2021-09_0000000000000000007b,0.48845925906933535,2.4514947661850046,124,9,Wet,2021,2021-09,"{""type"":""MultiPoint"",""coordinates"":[]}"
VHI_M_2021-09_0000000000000000007c,0.5313054545001092,2.723391696929827,125,9,Wet,2021,2021-09,"{""type"":""MultiPoint"",""coordinates"":[]}"
VHI_M_2021-09_0000000000000000007d,0.4252799570871581,2.011799966760657,126,9,Wet,2021,2021-09,"{""type"":""MultiPoint"",""coordinates"":[]}"
VHI_M_2021-09_0000000000000000007e,19.395700965392315,2.749910111461786,127,9,Wet,2021,2021-09,"{""type"":""MultiPoint"",""coordinates"":[]}"
VHI_M_2021-09_0000000000000000007f,13.877236140042974,2.56766092610055,128,9,Wet,2021,2021-09,"{""type"":""MultiPoint"",""coordinates"":[]}"
VHI_M_2021-09_00000000000000000080,0.5072785328377633,2.542829942526709,129,9,Wet,2021,2021-09,"{""type"":""MultiPoint"",""coordinates"":[]}"
VHI_M_2021-09_00000000000000000088,4.368352330139309,1.6364362445589236,137,9,Wet,2021,2021-09,"{""type"":""MultiPoint"",""coordinates"":[]}"
VHI_M_2021-09_00000000000000000089,0.37856606089754347,1.6782025364833195,138,9,Wet,2021,2021-09,"{""type"":""MultiPoint"",""coordinates"":[]}"
VHI_M_2021-09_0000000000000000008a,0.3883071404440802,1.7924802331649565,139,9,Wet,2021,2021-09,"{""type"":""MultiPoint"",""coordinates"":[]}"
VHI_M_2021-09_00000000000000000099,0.529333381518977,2.7478415614581078,154,9,Wet,2021,2021-09,"{""type"":""MultiPoint"",""coordinates"":[]}"
VHI_M_2021-09_0000000000000000009a,3.3283746065167126,2.465121102544856,155,9,Wet,2021,2021-09,"{""type"":""MultiPoint"",""coordinates"":[]}"
VHI_M_2021-09_00000000000000000112,0.41248768998198426,1.8219397686934622,275,9,Wet,2021,2021-09,"{""type"":""MultiPoint"",""coordinates"":[]}"
VHI_M_2021-09_000000000000000001d8,0.46936993750149125,2.4160013784389185,473,9,Wet,2021,2021-09,"{""type"":""MultiPoint"",""coordinates"":[]}"
VHI_M_2021-09_00000000000000000001,0.7390754477930754,4.0878853046594985,2,9,Wet,2021,2021-09,"{""type"":""MultiPoint"",""coordinates"":[]}"
VHI_M_2021-09_00000000000000000030,0.4644108566460529,2.311007983765458,49,9,Wet,2021,2021-09,"{""type"":""MultiPoint"",""coordinates"":[]}"
VHI_M_2021-09_00000000000000000031,0.4536234719927812,2.2322831741679026,50,9,Wet,2021,2021-09,"{""type"":""MultiPoint"",""coordinates"":[]}"
VHI_M_2021-09_00000000000000000032,0.41061174583601734,2.0803451503927715,51,9,Wet,2021,2021-09,"{""type"":""MultiPoint"",""coordinates"":[]}"
VHI_M_2021-09_000000000000000000d7,0.5684804497327035,2.9199393023532894,216,9,Wet,2021,2021-09,"{""type"":""MultiPoint"",""coordinates"":[]}"
VHI_M_2021-09_000000000000000000d8,0.6102184656789115,3.216187064505195,217,9,Wet,2021,2021-09,"{""type"":""MultiPoint"",""coordinates"":[]}"
VHI_M_2021-09_000000000000000000d9,0.5087289343010986,2.563612705237392,218,9,Wet,2021,2021-09,"{""type"":""MultiPoint"",""coordinates"":[]}"
VHI_M_2021-09_000000000000000000da,0.45627566169905615,2.244888178913738,219,9,Wet,2021,2021-09,"{""type"":""MultiPoint"",""coordinates"":[]}"
VHI_M_2021-09_00000000000000000132,0.6029077028314407,3.1920115208170223,307,9,Wet,2021,2021-09,"{""type"":""MultiPoint"",""coordinates"":[]}"
VHI_M_2021-09_00000000000000000133,81.67980741025559,3.1257286547033964,308,9,Wet,2021,2021-09,"{""type"":""MultiPoint"",""coordinates"":[]}"
VHI_M_2021-09_00000000000000000134,0.60758785888473,3.2173344351833095,309,9,Wet,2021,2021-09,"{""type"":""MultiPoint"",""coordinates"":[]}"
VHI_M_2021-09_00000000000000000135,24.684034472423377,3.3946589198402526,310,9,Wet,2021,2021-09,"{""type"":""MultiPoint"",""coordinates"":[]}"
VHI_M_2021-09_0000000000000000001f,0.4858957925270914,2.4159555779153017,32,9,Wet,2021,2021-09,"{""type"":""MultiPoint"",""coordinates"":[]}"
VHI_M_2021-09_00000000000000000020,0.39852719309045653,1.819595950068745,33,9,Wet,2021,2021-09,"{""type"":""MultiPoint"",""coordinates"":[]}"
VHI_M_2021-09_00000000000000000021,0.3905256284436196,1.8005854005987552,34,9,Wet,2021,2021-09,"{""type"":""MultiPoint"",""coordinates"":[]}"
VHI_M_2021-09_00000000000000000045,0.5159536904676486,2.6156298780670935,70,9,Wet,2021,2021-09,"{""type"":""MultiPoint"",""coordinates"":[]}"
VHI_M_2021-09_00000000000000000046,0.6361325614962566,3.3973985198475,71,9,Wet,2021,2021-09,"{""type"":""MultiPoint"",""coordinates"":[]}"
VHI_M_2021-09_00000000000000000047,0.5866022577298201,3.102297672306178,72,9,Wet,2021,2021-09,"{""type"":""MultiPoint"",""coordinates"":[]}"
VHI_M_2021-09_00000000000000000048,0.528221041546365,2.6958171364949566,73,9,Wet,2021,2021-09,"{""type"":""MultiPoint"",""coordinates"":[]}"
VHI_M_2021-09_00000000000000000072,0.4728236594554458,2.3222846097647145,115,9,Wet,2021,2021-09,"{""type"":""MultiPoint"",""coordinates"":[]}"
VHI_M_2021-09_00000000000000000073,0.46539036094106495,2.263536486362159,116,9,Wet,2021,2021-09,"{""type"":""MultiPoint"",""coordinates"":[]}"
VHI_M_2021-09_00000000000000000074,0.5657651535524039,2.941683344087081,117,9,Wet,2021,2021-09,"{""type"":""MultiPoint"",""coordinates"":[]}"
VHI_M_2021-09_00000000000000000075,0.44485140350356445,2.1261404907432007,118,9,Wet,2021,2021-09,"{""type"":""MultiPoint"",""coordinates"":[]}"
VHI_M_2021-09_000000000000000000b4,0.43369455662250556,2.0973119957205895,181,9,Wet,2021,2021-09,"{""type"":""MultiPoint"",""coordinates"":[]}"
VHI_M_2021-09_000000000000000000e8,0.31678298347341755,1.3822679360761643,233,9,Wet,2021,2021-09,"{""type"":""MultiPoint"",""coordinates"":[]}"
VHI_M_2021-09_000000000000000000e9,0.41568004131734415,1.9463124712431692,234,9,Wet,2021,2021-09,"{""type"":""MultiPoint"",""coordinates"":[]}"
VHI_M_2021-09_000000000000000000ea,0.6006818459570583,3.1695162634234135,235,9,Wet,2021,2021-09,"{""type"":""MultiPoint"",""coordinates"":[]}"
VHI_M_2021-09_00000000000000000022,0.3773566177255866,1.6338840763434055,35,9,Wet,2021,2021-09,"{""type"":""MultiPoint"",""coordinates"":[]}"
VHI_M_2021-09_00000000000000000023,0.41588068523501187,1.9699251164642562,36,9,Wet,2021,2021-09,"{""type"":""MultiPoint"",""coordinates"":[]}"
VHI_M_2021-09_00000000000000000024,0.4326425391171958,2.0477505077703553,37,9,Wet,2021,2021-09,"{""type"":""MultiPoint"",""coordinates"":[]}"
VHI_M_2021-09_00000000000000000025,0.337316945488634,1.4453362250443558,38,9,Wet,2021,2021-09,"{""type"":""MultiPoint"",""coordinates"":[]}"
VHI_M_2021-09_000000000000000000f0,0.426837146318814,2.0281574770900526,241,9,Wet,2021,2021-09,"{""type"":""MultiPoint"",""coordinates"":[]}"
VHI_M_2021-09_000000000000000000f4,0.4261053203167782,2.0072207345744353,245,9,Wet,2021,2021-09,"{""type"":""MultiPoint"",""coordinates"":[]}"
VHI_M_2021-09_000000000000000000f5,0.46294304644348044,2.2875445261084018,246,9,Wet,2021,2021-09,"{""type"":""MultiPoint"",""coordinates"":[]}"
VHI_M_2021-09_000000000000000000f6,0.5126263357792001,2.5831068987866264,247,9,Wet,2021,2021-09,"{""type"":""MultiPoint"",""coordinates"":[]}"
VHI_M_2021-09_000000000000000000f7,0.35962962547595206,1.4941658137154548,248,9,Wet,2021,2021-09,"{""type"":""MultiPoint"",""coordinates"":[]}"
VHI_M_2021-09_000000000000000000f8,0.32592781183043634,1.3367161024484173,249,9,Wet,2021,2021-09,"{""type"":""MultiPoint"",""coordinates"":[]}"
VHI_M_2021-09_00000000000000000000,0.25263676499934584,1.34010743769009,1,9,Wet,2021,2021-09,"{""type"":""MultiPoint"",""coordinates"":[]}"
VHI_M_2021-09_000000000000000000f2,0.41302386817033027,1.94142213124741,243,9,Wet,2021,2021-09,"{""type"":""MultiPoint"",""coordinates"":[]}"
VHI_M_2021-09_000000000000000000f3,0.29430782583629334,1.2743535472985696,244,9,Wet,2021,2021-09,"{""type"":""MultiPoint"",""coordinates"":[]}"
VHI_M_2021-09_00000000000000000106,0.3001201143983266,1.216788290642969,263,9,Wet,2021,2021-09,"{""type"":""MultiPoint"",""coordinates"":[]}"
VHI_M_2021-09_00000000000000000107,0.36980193104388587,1.627990110638796,264,9,Wet,2021,2021-09,"{""type"":""MultiPoint"",""coordinates"":[]}"
VHI_M_2021-09_00000000000000000108,0.3262156727632624,1.284332802786723,265,9,Wet,2021,2021-09,"{""type"":""MultiPoint"",""coordinates"":[]}"
VHI_M_2021-09_0000000000000000012c,0.4026291308673569,1.870983104756538,301,9,Wet,2021,2021-09,"{""type"":""MultiPoint"",""coordinates"":[]}"
VHI_M_2021-09_0000000000000000012d,0.38829058145294953,1.7496047980141403,302,9,Wet,2021,2021-09,"{""type"":""MultiPoint"",""coordinates"":[]}"
VHI_M_2021-09_0000000000000000012e,0.3868271242548389,1.7578434725097982,303,9,Wet,2021,2021-09,"{""type"":""MultiPoint"",""coordinates"":[]}"
VHI_M_2021-09_000000000000000000a5,0.4910642664521563,2.403989253089734,166,9,Wet,2021,2021-09,"{""type"":""MultiPoint"",""coordinates"":[]}"
VHI_M_2021-09_000000000000000000a6,0.3926050117442299,1.8289858339379688,167,9,Wet,2021,2021-09,"{""type"":""MultiPoint"",""coordinates"":[]}"
VHI_M_2021-09_000000000000000000c1,45.84939320176571,2.8504527005931943,194,9,Wet,2021,2021-09,"{""type"":""MultiPoint"",""coordinates"":[]}"
VHI_M_2021-09_00000000000000000120,2.723534416504808,2.6917042557364192,289,9,Wet,2021,2021-09,"{""type"":""MultiPoint"",""coordinates"":[]}"
VHI_M_2021-09_000000000000000001d9,5.4866040772999565,2.195331669731654,474,9,Wet,2021,2021-09,"{""type"":""MultiPoint"",""coordinates"":[]}"
VHI_M_2021-09_000000000000000001da,0.39540622018993093,1.8353233076797846,475,9,Wet,2021,2021-09,"{""type"":""MultiPoint"",""coordinates"":[]}"
VHI_M_2021-09_000000000000000001db,0.3970073837302658,1.842746013471826,476,9,Wet,2021,2021-09,"{""type"":""MultiPoint"",""coordinates"":[]}"
VHI_M_2021-09_000000000000000001dc,0.3289580047485612,1.4596828233191872,477,9,Wet,2021,2021-09,"{""type"":""MultiPoint"",""coordinates"":[]}"
VHI_M_2021-09_000000000000000001e2,54.66805969950237,3.3251599147121538,483,9,Wet,2021,2021-09,"{""type"":""MultiPoint"",""coordinates"":[]}"
VHI_M_2021-09_000000000000000001e3,4.5166473241965335,2.3568837609230333,484,9,Wet,2021,2021-09,"{""type"":""MultiPoint"",""coordinates"":[]}"
VHI_M_2021-09_000000000000000001e4,80.49155718956634,2.9491223258365324,485,9,Wet,2021,2021-09,"{""type"":""MultiPoint"",""coordinates"":[]}"
VHI_M_2021-09_000000000000000001e5,26.51693935125538,2.0447928994082845,486,9,Wet,2021,2021-09,"{""type"":""MultiPoint"",""coordinates"":[]}"
VHI_M_2021-09_000000000000000001e6,1.1345750334411349,2.7956018986063436,487,9,Wet,2021,2021-09,"{""type"":""MultiPoint"",""coordinates"":[]}"
VHI_M_2021-09_000000000000000001e7,16.00123767482614,2.605391048530871,488,9,Wet,2021,2021-09,"{""type"":""MultiPoint"",""coordinates"":[]}"
VHI_M_2021-09_000000000000000001e8,0.44485978991498326,2.0390520821427205,489,9,Wet,2021,2021-09,"{""type"":""MultiPoint"",""coordinates"":[]}"
VHI_M_2021-09_000000000000000001e9,58.719092127806434,3.151352668778942,490,9,Wet,2021,2021-09,"{""type"":""MultiPoint"",""coordinates"":[]}"
VHI_M_2021-09_000000000000000000e2,0.4910336517482694,2.4361644186717055,227,9,Wet,2021,2021-09,"{""type"":""MultiPoint"",""coordinates"":[]}"
VHI_M_2021-09_000000000000000000e3,0.6125079886665372,3.29547623371054,228,9,Wet,2021,2021-09,"{""type"":""MultiPoint"",""coordinates"":[]}"
VHI_M_2021-09_000000000000000000e4,25.320522446451236,3.1535596026490063,229,9,Wet,2021,2021-09,"{""type"":""MultiPoint"",""coordinates"":[]}"
VHI_M_2021-09_000000000000000000e5,1.3062163568799667,3.458454414665052,230,9,Wet,2021,2021-09,"{""type"":""MultiPoint"",""coordinates"":[]}"
VHI_M_2021-09_000000000000000000e6,0.6161086694533083,3.4463330786860205,231,9,Wet,2021,2021-09,"{""type"":""MultiPoint"",""coordinates"":[]}"
VHI_M_2021-09_000000000000000000e7,0.4479972949585615,2.1818560133166875,232,9,Wet,2021,2021-09,"{""type"":""MultiPoint"",""coordinates"":[]}"
VHI_M_2021-09_0000000000000000017f,0.47854973762201153,2.3649003601818226,384,9,Wet,2021,2021-09,"{""type"":""MultiPoint"",""coordinates"":[]}"
VHI_M_2021-09_00000000000000000180,0.45263010952211613,2.2338071049327497,385,9,Wet,2021,2021-09,"{""type"":""MultiPoint"",""coordinates"":[]}"
VHI_M_2021-09_00000000000000000203,0.2856374399600813,1.2641404179865718,516,9,Wet,2021,2021-09,"{""type"":""MultiPoint"",""coordinates"":[]}"
VHI_M_2021-09_00000000000000000204,0.3554795141580187,1.603332388778691,517,9,Wet,2021,2021-09,"{""type"":""MultiPoint"",""coordinates"":[]}"
VHI_M_2021-09_00000000000000000205,0.5827675224984883,3.068320447693648,518,9,Wet,2021,2021-09,"{""type"":""MultiPoint"",""coordinates"":[]}"
VHI_M_2021-09_00000000000000000206,0.5370257093137388,2.783267535989153,519,9,Wet,2021,2021-09,"{""type"":""MultiPoint"",""coordinates"":[]}"
VHI_M_2021-09_00000000000000000207,0.5503396639799594,2.840879584550471,520,9,Wet,2021,2021-09,"{""type"":""MultiPoint"",""coordinates"":[]}"
VHI_M_2021-09_00000000000000000208,0.2410220013989903,1.3666469106534298,521,9,Wet,2021,2021-09,"{""type"":""MultiPoint"",""coordinates"":[]}"
VHI_M_2021-09_00000000000000000209,0.39453840121542083,2.0656193431600727,522,9,Wet,2021,2021-09,"{""type"":""MultiPoint"",""coordinates"":[]}"
VHI_M_2021-09_0000000000000000000e,0.6114409502906565,3.218387306505831,15,9,Wet,2021,2021-09,"{""type"":""MultiPoint"",""coordinates"":[]}"
VHI_M_2021-09_00000000000000000124,0.530588105339147,2.681802305274188,293,9,Wet,2021,2021-09,"{""type"":""MultiPoint"",""coordinates"":[]}"
VHI_M_2021-09_00000000000000000125,13.463737400127608,2.268903466288166,294,9,Wet,2021,2021-09,"{""type"":""MultiPoint"",""coordinates"":[]}"
VHI_M_2021-09_00000000000000000126,0.3106376426226738,1.4103884235463944,295,9,Wet,2021,2021-09,"{""type"":""MultiPoint"",""coordinates"":[]}"
VHI_M_2021-09_00000000000000000127,0.5780150858860951,3.041279788232592,296,9,Wet,2021,2021-09,"{""type"":""MultiPoint"",""coordinates"":[]}"
VHI_M_2021-09_00000000000000000128,0.4644520684467111,2.471126864569488,297,9,Wet,2021,2021-09,"{""type"":""MultiPoint"",""coordinates"":[]}"
VHI_M_2021-09_00000000000000000129,0.44289208783168954,2.1934993242584837,298,9,Wet,2021,2021-09,"{""type"":""MultiPoint"",""coordinates"":[]}"
VHI_M_2021-09_0000000000000000012a,0.36178133529404327,1.599983084314931,299,9,Wet,2021,2021-09,"{""type"":""MultiPoint"",""coordinates"":[]}"
VHI_M_2021-09_0000000000000000012b,0.4373156994212613,2.1029168769574325,300,9,Wet,2021,2021-09,"{""type"":""MultiPoint"",""coordinates"":[]}"
VHI_M_2021-09_00000000000000000174,0.5220113384936893,2.64653708668454,373,9,Wet,2021,2021-09,"{""type"":""MultiPoint"",""coordinates"":[]}"
VHI_M_2021-09_00000000000000000175,0.41218652143174983,1.9186603744306407,374,9,Wet,2021,2021-09,"{""type"":""MultiPoint"",""coordinates"":[]}"
VHI_M_2021-09_00000000000000000176,0.5829930994423868,3.020412314100687,375,9,Wet,2021,2021-09,"{""type"":""MultiPoint"",""coordinates"":[]}"
VHI_M_2021-09_00000000000000000177,0.6119917669868769,3.2652872206163703,376,9,Wet,2021,2021-09,"{""type"":""MultiPoint"",""coordinates"":[]}"
VHI_M_2021-09_00000000000000000195,0.5860196135959947,3.089077556028727,406,9,Wet,2021,2021-09,"{""type"":""MultiPoint"",""coordinates"":[]}"
VHI_M_2021-09_00000000000000000196,0.6599189463237756,3.559789587934082,407,9,Wet,2021,2021-09,"{""type"":""MultiPoint"",""coordinates"":[]}"
VHI_M_2021-09_00000000000000000197,3.3251689986827397,2.9641656375589824,408,9,Wet,2021,2021-09,"{""type"":""MultiPoint"",""coordinates"":[]}"
VHI_M_2021-09_00000000000000000198,0.5655701946136944,2.967120440611036,409,9,Wet,2021,2021-09,"{""type"":""MultiPoint"",""coordinates"":[]}"
VHI_M_2021-09_00000000000000000199,0.5869611432631947,3.1181077260834265,410,9,Wet,2021,2021-09,"{""type"":""MultiPoint"",""coordinates"":[]}"
VHI_M_2021-09_00000000000000000035,0.4326258271004979,2.1774834437086095,54,9,Wet,2021,2021-09,"{""type"":""MultiPoint"",""coordinates"":[]}"
VHI_M_2021-09_000000000000000000ce,0.5622730496619708,2.869277168856596,207,9,Wet,2021,2021-09,"{""type"":""MultiPoint"",""coordinates"":[]}"
VHI_M_2021-09_000000000000000000cf,0.5893788454095682,3.028232339598188,208,9,Wet,2021,2021-09,"{""type"":""MultiPoint"",""coordinates"":[]}"
VHI_M_2021-09_000000000000000000d0,3.276624297039341,2.4715170918764304,209,9,Wet,2021,2021-09,"{""type"":""MultiPoint"",""coordinates"":[]}"
VHI_M_2021-09_000000000000000000d1,27.169265794736535,2.731460112273777,210,9,Wet,2021,2021-09,"{""type"":""MultiPoint"",""coordinates"":[]}"
VHI_M_2021-09_000000000000000001ea,0.47367342089046693,2.3174119256745898,491,9,Wet,2021,2021-09,"{""type"":""MultiPoint"",""coordinates"":[]}"
VHI_M_2021-09_000000000000000001eb,0.46982446932316296,2.325152995872672,492,9,Wet,2021,2021-09,"{""type"":""MultiPoint"",""coordinates"":[]}"
VHI_M_2021-09_000000000000000001ec,0.3978023868963529,1.808248362149648,493,9,Wet,2021,2021-09,"{""type"":""MultiPoint"",""coordinates"":[]}"
VHI_M_2021-09_000000000000000001ed,0.5078160091322906,2.5582997712633833,494,9,Wet,2021,2021-09,"{""type"":""MultiPoint"",""coordinates"":[]}"
VHI_M_2021-09_000000000000000001f4,8.91486782441687,2.5682470156389776,501,9,Wet,2021,2021-09,"{""type"":""MultiPoint"",""coordinates"":[]}"
VHI_M_2021-09_000000000000000001f5,0.45080052903338297,2.313123883576757,502,9,Wet,2021,2021-09,"{""type"":""MultiPoint"",""coordinates"":[]}"
VHI_M_2021-09_000000000000000001f6,0.5101771299715668,2.5824100670222965,503,9,Wet,2021,2021-09,"{""type"":""MultiPoint"",""coordinates"":[]}"
VHI_M_2021-09_000000000000000001f7,50.19688908725995,2.8520605303055544,504,9,Wet,2021,2021-09,"{""type"":""MultiPoint"",""coordinates"":[]}"
VHI_M_2021-09_000000000000000001f8,0.5498757552348799,2.815142323614557,505,9,Wet,2021,2021-09,"{""type"":""MultiPoint"",""coordinates"":[]}"
VHI_M_2021-09_000000000000000001f9,0.5373701213666349,2.7611312641479047,506,9,Wet,2021,2021-09,"{""type"":""MultiPoint"",""coordinates"":[]}"
VHI_M_2021-09_000000000000000001fa,25.820484914711994,2.120865769834736,507,9,Wet,2021,2021-09,"{""type"":""MultiPoint"",""coordinates"":[]}"
VHI_M_2021-09_000000000000000001fb,7.856316885335046,2.431659222604245,508,9,Wet,2021,2021-09,"{""type"":""MultiPoint"",""coordinates"":[]}"
VHI_M_2021-09_000000000000000001fc,0.3019422277234864,1.5173361389403595,509,9,Wet,2021,2021-09,"{""type"":""MultiPoint"",""coordinates"":[]}"
VHI_M_2021-09_000000000000000001fd,0.4442877060186258,2.116367869270579,510,9,Wet,2021,2021-09,"{""type"":""MultiPoint"",""coordinates"":[]}"
VHI_M_2021-09_00000000000000000049,0.43078809921710876,2.1791868395023153,74,9,Wet,2021,2021-09,"{""type"":""MultiPoint"",""coordinates"":[]}"
VHI_M_2021-09_0000000000000000004a,37.25737997085821,2.5966952731325907,75,9,Wet,2021,2021-09,"{""type"":""MultiPoint"",""coordinates"":[]}"
VHI_M_2021-09_000000000000000000fd,71.31672912774668,3.0926695526695527,254,9,Wet,2021,2021-09,"{""type"":""MultiPoint"",""coordinates"":[]}"
VHI_M_2021-09_000000000000000000fe,5.864986641960879,2.3613982067422485,255,9,Wet,2021,2021-09,"{""type"":""MultiPoint"",""coordinates"":[]}"
VHI_M_2021-09_00000000000000000191,0.39027449665079855,1.9763186221743811,402,9,Wet,2021,2021-09,"{""type"":""MultiPoint"",""coordinates"":[]}"
VHI_M_2021-09_0000000000000000016e,18.882218424225204,2.58313048125744,367,9,Wet,2021,2021-09,"{""type"":""MultiPoint"",""coordinates"":[]}"
VHI_M_2021-09_0000000000000000016f,0.5242569373369232,2.6750782248756733,368,9,Wet,2021,2021-09,"{""type"":""MultiPoint"",""coordinates"":[]}"
VHI_M_2021-09_00000000000000000170,0.4504685497706461,2.251819812216481,369,9,Wet,2021,2021-09,"{""type"":""MultiPoint"",""coordinates"":[]}"
VHI_M_2021-09_00000000000000000181,35.82325602661046,2.740469051188694,386,9,Wet,2021,2021-09,"{""type"":""MultiPoint"",""coordinates"":[]}"
VHI_M_2021-09_00000000000000000182,0.47259002028563946,2.2938082975251164,387,9,Wet,2021,2021-09,"{""type"":""MultiPoint"",""coordinates"":[]}"
VHI_M_2021-09_00000000000000000228,0.43974046386193777,2.086490088289188,553,9,Wet,2021,2021-09,"{""type"":""MultiPoint"",""coordinates"":[]}"
VHI_M_2021-10_00000000000000000017,46.34573922806463,1.7268052281979858,24,10,Wet,2021,2021-10,"{""type"":""MultiPoint"",""coordinates"":[]}"
VHI_M_2021-10_00000000000000000018,232.37235395944978,4.65902206836867,25,10,Wet,2021,2021-10,"{""type"":""MultiPoint"",""coordinates"":[]}"
VHI_M_2021-10_00000000000000000019,29.933445206878872,1.5849130096078945,26,10,Wet,2021,2021-10,"{""type"":""MultiPoint"",""coordinates"":[]}"
VHI_M_2021-10_0000000000000000001a,13.44814847622744,1.3486263548980846,27,10,Wet,2021,2021-10,"{""type"":""MultiPoint"",""coordinates"":[]}"
VHI_M_2021-10_0000000000000000005b,160.20524311692054,3.810212617636806,92,10,Wet,2021,2021-10,"{""type"":""MultiPoint"",""coordinates"":[]}"
VHI_M_2021-10_0000000000000000005c,60.05459175675315,1.9437662597558536,93,10,Wet,2021,2021-10,"{""type"":""MultiPoint"",""coordinates"":[]}"
VHI_M_2021-10_0000000000000000005d,254.0,5.0,94,10,Wet,2021,2021-10,"{""type"":""MultiPoint"",""coordinates"":[]}"
VHI_M_2021-10_0000000000000000005e,35.11869748197477,1.8245180425111218,95,10,Wet,2021,2021-10,"{""type"":""MultiPoint"",""coordinates"":[]}"
VHI_M_2021-10_0000000000000000005f,81.58513643055423,2.2959262106072256,96,10,Wet,2021,2021-10,"{""type"":""MultiPoint"",""coordinates"":[]}"
VHI_M_2021-10_000000000000000000b6,0.3459724282780249,1.5696784073506895,183,10,Wet,2021,2021-10,"{""type"":""MultiPoint"",""coordinates"":[]}"
VHI_M_2021-10_000000000000000000b7,0.38809297497252904,1.8368121442125238,184,10,Wet,2021,2021-10,"{""type"":""MultiPoint"",""coordinates"":[]}"
VHI_M_2021-10_000000000000000000b8,0.25955855005791195,1.1310408921933086,185,10,Wet,2021,2021-10,"{""type"":""MultiPoint"",""coordinates"":[]}"
VHI_M_2021-10_000000000000000000b9,39.2172318940949,2.223426988523941,186,10,Wet,2021,2021-10,"{""type"":""MultiPoint"",""coordinates"":[]}"
VHI_M_2021-10_000000000000000000ba,0.40526399679978686,1.992,187,10,Wet,2021,2021-10,"{""type"":""MultiPoint"",""coordinates"":[]}"
VHI_M_2021-10_000000000000000000bb,0.27236633291929074,1.0524752475247523,188,10,Wet,2021,2021-10,"{""type"":""MultiPoint"",""coordinates"":[]}"
VHI_M_2021-10_000000000000000001a0,34.05738466458451,2.711909871244635,417,10,Wet,2021,2021-10,"{""type"":""MultiPoint"",""coordinates"":[]}"
VHI_M_2021-10_000000000000000001a1,0.3713546559846244,1.8912354804646252,418,10,Wet,2021,2021-10,"{""type"":""MultiPoint"",""coordinates"":[]}"
VHI_M_2021-10_000000000000000001a2,19.598652404347494,2.7639070253329847,419,10,Wet,2021,2021-10,"{""type"":""MultiPoint"",""coordinates"":[]}"
VHI_M_2021-10_000000000000000001a3,0.37138929832291756,1.6644989654153117,420,10,Wet,2021,2021-10,"{""type"":""MultiPoint"",""coordinates"":[]}"
VHI_M_2021-10_000000000000000001cb,41.19201382135016,1.8330569375345493,460,10,Wet,2021,2021-10,"{""type"":""MultiPoint"",""coordinates"":[]}"
VHI_M_2021-10_000000000000000001cc,79.74136752332379,2.252649572649573,461,10,Wet,2021,2021-10,"{""type"":""MultiPoint"",""coordinates"":[]}"
VHI_M_2021-10_0000000000000000021b,0.2958108150283956,1.045045045045045,540,10,Wet,2021,2021-10,"{""type"":""MultiPoint"",""coordinates"":[]}"
VHI_M_2021-10_0000000000000000021c,0.34595652106015573,1.2978260869565217,541,10,Wet,2021,2021-10,"{""type"":""MultiPoint"",""coordinates"":[]}"
VHI_M_2021-10_0000000000000000021d,24.786741326892233,2.114137775776678,542,10,Wet,2021,2021-10,"{""type"":""MultiPoint"",""coordinates"":[]}"
VHI_M_2021-10_000000000000000000bf,0.4639876958741171,2.3048098434004474,192,10,Wet,2021,2021-10,"{""type"":""MultiPoint"",""coordinates"":[]}"
VHI_M_2021-10_000000000000000000c0,0.4468574369312988,2.010497798848629,193,10,Wet,2021,2021-10,"{""type"":""MultiPoint"",""coordinates"":[]}"
VHI_M_2021-10_0000000000000000010a,0.3762195684558318,1.6726023632866174,267,10,Wet,2021,2021-10,"{""type"":""MultiPoint"",""coordinates"":[]}"
VHI_M_2021-10_0000000000000000010b,56.47842183956216,2.65577315871681,268,10,Wet,2021,2021-10,"{""type"":""MultiPoint"",""coordinates"":[]}"
VHI_M_2021-10_00000000000000000226,2.8515462969132463,1.7623520800292791,551,10,Wet,2021,2021-10,"{""type"":""MultiPoint"",""coordinates"":[]}"
VHI_M_2021-10_00000000000000000227,0.47057875966226886,2.315926892950391,552,10,Wet,2021,2021-10,"{""type"":""MultiPoint"",""coordinates"":[]}"
VHI_M_2021-10_000000000000000001a4,0.2673289812591613,1.1032338308457712,421,10,Wet,2021,2021-10,"{""type"":""MultiPoint"",""coordinates"":[]}"
VHI_M_2021-10_000000000000000001a5,0.29259168828466414,1.1519967400163,422,10,Wet,2021,2021-10,"{""type"":""MultiPoint"",""coordinates"":[]}"
VHI_M_2021-10_000000000000000001a6,0.2905169798052998,1.016248153618907,423,10,Wet,2021,2021-10,"{""type"":""MultiPoint"",""coordinates"":[]}"
VHI_M_2021-10_000000000000000001a7,0.30299263824434847,1.0705882352941178,424,10,Wet,2021,2021-10,"{""type"":""MultiPoint"",""coordinates"":[]}"
VHI_M_2021-10_000000000000000001a8,0.31655446380705116,1.0,425,10,Wet,2021,2021-10,"{""type"":""MultiPoint"",""coordinates"":[]}"
VHI_M_2021-10_000000000000000001a9,0.27041015381691974,1.0,426,10,Wet,2021,2021-10,"{""type"":""MultiPoint"",""coordinates"":[]}"
VHI_M_2021-10_000000000000000001aa,0.24738308979505402,1.0,427,10,Wet,2021,2021-10,"{""type"":""MultiPoint"",""coordinates"":[]}"
VHI_M_2021-10_000000000000000001fe,0.5918558543201803,2.9976427923844065,511,10,Wet,2021,2021-10,"{""type"":""MultiPoint"",""coordinates"":[]}"
VHI_M_2021-10_000000000000000001ff,61.812890877874935,2.731781184932802,512,10,Wet,2021,2021-10,"{""type"":""MultiPoint"",""coordinates"":[]}"
VHI_M_2021-10_00000000000000000200,0.4023464100970519,1.8636629607957869,513,10,Wet,2021,2021-10,"{""type"":""MultiPoint"",""coordinates"":[]}"
VHI_M_2021-10_00000000000000000201,101.81160780457554,3.116499736425935,514,10,Wet,2021,2021-10,"{""type"":""MultiPoint"",""coordinates"":[]}"
VHI_M_2021-10_00000000000000000202,0.48940138178689024,2.5512489233419466,515,10,Wet,2021,2021-10,"{""type"":""MultiPoint"",""coordinates"":[]}"
VHI_M_2021-10_00000000000000000002,18.64641430404381,2.637627093848292,3,10,Wet,2021,2021-10,"{""type"":""MultiPoint"",""coordinates"":[]}"
VHI_M_2021-10_0000000000000000000d,17.13586465501593,3.146345687564946,14,10,Wet,2021,2021-10,"{""type"":""MultiPoint"",""coordinates"":[]}"
VHI_M_2021-10_00000000000000000027,53.580298773454786,3.6033134772896505,40,10,Wet,2021,2021-10,"{""type"":""MultiPoint"",""coordinates"":[]}"
VHI_M_2021-10_00000000000000000070,0.5874600324159086,3.1090973029999733,113,10,Wet,2021,2021-10,"{""type"":""MultiPoint"",""coordinates"":[]}"
VHI_M_2021-10_00000000000000000071,0.6609972195960935,3.548682497643309,114,10,Wet,2021,2021-10,"{""type"":""MultiPoint"",""coordinates"":[]}"
VHI_M_2021-10_000000000000000001b0,56.09184339978712,3.534260056587526,433,10,Wet,2021,2021-10,"{""type"":""MultiPoint"",""coordinates"":[]}"
VHI_M_2021-10_000000000000000001b1,7.632032306462681,3.3439711576979567,434,10,Wet,2021,2021-10,"{""type"":""MultiPoint"",""coordinates"":[]}"
VHI_M_2021-10_000000000000000001b2,90.97830224335296,3.1676369252702856,435,10,Wet,2021,2021-10,"{""type"":""MultiPoint"",""coordinates"":[]}"
VHI_M_2021-10_000000000000000001cd,1.4645517016822767,3.3178031093169063,462,10,Wet,2021,2021-10,"{""type"":""MultiPoint"",""coordinates"":[]}"
VHI_M_2021-10_000000000000000001ce,0.6343649895004677,3.450110122456172,463,10,Wet,2021,2021-10,"{""type"":""MultiPoint"",""coordinates"":[]}"
VHI_M_2021-10_000000000000000001cf,22.280107884550983,2.6921982295027713,464,10,Wet,2021,2021-10,"{""type"":""MultiPoint"",""coordinates"":[]}"
VHI_M_2021-10_0000000000000000001c,0.4093528810582137,1.9226278578263647,29,10,Wet,2021,2021-10,"{""type"":""MultiPoint"",""coordinates"":[]}"
VHI_M_2021-10_0000000000000000001d,0.36421653713119,1.5999022403258658,30,10,Wet,2021,2021-10,"{""type"":""MultiPoint"",""coordinates"":[]}"
VHI_M_2021-10_0000000000000000001e,0.4803752242337382,2.3342019036665644,31,10,Wet,2021,2021-10,"{""type"":""MultiPoint"",""coordinates"":[]}"
VHI_M_2021-10_00000000000000000026,0.5521146204892624,2.910596649727085,39,10,Wet,2021,2021-10,"{""type"":""MultiPoint"",""coordinates"":[]}"
VHI_M_2021-10_000000000000000000f9,0.47936838445530194,2.3724251543610224,250,10,Wet,2021,2021-10,"{""type"":""MultiPoint"",""coordinates"":[]}"
VHI_M_2021-10_000000000000000000fa,0.43012232350785246,2.0792397269441825,251,10,Wet,2021,2021-10,"{""type"":""MultiPoint"",""coordinates"":[]}"
VHI_M_2021-10_000000000000000000fb,0.48736579100668015,2.420394846472956,252,10,Wet,2021,2021-10,"{""type"":""MultiPoint"",""coordinates"":[]}"
VHI_M_2021-10_000000000000000000fc,0.4228462795177757,2.039742489270387,253,10,Wet,2021,2021-10,"{""type"":""MultiPoint"",""coordinates"":[]}"
VHI_M_2021-10_00000000000000000163,0.4943954350814047,2.4522382257866524,356,10,Wet,2021,2021-10,"{""type"":""MultiPoint"",""coordinates"":[]}"
VHI_M_2021-10_00000000000000000164,0.5358349424263548,2.701364368539518,357,10,Wet,2021,2021-10,"{""type"":""MultiPoint"",""coordinates"":[]}"
VHI_M_2021-10_00000000000000000165,0.5694994581734799,2.953083341783022,358,10,Wet,2021,2021-10,"{""type"":""MultiPoint"",""coordinates"":[]}"
VHI_M_2021-10_00000000000000000166,0.44629524979305435,2.1249825407910614,359,10,Wet,2021,2021-10,"{""type"":""MultiPoint"",""coordinates"":[]}"
VHI_M_2021-10_00000000000000000149,0.3514847210526696,1.5420646106120133,330,10,Wet,2021,2021-10,"{""type"":""MultiPoint"",""coordinates"":[]}"
VHI_M_2021-10_0000000000000000014a,0.3076919518292208,1.2580981878540014,331,10,Wet,2021,2021-10,"{""type"":""MultiPoint"",""coordinates"":[]}"
VHI_M_2021-10_0000000000000000014b,0.2641266178356793,1.1398983861326961,332,10,Wet,2021,2021-10,"{""type"":""MultiPoint"",""coordinates"":[]}"
VHI_M_2021-10_0000000000000000014c,0.3236827602032788,1.3588578944148773,333,10,Wet,2021,2021-10,"{""type"":""MultiPoint"",""coordinates"":[]}"
VHI_M_2021-10_0000000000000000014d,0.3389890532337912,1.5411914105830062,334,10,Wet,2021,2021-10,"{""type"":""MultiPoint"",""coordinates"":[]}"
VHI_M_2021-10_0000000000000000014e,0.2803513507406476,1.1485395709610957,335,10,Wet,2021,2021-10,"{""type"":""MultiPoint"",""coordinates"":[]}"
VHI_M_2021-10_00000000000000000158,0.33987408056417834,1.700528324038744,345,10,Wet,2021,2021-10,"{""type"":""MultiPoint"",""coordinates"":[]}"
VHI_M_2021-10_00000000000000000159,0.3082725134195884,1.2946071286603946,346,10,Wet,2021,2021-10,"{""type"":""MultiPoint"",""coordinates"":[]}"
VHI_M_2021-10_0000000000000000015a,0.46627683362156364,2.326788882318154,347,10,Wet,2021,2021-10,"{""type"":""MultiPoint"",""coordinates"":[]}"
VHI_M_2021-10_0000000000000000015b,0.23906418558690445,1.1748792915099613,348,10,Wet,2021,2021-10,"{""type"":""MultiPoint"",""coordinates"":[]}"
VHI_M_2021-10_0000000000000000015c,0.36429589624113723,1.7608391055266168,349,10,Wet,2021,2021-10,"{""type"":""MultiPoint"",""coordinates"":[]}"
VHI_M_2021-10_0000000000000000015d,0.25463199157396127,1.1019477149179118,350,10,Wet,2021,2021-10,"{""type"":""MultiPoint"",""coordinates"":[]}"
VHI_M_2021-10_00000000000000000008,0.2298143950334377,1.1663540329746271,9,10,Wet,2021,2021-10,"{""type"":""MultiPoint"",""coordinates"":[]}"
VHI_M_2021-10_000000000000000000c2,0.26909333545798203,1.2181818181818176,195,10,Wet,2021,2021-10,"{""type"":""MultiPoint"",""coordinates"":[]}"
VHI_M_2021-10_000000000000000000c3,0.49130069723316927,2.4528804558877977,196,10,Wet,2021,2021-10,"{""type"":""MultiPoint"",""coordinates"":[]}"
VHI_M_2021-10_000000000000000000c4,0.30986017095703133,1.309680201698514,197,10,Wet,2021,2021-10,"{""type"":""MultiPoint"",""coordinates"":[]}"
VHI_M_2021-10_000000000000000000c5,0.36735931238721165,1.6770053919535464,198,10,Wet,2021,2021-10,"{""type"":""MultiPoint"",""coordinates"":[]}"
VHI_M_2021-10_000000000000000000c6,0.4554224963529687,2.1932723108397796,199,10,Wet,2021,2021-10,"{""type"":""MultiPoint"",""coordinates"":[]}"
VHI_M_2021-10_000000000000000000c7,0.44575460273276285,2.17293998907377,200,10,Wet,2021,2021-10,"{""type"":""MultiPoint"",""coordinates"":[]}"
VHI_M_2021-10_000000000000000000c8,0.2826534747032157,1.4321985888654278,201,10,Wet,2021,2021-10,"{""type"":""MultiPoint"",""coordinates"":[]}"
VHI_M_2021-10_000000000000000000c9,0.4818050310521169,2.353568487695567,202,10,Wet,2021,2021-10,"{""type"":""MultiPoint"",""coordinates"":[]}"
VHI_M_2021-10_00000000000000000136,0.1721087289356436,1.0014737359205585,311,10,Wet,2021,2021-10,"{""type"":""MultiPoint"",""coordinates"":[]}"
VHI_M_2021-10_00000000000000000137,0.5507607658704119,2.800488484463726,312,10,Wet,2021,2021-10,"{""type"":""MultiPoint"",""coordinates"":[]}"
VHI_M_2021-10_00000000000000000138,0.2828828109680117,1.27758573814425,313,10,Wet,2021,2021-10,"{""type"":""MultiPoint"",""coordinates"":[]}"
VHI_M_2021-10_00000000000000000139,0.3442474280699867,1.5831110793959446,314,10,Wet,2021,2021-10,"{""type"":""MultiPoint"",""coordinates"":[]}"
VHI_M_2021-10_0000000000000000013a,0.32934008552407956,1.6005278809736887,315,10,Wet,2021,2021-10,"{""type"":""MultiPoint"",""coordinates"":[]}"
VHI_M_2021-10_000000000000000001ef,0.4145068993127608,2.0134018684333106,496,10,Wet,2021,2021-10,"{""type"":""MultiPoint"",""coordinates"":[]}"
VHI_M_2021-10_000000000000000001f0,0.4718845835107144,2.3354052945445365,497,10,Wet,2021,2021-10,"{""type"":""MultiPoint"",""coordinates"":[]}"
VHI_M_2021-10_00000000000000000081,0.3731892296597746,1.7338104176442983,130,10,Wet,2021,2021-10,"{""type"":""MultiPoint"",""coordinates"":[]}"
VHI_M_2021-10_000000000000000000a0,0.33298359120193033,1.6434303509402322,161,10,Wet,2021,2021-10,"{""type"":""MultiPoint"",""coordinates"":[]}"
VHI_M_2021-10_000000000000000000a1,32.01971227815556,2.8778356597430963,162,10,Wet,2021,2021-10,"{""type"":""MultiPoint"",""coordinates"":[]}"
VHI_M_2021-10_000000000000000000a2,8.723824818858619,3.1559275952922565,163,10,Wet,2021,2021-10,"{""type"":""MultiPoint"",""coordinates"":[]}"
VHI_M_2021-10_000000000000000000a3,5.59173772974359,2.8671285884376245,164,10,Wet,2021,2021-10,"{""type"":""MultiPoint"",""coordinates"":[]}"
VHI_M_2021-10_000000000000000000a4,78.02264025043168,3.689358678788406,165,10,Wet,2021,2021-10,"{""type"":""MultiPoint"",""coordinates"":[]}"
VHI_M_2021-10_0000000000000000014f,0.4969337784156987,2.6309241221249082,336,10,Wet,2021,2021-10,"{""type"":""MultiPoint"",""coordinates"":[]}"
VHI_M_2021-10_00000000000000000150,0.36218388235792826,1.7148908386043673,337,10,Wet,2021,2021-10,"{""type"":""MultiPoint"",""coordinates"":[]}"
VHI_M_2021-10_00000000000000000151,2.1130067621934123,2.3282573450907504,338,10,Wet,2021,2021-10,"{""type"":""MultiPoint"",""coordinates"":[]}"
VHI_M_2021-10_00000000000000000152,0.508820449546091,2.5963608424878646,339,10,Wet,2021,2021-10,"{""type"":""MultiPoint"",""coordinates"":[]}"
VHI_M_2021-10_00000000000000000153,0.47187849955271466,2.293417548333964,340,10,Wet,2021,2021-10,"{""type"":""MultiPoint"",""coordinates"":[]}"
VHI_M_2021-10_00000000000000000171,0.5116170313731988,2.555884226050815,370,10,Wet,2021,2021-10,"{""type"":""MultiPoint"",""coordinates"":[]}"
VHI_M_2021-10_00000000000000000172,0.48937407813829026,2.436183130520885,371,10,Wet,2021,2021-10,"{""type"":""MultiPoint"",""coordinates"":[]}"
VHI_M_2021-10_00000000000000000173,0.4967593682155092,2.468284146050433,372,10,Wet,2021,2021-10,"{""type"":""MultiPoint"",""coordinates"":[]}"
VHI_M_2021-10_000000000000000001f1,0.5635442102386333,2.9146415516687094,498,10,Wet,2021,2021-10,"{""type"":""MultiPoint"",""coordinates"":[]}"
VHI_M_2021-10_000000000000000001f2,0.41832739003337815,1.9265291618506133,499,10,Wet,2021,2021-10,"{""type"":""MultiPoint"",""coordinates"":[]}"
VHI_M_2021-10_000000000000000001f3,0.4960153471412125,2.467744560794315,500,10,Wet,2021,2021-10,"{""type"":""MultiPoint"",""coordinates"":[]}"
VHI_M_2021-10_00000000000000000092,0.5888578489898587,3.094102308459236,147,10,Wet,2021,2021-10,"{""type"":""MultiPoint"",""coordinates"":[]}"
VHI_M_2021-10_00000000000000000093,0.7170344239774321,3.9594015795029374,148,10,Wet,2021,2021-10,"{""type"":""MultiPoint"",""coordinates"":[]}"
VHI_M_2021-10_00000000000000000094,0.7624680110282995,3.079375103175582,149,10,Wet,2021,2021-10,"{""type"":""MultiPoint"",""coordinates"":[]}"
VHI_M_2021-10_00000000000000000095,13.059337546187768,3.202845341899955,150,10,Wet,2021,2021-10,"{""type"":""MultiPoint"",""coordinates"":[]}"
VHI_M_2021-10_00000000000000000096,0.6582894328060456,3.6015348348317704,151,10,Wet,2021,2021-10,"{""type"":""MultiPoint"",""coordinates"":[]}"
VHI_M_2021-10_00000000000000000097,0.6132759015911246,3.304316285817917,152,10,Wet,2021,2021-10,"{""type"":""MultiPoint"",""coordinates"":[]}"
VHI_M_2021-10_00000000000000000098,0.7511917265226778,4.0,153,10,Wet,2021,2021-10,"{""type"":""MultiPoint"",""coordinates"":[]}"
VHI_M_2021-10_000000000000000000a9,0.6628347674612992,3.459743535841917,170,10,Wet,2021,2021-10,"{""type"":""MultiPoint"",""coordinates"":[]}"
VHI_M_2021-10_0000000000000000017c,61.82377346812893,3.575930043738614,381,10,Wet,2021,2021-10,"{""type"":""MultiPoint"",""coordinates"":[]}"
VHI_M_2021-10_0000000000000000017d,38.928896673144536,3.1177460634654324,382,10,Wet,2021,2021-10,"{""type"":""MultiPoint"",""coordinates"":[]}"
VHI_M_2021-10_0000000000000000017e,11.657426630750157,3.024544503313457,383,10,Wet,2021,2021-10,"{""type"":""MultiPoint"",""coordinates"":[]}"
VHI_M_2021-10_000000000000000001ee,0.7973182281308497,4.477401456479018,495,10,Wet,2021,2021-10,"{""type"":""MultiPoint"",""coordinates"":[]}"
VHI_M_2021-10_0000000000000000020d,0.6536097694879441,3.5315061249669517,526,10,Wet,2021,2021-10,"{""type"":""MultiPoint"",""coordinates"":[]}"
VHI_M_2021-10_0000000000000000020e,3.8851337379532964,3.630950399331563,527,10,Wet,2021,2021-10,"{""type"":""MultiPoint"",""coordinates"":[]}"
VHI_M_2021-10_0000000000000000020f,0.623771835659925,3.3596306361266683,528,10,Wet,2021,2021-10,"{""type"":""MultiPoint"",""coordinates"":[]}"
VHI_M_2021-10_00000000000000000210,0.7828336569196175,4.348113710920519,529,10,Wet,2021,2021-10,"{""type"":""MultiPoint"",""coordinates"":[]}"
VHI_M_2021-10_00000000000000000211,12.025272666524495,3.8886797490321716,530,10,Wet,2021,2021-10,"{""type"":""MultiPoint"",""coordinates"":[]}"
VHI_M_2021-10_00000000000000000058,0.4049726744525653,1.9112800156556158,89,10,Wet,2021,2021-10,"{""type"":""MultiPoint"",""coordinates"":[]}"
VHI_M_2021-10_00000000000000000059,0.40566941526094613,1.9036162533473038,90,10,Wet,2021,2021-10,"{""type"":""MultiPoint"",""coordinates"":[]}"
VHI_M_2021-10_0000000000000000018b,0.5418257767232246,2.826404846459161,396,10,Wet,2021,2021-10,"{""type"":""MultiPoint"",""coordinates"":[]}"
VHI_M_2021-10_0000000000000000018c,0.47164996250513364,2.2916641465155374,397,10,Wet,2021,2021-10,"{""type"":""MultiPoint"",""coordinates"":[]}"
VHI_M_2021-10_0000000000000000018d,0.4403318395608616,2.1113436174137603,398,10,Wet,2021,2021-10,"{""type"":""MultiPoint"",""coordinates"":[]}"
VHI_M_2021-10_0000000000000000018e,0.4071038416414684,1.8697145235700168,399,10,Wet,2021,2021-10,"{""type"":""MultiPoint"",""coordinates"":[]}"
VHI_M_2021-10_00000000000000000036,0.7050084925423181,4.000509857239972,55,10,Wet,2021,2021-10,"{""type"":""MultiPoint"",""coordinates"":[]}"
VHI_M_2021-10_000000000000000000db,0.5736606338329975,2.9965829714012715,220,10,Wet,2021,2021-10,"{""type"":""MultiPoint"",""coordinates"":[]}"
VHI_M_2021-10_000000000000000000dc,0.5995137307435733,3.1845170505266926,221,10,Wet,2021,2021-10,"{""type"":""MultiPoint"",""coordinates"":[]}"
VHI_M_2021-10_000000000000000000dd,0.5901340230412749,3.059376239827369,222,10,Wet,2021,2021-10,"{""type"":""MultiPoint"",""coordinates"":[]}"
VHI_M_2021-10_00000000000000000102,0.6876947894727593,3.7492318522506096,259,10,Wet,2021,2021-10,"{""type"":""MultiPoint"",""coordinates"":[]}"
VHI_M_2021-10_00000000000000000103,0.7801303524470634,4.3505012909499365,260,10,Wet,2021,2021-10,"{""type"":""MultiPoint"",""coordinates"":[]}"
VHI_M_2021-10_00000000000000000104,0.6638484379671477,3.594511452915792,261,10,Wet,2021,2021-10,"{""type"":""MultiPoint"",""coordinates"":[]}"
VHI_M_2021-10_00000000000000000105,0.5950758633924358,3.118918482647296,262,10,Wet,2021,2021-10,"{""type"":""MultiPoint"",""coordinates"":[]}"
VHI_M_2021-10_0000000000000000000a,0.8900357131986824,4.931492926795771,11,10,Wet,2021,2021-10,"{""type"":""MultiPoint"",""coordinates"":[]}"
VHI_M_2021-10_000000000000000000b1,0.5354722485582577,2.7385673655079628,178,10,Wet,2021,2021-10,"{""type"":""MultiPoint"",""coordinates"":[]}"
VHI_M_2021-10_000000000000000000b2,0.5138068019933792,2.536746376142553,179,10,Wet,2021,2021-10,"{""type"":""MultiPoint"",""coordinates"":[]}"
VHI_M_2021-10_000000000000000000b3,0.5188817882275576,2.623125307623266,180,10,Wet,2021,2021-10,"{""type"":""MultiPoint"",""coordinates"":[]}"
VHI_M_2021-10_000000000000000000ca,0.6019695179822995,3.140132864400156,203,10,Wet,2021,2021-10,"{""type"":""MultiPoint"",""coordinates"":[]}"
VHI_M_2021-10_000000000000000000d2,0.7920526886063247,4.426134214924424,211,10,Wet,2021,2021-10,"{""type"":""MultiPoint"",""coordinates"":[]}"
VHI_M_2021-10_000000000000000000d3,0.7570538939172482,4.19827896767772,212,10,Wet,2021,2021-10,"{""type"":""MultiPoint"",""coordinates"":[]}"
VHI_M_2021-10_000000000000000000d4,0.7002552390210549,3.8443888893796556,213,10,Wet,2021,2021-10,"{""type"":""MultiPoint"",""coordinates"":[]}"
VHI_M_2021-10_000000000000000000d5,0.7828237014829922,4.389932529190519,214,10,Wet,2021,2021-10,"{""type"":""MultiPoint"",""coordinates"":[]}"
VHI_M_2021-10_000000000000000000bc,0.7668642095315614,4.2415012761684245,189,10,Wet,2021,2021-10,"{""type"":""MultiPoint"",""coordinates"":[]}"
VHI_M_2021-10_000000000000000000bd,0.7212762263532945,3.978199982955117,190,10,Wet,2021,2021-10,"{""type"":""MultiPoint"",""coordinates"":[]}"
VHI_M_2021-10_000000000000000000be,0.7946201299595002,4.41065773756884,191,10,Wet,2021,2021-10,"{""type"":""MultiPoint"",""coordinates"":[]}"
VHI_M_2021-10_000000000000000000f1,0.7397687026702894,4.057369614512471,242,10,Wet,2021,2021-10,"{""type"":""MultiPoint"",""coordinates"":[]}"
VHI_M_2021-10_00000000000000000100,0.72247285724193,3.990874314488058,257,10,Wet,2021,2021-10,"{""type"":""MultiPoint"",""coordinates"":[]}"
VHI_M_2021-10_00000000000000000101,0.6668389886935795,3.591048398650489,258,10,Wet,2021,2021-10,"{""type"":""MultiPoint"",""coordinates"":[]}"
VHI_M_2021-10_0000000000000000012f,0.617554995862576,3.2655748856199356,304,10,Wet,2021,2021-10,"{""type"":""MultiPoint"",""coordinates"":[]}"
VHI_M_2021-10_00000000000000000130,0.7307103299375239,4.017965617481957,305,10,Wet,2021,2021-10,"{""type"":""MultiPoint"",""coordinates"":[]}"
VHI_M_2021-10_00000000000000000131,0.7024672348579175,3.8178556131149124,306,10,Wet,2021,2021-10,"{""type"":""MultiPoint"",""coordinates"":[]}"
VHI_M_2021-10_00000000000000000065,0.612054188598437,3.256649610652592,102,10,Wet,2021,2021-10,"{""type"":""MultiPoint"",""coordinates"":[]}"
VHI_M_2021-10_00000000000000000066,0.6354765147177771,3.3919541618487137,103,10,Wet,2021,2021-10,"{""type"":""MultiPoint"",""coordinates"":[]}"
VHI_M_2021-10_00000000000000000067,0.7040978327061793,3.8415548005801017,104,10,Wet,2021,2021-10,"{""type"":""MultiPoint"",""coordinates"":[]}"
VHI_M_2021-10_00000000000000000068,0.6885002516584351,3.7783371893492452,105,10,Wet,2021,2021-10,"{""type"":""MultiPoint"",""coordinates"":[]}"
VHI_M_2021-10_00000000000000000109,0.6982874967217616,3.834246756248142,266,10,Wet,2021,2021-10,"{""type"":""MultiPoint"",""coordinates"":[]}"
VHI_M_2021-10_000000000000000001c1,0.6211937993824542,3.3040897391083273,450,10,Wet,2021,2021-10,"{""type"":""MultiPoint"",""coordinates"":[]}"
VHI_M_2021-10_000000000000000001c2,0.612572806316406,3.230000839557306,451,10,Wet,2021,2021-10,"{""type"":""MultiPoint"",""coordinates"":[]}"
VHI_M_2021-10_00000000000000000113,0.2944007696744634,1.2737768004398022,276,10,Wet,2021,2021-10,"{""type"":""MultiPoint"",""coordinates"":[]}"
VHI_M_2021-10_00000000000000000114,0.5569575044575025,2.893060693930605,277,10,Wet,2021,2021-10,"{""type"":""MultiPoint"",""coordinates"":[]}"
VHI_M_2021-10_00000000000000000115,0.5592833048983086,2.9316812089592528,278,10,Wet,2021,2021-10,"{""type"":""MultiPoint"",""coordinates"":[]}"
VHI_M_2021-10_00000000000000000116,0.4516496817352959,2.179142298269185,279,10,Wet,2021,2021-10,"{""type"":""MultiPoint"",""coordinates"":[]}"
VHI_M_2021-10_00000000000000000117,0.5193602229469871,2.633140938407553,280,10,Wet,2021,2021-10,"{""type"":""MultiPoint"",""coordinates"":[]}"
VHI_M_2021-10_00000000000000000167,0.5928216907921273,3.1599404565001663,360,10,Wet,2021,2021-10,"{""type"":""MultiPoint"",""coordinates"":[]}"
VHI_M_2021-10_00000000000000000168,0.35879331209460547,1.5436258486296206,361,10,Wet,2021,2021-10,"{""type"":""MultiPoint"",""coordinates"":[]}"
VHI_M_2021-10_00000000000000000169,0.4702620640281475,2.2759342575041295,362,10,Wet,2021,2021-10,"{""type"":""MultiPoint"",""coordinates"":[]}"
VHI_M_2021-10_0000000000000000016a,0.43491304800490327,2.0814192705181895,363,10,Wet,2021,2021-10,"{""type"":""MultiPoint"",""coordinates"":[]}"
VHI_M_2021-10_0000000000000000016b,0.4716044931856127,2.302629965669446,364,10,Wet,2021,2021-10,"{""type"":""MultiPoint"",""coordinates"":[]}"
VHI_M_2021-10_0000000000000000016c,0.48172908405848675,2.3695076947583606,365,10,Wet,2021,2021-10,"{""type"":""MultiPoint"",""coordinates"":[]}"
VHI_M_2021-10_0000000000000000016d,0.3747689290573571,1.6998249656182463,366,10,Wet,2021,2021-10,"{""type"":""MultiPoint"",""coordinates"":[]}"
VHI_M_2021-10_000000000000000000cb,0.614666350361957,3.2219548711367776,204,10,Wet,2021,2021-10,"{""type"":""MultiPoint"",""coordinates"":[]}"
VHI_M_2021-10_000000000000000000eb,15.332373378934857,2.6655462640445613,236,10,Wet,2021,2021-10,"{""type"":""MultiPoint"",""coordinates"":[]}"
VHI_M_2021-10_000000000000000000ec,0.4549397448970524,2.2300304576186476,237,10,Wet,2021,2021-10,"{""type"":""MultiPoint"",""coordinates"":[]}"
VHI_M_2021-10_000000000000000000ed,0.5646361015037745,2.9164549338992303,238,10,Wet,2021,2021-10,"{""type"":""MultiPoint"",""coordinates"":[]}"
VHI_M_2021-10_000000000000000000ee,0.5809047027939682,2.9478719397363466,239,10,Wet,2021,2021-10,"{""type"":""MultiPoint"",""coordinates"":[]}"
VHI_M_2021-10_000000000000000000ef,0.5432221240311322,2.8072595229210324,240,10,Wet,2021,2021-10,"{""type"":""MultiPoint"",""coordinates"":[]}"
VHI_M_2021-10_00000000000000000146,0.5308088459220185,2.746581109420188,327,10,Wet,2021,2021-10,"{""type"":""MultiPoint"",""coordinates"":[]}"
VHI_M_2021-10_00000000000000000147,8.39846027041668,2.1786415130113284,328,10,Wet,2021,2021-10,"{""type"":""MultiPoint"",""coordinates"":[]}"
VHI_M_2021-10_00000000000000000148,0.5745736678858916,3.015416722339933,329,10,Wet,2021,2021-10,"{""type"":""MultiPoint"",""coordinates"":[]}"
VHI_M_2021-10_0000000000000000015e,0.5610373199936484,2.884569006193966,351,10,Wet,2021,2021-10,"{""type"":""MultiPoint"",""coordinates"":[]}"
VHI_M_2021-10_0000000000000000015f,0.5792018823724326,3.0829405473917695,352,10,Wet,2021,2021-10,"{""type"":""MultiPoint"",""coordinates"":[]}"
VHI_M_2021-10_00000000000000000160,0.5158290534419595,2.6168106902302197,353,10,Wet,2021,2021-10,"{""type"":""MultiPoint"",""coordinates"":[]}"
VHI_M_2021-10_00000000000000000161,0.6456105922954033,3.4056362083689145,354,10,Wet,2021,2021-10,"{""type"":""MultiPoint"",""coordinates"":[]}"
VHI_M_2021-10_00000000000000000162,4.462785821415602,2.7558687418909193,355,10,Wet,2021,2021-10,"{""type"":""MultiPoint"",""coordinates"":[]}"
VHI_M_2021-10_00000000000000000010,0.6504438578206991,3.5747650761791805,17,10,Wet,2021,2021-10,"{""type"":""MultiPoint"",""coordinates"":[]}"
VHI_M_2021-10_00000000000000000121,0.8010771644256801,4.493480948634371,290,10,Wet,2021,2021-10,"{""type"":""MultiPoint"",""coordinates"":[]}"
VHI_M_2021-10_00000000000000000122,0.8979216872163648,4.367581920988351,291,10,Wet,2021,2021-10,"{""type"":""MultiPoint"",""coordinates"":[]}"
VHI_M_2021-10_00000000000000000123,0.8118296859418483,4.575517716515635,292,10,Wet,2021,2021-10,"{""type"":""MultiPoint"",""coordinates"":[]}"
VHI_M_2021-10_0000000000000000019a,0.6241202619630011,3.3087058784556036,411,10,Wet,2021,2021-10,"{""type"":""MultiPoint"",""coordinates"":[]}"
VHI_M_2021-10_0000000000000000019b,0.6483743166024335,3.4411516735519734,412,10,Wet,2021,2021-10,"{""type"":""MultiPoint"",""coordinates"":[]}"
VHI_M_2021-10_0000000000000000019c,0.5556964759489171,2.8992169769156217,413,10,Wet,2021,2021-10,"{""type"":""MultiPoint"",""coordinates"":[]}"
VHI_M_2021-10_0000000000000000019d,0.5325098464869699,2.745395122768792,414,10,Wet,2021,2021-10,"{""type"":""MultiPoint"",""coordinates"":[]}"
VHI_M_2021-10_0000000000000000019e,4.220531236225284,3.0574785171352334,415,10,Wet,2021,2021-10,"{""type"":""MultiPoint"",""coordinates"":[]}"
VHI_M_2021-10_0000000000000000019f,0.5598589021735074,2.919320561424269,416,10,Wet,2021,2021-10,"{""type"":""MultiPoint"",""coordinates"":[]}"
VHI_M_2021-10_00000000000000000216,0.7096594897877634,4.0536727744446255,535,10,Wet,2021,2021-10,"{""type"":""MultiPoint"",""coordinates"":[]}"
VHI_M_2021-10_00000000000000000217,0.6208425710486768,2.9175936634507122,536,10,Wet,2021,2021-10,"{""type"":""MultiPoint"",""coordinates"":[]}"
VHI_M_2021-10_00000000000000000218,0.6410611443708377,3.44782471127986,537,10,Wet,2021,2021-10,"{""type"":""MultiPoint"",""coordinates"":[]}"
VHI_M_2021-10_00000000000000000219,0.7382899469398935,4.103541379287801,538,10,Wet,2021,2021-10,"{""type"":""MultiPoint"",""coordinates"":[]}"
VHI_M_2021-10_0000000000000000021a,8.413748915792448,3.1498990111878054,539,10,Wet,2021,2021-10,"{""type"":""MultiPoint"",""coordinates"":[]}"
VHI_M_2021-10_00000000000000000004,0.697291262676978,3.7098188859779007,5,10,Wet,2021,2021-10,"{""type"":""MultiPoint"",""coordinates"":[]}"
VHI_M_2021-10_00000000000000000028,0.714038756540618,3.919217246029448,41,10,Wet,2021,2021-10,"{""type"":""MultiPoint"",""coordinates"":[]}"
VHI_M_2021-10_00000000000000000029,0.7831702146174953,4.353687207308162,42,10,Wet,2021,2021-10,"{""type"":""MultiPoint"",""coordinates"":[]}"
VHI_M_2021-10_0000000000000000002a,0.7177203346370499,3.9482654003953757,43,10,Wet,2021,2021-10,"{""type"":""MultiPoint"",""coordinates"":[]}"
VHI_M_2021-10_0000000000000000002b,0.7008718839668587,3.8449442634050683,44,10,Wet,2021,2021-10,"{""type"":""MultiPoint"",""coordinates"":[]}"
VHI_M_2021-10_000000000000000000a7,0.7668055887996501,4.271494712775077,168,10,Wet,2021,2021-10,"{""type"":""MultiPoint"",""coordinates"":[]}"
VHI_M_2021-10_000000000000000000a8,0.7322078954456172,4.051048712832741,169,10,Wet,2021,2021-10,"{""type"":""MultiPoint"",""coordinates"":[]}"
VHI_M_2021-10_0000000000000000000c,0.7083826051223683,3.8728736468661893,13,10,Wet,2021,2021-10,"{""type"":""MultiPoint"",""coordinates"":[]}"
VHI_M_2021-10_00000000000000000060,0.7026869468372704,3.8605494239909754,97,10,Wet,2021,2021-10,"{""type"":""MultiPoint"",""coordinates"":[]}"
VHI_M_2021-10_00000000000000000061,0.659771719711982,3.555784279168133,98,10,Wet,2021,2021-10,"{""type"":""MultiPoint"",""coordinates"":[]}"
VHI_M_2021-10_00000000000000000062,0.7410494830477812,4.079730018830067,99,10,Wet,2021,2021-10,"{""type"":""MultiPoint"",""coordinates"":[]}"
VHI_M_2021-10_00000000000000000063,0.7558725629965304,4.179638888106796,100,10,Wet,2021,2021-10,"{""type"":""MultiPoint"",""coordinates"":[]}"
VHI_M_2021-10_00000000000000000064,0.7170272551661199,3.944511558107006,101,10,Wet,2021,2021-10,"{""type"":""MultiPoint"",""coordinates"":[]}"
VHI_M_2021-10_00000000000000000011,0.6938129645420518,3.77784891953457,18,10,Wet,2021,2021-10,"{""type"":""MultiPoint"",""coordinates"":[]}"
VHI_M_2021-10_00000000000000000033,0.6920286686668301,3.7766819402190692,52,10,Wet,2021,2021-10,"{""type"":""MultiPoint"",""coordinates"":[]}"
VHI_M_2021-10_00000000000000000034,0.7396559508043253,4.102237828539948,53,10,Wet,2021,2021-10,"{""type"":""MultiPoint"",""coordinates"":[]}"
VHI_M_2021-10_000000000000000001b3,0.7070879023154387,3.8695727670390756,436,10,Wet,2021,2021-10,"{""type"":""MultiPoint"",""coordinates"":[]}"
VHI_M_2021-10_000000000000000001b4,0.6499413798773999,3.4948409592657113,437,10,Wet,2021,2021-10,"{""type"":""MultiPoint"",""coordinates"":[]}"
VHI_M_2021-10_000000000000000001b5,0.6806800968977472,3.715914927041481,438,10,Wet,2021,2021-10,"{""type"":""MultiPoint"",""coordinates"":[]}"
VHI_M_2021-10_00000000000000000005,0.5441169271497656,2.882393022621966,6,10,Wet,2021,2021-10,"{""type"":""MultiPoint"",""coordinates"":[]}"
VHI_M_2021-10_00000000000000000082,0.5918981394491131,3.0998697694798087,131,10,Wet,2021,2021-10,"{""type"":""MultiPoint"",""coordinates"":[]}"
VHI_M_2021-10_00000000000000000083,0.6711367128350136,3.6267938530905526,132,10,Wet,2021,2021-10,"{""type"":""MultiPoint"",""coordinates"":[]}"
VHI_M_2021-10_00000000000000000084,0.5957374764156445,3.1383681083177013,133,10,Wet,2021,2021-10,"{""type"":""MultiPoint"",""coordinates"":[]}"
VHI_M_2021-10_00000000000000000085,0.7502230816089922,4.192486316138663,134,10,Wet,2021,2021-10,"{""type"":""MultiPoint"",""coordinates"":[]}"
VHI_M_2021-10_00000000000000000086,0.5908050174486066,3.069727452497637,135,10,Wet,2021,2021-10,"{""type"":""MultiPoint"",""coordinates"":[]}"
VHI_M_2021-10_00000000000000000087,0.6673329687584424,3.593480672412322,136,10,Wet,2021,2021-10,"{""type"":""MultiPoint"",""coordinates"":[]}"
VHI_M_2021-10_0000000000000000010c,0.6619075543019769,3.5755818640610753,269,10,Wet,2021,2021-10,"{""type"":""MultiPoint"",""coordinates"":[]}"
VHI_M_2021-10_0000000000000000010d,0.7463850546590151,4.152008322336961,270,10,Wet,2021,2021-10,"{""type"":""MultiPoint"",""coordinates"":[]}"
VHI_M_2021-10_0000000000000000010e,0.6512044832198931,3.5486602271349463,271,10,Wet,2021,2021-10,"{""type"":""MultiPoint"",""coordinates"":[]}"
VHI_M_2021-10_0000000000000000010f,0.6550890013057566,3.50575082122341,272,10,Wet,2021,2021-10,"{""type"":""MultiPoint"",""coordinates"":[]}"
VHI_M_2021-10_00000000000000000110,0.7244650077951207,3.975758765736033,273,10,Wet,2021,2021-10,"{""type"":""MultiPoint"",""coordinates"":[]}"
VHI_M_2021-10_00000000000000000111,0.7044626720662199,3.8627440108095814,274,10,Wet,2021,2021-10,"{""type"":""MultiPoint"",""coordinates"":[]}"
VHI_M_2021-10_000000000000000001d0,0.6869524218588959,3.71862562634216,465,10,Wet,2021,2021-10,"{""type"":""MultiPoint"",""coordinates"":[]}"
VHI_M_2021-10_000000000000000001d1,0.5632442044118668,2.9247159008845065,466,10,Wet,2021,2021-10,"{""type"":""MultiPoint"",""coordinates"":[]}"
VHI_M_2021-10_00000000000000000009,0.7210331253680171,3.9710292691418196,10,10,Wet,2021,2021-10,"{""type"":""MultiPoint"",""coordinates"":[]}"
VHI_M_2021-10_0000000000000000009e,0.6784605957018623,3.7081544240300515,159,10,Wet,2021,2021-10,"{""type"":""MultiPoint"",""coordinates"":[]}"
VHI_M_2021-10_0000000000000000009f,0.7162910884914588,3.944780321103274,160,10,Wet,2021,2021-10,"{""type"":""MultiPoint"",""coordinates"":[]}"
VHI_M_2021-10_00000000000000000154,0.6510391141847351,3.4960196503727574,341,10,Wet,2021,2021-10,"{""type"":""MultiPoint"",""coordinates"":[]}"
VHI_M_2021-10_00000000000000000155,0.7116689362541594,3.9135834589444647,342,10,Wet,2021,2021-10,"{""type"":""MultiPoint"",""coordinates"":[]}"
VHI_M_2021-10_00000000000000000156,0.6442982472413227,3.423053094560481,343,10,Wet,2021,2021-10,"{""type"":""MultiPoint"",""coordinates"":[]}"
VHI_M_2021-10_00000000000000000157,0.6924984757878894,3.7865294271830936,344,10,Wet,2021,2021-10,"{""type"":""MultiPoint"",""coordinates"":[]}"
VHI_M_2021-10_00000000000000000178,0.7335075242086972,4.054505163924026,377,10,Wet,2021,2021-10,"{""type"":""MultiPoint"",""coordinates"":[]}"
VHI_M_2021-10_00000000000000000179,0.6418168384141202,3.4390656061616163,378,10,Wet,2021,2021-10,"{""type"":""MultiPoint"",""coordinates"":[]}"
VHI_M_2021-10_0000000000000000017a,0.731194181308851,4.0294688122355256,379,10,Wet,2021,2021-10,"{""type"":""MultiPoint"",""coordinates"":[]}"
VHI_M_2021-10_0000000000000000017b,0.580999536491827,3.0235975988408197,380,10,Wet,2021,2021-10,"{""type"":""MultiPoint"",""coordinates"":[]}"
VHI_M_2021-10_0000000000000000000f,0.6426689236334436,3.4839214214214222,16,10,Wet,2021,2021-10,"{""type"":""MultiPoint"",""coordinates"":[]}"
VHI_M_2021-10_00000000000000000040,0.6723072996671046,3.6335514846384758,65,10,Wet,2021,2021-10,"{""type"":""MultiPoint"",""coordinates"":[]}"
VHI_M_2021-10_00000000000000000041,0.7815478683524443,4.381885167561648,66,10,Wet,2021,2021-10,"{""type"":""MultiPoint"",""coordinates"":[]}"
VHI_M_2021-10_00000000000000000042,0.7280785366288423,4.039817011672293,67,10,Wet,2021,2021-10,"{""type"":""MultiPoint"",""coordinates"":[]}"
VHI_M_2021-10_00000000000000000043,0.6715996299312219,3.6566838240283417,68,10,Wet,2021,2021-10,"{""type"":""MultiPoint"",""coordinates"":[]}"
VHI_M_2021-10_00000000000000000192,0.7075853172090345,3.888578059364462,403,10,Wet,2021,2021-10,"{""type"":""MultiPoint"",""coordinates"":[]}"
VHI_M_2021-10_00000000000000000193,0.6567028786973209,3.514506596704583,404,10,Wet,2021,2021-10,"{""type"":""MultiPoint"",""coordinates"":[]}"
VHI_M_2021-10_00000000000000000194,0.7449050580478033,4.154130351455652,405,10,Wet,2021,2021-10,"{""type"":""MultiPoint"",""coordinates"":[]}"
VHI_M_2021-10_000000000000000001d2,0.6956391318450983,3.873361333842433,467,10,Wet,2021,2021-10,"{""type"":""MultiPoint"",""coordinates"":[]}"
VHI_M_2021-10_000000000000000001d3,0.7492657626768034,4.18936004492184,468,10,Wet,2021,2021-10,"{""type"":""MultiPoint"",""coordinates"":[]}"
VHI_M_2021-10_000000000000000001d4,0.7123735460752074,3.9410386549738607,469,10,Wet,2021,2021-10,"{""type"":""MultiPoint"",""coordinates"":[]}"
VHI_M_2021-10_000000000000000001d5,0.6701376370933647,3.64343713978268,470,10,Wet,2021,2021-10,"{""type"":""MultiPoint"",""coordinates"":[]}"
VHI_M_2021-10_000000000000000001d6,0.5958181018086062,3.132797229264852,471,10,Wet,2021,2021-10,"{""type"":""MultiPoint"",""coordinates"":[]}"
VHI_M_2021-10_000000000000000001d7,0.6240555560029691,3.3314666471653736,472,10,Wet,2021,2021-10,"{""type"":""MultiPoint"",""coordinates"":[]}"
VHI_M_2021-10_00000000000000000069,0.4560343054940711,2.18023871479276,106,10,Wet,2021,2021-10,"{""type"":""MultiPoint"",""coordinates"":[]}"
VHI_M_2021-10_0000000000000000006a,0.5014050459123768,2.504760522496374,107,10,Wet,2021,2021-10,"{""type"":""MultiPoint"",""coordinates"":[]}"
VHI_M_2021-10_0000000000000000006b,0.38932140039524943,1.7706921625050276,108,10,Wet,2021,2021-10,"{""type"":""MultiPoint"",""coordinates"":[]}"
VHI_M_2021-10_0000000000000000006c,0.4602868125856301,2.2289970014726483,109,10,Wet,2021,2021-10,"{""type"":""MultiPoint"",""coordinates"":[]}"
VHI_M_2021-10_0000000000000000006d,0.4772285557990449,2.4138757472275514,110,10,Wet,2021,2021-10,"{""type"":""MultiPoint"",""coordinates"":[]}"
VHI_M_2021-10_0000000000000000006e,0.5219009673156204,2.647086142192452,111,10,Wet,2021,2021-10,"{""type"":""MultiPoint"",""coordinates"":[]}"
VHI_M_2021-10_0000000000000000006f,0.528547842906512,2.662201062887511,112,10,Wet,2021,2021-10,"{""type"":""MultiPoint"",""coordinates"":[]}"
VHI_M_2021-10_000000000000000000d6,0.28207929221249367,1.1288350634371396,215,10,Wet,2021,2021-10,"{""type"":""MultiPoint"",""coordinates"":[]}"
VHI_M_2021-10_0000000000000000013b,0.46484920610760666,2.144327429392054,316,10,Wet,2021,2021-10,"{""type"":""MultiPoint"",""coordinates"":[]}"
VHI_M_2021-10_0000000000000000013c,0.39548930631059587,1.7876467675146377,317,10,Wet,2021,2021-10,"{""type"":""MultiPoint"",""coordinates"":[]}"
VHI_M_2021-10_0000000000000000013d,0.3753405849879599,1.6826353554031546,318,10,Wet,2021,2021-10,"{""type"":""MultiPoint"",""coordinates"":[]}"
VHI_M_2021-10_0000000000000000013e,0.3563432179990897,1.622871689294458,319,10,Wet,2021,2021-10,"{""type"":""MultiPoint"",""coordinates"":[]}"
VHI_M_2021-10_0000000000000000013f,0.3400712009096747,1.4578571791355583,320,10,Wet,2021,2021-10,"{""type"":""MultiPoint"",""coordinates"":[]}"
VHI_M_2021-10_00000000000000000140,10.240003641449542,2.3194258909593763,321,10,Wet,2021,2021-10,"{""type"":""MultiPoint"",""coordinates"":[]}"
VHI_M_2021-10_000000000000000001bc,0.3154494253247925,1.3461202951607365,445,10,Wet,2021,2021-10,"{""type"":""MultiPoint"",""coordinates"":[]}"
VHI_M_2021-10_000000000000000001bd,0.41548305076644604,2.0049070160893496,446,10,Wet,2021,2021-10,"{""type"":""MultiPoint"",""coordinates"":[]}"
VHI_M_2021-10_000000000000000001be,0.3786267070714399,1.7095647087797072,447,10,Wet,2021,2021-10,"{""type"":""MultiPoint"",""coordinates"":[]}"
VHI_M_2021-10_000000000000000001bf,0.37226465805671094,1.626470961036328,448,10,Wet,2021,2021-10,"{""type"":""MultiPoint"",""coordinates"":[]}"
VHI_M_2021-10_000000000000000001c0,0.2486304079361554,1.1263320534454389,449,10,Wet,2021,2021-10,"{""type"":""MultiPoint"",""coordinates"":[]}"
VHI_M_2021-10_00000000000000000006,0.6518001759971711,3.5650144476550327,7,10,Wet,2021,2021-10,"{""type"":""MultiPoint"",""coordinates"":[]}"
VHI_M_2021-10_0000000000000000002c,0.4354766436750145,2.0863596911628184,45,10,Wet,2021,2021-10,"{""type"":""MultiPoint"",""coordinates"":[]}"
VHI_M_2021-10_0000000000000000002d,0.4828461639175945,2.404627522827339,46,10,Wet,2021,2021-10,"{""type"":""MultiPoint"",""coordinates"":[]}"
VHI_M_2021-10_0000000000000000002e,0.5093584401302341,2.5742419875985023,47,10,Wet,2021,2021-10,"{""type"":""MultiPoint"",""coordinates"":[]}"
VHI_M_2021-10_0000000000000000002f,0.4876503532248705,2.4214335894555297,48,10,Wet,2021,2021-10,"{""type"":""MultiPoint"",""coordinates"":[]}"
VHI_M_2021-10_0000000000000000009b,0.569068943595985,2.958928522549084,156,10,Wet,2021,2021-10,"{""type"":""MultiPoint"",""coordinates"":[]}"
VHI_M_2021-10_0000000000000000009c,0.6186754654185175,3.291168895872085,157,10,Wet,2021,2021-10,"{""type"":""MultiPoint"",""coordinates"":[]}"
VHI_M_2021-10_0000000000000000009d,0.5658289474631276,2.9381300533287447,158,10,Wet,2021,2021-10,"{""type"":""MultiPoint"",""coordinates"":[]}"
VHI_M_2021-10_000000000000000001b6,0.5416763374517665,2.7703857105876257,439,10,Wet,2021,2021-10,"{""type"":""MultiPoint"",""coordinates"":[]}"
VHI_M_2021-10_000000000000000001b7,0.5511857663724713,2.857391890774211,440,10,Wet,2021,2021-10,"{""type"":""MultiPoint"",""coordinates"":[]}"
VHI_M_2021-10_000000000000000001b8,0.5094051708687878,2.547252850361114,441,10,Wet,2021,2021-10,"{""type"":""MultiPoint"",""coordinates"":[]}"
VHI_M_2021-10_000000000000000001b9,0.4340150190777094,2.1340212721461347,442,10,Wet,2021,2021-10,"{""type"":""MultiPoint"",""coordinates"":[]}"
VHI_M_2021-10_000000000000000001ba,0.4278867708115098,1.990558615263573,443,10,Wet,2021,2021-10,"{""type"":""MultiPoint"",""coordinates"":[]}"
VHI_M_2021-10_000000000000000001bb,0.4970168361110135,2.4803264364725925,444,10,Wet,2021,2021-10,"{""type"":""MultiPoint"",""coordinates"":[]}"
VHI_M_2021-10_00000000000000000221,0.5084349786248296,2.7851025175188164,546,10,Wet,2021,2021-10,"{""type"":""MultiPoint"",""coordinates"":[]}"
VHI_M_2021-10_00000000000000000222,0.5377772403957601,2.737254213008636,547,10,Wet,2021,2021-10,"{""type"":""MultiPoint"",""coordinates"":[]}"
VHI_M_2021-10_00000000000000000223,0.5026148847898725,2.515713801982467,548,10,Wet,2021,2021-10,"{""type"":""MultiPoint"",""coordinates"":[]}"
VHI_M_2021-10_00000000000000000224,0.5728868296224932,2.990966198879481,549,10,Wet,2021,2021-10,"{""type"":""MultiPoint"",""coordinates"":[]}"
VHI_M_2021-10_00000000000000000225,0.5417708416289323,2.7738781020959262,550,10,Wet,2021,2021-10,"{""type"":""MultiPoint"",""coordinates"":[]}"
VHI_M_2021-10_00000000000000000053,0.40366459225351675,1.9237404988612368,84,10,Wet,2021,2021-10,"{""type"":""MultiPoint"",""coordinates"":[]}"
VHI_M_2021-10_00000000000000000054,0.4080014676963809,1.897068941040285,85,10,Wet,2021,2021-10,"{""type"":""MultiPoint"",""coordinates"":[]}"
VHI_M_2021-10_00000000000000000055,0.3997208062349583,1.939537640782454,86,10,Wet,2021,2021-10,"{""type"":""MultiPoint"",""coordinates"":[]}"
VHI_M_2021-10_00000000000000000056,0.42367447345491666,1.9906739689717003,87,10,Wet,2021,2021-10,"{""type"":""MultiPoint"",""coordinates"":[]}"
VHI_M_2021-10_00000000000000000057,0.38876448676289804,1.805297258855774,88,10,Wet,2021,2021-10,"{""type"":""MultiPoint"",""coordinates"":[]}"
VHI_M_2021-10_000000000000000000de,0.4959387268326021,2.469788137344022,223,10,Wet,2021,2021-10,"{""type"":""MultiPoint"",""coordinates"":[]}"
VHI_M_2021-10_000000000000000000df,26.489752626488734,2.8366443184921395,224,10,Wet,2021,2021-10,"{""type"":""MultiPoint"",""coordinates"":[]}"
VHI_M_2021-10_000000000000000000e0,3.715294325560311,2.059324040314268,225,10,Wet,2021,2021-10,"{""type"":""MultiPoint"",""coordinates"":[]}"
VHI_M_2021-10_000000000000000000e1,8.080544376449813,2.9599945157070824,226,10,Wet,2021,2021-10,"{""type"":""MultiPoint"",""coordinates"":[]}"
VHI_M_2021-10_000000000000000000ff,0.47934903005998153,2.426536609256388,256,10,Wet,2021,2021-10,"{""type"":""MultiPoint"",""coordinates"":[]}"
VHI_M_2021-10_0000000000000000011c,0.4080345797589407,1.9241025174952278,285,10,Wet,2021,2021-10,"{""type"":""MultiPoint"",""coordinates"":[]}"
VHI_M_2021-10_0000000000000000011d,0.3735428286121097,1.6886493217631025,286,10,Wet,2021,2021-10,"{""type"":""MultiPoint"",""coordinates"":[]}"
VHI_M_2021-10_0000000000000000011e,0.47034873373766206,2.342758743542544,287,10,Wet,2021,2021-10,"{""type"":""MultiPoint"",""coordinates"":[]}"
VHI_M_2021-10_0000000000000000011f,0.4655522746478449,2.277745546309858,288,10,Wet,2021,2021-10,"{""type"":""MultiPoint"",""coordinates"":[]}"
VHI_M_2021-10_000000000000000001c4,8.672305768271087,2.353294987098669,453,10,Wet,2021,2021-10,"{""type"":""MultiPoint"",""coordinates"":[]}"
VHI_M_2021-10_000000000000000001c5,0.4804598529585655,2.3690204265720025,454,10,Wet,2021,2021-10,"{""type"":""MultiPoint"",""coordinates"":[]}"
VHI_M_2021-10_000000000000000001c6,0.4473026399949744,2.131587916759218,455,10,Wet,2021,2021-10,"{""type"":""MultiPoint"",""coordinates"":[]}"
VHI_M_2021-10_00000000000000000003,0.6004006379934421,1.8714999001398043,4,10,Wet,2021,2021-10,"{""type"":""MultiPoint"",""coordinates"":[]}"
VHI_M_2021-10_0000000000000000001b,12.203424351547906,2.7982269503546098,28,10,Wet,2021,2021-10,"{""type"":""MultiPoint"",""coordinates"":[]}"
VHI_M_2021-10_00000000000000000186,64.35596229715873,3.7093722212342164,391,10,Wet,2021,2021-10,"{""type"":""MultiPoint"",""coordinates"":[]}"
VHI_M_2021-10_00000000000000000187,0.6727080146344648,3.6599078783795966,392,10,Wet,2021,2021-10,"{""type"":""MultiPoint"",""coordinates"":[]}"
VHI_M_2021-10_00000000000000000188,2.966504178956243,3.9972323188368697,393,10,Wet,2021,2021-10,"{""type"":""MultiPoint"",""coordinates"":[]}"
VHI_M_2021-10_00000000000000000189,3.4931232954865497,2.337698896419458,394,10,Wet,2021,2021-10,"{""type"":""MultiPoint"",""coordinates"":[]}"
VHI_M_2021-10_0000000000000000018a,0.4838483992635966,2.366882737678112,395,10,Wet,2021,2021-10,"{""type"":""MultiPoint"",""coordinates"":[]}"
VHI_M_2021-10_0000000000000000018f,0.5411265160176704,2.8619808306709262,400,10,Wet,2021,2021-10,"{""type"":""MultiPoint"",""coordinates"":[]}"
VHI_M_2021-10_00000000000000000190,0.44617704082710913,2.224019671282516,401,10,Wet,2021,2021-10,"{""type"":""MultiPoint"",""coordinates"":[]}"
VHI_M_2021-10_0000000000000000021e,0.37989318096295693,1.6355661058932813,543,10,Wet,2021,2021-10,"{""type"":""MultiPoint"",""coordinates"":[]}"
VHI_M_2021-10_0000000000000000021f,0.7249462445656749,3.2445428753063124,544,10,Wet,2021,2021-10,"{""type"":""MultiPoint"",""coordinates"":[]}"
VHI_M_2021-10_00000000000000000220,0.5846140215153093,2.9326060863156633,545,10,Wet,2021,2021-10,"{""type"":""MultiPoint"",""coordinates"":[]}"
VHI_M_2021-10_00000000000000000007,0.5725613222280677,3.0140472977771466,8,10,Wet,2021,2021-10,"{""type"":""MultiPoint"",""coordinates"":[]}"
VHI_M_2021-10_0000000000000000000b,0.4545722167506522,2.2095650084114395,12,10,Wet,2021,2021-10,"{""type"":""MultiPoint"",""coordinates"":[]}"
VHI_M_2021-10_00000000000000000012,0.6293104878008515,3.367026834391088,19,10,Wet,2021,2021-10,"{""type"":""MultiPoint"",""coordinates"":[]}"
VHI_M_2021-10_00000000000000000013,0.6123340752788295,3.278619896310381,20,10,Wet,2021,2021-10,"{""type"":""MultiPoint"",""coordinates"":[]}"
VHI_M_2021-10_00000000000000000014,0.4636597607788217,2.253538421766949,21,10,Wet,2021,2021-10,"{""type"":""MultiPoint"",""coordinates"":[]}"
VHI_M_2021-10_00000000000000000015,0.5193872174561053,2.6183145908933536,22,10,Wet,2021,2021-10,"{""type"":""MultiPoint"",""coordinates"":[]}"
VHI_M_2021-10_00000000000000000016,0.6391263754481499,3.3668915703127182,23,10,Wet,2021,2021-10,"{""type"":""MultiPoint"",""coordinates"":[]}"
VHI_M_2021-10_00000000000000000183,0.5420157389716663,2.772631650223374,388,10,Wet,2021,2021-10,"{""type"":""MultiPoint"",""coordinates"":[]}"
VHI_M_2021-10_00000000000000000184,0.47418212756242184,2.331354696515448,389,10,Wet,2021,2021-10,"{""type"":""MultiPoint"",""coordinates"":[]}"
VHI_M_2021-10_00000000000000000185,4.82169305813952,2.033542396350899,390,10,Wet,2021,2021-10,"{""type"":""MultiPoint"",""coordinates"":[]}"
VHI_M_2021-10_00000000000000000212,0.3726699902164846,1.6759960487323016,531,10,Wet,2021,2021-10,"{""type"":""MultiPoint"",""coordinates"":[]}"
VHI_M_2021-10_00000000000000000213,0.550417083128944,2.827981112812658,532,10,Wet,2021,2021-10,"{""type"":""MultiPoint"",""coordinates"":[]}"
VHI_M_2021-10_00000000000000000214,0.4865548763421368,2.4123878822638765,533,10,Wet,2021,2021-10,"{""type"":""MultiPoint"",""coordinates"":[]}"
VHI_M_2021-10_00000000000000000215,0.5512972100236302,2.859439108458036,534,10,Wet,2021,2021-10,"{""type"":""MultiPoint"",""coordinates"":[]}"
VHI_M_2021-10_0000000000000000005a,75.03163815312243,3.259358078945302,91,10,Wet,2021,2021-10,"{""type"":""MultiPoint"",""coordinates"":[]}"
VHI_M_2021-10_00000000000000000118,53.111100004082104,3.7171158684484107,281,10,Wet,2021,2021-10,"{""type"":""MultiPoint"",""coordinates"":[]}"
VHI_M_2021-10_00000000000000000119,8.384135573679066,2.8279364649991146,282,10,Wet,2021,2021-10,"{""type"":""MultiPoint"",""coordinates"":[]}"
VHI_M_2021-10_0000000000000000011a,3.7594611283535144,2.550519594015349,283,10,Wet,2021,2021-10,"{""type"":""MultiPoint"",""coordinates"":[]}"
VHI_M_2021-10_0000000000000000011b,0.7449577595373653,4.035643156376623,284,10,Wet,2021,2021-10,"{""type"":""MultiPoint"",""coordinates"":[]}"
VHI_M_2021-10_00000000000000000141,10.173591643883022,3.0675134280185947,322,10,Wet,2021,2021-10,"{""type"":""MultiPoint"",""coordinates"":[]}"
VHI_M_2021-10_00000000000000000142,54.35477576858907,4.038460743588153,323,10,Wet,2021,2021-10,"{""type"":""MultiPoint"",""coordinates"":[]}"
VHI_M_2021-10_00000000000000000143,13.728987536722016,3.414628545967826,324,10,Wet,2021,2021-10,"{""type"":""MultiPoint"",""coordinates"":[]}"
VHI_M_2021-10_00000000000000000144,49.14264884185371,3.468470992389641,325,10,Wet,2021,2021-10,"{""type"":""MultiPoint"",""coordinates"":[]}"
VHI_M_2021-10_00000000000000000145,35.108418044734655,3.51958681126348,326,10,Wet,2021,2021-10,"{""type"":""MultiPoint"",""coordinates"":[]}"
VHI_M_2021-10_000000000000000001af,85.87129072067846,3.3349634193299957,432,10,Wet,2021,2021-10,"{""type"":""MultiPoint"",""coordinates"":[]}"
VHI_M_2021-10_0000000000000000004b,0.6801563455189423,3.6722941975263335,76,10,Wet,2021,2021-10,"{""type"":""MultiPoint"",""coordinates"":[]}"
VHI_M_2021-10_0000000000000000004c,0.6196389405340669,3.238613248430175,77,10,Wet,2021,2021-10,"{""type"":""MultiPoint"",""coordinates"":[]}"
VHI_M_2021-10_0000000000000000004d,0.617768036913065,3.2857902236342285,78,10,Wet,2021,2021-10,"{""type"":""MultiPoint"",""coordinates"":[]}"
VHI_M_2021-10_0000000000000000004e,0.5618346353096814,2.9346296328105774,79,10,Wet,2021,2021-10,"{""type"":""MultiPoint"",""coordinates"":[]}"
VHI_M_2021-10_0000000000000000004f,0.5844161227167736,3.0795368630792685,80,10,Wet,2021,2021-10,"{""type"":""MultiPoint"",""coordinates"":[]}"
VHI_M_2021-10_00000000000000000050,0.7516112274114243,4.03163731245923,81,10,Wet,2021,2021-10,"{""type"":""MultiPoint"",""coordinates"":[]}"
VHI_M_2021-10_00000000000000000051,0.5655696781512557,2.8719117294315186,82,10,Wet,2021,2021-10,"{""type"":""MultiPoint"",""coordinates"":[]}"
VHI_M_2021-10_00000000000000000052,0.6611368555931306,3.652434566457085,83,10,Wet,2021,2021-10,"{""type"":""MultiPoint"",""coordinates"":[]}"
VHI_M_2021-10_000000000000000000aa,0.5108086540861999,2.6031921764000368,171,10,Wet,2021,2021-10,"{""type"":""MultiPoint"",""coordinates"":[]}"
VHI_M_2021-10_000000000000000000ab,0.6576549959729165,3.55406003956824,172,10,Wet,2021,2021-10,"{""type"":""MultiPoint"",""coordinates"":[]}"
VHI_M_2021-10_000000000000000000ac,0.6312642245104114,3.384955264457278,173,10,Wet,2021,2021-10,"{""type"":""MultiPoint"",""coordinates"":[]}"
VHI_M_2021-10_000000000000000000ad,0.58955562880773,3.0990637555637477,174,10,Wet,2021,2021-10,"{""type"":""MultiPoint"",""coordinates"":[]}"
VHI_M_2021-10_000000000000000000ae,0.47582187952904875,2.171247938427708,175,10,Wet,2021,2021-10,"{""type"":""MultiPoint"",""coordinates"":[]}"
VHI_M_2021-10_000000000000000000af,0.6311457059535239,3.4139435279187813,176,10,Wet,2021,2021-10,"{""type"":""MultiPoint"",""coordinates"":[]}"
VHI_M_2021-10_000000000000000000b0,0.7803329552256462,4.235916048603439,177,10,Wet,2021,2021-10,"{""type"":""MultiPoint"",""coordinates"":[]}"
VHI_M_2021-10_000000000000000001c7,0.5564072160020356,2.886335557202867,456,10,Wet,2021,2021-10,"{""type"":""MultiPoint"",""coordinates"":[]}"
VHI_M_2021-10_000000000000000001c8,0.5493007137019581,2.8317142814383547,457,10,Wet,2021,2021-10,"{""type"":""MultiPoint"",""coordinates"":[]}"
VHI_M_2021-10_000000000000000001c9,0.5064199567805273,2.5354542756275817,458,10,Wet,2021,2021-10,"{""type"":""MultiPoint"",""coordinates"":[]}"
VHI_M_2021-10_000000000000000001ca,0.6317674767338642,3.323252354982647,459,10,Wet,2021,2021-10,"{""type"":""MultiPoint"",""coordinates"":[]}"
VHI_M_2021-10_0000000000000000020a,0.5584247459469323,2.8425954672461975,523,10,Wet,2021,2021-10,"{""type"":""MultiPoint"",""coordinates"":[]}"
VHI_M_2021-10_0000000000000000020b,0.9664348636905352,3.0798346630191697,524,10,Wet,2021,2021-10,"{""type"":""MultiPoint"",""coordinates"":[]}"
VHI_M_2021-10_0000000000000000020c,0.5843410907629408,3.0530036637749483,525,10,Wet,2021,2021-10,"{""type"":""MultiPoint"",""coordinates"":[]}"
VHI_M_2021-10_000000000000000001ab,0.490828822707281,2.4219757544493166,428,10,Wet,2021,2021-10,"{""type"":""MultiPoint"",""coordinates"":[]}"
VHI_M_2021-10_000000000000000001ac,0.4951330129834167,2.47104803437767,429,10,Wet,2021,2021-10,"{""type"":""MultiPoint"",""coordinates"":[]}"
VHI_M_2021-10_000000000000000001ad,8.05814552445643,2.8208243999372478,430,10,Wet,2021,2021-10,"{""type"":""MultiPoint"",""coordinates"":[]}"
VHI_M_2021-10_000000000000000001ae,45.43738996385336,2.8271647495675944,431,10,Wet,2021,2021-10,"{""type"":""MultiPoint"",""coordinates"":[]}"
VHI_M_2021-10_000000000000000001c3,39.003531395317374,2.7120798498549736,452,10,Wet,2021,2021-10,"{""type"":""MultiPoint"",""coordinates"":[]}"
VHI_M_2021-10_00000000000000000037,0.7031445345493978,3.8542901325224186,56,10,Wet,2021,2021-10,"{""type"":""MultiPoint"",""coordinates"":[]}"
VHI_M_2021-10_00000000000000000038,0.6880899975290958,3.707140052589623,57,10,Wet,2021,2021-10,"{""type"":""MultiPoint"",""coordinates"":[]}"
VHI_M_2021-10_00000000000000000039,0.565608677617501,2.9805384511663444,58,10,Wet,2021,2021-10,"{""type"":""MultiPoint"",""coordinates"":[]}"
VHI_M_2021-10_0000000000000000003a,0.6489098305300763,3.4836225252570987,59,10,Wet,2021,2021-10,"{""type"":""MultiPoint"",""coordinates"":[]}"
VHI_M_2021-10_0000000000000000003b,0.6784187231925156,3.6916229685470614,60,10,Wet,2021,2021-10,"{""type"":""MultiPoint"",""coordinates"":[]}"
VHI_M_2021-10_0000000000000000003c,0.834941323876166,4.649717126849641,61,10,Wet,2021,2021-10,"{""type"":""MultiPoint"",""coordinates"":[]}"
VHI_M_2021-10_0000000000000000003d,0.863933654776056,4.687205646835518,62,10,Wet,2021,2021-10,"{""type"":""MultiPoint"",""coordinates"":[]}"
VHI_M_2021-10_0000000000000000003e,10.650508455194986,4.095453629398607,63,10,Wet,2021,2021-10,"{""type"":""MultiPoint"",""coordinates"":[]}"
VHI_M_2021-10_0000000000000000003f,0.7837687078011849,4.391156101103494,64,10,Wet,2021,2021-10,"{""type"":""MultiPoint"",""coordinates"":[]}"
VHI_M_2021-10_00000000000000000044,0.7553029798203186,4.189778591643082,69,10,Wet,2021,2021-10,"{""type"":""MultiPoint"",""coordinates"":[]}"
VHI_M_2021-10_00000000000000000076,0.7419348262408403,4.116734495653443,119,10,Wet,2021,2021-10,"{""type"":""MultiPoint"",""coordinates"":[]}"
VHI_M_2021-10_00000000000000000077,6.001767663816805,3.8130734966592432,120,10,Wet,2021,2021-10,"{""type"":""MultiPoint"",""coordinates"":[]}"
VHI_M_2021-10_00000000000000000078,0.7245576371132463,3.9799157647079006,121,10,Wet,2021,2021-10,"{""type"":""MultiPoint"",""coordinates"":[]}"
VHI_M_2021-10_00000000000000000079,0.7594153216950082,4.085723330167775,122,10,Wet,2021,2021-10,"{""type"":""MultiPoint"",""coordinates"":[]}"
VHI_M_2021-10_0000000000000000008b,0.4600993134903852,2.599630484988453,140,10,Wet,2021,2021-10,"{""type"":""MultiPoint"",""coordinates"":[]}"
VHI_M_2021-10_0000000000000000008c,1.6215363636896698,3.155687509441417,141,10,Wet,2021,2021-10,"{""type"":""MultiPoint"",""coordinates"":[]}"
VHI_M_2021-10_0000000000000000008d,9.943117716103211,2.9189450428058556,142,10,Wet,2021,2021-10,"{""type"":""MultiPoint"",""coordinates"":[]}"
VHI_M_2021-10_0000000000000000008e,0.5806179939344189,3.0263143030058495,143,10,Wet,2021,2021-10,"{""type"":""MultiPoint"",""coordinates"":[]}"
VHI_M_2021-10_0000000000000000008f,0.6744858079378474,3.627345215759848,144,10,Wet,2021,2021-10,"{""type"":""MultiPoint"",""coordinates"":[]}"
VHI_M_2021-10_00000000000000000090,0.617565804263002,3.2669621076597797,145,10,Wet,2021,2021-10,"{""type"":""MultiPoint"",""coordinates"":[]}"
VHI_M_2021-10_00000000000000000091,0.5748641193805186,2.9759035202901254,146,10,Wet,2021,2021-10,"{""type"":""MultiPoint"",""coordinates"":[]}"
VHI_M_2021-10_000000000000000000b5,36.223979414369836,3.749435099171478,182,10,Wet,2021,2021-10,"{""type"":""MultiPoint"",""coordinates"":[]}"
VHI_M_2021-10_000000000000000000cc,9.04025148188399,3.650366949781481,205,10,Wet,2021,2021-10,"{""type"":""MultiPoint"",""coordinates"":[]}"
VHI_M_2021-10_000000000000000000cd,0.9183452056255937,3.428374249006021,206,10,Wet,2021,2021-10,"{""type"":""MultiPoint"",""coordinates"":[]}"
VHI_M_2021-10_000000000000000001dd,0.6776756248914445,3.6752186357131507,478,10,Wet,2021,2021-10,"{""type"":""MultiPoint"",""coordinates"":[]}"
VHI_M_2021-10_000000000000000001de,0.656046716926379,3.5528254835937387,479,10,Wet,2021,2021-10,"{""type"":""MultiPoint"",""coordinates"":[]}"
VHI_M_2021-10_000000000000000001df,0.6076234597213394,3.2455400975187656,480,10,Wet,2021,2021-10,"{""type"":""MultiPoint"",""coordinates"":[]}"
VHI_M_2021-10_000000000000000001e0,0.6614799742049248,3.55819703740671,481,10,Wet,2021,2021-10,"{""type"":""MultiPoint"",""coordinates"":[]}"
VHI_M_2021-10_000000000000000001e1,0.7293150200111718,4.016081316847455,482,10,Wet,2021,2021-10,"{""type"":""MultiPoint"",""coordinates"":[]}"
VHI_M_2021-10_0000000000000000007a,0.8265196355164873,4.626797587753208,123,10,Wet,2021,2021-10,"{""type"":""MultiPoint"",""coordinates"":[]}"
VHI_M_2021-10_0000000000000000007b,0.6512980386220613,3.478595403345091,124,10,Wet,2021,2021-10,"{""type"":""MultiPoint"",""coordinates"":[]}"
VHI_M_2021-10_0000000000000000007c,0.6376745497975692,3.407773202007731,125,10,Wet,2021,2021-10,"{""type"":""MultiPoint"",""coordinates"":[]}"
VHI_M_2021-10_0000000000000000007d,0.7142362838883793,3.900552392810166,126,10,Wet,2021,2021-10,"{""type"":""MultiPoint"",""coordinates"":[]}"
VHI_M_2021-10_0000000000000000007e,19.5762024753095,3.906369435233644,127,10,Wet,2021,2021-10,"{""type"":""MultiPoint"",""coordinates"":[]}"
VHI_M_2021-10_0000000000000000007f,14.05422661102774,3.694697834466559,128,10,Wet,2021,2021-10,"{""type"":""MultiPoint"",""coordinates"":[]}"
VHI_M_2021-10_00000000000000000080,0.7340546704621466,4.044885582313741,129,10,Wet,2021,2021-10,"{""type"":""MultiPoint"",""coordinates"":[]}"
VHI_M_2021-10_00000000000000000088,4.719146256946541,3.7858426466309556,137,10,Wet,2021,2021-10,"{""type"":""MultiPoint"",""coordinates"":[]}"
VHI_M_2021-10_00000000000000000089,0.776713435838812,4.220277786158967,138,10,Wet,2021,2021-10,"{""type"":""MultiPoint"",""coordinates"":[]}"
VHI_M_2021-10_0000000000000000008a,0.7178980314588917,3.900092557035809,139,10,Wet,2021,2021-10,"{""type"":""MultiPoint"",""coordinates"":[]}"
VHI_M_2021-10_00000000000000000099,0.6151944621954054,3.248071134691969,154,10,Wet,2021,2021-10,"{""type"":""MultiPoint"",""coordinates"":[]}"
VHI_M_2021-10_0000000000000000009a,2.9036970327269627,3.4545486798116896,155,10,Wet,2021,2021-10,"{""type"":""MultiPoint"",""coordinates"":[]}"
VHI_M_2021-10_00000000000000000112,0.8269749821959171,4.624126875071569,275,10,Wet,2021,2021-10,"{""type"":""MultiPoint"",""coordinates"":[]}"
VHI_M_2021-10_000000000000000001d8,0.5295993882002421,2.6714720578944355,473,10,Wet,2021,2021-10,"{""type"":""MultiPoint"",""coordinates"":[]}"
VHI_M_2021-10_00000000000000000001,0.7310598585084349,4.077383512544803,2,10,Wet,2021,2021-10,"{""type"":""MultiPoint"",""coordinates"":[]}"
VHI_M_2021-10_00000000000000000030,0.6293225338090677,3.347434247416632,49,10,Wet,2021,2021-10,"{""type"":""MultiPoint"",""coordinates"":[]}"
VHI_M_2021-10_00000000000000000031,0.7452242402528138,4.119915348001711,50,10,Wet,2021,2021-10,"{""type"":""MultiPoint"",""coordinates"":[]}"
VHI_M_2021-10_00000000000000000032,0.6410855126871456,3.3841833204444627,51,10,Wet,2021,2021-10,"{""type"":""MultiPoint"",""coordinates"":[]}"
VHI_M_2021-10_000000000000000000d7,0.7869011762773201,4.393446786097232,216,10,Wet,2021,2021-10,"{""type"":""MultiPoint"",""coordinates"":[]}"
VHI_M_2021-10_000000000000000000d8,0.8216435187021472,4.638795623376692,217,10,Wet,2021,2021-10,"{""type"":""MultiPoint"",""coordinates"":[]}"
VHI_M_2021-10_000000000000000000d9,0.7635964216495328,4.256681961111468,218,10,Wet,2021,2021-10,"{""type"":""MultiPoint"",""coordinates"":[]}"
VHI_M_2021-10_000000000000000000da,0.8658738633177543,4.841154665355949,219,10,Wet,2021,2021-10,"{""type"":""MultiPoint"",""coordinates"":[]}"
VHI_M_2021-10_00000000000000000132,0.6346684147857559,3.378312942367617,307,10,Wet,2021,2021-10,"{""type"":""MultiPoint"",""coordinates"":[]}"
VHI_M_2021-10_00000000000000000133,81.86094239527863,4.532060806949367,308,10,Wet,2021,2021-10,"{""type"":""MultiPoint"",""coordinates"":[]}"
VHI_M_2021-10_00000000000000000134,0.691824414928861,3.7726148322871227,309,10,Wet,2021,2021-10,"{""type"":""MultiPoint"",""coordinates"":[]}"
VHI_M_2021-10_00000000000000000135,24.753692676796216,3.8990351717531144,310,10,Wet,2021,2021-10,"{""type"":""MultiPoint"",""coordinates"":[]}"
VHI_M_2021-10_0000000000000000001f,0.7586367857884874,4.218366522902187,32,10,Wet,2021,2021-10,"{""type"":""MultiPoint"",""coordinates"":[]}"
VHI_M_2021-10_00000000000000000020,0.7914720491697105,4.4446743984415535,33,10,Wet,2021,2021-10,"{""type"":""MultiPoint"",""coordinates"":[]}"
VHI_M_2021-10_00000000000000000021,0.7601870510918668,4.222811544570418,34,10,Wet,2021,2021-10,"{""type"":""MultiPoint"",""coordinates"":[]}"
VHI_M_2021-10_00000000000000000045,0.7752944873941512,4.327800996906787,70,10,Wet,2021,2021-10,"{""type"":""MultiPoint"",""coordinates"":[]}"
VHI_M_2021-10_00000000000000000046,0.8656110127243488,4.920340719908725,71,10,Wet,2021,2021-10,"{""type"":""MultiPoint"",""coordinates"":[]}"
VHI_M_2021-10_00000000000000000047,0.8338215662462595,4.698279921122959,72,10,Wet,2021,2021-10,"{""type"":""MultiPoint"",""coordinates"":[]}"
VHI_M_2021-10_00000000000000000048,0.7476549013973093,4.151570093517747,73,10,Wet,2021,2021-10,"{""type"":""MultiPoint"",""coordinates"":[]}"
VHI_M_2021-10_00000000000000000072,0.8003447250644278,4.484687903697936,115,10,Wet,2021,2021-10,"{""type"":""MultiPoint"",""coordinates"":[]}"
VHI_M_2021-10_00000000000000000073,0.759983546653061,4.236323490607334,116,10,Wet,2021,2021-10,"{""type"":""MultiPoint"",""coordinates"":[]}"
VHI_M_2021-10_00000000000000000074,0.8388245971223721,4.7333646832383725,117,10,Wet,2021,2021-10,"{""type"":""MultiPoint"",""coordinates"":[]}"
VHI_M_2021-10_00000000000000000075,0.7731982954588452,4.313732988512452,118,10,Wet,2021,2021-10,"{""type"":""MultiPoint"",""coordinates"":[]}"
VHI_M_2021-10_000000000000000000b4,0.772576787723868,4.258547675299782,181,10,Wet,2021,2021-10,"{""type"":""MultiPoint"",""coordinates"":[]}"
VHI_M_2021-10_000000000000000000e8,0.7543518369556973,4.1599795987759265,233,10,Wet,2021,2021-10,"{""type"":""MultiPoint"",""coordinates"":[]}"
VHI_M_2021-10_000000000000000000e9,0.7196138854766684,3.967015868066516,234,10,Wet,2021,2021-10,"{""type"":""MultiPoint"",""coordinates"":[]}"
VHI_M_2021-10_000000000000000000ea,0.7910818040057745,4.434971470893975,235,10,Wet,2021,2021-10,"{""type"":""MultiPoint"",""coordinates"":[]}"
VHI_M_2021-10_00000000000000000022,0.7366961473760093,4.10366082118459,35,10,Wet,2021,2021-10,"{""type"":""MultiPoint"",""coordinates"":[]}"
VHI_M_2021-10_00000000000000000023,0.7781235494156116,4.354719417307564,36,10,Wet,2021,2021-10,"{""type"":""MultiPoint"",""coordinates"":[]}"
VHI_M_2021-10_00000000000000000024,0.7671662393467591,4.279565837025038,37,10,Wet,2021,2021-10,"{""type"":""MultiPoint"",""coordinates"":[]}"
VHI_M_2021-10_00000000000000000025,0.7408414967615762,4.119675089793227,38,10,Wet,2021,2021-10,"{""type"":""MultiPoint"",""coordinates"":[]}"
VHI_M_2021-10_000000000000000000f0,0.7803304678881242,4.216403010290277,241,10,Wet,2021,2021-10,"{""type"":""MultiPoint"",""coordinates"":[]}"
VHI_M_2021-10_000000000000000000f4,0.6570480126963953,3.557158584832624,245,10,Wet,2021,2021-10,"{""type"":""MultiPoint"",""coordinates"":[]}"
VHI_M_2021-10_000000000000000000f5,0.7729463181507314,4.325266813564585,246,10,Wet,2021,2021-10,"{""type"":""MultiPoint"",""coordinates"":[]}"
VHI_M_2021-10_000000000000000000f6,0.6810756062216772,3.730985045754956,247,10,Wet,2021,2021-10,"{""type"":""MultiPoint"",""coordinates"":[]}"
VHI_M_2021-10_000000000000000000f7,0.6865964307529147,3.7150460593654038,248,10,Wet,2021,2021-10,"{""type"":""MultiPoint"",""coordinates"":[]}"
VHI_M_2021-10_000000000000000000f8,0.7099058900123012,3.916781237774423,249,10,Wet,2021,2021-10,"{""type"":""MultiPoint"",""coordinates"":[]}"
VHI_M_2021-10_00000000000000000000,0.681979598800247,3.6958170399336416,1,10,Wet,2021,2021-10,"{""type"":""MultiPoint"",""coordinates"":[]}"
VHI_M_2021-10_000000000000000000f2,0.6890076176702835,3.74940273411799,243,10,Wet,2021,2021-10,"{""type"":""MultiPoint"",""coordinates"":[]}"
VHI_M_2021-10_000000000000000000f3,0.673628094393027,3.65806905705823,244,10,Wet,2021,2021-10,"{""type"":""MultiPoint"",""coordinates"":[]}"
VHI_M_2021-10_00000000000000000106,0.6986592581363105,3.8248416100365907,263,10,Wet,2021,2021-10,"{""type"":""MultiPoint"",""coordinates"":[]}"
VHI_M_2021-10_00000000000000000107,0.7503496077243084,4.1715434258318815,264,10,Wet,2021,2021-10,"{""type"":""MultiPoint"",""coordinates"":[]}"
VHI_M_2021-10_00000000000000000108,0.676526633554933,3.6790373408052637,265,10,Wet,2021,2021-10,"{""type"":""MultiPoint"",""coordinates"":[]}"
VHI_M_2021-10_0000000000000000012c,0.7659629572206484,4.274982421397184,301,10,Wet,2021,2021-10,"{""type"":""MultiPoint"",""coordinates"":[]}"
VHI_M_2021-10_0000000000000000012d,0.7079423620557597,3.889999515740749,302,10,Wet,2021,2021-10,"{""type"":""MultiPoint"",""coordinates"":[]}"
VHI_M_2021-10_0000000000000000012e,0.7708244312202835,4.306611602339359,303,10,Wet,2021,2021-10,"{""type"":""MultiPoint"",""coordinates"":[]}"
VHI_M_2021-10_000000000000000000a5,0.5233596339809965,2.6633637829124117,166,10,Wet,2021,2021-10,"{""type"":""MultiPoint"",""coordinates"":[]}"
VHI_M_2021-10_000000000000000000a6,0.49712939921807875,2.4764122035235534,167,10,Wet,2021,2021-10,"{""type"":""MultiPoint"",""coordinates"":[]}"
VHI_M_2021-10_000000000000000000c1,45.965991480849965,3.6836893983319214,194,10,Wet,2021,2021-10,"{""type"":""MultiPoint"",""coordinates"":[]}"
VHI_M_2021-10_00000000000000000120,2.871790935501534,3.57834869582271,289,10,Wet,2021,2021-10,"{""type"":""MultiPoint"",""coordinates"":[]}"
VHI_M_2021-10_000000000000000001d9,5.67264898077085,3.3772850645730963,474,10,Wet,2021,2021-10,"{""type"":""MultiPoint"",""coordinates"":[]}"
VHI_M_2021-10_000000000000000001da,0.5988869071127224,3.1261177817820487,475,10,Wet,2021,2021-10,"{""type"":""MultiPoint"",""coordinates"":[]}"
VHI_M_2021-10_000000000000000001db,0.5551219036269285,2.857687145792122,476,10,Wet,2021,2021-10,"{""type"":""MultiPoint"",""coordinates"":[]}"
VHI_M_2021-10_000000000000000001dc,0.5654899082635787,2.85012285012285,477,10,Wet,2021,2021-10,"{""type"":""MultiPoint"",""coordinates"":[]}"
VHI_M_2021-10_000000000000000001e2,54.628653347898556,3.0471327572663,483,10,Wet,2021,2021-10,"{""type"":""MultiPoint"",""coordinates"":[]}"
VHI_M_2021-10_000000000000000001e3,4.581443400823716,2.8190925633385975,484,10,Wet,2021,2021-10,"{""type"":""MultiPoint"",""coordinates"":[]}"
VHI_M_2021-10_000000000000000001e4,80.56749725643417,3.585298957761931,485,10,Wet,2021,2021-10,"{""type"":""MultiPoint"",""coordinates"":[]}"
VHI_M_2021-10_000000000000000001e5,26.610275439762866,2.7508875739644982,486,10,Wet,2021,2021-10,"{""type"":""MultiPoint"",""coordinates"":[]}"
VHI_M_2021-10_000000000000000001e6,1.2069596536499676,3.2834578872954965,487,10,Wet,2021,2021-10,"{""type"":""MultiPoint"",""coordinates"":[]}"
VHI_M_2021-10_000000000000000001e7,16.1529898690774,3.6454080969681866,488,10,Wet,2021,2021-10,"{""type"":""MultiPoint"",""coordinates"":[]}"
VHI_M_2021-10_000000000000000001e8,0.6188785367458574,3.28247037756696,489,10,Wet,2021,2021-10,"{""type"":""MultiPoint"",""coordinates"":[]}"
VHI_M_2021-10_000000000000000001e9,58.78209664470506,3.582866195466732,490,10,Wet,2021,2021-10,"{""type"":""MultiPoint"",""coordinates"":[]}"
VHI_M_2021-10_000000000000000000e2,0.5375163133789902,2.7388588088296535,227,10,Wet,2021,2021-10,"{""type"":""MultiPoint"",""coordinates"":[]}"
VHI_M_2021-10_000000000000000000e3,0.6198426016346311,3.298319766026743,228,10,Wet,2021,2021-10,"{""type"":""MultiPoint"",""coordinates"":[]}"
VHI_M_2021-10_000000000000000000e4,25.40317696808665,3.6410963944076524,229,10,Wet,2021,2021-10,"{""type"":""MultiPoint"",""coordinates"":[]}"
VHI_M_2021-10_000000000000000000e5,1.3771844173479606,3.96312775708147,230,10,Wet,2021,2021-10,"{""type"":""MultiPoint"",""coordinates"":[]}"
VHI_M_2021-10_000000000000000000e6,0.47147154380020234,2.417112299465241,231,10,Wet,2021,2021-10,"{""type"":""MultiPoint"",""coordinates"":[]}"
VHI_M_2021-10_000000000000000000e7,0.48272886910738183,2.4121930919683727,232,10,Wet,2021,2021-10,"{""type"":""MultiPoint"",""coordinates"":[]}"
VHI_M_2021-10_0000000000000000017f,0.5672742972670545,2.970863020808757,384,10,Wet,2021,2021-10,"{""type"":""MultiPoint"",""coordinates"":[]}"
VHI_M_2021-10_00000000000000000180,0.5318046248262509,2.735579645327798,385,10,Wet,2021,2021-10,"{""type"":""MultiPoint"",""coordinates"":[]}"
VHI_M_2021-10_00000000000000000203,0.4277512293254126,2.044069890223737,516,10,Wet,2021,2021-10,"{""type"":""MultiPoint"",""coordinates"":[]}"
VHI_M_2021-10_00000000000000000204,0.45871062547986075,2.2379370926608106,517,10,Wet,2021,2021-10,"{""type"":""MultiPoint"",""coordinates"":[]}"
VHI_M_2021-10_00000000000000000205,0.5659868526588896,2.968411592614072,518,10,Wet,2021,2021-10,"{""type"":""MultiPoint"",""coordinates"":[]}"
VHI_M_2021-10_00000000000000000206,0.47451436970083294,2.333138932089164,519,10,Wet,2021,2021-10,"{""type"":""MultiPoint"",""coordinates"":[]}"
VHI_M_2021-10_00000000000000000207,0.5934929422122517,3.1270204479065256,520,10,Wet,2021,2021-10,"{""type"":""MultiPoint"",""coordinates"":[]}"
VHI_M_2021-10_00000000000000000208,0.40355163841119307,2.01326122388502,521,10,Wet,2021,2021-10,"{""type"":""MultiPoint"",""coordinates"":[]}"
VHI_M_2021-10_00000000000000000209,0.4988098003814117,2.53277734678045,522,10,Wet,2021,2021-10,"{""type"":""MultiPoint"",""coordinates"":[]}"
VHI_M_2021-10_0000000000000000000e,0.5697770067254295,2.9983676631299363,15,10,Wet,2021,2021-10,"{""type"":""MultiPoint"",""coordinates"":[]}"
VHI_M_2021-10_00000000000000000124,0.4769097141715935,2.3946908836884395,293,10,Wet,2021,2021-10,"{""type"":""MultiPoint"",""coordinates"":[]}"
VHI_M_2021-10_00000000000000000125,13.424300996171587,2.0386492888722656,294,10,Wet,2021,2021-10,"{""type"":""MultiPoint"",""coordinates"":[]}"
VHI_M_2021-10_00000000000000000126,0.3531823312923219,1.6311140473931436,295,10,Wet,2021,2021-10,"{""type"":""MultiPoint"",""coordinates"":[]}"
VHI_M_2021-10_00000000000000000127,0.5538666474750517,2.8896459513664263,296,10,Wet,2021,2021-10,"{""type"":""MultiPoint"",""coordinates"":[]}"
VHI_M_2021-10_00000000000000000128,0.39510116913222343,1.6012405848471425,297,10,Wet,2021,2021-10,"{""type"":""MultiPoint"",""coordinates"":[]}"
VHI_M_2021-10_00000000000000000129,0.34193628544937815,1.5639073535081358,298,10,Wet,2021,2021-10,"{""type"":""MultiPoint"",""coordinates"":[]}"
VHI_M_2021-10_0000000000000000012a,0.24032265038583134,1.13270029634979,299,10,Wet,2021,2021-10,"{""type"":""MultiPoint"",""coordinates"":[]}"
VHI_M_2021-10_0000000000000000012b,0.22937051048114523,1.1066917402396277,300,10,Wet,2021,2021-10,"{""type"":""MultiPoint"",""coordinates"":[]}"
VHI_M_2021-10_00000000000000000174,0.3149072002297414,1.2728775692582666,373,10,Wet,2021,2021-10,"{""type"":""MultiPoint"",""coordinates"":[]}"
VHI_M_2021-10_00000000000000000175,0.24910081573651843,1.0999272802509592,374,10,Wet,2021,2021-10,"{""type"":""MultiPoint"",""coordinates"":[]}"
VHI_M_2021-10_00000000000000000176,0.3298926907715327,1.3926909434085069,375,10,Wet,2021,2021-10,"{""type"":""MultiPoint"",""coordinates"":[]}"
VHI_M_2021-10_00000000000000000177,0.3386470245899082,1.4351107356593242,376,10,Wet,2021,2021-10,"{""type"":""MultiPoint"",""coordinates"":[]}"
VHI_M_2021-10_00000000000000000195,0.5633718728228101,2.897677649861056,406,10,Wet,2021,2021-10,"{""type"":""MultiPoint"",""coordinates"":[]}"
VHI_M_2021-10_00000000000000000196,0.6970991494096928,3.825808254213882,407,10,Wet,2021,2021-10,"{""type"":""MultiPoint"",""coordinates"":[]}"
VHI_M_2021-10_00000000000000000197,3.395118962760541,3.489988507306071,408,10,Wet,2021,2021-10,"{""type"":""MultiPoint"",""coordinates"":[]}"
VHI_M_2021-10_00000000000000000198,0.5669669549151514,2.9050192247739792,409,10,Wet,2021,2021-10,"{""type"":""MultiPoint"",""coordinates"":[]}"
VHI_M_2021-10_00000000000000000199,0.5330995153118475,2.682036630477278,410,10,Wet,2021,2021-10,"{""type"":""MultiPoint"",""coordinates"":[]}"
VHI_M_2021-10_00000000000000000035,0.7445721914949794,4.16887417218543,54,10,Wet,2021,2021-10,"{""type"":""MultiPoint"",""coordinates"":[]}"
VHI_M_2021-10_000000000000000000ce,0.7338131598587696,4.041478312298749,207,10,Wet,2021,2021-10,"{""type"":""MultiPoint"",""coordinates"":[]}"
VHI_M_2021-10_000000000000000000cf,0.5821528670816231,2.9913925793908,208,10,Wet,2021,2021-10,"{""type"":""MultiPoint"",""coordinates"":[]}"
VHI_M_2021-10_000000000000000000d0,3.491644324757974,3.782255228172339,209,10,Wet,2021,2021-10,"{""type"":""MultiPoint"",""coordinates"":[]}"
VHI_M_2021-10_000000000000000000d1,27.28874079806557,3.505875896984275,210,10,Wet,2021,2021-10,"{""type"":""MultiPoint"",""coordinates"":[]}"
VHI_M_2021-10_000000000000000001ea,0.8204247052332624,4.595193274532943,491,10,Wet,2021,2021-10,"{""type"":""MultiPoint"",""coordinates"":[]}"
VHI_M_2021-10_000000000000000001eb,0.8474287997060836,4.66083780065468,492,10,Wet,2021,2021-10,"{""type"":""MultiPoint"",""coordinates"":[]}"
VHI_M_2021-10_000000000000000001ec,0.8088674616763651,4.574245111078273,493,10,Wet,2021,2021-10,"{""type"":""MultiPoint"",""coordinates"":[]}"
VHI_M_2021-10_000000000000000001ed,0.8115067380299009,4.538896918838261,494,10,Wet,2021,2021-10,"{""type"":""MultiPoint"",""coordinates"":[]}"
VHI_M_2021-10_000000000000000001f4,9.095176185696488,3.647542079233373,501,10,Wet,2021,2021-10,"{""type"":""MultiPoint"",""coordinates"":[]}"
VHI_M_2021-10_000000000000000001f5,0.6254236904581185,3.322867213694154,502,10,Wet,2021,2021-10,"{""type"":""MultiPoint"",""coordinates"":[]}"
VHI_M_2021-10_000000000000000001f6,0.6555770236371096,3.5400689980090894,503,10,Wet,2021,2021-10,"{""type"":""MultiPoint"",""coordinates"":[]}"
VHI_M_2021-10_000000000000000001f7,50.34303148187162,3.755804227045681,504,10,Wet,2021,2021-10,"{""type"":""MultiPoint"",""coordinates"":[]}"
VHI_M_2021-10_000000000000000001f8,0.7948557992096257,4.474573424362484,505,10,Wet,2021,2021-10,"{""type"":""MultiPoint"",""coordinates"":[]}"
VHI_M_2021-10_000000000000000001f9,0.6952846157465681,3.7088207158484963,506,10,Wet,2021,2021-10,"{""type"":""MultiPoint"",""coordinates"":[]}"
VHI_M_2021-10_000000000000000001fa,25.275718761004438,3.3747437225308508,507,10,Wet,2021,2021-10,"{""type"":""MultiPoint"",""coordinates"":[]}"
VHI_M_2021-10_000000000000000001fb,8.077105973428132,3.8214103374284614,508,10,Wet,2021,2021-10,"{""type"":""MultiPoint"",""coordinates"":[]}"
VHI_M_2021-10_000000000000000001fc,0.6374483378570711,3.3018749411136596,509,10,Wet,2021,2021-10,"{""type"":""MultiPoint"",""coordinates"":[]}"
VHI_M_2021-10_000000000000000001fd,0.7007926662761194,3.8143452407432146,510,10,Wet,2021,2021-10,"{""type"":""MultiPoint"",""coordinates"":[]}"
VHI_M_2021-10_00000000000000000049,0.5256285741786163,2.7196775321092033,74,10,Wet,2021,2021-10,"{""type"":""MultiPoint"",""coordinates"":[]}"
VHI_M_2021-10_0000000000000000004a,37.385851607811546,3.409504821743127,75,10,Wet,2021,2021-10,"{""type"":""MultiPoint"",""coordinates"":[]}"
VHI_M_2021-10_000000000000000000fd,71.48840614117229,4.143652855081426,254,10,Wet,2021,2021-10,"{""type"":""MultiPoint"",""coordinates"":[]}"
VHI_M_2021-10_000000000000000000fe,6.002698194349205,3.2257976991534627,255,10,Wet,2021,2021-10,"{""type"":""MultiPoint"",""coordinates"":[]}"
VHI_M_2021-10_00000000000000000191,0.594028525639915,3.069698600645856,402,10,Wet,2021,2021-10,"{""type"":""MultiPoint"",""coordinates"":[]}"
VHI_M_2021-10_0000000000000000016e,18.947367707602577,3.029575103855402,367,10,Wet,2021,2021-10,"{""type"":""MultiPoint"",""coordinates"":[]}"
VHI_M_2021-10_0000000000000000016f,0.5594656513238077,2.9205948033179774,368,10,Wet,2021,2021-10,"{""type"":""MultiPoint"",""coordinates"":[]}"
VHI_M_2021-10_00000000000000000170,2.0981242173408243,3.398858294944381,369,10,Wet,2021,2021-10,"{""type"":""MultiPoint"",""coordinates"":[]}"
VHI_M_2021-10_00000000000000000181,35.93709330338556,3.514369438657298,386,10,Wet,2021,2021-10,"{""type"":""MultiPoint"",""coordinates"":[]}"
VHI_M_2021-10_00000000000000000182,0.6012860813901434,3.2077151113173947,387,10,Wet,2021,2021-10,"{""type"":""MultiPoint"",""coordinates"":[]}"
VHI_M_2021-10_00000000000000000228,0.760908714030636,4.181809095452273,553,10,Wet,2021,2021-10,"{""type"":""MultiPoint"",""coordinates"":[]}"
VHI_M_2021-11_00000000000000000017,46.47622455738585,2.4079708592243403,24,11,Dry,2021,2021-11,"{""type"":""MultiPoint"",""coordinates"":[]}"
VHI_M_2021-11_00000000000000000018,232.383277801106,4.744266551276502,25,11,Dry,2021,2021-11,"{""type"":""MultiPoint"",""coordinates"":[]}"
VHI_M_2021-11_00000000000000000019,30.101706053886563,2.4679304076863153,26,11,Dry,2021,2021-11,"{""type"":""MultiPoint"",""coordinates"":[]}"
VHI_M_2021-11_0000000000000000001a,13.622680145196531,2.1054604949212625,27,11,Dry,2021,2021-11,"{""type"":""MultiPoint"",""coordinates"":[]}"
VHI_M_2021-11_0000000000000000005b,160.26586005923204,4.148658069013593,92,11,Dry,2021,2021-11,"{""type"":""MultiPoint"",""coordinates"":[]}"
VHI_M_2021-11_0000000000000000005c,60.19483990255467,2.35981588953372,93,11,Dry,2021,2021-11,"{""type"":""MultiPoint"",""coordinates"":[]}"
VHI_M_2021-11_0000000000000000005d,254.0,5.0,94,11,Dry,2021,2021-11,"{""type"":""MultiPoint"",""coordinates"":[]}"
VHI_M_2021-11_0000000000000000005e,35.31765941809264,2.6238260009886303,95,11,Dry,2021,2021-11,"{""type"":""MultiPoint"",""coordinates"":[]}"
VHI_M_2021-11_0000000000000000005f,81.7664892363672,3.1898539584934666,96,11,Dry,2021,2021-11,"{""type"":""MultiPoint"",""coordinates"":[]}"
VHI_M_2021-11_000000000000000000b6,0.5652488565006812,2.7741194486983165,183,11,Dry,2021,2021-11,"{""type"":""MultiPoint"",""coordinates"":[]}"
VHI_M_2021-11_000000000000000000b7,0.6021663487372257,2.8659076533839345,184,11,Dry,2021,2021-11,"{""type"":""MultiPoint"",""coordinates"":[]}"
VHI_M_2021-11_000000000000000000b8,0.4736477793038556,2.1942379182156135,185,11,Dry,2021,2021-11,"{""type"":""MultiPoint"",""coordinates"":[]}"
VHI_M_2021-11_000000000000000000b9,39.35474436234286,3.0781163434903043,186,11,Dry,2021,2021-11,"{""type"":""MultiPoint"",""coordinates"":[]}"
VHI_M_2021-11_000000000000000000ba,0.636725339794159,3.304,187,11,Dry,2021,2021-11,"{""type"":""MultiPoint"",""coordinates"":[]}"
VHI_M_2021-11_000000000000000000bb,0.4763960318105056,2.3455445544554454,188,11,Dry,2021,2021-11,"{""type"":""MultiPoint"",""coordinates"":[]}"
VHI_M_2021-11_000000000000000001a0,34.233894853728785,3.8728540772532183,417,11,Dry,2021,2021-11,"{""type"":""MultiPoint"",""coordinates"":[]}"
VHI_M_2021-11_000000000000000001a1,0.5587871466975601,2.8880675818373813,418,11,Dry,2021,2021-11,"{""type"":""MultiPoint"",""coordinates"":[]}"
VHI_M_2021-11_000000000000000001a2,19.700916700043734,3.5534082005745624,419,11,Dry,2021,2021-11,"{""type"":""MultiPoint"",""coordinates"":[]}"
VHI_M_2021-11_000000000000000001a3,0.5334096932037674,2.780963641738102,420,11,Dry,2021,2021-11,"{""type"":""MultiPoint"",""coordinates"":[]}"
VHI_M_2021-11_000000000000000001cb,41.27989607168668,2.1171918186843555,460,11,Dry,2021,2021-11,"{""type"":""MultiPoint"",""coordinates"":[]}"
VHI_M_2021-11_000000000000000001cc,79.80491965829818,2.817777777777778,461,11,Dry,2021,2021-11,"{""type"":""MultiPoint"",""coordinates"":[]}"
VHI_M_2021-11_0000000000000000021b,0.37184040100724847,2.0,540,11,Dry,2021,2021-11,"{""type"":""MultiPoint"",""coordinates"":[]}"
VHI_M_2021-11_0000000000000000021c,0.40472825428713927,2.0,541,11,Dry,2021,2021-11,"{""type"":""MultiPoint"",""coordinates"":[]}"
VHI_M_2021-11_0000000000000000021d,24.832364929743534,2.140027014858173,542,11,Dry,2021,2021-11,"{""type"":""MultiPoint"",""coordinates"":[]}"
VHI_M_2021-11_000000000000000000bf,0.5309461224199141,2.573452647278151,192,11,Dry,2021,2021-11,"{""type"":""MultiPoint"",""coordinates"":[]}"
VHI_M_2021-11_000000000000000000c0,0.5066974284666658,2.350660345411447,193,11,Dry,2021,2021-11,"{""type"":""MultiPoint"",""coordinates"":[]}"
VHI_M_2021-11_0000000000000000010a,0.4431121198873528,2.074800769442154,267,11,Dry,2021,2021-11,"{""type"":""MultiPoint"",""coordinates"":[]}"
VHI_M_2021-11_0000000000000000010b,56.52680343517343,2.875285353838761,268,11,Dry,2021,2021-11,"{""type"":""MultiPoint"",""coordinates"":[]}"
VHI_M_2021-11_00000000000000000226,2.917747348296115,2.128949615713066,551,11,Dry,2021,2021-11,"{""type"":""MultiPoint"",""coordinates"":[]}"
VHI_M_2021-11_00000000000000000227,0.7022258400968928,3.8220191470844207,552,11,Dry,2021,2021-11,"{""type"":""MultiPoint"",""coordinates"":[]}"
VHI_M_2021-11_000000000000000001a4,0.3933784129533601,1.8762437810945276,421,11,Dry,2021,2021-11,"{""type"":""MultiPoint"",""coordinates"":[]}"
VHI_M_2021-11_000000000000000001a5,0.4341259186794434,2.288916055419723,422,11,Dry,2021,2021-11,"{""type"":""MultiPoint"",""coordinates"":[]}"
VHI_M_2021-11_000000000000000001a6,0.3644017656409406,2.0,423,11,Dry,2021,2021-11,"{""type"":""MultiPoint"",""coordinates"":[]}"
VHI_M_2021-11_000000000000000001a7,0.4028897054055157,2.0,424,11,Dry,2021,2021-11,"{""type"":""MultiPoint"",""coordinates"":[]}"
VHI_M_2021-11_000000000000000001a8,0.39978580164063077,2.0,425,11,Dry,2021,2021-11,"{""type"":""MultiPoint"",""coordinates"":[]}"
VHI_M_2021-11_000000000000000001a9,0.34165233697276565,1.5648437499999999,426,11,Dry,2021,2021-11,"{""type"":""MultiPoint"",""coordinates"":[]}"
VHI_M_2021-11_000000000000000001aa,0.3337033577386534,1.244685876239962,427,11,Dry,2021,2021-11,"{""type"":""MultiPoint"",""coordinates"":[]}"
VHI_M_2021-11_000000000000000001fe,0.6545376260931236,3.551042611060745,511,11,Dry,2021,2021-11,"{""type"":""MultiPoint"",""coordinates"":[]}"
VHI_M_2021-11_000000000000000001ff,61.873598572042326,3.1956748059814486,512,11,Dry,2021,2021-11,"{""type"":""MultiPoint"",""coordinates"":[]}"
VHI_M_2021-11_00000000000000000200,0.49546811765854387,2.666471620830895,513,11,Dry,2021,2021-11,"{""type"":""MultiPoint"",""coordinates"":[]}"
VHI_M_2021-11_00000000000000000201,101.85279783883028,3.3402741170268837,514,11,Dry,2021,2021-11,"{""type"":""MultiPoint"",""coordinates"":[]}"
VHI_M_2021-11_00000000000000000202,0.4931782954577021,2.5650301464254954,515,11,Dry,2021,2021-11,"{""type"":""MultiPoint"",""coordinates"":[]}"
VHI_M_2021-11_00000000000000000002,18.633774048604018,2.682978567771195,3,11,Dry,2021,2021-11,"{""type"":""MultiPoint"",""coordinates"":[]}"
VHI_M_2021-11_0000000000000000000d,17.154429765627857,3.1890370626948386,14,11,Dry,2021,2021-11,"{""type"":""MultiPoint"",""coordinates"":[]}"
VHI_M_2021-11_00000000000000000027,53.566422421422075,3.484549516008935,40,11,Dry,2021,2021-11,"{""type"":""MultiPoint"",""coordinates"":[]}"
VHI_M_2021-11_00000000000000000070,0.5383819351128215,2.7682257148267375,113,11,Dry,2021,2021-11,"{""type"":""MultiPoint"",""coordinates"":[]}"
VHI_M_2021-11_00000000000000000071,0.5766117521171837,3.034879023207793,114,11,Dry,2021,2021-11,"{""type"":""MultiPoint"",""coordinates"":[]}"
VHI_M_2021-11_000000000000000001b0,56.0256163054858,3.127690982900726,433,11,Dry,2021,2021-11,"{""type"":""MultiPoint"",""coordinates"":[]}"
VHI_M_2021-11_000000000000000001b1,7.5461864143526425,2.7507010281746562,434,11,Dry,2021,2021-11,"{""type"":""MultiPoint"",""coordinates"":[]}"
VHI_M_2021-11_000000000000000001b2,90.99475347807741,3.2580491861708447,435,11,Dry,2021,2021-11,"{""type"":""MultiPoint"",""coordinates"":[]}"
VHI_M_2021-11_000000000000000001cd,1.4425631625131694,3.145281421402015,462,11,Dry,2021,2021-11,"{""type"":""MultiPoint"",""coordinates"":[]}"
VHI_M_2021-11_000000000000000001ce,0.5594388164257587,2.8774381111796323,463,11,Dry,2021,2021-11,"{""type"":""MultiPoint"",""coordinates"":[]}"
VHI_M_2021-11_000000000000000001cf,22.265275087021827,2.5505088111193834,464,11,Dry,2021,2021-11,"{""type"":""MultiPoint"",""coordinates"":[]}"
VHI_M_2021-11_0000000000000000001c,0.4273611612038424,2.0445342457265987,29,11,Dry,2021,2021-11,"{""type"":""MultiPoint"",""coordinates"":[]}"
VHI_M_2021-11_0000000000000000001d,0.37500737300351317,1.6457189409368636,30,11,Dry,2021,2021-11,"{""type"":""MultiPoint"",""coordinates"":[]}"
VHI_M_2021-11_0000000000000000001e,0.46172564032324986,2.2288832581570728,31,11,Dry,2021,2021-11,"{""type"":""MultiPoint"",""coordinates"":[]}"
VHI_M_2021-11_00000000000000000026,0.6166685508028074,3.276585733107473,39,11,Dry,2021,2021-11,"{""type"":""MultiPoint"",""coordinates"":[]}"
VHI_M_2021-11_000000000000000000f9,0.5777419825752665,3.0565622892128865,250,11,Dry,2021,2021-11,"{""type"":""MultiPoint"",""coordinates"":[]}"
VHI_M_2021-11_000000000000000000fa,0.6099837505011085,3.2451181605913226,251,11,Dry,2021,2021-11,"{""type"":""MultiPoint"",""coordinates"":[]}"
VHI_M_2021-11_000000000000000000fb,0.6487930494053038,3.4976538997886326,252,11,Dry,2021,2021-11,"{""type"":""MultiPoint"",""coordinates"":[]}"
VHI_M_2021-11_000000000000000000fc,0.6105201005172493,3.230443490701002,253,11,Dry,2021,2021-11,"{""type"":""MultiPoint"",""coordinates"":[]}"
VHI_M_2021-11_00000000000000000163,0.6668785021039509,3.607185236711815,356,11,Dry,2021,2021-11,"{""type"":""MultiPoint"",""coordinates"":[]}"
VHI_M_2021-11_00000000000000000164,0.547965181183139,2.8301633188611417,357,11,Dry,2021,2021-11,"{""type"":""MultiPoint"",""coordinates"":[]}"
VHI_M_2021-11_00000000000000000165,0.5949739342519487,3.155738731592101,358,11,Dry,2021,2021-11,"{""type"":""MultiPoint"",""coordinates"":[]}"
VHI_M_2021-11_00000000000000000166,0.5697429681318494,2.9923750872960437,359,11,Dry,2021,2021-11,"{""type"":""MultiPoint"",""coordinates"":[]}"
VHI_M_2021-11_00000000000000000149,0.43856582573989217,2.121772815671576,330,11,Dry,2021,2021-11,"{""type"":""MultiPoint"",""coordinates"":[]}"
VHI_M_2021-11_0000000000000000014a,0.4281433613221501,2.037646092506716,331,11,Dry,2021,2021-11,"{""type"":""MultiPoint"",""coordinates"":[]}"
VHI_M_2021-11_0000000000000000014b,0.41115660381034547,1.8874377366009165,332,11,Dry,2021,2021-11,"{""type"":""MultiPoint"",""coordinates"":[]}"
VHI_M_2021-11_0000000000000000014c,0.4399942898685399,2.126924410187394,333,11,Dry,2021,2021-11,"{""type"":""MultiPoint"",""coordinates"":[]}"
VHI_M_2021-11_0000000000000000014d,0.46461061591419694,2.308287242099466,334,11,Dry,2021,2021-11,"{""type"":""MultiPoint"",""coordinates"":[]}"
VHI_M_2021-11_0000000000000000014e,0.4509097075259348,2.2265907162768155,335,11,Dry,2021,2021-11,"{""type"":""MultiPoint"",""coordinates"":[]}"
VHI_M_2021-11_00000000000000000158,0.4740264170709369,2.323011447020839,345,11,Dry,2021,2021-11,"{""type"":""MultiPoint"",""coordinates"":[]}"
VHI_M_2021-11_00000000000000000159,0.39637092044741945,1.8361026456428597,346,11,Dry,2021,2021-11,"{""type"":""MultiPoint"",""coordinates"":[]}"
VHI_M_2021-11_0000000000000000015a,0.4514805235045768,2.189067120047309,347,11,Dry,2021,2021-11,"{""type"":""MultiPoint"",""coordinates"":[]}"
VHI_M_2021-11_0000000000000000015b,0.41515339782310456,1.996505916592309,348,11,Dry,2021,2021-11,"{""type"":""MultiPoint"",""coordinates"":[]}"
VHI_M_2021-11_0000000000000000015c,0.5378012735410136,2.762974722878224,349,11,Dry,2021,2021-11,"{""type"":""MultiPoint"",""coordinates"":[]}"
VHI_M_2021-11_0000000000000000015d,0.35530340295825036,1.5507325557042821,350,11,Dry,2021,2021-11,"{""type"":""MultiPoint"",""coordinates"":[]}"
VHI_M_2021-11_00000000000000000008,0.33469098878099224,1.4298055089347417,9,11,Dry,2021,2021-11,"{""type"":""MultiPoint"",""coordinates"":[]}"
VHI_M_2021-11_000000000000000000c2,0.3488171407543149,1.56442285449919,195,11,Dry,2021,2021-11,"{""type"":""MultiPoint"",""coordinates"":[]}"
VHI_M_2021-11_000000000000000000c3,0.6056928187698883,3.2093850752738655,196,11,Dry,2021,2021-11,"{""type"":""MultiPoint"",""coordinates"":[]}"
VHI_M_2021-11_000000000000000000c4,0.39154848369182493,1.768594081740977,197,11,Dry,2021,2021-11,"{""type"":""MultiPoint"",""coordinates"":[]}"
VHI_M_2021-11_000000000000000000c5,0.42439547799178406,1.9620572376607215,198,11,Dry,2021,2021-11,"{""type"":""MultiPoint"",""coordinates"":[]}"
VHI_M_2021-11_000000000000000000c6,0.5112976516792237,2.5871200697710433,199,11,Dry,2021,2021-11,"{""type"":""MultiPoint"",""coordinates"":[]}"
VHI_M_2021-11_000000000000000000c7,0.5773990934132015,3.0088243191940522,200,11,Dry,2021,2021-11,"{""type"":""MultiPoint"",""coordinates"":[]}"
VHI_M_2021-11_000000000000000000c8,0.3618289357114663,1.651774218468353,201,11,Dry,2021,2021-11,"{""type"":""MultiPoint"",""coordinates"":[]}"
VHI_M_2021-11_000000000000000000c9,0.6192619699850662,3.3269617570431556,202,11,Dry,2021,2021-11,"{""type"":""MultiPoint"",""coordinates"":[]}"
VHI_M_2021-11_00000000000000000136,0.3151713497463967,1.2753312981742047,311,11,Dry,2021,2021-11,"{""type"":""MultiPoint"",""coordinates"":[]}"
VHI_M_2021-11_00000000000000000137,0.4588150273821545,2.1838253447606957,312,11,Dry,2021,2021-11,"{""type"":""MultiPoint"",""coordinates"":[]}"
VHI_M_2021-11_00000000000000000138,0.4236680976084312,2.0139142424360124,313,11,Dry,2021,2021-11,"{""type"":""MultiPoint"",""coordinates"":[]}"
VHI_M_2021-11_00000000000000000139,0.3903443955139477,1.7823457527941553,314,11,Dry,2021,2021-11,"{""type"":""MultiPoint"",""coordinates"":[]}"
VHI_M_2021-11_0000000000000000013a,0.45594405743433947,2.2281096618488507,315,11,Dry,2021,2021-11,"{""type"":""MultiPoint"",""coordinates"":[]}"
VHI_M_2021-11_000000000000000001ef,0.33606705415781246,1.5121305833031409,496,11,Dry,2021,2021-11,"{""type"":""MultiPoint"",""coordinates"":[]}"
VHI_M_2021-11_000000000000000001f0,0.4097421948413607,1.9066079260404507,497,11,Dry,2021,2021-11,"{""type"":""MultiPoint"",""coordinates"":[]}"
VHI_M_2021-11_00000000000000000081,0.49891658641960873,2.7021351478179265,130,11,Dry,2021,2021-11,"{""type"":""MultiPoint"",""coordinates"":[]}"
VHI_M_2021-11_000000000000000000a0,0.3823454913310998,1.7891364235237752,161,11,Dry,2021,2021-11,"{""type"":""MultiPoint"",""coordinates"":[]}"
VHI_M_2021-11_000000000000000000a1,32.045770610167246,3.0455746269210517,162,11,Dry,2021,2021-11,"{""type"":""MultiPoint"",""coordinates"":[]}"
VHI_M_2021-11_000000000000000000a2,8.674131400671264,2.8185230976059166,163,11,Dry,2021,2021-11,"{""type"":""MultiPoint"",""coordinates"":[]}"
VHI_M_2021-11_000000000000000000a3,5.612065997915122,3.002619394099749,164,11,Dry,2021,2021-11,"{""type"":""MultiPoint"",""coordinates"":[]}"
VHI_M_2021-11_000000000000000000a4,77.98520770851381,3.407992228167093,165,11,Dry,2021,2021-11,"{""type"":""MultiPoint"",""coordinates"":[]}"
VHI_M_2021-11_0000000000000000014f,0.4723708741089383,2.263321601047721,336,11,Dry,2021,2021-11,"{""type"":""MultiPoint"",""coordinates"":[]}"
VHI_M_2021-11_00000000000000000150,0.4536443170779244,2.1876678228932875,337,11,Dry,2021,2021-11,"{""type"":""MultiPoint"",""coordinates"":[]}"
VHI_M_2021-11_00000000000000000151,2.0991292070721888,2.2353078413539484,338,11,Dry,2021,2021-11,"{""type"":""MultiPoint"",""coordinates"":[]}"
VHI_M_2021-11_00000000000000000152,0.5225875973536349,2.6470253618102673,339,11,Dry,2021,2021-11,"{""type"":""MultiPoint"",""coordinates"":[]}"
VHI_M_2021-11_00000000000000000153,0.4652962791836339,2.220400220499843,340,11,Dry,2021,2021-11,"{""type"":""MultiPoint"",""coordinates"":[]}"
VHI_M_2021-11_00000000000000000171,0.49243740178282513,2.4537021519072195,370,11,Dry,2021,2021-11,"{""type"":""MultiPoint"",""coordinates"":[]}"
VHI_M_2021-11_00000000000000000172,0.484559684257204,2.4029809521327876,371,11,Dry,2021,2021-11,"{""type"":""MultiPoint"",""coordinates"":[]}"
VHI_M_2021-11_00000000000000000173,0.4248980194128706,2.0422321215495978,372,11,Dry,2021,2021-11,"{""type"":""MultiPoint"",""coordinates"":[]}"
VHI_M_2021-11_000000000000000001f1,0.5251252851756726,2.7510864776691624,498,11,Dry,2021,2021-11,"{""type"":""MultiPoint"",""coordinates"":[]}"
VHI_M_2021-11_000000000000000001f2,0.42639541894454414,2.001101183968011,499,11,Dry,2021,2021-11,"{""type"":""MultiPoint"",""coordinates"":[]}"
VHI_M_2021-11_000000000000000001f3,0.5008231577416226,2.498827458569199,500,11,Dry,2021,2021-11,"{""type"":""MultiPoint"",""coordinates"":[]}"
VHI_M_2021-11_00000000000000000092,0.6040874205315029,3.21797428228136,147,11,Dry,2021,2021-11,"{""type"":""MultiPoint"",""coordinates"":[]}"
VHI_M_2021-11_00000000000000000093,0.639931305954955,3.415147311584312,148,11,Dry,2021,2021-11,"{""type"":""MultiPoint"",""coordinates"":[]}"
VHI_M_2021-11_00000000000000000094,0.7174083743745846,2.751673737196402,149,11,Dry,2021,2021-11,"{""type"":""MultiPoint"",""coordinates"":[]}"
VHI_M_2021-11_00000000000000000095,12.954923476582806,2.5641870749718385,150,11,Dry,2021,2021-11,"{""type"":""MultiPoint"",""coordinates"":[]}"
VHI_M_2021-11_00000000000000000096,0.5594692876331392,2.903511546978804,151,11,Dry,2021,2021-11,"{""type"":""MultiPoint"",""coordinates"":[]}"
VHI_M_2021-11_00000000000000000097,0.6161751827627524,3.311933260790714,152,11,Dry,2021,2021-11,"{""type"":""MultiPoint"",""coordinates"":[]}"
VHI_M_2021-11_00000000000000000098,0.654761637892511,3.230402542372882,153,11,Dry,2021,2021-11,"{""type"":""MultiPoint"",""coordinates"":[]}"
VHI_M_2021-11_000000000000000000a9,0.5099264189792025,2.436619718309859,170,11,Dry,2021,2021-11,"{""type"":""MultiPoint"",""coordinates"":[]}"
VHI_M_2021-11_0000000000000000017c,61.752476127971285,3.0652952755277494,381,11,Dry,2021,2021-11,"{""type"":""MultiPoint"",""coordinates"":[]}"
VHI_M_2021-11_0000000000000000017d,38.87238452186331,2.7624614628360167,382,11,Dry,2021,2021-11,"{""type"":""MultiPoint"",""coordinates"":[]}"
VHI_M_2021-11_0000000000000000017e,11.553567341006234,2.3768174193226907,383,11,Dry,2021,2021-11,"{""type"":""MultiPoint"",""coordinates"":[]}"
VHI_M_2021-11_000000000000000001ee,0.7634464277654501,4.270951335105768,495,11,Dry,2021,2021-11,"{""type"":""MultiPoint"",""coordinates"":[]}"
VHI_M_2021-11_0000000000000000020d,0.44033048770296807,2.3593020181545787,526,11,Dry,2021,2021-11,"{""type"":""MultiPoint"",""coordinates"":[]}"
VHI_M_2021-11_0000000000000000020e,3.7157841056999033,2.556521653986623,527,11,Dry,2021,2021-11,"{""type"":""MultiPoint"",""coordinates"":[]}"
VHI_M_2021-11_0000000000000000020f,0.4328415948272678,2.0886607984661314,528,11,Dry,2021,2021-11,"{""type"":""MultiPoint"",""coordinates"":[]}"
VHI_M_2021-11_00000000000000000210,0.5793814229061928,3.0554128295324308,529,11,Dry,2021,2021-11,"{""type"":""MultiPoint"",""coordinates"":[]}"
VHI_M_2021-11_00000000000000000211,11.888135369496714,2.973926044586838,530,11,Dry,2021,2021-11,"{""type"":""MultiPoint"",""coordinates"":[]}"
VHI_M_2021-11_00000000000000000058,0.38884109813107587,1.7807368286265823,89,11,Dry,2021,2021-11,"{""type"":""MultiPoint"",""coordinates"":[]}"
VHI_M_2021-11_00000000000000000059,0.44136737664436493,2.11729421352893,90,11,Dry,2021,2021-11,"{""type"":""MultiPoint"",""coordinates"":[]}"
VHI_M_2021-11_0000000000000000018b,0.5710267384988122,2.920618341341133,396,11,Dry,2021,2021-11,"{""type"":""MultiPoint"",""coordinates"":[]}"
VHI_M_2021-11_0000000000000000018c,0.5176195451337446,2.662404587078277,397,11,Dry,2021,2021-11,"{""type"":""MultiPoint"",""coordinates"":[]}"
VHI_M_2021-11_0000000000000000018d,0.4524130673762602,2.210766002582549,398,11,Dry,2021,2021-11,"{""type"":""MultiPoint"",""coordinates"":[]}"
VHI_M_2021-11_0000000000000000018e,0.4940003970961422,2.5501115774625096,399,11,Dry,2021,2021-11,"{""type"":""MultiPoint"",""coordinates"":[]}"
VHI_M_2021-11_00000000000000000036,0.45260962181396014,2.054384772263766,55,11,Dry,2021,2021-11,"{""type"":""MultiPoint"",""coordinates"":[]}"
VHI_M_2021-11_000000000000000000db,0.3682485164545848,1.579637239274867,220,11,Dry,2021,2021-11,"{""type"":""MultiPoint"",""coordinates"":[]}"
VHI_M_2021-11_000000000000000000dc,0.4193253334503774,1.9814890198178892,221,11,Dry,2021,2021-11,"{""type"":""MultiPoint"",""coordinates"":[]}"
VHI_M_2021-11_000000000000000000dd,0.41934210465582944,1.9799547130374207,222,11,Dry,2021,2021-11,"{""type"":""MultiPoint"",""coordinates"":[]}"
VHI_M_2021-11_00000000000000000102,0.4168752127020464,1.966296741065881,259,11,Dry,2021,2021-11,"{""type"":""MultiPoint"",""coordinates"":[]}"
VHI_M_2021-11_00000000000000000103,0.4826403297205362,2.3988197029138583,260,11,Dry,2021,2021-11,"{""type"":""MultiPoint"",""coordinates"":[]}"
VHI_M_2021-11_00000000000000000104,0.3565324226443008,1.523359521965255,261,11,Dry,2021,2021-11,"{""type"":""MultiPoint"",""coordinates"":[]}"
VHI_M_2021-11_00000000000000000105,0.3048681996792819,1.263422114608555,262,11,Dry,2021,2021-11,"{""type"":""MultiPoint"",""coordinates"":[]}"
VHI_M_2021-11_0000000000000000000a,0.6750403747946954,3.6530146957835474,11,11,Dry,2021,2021-11,"{""type"":""MultiPoint"",""coordinates"":[]}"
VHI_M_2021-11_000000000000000000b1,0.3514318007775406,1.5312501843973303,178,11,Dry,2021,2021-11,"{""type"":""MultiPoint"",""coordinates"":[]}"
VHI_M_2021-11_000000000000000000b2,0.366263407138736,1.6452883064406636,179,11,Dry,2021,2021-11,"{""type"":""MultiPoint"",""coordinates"":[]}"
VHI_M_2021-11_000000000000000000b3,0.4457483745584187,2.1466964880280255,180,11,Dry,2021,2021-11,"{""type"":""MultiPoint"",""coordinates"":[]}"
VHI_M_2021-11_000000000000000000ca,0.5222506818570115,2.666588511137162,203,11,Dry,2021,2021-11,"{""type"":""MultiPoint"",""coordinates"":[]}"
VHI_M_2021-11_000000000000000000d2,0.5706439014822933,2.933609237187853,211,11,Dry,2021,2021-11,"{""type"":""MultiPoint"",""coordinates"":[]}"
VHI_M_2021-11_000000000000000000d3,0.454003404986154,2.1884036441021033,212,11,Dry,2021,2021-11,"{""type"":""MultiPoint"",""coordinates"":[]}"
VHI_M_2021-11_000000000000000000d4,0.45485347532139336,2.202939903357745,213,11,Dry,2021,2021-11,"{""type"":""MultiPoint"",""coordinates"":[]}"
VHI_M_2021-11_000000000000000000d5,0.5632520559564843,2.9332672053949564,214,11,Dry,2021,2021-11,"{""type"":""MultiPoint"",""coordinates"":[]}"
VHI_M_2021-11_000000000000000000bc,0.5895241078854893,3.0941073097253797,189,11,Dry,2021,2021-11,"{""type"":""MultiPoint"",""coordinates"":[]}"
VHI_M_2021-11_000000000000000000bd,0.5142325336571862,2.6097671049267452,190,11,Dry,2021,2021-11,"{""type"":""MultiPoint"",""coordinates"":[]}"
VHI_M_2021-11_000000000000000000be,0.5564801815965561,2.865809130842457,191,11,Dry,2021,2021-11,"{""type"":""MultiPoint"",""coordinates"":[]}"
VHI_M_2021-11_000000000000000000f1,0.5563718715019504,2.977777777777778,242,11,Dry,2021,2021-11,"{""type"":""MultiPoint"",""coordinates"":[]}"
VHI_M_2021-11_00000000000000000100,0.41230187951471775,1.9278947817868397,257,11,Dry,2021,2021-11,"{""type"":""MultiPoint"",""coordinates"":[]}"
VHI_M_2021-11_00000000000000000101,0.4189219642252383,1.9720013146769069,258,11,Dry,2021,2021-11,"{""type"":""MultiPoint"",""coordinates"":[]}"
VHI_M_2021-11_0000000000000000012f,0.39589539058002493,1.830868991472641,304,11,Dry,2021,2021-11,"{""type"":""MultiPoint"",""coordinates"":[]}"
VHI_M_2021-11_00000000000000000130,0.48446436382220753,2.4348185645549325,305,11,Dry,2021,2021-11,"{""type"":""MultiPoint"",""coordinates"":[]}"
VHI_M_2021-11_00000000000000000131,0.47040351753024673,2.3269111098539637,306,11,Dry,2021,2021-11,"{""type"":""MultiPoint"",""coordinates"":[]}"
VHI_M_2021-11_00000000000000000065,0.3187004127801627,1.3325291160346613,102,11,Dry,2021,2021-11,"{""type"":""MultiPoint"",""coordinates"":[]}"
VHI_M_2021-11_00000000000000000066,0.3694628447326963,1.6752217696701945,103,11,Dry,2021,2021-11,"{""type"":""MultiPoint"",""coordinates"":[]}"
VHI_M_2021-11_00000000000000000067,0.3661938932863853,1.591186177754977,104,11,Dry,2021,2021-11,"{""type"":""MultiPoint"",""coordinates"":[]}"
VHI_M_2021-11_00000000000000000068,0.3256563559946559,1.4195533963878713,105,11,Dry,2021,2021-11,"{""type"":""MultiPoint"",""coordinates"":[]}"
VHI_M_2021-11_00000000000000000109,0.41167404035926597,1.9489253524381787,266,11,Dry,2021,2021-11,"{""type"":""MultiPoint"",""coordinates"":[]}"
VHI_M_2021-11_000000000000000001c1,0.33008047016434294,1.3713262787717013,450,11,Dry,2021,2021-11,"{""type"":""MultiPoint"",""coordinates"":[]}"
VHI_M_2021-11_000000000000000001c2,0.405416461378662,1.873697657305877,451,11,Dry,2021,2021-11,"{""type"":""MultiPoint"",""coordinates"":[]}"
VHI_M_2021-11_00000000000000000113,0.38649395720980995,1.8053875755909843,276,11,Dry,2021,2021-11,"{""type"":""MultiPoint"",""coordinates"":[]}"
VHI_M_2021-11_00000000000000000114,0.42639026063738417,1.9906709329067094,277,11,Dry,2021,2021-11,"{""type"":""MultiPoint"",""coordinates"":[]}"
VHI_M_2021-11_00000000000000000115,0.3487253750432478,1.5238437913620078,278,11,Dry,2021,2021-11,"{""type"":""MultiPoint"",""coordinates"":[]}"
VHI_M_2021-11_00000000000000000116,0.2951049396579344,1.1549237335019362,279,11,Dry,2021,2021-11,"{""type"":""MultiPoint"",""coordinates"":[]}"
VHI_M_2021-11_00000000000000000117,0.3214811543416786,1.3092240071326904,280,11,Dry,2021,2021-11,"{""type"":""MultiPoint"",""coordinates"":[]}"
VHI_M_2021-11_00000000000000000167,0.4091606014489812,2.0,360,11,Dry,2021,2021-11,"{""type"":""MultiPoint"",""coordinates"":[]}"
VHI_M_2021-11_00000000000000000168,0.3501362845904868,1.4474729695750568,361,11,Dry,2021,2021-11,"{""type"":""MultiPoint"",""coordinates"":[]}"
VHI_M_2021-11_00000000000000000169,0.3428724268843753,1.48582912736657,362,11,Dry,2021,2021-11,"{""type"":""MultiPoint"",""coordinates"":[]}"
VHI_M_2021-11_0000000000000000016a,0.36556859216956766,1.6297528862211677,363,11,Dry,2021,2021-11,"{""type"":""MultiPoint"",""coordinates"":[]}"
VHI_M_2021-11_0000000000000000016b,0.38929177870503023,1.7639084722903384,364,11,Dry,2021,2021-11,"{""type"":""MultiPoint"",""coordinates"":[]}"
VHI_M_2021-11_0000000000000000016c,0.4028681235432246,1.8670961689926457,365,11,Dry,2021,2021-11,"{""type"":""MultiPoint"",""coordinates"":[]}"
VHI_M_2021-11_0000000000000000016d,0.4094650280602514,1.8675900623336732,366,11,Dry,2021,2021-11,"{""type"":""MultiPoint"",""coordinates"":[]}"
VHI_M_2021-11_000000000000000000cb,0.46548898499122404,2.313816704095819,204,11,Dry,2021,2021-11,"{""type"":""MultiPoint"",""coordinates"":[]}"
VHI_M_2021-11_000000000000000000eb,15.250291259539427,2.0696908501958435,236,11,Dry,2021,2021-11,"{""type"":""MultiPoint"",""coordinates"":[]}"
VHI_M_2021-11_000000000000000000ec,0.41163457545822724,1.8775613159954359,237,11,Dry,2021,2021-11,"{""type"":""MultiPoint"",""coordinates"":[]}"
VHI_M_2021-11_000000000000000000ed,0.41175048066678305,1.9187491038398679,238,11,Dry,2021,2021-11,"{""type"":""MultiPoint"",""coordinates"":[]}"
VHI_M_2021-11_000000000000000000ee,0.35415555695804957,1.5686629001883239,239,11,Dry,2021,2021-11,"{""type"":""MultiPoint"",""coordinates"":[]}"
VHI_M_2021-11_000000000000000000ef,0.31617686257453964,1.3604788012745077,240,11,Dry,2021,2021-11,"{""type"":""MultiPoint"",""coordinates"":[]}"
VHI_M_2021-11_00000000000000000146,0.4925993506078839,2.431373779527971,327,11,Dry,2021,2021-11,"{""type"":""MultiPoint"",""coordinates"":[]}"
VHI_M_2021-11_00000000000000000147,8.38259283196244,2.0593196505032303,328,11,Dry,2021,2021-11,"{""type"":""MultiPoint"",""coordinates"":[]}"
VHI_M_2021-11_00000000000000000148,0.47148991170009263,2.321708755654814,329,11,Dry,2021,2021-11,"{""type"":""MultiPoint"",""coordinates"":[]}"
VHI_M_2021-11_0000000000000000015e,0.4888537799356392,2.44370379801823,351,11,Dry,2021,2021-11,"{""type"":""MultiPoint"",""coordinates"":[]}"
VHI_M_2021-11_0000000000000000015f,0.5440173098916993,2.7499900978334058,352,11,Dry,2021,2021-11,"{""type"":""MultiPoint"",""coordinates"":[]}"
VHI_M_2021-11_00000000000000000160,0.4978862649296836,2.5500725532237434,353,11,Dry,2021,2021-11,"{""type"":""MultiPoint"",""coordinates"":[]}"
VHI_M_2021-11_00000000000000000161,0.5163839688917492,2.6650298889837742,354,11,Dry,2021,2021-11,"{""type"":""MultiPoint"",""coordinates"":[]}"
VHI_M_2021-11_00000000000000000162,4.424447871353892,2.4705866903394926,355,11,Dry,2021,2021-11,"{""type"":""MultiPoint"",""coordinates"":[]}"
VHI_M_2021-11_00000000000000000010,0.275553325145428,1.0465286014049813,17,11,Dry,2021,2021-11,"{""type"":""MultiPoint"",""coordinates"":[]}"
VHI_M_2021-11_00000000000000000121,0.5980798594478586,3.17484545352366,290,11,Dry,2021,2021-11,"{""type"":""MultiPoint"",""coordinates"":[]}"
VHI_M_2021-11_00000000000000000122,0.6407945031436699,2.620791909111956,291,11,Dry,2021,2021-11,"{""type"":""MultiPoint"",""coordinates"":[]}"
VHI_M_2021-11_00000000000000000123,0.6053935313329218,3.159182113510413,292,11,Dry,2021,2021-11,"{""type"":""MultiPoint"",""coordinates"":[]}"
VHI_M_2021-11_0000000000000000019a,0.44121076538622017,2.13578089543339,411,11,Dry,2021,2021-11,"{""type"":""MultiPoint"",""coordinates"":[]}"
VHI_M_2021-11_0000000000000000019b,0.3292303905036188,1.3965142530609174,412,11,Dry,2021,2021-11,"{""type"":""MultiPoint"",""coordinates"":[]}"
VHI_M_2021-11_0000000000000000019c,0.3876705204785388,1.7225405006936345,413,11,Dry,2021,2021-11,"{""type"":""MultiPoint"",""coordinates"":[]}"
VHI_M_2021-11_0000000000000000019d,0.32506276641743764,1.3349283499539095,414,11,Dry,2021,2021-11,"{""type"":""MultiPoint"",""coordinates"":[]}"
VHI_M_2021-11_0000000000000000019e,4.033187523739407,1.8241578279328323,415,11,Dry,2021,2021-11,"{""type"":""MultiPoint"",""coordinates"":[]}"
VHI_M_2021-11_0000000000000000019f,0.3671529441397959,1.6463852279715705,416,11,Dry,2021,2021-11,"{""type"":""MultiPoint"",""coordinates"":[]}"
VHI_M_2021-11_00000000000000000216,0.4303332251939545,1.9712988487108802,535,11,Dry,2021,2021-11,"{""type"":""MultiPoint"",""coordinates"":[]}"
VHI_M_2021-11_00000000000000000217,0.40709066891405987,1.5477333597102592,536,11,Dry,2021,2021-11,"{""type"":""MultiPoint"",""coordinates"":[]}"
VHI_M_2021-11_00000000000000000218,0.47535627298228,2.3558772346147765,537,11,Dry,2021,2021-11,"{""type"":""MultiPoint"",""coordinates"":[]}"
VHI_M_2021-11_00000000000000000219,0.49605378399967565,2.5129410380288046,538,11,Dry,2021,2021-11,"{""type"":""MultiPoint"",""coordinates"":[]}"
VHI_M_2021-11_0000000000000000021a,8.268168431900314,2.180476667193567,539,11,Dry,2021,2021-11,"{""type"":""MultiPoint"",""coordinates"":[]}"
VHI_M_2021-11_00000000000000000004,0.6955086019546595,3.823584690739262,5,11,Dry,2021,2021-11,"{""type"":""MultiPoint"",""coordinates"":[]}"
VHI_M_2021-11_00000000000000000028,0.6732415000255997,3.663178842657554,41,11,Dry,2021,2021-11,"{""type"":""MultiPoint"",""coordinates"":[]}"
VHI_M_2021-11_00000000000000000029,0.6647122766061094,3.5670716240824074,42,11,Dry,2021,2021-11,"{""type"":""MultiPoint"",""coordinates"":[]}"
VHI_M_2021-11_0000000000000000002a,0.7090753746493621,3.8971002255048997,43,11,Dry,2021,2021-11,"{""type"":""MultiPoint"",""coordinates"":[]}"
VHI_M_2021-11_0000000000000000002b,0.6891619549670945,3.7602397036020765,44,11,Dry,2021,2021-11,"{""type"":""MultiPoint"",""coordinates"":[]}"
VHI_M_2021-11_000000000000000000a7,0.7458739389227235,4.119721553096807,168,11,Dry,2021,2021-11,"{""type"":""MultiPoint"",""coordinates"":[]}"
VHI_M_2021-11_000000000000000000a8,0.7134592611185129,3.8959195094651795,169,11,Dry,2021,2021-11,"{""type"":""MultiPoint"",""coordinates"":[]}"
VHI_M_2021-11_0000000000000000000c,0.7343609586438046,4.105726371327209,13,11,Dry,2021,2021-11,"{""type"":""MultiPoint"",""coordinates"":[]}"
VHI_M_2021-11_00000000000000000060,0.6648779969358922,3.58028183851917,97,11,Dry,2021,2021-11,"{""type"":""MultiPoint"",""coordinates"":[]}"
VHI_M_2021-11_00000000000000000061,0.7062463761945406,3.875154505933495,98,11,Dry,2021,2021-11,"{""type"":""MultiPoint"",""coordinates"":[]}"
VHI_M_2021-11_00000000000000000062,0.7107580600712953,3.9315545310696125,99,11,Dry,2021,2021-11,"{""type"":""MultiPoint"",""coordinates"":[]}"
VHI_M_2021-11_00000000000000000063,0.7266732207502167,3.997703331576979,100,11,Dry,2021,2021-11,"{""type"":""MultiPoint"",""coordinates"":[]}"
VHI_M_2021-11_00000000000000000064,0.7218953717143249,3.9824952443825867,101,11,Dry,2021,2021-11,"{""type"":""MultiPoint"",""coordinates"":[]}"
VHI_M_2021-11_00000000000000000011,0.6666061076532336,3.5864249215046495,18,11,Dry,2021,2021-11,"{""type"":""MultiPoint"",""coordinates"":[]}"
VHI_M_2021-11_00000000000000000033,0.6551838344356637,3.5383583517133146,52,11,Dry,2021,2021-11,"{""type"":""MultiPoint"",""coordinates"":[]}"
VHI_M_2021-11_00000000000000000034,0.6280551803312541,3.3605961921500818,53,11,Dry,2021,2021-11,"{""type"":""MultiPoint"",""coordinates"":[]}"
VHI_M_2021-11_000000000000000001b3,0.5705164435149362,2.960846830604325,436,11,Dry,2021,2021-11,"{""type"":""MultiPoint"",""coordinates"":[]}"
VHI_M_2021-11_000000000000000001b4,0.5319474670327972,2.714608632718153,437,11,Dry,2021,2021-11,"{""type"":""MultiPoint"",""coordinates"":[]}"
VHI_M_2021-11_000000000000000001b5,0.6157447489964927,3.2576536235338094,438,11,Dry,2021,2021-11,"{""type"":""MultiPoint"",""coordinates"":[]}"
VHI_M_2021-11_00000000000000000005,0.5555633329906933,2.937210411556282,6,11,Dry,2021,2021-11,"{""type"":""MultiPoint"",""coordinates"":[]}"
VHI_M_2021-11_00000000000000000082,0.49204805762951176,2.4614481147002256,131,11,Dry,2021,2021-11,"{""type"":""MultiPoint"",""coordinates"":[]}"
VHI_M_2021-11_00000000000000000083,0.5448654022877318,2.790315066574143,132,11,Dry,2021,2021-11,"{""type"":""MultiPoint"",""coordinates"":[]}"
VHI_M_2021-11_00000000000000000084,0.48913228393379343,2.406741561258815,133,11,Dry,2021,2021-11,"{""type"":""MultiPoint"",""coordinates"":[]}"
VHI_M_2021-11_00000000000000000085,0.600684602391287,3.1669431083098356,134,11,Dry,2021,2021-11,"{""type"":""MultiPoint"",""coordinates"":[]}"
VHI_M_2021-11_00000000000000000086,0.5095558145900175,2.5585391128065216,135,11,Dry,2021,2021-11,"{""type"":""MultiPoint"",""coordinates"":[]}"
VHI_M_2021-11_00000000000000000087,0.5129853172715853,2.7230139090366072,136,11,Dry,2021,2021-11,"{""type"":""MultiPoint"",""coordinates"":[]}"
VHI_M_2021-11_0000000000000000010c,0.5317788978736782,2.7139695745761476,269,11,Dry,2021,2021-11,"{""type"":""MultiPoint"",""coordinates"":[]}"
VHI_M_2021-11_0000000000000000010d,0.5892825120614482,3.080679657518148,270,11,Dry,2021,2021-11,"{""type"":""MultiPoint"",""coordinates"":[]}"
VHI_M_2021-11_0000000000000000010e,0.6118967019469274,3.205007476862143,271,11,Dry,2021,2021-11,"{""type"":""MultiPoint"",""coordinates"":[]}"
VHI_M_2021-11_0000000000000000010f,0.5514082874316745,2.839923286266113,272,11,Dry,2021,2021-11,"{""type"":""MultiPoint"",""coordinates"":[]}"
VHI_M_2021-11_00000000000000000110,0.6269415631959432,3.292251615452963,273,11,Dry,2021,2021-11,"{""type"":""MultiPoint"",""coordinates"":[]}"
VHI_M_2021-11_00000000000000000111,0.6258261872744121,3.3387595247753636,274,11,Dry,2021,2021-11,"{""type"":""MultiPoint"",""coordinates"":[]}"
VHI_M_2021-11_000000000000000001d0,0.4919020988294946,2.416024815079934,465,11,Dry,2021,2021-11,"{""type"":""MultiPoint"",""coordinates"":[]}"
VHI_M_2021-11_000000000000000001d1,0.47680945302579897,2.34843232750403,466,11,Dry,2021,2021-11,"{""type"":""MultiPoint"",""coordinates"":[]}"
VHI_M_2021-11_00000000000000000009,0.6044442086972398,3.2395991346082105,10,11,Dry,2021,2021-11,"{""type"":""MultiPoint"",""coordinates"":[]}"
VHI_M_2021-11_0000000000000000009e,0.5913067832368668,3.10247332861309,159,11,Dry,2021,2021-11,"{""type"":""MultiPoint"",""coordinates"":[]}"
VHI_M_2021-11_0000000000000000009f,0.5952201912650116,3.15884294511179,160,11,Dry,2021,2021-11,"{""type"":""MultiPoint"",""coordinates"":[]}"
VHI_M_2021-11_00000000000000000154,0.5419034721710356,2.817846215723174,341,11,Dry,2021,2021-11,"{""type"":""MultiPoint"",""coordinates"":[]}"
VHI_M_2021-11_00000000000000000155,0.5050481326021329,2.5115114627849775,342,11,Dry,2021,2021-11,"{""type"":""MultiPoint"",""coordinates"":[]}"
VHI_M_2021-11_00000000000000000156,0.5335480291193271,2.712366354565096,343,11,Dry,2021,2021-11,"{""type"":""MultiPoint"",""coordinates"":[]}"
VHI_M_2021-11_00000000000000000157,0.5093751257935525,2.5993369054579927,344,11,Dry,2021,2021-11,"{""type"":""MultiPoint"",""coordinates"":[]}"
VHI_M_2021-11_00000000000000000178,0.7119128340978524,3.891305357048906,377,11,Dry,2021,2021-11,"{""type"":""MultiPoint"",""coordinates"":[]}"
VHI_M_2021-11_00000000000000000179,0.5616787599940917,2.9182637016030397,378,11,Dry,2021,2021-11,"{""type"":""MultiPoint"",""coordinates"":[]}"
VHI_M_2021-11_0000000000000000017a,0.6201333997539319,3.279616230469402,379,11,Dry,2021,2021-11,"{""type"":""MultiPoint"",""coordinates"":[]}"
VHI_M_2021-11_0000000000000000017b,0.6046343851156719,3.336110536120886,380,11,Dry,2021,2021-11,"{""type"":""MultiPoint"",""coordinates"":[]}"
VHI_M_2021-11_0000000000000000000f,0.7126473375186849,3.9343093093093104,16,11,Dry,2021,2021-11,"{""type"":""MultiPoint"",""coordinates"":[]}"
VHI_M_2021-11_00000000000000000040,0.6360553760215008,3.383085195739836,65,11,Dry,2021,2021-11,"{""type"":""MultiPoint"",""coordinates"":[]}"
VHI_M_2021-11_00000000000000000041,0.7226273809978346,3.9983637032210817,66,11,Dry,2021,2021-11,"{""type"":""MultiPoint"",""coordinates"":[]}"
VHI_M_2021-11_00000000000000000042,0.7239335625894798,3.9923836743894325,67,11,Dry,2021,2021-11,"{""type"":""MultiPoint"",""coordinates"":[]}"
VHI_M_2021-11_00000000000000000043,0.6046527056849891,3.190275002457981,68,11,Dry,2021,2021-11,"{""type"":""MultiPoint"",""coordinates"":[]}"
VHI_M_2021-11_00000000000000000192,0.6097586114915016,3.187584623338029,403,11,Dry,2021,2021-11,"{""type"":""MultiPoint"",""coordinates"":[]}"
VHI_M_2021-11_00000000000000000193,0.6372224183433328,3.3962386057556384,404,11,Dry,2021,2021-11,"{""type"":""MultiPoint"",""coordinates"":[]}"
VHI_M_2021-11_00000000000000000194,0.7332622194278962,4.089644972195407,405,11,Dry,2021,2021-11,"{""type"":""MultiPoint"",""coordinates"":[]}"
VHI_M_2021-11_000000000000000001d2,0.6510755782502441,3.481036018836706,467,11,Dry,2021,2021-11,"{""type"":""MultiPoint"",""coordinates"":[]}"
VHI_M_2021-11_000000000000000001d3,0.6883989364723372,3.691271034470266,468,11,Dry,2021,2021-11,"{""type"":""MultiPoint"",""coordinates"":[]}"
VHI_M_2021-11_000000000000000001d4,0.6175548424672677,3.281941718916102,469,11,Dry,2021,2021-11,"{""type"":""MultiPoint"",""coordinates"":[]}"
VHI_M_2021-11_000000000000000001d5,0.636992644762784,3.388784050016124,470,11,Dry,2021,2021-11,"{""type"":""MultiPoint"",""coordinates"":[]}"
VHI_M_2021-11_000000000000000001d6,0.6395555626955541,3.4147444173108727,471,11,Dry,2021,2021-11,"{""type"":""MultiPoint"",""coordinates"":[]}"
VHI_M_2021-11_000000000000000001d7,0.5956662688265381,3.1611444258182098,472,11,Dry,2021,2021-11,"{""type"":""MultiPoint"",""coordinates"":[]}"
VHI_M_2021-11_00000000000000000069,0.4552109104444994,2.1807442409923206,106,11,Dry,2021,2021-11,"{""type"":""MultiPoint"",""coordinates"":[]}"
VHI_M_2021-11_0000000000000000006a,0.5518916932183267,2.8946120352796725,107,11,Dry,2021,2021-11,"{""type"":""MultiPoint"",""coordinates"":[]}"
VHI_M_2021-11_0000000000000000006b,0.35997308094460156,1.5577524057056222,108,11,Dry,2021,2021-11,"{""type"":""MultiPoint"",""coordinates"":[]}"
VHI_M_2021-11_0000000000000000006c,0.5792190989867444,2.989664839161831,109,11,Dry,2021,2021-11,"{""type"":""MultiPoint"",""coordinates"":[]}"
VHI_M_2021-11_0000000000000000006d,0.4465207753028562,2.1546406034620085,110,11,Dry,2021,2021-11,"{""type"":""MultiPoint"",""coordinates"":[]}"
VHI_M_2021-11_0000000000000000006e,0.45831009816262824,2.230936536370218,111,11,Dry,2021,2021-11,"{""type"":""MultiPoint"",""coordinates"":[]}"
VHI_M_2021-11_0000000000000000006f,0.49237951544890846,2.496029988611918,112,11,Dry,2021,2021-11,"{""type"":""MultiPoint"",""coordinates"":[]}"
VHI_M_2021-11_000000000000000000d6,0.30568021818686114,1.0905420991926182,215,11,Dry,2021,2021-11,"{""type"":""MultiPoint"",""coordinates"":[]}"
VHI_M_2021-11_0000000000000000013b,0.44931426592966545,2.0208233604595502,316,11,Dry,2021,2021-11,"{""type"":""MultiPoint"",""coordinates"":[]}"
VHI_M_2021-11_0000000000000000013c,0.38479253205098385,1.7318268187230221,317,11,Dry,2021,2021-11,"{""type"":""MultiPoint"",""coordinates"":[]}"
VHI_M_2021-11_0000000000000000013d,0.2803567179424977,1.1766350966093848,318,11,Dry,2021,2021-11,"{""type"":""MultiPoint"",""coordinates"":[]}"
VHI_M_2021-11_0000000000000000013e,0.3502389646335091,1.502013548853773,319,11,Dry,2021,2021-11,"{""type"":""MultiPoint"",""coordinates"":[]}"
VHI_M_2021-11_0000000000000000013f,0.33691414033801936,1.4098163949413376,320,11,Dry,2021,2021-11,"{""type"":""MultiPoint"",""coordinates"":[]}"
VHI_M_2021-11_00000000000000000140,10.19663582322837,2.04369848637657,321,11,Dry,2021,2021-11,"{""type"":""MultiPoint"",""coordinates"":[]}"
VHI_M_2021-11_000000000000000001bc,0.36562056746387106,1.5914011554742016,445,11,Dry,2021,2021-11,"{""type"":""MultiPoint"",""coordinates"":[]}"
VHI_M_2021-11_000000000000000001bd,0.44167974157153933,2.1252906800396314,446,11,Dry,2021,2021-11,"{""type"":""MultiPoint"",""coordinates"":[]}"
VHI_M_2021-11_000000000000000001be,0.39963962957689575,1.817071481344662,447,11,Dry,2021,2021-11,"{""type"":""MultiPoint"",""coordinates"":[]}"
VHI_M_2021-11_000000000000000001bf,0.3830157427803554,1.737566861865289,448,11,Dry,2021,2021-11,"{""type"":""MultiPoint"",""coordinates"":[]}"
VHI_M_2021-11_000000000000000001c0,0.3124541183840299,1.1989297513221089,449,11,Dry,2021,2021-11,"{""type"":""MultiPoint"",""coordinates"":[]}"
VHI_M_2021-11_00000000000000000006,0.5386563660092127,2.811291398088463,7,11,Dry,2021,2021-11,"{""type"":""MultiPoint"",""coordinates"":[]}"
VHI_M_2021-11_0000000000000000002c,0.428274695289687,2.025912536384471,45,11,Dry,2021,2021-11,"{""type"":""MultiPoint"",""coordinates"":[]}"
VHI_M_2021-11_0000000000000000002d,0.38284261343981874,1.7373208733688625,46,11,Dry,2021,2021-11,"{""type"":""MultiPoint"",""coordinates"":[]}"
VHI_M_2021-11_0000000000000000002e,0.480574571053489,2.3705295542293534,47,11,Dry,2021,2021-11,"{""type"":""MultiPoint"",""coordinates"":[]}"
VHI_M_2021-11_0000000000000000002f,0.39469389094052687,1.8047675407959864,48,11,Dry,2021,2021-11,"{""type"":""MultiPoint"",""coordinates"":[]}"
VHI_M_2021-11_0000000000000000009b,0.5773373974937742,3.0182027208277447,156,11,Dry,2021,2021-11,"{""type"":""MultiPoint"",""coordinates"":[]}"
VHI_M_2021-11_0000000000000000009c,0.5335391585847342,2.721951413370192,157,11,Dry,2021,2021-11,"{""type"":""MultiPoint"",""coordinates"":[]}"
VHI_M_2021-11_0000000000000000009d,0.4506221460336556,2.172402988375808,158,11,Dry,2021,2021-11,"{""type"":""MultiPoint"",""coordinates"":[]}"
VHI_M_2021-11_000000000000000001b6,0.41184275696882544,1.918716023815687,439,11,Dry,2021,2021-11,"{""type"":""MultiPoint"",""coordinates"":[]}"
VHI_M_2021-11_000000000000000001b7,0.5987060936046549,3.196982421315825,440,11,Dry,2021,2021-11,"{""type"":""MultiPoint"",""coordinates"":[]}"
VHI_M_2021-11_000000000000000001b8,0.5201549447496573,2.6270654974438057,441,11,Dry,2021,2021-11,"{""type"":""MultiPoint"",""coordinates"":[]}"
VHI_M_2021-11_000000000000000001b9,0.5101723445022621,2.580457224345556,442,11,Dry,2021,2021-11,"{""type"":""MultiPoint"",""coordinates"":[]}"
VHI_M_2021-11_000000000000000001ba,0.4501138334526198,2.155840353816678,443,11,Dry,2021,2021-11,"{""type"":""MultiPoint"",""coordinates"":[]}"
VHI_M_2021-11_000000000000000001bb,0.4930195634295902,2.4451464330058843,444,11,Dry,2021,2021-11,"{""type"":""MultiPoint"",""coordinates"":[]}"
VHI_M_2021-11_00000000000000000221,0.5836478176904041,2.8442771866078376,546,11,Dry,2021,2021-11,"{""type"":""MultiPoint"",""coordinates"":[]}"
VHI_M_2021-11_00000000000000000222,0.46593745024015837,2.2783585821046817,547,11,Dry,2021,2021-11,"{""type"":""MultiPoint"",""coordinates"":[]}"
VHI_M_2021-11_00000000000000000223,0.5170741397328857,2.597009980535886,548,11,Dry,2021,2021-11,"{""type"":""MultiPoint"",""coordinates"":[]}"
VHI_M_2021-11_00000000000000000224,0.5506880783440133,2.8351608143321543,549,11,Dry,2021,2021-11,"{""type"":""MultiPoint"",""coordinates"":[]}"
VHI_M_2021-11_00000000000000000225,0.49908487668452445,2.494438729587245,550,11,Dry,2021,2021-11,"{""type"":""MultiPoint"",""coordinates"":[]}"
VHI_M_2021-11_00000000000000000053,0.3318781393741113,1.3496487665669679,84,11,Dry,2021,2021-11,"{""type"":""MultiPoint"",""coordinates"":[]}"
VHI_M_2021-11_00000000000000000054,0.38350525774783595,1.7422764849133456,85,11,Dry,2021,2021-11,"{""type"":""MultiPoint"",""coordinates"":[]}"
VHI_M_2021-11_00000000000000000055,0.38964433970363727,1.840545346769413,86,11,Dry,2021,2021-11,"{""type"":""MultiPoint"",""coordinates"":[]}"
VHI_M_2021-11_00000000000000000056,0.3604538773161894,1.5882415997505266,87,11,Dry,2021,2021-11,"{""type"":""MultiPoint"",""coordinates"":[]}"
VHI_M_2021-11_00000000000000000057,0.3283845617986304,1.3534159672988528,88,11,Dry,2021,2021-11,"{""type"":""MultiPoint"",""coordinates"":[]}"
VHI_M_2021-11_000000000000000000de,0.42414858519520904,2.0079810036360635,223,11,Dry,2021,2021-11,"{""type"":""MultiPoint"",""coordinates"":[]}"
VHI_M_2021-11_000000000000000000df,26.787508579787925,2.8862472343437386,224,11,Dry,2021,2021-11,"{""type"":""MultiPoint"",""coordinates"":[]}"
VHI_M_2021-11_000000000000000000e0,3.711399398085573,2.0406093034606583,225,11,Dry,2021,2021-11,"{""type"":""MultiPoint"",""coordinates"":[]}"
VHI_M_2021-11_000000000000000000e1,8.055426166620999,2.7555619686400163,226,11,Dry,2021,2021-11,"{""type"":""MultiPoint"",""coordinates"":[]}"
VHI_M_2021-11_000000000000000000ff,0.36341380516469923,1.6643947432862627,256,11,Dry,2021,2021-11,"{""type"":""MultiPoint"",""coordinates"":[]}"
VHI_M_2021-11_0000000000000000011c,0.33217427027498503,1.3727528855766606,285,11,Dry,2021,2021-11,"{""type"":""MultiPoint"",""coordinates"":[]}"
VHI_M_2021-11_0000000000000000011d,0.37042695232230965,1.6049700823909034,286,11,Dry,2021,2021-11,"{""type"":""MultiPoint"",""coordinates"":[]}"
VHI_M_2021-11_0000000000000000011e,0.4191517417706835,1.9413752152485018,287,11,Dry,2021,2021-11,"{""type"":""MultiPoint"",""coordinates"":[]}"
VHI_M_2021-11_0000000000000000011f,0.48343929072789327,2.4229494362648647,288,11,Dry,2021,2021-11,"{""type"":""MultiPoint"",""coordinates"":[]}"
VHI_M_2021-11_000000000000000001c4,8.64903278272308,2.2147097090738646,453,11,Dry,2021,2021-11,"{""type"":""MultiPoint"",""coordinates"":[]}"
VHI_M_2021-11_000000000000000001c5,0.44224397673601096,2.120187971018711,454,11,Dry,2021,2021-11,"{""type"":""MultiPoint"",""coordinates"":[]}"
VHI_M_2021-11_000000000000000001c6,0.47702890828383937,2.3507019707263277,455,11,Dry,2021,2021-11,"{""type"":""MultiPoint"",""coordinates"":[]}"
VHI_M_2021-11_00000000000000000003,0.5985628103112329,1.9197124026363093,4,11,Dry,2021,2021-11,"{""type"":""MultiPoint"",""coordinates"":[]}"
VHI_M_2021-11_0000000000000000001b,12.16350620666488,2.5163711583924346,28,11,Dry,2021,2021-11,"{""type"":""MultiPoint"",""coordinates"":[]}"
VHI_M_2021-11_00000000000000000186,64.3425207160396,3.696460963898275,391,11,Dry,2021,2021-11,"{""type"":""MultiPoint"",""coordinates"":[]}"
VHI_M_2021-11_00000000000000000187,0.49489230238348464,2.4795706029145763,392,11,Dry,2021,2021-11,"{""type"":""MultiPoint"",""coordinates"":[]}"
VHI_M_2021-11_00000000000000000188,2.807203010623587,2.9451295210791706,393,11,Dry,2021,2021-11,"{""type"":""MultiPoint"",""coordinates"":[]}"
VHI_M_2021-11_00000000000000000189,3.50780876626128,2.4274838688705773,394,11,Dry,2021,2021-11,"{""type"":""MultiPoint"",""coordinates"":[]}"
VHI_M_2021-11_0000000000000000018a,0.4128509698041034,1.8980670404111197,395,11,Dry,2021,2021-11,"{""type"":""MultiPoint"",""coordinates"":[]}"
VHI_M_2021-11_0000000000000000018f,0.42878594563982386,2.099424920127796,400,11,Dry,2021,2021-11,"{""type"":""MultiPoint"",""coordinates"":[]}"
VHI_M_2021-11_00000000000000000190,0.39711757157187366,1.8623657305551953,401,11,Dry,2021,2021-11,"{""type"":""MultiPoint"",""coordinates"":[]}"
VHI_M_2021-11_0000000000000000021e,0.4754856038861311,2.3962225203839407,543,11,Dry,2021,2021-11,"{""type"":""MultiPoint"",""coordinates"":[]}"
VHI_M_2021-11_0000000000000000021f,0.5785824762378761,2.279771405496824,544,11,Dry,2021,2021-11,"{""type"":""MultiPoint"",""coordinates"":[]}"
VHI_M_2021-11_00000000000000000220,0.47901750503541457,2.236898166520376,545,11,Dry,2021,2021-11,"{""type"":""MultiPoint"",""coordinates"":[]}"
VHI_M_2021-11_00000000000000000007,0.5451533956623714,2.880107946878772,8,11,Dry,2021,2021-11,"{""type"":""MultiPoint"",""coordinates"":[]}"
VHI_M_2021-11_0000000000000000000b,0.5060952893012675,2.5883201153568858,12,11,Dry,2021,2021-11,"{""type"":""MultiPoint"",""coordinates"":[]}"
VHI_M_2021-11_00000000000000000012,0.4760666194702475,2.3251988504962733,19,11,Dry,2021,2021-11,"{""type"":""MultiPoint"",""coordinates"":[]}"
VHI_M_2021-11_00000000000000000013,0.4600799123685825,2.28042645963003,20,11,Dry,2021,2021-11,"{""type"":""MultiPoint"",""coordinates"":[]}"
VHI_M_2021-11_00000000000000000014,0.3512340061001086,1.7589995475990445,21,11,Dry,2021,2021-11,"{""type"":""MultiPoint"",""coordinates"":[]}"
VHI_M_2021-11_00000000000000000015,0.43874214810131523,2.1065433982586836,22,11,Dry,2021,2021-11,"{""type"":""MultiPoint"",""coordinates"":[]}"
VHI_M_2021-11_00000000000000000016,0.44647302636557823,2.1223158543072316,23,11,Dry,2021,2021-11,"{""type"":""MultiPoint"",""coordinates"":[]}"
VHI_M_2021-11_00000000000000000183,0.45066531207784,2.1949511317941113,388,11,Dry,2021,2021-11,"{""type"":""MultiPoint"",""coordinates"":[]}"
VHI_M_2021-11_00000000000000000184,0.43598101933729333,2.069261512105216,389,11,Dry,2021,2021-11,"{""type"":""MultiPoint"",""coordinates"":[]}"
VHI_M_2021-11_00000000000000000185,4.835712558827738,2.1155545847001425,390,11,Dry,2021,2021-11,"{""type"":""MultiPoint"",""coordinates"":[]}"
VHI_M_2021-11_00000000000000000212,0.35637471069277304,1.5082318077049721,531,11,Dry,2021,2021-11,"{""type"":""MultiPoint"",""coordinates"":[]}"
VHI_M_2021-11_00000000000000000213,0.5404692826168289,2.790213544325334,532,11,Dry,2021,2021-11,"{""type"":""MultiPoint"",""coordinates"":[]}"
VHI_M_2021-11_00000000000000000214,0.4765449799747948,2.352696924590212,533,11,Dry,2021,2021-11,"{""type"":""MultiPoint"",""coordinates"":[]}"
VHI_M_2021-11_00000000000000000215,0.4894731222761706,2.434434269953798,534,11,Dry,2021,2021-11,"{""type"":""MultiPoint"",""coordinates"":[]}"
VHI_M_2021-11_0000000000000000005a,74.90800674677502,2.752883936278741,91,11,Dry,2021,2021-11,"{""type"":""MultiPoint"",""coordinates"":[]}"
VHI_M_2021-11_00000000000000000118,52.974275502342984,2.904906820133482,281,11,Dry,2021,2021-11,"{""type"":""MultiPoint"",""coordinates"":[]}"
VHI_M_2021-11_00000000000000000119,8.18469536849996,1.5354100273041598,282,11,Dry,2021,2021-11,"{""type"":""MultiPoint"",""coordinates"":[]}"
VHI_M_2021-11_0000000000000000011a,3.6895980470491057,2.09805663676144,283,11,Dry,2021,2021-11,"{""type"":""MultiPoint"",""coordinates"":[]}"
VHI_M_2021-11_0000000000000000011b,0.6338761042790478,3.293935856053844,284,11,Dry,2021,2021-11,"{""type"":""MultiPoint"",""coordinates"":[]}"
VHI_M_2021-11_00000000000000000141,10.079336105907187,2.5518453991473504,322,11,Dry,2021,2021-11,"{""type"":""MultiPoint"",""coordinates"":[]}"
VHI_M_2021-11_00000000000000000142,54.15449159756927,2.8477483621633906,323,11,Dry,2021,2021-11,"{""type"":""MultiPoint"",""coordinates"":[]}"
VHI_M_2021-11_00000000000000000143,13.676227652609295,3.110495538560682,324,11,Dry,2021,2021-11,"{""type"":""MultiPoint"",""coordinates"":[]}"
VHI_M_2021-11_00000000000000000144,50.494411543456124,3.5442556107122125,325,11,Dry,2021,2021-11,"{""type"":""MultiPoint"",""coordinates"":[]}"
VHI_M_2021-11_00000000000000000145,34.962250113063504,2.6668266995645675,326,11,Dry,2021,2021-11,"{""type"":""MultiPoint"",""coordinates"":[]}"
VHI_M_2021-11_000000000000000001af,85.68853773561189,2.530958798613785,432,11,Dry,2021,2021-11,"{""type"":""MultiPoint"",""coordinates"":[]}"
VHI_M_2021-11_0000000000000000004b,0.5765032857581552,3.171028003082908,76,11,Dry,2021,2021-11,"{""type"":""MultiPoint"",""coordinates"":[]}"
VHI_M_2021-11_0000000000000000004c,0.5260973338746414,2.747280445741576,77,11,Dry,2021,2021-11,"{""type"":""MultiPoint"",""coordinates"":[]}"
VHI_M_2021-11_0000000000000000004d,0.5448431619153641,2.80435708192249,78,11,Dry,2021,2021-11,"{""type"":""MultiPoint"",""coordinates"":[]}"
VHI_M_2021-11_0000000000000000004e,0.4997782996279013,2.4901718283891854,79,11,Dry,2021,2021-11,"{""type"":""MultiPoint"",""coordinates"":[]}"
VHI_M_2021-11_0000000000000000004f,0.5229406495694277,2.6491350950877037,80,11,Dry,2021,2021-11,"{""type"":""MultiPoint"",""coordinates"":[]}"
VHI_M_2021-11_00000000000000000050,0.5849869486287149,3.0443574690150026,81,11,Dry,2021,2021-11,"{""type"":""MultiPoint"",""coordinates"":[]}"
VHI_M_2021-11_00000000000000000051,0.48454306302353134,2.384744543055889,82,11,Dry,2021,2021-11,"{""type"":""MultiPoint"",""coordinates"":[]}"
VHI_M_2021-11_00000000000000000052,0.48303041100449734,2.577716040356777,83,11,Dry,2021,2021-11,"{""type"":""MultiPoint"",""coordinates"":[]}"
VHI_M_2021-11_000000000000000000aa,0.46681427901736355,2.4296521819356034,171,11,Dry,2021,2021-11,"{""type"":""MultiPoint"",""coordinates"":[]}"
VHI_M_2021-11_000000000000000000ab,0.5813965380209455,3.0509582010141707,172,11,Dry,2021,2021-11,"{""type"":""MultiPoint"",""coordinates"":[]}"
VHI_M_2021-11_000000000000000000ac,0.5418149182336578,2.7979037531936544,173,11,Dry,2021,2021-11,"{""type"":""MultiPoint"",""coordinates"":[]}"
VHI_M_2021-11_000000000000000000ad,0.5367149716873496,2.7610338995936297,174,11,Dry,2021,2021-11,"{""type"":""MultiPoint"",""coordinates"":[]}"
VHI_M_2021-11_000000000000000000ae,0.4872326801616522,2.277075316107752,175,11,Dry,2021,2021-11,"{""type"":""MultiPoint"",""coordinates"":[]}"
VHI_M_2021-11_000000000000000000af,0.4822914004396779,2.2426237309644668,176,11,Dry,2021,2021-11,"{""type"":""MultiPoint"",""coordinates"":[]}"
VHI_M_2021-11_000000000000000000b0,0.8029872237018217,4.378096891273475,177,11,Dry,2021,2021-11,"{""type"":""MultiPoint"",""coordinates"":[]}"
VHI_M_2021-11_000000000000000001c7,0.5281974208599436,2.608104768964665,456,11,Dry,2021,2021-11,"{""type"":""MultiPoint"",""coordinates"":[]}"
VHI_M_2021-11_000000000000000001c8,0.48770365227382195,2.428869482864016,457,11,Dry,2021,2021-11,"{""type"":""MultiPoint"",""coordinates"":[]}"
VHI_M_2021-11_000000000000000001c9,0.4838271904580265,2.4132282192787926,458,11,Dry,2021,2021-11,"{""type"":""MultiPoint"",""coordinates"":[]}"
VHI_M_2021-11_000000000000000001ca,0.49107957112542394,2.460089241447694,459,11,Dry,2021,2021-11,"{""type"":""MultiPoint"",""coordinates"":[]}"
VHI_M_2021-11_0000000000000000020a,0.43946617766209845,2.146917796405533,523,11,Dry,2021,2021-11,"{""type"":""MultiPoint"",""coordinates"":[]}"
VHI_M_2021-11_0000000000000000020b,0.8827049960818751,2.5444376949028156,524,11,Dry,2021,2021-11,"{""type"":""MultiPoint"",""coordinates"":[]}"
VHI_M_2021-11_0000000000000000020c,0.599552658105268,3.168137089755464,525,11,Dry,2021,2021-11,"{""type"":""MultiPoint"",""coordinates"":[]}"
VHI_M_2021-11_000000000000000001ab,0.6754561039569421,3.6805089846100936,428,11,Dry,2021,2021-11,"{""type"":""MultiPoint"",""coordinates"":[]}"
VHI_M_2021-11_000000000000000001ac,0.5515169336328366,2.8270341608966754,429,11,Dry,2021,2021-11,"{""type"":""MultiPoint"",""coordinates"":[]}"
VHI_M_2021-11_000000000000000001ad,8.653999675910804,3.0575899004688925,430,11,Dry,2021,2021-11,"{""type"":""MultiPoint"",""coordinates"":[]}"
VHI_M_2021-11_000000000000000001ae,45.43525781023466,2.80037374360463,431,11,Dry,2021,2021-11,"{""type"":""MultiPoint"",""coordinates"":[]}"
VHI_M_2021-11_000000000000000001c3,39.07409166436497,3.1523630779730416,452,11,Dry,2021,2021-11,"{""type"":""MultiPoint"",""coordinates"":[]}"
VHI_M_2021-11_00000000000000000037,0.5248193154795551,2.6594458938783987,56,11,Dry,2021,2021-11,"{""type"":""MultiPoint"",""coordinates"":[]}"
VHI_M_2021-11_00000000000000000038,0.4796423444722027,2.3523028781515114,57,11,Dry,2021,2021-11,"{""type"":""MultiPoint"",""coordinates"":[]}"
VHI_M_2021-11_00000000000000000039,0.49755472153300623,2.4895051462987094,58,11,Dry,2021,2021-11,"{""type"":""MultiPoint"",""coordinates"":[]}"
VHI_M_2021-11_0000000000000000003a,0.5646068354017875,2.9100258234041574,59,11,Dry,2021,2021-11,"{""type"":""MultiPoint"",""coordinates"":[]}"
VHI_M_2021-11_0000000000000000003b,0.49753304666552484,2.4910005494217478,60,11,Dry,2021,2021-11,"{""type"":""MultiPoint"",""coordinates"":[]}"
VHI_M_2021-11_0000000000000000003c,0.695290870232019,3.8361712045186582,61,11,Dry,2021,2021-11,"{""type"":""MultiPoint"",""coordinates"":[]}"
VHI_M_2021-11_0000000000000000003d,0.6854227725710973,3.7058781659647644,62,11,Dry,2021,2021-11,"{""type"":""MultiPoint"",""coordinates"":[]}"
VHI_M_2021-11_0000000000000000003e,10.472651833196842,2.941753859674046,63,11,Dry,2021,2021-11,"{""type"":""MultiPoint"",""coordinates"":[]}"
VHI_M_2021-11_0000000000000000003f,0.5795959757685262,3.0563260534566115,64,11,Dry,2021,2021-11,"{""type"":""MultiPoint"",""coordinates"":[]}"
VHI_M_2021-11_00000000000000000044,0.5962393825738226,3.1855335441984343,69,11,Dry,2021,2021-11,"{""type"":""MultiPoint"",""coordinates"":[]}"
VHI_M_2021-11_00000000000000000076,0.49733966289407905,2.511207809237046,119,11,Dry,2021,2021-11,"{""type"":""MultiPoint"",""coordinates"":[]}"
VHI_M_2021-11_00000000000000000077,5.817218805877845,2.5780150334075747,120,11,Dry,2021,2021-11,"{""type"":""MultiPoint"",""coordinates"":[]}"
VHI_M_2021-11_00000000000000000078,0.5052682681583022,2.560877386559274,121,11,Dry,2021,2021-11,"{""type"":""MultiPoint"",""coordinates"":[]}"
VHI_M_2021-11_00000000000000000079,0.6023659396639501,3.236213991769547,122,11,Dry,2021,2021-11,"{""type"":""MultiPoint"",""coordinates"":[]}"
VHI_M_2021-11_0000000000000000008b,0.3724582003858843,2.0542263279445723,140,11,Dry,2021,2021-11,"{""type"":""MultiPoint"",""coordinates"":[]}"
VHI_M_2021-11_0000000000000000008c,2.934059024911886,2.949951776148367,141,11,Dry,2021,2021-11,"{""type"":""MultiPoint"",""coordinates"":[]}"
VHI_M_2021-11_0000000000000000008d,23.546890154282575,3.020201601767469,142,11,Dry,2021,2021-11,"{""type"":""MultiPoint"",""coordinates"":[]}"
VHI_M_2021-11_0000000000000000008e,0.667724104366741,3.6661529150695995,143,11,Dry,2021,2021-11,"{""type"":""MultiPoint"",""coordinates"":[]}"
VHI_M_2021-11_0000000000000000008f,0.6567483556511029,3.462711069418385,144,11,Dry,2021,2021-11,"{""type"":""MultiPoint"",""coordinates"":[]}"
VHI_M_2021-11_00000000000000000090,0.6201493130567584,3.329268986827123,145,11,Dry,2021,2021-11,"{""type"":""MultiPoint"",""coordinates"":[]}"
VHI_M_2021-11_00000000000000000091,0.6274055038210014,3.292925029700493,146,11,Dry,2021,2021-11,"{""type"":""MultiPoint"",""coordinates"":[]}"
VHI_M_2021-11_000000000000000000b5,36.140729353157326,3.161687170474517,182,11,Dry,2021,2021-11,"{""type"":""MultiPoint"",""coordinates"":[]}"
VHI_M_2021-11_000000000000000000cc,8.983948831504064,3.282803294760088,205,11,Dry,2021,2021-11,"{""type"":""MultiPoint"",""coordinates"":[]}"
VHI_M_2021-11_000000000000000000cd,0.7606665297180247,2.335011367949666,206,11,Dry,2021,2021-11,"{""type"":""MultiPoint"",""coordinates"":[]}"
VHI_M_2021-11_000000000000000001dd,0.6385734232395799,3.3876689457783447,478,11,Dry,2021,2021-11,"{""type"":""MultiPoint"",""coordinates"":[]}"
VHI_M_2021-11_000000000000000001de,0.706577509438848,3.92100480423787,479,11,Dry,2021,2021-11,"{""type"":""MultiPoint"",""coordinates"":[]}"
VHI_M_2021-11_000000000000000001df,0.527572056135473,2.750141452130936,480,11,Dry,2021,2021-11,"{""type"":""MultiPoint"",""coordinates"":[]}"
VHI_M_2021-11_000000000000000001e0,0.7000587536161578,3.8216470445901294,481,11,Dry,2021,2021-11,"{""type"":""MultiPoint"",""coordinates"":[]}"
VHI_M_2021-11_000000000000000001e1,0.7543074381077479,4.263217780474855,482,11,Dry,2021,2021-11,"{""type"":""MultiPoint"",""coordinates"":[]}"
VHI_M_2021-11_0000000000000000007a,0.5553467555560005,2.7672027215092005,123,11,Dry,2021,2021-11,"{""type"":""MultiPoint"",""coordinates"":[]}"
VHI_M_2021-11_0000000000000000007b,0.47772922622444064,2.3301499032882016,124,11,Dry,2021,2021-11,"{""type"":""MultiPoint"",""coordinates"":[]}"
VHI_M_2021-11_0000000000000000007c,0.5902466857464519,3.098615854592642,125,11,Dry,2021,2021-11,"{""type"":""MultiPoint"",""coordinates"":[]}"
VHI_M_2021-11_0000000000000000007d,0.5820970508981836,2.998033808355472,126,11,Dry,2021,2021-11,"{""type"":""MultiPoint"",""coordinates"":[]}"
VHI_M_2021-11_0000000000000000007e,19.439750976822122,3.0177246880534776,127,11,Dry,2021,2021-11,"{""type"":""MultiPoint"",""coordinates"":[]}"
VHI_M_2021-11_0000000000000000007f,13.939614702984985,2.9858586861217256,128,11,Dry,2021,2021-11,"{""type"":""MultiPoint"",""coordinates"":[]}"
VHI_M_2021-11_00000000000000000080,0.548105991259099,2.819315256866824,129,11,Dry,2021,2021-11,"{""type"":""MultiPoint"",""coordinates"":[]}"
VHI_M_2021-11_00000000000000000088,4.746913577150708,4.0870001768528175,137,11,Dry,2021,2021-11,"{""type"":""MultiPoint"",""coordinates"":[]}"
VHI_M_2021-11_00000000000000000089,0.7900843841030922,4.348087580082267,138,11,Dry,2021,2021-11,"{""type"":""MultiPoint"",""coordinates"":[]}"
VHI_M_2021-11_0000000000000000008a,0.6799180514421693,3.6606652290786603,139,11,Dry,2021,2021-11,"{""type"":""MultiPoint"",""coordinates"":[]}"
VHI_M_2021-11_00000000000000000099,0.6076897586084135,3.2398785212482824,154,11,Dry,2021,2021-11,"{""type"":""MultiPoint"",""coordinates"":[]}"
VHI_M_2021-11_0000000000000000009a,4.7433728309825955,3.408432830729338,155,11,Dry,2021,2021-11,"{""type"":""MultiPoint"",""coordinates"":[]}"
VHI_M_2021-11_00000000000000000112,0.9021493159221726,4.960437421275621,275,11,Dry,2021,2021-11,"{""type"":""MultiPoint"",""coordinates"":[]}"
VHI_M_2021-11_000000000000000001d8,0.5492717250372827,2.8518178163230146,473,11,Dry,2021,2021-11,"{""type"":""MultiPoint"",""coordinates"":[]}"
VHI_M_2021-11_00000000000000000001,0.4851670198372188,2.4541935483870967,2,11,Dry,2021,2021-11,"{""type"":""MultiPoint"",""coordinates"":[]}"
VHI_M_2021-11_00000000000000000030,0.46408993072845384,2.2700723612186593,49,11,Dry,2021,2021-11,"{""type"":""MultiPoint"",""coordinates"":[]}"
VHI_M_2021-11_00000000000000000031,0.43338919884788846,2.0762616445310274,50,11,Dry,2021,2021-11,"{""type"":""MultiPoint"",""coordinates"":[]}"
VHI_M_2021-11_00000000000000000032,0.42759574883814533,2.0663844682323256,51,11,Dry,2021,2021-11,"{""type"":""MultiPoint"",""coordinates"":[]}"
VHI_M_2021-11_000000000000000000d7,0.5063355830586839,2.5408752876554286,216,11,Dry,2021,2021-11,"{""type"":""MultiPoint"",""coordinates"":[]}"
VHI_M_2021-11_000000000000000000d8,0.5654253500884583,2.9373570977811645,217,11,Dry,2021,2021-11,"{""type"":""MultiPoint"",""coordinates"":[]}"
VHI_M_2021-11_000000000000000000d9,0.5307665920155297,2.7058137989200675,218,11,Dry,2021,2021-11,"{""type"":""MultiPoint"",""coordinates"":[]}"
VHI_M_2021-11_000000000000000000da,0.569211016437649,2.96818423855165,219,11,Dry,2021,2021-11,"{""type"":""MultiPoint"",""coordinates"":[]}"
VHI_M_2021-11_00000000000000000132,0.4669910817843149,2.2793295035420855,307,11,Dry,2021,2021-11,"{""type"":""MultiPoint"",""coordinates"":[]}"
VHI_M_2021-11_00000000000000000133,81.66968511245105,3.2280260601211577,308,11,Dry,2021,2021-11,"{""type"":""MultiPoint"",""coordinates"":[]}"
VHI_M_2021-11_00000000000000000134,0.4987273157818626,2.485389086212463,309,11,Dry,2021,2021-11,"{""type"":""MultiPoint"",""coordinates"":[]}"
VHI_M_2021-11_00000000000000000135,24.595267799996645,2.818191149209351,310,11,Dry,2021,2021-11,"{""type"":""MultiPoint"",""coordinates"":[]}"
VHI_M_2021-11_0000000000000000001f,0.50696840461281,2.552951079373298,32,11,Dry,2021,2021-11,"{""type"":""MultiPoint"",""coordinates"":[]}"
VHI_M_2021-11_00000000000000000020,0.6029208504113212,3.1737363917013397,33,11,Dry,2021,2021-11,"{""type"":""MultiPoint"",""coordinates"":[]}"
VHI_M_2021-11_00000000000000000021,0.5389468256683716,2.770973542500369,34,11,Dry,2021,2021-11,"{""type"":""MultiPoint"",""coordinates"":[]}"
VHI_M_2021-11_00000000000000000045,0.49312840688814324,2.4621955590939786,70,11,Dry,2021,2021-11,"{""type"":""MultiPoint"",""coordinates"":[]}"
VHI_M_2021-11_00000000000000000046,0.5401665903573545,2.7681536398950364,71,11,Dry,2021,2021-11,"{""type"":""MultiPoint"",""coordinates"":[]}"
VHI_M_2021-11_00000000000000000047,0.5267087883453446,2.7014770842180487,72,11,Dry,2021,2021-11,"{""type"":""MultiPoint"",""coordinates"":[]}"
VHI_M_2021-11_00000000000000000048,0.4945275318860639,2.4641273223466804,73,11,Dry,2021,2021-11,"{""type"":""MultiPoint"",""coordinates"":[]}"
VHI_M_2021-11_00000000000000000072,0.5948860139268762,3.137234315352497,115,11,Dry,2021,2021-11,"{""type"":""MultiPoint"",""coordinates"":[]}"
VHI_M_2021-11_00000000000000000073,0.6149494306125729,3.239694153305501,116,11,Dry,2021,2021-11,"{""type"":""MultiPoint"",""coordinates"":[]}"
VHI_M_2021-11_00000000000000000074,0.5938623995346614,3.124712838515181,117,11,Dry,2021,2021-11,"{""type"":""MultiPoint"",""coordinates"":[]}"
VHI_M_2021-11_00000000000000000075,0.656179095148076,3.554717629291626,118,11,Dry,2021,2021-11,"{""type"":""MultiPoint"",""coordinates"":[]}"
VHI_M_2021-11_000000000000000000b4,0.5740235368027252,3.0750234030223327,181,11,Dry,2021,2021-11,"{""type"":""MultiPoint"",""coordinates"":[]}"
VHI_M_2021-11_000000000000000000e8,0.5187601972547407,2.5971608296497792,233,11,Dry,2021,2021-11,"{""type"":""MultiPoint"",""coordinates"":[]}"
VHI_M_2021-11_000000000000000000e9,0.4438631271412411,2.144758746829618,234,11,Dry,2021,2021-11,"{""type"":""MultiPoint"",""coordinates"":[]}"
VHI_M_2021-11_000000000000000000ea,0.48995783481617544,2.435206339718495,235,11,Dry,2021,2021-11,"{""type"":""MultiPoint"",""coordinates"":[]}"
VHI_M_2021-11_00000000000000000022,0.5909137690195748,3.0966546939925355,35,11,Dry,2021,2021-11,"{""type"":""MultiPoint"",""coordinates"":[]}"
VHI_M_2021-11_00000000000000000023,0.5832072267936439,3.0490555766752068,36,11,Dry,2021,2021-11,"{""type"":""MultiPoint"",""coordinates"":[]}"
VHI_M_2021-11_00000000000000000024,0.5665053012363159,2.9491023980363145,37,11,Dry,2021,2021-11,"{""type"":""MultiPoint"",""coordinates"":[]}"
VHI_M_2021-11_00000000000000000025,0.6294252465553182,3.3908366361458793,38,11,Dry,2021,2021-11,"{""type"":""MultiPoint"",""coordinates"":[]}"
VHI_M_2021-11_000000000000000000f0,0.6322131852202109,3.4606051297803715,241,11,Dry,2021,2021-11,"{""type"":""MultiPoint"",""coordinates"":[]}"
VHI_M_2021-11_000000000000000000f4,0.466393077316492,2.286825438540417,245,11,Dry,2021,2021-11,"{""type"":""MultiPoint"",""coordinates"":[]}"
VHI_M_2021-11_000000000000000000f5,0.49493956922670196,2.4713304611330886,246,11,Dry,2021,2021-11,"{""type"":""MultiPoint"",""coordinates"":[]}"
VHI_M_2021-11_000000000000000000f6,0.45322258130180876,2.1792642324729696,247,11,Dry,2021,2021-11,"{""type"":""MultiPoint"",""coordinates"":[]}"
VHI_M_2021-11_000000000000000000f7,0.6842260569503978,3.743325047521567,248,11,Dry,2021,2021-11,"{""type"":""MultiPoint"",""coordinates"":[]}"
VHI_M_2021-11_000000000000000000f8,0.5858066051177698,3.088677529328679,249,11,Dry,2021,2021-11,"{""type"":""MultiPoint"",""coordinates"":[]}"
VHI_M_2021-11_00000000000000000000,0.6159649625083314,3.2060078208318528,1,11,Dry,2021,2021-11,"{""type"":""MultiPoint"",""coordinates"":[]}"
VHI_M_2021-11_000000000000000000f2,0.48255884182308784,2.390378926334773,243,11,Dry,2021,2021-11,"{""type"":""MultiPoint"",""coordinates"":[]}"
VHI_M_2021-11_000000000000000000f3,0.5242866151199566,2.677524778908445,244,11,Dry,2021,2021-11,"{""type"":""MultiPoint"",""coordinates"":[]}"
VHI_M_2021-11_00000000000000000106,0.5781620076386578,3.026063774176686,263,11,Dry,2021,2021-11,"{""type"":""MultiPoint"",""coordinates"":[]}"
VHI_M_2021-11_00000000000000000107,0.6180981375474514,3.269580182823609,264,11,Dry,2021,2021-11,"{""type"":""MultiPoint"",""coordinates"":[]}"
VHI_M_2021-11_00000000000000000108,0.5499458420326759,2.8308482923697222,265,11,Dry,2021,2021-11,"{""type"":""MultiPoint"",""coordinates"":[]}"
VHI_M_2021-11_0000000000000000012c,0.6892342193144718,3.759853203356878,301,11,Dry,2021,2021-11,"{""type"":""MultiPoint"",""coordinates"":[]}"
VHI_M_2021-11_0000000000000000012d,0.6328379684747147,3.3848952242087176,302,11,Dry,2021,2021-11,"{""type"":""MultiPoint"",""coordinates"":[]}"
VHI_M_2021-11_0000000000000000012e,0.6270481270322147,3.334770066350261,303,11,Dry,2021,2021-11,"{""type"":""MultiPoint"",""coordinates"":[]}"
VHI_M_2021-11_000000000000000000a5,0.49278755489348885,2.451099408919936,166,11,Dry,2021,2021-11,"{""type"":""MultiPoint"",""coordinates"":[]}"
VHI_M_2021-11_000000000000000000a6,0.5044602149250883,2.550909065293501,167,11,Dry,2021,2021-11,"{""type"":""MultiPoint"",""coordinates"":[]}"
VHI_M_2021-11_000000000000000000c1,45.965421479239396,3.661121270237724,194,11,Dry,2021,2021-11,"{""type"":""MultiPoint"",""coordinates"":[]}"
VHI_M_2021-11_00000000000000000120,2.7342955464883323,2.6309864679348895,289,11,Dry,2021,2021-11,"{""type"":""MultiPoint"",""coordinates"":[]}"
VHI_M_2021-11_000000000000000001d9,5.659458710269406,3.3056190838382316,474,11,Dry,2021,2021-11,"{""type"":""MultiPoint"",""coordinates"":[]}"
VHI_M_2021-11_000000000000000001da,0.6152815417368774,3.2247351846550227,475,11,Dry,2021,2021-11,"{""type"":""MultiPoint"",""coordinates"":[]}"
VHI_M_2021-11_000000000000000001db,0.58827451610019,3.0830826182919155,476,11,Dry,2021,2021-11,"{""type"":""MultiPoint"",""coordinates"":[]}"
VHI_M_2021-11_000000000000000001dc,0.5688191508778189,3.0302285756831204,477,11,Dry,2021,2021-11,"{""type"":""MultiPoint"",""coordinates"":[]}"
VHI_M_2021-11_000000000000000001e2,54.57309561344445,2.767366176635619,483,11,Dry,2021,2021-11,"{""type"":""MultiPoint"",""coordinates"":[]}"
VHI_M_2021-11_000000000000000001e3,4.567333600175991,2.7750764862324773,484,11,Dry,2021,2021-11,"{""type"":""MultiPoint"",""coordinates"":[]}"
VHI_M_2021-11_000000000000000001e4,80.51282912870388,3.1951453647833232,485,11,Dry,2021,2021-11,"{""type"":""MultiPoint"",""coordinates"":[]}"
VHI_M_2021-11_000000000000000001e5,26.521807098739608,2.220828402366865,486,11,Dry,2021,2021-11,"{""type"":""MultiPoint"",""coordinates"":[]}"
VHI_M_2021-11_000000000000000001e6,1.1976398203602479,3.2438194304180974,487,11,Dry,2021,2021-11,"{""type"":""MultiPoint"",""coordinates"":[]}"
VHI_M_2021-11_000000000000000001e7,16.106092399386846,3.354659473057753,488,11,Dry,2021,2021-11,"{""type"":""MultiPoint"",""coordinates"":[]}"
VHI_M_2021-11_000000000000000001e8,0.6203011818187288,3.372766411399398,489,11,Dry,2021,2021-11,"{""type"":""MultiPoint"",""coordinates"":[]}"
VHI_M_2021-11_000000000000000001e9,58.77143857681313,3.557640750670241,490,11,Dry,2021,2021-11,"{""type"":""MultiPoint"",""coordinates"":[]}"
VHI_M_2021-11_000000000000000000e2,0.537004239019276,2.7421159986757653,227,11,Dry,2021,2021-11,"{""type"":""MultiPoint"",""coordinates"":[]}"
VHI_M_2021-11_000000000000000000e3,0.5964133826413344,3.1127213299695167,228,11,Dry,2021,2021-11,"{""type"":""MultiPoint"",""coordinates"":[]}"
VHI_M_2021-11_000000000000000000e4,25.375070830438382,3.5279157468727,229,11,Dry,2021,2021-11,"{""type"":""MultiPoint"",""coordinates"":[]}"
VHI_M_2021-11_000000000000000000e5,1.318714286389962,3.533447030688758,230,11,Dry,2021,2021-11,"{""type"":""MultiPoint"",""coordinates"":[]}"
VHI_M_2021-11_000000000000000000e6,0.56557103729116,2.9541634835752486,231,11,Dry,2021,2021-11,"{""type"":""MultiPoint"",""coordinates"":[]}"
VHI_M_2021-11_000000000000000000e7,0.5556127799708199,3.0091552226383684,232,11,Dry,2021,2021-11,"{""type"":""MultiPoint"",""coordinates"":[]}"
VHI_M_2021-11_0000000000000000017f,0.5956428612187807,3.1128242029600957,384,11,Dry,2021,2021-11,"{""type"":""MultiPoint"",""coordinates"":[]}"
VHI_M_2021-11_00000000000000000180,0.5453438814976312,2.817924814744909,385,11,Dry,2021,2021-11,"{""type"":""MultiPoint"",""coordinates"":[]}"
VHI_M_2021-11_00000000000000000203,0.5399603044723928,2.7606937222321837,516,11,Dry,2021,2021-11,"{""type"":""MultiPoint"",""coordinates"":[]}"
VHI_M_2021-11_00000000000000000204,0.5146504957167884,2.6017228676678945,517,11,Dry,2021,2021-11,"{""type"":""MultiPoint"",""coordinates"":[]}"
VHI_M_2021-11_00000000000000000205,0.5631056822703003,2.9409406410738517,518,11,Dry,2021,2021-11,"{""type"":""MultiPoint"",""coordinates"":[]}"
VHI_M_2021-11_00000000000000000206,0.5247294585729205,2.6887935159708105,519,11,Dry,2021,2021-11,"{""type"":""MultiPoint"",""coordinates"":[]}"
VHI_M_2021-11_00000000000000000207,0.6183902951290526,3.2615546900357026,520,11,Dry,2021,2021-11,"{""type"":""MultiPoint"",""coordinates"":[]}"
VHI_M_2021-11_00000000000000000208,0.5256374956837653,2.732478885760853,521,11,Dry,2021,2021-11,"{""type"":""MultiPoint"",""coordinates"":[]}"
VHI_M_2021-11_00000000000000000209,0.5681270975354632,2.991595552107578,522,11,Dry,2021,2021-11,"{""type"":""MultiPoint"",""coordinates"":[]}"
VHI_M_2021-11_0000000000000000000e,0.5331281377605152,2.6944071712155364,15,11,Dry,2021,2021-11,"{""type"":""MultiPoint"",""coordinates"":[]}"
VHI_M_2021-11_00000000000000000124,0.5040442691585669,2.411456514146001,293,11,Dry,2021,2021-11,"{""type"":""MultiPoint"",""coordinates"":[]}"
VHI_M_2021-11_00000000000000000125,13.511225100149964,2.508075111967853,294,11,Dry,2021,2021-11,"{""type"":""MultiPoint"",""coordinates"":[]}"
VHI_M_2021-11_00000000000000000126,0.4459598834408889,2.115383272117672,295,11,Dry,2021,2021-11,"{""type"":""MultiPoint"",""coordinates"":[]}"
VHI_M_2021-11_00000000000000000127,0.5734946695933245,2.991498240898932,296,11,Dry,2021,2021-11,"{""type"":""MultiPoint"",""coordinates"":[]}"
VHI_M_2021-11_00000000000000000128,0.334579088547578,1.2980357406586913,297,11,Dry,2021,2021-11,"{""type"":""MultiPoint"",""coordinates"":[]}"
VHI_M_2021-11_00000000000000000129,0.4039660089201422,1.8523409465465157,298,11,Dry,2021,2021-11,"{""type"":""MultiPoint"",""coordinates"":[]}"
VHI_M_2021-11_0000000000000000012a,0.328574413967445,1.370349406487165,299,11,Dry,2021,2021-11,"{""type"":""MultiPoint"",""coordinates"":[]}"
VHI_M_2021-11_0000000000000000012b,0.3278509909285488,1.3042774870195863,300,11,Dry,2021,2021-11,"{""type"":""MultiPoint"",""coordinates"":[]}"
VHI_M_2021-11_00000000000000000174,0.34518079678432306,1.4665661304736377,373,11,Dry,2021,2021-11,"{""type"":""MultiPoint"",""coordinates"":[]}"
VHI_M_2021-11_00000000000000000175,0.3211874914766829,1.2857308030511871,374,11,Dry,2021,2021-11,"{""type"":""MultiPoint"",""coordinates"":[]}"
VHI_M_2021-11_00000000000000000176,0.37497079399682853,1.6002229164632755,375,11,Dry,2021,2021-11,"{""type"":""MultiPoint"",""coordinates"":[]}"
VHI_M_2021-11_00000000000000000177,0.44814583986672396,2.159436958026298,376,11,Dry,2021,2021-11,"{""type"":""MultiPoint"",""coordinates"":[]}"
VHI_M_2021-11_00000000000000000195,0.5766803190593958,3.040347901403877,406,11,Dry,2021,2021-11,"{""type"":""MultiPoint"",""coordinates"":[]}"
VHI_M_2021-11_00000000000000000196,0.6075205912790433,3.2033087780947924,407,11,Dry,2021,2021-11,"{""type"":""MultiPoint"",""coordinates"":[]}"
VHI_M_2021-11_00000000000000000197,3.391067035809759,3.383170698627301,408,11,Dry,2021,2021-11,"{""type"":""MultiPoint"",""coordinates"":[]}"
VHI_M_2021-11_00000000000000000198,0.48537566373195373,2.4239010703522808,409,11,Dry,2021,2021-11,"{""type"":""MultiPoint"",""coordinates"":[]}"
VHI_M_2021-11_00000000000000000199,0.5174261221530467,2.623253435986886,410,11,Dry,2021,2021-11,"{""type"":""MultiPoint"",""coordinates"":[]}"
VHI_M_2021-11_00000000000000000035,0.6356596043094105,3.361324503311258,54,11,Dry,2021,2021-11,"{""type"":""MultiPoint"",""coordinates"":[]}"
VHI_M_2021-11_000000000000000000ce,0.566011718059905,2.943236017390284,207,11,Dry,2021,2021-11,"{""type"":""MultiPoint"",""coordinates"":[]}"
VHI_M_2021-11_000000000000000000cf,0.5295351005339792,2.7808044394037603,208,11,Dry,2021,2021-11,"{""type"":""MultiPoint"",""coordinates"":[]}"
VHI_M_2021-11_000000000000000000d0,3.4196431242805447,3.3247701650463277,209,11,Dry,2021,2021-11,"{""type"":""MultiPoint"",""coordinates"":[]}"
VHI_M_2021-11_000000000000000000d1,27.225679058213537,3.1096008018923245,210,11,Dry,2021,2021-11,"{""type"":""MultiPoint"",""coordinates"":[]}"
VHI_M_2021-11_000000000000000001ea,0.6237381938800192,3.3217898153802374,491,11,Dry,2021,2021-11,"{""type"":""MultiPoint"",""coordinates"":[]}"
VHI_M_2021-11_000000000000000001eb,0.6313843168712141,3.342984328794849,492,11,Dry,2021,2021-11,"{""type"":""MultiPoint"",""coordinates"":[]}"
VHI_M_2021-11_000000000000000001ec,0.6253723958303032,3.3290847741490586,493,11,Dry,2021,2021-11,"{""type"":""MultiPoint"",""coordinates"":[]}"
VHI_M_2021-11_000000000000000001ed,0.6538679869692382,3.487625302292511,494,11,Dry,2021,2021-11,"{""type"":""MultiPoint"",""coordinates"":[]}"
VHI_M_2021-11_000000000000000001f4,9.065135310938382,3.439371973225578,501,11,Dry,2021,2021-11,"{""type"":""MultiPoint"",""coordinates"":[]}"
VHI_M_2021-11_000000000000000001f5,0.5886287226796432,3.1083038008539727,502,11,Dry,2021,2021-11,"{""type"":""MultiPoint"",""coordinates"":[]}"
VHI_M_2021-11_000000000000000001f6,0.6543457728423874,3.5480934360704577,503,11,Dry,2021,2021-11,"{""type"":""MultiPoint"",""coordinates"":[]}"
VHI_M_2021-11_000000000000000001f7,50.309892291266635,3.555036191761683,504,11,Dry,2021,2021-11,"{""type"":""MultiPoint"",""coordinates"":[]}"
VHI_M_2021-11_000000000000000001f8,0.6731525111999105,3.671880094454273,505,11,Dry,2021,2021-11,"{""type"":""MultiPoint"",""coordinates"":[]}"
VHI_M_2021-11_000000000000000001f9,0.6284556885282792,3.388621058713216,506,11,Dry,2021,2021-11,"{""type"":""MultiPoint"",""coordinates"":[]}"
VHI_M_2021-11_000000000000000001fa,28.995522593744393,3.330188650590922,507,11,Dry,2021,2021-11,"{""type"":""MultiPoint"",""coordinates"":[]}"
VHI_M_2021-11_000000000000000001fb,8.011308923808297,3.3961669326535495,508,11,Dry,2021,2021-11,"{""type"":""MultiPoint"",""coordinates"":[]}"
VHI_M_2021-11_000000000000000001fc,0.665291957573055,3.486939009453223,509,11,Dry,2021,2021-11,"{""type"":""MultiPoint"",""coordinates"":[]}"
VHI_M_2021-11_000000000000000001fd,0.6406124023524554,3.405519225351071,510,11,Dry,2021,2021-11,"{""type"":""MultiPoint"",""coordinates"":[]}"
VHI_M_2021-11_00000000000000000049,0.4606724156077899,2.352297658091816,74,11,Dry,2021,2021-11,"{""type"":""MultiPoint"",""coordinates"":[]}"
VHI_M_2021-11_0000000000000000004a,37.30603263561414,2.9288531649012923,75,11,Dry,2021,2021-11,"{""type"":""MultiPoint"",""coordinates"":[]}"
VHI_M_2021-11_000000000000000000fd,71.41030766648814,3.7127602556173986,254,11,Dry,2021,2021-11,"{""type"":""MultiPoint"",""coordinates"":[]}"
VHI_M_2021-11_000000000000000000fe,5.920118006630897,2.741426090731496,255,11,Dry,2021,2021-11,"{""type"":""MultiPoint"",""coordinates"":[]}"
VHI_M_2021-11_00000000000000000191,0.4396447848340154,2.0465554359526372,402,11,Dry,2021,2021-11,"{""type"":""MultiPoint"",""coordinates"":[]}"
VHI_M_2021-11_0000000000000000016e,22.1657854868296,3.2082549862740786,367,11,Dry,2021,2021-11,"{""type"":""MultiPoint"",""coordinates"":[]}"
VHI_M_2021-11_0000000000000000016f,0.5188966455419066,2.6987631151319773,368,11,Dry,2021,2021-11,"{""type"":""MultiPoint"",""coordinates"":[]}"
VHI_M_2021-11_00000000000000000170,2.274992407517927,2.654886239758065,369,11,Dry,2021,2021-11,"{""type"":""MultiPoint"",""coordinates"":[]}"
VHI_M_2021-11_00000000000000000181,35.8551808825446,2.963433867481846,386,11,Dry,2021,2021-11,"{""type"":""MultiPoint"",""coordinates"":[]}"
VHI_M_2021-11_00000000000000000182,0.49275649034689484,2.4820110493928835,387,11,Dry,2021,2021-11,"{""type"":""MultiPoint"",""coordinates"":[]}"
VHI_M_2021-11_00000000000000000228,0.5869888378876597,3.0732966849908365,553,11,Dry,2021,2021-11,"{""type"":""MultiPoint"",""coordinates"":[]}"
VHI_M_2021-12_00000000000000000017,46.43263552689261,2.1722734090422113,24,12,Dry,2021,2021-12,"{""type"":""MultiPoint"",""coordinates"":[]}"
VHI_M_2021-12_00000000000000000018,232.3843747288865,4.734530506274339,25,12,Dry,2021,2021-12,"{""type"":""MultiPoint"",""coordinates"":[]}"
VHI_M_2021-12_00000000000000000019,30.04978187647277,2.066216567125422,26,12,Dry,2021,2021-12,"{""type"":""MultiPoint"",""coordinates"":[]}"
VHI_M_2021-12_0000000000000000001a,13.596820164983589,1.8968573181539299,27,12,Dry,2021,2021-12,"{""type"":""MultiPoint"",""coordinates"":[]}"
VHI_M_2021-12_0000000000000000005b,160.2195756371354,3.89055420006971,92,12,Dry,2021,2021-12,"{""type"":""MultiPoint"",""coordinates"":[]}"
VHI_M_2021-12_0000000000000000005c,60.12827196204058,1.9437662597558536,93,12,Dry,2021,2021-12,"{""type"":""MultiPoint"",""coordinates"":[]}"
VHI_M_2021-12_0000000000000000005d,254.0,5.0,94,12,Dry,2021,2021-12,"{""type"":""MultiPoint"",""coordinates"":[]}"
VHI_M_2021-12_0000000000000000005e,35.23531635972573,2.099357390014829,95,12,Dry,2021,2021-12,"{""type"":""MultiPoint"",""coordinates"":[]}"
VHI_M_2021-12_0000000000000000005f,81.64997886115547,2.5242121445042276,96,12,Dry,2021,2021-12,"{""type"":""MultiPoint"",""coordinates"":[]}"
VHI_M_2021-12_000000000000000000b6,0.4766768798072343,2.083460949464013,183,12,Dry,2021,2021-12,"{""type"":""MultiPoint"",""coordinates"":[]}"
VHI_M_2021-12_000000000000000000b7,0.4607273944188794,1.903225806451613,184,12,Dry,2021,2021-12,"{""type"":""MultiPoint"",""coordinates"":[]}"
VHI_M_2021-12_000000000000000000b8,0.35659387306099044,1.262081784386617,185,12,Dry,2021,2021-12,"{""type"":""MultiPoint"",""coordinates"":[]}"
VHI_M_2021-12_000000000000000000b9,39.24849703483398,2.4827859121487923,186,12,Dry,2021,2021-12,"{""type"":""MultiPoint"",""coordinates"":[]}"
VHI_M_2021-12_000000000000000000ba,0.5394666707674661,2.7024,187,12,Dry,2021,2021-12,"{""type"":""MultiPoint"",""coordinates"":[]}"
VHI_M_2021-12_000000000000000000bb,0.39403960837586094,1.804950495049505,188,12,Dry,2021,2021-12,"{""type"":""MultiPoint"",""coordinates"":[]}"
VHI_M_2021-12_000000000000000001a0,34.249935617454575,3.9898068669527897,417,12,Dry,2021,2021-12,"{""type"":""MultiPoint"",""coordinates"":[]}"
VHI_M_2021-12_000000000000000001a1,0.508973452134592,2.6209081309398097,418,12,Dry,2021,2021-12,"{""type"":""MultiPoint"",""coordinates"":[]}"
VHI_M_2021-12_000000000000000001a2,19.65625880055808,3.049882475842256,419,12,Dry,2021,2021-12,"{""type"":""MultiPoint"",""coordinates"":[]}"
VHI_M_2021-12_000000000000000001a3,0.4420396043876906,2.0892698788057937,420,12,Dry,2021,2021-12,"{""type"":""MultiPoint"",""coordinates"":[]}"
VHI_M_2021-12_000000000000000001cb,41.31921116675114,2.3124378109452737,460,12,Dry,2021,2021-12,"{""type"":""MultiPoint"",""coordinates"":[]}"
VHI_M_2021-12_000000000000000001cc,79.81119657693766,2.817777777777778,461,12,Dry,2021,2021-12,"{""type"":""MultiPoint"",""coordinates"":[]}"
VHI_M_2021-12_0000000000000000021b,0.38315315055571003,2.0,540,12,Dry,2021,2021-12,"{""type"":""MultiPoint"",""coordinates"":[]}"
VHI_M_2021-12_0000000000000000021c,0.430717383130737,2.0,541,12,Dry,2021,2021-12,"{""type"":""MultiPoint"",""coordinates"":[]}"
VHI_M_2021-12_0000000000000000021d,24.81758441887747,2.1409275101305725,542,12,Dry,2021,2021-12,"{""type"":""MultiPoint"",""coordinates"":[]}"
VHI_M_2021-12_000000000000000000bf,0.41024607812220437,1.8120805369127517,192,12,Dry,2021,2021-12,"{""type"":""MultiPoint"",""coordinates"":[]}"
VHI_M_2021-12_000000000000000000c0,0.429515746087492,1.9446325770402981,193,12,Dry,2021,2021-12,"{""type"":""MultiPoint"",""coordinates"":[]}"
VHI_M_2021-12_0000000000000000010a,0.3897227259308272,1.7190436933223416,267,12,Dry,2021,2021-12,"{""type"":""MultiPoint"",""coordinates"":[]}"
VHI_M_2021-12_0000000000000000010b,56.51175957764913,2.926228523368978,268,12,Dry,2021,2021-12,"{""type"":""MultiPoint"",""coordinates"":[]}"
VHI_M_2021-12_00000000000000000226,2.9083140139552435,2.0450164694400392,551,12,Dry,2021,2021-12,"{""type"":""MultiPoint"",""coordinates"":[]}"
VHI_M_2021-12_00000000000000000227,0.6177436724707186,3.2684943429068753,552,12,Dry,2021,2021-12,"{""type"":""MultiPoint"",""coordinates"":[]}"
VHI_M_2021-12_000000000000000001a4,0.34150964189413485,1.391169154228856,421,12,Dry,2021,2021-12,"{""type"":""MultiPoint"",""coordinates"":[]}"
VHI_M_2021-12_000000000000000001a5,0.40460065653291105,1.8610431947840265,422,12,Dry,2021,2021-12,"{""type"":""MultiPoint"",""coordinates"":[]}"
VHI_M_2021-12_000000000000000001a6,0.3179542055158179,1.016248153618907,423,12,Dry,2021,2021-12,"{""type"":""MultiPoint"",""coordinates"":[]}"
VHI_M_2021-12_000000000000000001a7,0.3277022011358949,1.1970588235294117,424,12,Dry,2021,2021-12,"{""type"":""MultiPoint"",""coordinates"":[]}"
VHI_M_2021-12_000000000000000001a8,0.32399021207629686,1.0,425,12,Dry,2021,2021-12,"{""type"":""MultiPoint"",""coordinates"":[]}"
VHI_M_2021-12_000000000000000001a9,0.2964257837389596,1.11875,426,12,Dry,2021,2021-12,"{""type"":""MultiPoint"",""coordinates"":[]}"
VHI_M_2021-12_000000000000000001aa,0.2937080745405333,1.0415682569674065,427,12,Dry,2021,2021-12,"{""type"":""MultiPoint"",""coordinates"":[]}"
VHI_M_2021-12_000000000000000001fe,0.5426681797664379,2.68558476881233,511,12,Dry,2021,2021-12,"{""type"":""MultiPoint"",""coordinates"":[]}"
VHI_M_2021-12_000000000000000001ff,61.789940139886234,2.6793488548173374,512,12,Dry,2021,2021-12,"{""type"":""MultiPoint"",""coordinates"":[]}"
VHI_M_2021-12_00000000000000000200,0.36559098584042315,1.8853130485664131,513,12,Dry,2021,2021-12,"{""type"":""MultiPoint"",""coordinates"":[]}"
VHI_M_2021-12_00000000000000000201,101.76599235962301,2.902214022140221,514,12,Dry,2021,2021-12,"{""type"":""MultiPoint"",""coordinates"":[]}"
VHI_M_2021-12_00000000000000000202,0.3497717598201282,1.4763135228251507,515,12,Dry,2021,2021-12,"{""type"":""MultiPoint"",""coordinates"":[]}"
VHI_M_2021-12_00000000000000000002,18.487301952064925,1.7540779752761317,3,12,Dry,2021,2021-12,"{""type"":""MultiPoint"",""coordinates"":[]}"
VHI_M_2021-12_0000000000000000000d,17.07699948330166,2.7865431243505365,14,12,Dry,2021,2021-12,"{""type"":""MultiPoint"",""coordinates"":[]}"
VHI_M_2021-12_00000000000000000027,53.42058823273774,2.6637890915860014,40,12,Dry,2021,2021-12,"{""type"":""MultiPoint"",""coordinates"":[]}"
VHI_M_2021-12_00000000000000000070,0.4030025414492676,1.8654746124922232,113,12,Dry,2021,2021-12,"{""type"":""MultiPoint"",""coordinates"":[]}"
VHI_M_2021-12_00000000000000000071,0.4270352845108584,2.0555730125241283,114,12,Dry,2021,2021-12,"{""type"":""MultiPoint"",""coordinates"":[]}"
VHI_M_2021-12_000000000000000001b0,55.92905339086125,2.3734776725304463,433,12,Dry,2021,2021-12,"{""type"":""MultiPoint"",""coordinates"":[]}"
VHI_M_2021-12_000000000000000001b1,7.451019493043462,2.2844171451462145,434,12,Dry,2021,2021-12,"{""type"":""MultiPoint"",""coordinates"":[]}"
VHI_M_2021-12_000000000000000001b2,90.92462278782318,2.802898895093263,435,12,Dry,2021,2021-12,"{""type"":""MultiPoint"",""coordinates"":[]}"
VHI_M_2021-12_000000000000000001cd,1.2487146138418272,1.8244107145048287,462,12,Dry,2021,2021-12,"{""type"":""MultiPoint"",""coordinates"":[]}"
VHI_M_2021-12_000000000000000001ce,0.39103541593411556,1.7818694388159637,463,12,Dry,2021,2021-12,"{""type"":""MultiPoint"",""coordinates"":[]}"
VHI_M_2021-12_000000000000000001cf,22.1528278317169,1.758715975841813,464,12,Dry,2021,2021-12,"{""type"":""MultiPoint"",""coordinates"":[]}"
VHI_M_2021-12_0000000000000000001c,0.29490510035920914,1.1542830392609063,29,12,Dry,2021,2021-12,"{""type"":""MultiPoint"",""coordinates"":[]}"
VHI_M_2021-12_0000000000000000001d,0.253667861257454,1.0754052953156823,30,12,Dry,2021,2021-12,"{""type"":""MultiPoint"",""coordinates"":[]}"
VHI_M_2021-12_0000000000000000001e,0.4115512051230208,1.8605675058853135,31,12,Dry,2021,2021-12,"{""type"":""MultiPoint"",""coordinates"":[]}"
VHI_M_2021-12_00000000000000000026,0.382244965974813,1.7960662525879916,39,12,Dry,2021,2021-12,"{""type"":""MultiPoint"",""coordinates"":[]}"
VHI_M_2021-12_000000000000000000f9,0.37655259263245305,1.7204249468167898,250,12,Dry,2021,2021-12,"{""type"":""MultiPoint"",""coordinates"":[]}"
VHI_M_2021-12_000000000000000000fa,0.41237016400103005,1.9073380032421663,251,12,Dry,2021,2021-12,"{""type"":""MultiPoint"",""coordinates"":[]}"
VHI_M_2021-12_000000000000000000fb,0.44117861965641936,2.1173751743130538,252,12,Dry,2021,2021-12,"{""type"":""MultiPoint"",""coordinates"":[]}"
VHI_M_2021-12_000000000000000000fc,0.5064756795789552,2.53555078683834,253,12,Dry,2021,2021-12,"{""type"":""MultiPoint"",""coordinates"":[]}"
VHI_M_2021-12_00000000000000000163,0.4368063318500263,2.1103359384590203,356,12,Dry,2021,2021-12,"{""type"":""MultiPoint"",""coordinates"":[]}"
VHI_M_2021-12_00000000000000000164,0.3702672208913158,1.6093681661564057,357,12,Dry,2021,2021-12,"{""type"":""MultiPoint"",""coordinates"":[]}"
VHI_M_2021-12_00000000000000000165,0.3695333692930425,1.5980472268115629,358,12,Dry,2021,2021-12,"{""type"":""MultiPoint"",""coordinates"":[]}"
VHI_M_2021-12_00000000000000000166,0.36408040706957795,1.5717160815186335,359,12,Dry,2021,2021-12,"{""type"":""MultiPoint"",""coordinates"":[]}"
VHI_M_2021-12_00000000000000000149,0.43787452653679876,2.084247324950594,330,12,Dry,2021,2021-12,"{""type"":""MultiPoint"",""coordinates"":[]}"
VHI_M_2021-12_0000000000000000014a,0.22674823165134686,1.0131247967966597,331,12,Dry,2021,2021-12,"{""type"":""MultiPoint"",""coordinates"":[]}"
VHI_M_2021-12_0000000000000000014b,0.30191442606951024,1.1656604901374776,332,12,Dry,2021,2021-12,"{""type"":""MultiPoint"",""coordinates"":[]}"
VHI_M_2021-12_0000000000000000014c,0.3618750127814015,1.5890326461532185,333,12,Dry,2021,2021-12,"{""type"":""MultiPoint"",""coordinates"":[]}"
VHI_M_2021-12_0000000000000000014d,0.31466431907689285,1.2352909676481618,334,12,Dry,2021,2021-12,"{""type"":""MultiPoint"",""coordinates"":[]}"
VHI_M_2021-12_0000000000000000014e,0.30035256228130125,1.1586110774451577,335,12,Dry,2021,2021-12,"{""type"":""MultiPoint"",""coordinates"":[]}"
VHI_M_2021-12_00000000000000000158,0.36712151359988693,1.6549163486938665,345,12,Dry,2021,2021-12,"{""type"":""MultiPoint"",""coordinates"":[]}"
VHI_M_2021-12_00000000000000000159,0.335701425436934,1.362289651517159,346,12,Dry,2021,2021-12,"{""type"":""MultiPoint"",""coordinates"":[]}"
VHI_M_2021-12_0000000000000000015a,0.3148693449605788,1.3081312832643404,347,12,Dry,2021,2021-12,"{""type"":""MultiPoint"",""coordinates"":[]}"
VHI_M_2021-12_0000000000000000015b,0.2840204463009828,1.0945570686391424,348,12,Dry,2021,2021-12,"{""type"":""MultiPoint"",""coordinates"":[]}"
VHI_M_2021-12_0000000000000000015c,0.3074880228583771,1.2750878541000463,349,12,Dry,2021,2021-12,"{""type"":""MultiPoint"",""coordinates"":[]}"
VHI_M_2021-12_0000000000000000015d,0.29084687818018934,1.1846277123683084,350,12,Dry,2021,2021-12,"{""type"":""MultiPoint"",""coordinates"":[]}"
VHI_M_2021-12_00000000000000000008,0.34157641352205703,1.5007898114325202,9,12,Dry,2021,2021-12,"{""type"":""MultiPoint"",""coordinates"":[]}"
VHI_M_2021-12_000000000000000000c2,0.28240804914217055,1.0507055285681237,195,12,Dry,2021,2021-12,"{""type"":""MultiPoint"",""coordinates"":[]}"
VHI_M_2021-12_000000000000000000c3,0.2996364548639678,1.1516224295351716,196,12,Dry,2021,2021-12,"{""type"":""MultiPoint"",""coordinates"":[]}"
VHI_M_2021-12_000000000000000000c4,0.30072875261418486,1.146845143312102,197,12,Dry,2021,2021-12,"{""type"":""MultiPoint"",""coordinates"":[]}"
VHI_M_2021-12_000000000000000000c5,0.30797710380851845,1.2426462048942342,198,12,Dry,2021,2021-12,"{""type"":""MultiPoint"",""coordinates"":[]}"
VHI_M_2021-12_000000000000000000c6,0.3515266480161663,1.5546634932796466,199,12,Dry,2021,2021-12,"{""type"":""MultiPoint"",""coordinates"":[]}"
VHI_M_2021-12_000000000000000000c7,0.33278678984515964,1.4042704889950643,200,12,Dry,2021,2021-12,"{""type"":""MultiPoint"",""coordinates"":[]}"
VHI_M_2021-12_000000000000000000c8,0.30617783251544906,1.1544265334500696,201,12,Dry,2021,2021-12,"{""type"":""MultiPoint"",""coordinates"":[]}"
VHI_M_2021-12_000000000000000000c9,0.3745487927990206,1.6486723632878406,202,12,Dry,2021,2021-12,"{""type"":""MultiPoint"",""coordinates"":[]}"
VHI_M_2021-12_00000000000000000136,0.3076454730146508,1.2384294185760905,311,12,Dry,2021,2021-12,"{""type"":""MultiPoint"",""coordinates"":[]}"
VHI_M_2021-12_00000000000000000137,0.4146044530783556,1.9768013966776,312,12,Dry,2021,2021-12,"{""type"":""MultiPoint"",""coordinates"":[]}"
VHI_M_2021-12_00000000000000000138,0.39377947029326943,1.827300267992388,313,12,Dry,2021,2021-12,"{""type"":""MultiPoint"",""coordinates"":[]}"
VHI_M_2021-12_00000000000000000139,0.4265187001920882,1.997020756585109,314,12,Dry,2021,2021-12,"{""type"":""MultiPoint"",""coordinates"":[]}"
VHI_M_2021-12_0000000000000000013a,0.4107305361885732,1.920953439813434,315,12,Dry,2021,2021-12,"{""type"":""MultiPoint"",""coordinates"":[]}"
VHI_M_2021-12_000000000000000001ef,0.2636368938782066,1.1367262305263703,496,12,Dry,2021,2021-12,"{""type"":""MultiPoint"",""coordinates"":[]}"
VHI_M_2021-12_000000000000000001f0,0.2964138170699603,1.1855378159214964,497,12,Dry,2021,2021-12,"{""type"":""MultiPoint"",""coordinates"":[]}"
VHI_M_2021-12_00000000000000000081,0.2887353345241305,1.279798216799625,130,12,Dry,2021,2021-12,"{""type"":""MultiPoint"",""coordinates"":[]}"
VHI_M_2021-12_000000000000000000a0,0.2566870253281916,1.121212121212121,161,12,Dry,2021,2021-12,"{""type"":""MultiPoint"",""coordinates"":[]}"
VHI_M_2021-12_000000000000000000a1,31.887593797529235,1.998682814250837,162,12,Dry,2021,2021-12,"{""type"":""MultiPoint"",""coordinates"":[]}"
VHI_M_2021-12_000000000000000000a2,8.594535706867903,2.299206573079903,163,12,Dry,2021,2021-12,"{""type"":""MultiPoint"",""coordinates"":[]}"
VHI_M_2021-12_000000000000000000a3,5.380773134973282,1.4890560920756704,164,12,Dry,2021,2021-12,"{""type"":""MultiPoint"",""coordinates"":[]}"
VHI_M_2021-12_000000000000000000a4,77.96510642818546,3.269621703133381,165,12,Dry,2021,2021-12,"{""type"":""MultiPoint"",""coordinates"":[]}"
VHI_M_2021-12_0000000000000000014f,0.33878938893869076,1.3047392976999268,336,12,Dry,2021,2021-12,"{""type"":""MultiPoint"",""coordinates"":[]}"
VHI_M_2021-12_00000000000000000150,0.2615184253150167,1.0475168332993268,337,12,Dry,2021,2021-12,"{""type"":""MultiPoint"",""coordinates"":[]}"
VHI_M_2021-12_00000000000000000151,1.9574664867019977,1.3259915378227685,338,12,Dry,2021,2021-12,"{""type"":""MultiPoint"",""coordinates"":[]}"
VHI_M_2021-12_00000000000000000152,0.3787278839646734,1.7193726405685532,339,12,Dry,2021,2021-12,"{""type"":""MultiPoint"",""coordinates"":[]}"
VHI_M_2021-12_00000000000000000153,0.3184577618849882,1.218308128607198,340,12,Dry,2021,2021-12,"{""type"":""MultiPoint"",""coordinates"":[]}"
VHI_M_2021-12_00000000000000000171,0.3060373649801022,1.1459324931286448,370,12,Dry,2021,2021-12,"{""type"":""MultiPoint"",""coordinates"":[]}"
VHI_M_2021-12_00000000000000000172,0.3069424136092757,1.2477994632201577,371,12,Dry,2021,2021-12,"{""type"":""MultiPoint"",""coordinates"":[]}"
VHI_M_2021-12_00000000000000000173,0.3112266333199575,1.2121629146448176,372,12,Dry,2021,2021-12,"{""type"":""MultiPoint"",""coordinates"":[]}"
VHI_M_2021-12_000000000000000001f1,0.3248530727972355,1.302820674628216,498,12,Dry,2021,2021-12,"{""type"":""MultiPoint"",""coordinates"":[]}"
VHI_M_2021-12_000000000000000001f2,0.3047274567916737,1.205757395895161,499,12,Dry,2021,2021-12,"{""type"":""MultiPoint"",""coordinates"":[]}"
VHI_M_2021-12_000000000000000001f3,0.31152816106191783,1.22228250712869,500,12,Dry,2021,2021-12,"{""type"":""MultiPoint"",""coordinates"":[]}"
VHI_M_2021-12_00000000000000000092,0.35954290988134163,1.5974256717028408,147,12,Dry,2021,2021-12,"{""type"":""MultiPoint"",""coordinates"":[]}"
VHI_M_2021-12_00000000000000000093,0.41427405180515126,1.9469059317022488,148,12,Dry,2021,2021-12,"{""type"":""MultiPoint"",""coordinates"":[]}"
VHI_M_2021-12_00000000000000000094,0.5182966651111376,1.486965157442661,149,12,Dry,2021,2021-12,"{""type"":""MultiPoint"",""coordinates"":[]}"
VHI_M_2021-12_00000000000000000095,12.843194855305002,1.815038869651077,150,12,Dry,2021,2021-12,"{""type"":""MultiPoint"",""coordinates"":[]}"
VHI_M_2021-12_00000000000000000096,0.3579767540835822,1.5825637048300352,151,12,Dry,2021,2021-12,"{""type"":""MultiPoint"",""coordinates"":[]}"
VHI_M_2021-12_00000000000000000097,0.5225825191783641,2.800507798331519,152,12,Dry,2021,2021-12,"{""type"":""MultiPoint"",""coordinates"":[]}"
VHI_M_2021-12_00000000000000000098,0.46419225767317973,2.0,153,12,Dry,2021,2021-12,"{""type"":""MultiPoint"",""coordinates"":[]}"
VHI_M_2021-12_000000000000000000a9,0.38980344514248366,1.7355476140424635,170,12,Dry,2021,2021-12,"{""type"":""MultiPoint"",""coordinates"":[]}"
VHI_M_2021-12_0000000000000000017c,61.66326409292578,2.479749755146704,381,12,Dry,2021,2021-12,"{""type"":""MultiPoint"",""coordinates"":[]}"
VHI_M_2021-12_0000000000000000017d,38.83726798836216,2.558520386627272,382,12,Dry,2021,2021-12,"{""type"":""MultiPoint"",""coordinates"":[]}"
VHI_M_2021-12_0000000000000000017e,11.489620073523907,1.9241209785912399,383,12,Dry,2021,2021-12,"{""type"":""MultiPoint"",""coordinates"":[]}"
VHI_M_2021-12_000000000000000001ee,0.498939430103207,2.5735753092128073,495,12,Dry,2021,2021-12,"{""type"":""MultiPoint"",""coordinates"":[]}"
VHI_M_2021-12_0000000000000000020d,0.5063915502093189,2.5084163214946686,526,12,Dry,2021,2021-12,"{""type"":""MultiPoint"",""coordinates"":[]}"
VHI_M_2021-12_0000000000000000020e,3.5329718291241554,1.5157039952739508,527,12,Dry,2021,2021-12,"{""type"":""MultiPoint"",""coordinates"":[]}"
VHI_M_2021-12_0000000000000000020f,0.35798309630102343,1.655252462029679,528,12,Dry,2021,2021-12,"{""type"":""MultiPoint"",""coordinates"":[]}"
VHI_M_2021-12_00000000000000000210,0.42641140632187086,2.0421179004782424,529,12,Dry,2021,2021-12,"{""type"":""MultiPoint"",""coordinates"":[]}"
VHI_M_2021-12_00000000000000000211,11.738443665410674,2.006338272593778,530,12,Dry,2021,2021-12,"{""type"":""MultiPoint"",""coordinates"":[]}"
VHI_M_2021-12_00000000000000000058,0.22730423710309774,1.0132806969647918,89,12,Dry,2021,2021-12,"{""type"":""MultiPoint"",""coordinates"":[]}"
VHI_M_2021-12_00000000000000000059,0.20993703575331388,1.016264990103621,90,12,Dry,2021,2021-12,"{""type"":""MultiPoint"",""coordinates"":[]}"
VHI_M_2021-12_0000000000000000018b,0.3044109053307445,1.2233131397534993,396,12,Dry,2021,2021-12,"{""type"":""MultiPoint"",""coordinates"":[]}"
VHI_M_2021-12_0000000000000000018c,0.3044329655582937,1.2483881113382607,397,12,Dry,2021,2021-12,"{""type"":""MultiPoint"",""coordinates"":[]}"
VHI_M_2021-12_0000000000000000018d,0.23010704865345155,1.0094943276148312,398,12,Dry,2021,2021-12,"{""type"":""MultiPoint"",""coordinates"":[]}"
VHI_M_2021-12_0000000000000000018e,0.2912326989236936,1.1684010313688762,399,12,Dry,2021,2021-12,"{""type"":""MultiPoint"",""coordinates"":[]}"
VHI_M_2021-12_00000000000000000036,0.26792402792390224,1.0,55,12,Dry,2021,2021-12,"{""type"":""MultiPoint"",""coordinates"":[]}"
VHI_M_2021-12_000000000000000000db,0.1972508028488485,1.0201853287123017,220,12,Dry,2021,2021-12,"{""type"":""MultiPoint"",""coordinates"":[]}"
VHI_M_2021-12_000000000000000000dc,0.2132158171560185,1.0073772540617747,221,12,Dry,2021,2021-12,"{""type"":""MultiPoint"",""coordinates"":[]}"
VHI_M_2021-12_000000000000000000dd,0.19242981886155294,1.0,222,12,Dry,2021,2021-12,"{""type"":""MultiPoint"",""coordinates"":[]}"
VHI_M_2021-12_00000000000000000102,0.34426725767369243,1.433839910555302,259,12,Dry,2021,2021-12,"{""type"":""MultiPoint"",""coordinates"":[]}"
VHI_M_2021-12_00000000000000000103,0.3709906783712279,1.5995205043087546,260,12,Dry,2021,2021-12,"{""type"":""MultiPoint"",""coordinates"":[]}"
VHI_M_2021-12_00000000000000000104,0.2672865069362198,1.115517686547895,261,12,Dry,2021,2021-12,"{""type"":""MultiPoint"",""coordinates"":[]}"
VHI_M_2021-12_00000000000000000105,0.20802994391573498,1.0126069410815173,262,12,Dry,2021,2021-12,"{""type"":""MultiPoint"",""coordinates"":[]}"
VHI_M_2021-12_0000000000000000000a,0.3347236642358951,1.4203543469303668,11,12,Dry,2021,2021-12,"{""type"":""MultiPoint"",""coordinates"":[]}"
VHI_M_2021-12_000000000000000000b1,0.18264335026513479,1.0247874267573802,178,12,Dry,2021,2021-12,"{""type"":""MultiPoint"",""coordinates"":[]}"
VHI_M_2021-12_000000000000000000b2,0.14517800190664368,1.0027996980345086,179,12,Dry,2021,2021-12,"{""type"":""MultiPoint"",""coordinates"":[]}"
VHI_M_2021-12_000000000000000000b3,0.2081462979713047,1.036122209676018,180,12,Dry,2021,2021-12,"{""type"":""MultiPoint"",""coordinates"":[]}"
VHI_M_2021-12_000000000000000000ca,0.31921922767090105,1.3166471277842904,203,12,Dry,2021,2021-12,"{""type"":""MultiPoint"",""coordinates"":[]}"
VHI_M_2021-12_000000000000000000d2,0.3455610231932112,1.4821496102375165,211,12,Dry,2021,2021-12,"{""type"":""MultiPoint"",""coordinates"":[]}"
VHI_M_2021-12_000000000000000000d3,0.2875912419518385,1.2031553497216416,212,12,Dry,2021,2021-12,"{""type"":""MultiPoint"",""coordinates"":[]}"
VHI_M_2021-12_000000000000000000d4,0.2602622325946871,1.0668044746365613,213,12,Dry,2021,2021-12,"{""type"":""MultiPoint"",""coordinates"":[]}"
VHI_M_2021-12_000000000000000000d5,0.35988242555032735,1.6347977399140785,214,12,Dry,2021,2021-12,"{""type"":""MultiPoint"",""coordinates"":[]}"
VHI_M_2021-12_000000000000000000bc,0.3723490563188345,1.6717890068201784,189,12,Dry,2021,2021-12,"{""type"":""MultiPoint"",""coordinates"":[]}"
VHI_M_2021-12_000000000000000000bd,0.3981923412008718,1.8506480929101037,190,12,Dry,2021,2021-12,"{""type"":""MultiPoint"",""coordinates"":[]}"
VHI_M_2021-12_000000000000000000be,0.3267233416367556,1.424586839433725,191,12,Dry,2021,2021-12,"{""type"":""MultiPoint"",""coordinates"":[]}"
VHI_M_2021-12_000000000000000000f1,0.41426416774725955,1.8445578231292514,242,12,Dry,2021,2021-12,"{""type"":""MultiPoint"",""coordinates"":[]}"
VHI_M_2021-12_00000000000000000100,0.3099506664227954,1.3221490012403991,257,12,Dry,2021,2021-12,"{""type"":""MultiPoint"",""coordinates"":[]}"
VHI_M_2021-12_00000000000000000101,0.32500938885420944,1.3572409763442426,258,12,Dry,2021,2021-12,"{""type"":""MultiPoint"",""coordinates"":[]}"
VHI_M_2021-12_0000000000000000012f,0.28009088375934393,1.2478592492093092,304,12,Dry,2021,2021-12,"{""type"":""MultiPoint"",""coordinates"":[]}"
VHI_M_2021-12_00000000000000000130,0.34653677555962825,1.57899959903769,305,12,Dry,2021,2021-12,"{""type"":""MultiPoint"",""coordinates"":[]}"
VHI_M_2021-12_00000000000000000131,0.31174111108014235,1.3786148578571218,306,12,Dry,2021,2021-12,"{""type"":""MultiPoint"",""coordinates"":[]}"
VHI_M_2021-12_00000000000000000065,0.218577030503782,1.033343762570956,102,12,Dry,2021,2021-12,"{""type"":""MultiPoint"",""coordinates"":[]}"
VHI_M_2021-12_00000000000000000066,0.24167288253250838,1.0977706539185064,103,12,Dry,2021,2021-12,"{""type"":""MultiPoint"",""coordinates"":[]}"
VHI_M_2021-12_00000000000000000067,0.19788689214894845,1.0277163967472316,104,12,Dry,2021,2021-12,"{""type"":""MultiPoint"",""coordinates"":[]}"
VHI_M_2021-12_00000000000000000068,0.14092855657881104,1.0182802319948205,105,12,Dry,2021,2021-12,"{""type"":""MultiPoint"",""coordinates"":[]}"
VHI_M_2021-12_00000000000000000109,0.1995476908799035,1.0,266,12,Dry,2021,2021-12,"{""type"":""MultiPoint"",""coordinates"":[]}"
VHI_M_2021-12_000000000000000001c1,0.17810404929953477,1.0330907665745124,450,12,Dry,2021,2021-12,"{""type"":""MultiPoint"",""coordinates"":[]}"
VHI_M_2021-12_000000000000000001c2,0.2491826497444083,1.136428062285275,451,12,Dry,2021,2021-12,"{""type"":""MultiPoint"",""coordinates"":[]}"
VHI_M_2021-12_00000000000000000113,0.27441313177953386,1.108301264431006,276,12,Dry,2021,2021-12,"{""type"":""MultiPoint"",""coordinates"":[]}"
VHI_M_2021-12_00000000000000000114,0.2233994086585441,1.006099390060994,277,12,Dry,2021,2021-12,"{""type"":""MultiPoint"",""coordinates"":[]}"
VHI_M_2021-12_00000000000000000115,0.20962965322871246,1.068196712885028,278,12,Dry,2021,2021-12,"{""type"":""MultiPoint"",""coordinates"":[]}"
VHI_M_2021-12_00000000000000000116,0.12335933176787629,1.0,279,12,Dry,2021,2021-12,"{""type"":""MultiPoint"",""coordinates"":[]}"
VHI_M_2021-12_00000000000000000117,0.2057677811016149,1.0124509236520625,280,12,Dry,2021,2021-12,"{""type"":""MultiPoint"",""coordinates"":[]}"
VHI_M_2021-12_00000000000000000167,0.3290960958613846,1.3496526629176315,360,12,Dry,2021,2021-12,"{""type"":""MultiPoint"",""coordinates"":[]}"
VHI_M_2021-12_00000000000000000168,0.26308524177239007,1.0512949459391498,361,12,Dry,2021,2021-12,"{""type"":""MultiPoint"",""coordinates"":[]}"
VHI_M_2021-12_00000000000000000169,0.15846274794268228,1.0155297234338958,362,12,Dry,2021,2021-12,"{""type"":""MultiPoint"",""coordinates"":[]}"
VHI_M_2021-12_0000000000000000016a,0.2611358506290763,1.0777524989713676,363,12,Dry,2021,2021-12,"{""type"":""MultiPoint"",""coordinates"":[]}"
VHI_M_2021-12_0000000000000000016b,0.17282717443187656,1.0019157675331043,364,12,Dry,2021,2021-12,"{""type"":""MultiPoint"",""coordinates"":[]}"
VHI_M_2021-12_0000000000000000016c,0.22308838941570738,1.0272037805644298,365,12,Dry,2021,2021-12,"{""type"":""MultiPoint"",""coordinates"":[]}"
VHI_M_2021-12_0000000000000000016d,0.2050776026958562,1.0,366,12,Dry,2021,2021-12,"{""type"":""MultiPoint"",""coordinates"":[]}"
VHI_M_2021-12_000000000000000000cb,0.3354323064579122,1.3319431076890174,204,12,Dry,2021,2021-12,"{""type"":""MultiPoint"",""coordinates"":[]}"
VHI_M_2021-12_000000000000000000eb,15.182902497750929,1.6212542184514032,236,12,Dry,2021,2021-12,"{""type"":""MultiPoint"",""coordinates"":[]}"
VHI_M_2021-12_000000000000000000ec,0.27085097352142323,1.2300964648417254,237,12,Dry,2021,2021-12,"{""type"":""MultiPoint"",""coordinates"":[]}"
VHI_M_2021-12_000000000000000000ed,0.24514598048763434,1.1170571535086462,238,12,Dry,2021,2021-12,"{""type"":""MultiPoint"",""coordinates"":[]}"
VHI_M_2021-12_000000000000000000ee,0.283045196889035,1.032316384180791,239,12,Dry,2021,2021-12,"{""type"":""MultiPoint"",""coordinates"":[]}"
VHI_M_2021-12_000000000000000000ef,0.2665368950975234,1.1085770875792973,240,12,Dry,2021,2021-12,"{""type"":""MultiPoint"",""coordinates"":[]}"
VHI_M_2021-12_00000000000000000146,0.2841125527100468,1.270002144160823,327,12,Dry,2021,2021-12,"{""type"":""MultiPoint"",""coordinates"":[]}"
VHI_M_2021-12_00000000000000000147,8.276908691067193,1.3916386216049672,328,12,Dry,2021,2021-12,"{""type"":""MultiPoint"",""coordinates"":[]}"
VHI_M_2021-12_00000000000000000148,0.2877802265001513,1.2265042916133795,329,12,Dry,2021,2021-12,"{""type"":""MultiPoint"",""coordinates"":[]}"
VHI_M_2021-12_0000000000000000015e,0.30771774379415484,1.2514810848056799,351,12,Dry,2021,2021-12,"{""type"":""MultiPoint"",""coordinates"":[]}"
VHI_M_2021-12_0000000000000000015f,0.324927519173954,1.2508416841604946,352,12,Dry,2021,2021-12,"{""type"":""MultiPoint"",""coordinates"":[]}"
VHI_M_2021-12_00000000000000000160,0.2643449626606598,1.0224373551642734,353,12,Dry,2021,2021-12,"{""type"":""MultiPoint"",""coordinates"":[]}"
VHI_M_2021-12_00000000000000000161,0.316946787070117,1.1350341588385986,354,12,Dry,2021,2021-12,"{""type"":""MultiPoint"",""coordinates"":[]}"
VHI_M_2021-12_00000000000000000162,4.259966591466927,1.3413929496304622,355,12,Dry,2021,2021-12,"{""type"":""MultiPoint"",""coordinates"":[]}"
VHI_M_2021-12_00000000000000000010,0.262301340197551,1.074993157558617,17,12,Dry,2021,2021-12,"{""type"":""MultiPoint"",""coordinates"":[]}"
VHI_M_2021-12_00000000000000000121,0.35999061421583217,1.5681016072833545,290,12,Dry,2021,2021-12,"{""type"":""MultiPoint"",""coordinates"":[]}"
VHI_M_2021-12_00000000000000000122,0.45343349202825056,1.4473293048200224,291,12,Dry,2021,2021-12,"{""type"":""MultiPoint"",""coordinates"":[]}"
VHI_M_2021-12_00000000000000000123,0.3751210689867496,1.706100958492159,292,12,Dry,2021,2021-12,"{""type"":""MultiPoint"",""coordinates"":[]}"
VHI_M_2021-12_0000000000000000019a,0.34245842391044995,1.4571911284845875,411,12,Dry,2021,2021-12,"{""type"":""MultiPoint"",""coordinates"":[]}"
VHI_M_2021-12_0000000000000000019b,0.30006109971618083,1.2436884654657183,412,12,Dry,2021,2021-12,"{""type"":""MultiPoint"",""coordinates"":[]}"
VHI_M_2021-12_0000000000000000019c,0.297328346841538,1.2791776226049303,413,12,Dry,2021,2021-12,"{""type"":""MultiPoint"",""coordinates"":[]}"
VHI_M_2021-12_0000000000000000019d,0.3172409276103447,1.3518561971004774,414,12,Dry,2021,2021-12,"{""type"":""MultiPoint"",""coordinates"":[]}"
VHI_M_2021-12_0000000000000000019e,3.97136571135868,1.47982653224983,415,12,Dry,2021,2021-12,"{""type"":""MultiPoint"",""coordinates"":[]}"
VHI_M_2021-12_0000000000000000019f,0.3971821750923623,1.7854023462739086,416,12,Dry,2021,2021-12,"{""type"":""MultiPoint"",""coordinates"":[]}"
VHI_M_2021-12_00000000000000000216,0.212821468954943,1.119182746878547,535,12,Dry,2021,2021-12,"{""type"":""MultiPoint"",""coordinates"":[]}"
VHI_M_2021-12_00000000000000000217,0.3944288885823669,1.4940043217579204,536,12,Dry,2021,2021-12,"{""type"":""MultiPoint"",""coordinates"":[]}"
VHI_M_2021-12_00000000000000000218,0.2966669832916601,1.1839265938933718,537,12,Dry,2021,2021-12,"{""type"":""MultiPoint"",""coordinates"":[]}"
VHI_M_2021-12_00000000000000000219,0.2968547948332008,1.2777861312866512,538,12,Dry,2021,2021-12,"{""type"":""MultiPoint"",""coordinates"":[]}"
VHI_M_2021-12_0000000000000000021a,8.167535327913996,1.5595447599978938,539,12,Dry,2021,2021-12,"{""type"":""MultiPoint"",""coordinates"":[]}"
VHI_M_2021-12_00000000000000000004,0.5180833488948889,2.6043399020389555,5,12,Dry,2021,2021-12,"{""type"":""MultiPoint"",""coordinates"":[]}"
VHI_M_2021-12_00000000000000000028,0.46417805163302184,2.2641937967143657,41,12,Dry,2021,2021-12,"{""type"":""MultiPoint"",""coordinates"":[]}"
VHI_M_2021-12_00000000000000000029,0.5653241599931322,2.959764218624002,42,12,Dry,2021,2021-12,"{""type"":""MultiPoint"",""coordinates"":[]}"
VHI_M_2021-12_0000000000000000002a,0.5320525548992796,2.718647367950486,43,12,Dry,2021,2021-12,"{""type"":""MultiPoint"",""coordinates"":[]}"
VHI_M_2021-12_0000000000000000002b,0.47993611317685214,2.369466380873279,44,12,Dry,2021,2021-12,"{""type"":""MultiPoint"",""coordinates"":[]}"
VHI_M_2021-12_000000000000000000a7,0.5048225031160462,2.554508635120239,168,12,Dry,2021,2021-12,"{""type"":""MultiPoint"",""coordinates"":[]}"
VHI_M_2021-12_000000000000000000a8,0.5718424557441938,3.0004623096014402,169,12,Dry,2021,2021-12,"{""type"":""MultiPoint"",""coordinates"":[]}"
VHI_M_2021-12_0000000000000000000c,0.5240440537047799,2.706631492768126,13,12,Dry,2021,2021-12,"{""type"":""MultiPoint"",""coordinates"":[]}"
VHI_M_2021-12_00000000000000000060,0.6059327844496709,3.1884066952140735,97,12,Dry,2021,2021-12,"{""type"":""MultiPoint"",""coordinates"":[]}"
VHI_M_2021-12_00000000000000000061,0.5745504531315775,2.993328633533074,98,12,Dry,2021,2021-12,"{""type"":""MultiPoint"",""coordinates"":[]}"
VHI_M_2021-12_00000000000000000062,0.50952643328926,2.583284989332196,99,12,Dry,2021,2021-12,"{""type"":""MultiPoint"",""coordinates"":[]}"
VHI_M_2021-12_00000000000000000063,0.5381823037799924,2.7696815635042897,100,12,Dry,2021,2021-12,"{""type"":""MultiPoint"",""coordinates"":[]}"
VHI_M_2021-12_00000000000000000064,0.5075178233972285,2.5542548738697954,101,12,Dry,2021,2021-12,"{""type"":""MultiPoint"",""coordinates"":[]}"
VHI_M_2021-12_00000000000000000011,0.41799335051737335,1.9885673828726225,18,12,Dry,2021,2021-12,"{""type"":""MultiPoint"",""coordinates"":[]}"
VHI_M_2021-12_00000000000000000033,0.39870419215722086,1.865442032842392,52,12,Dry,2021,2021-12,"{""type"":""MultiPoint"",""coordinates"":[]}"
VHI_M_2021-12_00000000000000000034,0.520712679016459,2.6479237830413718,53,12,Dry,2021,2021-12,"{""type"":""MultiPoint"",""coordinates"":[]}"
VHI_M_2021-12_000000000000000001b3,0.3183885784279936,1.4125485212114053,436,12,Dry,2021,2021-12,"{""type"":""MultiPoint"",""coordinates"":[]}"
VHI_M_2021-12_000000000000000001b4,0.26281059832295023,1.12932863182049,437,12,Dry,2021,2021-12,"{""type"":""MultiPoint"",""coordinates"":[]}"
VHI_M_2021-12_000000000000000001b5,0.35336590738881335,1.5555135964338105,438,12,Dry,2021,2021-12,"{""type"":""MultiPoint"",""coordinates"":[]}"
VHI_M_2021-12_00000000000000000005,0.47927006485555435,2.382358953393295,6,12,Dry,2021,2021-12,"{""type"":""MultiPoint"",""coordinates"":[]}"
VHI_M_2021-12_00000000000000000082,0.447389697729578,2.1641330542099753,131,12,Dry,2021,2021-12,"{""type"":""MultiPoint"",""coordinates"":[]}"
VHI_M_2021-12_00000000000000000083,0.4552528240772903,2.209502493883391,132,12,Dry,2021,2021-12,"{""type"":""MultiPoint"",""coordinates"":[]}"
VHI_M_2021-12_00000000000000000084,0.4189030946449373,1.9758181989667047,133,12,Dry,2021,2021-12,"{""type"":""MultiPoint"",""coordinates"":[]}"
VHI_M_2021-12_00000000000000000085,0.5366300365673328,2.6599767789019735,134,12,Dry,2021,2021-12,"{""type"":""MultiPoint"",""coordinates"":[]}"
VHI_M_2021-12_00000000000000000086,0.446158745151169,2.1273095040929637,135,12,Dry,2021,2021-12,"{""type"":""MultiPoint"",""coordinates"":[]}"
VHI_M_2021-12_00000000000000000087,0.42900375436572796,2.042495093438007,136,12,Dry,2021,2021-12,"{""type"":""MultiPoint"",""coordinates"":[]}"
VHI_M_2021-12_0000000000000000010c,0.48076962469701745,2.3844011254343305,269,12,Dry,2021,2021-12,"{""type"":""MultiPoint"",""coordinates"":[]}"
VHI_M_2021-12_0000000000000000010d,0.524057148632326,2.672864201151068,270,12,Dry,2021,2021-12,"{""type"":""MultiPoint"",""coordinates"":[]}"
VHI_M_2021-12_0000000000000000010e,0.5447576055125932,2.8544840965121443,271,12,Dry,2021,2021-12,"{""type"":""MultiPoint"",""coordinates"":[]}"
VHI_M_2021-12_0000000000000000010f,0.5070281823129201,2.5444634463030957,272,12,Dry,2021,2021-12,"{""type"":""MultiPoint"",""coordinates"":[]}"
VHI_M_2021-12_00000000000000000110,0.511537064818964,2.5951864913645313,273,12,Dry,2021,2021-12,"{""type"":""MultiPoint"",""coordinates"":[]}"
VHI_M_2021-12_00000000000000000111,0.4947604762733049,2.5243142599493984,274,12,Dry,2021,2021-12,"{""type"":""MultiPoint"",""coordinates"":[]}"
VHI_M_2021-12_000000000000000001d0,0.43941674967585553,2.1069052732044864,465,12,Dry,2021,2021-12,"{""type"":""MultiPoint"",""coordinates"":[]}"
VHI_M_2021-12_000000000000000001d1,0.460312074974372,2.224543737109382,466,12,Dry,2021,2021-12,"{""type"":""MultiPoint"",""coordinates"":[]}"
VHI_M_2021-12_00000000000000000009,0.41083045292816045,1.8921493049511346,10,12,Dry,2021,2021-12,"{""type"":""MultiPoint"",""coordinates"":[]}"
VHI_M_2021-12_0000000000000000009e,0.40876909518394583,1.928646689627862,159,12,Dry,2021,2021-12,"{""type"":""MultiPoint"",""coordinates"":[]}"
VHI_M_2021-12_0000000000000000009f,0.49256677259205356,2.4526258292522387,160,12,Dry,2021,2021-12,"{""type"":""MultiPoint"",""coordinates"":[]}"
VHI_M_2021-12_00000000000000000154,0.5280877958639699,2.6755706221181623,341,12,Dry,2021,2021-12,"{""type"":""MultiPoint"",""coordinates"":[]}"
VHI_M_2021-12_00000000000000000155,0.4319940019791712,2.075296179295482,342,12,Dry,2021,2021-12,"{""type"":""MultiPoint"",""coordinates"":[]}"
VHI_M_2021-12_00000000000000000156,0.4463821648814819,2.1507681334741164,343,12,Dry,2021,2021-12,"{""type"":""MultiPoint"",""coordinates"":[]}"
VHI_M_2021-12_00000000000000000157,0.4941684412620598,2.4727327257697045,344,12,Dry,2021,2021-12,"{""type"":""MultiPoint"",""coordinates"":[]}"
VHI_M_2021-12_00000000000000000178,0.5188787932329816,2.6288597894815036,377,12,Dry,2021,2021-12,"{""type"":""MultiPoint"",""coordinates"":[]}"
VHI_M_2021-12_00000000000000000179,0.45656191495363113,2.2010793707061334,378,12,Dry,2021,2021-12,"{""type"":""MultiPoint"",""coordinates"":[]}"
VHI_M_2021-12_0000000000000000017a,0.4351050664142184,2.08582893551055,379,12,Dry,2021,2021-12,"{""type"":""MultiPoint"",""coordinates"":[]}"
VHI_M_2021-12_0000000000000000017b,0.5322976595581602,2.6987166218174288,380,12,Dry,2021,2021-12,"{""type"":""MultiPoint"",""coordinates"":[]}"
VHI_M_2021-12_0000000000000000000f,0.516202133965564,2.567630130130131,16,12,Dry,2021,2021-12,"{""type"":""MultiPoint"",""coordinates"":[]}"
VHI_M_2021-12_00000000000000000040,0.5085010365701348,2.57884786674415,65,12,Dry,2021,2021-12,"{""type"":""MultiPoint"",""coordinates"":[]}"
VHI_M_2021-12_00000000000000000041,0.5840075318585257,3.0390719758891227,66,12,Dry,2021,2021-12,"{""type"":""MultiPoint"",""coordinates"":[]}"
VHI_M_2021-12_00000000000000000042,0.5279273502420259,2.6866050347799186,67,12,Dry,2021,2021-12,"{""type"":""MultiPoint"",""coordinates"":[]}"
VHI_M_2021-12_00000000000000000043,0.44545050241621154,2.1494255261106243,68,12,Dry,2021,2021-12,"{""type"":""MultiPoint"",""coordinates"":[]}"
VHI_M_2021-12_00000000000000000192,0.4409606720160519,2.1116658796463117,403,12,Dry,2021,2021-12,"{""type"":""MultiPoint"",""coordinates"":[]}"
VHI_M_2021-12_00000000000000000193,0.5019264824510316,2.5532673056860022,404,12,Dry,2021,2021-12,"{""type"":""MultiPoint"",""coordinates"":[]}"
VHI_M_2021-12_00000000000000000194,0.5634401427253304,2.9261909014467156,405,12,Dry,2021,2021-12,"{""type"":""MultiPoint"",""coordinates"":[]}"
VHI_M_2021-12_000000000000000001d2,0.5472793881524772,2.8051631241780153,467,12,Dry,2021,2021-12,"{""type"":""MultiPoint"",""coordinates"":[]}"
VHI_M_2021-12_000000000000000001d3,0.5323665482345737,2.766986070606988,468,12,Dry,2021,2021-12,"{""type"":""MultiPoint"",""coordinates"":[]}"
VHI_M_2021-12_000000000000000001d4,0.42239738933379795,2.010277707958133,469,12,Dry,2021,2021-12,"{""type"":""MultiPoint"",""coordinates"":[]}"
VHI_M_2021-12_000000000000000001d5,0.5393313086137181,2.780301361202379,470,12,Dry,2021,2021-12,"{""type"":""MultiPoint"",""coordinates"":[]}"
VHI_M_2021-12_000000000000000001d6,0.41053439185333035,1.9170542273931548,471,12,Dry,2021,2021-12,"{""type"":""MultiPoint"",""coordinates"":[]}"
VHI_M_2021-12_000000000000000001d7,0.46084324284410083,2.251217893185422,472,12,Dry,2021,2021-12,"{""type"":""MultiPoint"",""coordinates"":[]}"
VHI_M_2021-12_00000000000000000069,0.36968838339038457,1.6492127094607902,106,12,Dry,2021,2021-12,"{""type"":""MultiPoint"",""coordinates"":[]}"
VHI_M_2021-12_0000000000000000006a,0.4244178405793717,1.9945941721558555,107,12,Dry,2021,2021-12,"{""type"":""MultiPoint"",""coordinates"":[]}"
VHI_M_2021-12_0000000000000000006b,0.2385604428542271,1.0412347741782442,108,12,Dry,2021,2021-12,"{""type"":""MultiPoint"",""coordinates"":[]}"
VHI_M_2021-12_0000000000000000006c,0.38138681898593707,1.6821605365412242,109,12,Dry,2021,2021-12,"{""type"":""MultiPoint"",""coordinates"":[]}"
VHI_M_2021-12_0000000000000000006d,0.3724119789650725,1.6220119556408312,110,12,Dry,2021,2021-12,"{""type"":""MultiPoint"",""coordinates"":[]}"
VHI_M_2021-12_0000000000000000006e,0.36512595517179847,1.5823792587208039,111,12,Dry,2021,2021-12,"{""type"":""MultiPoint"",""coordinates"":[]}"
VHI_M_2021-12_0000000000000000006f,0.40630737549997603,1.8431094204732383,112,12,Dry,2021,2021-12,"{""type"":""MultiPoint"",""coordinates"":[]}"
VHI_M_2021-12_000000000000000000d6,0.3819408893430521,1.6500576701268743,215,12,Dry,2021,2021-12,"{""type"":""MultiPoint"",""coordinates"":[]}"
VHI_M_2021-12_0000000000000000013b,0.5032718999711677,2.3324557204404024,316,12,Dry,2021,2021-12,"{""type"":""MultiPoint"",""coordinates"":[]}"
VHI_M_2021-12_0000000000000000013c,0.4431389365918128,2.1170698126925136,317,12,Dry,2021,2021-12,"{""type"":""MultiPoint"",""coordinates"":[]}"
VHI_M_2021-12_0000000000000000013d,0.33974285437134594,1.49217148843985,318,12,Dry,2021,2021-12,"{""type"":""MultiPoint"",""coordinates"":[]}"
VHI_M_2021-12_0000000000000000013e,0.3664808449235484,1.6400824894279986,319,12,Dry,2021,2021-12,"{""type"":""MultiPoint"",""coordinates"":[]}"
VHI_M_2021-12_0000000000000000013f,0.35048418487821625,1.5380161511503887,320,12,Dry,2021,2021-12,"{""type"":""MultiPoint"",""coordinates"":[]}"
VHI_M_2021-12_00000000000000000140,10.199424479798482,2.028022183717347,321,12,Dry,2021,2021-12,"{""type"":""MultiPoint"",""coordinates"":[]}"
VHI_M_2021-12_000000000000000001bc,0.25144527165752767,1.0756849902757122,445,12,Dry,2021,2021-12,"{""type"":""MultiPoint"",""coordinates"":[]}"
VHI_M_2021-12_000000000000000001bd,0.28175789832709036,1.1716983802802658,446,12,Dry,2021,2021-12,"{""type"":""MultiPoint"",""coordinates"":[]}"
VHI_M_2021-12_000000000000000001be,0.36147765018628025,1.5780153306243072,447,12,Dry,2021,2021-12,"{""type"":""MultiPoint"",""coordinates"":[]}"
VHI_M_2021-12_000000000000000001bf,0.21406403531944349,1.0051714959312494,448,12,Dry,2021,2021-12,"{""type"":""MultiPoint"",""coordinates"":[]}"
VHI_M_2021-12_000000000000000001c0,0.26965043145766726,1.1228692378874734,449,12,Dry,2021,2021-12,"{""type"":""MultiPoint"",""coordinates"":[]}"
VHI_M_2021-12_00000000000000000006,0.4853665280869388,2.3911980440097795,7,12,Dry,2021,2021-12,"{""type"":""MultiPoint"",""coordinates"":[]}"
VHI_M_2021-12_0000000000000000002c,0.4205006679543699,1.9782601367074977,45,12,Dry,2021,2021-12,"{""type"":""MultiPoint"",""coordinates"":[]}"
VHI_M_2021-12_0000000000000000002d,0.3088721413624889,1.3351428021502787,46,12,Dry,2021,2021-12,"{""type"":""MultiPoint"",""coordinates"":[]}"
VHI_M_2021-12_0000000000000000002e,0.4483447537425087,2.163680484914183,47,12,Dry,2021,2021-12,"{""type"":""MultiPoint"",""coordinates"":[]}"
VHI_M_2021-12_0000000000000000002f,0.3490578215554605,1.5298778049589563,48,12,Dry,2021,2021-12,"{""type"":""MultiPoint"",""coordinates"":[]}"
VHI_M_2021-12_0000000000000000009b,0.4351133462229609,2.0786744665292822,156,12,Dry,2021,2021-12,"{""type"":""MultiPoint"",""coordinates"":[]}"
VHI_M_2021-12_0000000000000000009c,0.37730652742594645,1.6771682774650738,157,12,Dry,2021,2021-12,"{""type"":""MultiPoint"",""coordinates"":[]}"
VHI_M_2021-12_0000000000000000009d,0.4195556446670043,1.9734658769752522,158,12,Dry,2021,2021-12,"{""type"":""MultiPoint"",""coordinates"":[]}"
VHI_M_2021-12_000000000000000001b6,0.3782639305076058,1.6061905994600798,439,12,Dry,2021,2021-12,"{""type"":""MultiPoint"",""coordinates"":[]}"
VHI_M_2021-12_000000000000000001b7,0.4547441609272124,2.198432996774377,440,12,Dry,2021,2021-12,"{""type"":""MultiPoint"",""coordinates"":[]}"
VHI_M_2021-12_000000000000000001b8,0.40034291186204224,1.8450521889961873,441,12,Dry,2021,2021-12,"{""type"":""MultiPoint"",""coordinates"":[]}"
VHI_M_2021-12_000000000000000001b9,0.40131212757048007,1.8328000750897857,442,12,Dry,2021,2021-12,"{""type"":""MultiPoint"",""coordinates"":[]}"
VHI_M_2021-12_000000000000000001ba,0.4073163941142089,1.8696607949896884,443,12,Dry,2021,2021-12,"{""type"":""MultiPoint"",""coordinates"":[]}"
VHI_M_2021-12_000000000000000001bb,0.414202940701847,1.9131466028037893,444,12,Dry,2021,2021-12,"{""type"":""MultiPoint"",""coordinates"":[]}"
VHI_M_2021-12_00000000000000000221,0.42804567780768205,2.0,546,12,Dry,2021,2021-12,"{""type"":""MultiPoint"",""coordinates"":[]}"
VHI_M_2021-12_00000000000000000222,0.36998151280037783,1.635609551738586,547,12,Dry,2021,2021-12,"{""type"":""MultiPoint"",""coordinates"":[]}"
VHI_M_2021-12_00000000000000000223,0.453256920226527,2.1879200680147823,548,12,Dry,2021,2021-12,"{""type"":""MultiPoint"",""coordinates"":[]}"
VHI_M_2021-12_00000000000000000224,0.4339828323720207,2.0884497378508047,549,12,Dry,2021,2021-12,"{""type"":""MultiPoint"",""coordinates"":[]}"
VHI_M_2021-12_00000000000000000225,0.40088805595084626,1.8414534310573918,550,12,Dry,2021,2021-12,"{""type"":""MultiPoint"",""coordinates"":[]}"
VHI_M_2021-12_00000000000000000053,0.23787282494075687,1.0276973630052408,84,12,Dry,2021,2021-12,"{""type"":""MultiPoint"",""coordinates"":[]}"
VHI_M_2021-12_00000000000000000054,0.28667825977982037,1.1621255637701893,85,12,Dry,2021,2021-12,"{""type"":""MultiPoint"",""coordinates"":[]}"
VHI_M_2021-12_00000000000000000055,0.2957658589230745,1.2990515708358032,86,12,Dry,2021,2021-12,"{""type"":""MultiPoint"",""coordinates"":[]}"
VHI_M_2021-12_00000000000000000056,0.3158116184003372,1.1781885865751929,87,12,Dry,2021,2021-12,"{""type"":""MultiPoint"",""coordinates"":[]}"
VHI_M_2021-12_00000000000000000057,0.21387371052461146,1.0171404116593823,88,12,Dry,2021,2021-12,"{""type"":""MultiPoint"",""coordinates"":[]}"
VHI_M_2021-12_000000000000000000de,0.3870574292969939,1.7504002768366254,223,12,Dry,2021,2021-12,"{""type"":""MultiPoint"",""coordinates"":[]}"
VHI_M_2021-12_000000000000000000df,26.40228186056358,2.2315471513043863,224,12,Dry,2021,2021-12,"{""type"":""MultiPoint"",""coordinates"":[]}"
VHI_M_2021-12_000000000000000000e0,3.650704288998027,1.6449463289903585,225,12,Dry,2021,2021-12,"{""type"":""MultiPoint"",""coordinates"":[]}"
VHI_M_2021-12_000000000000000000e1,7.965718635341544,2.176849649657618,226,12,Dry,2021,2021-12,"{""type"":""MultiPoint"",""coordinates"":[]}"
VHI_M_2021-12_000000000000000000ff,0.341322749598315,1.349522487960167,256,12,Dry,2021,2021-12,"{""type"":""MultiPoint"",""coordinates"":[]}"
VHI_M_2021-12_0000000000000000011c,0.3566577746693592,1.613387258020539,285,12,Dry,2021,2021-12,"{""type"":""MultiPoint"",""coordinates"":[]}"
VHI_M_2021-12_0000000000000000011d,0.2969889332635766,1.172351273456346,286,12,Dry,2021,2021-12,"{""type"":""MultiPoint"",""coordinates"":[]}"
VHI_M_2021-12_0000000000000000011e,0.4024326045582629,1.846321477346951,287,12,Dry,2021,2021-12,"{""type"":""MultiPoint"",""coordinates"":[]}"
VHI_M_2021-12_0000000000000000011f,0.3784076249454943,1.7093163367561808,288,12,Dry,2021,2021-12,"{""type"":""MultiPoint"",""coordinates"":[]}"
VHI_M_2021-12_000000000000000001c4,8.6383638625684,2.1377770281814157,453,12,Dry,2021,2021-12,"{""type"":""MultiPoint"",""coordinates"":[]}"
VHI_M_2021-12_000000000000000001c5,0.45182167772463516,2.184835743591236,454,12,Dry,2021,2021-12,"{""type"":""MultiPoint"",""coordinates"":[]}"
VHI_M_2021-12_000000000000000001c6,0.3428913688696035,1.459607003622828,455,12,Dry,2021,2021-12,"{""type"":""MultiPoint"",""coordinates"":[]}"
VHI_M_2021-12_00000000000000000003,0.6425526264329525,2.130297583383263,4,12,Dry,2021,2021-12,"{""type"":""MultiPoint"",""coordinates"":[]}"
VHI_M_2021-12_0000000000000000001b,12.032939125686978,1.8183215130023642,28,12,Dry,2021,2021-12,"{""type"":""MultiPoint"",""coordinates"":[]}"
VHI_M_2021-12_00000000000000000186,64.22020523118397,2.7993953405655345,391,12,Dry,2021,2021-12,"{""type"":""MultiPoint"",""coordinates"":[]}"
VHI_M_2021-12_00000000000000000187,0.4079982493838873,1.9417894568084766,392,12,Dry,2021,2021-12,"{""type"":""MultiPoint"",""coordinates"":[]}"
VHI_M_2021-12_00000000000000000188,2.7001352311281233,2.2834249494458247,393,12,Dry,2021,2021-12,"{""type"":""MultiPoint"",""coordinates"":[]}"
VHI_M_2021-12_00000000000000000189,3.4596600026834143,2.1995741706892913,394,12,Dry,2021,2021-12,"{""type"":""MultiPoint"",""coordinates"":[]}"
VHI_M_2021-12_0000000000000000018a,0.4543755816404952,2.304134548002803,395,12,Dry,2021,2021-12,"{""type"":""MultiPoint"",""coordinates"":[]}"
VHI_M_2021-12_0000000000000000018f,0.26881469789594886,1.3173162939297127,400,12,Dry,2021,2021-12,"{""type"":""MultiPoint"",""coordinates"":[]}"
VHI_M_2021-12_00000000000000000190,0.4438494883503721,2.173353177170958,401,12,Dry,2021,2021-12,"{""type"":""MultiPoint"",""coordinates"":[]}"
VHI_M_2021-12_0000000000000000021e,0.4597590089871649,2.0962947672618437,543,12,Dry,2021,2021-12,"{""type"":""MultiPoint"",""coordinates"":[]}"
VHI_M_2021-12_0000000000000000021f,0.5164320942052186,1.883771419528678,544,12,Dry,2021,2021-12,"{""type"":""MultiPoint"",""coordinates"":[]}"
VHI_M_2021-12_00000000000000000220,0.37196924457434555,1.6709193397987652,545,12,Dry,2021,2021-12,"{""type"":""MultiPoint"",""coordinates"":[]}"
VHI_M_2021-12_00000000000000000007,0.4279218079646991,2.0450252112776077,8,12,Dry,2021,2021-12,"{""type"":""MultiPoint"",""coordinates"":[]}"
VHI_M_2021-12_0000000000000000000b,0.48291065502527725,2.439197308339342,12,12,Dry,2021,2021-12,"{""type"":""MultiPoint"",""coordinates"":[]}"
VHI_M_2021-12_00000000000000000012,0.40351397003680045,1.8873198213568085,19,12,Dry,2021,2021-12,"{""type"":""MultiPoint"",""coordinates"":[]}"
VHI_M_2021-12_00000000000000000013,0.39019910789643536,1.828540537976372,20,12,Dry,2021,2021-12,"{""type"":""MultiPoint"",""coordinates"":[]}"
VHI_M_2021-12_00000000000000000014,0.34936938416980834,1.661717184773477,21,12,Dry,2021,2021-12,"{""type"":""MultiPoint"",""coordinates"":[]}"
VHI_M_2021-12_00000000000000000015,0.3877840410411706,1.7956133714593452,22,12,Dry,2021,2021-12,"{""type"":""MultiPoint"",""coordinates"":[]}"
VHI_M_2021-12_00000000000000000016,0.33964850520447853,1.4644586914527276,23,12,Dry,2021,2021-12,"{""type"":""MultiPoint"",""coordinates"":[]}"
VHI_M_2021-12_00000000000000000183,0.41697495680228946,2.0053461863409088,388,12,Dry,2021,2021-12,"{""type"":""MultiPoint"",""coordinates"":[]}"
VHI_M_2021-12_00000000000000000184,0.4121243797920481,1.9413037829097755,389,12,Dry,2021,2021-12,"{""type"":""MultiPoint"",""coordinates"":[]}"
VHI_M_2021-12_00000000000000000185,4.778337389055569,1.7244707398165071,390,12,Dry,2021,2021-12,"{""type"":""MultiPoint"",""coordinates"":[]}"
VHI_M_2021-12_00000000000000000212,0.20265146411383747,1.0,531,12,Dry,2021,2021-12,"{""type"":""MultiPoint"",""coordinates"":[]}"
VHI_M_2021-12_00000000000000000213,0.4344017185645404,2.087730985196529,532,12,Dry,2021,2021-12,"{""type"":""MultiPoint"",""coordinates"":[]}"
VHI_M_2021-12_00000000000000000214,0.37613251336906234,1.7524856366740738,533,12,Dry,2021,2021-12,"{""type"":""MultiPoint"",""coordinates"":[]}"
VHI_M_2021-12_00000000000000000215,0.37147690003916556,1.6720186129400625,534,12,Dry,2021,2021-12,"{""type"":""MultiPoint"",""coordinates"":[]}"
VHI_M_2021-12_0000000000000000005a,74.97162245541989,2.886918308090716,91,12,Dry,2021,2021-12,"{""type"":""MultiPoint"",""coordinates"":[]}"
VHI_M_2021-12_00000000000000000118,53.06678269598607,3.367326031607336,281,12,Dry,2021,2021-12,"{""type"":""MultiPoint"",""coordinates"":[]}"
VHI_M_2021-12_00000000000000000119,8.241306431167414,1.9097474999366004,282,12,Dry,2021,2021-12,"{""type"":""MultiPoint"",""coordinates"":[]}"
VHI_M_2021-12_0000000000000000011a,3.653243629470032,1.8592825344771389,283,12,Dry,2021,2021-12,"{""type"":""MultiPoint"",""coordinates"":[]}"
VHI_M_2021-12_0000000000000000011b,0.5556531158896253,3.0008927958244627,284,12,Dry,2021,2021-12,"{""type"":""MultiPoint"",""coordinates"":[]}"
VHI_M_2021-12_00000000000000000141,9.959701654154879,1.8108596340513676,322,12,Dry,2021,2021-12,"{""type"":""MultiPoint"",""coordinates"":[]}"
VHI_M_2021-12_00000000000000000142,54.237406845055744,3.2490958315249956,323,12,Dry,2021,2021-12,"{""type"":""MultiPoint"",""coordinates"":[]}"
VHI_M_2021-12_00000000000000000143,13.578634188470097,2.507312496198704,324,12,Dry,2021,2021-12,"{""type"":""MultiPoint"",""coordinates"":[]}"
VHI_M_2021-12_00000000000000000144,49.60586053788681,3.0052704862215034,325,12,Dry,2021,2021-12,"{""type"":""MultiPoint"",""coordinates"":[]}"
VHI_M_2021-12_00000000000000000145,34.94141002420424,2.528117678874744,326,12,Dry,2021,2021-12,"{""type"":""MultiPoint"",""coordinates"":[]}"
VHI_M_2021-12_000000000000000001af,85.71606834631356,2.556873315363881,432,12,Dry,2021,2021-12,"{""type"":""MultiPoint"",""coordinates"":[]}"
VHI_M_2021-12_0000000000000000004b,0.4264229072847355,2.213454692259698,76,12,Dry,2021,2021-12,"{""type"":""MultiPoint"",""coordinates"":[]}"
VHI_M_2021-12_0000000000000000004c,0.42801294912865545,2.2485628371805073,77,12,Dry,2021,2021-12,"{""type"":""MultiPoint"",""coordinates"":[]}"
VHI_M_2021-12_0000000000000000004d,0.40984253560820194,1.886979381970023,78,12,Dry,2021,2021-12,"{""type"":""MultiPoint"",""coordinates"":[]}"
VHI_M_2021-12_0000000000000000004e,0.3995313509113698,1.83043326405231,79,12,Dry,2021,2021-12,"{""type"":""MultiPoint"",""coordinates"":[]}"
VHI_M_2021-12_0000000000000000004f,0.4225106135379749,2.0301205885550866,80,12,Dry,2021,2021-12,"{""type"":""MultiPoint"",""coordinates"":[]}"
VHI_M_2021-12_00000000000000000050,0.36531964099959313,1.5427266797129806,81,12,Dry,2021,2021-12,"{""type"":""MultiPoint"",""coordinates"":[]}"
VHI_M_2021-12_00000000000000000051,0.3812700876781597,1.5804749340369395,82,12,Dry,2021,2021-12,"{""type"":""MultiPoint"",""coordinates"":[]}"
VHI_M_2021-12_00000000000000000052,0.41142126243266824,1.9774820880245654,83,12,Dry,2021,2021-12,"{""type"":""MultiPoint"",""coordinates"":[]}"
VHI_M_2021-12_000000000000000000aa,0.33977580844767585,1.4004059415075194,171,12,Dry,2021,2021-12,"{""type"":""MultiPoint"",""coordinates"":[]}"
VHI_M_2021-12_000000000000000000ab,0.4456474841486077,2.126581678169371,172,12,Dry,2021,2021-12,"{""type"":""MultiPoint"",""coordinates"":[]}"
VHI_M_2021-12_000000000000000000ac,0.42583099701442356,2.0314730539859545,173,12,Dry,2021,2021-12,"{""type"":""MultiPoint"",""coordinates"":[]}"
VHI_M_2021-12_000000000000000000ad,0.4523707226389309,2.1850635518764343,174,12,Dry,2021,2021-12,"{""type"":""MultiPoint"",""coordinates"":[]}"
VHI_M_2021-12_000000000000000000ae,0.44881321448441586,2.1181968114348546,175,12,Dry,2021,2021-12,"{""type"":""MultiPoint"",""coordinates"":[]}"
VHI_M_2021-12_000000000000000000af,0.32320748860025916,1.3668305837563453,176,12,Dry,2021,2021-12,"{""type"":""MultiPoint"",""coordinates"":[]}"
VHI_M_2021-12_000000000000000000b0,0.6118865374305826,3.351743727315765,177,12,Dry,2021,2021-12,"{""type"":""MultiPoint"",""coordinates"":[]}"
VHI_M_2021-12_000000000000000001c7,0.37582159468000653,1.5846305905609093,456,12,Dry,2021,2021-12,"{""type"":""MultiPoint"",""coordinates"":[]}"
VHI_M_2021-12_000000000000000001c8,0.40692484961984177,1.899969646374506,457,12,Dry,2021,2021-12,"{""type"":""MultiPoint"",""coordinates"":[]}"
VHI_M_2021-12_000000000000000001c9,0.3971033429546931,1.834328731577089,458,12,Dry,2021,2021-12,"{""type"":""MultiPoint"",""coordinates"":[]}"
VHI_M_2021-12_000000000000000001ca,0.4073252334754892,2.003222607833415,459,12,Dry,2021,2021-12,"{""type"":""MultiPoint"",""coordinates"":[]}"
VHI_M_2021-12_0000000000000000020a,0.46190555126915234,2.1533340232501987,523,12,Dry,2021,2021-12,"{""type"":""MultiPoint"",""coordinates"":[]}"
VHI_M_2021-12_0000000000000000020b,0.8272305927015196,2.179306767843145,524,12,Dry,2021,2021-12,"{""type"":""MultiPoint"",""coordinates"":[]}"
VHI_M_2021-12_0000000000000000020c,0.49972164846177336,2.5100414572746743,525,12,Dry,2021,2021-12,"{""type"":""MultiPoint"",""coordinates"":[]}"
VHI_M_2021-12_000000000000000001ab,0.47239789382352276,2.4517238414581715,428,12,Dry,2021,2021-12,"{""type"":""MultiPoint"",""coordinates"":[]}"
VHI_M_2021-12_000000000000000001ac,0.4014900926110898,1.8634903025898013,429,12,Dry,2021,2021-12,"{""type"":""MultiPoint"",""coordinates"":[]}"
VHI_M_2021-12_000000000000000001ad,8.036876894926495,2.6560860394986823,430,12,Dry,2021,2021-12,"{""type"":""MultiPoint"",""coordinates"":[]}"
VHI_M_2021-12_000000000000000001ae,45.417920310650544,2.671305199753257,431,12,Dry,2021,2021-12,"{""type"":""MultiPoint"",""coordinates"":[]}"
VHI_M_2021-12_000000000000000001c3,38.99146433785617,2.7237246203719505,452,12,Dry,2021,2021-12,"{""type"":""MultiPoint"",""coordinates"":[]}"
VHI_M_2021-12_00000000000000000037,0.405747251221106,1.8715465556265876,56,12,Dry,2021,2021-12,"{""type"":""MultiPoint"",""coordinates"":[]}"
VHI_M_2021-12_00000000000000000038,0.42411942201342817,2.001308791509512,57,12,Dry,2021,2021-12,"{""type"":""MultiPoint"",""coordinates"":[]}"
VHI_M_2021-12_00000000000000000039,0.3304152999449496,1.5511258932985752,58,12,Dry,2021,2021-12,"{""type"":""MultiPoint"",""coordinates"":[]}"
VHI_M_2021-12_0000000000000000003a,0.4039049214831023,1.8584280946556122,59,12,Dry,2021,2021-12,"{""type"":""MultiPoint"",""coordinates"":[]}"
VHI_M_2021-12_0000000000000000003b,0.4058712013859711,1.9081863840477438,60,12,Dry,2021,2021-12,"{""type"":""MultiPoint"",""coordinates"":[]}"
VHI_M_2021-12_0000000000000000003c,0.5533406692138116,2.859093526363412,61,12,Dry,2021,2021-12,"{""type"":""MultiPoint"",""coordinates"":[]}"
VHI_M_2021-12_0000000000000000003d,0.5477992772957034,2.8123494869209322,62,12,Dry,2021,2021-12,"{""type"":""MultiPoint"",""coordinates"":[]}"
VHI_M_2021-12_0000000000000000003e,10.419912661961053,2.5720378880735826,63,12,Dry,2021,2021-12,"{""type"":""MultiPoint"",""coordinates"":[]}"
VHI_M_2021-12_0000000000000000003f,0.4796213050849091,2.4064863524452216,64,12,Dry,2021,2021-12,"{""type"":""MultiPoint"",""coordinates"":[]}"
VHI_M_2021-12_00000000000000000044,0.48203720800319383,2.409688696520726,69,12,Dry,2021,2021-12,"{""type"":""MultiPoint"",""coordinates"":[]}"
VHI_M_2021-12_00000000000000000076,0.5138704075217159,2.6306269729493477,119,12,Dry,2021,2021-12,"{""type"":""MultiPoint"",""coordinates"":[]}"
VHI_M_2021-12_00000000000000000077,5.793890059804944,2.48547048997773,120,12,Dry,2021,2021-12,"{""type"":""MultiPoint"",""coordinates"":[]}"
VHI_M_2021-12_00000000000000000078,0.46220443622395124,2.2359146312666627,121,12,Dry,2021,2021-12,"{""type"":""MultiPoint"",""coordinates"":[]}"
VHI_M_2021-12_00000000000000000079,0.5173295276325011,2.5824628046850266,122,12,Dry,2021,2021-12,"{""type"":""MultiPoint"",""coordinates"":[]}"
VHI_M_2021-12_0000000000000000008b,0.30653948915748064,1.4984757505773671,140,12,Dry,2021,2021-12,"{""type"":""MultiPoint"",""coordinates"":[]}"
VHI_M_2021-12_0000000000000000008c,4.31873763677951,2.3798412679967917,141,12,Dry,2021,2021-12,"{""type"":""MultiPoint"",""coordinates"":[]}"
VHI_M_2021-12_0000000000000000008d,27.028988815996378,2.7895332780999733,142,12,Dry,2021,2021-12,"{""type"":""MultiPoint"",""coordinates"":[]}"
VHI_M_2021-12_0000000000000000008e,0.6061555785088617,3.182949364535001,143,12,Dry,2021,2021-12,"{""type"":""MultiPoint"",""coordinates"":[]}"
VHI_M_2021-12_0000000000000000008f,0.598554756317644,3.160060975609755,144,12,Dry,2021,2021-12,"{""type"":""MultiPoint"",""coordinates"":[]}"
VHI_M_2021-12_00000000000000000090,1.499026833724119,2.580679785330945,145,12,Dry,2021,2021-12,"{""type"":""MultiPoint"",""coordinates"":[]}"
VHI_M_2021-12_00000000000000000091,0.5577766465740941,2.865136309635464,146,12,Dry,2021,2021-12,"{""type"":""MultiPoint"",""coordinates"":[]}"
VHI_M_2021-12_000000000000000000b5,36.10204117066322,2.926813959327141,182,12,Dry,2021,2021-12,"{""type"":""MultiPoint"",""coordinates"":[]}"
VHI_M_2021-12_000000000000000000cc,8.887072578067432,2.652744564470466,205,12,Dry,2021,2021-12,"{""type"":""MultiPoint"",""coordinates"":[]}"
VHI_M_2021-12_000000000000000000cd,0.7424357120928204,2.2009769152023804,206,12,Dry,2021,2021-12,"{""type"":""MultiPoint"",""coordinates"":[]}"
VHI_M_2021-12_000000000000000001dd,0.5046080842884286,2.59459373509302,478,12,Dry,2021,2021-12,"{""type"":""MultiPoint"",""coordinates"":[]}"
VHI_M_2021-12_000000000000000001de,0.5687850619362904,3.0573127262993274,479,12,Dry,2021,2021-12,"{""type"":""MultiPoint"",""coordinates"":[]}"
VHI_M_2021-12_000000000000000001df,0.45218460358445833,2.1834426120384083,480,12,Dry,2021,2021-12,"{""type"":""MultiPoint"",""coordinates"":[]}"
VHI_M_2021-12_000000000000000001e0,0.6067204714611942,3.220175577887168,481,12,Dry,2021,2021-12,"{""type"":""MultiPoint"",""coordinates"":[]}"
VHI_M_2021-12_000000000000000001e1,0.5694648441844813,2.9161799286960486,482,12,Dry,2021,2021-12,"{""type"":""MultiPoint"",""coordinates"":[]}"
VHI_M_2021-12_0000000000000000007a,0.48613267420376755,2.320627802690583,123,12,Dry,2021,2021-12,"{""type"":""MultiPoint"",""coordinates"":[]}"
VHI_M_2021-12_0000000000000000007b,0.43204019199228166,2.0595915348731366,124,12,Dry,2021,2021-12,"{""type"":""MultiPoint"",""coordinates"":[]}"
VHI_M_2021-12_0000000000000000007c,0.5028149236986856,2.5621468671995378,125,12,Dry,2021,2021-12,"{""type"":""MultiPoint"",""coordinates"":[]}"
VHI_M_2021-12_0000000000000000007d,0.535634392902649,2.781811882220051,126,12,Dry,2021,2021-12,"{""type"":""MultiPoint"",""coordinates"":[]}"
VHI_M_2021-12_0000000000000000007e,19.418487542918893,2.9010693406842156,127,12,Dry,2021,2021-12,"{""type"":""MultiPoint"",""coordinates"":[]}"
VHI_M_2021-12_0000000000000000007f,14.764662050256957,2.84194418250699,128,12,Dry,2021,2021-12,"{""type"":""MultiPoint"",""coordinates"":[]}"
VHI_M_2021-12_00000000000000000080,0.5062969752002566,2.5690737280067695,129,12,Dry,2021,2021-12,"{""type"":""MultiPoint"",""coordinates"":[]}"
VHI_M_2021-12_00000000000000000088,4.5401823863976984,2.68574965627799,137,12,Dry,2021,2021-12,"{""type"":""MultiPoint"",""coordinates"":[]}"
VHI_M_2021-12_00000000000000000089,0.590244451105042,3.148648784559836,138,12,Dry,2021,2021-12,"{""type"":""MultiPoint"",""coordinates"":[]}"
VHI_M_2021-12_0000000000000000008a,0.5623229845536197,2.948670231097193,139,12,Dry,2021,2021-12,"{""type"":""MultiPoint"",""coordinates"":[]}"
VHI_M_2021-12_00000000000000000099,0.545364360723002,2.552326192055269,154,12,Dry,2021,2021-12,"{""type"":""MultiPoint"",""coordinates"":[]}"
VHI_M_2021-12_0000000000000000009a,6.003731364193117,2.5416006003957112,155,12,Dry,2021,2021-12,"{""type"":""MultiPoint"",""coordinates"":[]}"
VHI_M_2021-12_00000000000000000112,0.6984372506685769,3.7733882972632555,275,12,Dry,2021,2021-12,"{""type"":""MultiPoint"",""coordinates"":[]}"
VHI_M_2021-12_000000000000000001d8,0.4491683409986474,2.2847050715065187,473,12,Dry,2021,2021-12,"{""type"":""MultiPoint"",""coordinates"":[]}"
VHI_M_2021-12_00000000000000000001,0.5261917526469865,2.723476702508961,2,12,Dry,2021,2021-12,"{""type"":""MultiPoint"",""coordinates"":[]}"
VHI_M_2021-12_00000000000000000030,0.3456891029696933,1.5480270219753829,49,12,Dry,2021,2021-12,"{""type"":""MultiPoint"",""coordinates"":[]}"
VHI_M_2021-12_00000000000000000031,0.2827787358443718,1.2766094076095664,50,12,Dry,2021,2021-12,"{""type"":""MultiPoint"",""coordinates"":[]}"
VHI_M_2021-12_00000000000000000032,0.3278454544288858,1.4318450079368308,51,12,Dry,2021,2021-12,"{""type"":""MultiPoint"",""coordinates"":[]}"
VHI_M_2021-12_000000000000000000d7,0.3195239341175415,1.369308811818484,216,12,Dry,2021,2021-12,"{""type"":""MultiPoint"",""coordinates"":[]}"
VHI_M_2021-12_000000000000000000d8,0.33362726295504397,1.407584748857251,217,12,Dry,2021,2021-12,"{""type"":""MultiPoint"",""coordinates"":[]}"
VHI_M_2021-12_000000000000000000d9,0.3001058382618467,1.2820535886176323,218,12,Dry,2021,2021-12,"{""type"":""MultiPoint"",""coordinates"":[]}"
VHI_M_2021-12_000000000000000000da,0.3762070834767306,1.6865814696485637,219,12,Dry,2021,2021-12,"{""type"":""MultiPoint"",""coordinates"":[]}"
VHI_M_2021-12_00000000000000000132,0.38125977473091,1.7006316954529879,307,12,Dry,2021,2021-12,"{""type"":""MultiPoint"",""coordinates"":[]}"
VHI_M_2021-12_00000000000000000133,81.61858726708002,2.7535718367813473,308,12,Dry,2021,2021-12,"{""type"":""MultiPoint"",""coordinates"":[]}"
VHI_M_2021-12_00000000000000000134,0.43786629132236665,2.1009478828609423,309,12,Dry,2021,2021-12,"{""type"":""MultiPoint"",""coordinates"":[]}"
VHI_M_2021-12_00000000000000000135,24.573233371934087,2.6827264018313706,310,12,Dry,2021,2021-12,"{""type"":""MultiPoint"",""coordinates"":[]}"
VHI_M_2021-12_0000000000000000001f,0.3357932974251232,1.4929900569685082,32,12,Dry,2021,2021-12,"{""type"":""MultiPoint"",""coordinates"":[]}"
VHI_M_2021-12_00000000000000000020,0.367220229560889,1.6464118711886793,33,12,Dry,2021,2021-12,"{""type"":""MultiPoint"",""coordinates"":[]}"
VHI_M_2021-12_00000000000000000021,0.3034323201082558,1.3243504072524794,34,12,Dry,2021,2021-12,"{""type"":""MultiPoint"",""coordinates"":[]}"
VHI_M_2021-12_00000000000000000045,0.28533274465874947,1.2364206432930518,70,12,Dry,2021,2021-12,"{""type"":""MultiPoint"",""coordinates"":[]}"
VHI_M_2021-12_00000000000000000046,0.28645686168871215,1.2481923707158324,71,12,Dry,2021,2021-12,"{""type"":""MultiPoint"",""coordinates"":[]}"
VHI_M_2021-12_00000000000000000047,0.29474663868380757,1.2595141902979183,72,12,Dry,2021,2021-12,"{""type"":""MultiPoint"",""coordinates"":[]}"
VHI_M_2021-12_00000000000000000048,0.35376404738483996,1.5880199385080045,73,12,Dry,2021,2021-12,"{""type"":""MultiPoint"",""coordinates"":[]}"
VHI_M_2021-12_00000000000000000072,0.3551007219977918,1.5863859146615837,115,12,Dry,2021,2021-12,"{""type"":""MultiPoint"",""coordinates"":[]}"
VHI_M_2021-12_00000000000000000073,0.3602505048824393,1.5549946771028464,116,12,Dry,2021,2021-12,"{""type"":""MultiPoint"",""coordinates"":[]}"
VHI_M_2021-12_00000000000000000074,0.3786165971882903,1.7267498532751533,117,12,Dry,2021,2021-12,"{""type"":""MultiPoint"",""coordinates"":[]}"
VHI_M_2021-12_00000000000000000075,0.39638453823998504,1.8358957240914415,118,12,Dry,2021,2021-12,"{""type"":""MultiPoint"",""coordinates"":[]}"
VHI_M_2021-12_000000000000000000b4,0.3714931147265295,1.7704720723933491,181,12,Dry,2021,2021-12,"{""type"":""MultiPoint"",""coordinates"":[]}"
VHI_M_2021-12_000000000000000000e8,0.3456396692081277,1.5338320299217945,233,12,Dry,2021,2021-12,"{""type"":""MultiPoint"",""coordinates"":[]}"
VHI_M_2021-12_000000000000000000e9,0.28098161059119636,1.2399907217631692,234,12,Dry,2021,2021-12,"{""type"":""MultiPoint"",""coordinates"":[]}"
VHI_M_2021-12_000000000000000000ea,0.29293289893219493,1.2998989069900824,235,12,Dry,2021,2021-12,"{""type"":""MultiPoint"",""coordinates"":[]}"
VHI_M_2021-12_00000000000000000022,0.4139329099162329,1.9414522149447158,35,12,Dry,2021,2021-12,"{""type"":""MultiPoint"",""coordinates"":[]}"
VHI_M_2021-12_00000000000000000023,0.39225803375816376,1.7673504185065128,36,12,Dry,2021,2021-12,"{""type"":""MultiPoint"",""coordinates"":[]}"
VHI_M_2021-12_00000000000000000024,0.36385832759738407,1.6046470648245759,37,12,Dry,2021,2021-12,"{""type"":""MultiPoint"",""coordinates"":[]}"
VHI_M_2021-12_00000000000000000025,0.3726041303093783,1.6862799003174265,38,12,Dry,2021,2021-12,"{""type"":""MultiPoint"",""coordinates"":[]}"
VHI_M_2021-12_000000000000000000f0,0.42529718993855403,2.0061434495469204,241,12,Dry,2021,2021-12,"{""type"":""MultiPoint"",""coordinates"":[]}"
VHI_M_2021-12_000000000000000000f4,0.262640426080189,1.2255701794884548,245,12,Dry,2021,2021-12,"{""type"":""MultiPoint"",""coordinates"":[]}"
VHI_M_2021-12_000000000000000000f5,0.33476203469127963,1.4939938536172823,246,12,Dry,2021,2021-12,"{""type"":""MultiPoint"",""coordinates"":[]}"
VHI_M_2021-12_000000000000000000f6,0.3263062563665736,1.450336036264216,247,12,Dry,2021,2021-12,"{""type"":""MultiPoint"",""coordinates"":[]}"
VHI_M_2021-12_000000000000000000f7,0.4334399757486003,2.0692498903348437,248,12,Dry,2021,2021-12,"{""type"":""MultiPoint"",""coordinates"":[]}"
VHI_M_2021-12_000000000000000000f8,0.3503722716491548,1.545945808628145,249,12,Dry,2021,2021-12,"{""type"":""MultiPoint"",""coordinates"":[]}"
VHI_M_2021-12_00000000000000000000,0.3877483501470631,1.785243117272979,1,12,Dry,2021,2021-12,"{""type"":""MultiPoint"",""coordinates"":[]}"
VHI_M_2021-12_000000000000000000f2,0.27158137025358736,1.2071506201720392,243,12,Dry,2021,2021-12,"{""type"":""MultiPoint"",""coordinates"":[]}"
VHI_M_2021-12_000000000000000000f3,0.29115386438061325,1.279866294742427,244,12,Dry,2021,2021-12,"{""type"":""MultiPoint"",""coordinates"":[]}"
VHI_M_2021-12_00000000000000000106,0.4192925825132415,1.9791625718766335,263,12,Dry,2021,2021-12,"{""type"":""MultiPoint"",""coordinates"":[]}"
VHI_M_2021-12_00000000000000000107,0.3622409783278295,1.6214874167701165,264,12,Dry,2021,2021-12,"{""type"":""MultiPoint"",""coordinates"":[]}"
VHI_M_2021-12_00000000000000000108,0.33914046426277944,1.481440298746122,265,12,Dry,2021,2021-12,"{""type"":""MultiPoint"",""coordinates"":[]}"
VHI_M_2021-12_0000000000000000012c,0.4571093784141517,2.234112287623939,301,12,Dry,2021,2021-12,"{""type"":""MultiPoint"",""coordinates"":[]}"
VHI_M_2021-12_0000000000000000012d,0.3626988787310063,1.6390152422258157,302,12,Dry,2021,2021-12,"{""type"":""MultiPoint"",""coordinates"":[]}"
VHI_M_2021-12_0000000000000000012e,0.35457343879130815,1.6538663399884002,303,12,Dry,2021,2021-12,"{""type"":""MultiPoint"",""coordinates"":[]}"
VHI_M_2021-12_000000000000000000a5,0.31356410510388844,1.2858635142396557,166,12,Dry,2021,2021-12,"{""type"":""MultiPoint"",""coordinates"":[]}"
VHI_M_2021-12_000000000000000000a6,0.3185368132779539,1.2931938094802018,167,12,Dry,2021,2021-12,"{""type"":""MultiPoint"",""coordinates"":[]}"
VHI_M_2021-12_000000000000000000c1,45.796819275191986,2.4316042995406097,194,12,Dry,2021,2021-12,"{""type"":""MultiPoint"",""coordinates"":[]}"
VHI_M_2021-12_00000000000000000120,2.728128065429824,2.815493233967444,289,12,Dry,2021,2021-12,"{""type"":""MultiPoint"",""coordinates"":[]}"
VHI_M_2021-12_000000000000000001d9,5.43615421530753,1.8456184586851982,474,12,Dry,2021,2021-12,"{""type"":""MultiPoint"",""coordinates"":[]}"
VHI_M_2021-12_000000000000000001da,0.35583823091565486,1.5495079795445226,475,12,Dry,2021,2021-12,"{""type"":""MultiPoint"",""coordinates"":[]}"
VHI_M_2021-12_000000000000000001db,0.33061221106727184,1.3682935051552956,476,12,Dry,2021,2021-12,"{""type"":""MultiPoint"",""coordinates"":[]}"
VHI_M_2021-12_000000000000000001dc,0.3261667033418203,1.28009828009828,477,12,Dry,2021,2021-12,"{""type"":""MultiPoint"",""coordinates"":[]}"
VHI_M_2021-12_000000000000000001e2,54.51038267421055,2.2350465716530135,483,12,Dry,2021,2021-12,"{""type"":""MultiPoint"",""coordinates"":[]}"
VHI_M_2021-12_000000000000000001e3,4.48883368957277,2.2159171349157143,484,12,Dry,2021,2021-12,"{""type"":""MultiPoint"",""coordinates"":[]}"
VHI_M_2021-12_000000000000000001e4,80.499193636254,3.077619308831596,485,12,Dry,2021,2021-12,"{""type"":""MultiPoint"",""coordinates"":[]}"
VHI_M_2021-12_000000000000000001e5,26.58308225096155,2.355917159763315,486,12,Dry,2021,2021-12,"{""type"":""MultiPoint"",""coordinates"":[]}"
VHI_M_2021-12_000000000000000001e6,1.017986467595029,2.0345485760452435,487,12,Dry,2021,2021-12,"{""type"":""MultiPoint"",""coordinates"":[]}"
VHI_M_2021-12_000000000000000001e7,15.936017292062463,2.1754169850254423,488,12,Dry,2021,2021-12,"{""type"":""MultiPoint"",""coordinates"":[]}"
VHI_M_2021-12_000000000000000001e8,0.4547584469853778,2.1344915609402975,489,12,Dry,2021,2021-12,"{""type"":""MultiPoint"",""coordinates"":[]}"
VHI_M_2021-12_000000000000000001e9,58.68410797162577,2.8169631976602485,490,12,Dry,2021,2021-12,"{""type"":""MultiPoint"",""coordinates"":[]}"
VHI_M_2021-12_000000000000000000e2,0.47637698985502974,2.3417165924454553,227,12,Dry,2021,2021-12,"{""type"":""MultiPoint"",""coordinates"":[]}"
VHI_M_2021-12_000000000000000000e3,0.4338076487573611,2.083447628393597,228,12,Dry,2021,2021-12,"{""type"":""MultiPoint"",""coordinates"":[]}"
VHI_M_2021-12_000000000000000000e4,25.198436577580278,2.322663723325975,229,12,Dry,2021,2021-12,"{""type"":""MultiPoint"",""coordinates"":[]}"
VHI_M_2021-12_000000000000000000e5,1.1173146131717142,2.2181274236115742,230,12,Dry,2021,2021-12,"{""type"":""MultiPoint"",""coordinates"":[]}"
VHI_M_2021-12_000000000000000000e6,0.4413015688701929,2.0078304048892286,231,12,Dry,2021,2021-12,"{""type"":""MultiPoint"",""coordinates"":[]}"
VHI_M_2021-12_000000000000000000e7,0.5343164829688422,2.6554307116104874,232,12,Dry,2021,2021-12,"{""type"":""MultiPoint"",""coordinates"":[]}"
VHI_M_2021-12_0000000000000000017f,0.418729297210432,1.9551778102832702,384,12,Dry,2021,2021-12,"{""type"":""MultiPoint"",""coordinates"":[]}"
VHI_M_2021-12_00000000000000000180,0.3623084671349835,1.5974076596722442,385,12,Dry,2021,2021-12,"{""type"":""MultiPoint"",""coordinates"":[]}"
VHI_M_2021-12_00000000000000000203,0.4053301758595279,1.8580479349710122,516,12,Dry,2021,2021-12,"{""type"":""MultiPoint"",""coordinates"":[]}"
VHI_M_2021-12_00000000000000000204,0.33689951677689234,1.5076792292434122,517,12,Dry,2021,2021-12,"{""type"":""MultiPoint"",""coordinates"":[]}"
VHI_M_2021-12_00000000000000000205,0.45442868740647396,2.205018707016884,518,12,Dry,2021,2021-12,"{""type"":""MultiPoint"",""coordinates"":[]}"
VHI_M_2021-12_00000000000000000206,0.4711374212453779,2.325457590620887,519,12,Dry,2021,2021-12,"{""type"":""MultiPoint"",""coordinates"":[]}"
VHI_M_2021-12_00000000000000000207,0.49815433478101995,2.3879746835443028,520,12,Dry,2021,2021-12,"{""type"":""MultiPoint"",""coordinates"":[]}"
VHI_M_2021-12_00000000000000000208,0.42645095823508467,2.0024448066380205,521,12,Dry,2021,2021-12,"{""type"":""MultiPoint"",""coordinates"":[]}"
VHI_M_2021-12_00000000000000000209,0.565497157308662,2.8361779156969242,522,12,Dry,2021,2021-12,"{""type"":""MultiPoint"",""coordinates"":[]}"
VHI_M_2021-12_0000000000000000000e,0.49151959276144574,2.4613288328791376,15,12,Dry,2021,2021-12,"{""type"":""MultiPoint"",""coordinates"":[]}"
VHI_M_2021-12_00000000000000000124,0.45469699645694056,2.2322738386308068,293,12,Dry,2021,2021-12,"{""type"":""MultiPoint"",""coordinates"":[]}"
VHI_M_2021-12_00000000000000000125,13.505963746432364,2.4929031082467805,294,12,Dry,2021,2021-12,"{""type"":""MultiPoint"",""coordinates"":[]}"
VHI_M_2021-12_00000000000000000126,0.4252643671606433,1.993332246779629,295,12,Dry,2021,2021-12,"{""type"":""MultiPoint"",""coordinates"":[]}"
VHI_M_2021-12_00000000000000000127,0.5097139153145764,2.5698812184729243,296,12,Dry,2021,2021-12,"{""type"":""MultiPoint"",""coordinates"":[]}"
VHI_M_2021-12_00000000000000000128,0.38925490652136324,1.7877713779353122,297,12,Dry,2021,2021-12,"{""type"":""MultiPoint"",""coordinates"":[]}"
VHI_M_2021-12_00000000000000000129,0.4082471808222996,1.8758711557933705,298,12,Dry,2021,2021-12,"{""type"":""MultiPoint"",""coordinates"":[]}"
VHI_M_2021-12_0000000000000000012a,0.30031398045564406,1.2532538296135094,299,12,Dry,2021,2021-12,"{""type"":""MultiPoint"",""coordinates"":[]}"
VHI_M_2021-12_0000000000000000012b,0.2324941055592349,1.0303924889899818,300,12,Dry,2021,2021-12,"{""type"":""MultiPoint"",""coordinates"":[]}"
VHI_M_2021-12_00000000000000000174,0.22719283381675098,1.0145554066130473,373,12,Dry,2021,2021-12,"{""type"":""MultiPoint"",""coordinates"":[]}"
VHI_M_2021-12_00000000000000000175,0.2927101799235229,1.2117909444135107,374,12,Dry,2021,2021-12,"{""type"":""MultiPoint"",""coordinates"":[]}"
VHI_M_2021-12_00000000000000000176,0.27998547777247423,1.2461599791727687,375,12,Dry,2021,2021-12,"{""type"":""MultiPoint"",""coordinates"":[]}"
VHI_M_2021-12_00000000000000000177,0.31165441944875155,1.2882027846761377,376,12,Dry,2021,2021-12,"{""type"":""MultiPoint"",""coordinates"":[]}"
VHI_M_2021-12_00000000000000000195,0.4828869201803016,2.419926738604787,406,12,Dry,2021,2021-12,"{""type"":""MultiPoint"",""coordinates"":[]}"
VHI_M_2021-12_00000000000000000196,0.4488288693413407,2.109730214764307,407,12,Dry,2021,2021-12,"{""type"":""MultiPoint"",""coordinates"":[]}"
VHI_M_2021-12_00000000000000000197,3.2631186606806333,2.6186567110908077,408,12,Dry,2021,2021-12,"{""type"":""MultiPoint"",""coordinates"":[]}"
VHI_M_2021-12_00000000000000000198,0.36617292044602023,1.6242959576015794,409,12,Dry,2021,2021-12,"{""type"":""MultiPoint"",""coordinates"":[]}"
VHI_M_2021-12_00000000000000000199,0.46113789163744723,2.221948212083846,410,12,Dry,2021,2021-12,"{""type"":""MultiPoint"",""coordinates"":[]}"
VHI_M_2021-12_00000000000000000035,0.4828211860921209,2.4389403973509935,54,12,Dry,2021,2021-12,"{""type"":""MultiPoint"",""coordinates"":[]}"
VHI_M_2021-12_000000000000000000ce,0.41473221945998595,1.9338837258367445,207,12,Dry,2021,2021-12,"{""type"":""MultiPoint"",""coordinates"":[]}"
VHI_M_2021-12_000000000000000000cf,0.4396750428137441,2.0770819831497085,208,12,Dry,2021,2021-12,"{""type"":""MultiPoint"",""coordinates"":[]}"
VHI_M_2021-12_000000000000000000d0,3.286676819765462,2.437269392357522,209,12,Dry,2021,2021-12,"{""type"":""MultiPoint"",""coordinates"":[]}"
VHI_M_2021-12_000000000000000000d1,27.382924412771217,2.2732209120418827,210,12,Dry,2021,2021-12,"{""type"":""MultiPoint"",""coordinates"":[]}"
VHI_M_2021-12_000000000000000001ea,0.4516464484195708,2.1759741780265287,491,12,Dry,2021,2021-12,"{""type"":""MultiPoint"",""coordinates"":[]}"
VHI_M_2021-12_000000000000000001eb,0.47821524568902446,2.362842955864449,492,12,Dry,2021,2021-12,"{""type"":""MultiPoint"",""coordinates"":[]}"
VHI_M_2021-12_000000000000000001ec,0.4814141956390497,2.4075415004186995,493,12,Dry,2021,2021-12,"{""type"":""MultiPoint"",""coordinates"":[]}"
VHI_M_2021-12_000000000000000001ed,0.5046918117797002,2.5474336125884665,494,12,Dry,2021,2021-12,"{""type"":""MultiPoint"",""coordinates"":[]}"
VHI_M_2021-12_000000000000000001f4,8.92731422887895,2.5663037107868845,501,12,Dry,2021,2021-12,"{""type"":""MultiPoint"",""coordinates"":[]}"
VHI_M_2021-12_000000000000000001f5,0.5032880384152343,2.526741620258485,502,12,Dry,2021,2021-12,"{""type"":""MultiPoint"",""coordinates"":[]}"
VHI_M_2021-12_000000000000000001f6,0.5072324433066865,2.528571862794268,503,12,Dry,2021,2021-12,"{""type"":""MultiPoint"",""coordinates"":[]}"
VHI_M_2021-12_000000000000000001f7,50.232659202535686,3.0335658984729625,504,12,Dry,2021,2021-12,"{""type"":""MultiPoint"",""coordinates"":[]}"
VHI_M_2021-12_000000000000000001f8,0.5204842746903809,2.637151354075071,505,12,Dry,2021,2021-12,"{""type"":""MultiPoint"",""coordinates"":[]}"
VHI_M_2021-12_000000000000000001f9,0.5004060392005202,2.5438857370170753,506,12,Dry,2021,2021-12,"{""type"":""MultiPoint"",""coordinates"":[]}"
VHI_M_2021-12_000000000000000001fa,32.968575523322414,2.8381267977389872,507,12,Dry,2021,2021-12,"{""type"":""MultiPoint"",""coordinates"":[]}"
VHI_M_2021-12_000000000000000001fb,7.889382804736267,2.5850854549803812,508,12,Dry,2021,2021-12,"{""type"":""MultiPoint"",""coordinates"":[]}"
VHI_M_2021-12_000000000000000001fc,0.5057983018822566,2.43378427185076,509,12,Dry,2021,2021-12,"{""type"":""MultiPoint"",""coordinates"":[]}"
VHI_M_2021-12_000000000000000001fd,0.5177825958760068,2.6526906594302835,510,12,Dry,2021,2021-12,"{""type"":""MultiPoint"",""coordinates"":[]}"
VHI_M_2021-12_00000000000000000049,0.43828919400787625,2.1544588474152735,74,12,Dry,2021,2021-12,"{""type"":""MultiPoint"",""coordinates"":[]}"
VHI_M_2021-12_0000000000000000004a,37.271433536705196,2.65144784987079,75,12,Dry,2021,2021-12,"{""type"":""MultiPoint"",""coordinates"":[]}"
VHI_M_2021-12_000000000000000000fd,72.41008802330913,3.3782065553494096,254,12,Dry,2021,2021-12,"{""type"":""MultiPoint"",""coordinates"":[]}"
VHI_M_2021-12_000000000000000000fe,5.903058764037302,2.6185946135479456,255,12,Dry,2021,2021-12,"{""type"":""MultiPoint"",""coordinates"":[]}"
VHI_M_2021-12_00000000000000000191,0.4253821265116831,1.892626480086114,402,12,Dry,2021,2021-12,"{""type"":""MultiPoint"",""coordinates"":[]}"
VHI_M_2021-12_0000000000000000016e,23.777188908232645,2.569365692490828,367,12,Dry,2021,2021-12,"{""type"":""MultiPoint"",""coordinates"":[]}"
VHI_M_2021-12_0000000000000000016f,0.4234337364578352,1.9921497209407248,368,12,Dry,2021,2021-12,"{""type"":""MultiPoint"",""coordinates"":[]}"
VHI_M_2021-12_00000000000000000170,1.2880758340264777,2.124368487064975,369,12,Dry,2021,2021-12,"{""type"":""MultiPoint"",""coordinates"":[]}"
VHI_M_2021-12_00000000000000000181,35.81618856900652,2.722302809634145,386,12,Dry,2021,2021-12,"{""type"":""MultiPoint"",""coordinates"":[]}"
VHI_M_2021-12_00000000000000000182,0.44783679921284253,2.139775568564627,387,12,Dry,2021,2021-12,"{""type"":""MultiPoint"",""coordinates"":[]}"
VHI_M_2021-12_00000000000000000228,0.4690181540704142,2.2384474429451924,553,12,Dry,2021,2021-12,"{""type"":""MultiPoint"",""coordinates"":[]}"
